forecast_issue_time,forecast_state_date,lake_id,basin,variable,depth_m,unit,target_name,target_window_start,target_window_end,predicted_mean_temperature,target_climatology_mean,current_anomaly,model_identifier,model_version,is_valid_forecast,raw_beta,constrained_beta,beta_training_rows,n_distinct_beta_training_years,beta_training_years,beta_training_cases_sha256,availability_mode,availability_assumption
2008-01-08T00:00:00+00:00,2008-01-07,windermere,south,water_temperature,2.0,degC,month_1,2008-01-08,2008-02-06,,,,lead_dependent_anomaly_relaxation,1.0,False,,,0,0,,4f53cda18c2baa0c0354bb5f9a3ecbe5ed12ab4d8e11ba873c2f11161202b945,observation_time_proxy,historical data_available_time is unknown; observation_time is a pseudo-operational proxy
2008-01-08T00:00:00+00:00,2008-01-07,windermere,south,water_temperature,2.0,degC,month_2,2008-02-07,2008-03-07,,,,lead_dependent_anomaly_relaxation,1.0,False,,,0,0,,4f53cda18c2baa0c0354bb5f9a3ecbe5ed12ab4d8e11ba873c2f11161202b945,observation_time_proxy,historical data_available_time is unknown; observation_time is a pseudo-operational proxy
2008-01-08T00:00:00+00:00,2008-01-07,windermere,south,water_temperature,2.0,degC,month_3,2008-03-08,2008-04-06,,,,lead_dependent_anomaly_relaxation,1.0,False,,,0,0,,4f53cda18c2baa0c0354bb5f9a3ecbe5ed12ab4d8e11ba873c2f11161202b945,observation_time_proxy,historical data_available_time is unknown; observation_time is a pseudo-operational proxy
2008-01-15T00:00:00+00:00,2008-01-14,windermere,south,water_temperature,2.0,degC,month_1,2008-01-15,2008-02-13,,,,lead_dependent_anomaly_relaxation,1.0,False,,,0,0,,4f53cda18c2baa0c0354bb5f9a3ecbe5ed12ab4d8e11ba873c2f11161202b945,observation_time_proxy,historical data_available_time is unknown; observation_time is a pseudo-operational proxy
2008-01-15T00:00:00+00:00,2008-01-14,windermere,south,water_temperature,2.0,degC,month_2,2008-02-14,2008-03-14,,,,lead_dependent_anomaly_relaxation,1.0,False,,,0,0,,4f53cda18c2baa0c0354bb5f9a3ecbe5ed12ab4d8e11ba873c2f11161202b945,observation_time_proxy,historical data_available_time is unknown; observation_time is a pseudo-operational proxy
2008-01-15T00:00:00+00:00,2008-01-14,windermere,south,water_temperature,2.0,degC,month_3,2008-03-15,2008-04-13,,,,lead_dependent_anomaly_relaxation,1.0,False,,,0,0,,4f53cda18c2baa0c0354bb5f9a3ecbe5ed12ab4d8e11ba873c2f11161202b945,observation_time_proxy,historical data_available_time is unknown; observation_time is a pseudo-operational proxy
2008-01-22T00:00:00+00:00,2008-01-21,windermere,south,water_temperature,2.0,degC,month_1,2008-01-22,2008-02-20,,,,lead_dependent_anomaly_relaxation,1.0,False,,,0,0,,4f53cda18c2baa0c0354bb5f9a3ecbe5ed12ab4d8e11ba873c2f11161202b945,observation_time_proxy,historical data_available_time is unknown; observation_time is a pseudo-operational proxy
2008-01-22T00:00:00+00:00,2008-01-21,windermere,south,water_temperature,2.0,degC,month_2,2008-02-21,2008-03-21,,,,lead_dependent_anomaly_relaxation,1.0,False,,,0,0,,4f53cda18c2baa0c0354bb5f9a3ecbe5ed12ab4d8e11ba873c2f11161202b945,observation_time_proxy,historical data_available_time is unknown; observation_time is a pseudo-operational proxy
2008-01-22T00:00:00+00:00,2008-01-21,windermere,south,water_temperature,2.0,degC,month_3,2008-03-22,2008-04-20,,,,lead_dependent_anomaly_relaxation,1.0,False,,,0,0,,4f53cda18c2baa0c0354bb5f9a3ecbe5ed12ab4d8e11ba873c2f11161202b945,observation_time_proxy,historical data_available_time is unknown; observation_time is a pseudo-operational proxy
2008-01-29T00:00:00+00:00,2008-01-28,windermere,south,water_temperature,2.0,degC,month_1,2008-01-29,2008-02-27,,,,lead_dependent_anomaly_relaxation,1.0,False,,,0,0,,4f53cda18c2baa0c0354bb5f9a3ecbe5ed12ab4d8e11ba873c2f11161202b945,observation_time_proxy,historical data_available_time is unknown; observation_time is a pseudo-operational proxy
2008-01-29T00:00:00+00:00,2008-01-28,windermere,south,water_temperature,2.0,degC,month_2,2008-02-28,2008-03-28,,,,lead_dependent_anomaly_relaxation,1.0,False,,,0,0,,4f53cda18c2baa0c0354bb5f9a3ecbe5ed12ab4d8e11ba873c2f11161202b945,observation_time_proxy,historical data_available_time is unknown; observation_time is a pseudo-operational proxy
2008-01-29T00:00:00+00:00,2008-01-28,windermere,south,water_temperature,2.0,degC,month_3,2008-03-29,2008-04-27,,,,lead_dependent_anomaly_relaxation,1.0,False,,,0,0,,4f53cda18c2baa0c0354bb5f9a3ecbe5ed12ab4d8e11ba873c2f11161202b945,observation_time_proxy,historical data_available_time is unknown; observation_time is a pseudo-operational proxy
2008-02-05T00:00:00+00:00,2008-02-04,windermere,south,water_temperature,2.0,degC,month_1,2008-02-05,2008-03-05,,,,lead_dependent_anomaly_relaxation,1.0,False,,,0,0,,4f53cda18c2baa0c0354bb5f9a3ecbe5ed12ab4d8e11ba873c2f11161202b945,observation_time_proxy,historical data_available_time is unknown; observation_time is a pseudo-operational proxy
2008-02-05T00:00:00+00:00,2008-02-04,windermere,south,water_temperature,2.0,degC,month_2,2008-03-06,2008-04-04,,,,lead_dependent_anomaly_relaxation,1.0,False,,,0,0,,4f53cda18c2baa0c0354bb5f9a3ecbe5ed12ab4d8e11ba873c2f11161202b945,observation_time_proxy,historical data_available_time is unknown; observation_time is a pseudo-operational proxy
2008-02-05T00:00:00+00:00,2008-02-04,windermere,south,water_temperature,2.0,degC,month_3,2008-04-05,2008-05-04,,,,lead_dependent_anomaly_relaxation,1.0,False,,,0,0,,4f53cda18c2baa0c0354bb5f9a3ecbe5ed12ab4d8e11ba873c2f11161202b945,observation_time_proxy,historical data_available_time is unknown; observation_time is a pseudo-operational proxy
2008-02-12T00:00:00+00:00,2008-02-11,windermere,south,water_temperature,2.0,degC,month_1,2008-02-12,2008-03-12,,,,lead_dependent_anomaly_relaxation,1.0,False,,,0,0,,4f53cda18c2baa0c0354bb5f9a3ecbe5ed12ab4d8e11ba873c2f11161202b945,observation_time_proxy,historical data_available_time is unknown; observation_time is a pseudo-operational proxy
2008-02-12T00:00:00+00:00,2008-02-11,windermere,south,water_temperature,2.0,degC,month_2,2008-03-13,2008-04-11,,,,lead_dependent_anomaly_relaxation,1.0,False,,,0,0,,4f53cda18c2baa0c0354bb5f9a3ecbe5ed12ab4d8e11ba873c2f11161202b945,observation_time_proxy,historical data_available_time is unknown; observation_time is a pseudo-operational proxy
2008-02-12T00:00:00+00:00,2008-02-11,windermere,south,water_temperature,2.0,degC,month_3,2008-04-12,2008-05-11,,,,lead_dependent_anomaly_relaxation,1.0,False,,,0,0,,4f53cda18c2baa0c0354bb5f9a3ecbe5ed12ab4d8e11ba873c2f11161202b945,observation_time_proxy,historical data_available_time is unknown; observation_time is a pseudo-operational proxy
2008-02-19T00:00:00+00:00,2008-02-18,windermere,south,water_temperature,2.0,degC,month_1,2008-02-19,2008-03-19,,,,lead_dependent_anomaly_relaxation,1.0,False,,,0,0,,4f53cda18c2baa0c0354bb5f9a3ecbe5ed12ab4d8e11ba873c2f11161202b945,observation_time_proxy,historical data_available_time is unknown; observation_time is a pseudo-operational proxy
2008-02-19T00:00:00+00:00,2008-02-18,windermere,south,water_temperature,2.0,degC,month_2,2008-03-20,2008-04-18,,,,lead_dependent_anomaly_relaxation,1.0,False,,,0,0,,4f53cda18c2baa0c0354bb5f9a3ecbe5ed12ab4d8e11ba873c2f11161202b945,observation_time_proxy,historical data_available_time is unknown; observation_time is a pseudo-operational proxy
2008-02-19T00:00:00+00:00,2008-02-18,windermere,south,water_temperature,2.0,degC,month_3,2008-04-19,2008-05-18,,,,lead_dependent_anomaly_relaxation,1.0,False,,,0,0,,4f53cda18c2baa0c0354bb5f9a3ecbe5ed12ab4d8e11ba873c2f11161202b945,observation_time_proxy,historical data_available_time is unknown; observation_time is a pseudo-operational proxy
2008-02-26T00:00:00+00:00,2008-02-25,windermere,south,water_temperature,2.0,degC,month_1,2008-02-26,2008-03-26,,,,lead_dependent_anomaly_relaxation,1.0,False,,,0,0,,4f53cda18c2baa0c0354bb5f9a3ecbe5ed12ab4d8e11ba873c2f11161202b945,observation_time_proxy,historical data_available_time is unknown; observation_time is a pseudo-operational proxy
2008-02-26T00:00:00+00:00,2008-02-25,windermere,south,water_temperature,2.0,degC,month_2,2008-03-27,2008-04-25,,,,lead_dependent_anomaly_relaxation,1.0,False,,,0,0,,4f53cda18c2baa0c0354bb5f9a3ecbe5ed12ab4d8e11ba873c2f11161202b945,observation_time_proxy,historical data_available_time is unknown; observation_time is a pseudo-operational proxy
2008-02-26T00:00:00+00:00,2008-02-25,windermere,south,water_temperature,2.0,degC,month_3,2008-04-26,2008-05-25,,,,lead_dependent_anomaly_relaxation,1.0,False,,,0,0,,4f53cda18c2baa0c0354bb5f9a3ecbe5ed12ab4d8e11ba873c2f11161202b945,observation_time_proxy,historical data_available_time is unknown; observation_time is a pseudo-operational proxy
2008-03-04T00:00:00+00:00,2008-03-03,windermere,south,water_temperature,2.0,degC,month_1,2008-03-04,2008-04-02,,,,lead_dependent_anomaly_relaxation,1.0,False,,,0,0,,4f53cda18c2baa0c0354bb5f9a3ecbe5ed12ab4d8e11ba873c2f11161202b945,observation_time_proxy,historical data_available_time is unknown; observation_time is a pseudo-operational proxy
2008-03-04T00:00:00+00:00,2008-03-03,windermere,south,water_temperature,2.0,degC,month_2,2008-04-03,2008-05-02,,,,lead_dependent_anomaly_relaxation,1.0,False,,,0,0,,4f53cda18c2baa0c0354bb5f9a3ecbe5ed12ab4d8e11ba873c2f11161202b945,observation_time_proxy,historical data_available_time is unknown; observation_time is a pseudo-operational proxy
2008-03-04T00:00:00+00:00,2008-03-03,windermere,south,water_temperature,2.0,degC,month_3,2008-05-03,2008-06-01,,,,lead_dependent_anomaly_relaxation,1.0,False,,,0,0,,4f53cda18c2baa0c0354bb5f9a3ecbe5ed12ab4d8e11ba873c2f11161202b945,observation_time_proxy,historical data_available_time is unknown; observation_time is a pseudo-operational proxy
2008-03-11T00:00:00+00:00,2008-03-10,windermere,south,water_temperature,2.0,degC,month_1,2008-03-11,2008-04-09,,,,lead_dependent_anomaly_relaxation,1.0,False,,,0,0,,4f53cda18c2baa0c0354bb5f9a3ecbe5ed12ab4d8e11ba873c2f11161202b945,observation_time_proxy,historical data_available_time is unknown; observation_time is a pseudo-operational proxy
2008-03-11T00:00:00+00:00,2008-03-10,windermere,south,water_temperature,2.0,degC,month_2,2008-04-10,2008-05-09,,,,lead_dependent_anomaly_relaxation,1.0,False,,,0,0,,4f53cda18c2baa0c0354bb5f9a3ecbe5ed12ab4d8e11ba873c2f11161202b945,observation_time_proxy,historical data_available_time is unknown; observation_time is a pseudo-operational proxy
2008-03-11T00:00:00+00:00,2008-03-10,windermere,south,water_temperature,2.0,degC,month_3,2008-05-10,2008-06-08,,,,lead_dependent_anomaly_relaxation,1.0,False,,,0,0,,4f53cda18c2baa0c0354bb5f9a3ecbe5ed12ab4d8e11ba873c2f11161202b945,observation_time_proxy,historical data_available_time is unknown; observation_time is a pseudo-operational proxy
2008-03-18T00:00:00+00:00,2008-03-17,windermere,south,water_temperature,2.0,degC,month_1,2008-03-18,2008-04-16,,,,lead_dependent_anomaly_relaxation,1.0,False,,,0,0,,4f53cda18c2baa0c0354bb5f9a3ecbe5ed12ab4d8e11ba873c2f11161202b945,observation_time_proxy,historical data_available_time is unknown; observation_time is a pseudo-operational proxy
2008-03-18T00:00:00+00:00,2008-03-17,windermere,south,water_temperature,2.0,degC,month_2,2008-04-17,2008-05-16,,,,lead_dependent_anomaly_relaxation,1.0,False,,,0,0,,4f53cda18c2baa0c0354bb5f9a3ecbe5ed12ab4d8e11ba873c2f11161202b945,observation_time_proxy,historical data_available_time is unknown; observation_time is a pseudo-operational proxy
2008-03-18T00:00:00+00:00,2008-03-17,windermere,south,water_temperature,2.0,degC,month_3,2008-05-17,2008-06-15,,,,lead_dependent_anomaly_relaxation,1.0,False,,,0,0,,4f53cda18c2baa0c0354bb5f9a3ecbe5ed12ab4d8e11ba873c2f11161202b945,observation_time_proxy,historical data_available_time is unknown; observation_time is a pseudo-operational proxy
2008-03-25T00:00:00+00:00,2008-03-24,windermere,south,water_temperature,2.0,degC,month_1,2008-03-25,2008-04-23,,,,lead_dependent_anomaly_relaxation,1.0,False,,,0,0,,4f53cda18c2baa0c0354bb5f9a3ecbe5ed12ab4d8e11ba873c2f11161202b945,observation_time_proxy,historical data_available_time is unknown; observation_time is a pseudo-operational proxy
2008-03-25T00:00:00+00:00,2008-03-24,windermere,south,water_temperature,2.0,degC,month_2,2008-04-24,2008-05-23,,,,lead_dependent_anomaly_relaxation,1.0,False,,,0,0,,4f53cda18c2baa0c0354bb5f9a3ecbe5ed12ab4d8e11ba873c2f11161202b945,observation_time_proxy,historical data_available_time is unknown; observation_time is a pseudo-operational proxy
2008-03-25T00:00:00+00:00,2008-03-24,windermere,south,water_temperature,2.0,degC,month_3,2008-05-24,2008-06-22,,,,lead_dependent_anomaly_relaxation,1.0,False,,,0,0,,4f53cda18c2baa0c0354bb5f9a3ecbe5ed12ab4d8e11ba873c2f11161202b945,observation_time_proxy,historical data_available_time is unknown; observation_time is a pseudo-operational proxy
2008-04-01T00:00:00+00:00,2008-03-31,windermere,south,water_temperature,2.0,degC,month_1,2008-04-01,2008-04-30,,,,lead_dependent_anomaly_relaxation,1.0,False,,,0,0,,4f53cda18c2baa0c0354bb5f9a3ecbe5ed12ab4d8e11ba873c2f11161202b945,observation_time_proxy,historical data_available_time is unknown; observation_time is a pseudo-operational proxy
2008-04-01T00:00:00+00:00,2008-03-31,windermere,south,water_temperature,2.0,degC,month_2,2008-05-01,2008-05-30,,,,lead_dependent_anomaly_relaxation,1.0,False,,,0,0,,4f53cda18c2baa0c0354bb5f9a3ecbe5ed12ab4d8e11ba873c2f11161202b945,observation_time_proxy,historical data_available_time is unknown; observation_time is a pseudo-operational proxy
2008-04-01T00:00:00+00:00,2008-03-31,windermere,south,water_temperature,2.0,degC,month_3,2008-05-31,2008-06-29,,,,lead_dependent_anomaly_relaxation,1.0,False,,,0,0,,4f53cda18c2baa0c0354bb5f9a3ecbe5ed12ab4d8e11ba873c2f11161202b945,observation_time_proxy,historical data_available_time is unknown; observation_time is a pseudo-operational proxy
2008-04-08T00:00:00+00:00,2008-04-07,windermere,south,water_temperature,2.0,degC,month_1,2008-04-08,2008-05-07,,,,lead_dependent_anomaly_relaxation,1.0,False,,,0,0,,4f53cda18c2baa0c0354bb5f9a3ecbe5ed12ab4d8e11ba873c2f11161202b945,observation_time_proxy,historical data_available_time is unknown; observation_time is a pseudo-operational proxy
2008-04-08T00:00:00+00:00,2008-04-07,windermere,south,water_temperature,2.0,degC,month_2,2008-05-08,2008-06-06,,,,lead_dependent_anomaly_relaxation,1.0,False,,,0,0,,4f53cda18c2baa0c0354bb5f9a3ecbe5ed12ab4d8e11ba873c2f11161202b945,observation_time_proxy,historical data_available_time is unknown; observation_time is a pseudo-operational proxy
2008-04-08T00:00:00+00:00,2008-04-07,windermere,south,water_temperature,2.0,degC,month_3,2008-06-07,2008-07-06,,,,lead_dependent_anomaly_relaxation,1.0,False,,,0,0,,4f53cda18c2baa0c0354bb5f9a3ecbe5ed12ab4d8e11ba873c2f11161202b945,observation_time_proxy,historical data_available_time is unknown; observation_time is a pseudo-operational proxy
2008-04-15T00:00:00+00:00,2008-04-14,windermere,south,water_temperature,2.0,degC,month_1,2008-04-15,2008-05-14,,,,lead_dependent_anomaly_relaxation,1.0,False,,,0,0,,4f53cda18c2baa0c0354bb5f9a3ecbe5ed12ab4d8e11ba873c2f11161202b945,observation_time_proxy,historical data_available_time is unknown; observation_time is a pseudo-operational proxy
2008-04-15T00:00:00+00:00,2008-04-14,windermere,south,water_temperature,2.0,degC,month_2,2008-05-15,2008-06-13,,,,lead_dependent_anomaly_relaxation,1.0,False,,,0,0,,4f53cda18c2baa0c0354bb5f9a3ecbe5ed12ab4d8e11ba873c2f11161202b945,observation_time_proxy,historical data_available_time is unknown; observation_time is a pseudo-operational proxy
2008-04-15T00:00:00+00:00,2008-04-14,windermere,south,water_temperature,2.0,degC,month_3,2008-06-14,2008-07-13,,,,lead_dependent_anomaly_relaxation,1.0,False,,,0,0,,4f53cda18c2baa0c0354bb5f9a3ecbe5ed12ab4d8e11ba873c2f11161202b945,observation_time_proxy,historical data_available_time is unknown; observation_time is a pseudo-operational proxy
2008-04-22T00:00:00+00:00,2008-04-21,windermere,south,water_temperature,2.0,degC,month_1,2008-04-22,2008-05-21,,,,lead_dependent_anomaly_relaxation,1.0,False,,,0,0,,4f53cda18c2baa0c0354bb5f9a3ecbe5ed12ab4d8e11ba873c2f11161202b945,observation_time_proxy,historical data_available_time is unknown; observation_time is a pseudo-operational proxy
2008-04-22T00:00:00+00:00,2008-04-21,windermere,south,water_temperature,2.0,degC,month_2,2008-05-22,2008-06-20,,,,lead_dependent_anomaly_relaxation,1.0,False,,,0,0,,4f53cda18c2baa0c0354bb5f9a3ecbe5ed12ab4d8e11ba873c2f11161202b945,observation_time_proxy,historical data_available_time is unknown; observation_time is a pseudo-operational proxy
2008-04-22T00:00:00+00:00,2008-04-21,windermere,south,water_temperature,2.0,degC,month_3,2008-06-21,2008-07-20,,,,lead_dependent_anomaly_relaxation,1.0,False,,,0,0,,4f53cda18c2baa0c0354bb5f9a3ecbe5ed12ab4d8e11ba873c2f11161202b945,observation_time_proxy,historical data_available_time is unknown; observation_time is a pseudo-operational proxy
2008-04-29T00:00:00+00:00,2008-04-28,windermere,south,water_temperature,2.0,degC,month_1,2008-04-29,2008-05-28,,,,lead_dependent_anomaly_relaxation,1.0,False,,,0,0,,4f53cda18c2baa0c0354bb5f9a3ecbe5ed12ab4d8e11ba873c2f11161202b945,observation_time_proxy,historical data_available_time is unknown; observation_time is a pseudo-operational proxy
2008-04-29T00:00:00+00:00,2008-04-28,windermere,south,water_temperature,2.0,degC,month_2,2008-05-29,2008-06-27,,,,lead_dependent_anomaly_relaxation,1.0,False,,,0,0,,4f53cda18c2baa0c0354bb5f9a3ecbe5ed12ab4d8e11ba873c2f11161202b945,observation_time_proxy,historical data_available_time is unknown; observation_time is a pseudo-operational proxy
2008-04-29T00:00:00+00:00,2008-04-28,windermere,south,water_temperature,2.0,degC,month_3,2008-06-28,2008-07-27,,,,lead_dependent_anomaly_relaxation,1.0,False,,,0,0,,4f53cda18c2baa0c0354bb5f9a3ecbe5ed12ab4d8e11ba873c2f11161202b945,observation_time_proxy,historical data_available_time is unknown; observation_time is a pseudo-operational proxy
2008-05-06T00:00:00+00:00,2008-05-05,windermere,south,water_temperature,2.0,degC,month_1,2008-05-06,2008-06-04,,,,lead_dependent_anomaly_relaxation,1.0,False,,,0,0,,4f53cda18c2baa0c0354bb5f9a3ecbe5ed12ab4d8e11ba873c2f11161202b945,observation_time_proxy,historical data_available_time is unknown; observation_time is a pseudo-operational proxy
2008-05-06T00:00:00+00:00,2008-05-05,windermere,south,water_temperature,2.0,degC,month_2,2008-06-05,2008-07-04,,,,lead_dependent_anomaly_relaxation,1.0,False,,,0,0,,4f53cda18c2baa0c0354bb5f9a3ecbe5ed12ab4d8e11ba873c2f11161202b945,observation_time_proxy,historical data_available_time is unknown; observation_time is a pseudo-operational proxy
2008-05-06T00:00:00+00:00,2008-05-05,windermere,south,water_temperature,2.0,degC,month_3,2008-07-05,2008-08-03,,,,lead_dependent_anomaly_relaxation,1.0,False,,,0,0,,4f53cda18c2baa0c0354bb5f9a3ecbe5ed12ab4d8e11ba873c2f11161202b945,observation_time_proxy,historical data_available_time is unknown; observation_time is a pseudo-operational proxy
2008-05-13T00:00:00+00:00,2008-05-12,windermere,south,water_temperature,2.0,degC,month_1,2008-05-13,2008-06-11,,,,lead_dependent_anomaly_relaxation,1.0,False,,,0,0,,4f53cda18c2baa0c0354bb5f9a3ecbe5ed12ab4d8e11ba873c2f11161202b945,observation_time_proxy,historical data_available_time is unknown; observation_time is a pseudo-operational proxy
2008-05-13T00:00:00+00:00,2008-05-12,windermere,south,water_temperature,2.0,degC,month_2,2008-06-12,2008-07-11,,,,lead_dependent_anomaly_relaxation,1.0,False,,,0,0,,4f53cda18c2baa0c0354bb5f9a3ecbe5ed12ab4d8e11ba873c2f11161202b945,observation_time_proxy,historical data_available_time is unknown; observation_time is a pseudo-operational proxy
2008-05-13T00:00:00+00:00,2008-05-12,windermere,south,water_temperature,2.0,degC,month_3,2008-07-12,2008-08-10,,,,lead_dependent_anomaly_relaxation,1.0,False,,,0,0,,4f53cda18c2baa0c0354bb5f9a3ecbe5ed12ab4d8e11ba873c2f11161202b945,observation_time_proxy,historical data_available_time is unknown; observation_time is a pseudo-operational proxy
2008-05-20T00:00:00+00:00,2008-05-19,windermere,south,water_temperature,2.0,degC,month_1,2008-05-20,2008-06-18,,,,lead_dependent_anomaly_relaxation,1.0,False,,,0,0,,4f53cda18c2baa0c0354bb5f9a3ecbe5ed12ab4d8e11ba873c2f11161202b945,observation_time_proxy,historical data_available_time is unknown; observation_time is a pseudo-operational proxy
2008-05-20T00:00:00+00:00,2008-05-19,windermere,south,water_temperature,2.0,degC,month_2,2008-06-19,2008-07-18,,,,lead_dependent_anomaly_relaxation,1.0,False,,,0,0,,4f53cda18c2baa0c0354bb5f9a3ecbe5ed12ab4d8e11ba873c2f11161202b945,observation_time_proxy,historical data_available_time is unknown; observation_time is a pseudo-operational proxy
2008-05-20T00:00:00+00:00,2008-05-19,windermere,south,water_temperature,2.0,degC,month_3,2008-07-19,2008-08-17,,,,lead_dependent_anomaly_relaxation,1.0,False,,,0,0,,4f53cda18c2baa0c0354bb5f9a3ecbe5ed12ab4d8e11ba873c2f11161202b945,observation_time_proxy,historical data_available_time is unknown; observation_time is a pseudo-operational proxy
2008-05-27T00:00:00+00:00,2008-05-26,windermere,south,water_temperature,2.0,degC,month_1,2008-05-27,2008-06-25,,,,lead_dependent_anomaly_relaxation,1.0,False,,,0,0,,4f53cda18c2baa0c0354bb5f9a3ecbe5ed12ab4d8e11ba873c2f11161202b945,observation_time_proxy,historical data_available_time is unknown; observation_time is a pseudo-operational proxy
2008-05-27T00:00:00+00:00,2008-05-26,windermere,south,water_temperature,2.0,degC,month_2,2008-06-26,2008-07-25,,,,lead_dependent_anomaly_relaxation,1.0,False,,,0,0,,4f53cda18c2baa0c0354bb5f9a3ecbe5ed12ab4d8e11ba873c2f11161202b945,observation_time_proxy,historical data_available_time is unknown; observation_time is a pseudo-operational proxy
2008-05-27T00:00:00+00:00,2008-05-26,windermere,south,water_temperature,2.0,degC,month_3,2008-07-26,2008-08-24,,,,lead_dependent_anomaly_relaxation,1.0,False,,,0,0,,4f53cda18c2baa0c0354bb5f9a3ecbe5ed12ab4d8e11ba873c2f11161202b945,observation_time_proxy,historical data_available_time is unknown; observation_time is a pseudo-operational proxy
2008-06-03T00:00:00+00:00,2008-06-02,windermere,south,water_temperature,2.0,degC,month_1,2008-06-03,2008-07-02,,,,lead_dependent_anomaly_relaxation,1.0,False,,,0,0,,4f53cda18c2baa0c0354bb5f9a3ecbe5ed12ab4d8e11ba873c2f11161202b945,observation_time_proxy,historical data_available_time is unknown; observation_time is a pseudo-operational proxy
2008-06-03T00:00:00+00:00,2008-06-02,windermere,south,water_temperature,2.0,degC,month_2,2008-07-03,2008-08-01,,,,lead_dependent_anomaly_relaxation,1.0,False,,,0,0,,4f53cda18c2baa0c0354bb5f9a3ecbe5ed12ab4d8e11ba873c2f11161202b945,observation_time_proxy,historical data_available_time is unknown; observation_time is a pseudo-operational proxy
2008-06-03T00:00:00+00:00,2008-06-02,windermere,south,water_temperature,2.0,degC,month_3,2008-08-02,2008-08-31,,,,lead_dependent_anomaly_relaxation,1.0,False,,,0,0,,4f53cda18c2baa0c0354bb5f9a3ecbe5ed12ab4d8e11ba873c2f11161202b945,observation_time_proxy,historical data_available_time is unknown; observation_time is a pseudo-operational proxy
2008-06-10T00:00:00+00:00,2008-06-09,windermere,south,water_temperature,2.0,degC,month_1,2008-06-10,2008-07-09,,,,lead_dependent_anomaly_relaxation,1.0,False,,,0,0,,4f53cda18c2baa0c0354bb5f9a3ecbe5ed12ab4d8e11ba873c2f11161202b945,observation_time_proxy,historical data_available_time is unknown; observation_time is a pseudo-operational proxy
2008-06-10T00:00:00+00:00,2008-06-09,windermere,south,water_temperature,2.0,degC,month_2,2008-07-10,2008-08-08,,,,lead_dependent_anomaly_relaxation,1.0,False,,,0,0,,4f53cda18c2baa0c0354bb5f9a3ecbe5ed12ab4d8e11ba873c2f11161202b945,observation_time_proxy,historical data_available_time is unknown; observation_time is a pseudo-operational proxy
2008-06-10T00:00:00+00:00,2008-06-09,windermere,south,water_temperature,2.0,degC,month_3,2008-08-09,2008-09-07,,,,lead_dependent_anomaly_relaxation,1.0,False,,,0,0,,4f53cda18c2baa0c0354bb5f9a3ecbe5ed12ab4d8e11ba873c2f11161202b945,observation_time_proxy,historical data_available_time is unknown; observation_time is a pseudo-operational proxy
2008-06-17T00:00:00+00:00,2008-06-16,windermere,south,water_temperature,2.0,degC,month_1,2008-06-17,2008-07-16,,,,lead_dependent_anomaly_relaxation,1.0,False,,,0,0,,4f53cda18c2baa0c0354bb5f9a3ecbe5ed12ab4d8e11ba873c2f11161202b945,observation_time_proxy,historical data_available_time is unknown; observation_time is a pseudo-operational proxy
2008-06-17T00:00:00+00:00,2008-06-16,windermere,south,water_temperature,2.0,degC,month_2,2008-07-17,2008-08-15,,,,lead_dependent_anomaly_relaxation,1.0,False,,,0,0,,4f53cda18c2baa0c0354bb5f9a3ecbe5ed12ab4d8e11ba873c2f11161202b945,observation_time_proxy,historical data_available_time is unknown; observation_time is a pseudo-operational proxy
2008-06-17T00:00:00+00:00,2008-06-16,windermere,south,water_temperature,2.0,degC,month_3,2008-08-16,2008-09-14,,,,lead_dependent_anomaly_relaxation,1.0,False,,,0,0,,4f53cda18c2baa0c0354bb5f9a3ecbe5ed12ab4d8e11ba873c2f11161202b945,observation_time_proxy,historical data_available_time is unknown; observation_time is a pseudo-operational proxy
2008-06-24T00:00:00+00:00,2008-06-23,windermere,south,water_temperature,2.0,degC,month_1,2008-06-24,2008-07-23,,,,lead_dependent_anomaly_relaxation,1.0,False,,,0,0,,4f53cda18c2baa0c0354bb5f9a3ecbe5ed12ab4d8e11ba873c2f11161202b945,observation_time_proxy,historical data_available_time is unknown; observation_time is a pseudo-operational proxy
2008-06-24T00:00:00+00:00,2008-06-23,windermere,south,water_temperature,2.0,degC,month_2,2008-07-24,2008-08-22,,,,lead_dependent_anomaly_relaxation,1.0,False,,,0,0,,4f53cda18c2baa0c0354bb5f9a3ecbe5ed12ab4d8e11ba873c2f11161202b945,observation_time_proxy,historical data_available_time is unknown; observation_time is a pseudo-operational proxy
2008-06-24T00:00:00+00:00,2008-06-23,windermere,south,water_temperature,2.0,degC,month_3,2008-08-23,2008-09-21,,,,lead_dependent_anomaly_relaxation,1.0,False,,,0,0,,4f53cda18c2baa0c0354bb5f9a3ecbe5ed12ab4d8e11ba873c2f11161202b945,observation_time_proxy,historical data_available_time is unknown; observation_time is a pseudo-operational proxy
2008-07-01T00:00:00+00:00,2008-06-30,windermere,south,water_temperature,2.0,degC,month_1,2008-07-01,2008-07-30,,,,lead_dependent_anomaly_relaxation,1.0,False,,,0,0,,4f53cda18c2baa0c0354bb5f9a3ecbe5ed12ab4d8e11ba873c2f11161202b945,observation_time_proxy,historical data_available_time is unknown; observation_time is a pseudo-operational proxy
2008-07-01T00:00:00+00:00,2008-06-30,windermere,south,water_temperature,2.0,degC,month_2,2008-07-31,2008-08-29,,,,lead_dependent_anomaly_relaxation,1.0,False,,,0,0,,4f53cda18c2baa0c0354bb5f9a3ecbe5ed12ab4d8e11ba873c2f11161202b945,observation_time_proxy,historical data_available_time is unknown; observation_time is a pseudo-operational proxy
2008-07-01T00:00:00+00:00,2008-06-30,windermere,south,water_temperature,2.0,degC,month_3,2008-08-30,2008-09-28,,,,lead_dependent_anomaly_relaxation,1.0,False,,,0,0,,4f53cda18c2baa0c0354bb5f9a3ecbe5ed12ab4d8e11ba873c2f11161202b945,observation_time_proxy,historical data_available_time is unknown; observation_time is a pseudo-operational proxy
2008-07-08T00:00:00+00:00,2008-07-07,windermere,south,water_temperature,2.0,degC,month_1,2008-07-08,2008-08-06,,,,lead_dependent_anomaly_relaxation,1.0,False,,,0,0,,4f53cda18c2baa0c0354bb5f9a3ecbe5ed12ab4d8e11ba873c2f11161202b945,observation_time_proxy,historical data_available_time is unknown; observation_time is a pseudo-operational proxy
2008-07-08T00:00:00+00:00,2008-07-07,windermere,south,water_temperature,2.0,degC,month_2,2008-08-07,2008-09-05,,,,lead_dependent_anomaly_relaxation,1.0,False,,,0,0,,4f53cda18c2baa0c0354bb5f9a3ecbe5ed12ab4d8e11ba873c2f11161202b945,observation_time_proxy,historical data_available_time is unknown; observation_time is a pseudo-operational proxy
2008-07-08T00:00:00+00:00,2008-07-07,windermere,south,water_temperature,2.0,degC,month_3,2008-09-06,2008-10-05,,,,lead_dependent_anomaly_relaxation,1.0,False,,,0,0,,4f53cda18c2baa0c0354bb5f9a3ecbe5ed12ab4d8e11ba873c2f11161202b945,observation_time_proxy,historical data_available_time is unknown; observation_time is a pseudo-operational proxy
2008-07-15T00:00:00+00:00,2008-07-14,windermere,south,water_temperature,2.0,degC,month_1,2008-07-15,2008-08-13,,,,lead_dependent_anomaly_relaxation,1.0,False,,,0,0,,4f53cda18c2baa0c0354bb5f9a3ecbe5ed12ab4d8e11ba873c2f11161202b945,observation_time_proxy,historical data_available_time is unknown; observation_time is a pseudo-operational proxy
2008-07-15T00:00:00+00:00,2008-07-14,windermere,south,water_temperature,2.0,degC,month_2,2008-08-14,2008-09-12,,,,lead_dependent_anomaly_relaxation,1.0,False,,,0,0,,4f53cda18c2baa0c0354bb5f9a3ecbe5ed12ab4d8e11ba873c2f11161202b945,observation_time_proxy,historical data_available_time is unknown; observation_time is a pseudo-operational proxy
2008-07-15T00:00:00+00:00,2008-07-14,windermere,south,water_temperature,2.0,degC,month_3,2008-09-13,2008-10-12,,,,lead_dependent_anomaly_relaxation,1.0,False,,,0,0,,4f53cda18c2baa0c0354bb5f9a3ecbe5ed12ab4d8e11ba873c2f11161202b945,observation_time_proxy,historical data_available_time is unknown; observation_time is a pseudo-operational proxy
2008-07-22T00:00:00+00:00,2008-07-21,windermere,south,water_temperature,2.0,degC,month_1,2008-07-22,2008-08-20,,,,lead_dependent_anomaly_relaxation,1.0,False,,,0,0,,4f53cda18c2baa0c0354bb5f9a3ecbe5ed12ab4d8e11ba873c2f11161202b945,observation_time_proxy,historical data_available_time is unknown; observation_time is a pseudo-operational proxy
2008-07-22T00:00:00+00:00,2008-07-21,windermere,south,water_temperature,2.0,degC,month_2,2008-08-21,2008-09-19,,,,lead_dependent_anomaly_relaxation,1.0,False,,,0,0,,4f53cda18c2baa0c0354bb5f9a3ecbe5ed12ab4d8e11ba873c2f11161202b945,observation_time_proxy,historical data_available_time is unknown; observation_time is a pseudo-operational proxy
2008-07-22T00:00:00+00:00,2008-07-21,windermere,south,water_temperature,2.0,degC,month_3,2008-09-20,2008-10-19,,,,lead_dependent_anomaly_relaxation,1.0,False,,,0,0,,4f53cda18c2baa0c0354bb5f9a3ecbe5ed12ab4d8e11ba873c2f11161202b945,observation_time_proxy,historical data_available_time is unknown; observation_time is a pseudo-operational proxy
2008-07-29T00:00:00+00:00,2008-07-28,windermere,south,water_temperature,2.0,degC,month_1,2008-07-29,2008-08-27,,,,lead_dependent_anomaly_relaxation,1.0,False,,,0,0,,4f53cda18c2baa0c0354bb5f9a3ecbe5ed12ab4d8e11ba873c2f11161202b945,observation_time_proxy,historical data_available_time is unknown; observation_time is a pseudo-operational proxy
2008-07-29T00:00:00+00:00,2008-07-28,windermere,south,water_temperature,2.0,degC,month_2,2008-08-28,2008-09-26,,,,lead_dependent_anomaly_relaxation,1.0,False,,,0,0,,4f53cda18c2baa0c0354bb5f9a3ecbe5ed12ab4d8e11ba873c2f11161202b945,observation_time_proxy,historical data_available_time is unknown; observation_time is a pseudo-operational proxy
2008-07-29T00:00:00+00:00,2008-07-28,windermere,south,water_temperature,2.0,degC,month_3,2008-09-27,2008-10-26,,,,lead_dependent_anomaly_relaxation,1.0,False,,,0,0,,4f53cda18c2baa0c0354bb5f9a3ecbe5ed12ab4d8e11ba873c2f11161202b945,observation_time_proxy,historical data_available_time is unknown; observation_time is a pseudo-operational proxy
2008-08-05T00:00:00+00:00,2008-08-04,windermere,south,water_temperature,2.0,degC,month_1,2008-08-05,2008-09-03,,,,lead_dependent_anomaly_relaxation,1.0,False,,,0,0,,4f53cda18c2baa0c0354bb5f9a3ecbe5ed12ab4d8e11ba873c2f11161202b945,observation_time_proxy,historical data_available_time is unknown; observation_time is a pseudo-operational proxy
2008-08-05T00:00:00+00:00,2008-08-04,windermere,south,water_temperature,2.0,degC,month_2,2008-09-04,2008-10-03,,,,lead_dependent_anomaly_relaxation,1.0,False,,,0,0,,4f53cda18c2baa0c0354bb5f9a3ecbe5ed12ab4d8e11ba873c2f11161202b945,observation_time_proxy,historical data_available_time is unknown; observation_time is a pseudo-operational proxy
2008-08-05T00:00:00+00:00,2008-08-04,windermere,south,water_temperature,2.0,degC,month_3,2008-10-04,2008-11-02,,,,lead_dependent_anomaly_relaxation,1.0,False,,,0,0,,4f53cda18c2baa0c0354bb5f9a3ecbe5ed12ab4d8e11ba873c2f11161202b945,observation_time_proxy,historical data_available_time is unknown; observation_time is a pseudo-operational proxy
2008-08-12T00:00:00+00:00,2008-08-11,windermere,south,water_temperature,2.0,degC,month_1,2008-08-12,2008-09-10,,,,lead_dependent_anomaly_relaxation,1.0,False,,,0,0,,4f53cda18c2baa0c0354bb5f9a3ecbe5ed12ab4d8e11ba873c2f11161202b945,observation_time_proxy,historical data_available_time is unknown; observation_time is a pseudo-operational proxy
2008-08-12T00:00:00+00:00,2008-08-11,windermere,south,water_temperature,2.0,degC,month_2,2008-09-11,2008-10-10,,,,lead_dependent_anomaly_relaxation,1.0,False,,,0,0,,4f53cda18c2baa0c0354bb5f9a3ecbe5ed12ab4d8e11ba873c2f11161202b945,observation_time_proxy,historical data_available_time is unknown; observation_time is a pseudo-operational proxy
2008-08-12T00:00:00+00:00,2008-08-11,windermere,south,water_temperature,2.0,degC,month_3,2008-10-11,2008-11-09,,,,lead_dependent_anomaly_relaxation,1.0,False,,,0,0,,4f53cda18c2baa0c0354bb5f9a3ecbe5ed12ab4d8e11ba873c2f11161202b945,observation_time_proxy,historical data_available_time is unknown; observation_time is a pseudo-operational proxy
2008-08-19T00:00:00+00:00,2008-08-18,windermere,south,water_temperature,2.0,degC,month_1,2008-08-19,2008-09-17,,,,lead_dependent_anomaly_relaxation,1.0,False,,,0,0,,4f53cda18c2baa0c0354bb5f9a3ecbe5ed12ab4d8e11ba873c2f11161202b945,observation_time_proxy,historical data_available_time is unknown; observation_time is a pseudo-operational proxy
2008-08-19T00:00:00+00:00,2008-08-18,windermere,south,water_temperature,2.0,degC,month_2,2008-09-18,2008-10-17,,,,lead_dependent_anomaly_relaxation,1.0,False,,,0,0,,4f53cda18c2baa0c0354bb5f9a3ecbe5ed12ab4d8e11ba873c2f11161202b945,observation_time_proxy,historical data_available_time is unknown; observation_time is a pseudo-operational proxy
2008-08-19T00:00:00+00:00,2008-08-18,windermere,south,water_temperature,2.0,degC,month_3,2008-10-18,2008-11-16,,,,lead_dependent_anomaly_relaxation,1.0,False,,,0,0,,4f53cda18c2baa0c0354bb5f9a3ecbe5ed12ab4d8e11ba873c2f11161202b945,observation_time_proxy,historical data_available_time is unknown; observation_time is a pseudo-operational proxy
2008-08-26T00:00:00+00:00,2008-08-25,windermere,south,water_temperature,2.0,degC,month_1,2008-08-26,2008-09-24,,,,lead_dependent_anomaly_relaxation,1.0,False,,,0,0,,4f53cda18c2baa0c0354bb5f9a3ecbe5ed12ab4d8e11ba873c2f11161202b945,observation_time_proxy,historical data_available_time is unknown; observation_time is a pseudo-operational proxy
2008-08-26T00:00:00+00:00,2008-08-25,windermere,south,water_temperature,2.0,degC,month_2,2008-09-25,2008-10-24,,,,lead_dependent_anomaly_relaxation,1.0,False,,,0,0,,4f53cda18c2baa0c0354bb5f9a3ecbe5ed12ab4d8e11ba873c2f11161202b945,observation_time_proxy,historical data_available_time is unknown; observation_time is a pseudo-operational proxy
2008-08-26T00:00:00+00:00,2008-08-25,windermere,south,water_temperature,2.0,degC,month_3,2008-10-25,2008-11-23,,,,lead_dependent_anomaly_relaxation,1.0,False,,,0,0,,4f53cda18c2baa0c0354bb5f9a3ecbe5ed12ab4d8e11ba873c2f11161202b945,observation_time_proxy,historical data_available_time is unknown; observation_time is a pseudo-operational proxy
2008-09-02T00:00:00+00:00,2008-09-01,windermere,south,water_temperature,2.0,degC,month_1,2008-09-02,2008-10-01,,,,lead_dependent_anomaly_relaxation,1.0,False,,,0,0,,4f53cda18c2baa0c0354bb5f9a3ecbe5ed12ab4d8e11ba873c2f11161202b945,observation_time_proxy,historical data_available_time is unknown; observation_time is a pseudo-operational proxy
2008-09-02T00:00:00+00:00,2008-09-01,windermere,south,water_temperature,2.0,degC,month_2,2008-10-02,2008-10-31,,,,lead_dependent_anomaly_relaxation,1.0,False,,,0,0,,4f53cda18c2baa0c0354bb5f9a3ecbe5ed12ab4d8e11ba873c2f11161202b945,observation_time_proxy,historical data_available_time is unknown; observation_time is a pseudo-operational proxy
2008-09-02T00:00:00+00:00,2008-09-01,windermere,south,water_temperature,2.0,degC,month_3,2008-11-01,2008-11-30,,,,lead_dependent_anomaly_relaxation,1.0,False,,,0,0,,4f53cda18c2baa0c0354bb5f9a3ecbe5ed12ab4d8e11ba873c2f11161202b945,observation_time_proxy,historical data_available_time is unknown; observation_time is a pseudo-operational proxy
2008-09-09T00:00:00+00:00,2008-09-08,windermere,south,water_temperature,2.0,degC,month_1,2008-09-09,2008-10-08,,,,lead_dependent_anomaly_relaxation,1.0,False,,,0,0,,4f53cda18c2baa0c0354bb5f9a3ecbe5ed12ab4d8e11ba873c2f11161202b945,observation_time_proxy,historical data_available_time is unknown; observation_time is a pseudo-operational proxy
2008-09-09T00:00:00+00:00,2008-09-08,windermere,south,water_temperature,2.0,degC,month_2,2008-10-09,2008-11-07,,,,lead_dependent_anomaly_relaxation,1.0,False,,,0,0,,4f53cda18c2baa0c0354bb5f9a3ecbe5ed12ab4d8e11ba873c2f11161202b945,observation_time_proxy,historical data_available_time is unknown; observation_time is a pseudo-operational proxy
2008-09-09T00:00:00+00:00,2008-09-08,windermere,south,water_temperature,2.0,degC,month_3,2008-11-08,2008-12-07,,,,lead_dependent_anomaly_relaxation,1.0,False,,,0,0,,4f53cda18c2baa0c0354bb5f9a3ecbe5ed12ab4d8e11ba873c2f11161202b945,observation_time_proxy,historical data_available_time is unknown; observation_time is a pseudo-operational proxy
2008-09-16T00:00:00+00:00,2008-09-15,windermere,south,water_temperature,2.0,degC,month_1,2008-09-16,2008-10-15,,,,lead_dependent_anomaly_relaxation,1.0,False,,,0,0,,4f53cda18c2baa0c0354bb5f9a3ecbe5ed12ab4d8e11ba873c2f11161202b945,observation_time_proxy,historical data_available_time is unknown; observation_time is a pseudo-operational proxy
2008-09-16T00:00:00+00:00,2008-09-15,windermere,south,water_temperature,2.0,degC,month_2,2008-10-16,2008-11-14,,,,lead_dependent_anomaly_relaxation,1.0,False,,,0,0,,4f53cda18c2baa0c0354bb5f9a3ecbe5ed12ab4d8e11ba873c2f11161202b945,observation_time_proxy,historical data_available_time is unknown; observation_time is a pseudo-operational proxy
2008-09-16T00:00:00+00:00,2008-09-15,windermere,south,water_temperature,2.0,degC,month_3,2008-11-15,2008-12-14,,,,lead_dependent_anomaly_relaxation,1.0,False,,,0,0,,4f53cda18c2baa0c0354bb5f9a3ecbe5ed12ab4d8e11ba873c2f11161202b945,observation_time_proxy,historical data_available_time is unknown; observation_time is a pseudo-operational proxy
2008-09-23T00:00:00+00:00,2008-09-22,windermere,south,water_temperature,2.0,degC,month_1,2008-09-23,2008-10-22,,,,lead_dependent_anomaly_relaxation,1.0,False,,,0,0,,4f53cda18c2baa0c0354bb5f9a3ecbe5ed12ab4d8e11ba873c2f11161202b945,observation_time_proxy,historical data_available_time is unknown; observation_time is a pseudo-operational proxy
2008-09-23T00:00:00+00:00,2008-09-22,windermere,south,water_temperature,2.0,degC,month_2,2008-10-23,2008-11-21,,,,lead_dependent_anomaly_relaxation,1.0,False,,,0,0,,4f53cda18c2baa0c0354bb5f9a3ecbe5ed12ab4d8e11ba873c2f11161202b945,observation_time_proxy,historical data_available_time is unknown; observation_time is a pseudo-operational proxy
2008-09-23T00:00:00+00:00,2008-09-22,windermere,south,water_temperature,2.0,degC,month_3,2008-11-22,2008-12-21,,,,lead_dependent_anomaly_relaxation,1.0,False,,,0,0,,4f53cda18c2baa0c0354bb5f9a3ecbe5ed12ab4d8e11ba873c2f11161202b945,observation_time_proxy,historical data_available_time is unknown; observation_time is a pseudo-operational proxy
2008-09-30T00:00:00+00:00,2008-09-29,windermere,south,water_temperature,2.0,degC,month_1,2008-09-30,2008-10-29,,,,lead_dependent_anomaly_relaxation,1.0,False,,,0,0,,4f53cda18c2baa0c0354bb5f9a3ecbe5ed12ab4d8e11ba873c2f11161202b945,observation_time_proxy,historical data_available_time is unknown; observation_time is a pseudo-operational proxy
2008-09-30T00:00:00+00:00,2008-09-29,windermere,south,water_temperature,2.0,degC,month_2,2008-10-30,2008-11-28,,,,lead_dependent_anomaly_relaxation,1.0,False,,,0,0,,4f53cda18c2baa0c0354bb5f9a3ecbe5ed12ab4d8e11ba873c2f11161202b945,observation_time_proxy,historical data_available_time is unknown; observation_time is a pseudo-operational proxy
2008-09-30T00:00:00+00:00,2008-09-29,windermere,south,water_temperature,2.0,degC,month_3,2008-11-29,2008-12-28,,,,lead_dependent_anomaly_relaxation,1.0,False,,,0,0,,4f53cda18c2baa0c0354bb5f9a3ecbe5ed12ab4d8e11ba873c2f11161202b945,observation_time_proxy,historical data_available_time is unknown; observation_time is a pseudo-operational proxy
2008-10-07T00:00:00+00:00,2008-10-06,windermere,south,water_temperature,2.0,degC,month_1,2008-10-07,2008-11-05,,,,lead_dependent_anomaly_relaxation,1.0,False,,,0,0,,4f53cda18c2baa0c0354bb5f9a3ecbe5ed12ab4d8e11ba873c2f11161202b945,observation_time_proxy,historical data_available_time is unknown; observation_time is a pseudo-operational proxy
2008-10-07T00:00:00+00:00,2008-10-06,windermere,south,water_temperature,2.0,degC,month_2,2008-11-06,2008-12-05,,,,lead_dependent_anomaly_relaxation,1.0,False,,,0,0,,4f53cda18c2baa0c0354bb5f9a3ecbe5ed12ab4d8e11ba873c2f11161202b945,observation_time_proxy,historical data_available_time is unknown; observation_time is a pseudo-operational proxy
2008-10-07T00:00:00+00:00,2008-10-06,windermere,south,water_temperature,2.0,degC,month_3,2008-12-06,2009-01-04,,,,lead_dependent_anomaly_relaxation,1.0,False,,,0,0,,4f53cda18c2baa0c0354bb5f9a3ecbe5ed12ab4d8e11ba873c2f11161202b945,observation_time_proxy,historical data_available_time is unknown; observation_time is a pseudo-operational proxy
2008-10-14T00:00:00+00:00,2008-10-13,windermere,south,water_temperature,2.0,degC,month_1,2008-10-14,2008-11-12,,,,lead_dependent_anomaly_relaxation,1.0,False,,,0,0,,4f53cda18c2baa0c0354bb5f9a3ecbe5ed12ab4d8e11ba873c2f11161202b945,observation_time_proxy,historical data_available_time is unknown; observation_time is a pseudo-operational proxy
2008-10-14T00:00:00+00:00,2008-10-13,windermere,south,water_temperature,2.0,degC,month_2,2008-11-13,2008-12-12,,,,lead_dependent_anomaly_relaxation,1.0,False,,,0,0,,4f53cda18c2baa0c0354bb5f9a3ecbe5ed12ab4d8e11ba873c2f11161202b945,observation_time_proxy,historical data_available_time is unknown; observation_time is a pseudo-operational proxy
2008-10-14T00:00:00+00:00,2008-10-13,windermere,south,water_temperature,2.0,degC,month_3,2008-12-13,2009-01-11,,,,lead_dependent_anomaly_relaxation,1.0,False,,,0,0,,4f53cda18c2baa0c0354bb5f9a3ecbe5ed12ab4d8e11ba873c2f11161202b945,observation_time_proxy,historical data_available_time is unknown; observation_time is a pseudo-operational proxy
2008-10-21T00:00:00+00:00,2008-10-20,windermere,south,water_temperature,2.0,degC,month_1,2008-10-21,2008-11-19,,,,lead_dependent_anomaly_relaxation,1.0,False,,,0,0,,4f53cda18c2baa0c0354bb5f9a3ecbe5ed12ab4d8e11ba873c2f11161202b945,observation_time_proxy,historical data_available_time is unknown; observation_time is a pseudo-operational proxy
2008-10-21T00:00:00+00:00,2008-10-20,windermere,south,water_temperature,2.0,degC,month_2,2008-11-20,2008-12-19,,,,lead_dependent_anomaly_relaxation,1.0,False,,,0,0,,4f53cda18c2baa0c0354bb5f9a3ecbe5ed12ab4d8e11ba873c2f11161202b945,observation_time_proxy,historical data_available_time is unknown; observation_time is a pseudo-operational proxy
2008-10-21T00:00:00+00:00,2008-10-20,windermere,south,water_temperature,2.0,degC,month_3,2008-12-20,2009-01-18,,,,lead_dependent_anomaly_relaxation,1.0,False,,,0,0,,4f53cda18c2baa0c0354bb5f9a3ecbe5ed12ab4d8e11ba873c2f11161202b945,observation_time_proxy,historical data_available_time is unknown; observation_time is a pseudo-operational proxy
2008-10-28T00:00:00+00:00,2008-10-27,windermere,south,water_temperature,2.0,degC,month_1,2008-10-28,2008-11-26,,,,lead_dependent_anomaly_relaxation,1.0,False,,,0,0,,4f53cda18c2baa0c0354bb5f9a3ecbe5ed12ab4d8e11ba873c2f11161202b945,observation_time_proxy,historical data_available_time is unknown; observation_time is a pseudo-operational proxy
2008-10-28T00:00:00+00:00,2008-10-27,windermere,south,water_temperature,2.0,degC,month_2,2008-11-27,2008-12-26,,,,lead_dependent_anomaly_relaxation,1.0,False,,,0,0,,4f53cda18c2baa0c0354bb5f9a3ecbe5ed12ab4d8e11ba873c2f11161202b945,observation_time_proxy,historical data_available_time is unknown; observation_time is a pseudo-operational proxy
2008-10-28T00:00:00+00:00,2008-10-27,windermere,south,water_temperature,2.0,degC,month_3,2008-12-27,2009-01-25,,,,lead_dependent_anomaly_relaxation,1.0,False,,,0,0,,4f53cda18c2baa0c0354bb5f9a3ecbe5ed12ab4d8e11ba873c2f11161202b945,observation_time_proxy,historical data_available_time is unknown; observation_time is a pseudo-operational proxy
2008-11-04T00:00:00+00:00,2008-11-03,windermere,south,water_temperature,2.0,degC,month_1,2008-11-04,2008-12-03,,,,lead_dependent_anomaly_relaxation,1.0,False,,,0,0,,4f53cda18c2baa0c0354bb5f9a3ecbe5ed12ab4d8e11ba873c2f11161202b945,observation_time_proxy,historical data_available_time is unknown; observation_time is a pseudo-operational proxy
2008-11-04T00:00:00+00:00,2008-11-03,windermere,south,water_temperature,2.0,degC,month_2,2008-12-04,2009-01-02,,,,lead_dependent_anomaly_relaxation,1.0,False,,,0,0,,4f53cda18c2baa0c0354bb5f9a3ecbe5ed12ab4d8e11ba873c2f11161202b945,observation_time_proxy,historical data_available_time is unknown; observation_time is a pseudo-operational proxy
2008-11-04T00:00:00+00:00,2008-11-03,windermere,south,water_temperature,2.0,degC,month_3,2009-01-03,2009-02-01,,,,lead_dependent_anomaly_relaxation,1.0,False,,,0,0,,4f53cda18c2baa0c0354bb5f9a3ecbe5ed12ab4d8e11ba873c2f11161202b945,observation_time_proxy,historical data_available_time is unknown; observation_time is a pseudo-operational proxy
2008-11-11T00:00:00+00:00,2008-11-10,windermere,south,water_temperature,2.0,degC,month_1,2008-11-11,2008-12-10,,,,lead_dependent_anomaly_relaxation,1.0,False,,,0,0,,4f53cda18c2baa0c0354bb5f9a3ecbe5ed12ab4d8e11ba873c2f11161202b945,observation_time_proxy,historical data_available_time is unknown; observation_time is a pseudo-operational proxy
2008-11-11T00:00:00+00:00,2008-11-10,windermere,south,water_temperature,2.0,degC,month_2,2008-12-11,2009-01-09,,,,lead_dependent_anomaly_relaxation,1.0,False,,,0,0,,4f53cda18c2baa0c0354bb5f9a3ecbe5ed12ab4d8e11ba873c2f11161202b945,observation_time_proxy,historical data_available_time is unknown; observation_time is a pseudo-operational proxy
2008-11-11T00:00:00+00:00,2008-11-10,windermere,south,water_temperature,2.0,degC,month_3,2009-01-10,2009-02-08,,,,lead_dependent_anomaly_relaxation,1.0,False,,,0,0,,4f53cda18c2baa0c0354bb5f9a3ecbe5ed12ab4d8e11ba873c2f11161202b945,observation_time_proxy,historical data_available_time is unknown; observation_time is a pseudo-operational proxy
2008-11-18T00:00:00+00:00,2008-11-17,windermere,south,water_temperature,2.0,degC,month_1,2008-11-18,2008-12-17,,,,lead_dependent_anomaly_relaxation,1.0,False,,,0,0,,4f53cda18c2baa0c0354bb5f9a3ecbe5ed12ab4d8e11ba873c2f11161202b945,observation_time_proxy,historical data_available_time is unknown; observation_time is a pseudo-operational proxy
2008-11-18T00:00:00+00:00,2008-11-17,windermere,south,water_temperature,2.0,degC,month_2,2008-12-18,2009-01-16,,,,lead_dependent_anomaly_relaxation,1.0,False,,,0,0,,4f53cda18c2baa0c0354bb5f9a3ecbe5ed12ab4d8e11ba873c2f11161202b945,observation_time_proxy,historical data_available_time is unknown; observation_time is a pseudo-operational proxy
2008-11-18T00:00:00+00:00,2008-11-17,windermere,south,water_temperature,2.0,degC,month_3,2009-01-17,2009-02-15,,,,lead_dependent_anomaly_relaxation,1.0,False,,,0,0,,4f53cda18c2baa0c0354bb5f9a3ecbe5ed12ab4d8e11ba873c2f11161202b945,observation_time_proxy,historical data_available_time is unknown; observation_time is a pseudo-operational proxy
2008-11-25T00:00:00+00:00,2008-11-24,windermere,south,water_temperature,2.0,degC,month_1,2008-11-25,2008-12-24,,,,lead_dependent_anomaly_relaxation,1.0,False,,,0,0,,4f53cda18c2baa0c0354bb5f9a3ecbe5ed12ab4d8e11ba873c2f11161202b945,observation_time_proxy,historical data_available_time is unknown; observation_time is a pseudo-operational proxy
2008-11-25T00:00:00+00:00,2008-11-24,windermere,south,water_temperature,2.0,degC,month_2,2008-12-25,2009-01-23,,,,lead_dependent_anomaly_relaxation,1.0,False,,,0,0,,4f53cda18c2baa0c0354bb5f9a3ecbe5ed12ab4d8e11ba873c2f11161202b945,observation_time_proxy,historical data_available_time is unknown; observation_time is a pseudo-operational proxy
2008-11-25T00:00:00+00:00,2008-11-24,windermere,south,water_temperature,2.0,degC,month_3,2009-01-24,2009-02-22,,,,lead_dependent_anomaly_relaxation,1.0,False,,,0,0,,4f53cda18c2baa0c0354bb5f9a3ecbe5ed12ab4d8e11ba873c2f11161202b945,observation_time_proxy,historical data_available_time is unknown; observation_time is a pseudo-operational proxy
2008-12-02T00:00:00+00:00,2008-12-01,windermere,south,water_temperature,2.0,degC,month_1,2008-12-02,2008-12-31,,,,lead_dependent_anomaly_relaxation,1.0,False,,,0,0,,4f53cda18c2baa0c0354bb5f9a3ecbe5ed12ab4d8e11ba873c2f11161202b945,observation_time_proxy,historical data_available_time is unknown; observation_time is a pseudo-operational proxy
2008-12-02T00:00:00+00:00,2008-12-01,windermere,south,water_temperature,2.0,degC,month_2,2009-01-01,2009-01-30,,,,lead_dependent_anomaly_relaxation,1.0,False,,,0,0,,4f53cda18c2baa0c0354bb5f9a3ecbe5ed12ab4d8e11ba873c2f11161202b945,observation_time_proxy,historical data_available_time is unknown; observation_time is a pseudo-operational proxy
2008-12-02T00:00:00+00:00,2008-12-01,windermere,south,water_temperature,2.0,degC,month_3,2009-01-31,2009-03-01,,,,lead_dependent_anomaly_relaxation,1.0,False,,,0,0,,4f53cda18c2baa0c0354bb5f9a3ecbe5ed12ab4d8e11ba873c2f11161202b945,observation_time_proxy,historical data_available_time is unknown; observation_time is a pseudo-operational proxy
2008-12-09T00:00:00+00:00,2008-12-08,windermere,south,water_temperature,2.0,degC,month_1,2008-12-09,2009-01-07,,,,lead_dependent_anomaly_relaxation,1.0,False,,,0,0,,4f53cda18c2baa0c0354bb5f9a3ecbe5ed12ab4d8e11ba873c2f11161202b945,observation_time_proxy,historical data_available_time is unknown; observation_time is a pseudo-operational proxy
2008-12-09T00:00:00+00:00,2008-12-08,windermere,south,water_temperature,2.0,degC,month_2,2009-01-08,2009-02-06,,,,lead_dependent_anomaly_relaxation,1.0,False,,,0,0,,4f53cda18c2baa0c0354bb5f9a3ecbe5ed12ab4d8e11ba873c2f11161202b945,observation_time_proxy,historical data_available_time is unknown; observation_time is a pseudo-operational proxy
2008-12-09T00:00:00+00:00,2008-12-08,windermere,south,water_temperature,2.0,degC,month_3,2009-02-07,2009-03-08,,,,lead_dependent_anomaly_relaxation,1.0,False,,,0,0,,4f53cda18c2baa0c0354bb5f9a3ecbe5ed12ab4d8e11ba873c2f11161202b945,observation_time_proxy,historical data_available_time is unknown; observation_time is a pseudo-operational proxy
2008-12-16T00:00:00+00:00,2008-12-15,windermere,south,water_temperature,2.0,degC,month_1,2008-12-16,2009-01-14,,,,lead_dependent_anomaly_relaxation,1.0,False,,,0,0,,4f53cda18c2baa0c0354bb5f9a3ecbe5ed12ab4d8e11ba873c2f11161202b945,observation_time_proxy,historical data_available_time is unknown; observation_time is a pseudo-operational proxy
2008-12-16T00:00:00+00:00,2008-12-15,windermere,south,water_temperature,2.0,degC,month_2,2009-01-15,2009-02-13,,,,lead_dependent_anomaly_relaxation,1.0,False,,,0,0,,4f53cda18c2baa0c0354bb5f9a3ecbe5ed12ab4d8e11ba873c2f11161202b945,observation_time_proxy,historical data_available_time is unknown; observation_time is a pseudo-operational proxy
2008-12-16T00:00:00+00:00,2008-12-15,windermere,south,water_temperature,2.0,degC,month_3,2009-02-14,2009-03-15,,,,lead_dependent_anomaly_relaxation,1.0,False,,,0,0,,4f53cda18c2baa0c0354bb5f9a3ecbe5ed12ab4d8e11ba873c2f11161202b945,observation_time_proxy,historical data_available_time is unknown; observation_time is a pseudo-operational proxy
2008-12-23T00:00:00+00:00,2008-12-22,windermere,south,water_temperature,2.0,degC,month_1,2008-12-23,2009-01-21,,,,lead_dependent_anomaly_relaxation,1.0,False,,,0,0,,4f53cda18c2baa0c0354bb5f9a3ecbe5ed12ab4d8e11ba873c2f11161202b945,observation_time_proxy,historical data_available_time is unknown; observation_time is a pseudo-operational proxy
2008-12-23T00:00:00+00:00,2008-12-22,windermere,south,water_temperature,2.0,degC,month_2,2009-01-22,2009-02-20,,,,lead_dependent_anomaly_relaxation,1.0,False,,,0,0,,4f53cda18c2baa0c0354bb5f9a3ecbe5ed12ab4d8e11ba873c2f11161202b945,observation_time_proxy,historical data_available_time is unknown; observation_time is a pseudo-operational proxy
2008-12-23T00:00:00+00:00,2008-12-22,windermere,south,water_temperature,2.0,degC,month_3,2009-02-21,2009-03-22,,,,lead_dependent_anomaly_relaxation,1.0,False,,,0,0,,4f53cda18c2baa0c0354bb5f9a3ecbe5ed12ab4d8e11ba873c2f11161202b945,observation_time_proxy,historical data_available_time is unknown; observation_time is a pseudo-operational proxy
2008-12-30T00:00:00+00:00,2008-12-29,windermere,south,water_temperature,2.0,degC,month_1,2008-12-30,2009-01-28,,,,lead_dependent_anomaly_relaxation,1.0,False,,,0,0,,4f53cda18c2baa0c0354bb5f9a3ecbe5ed12ab4d8e11ba873c2f11161202b945,observation_time_proxy,historical data_available_time is unknown; observation_time is a pseudo-operational proxy
2008-12-30T00:00:00+00:00,2008-12-29,windermere,south,water_temperature,2.0,degC,month_2,2009-01-29,2009-02-27,,,,lead_dependent_anomaly_relaxation,1.0,False,,,0,0,,4f53cda18c2baa0c0354bb5f9a3ecbe5ed12ab4d8e11ba873c2f11161202b945,observation_time_proxy,historical data_available_time is unknown; observation_time is a pseudo-operational proxy
2008-12-30T00:00:00+00:00,2008-12-29,windermere,south,water_temperature,2.0,degC,month_3,2009-02-28,2009-03-29,,,,lead_dependent_anomaly_relaxation,1.0,False,,,0,0,,4f53cda18c2baa0c0354bb5f9a3ecbe5ed12ab4d8e11ba873c2f11161202b945,observation_time_proxy,historical data_available_time is unknown; observation_time is a pseudo-operational proxy
2009-01-06T00:00:00+00:00,2009-01-05,windermere,south,water_temperature,2.0,degC,month_1,2009-01-06,2009-02-04,,,,lead_dependent_anomaly_relaxation,1.0,False,,,0,0,,4f53cda18c2baa0c0354bb5f9a3ecbe5ed12ab4d8e11ba873c2f11161202b945,observation_time_proxy,historical data_available_time is unknown; observation_time is a pseudo-operational proxy
2009-01-06T00:00:00+00:00,2009-01-05,windermere,south,water_temperature,2.0,degC,month_2,2009-02-05,2009-03-06,,,,lead_dependent_anomaly_relaxation,1.0,False,,,0,0,,4f53cda18c2baa0c0354bb5f9a3ecbe5ed12ab4d8e11ba873c2f11161202b945,observation_time_proxy,historical data_available_time is unknown; observation_time is a pseudo-operational proxy
2009-01-06T00:00:00+00:00,2009-01-05,windermere,south,water_temperature,2.0,degC,month_3,2009-03-07,2009-04-05,,,,lead_dependent_anomaly_relaxation,1.0,False,,,0,0,,4f53cda18c2baa0c0354bb5f9a3ecbe5ed12ab4d8e11ba873c2f11161202b945,observation_time_proxy,historical data_available_time is unknown; observation_time is a pseudo-operational proxy
2009-01-13T00:00:00+00:00,2009-01-12,windermere,south,water_temperature,2.0,degC,month_1,2009-01-13,2009-02-11,,,,lead_dependent_anomaly_relaxation,1.0,False,,,0,0,,4f53cda18c2baa0c0354bb5f9a3ecbe5ed12ab4d8e11ba873c2f11161202b945,observation_time_proxy,historical data_available_time is unknown; observation_time is a pseudo-operational proxy
2009-01-13T00:00:00+00:00,2009-01-12,windermere,south,water_temperature,2.0,degC,month_2,2009-02-12,2009-03-13,,,,lead_dependent_anomaly_relaxation,1.0,False,,,0,0,,4f53cda18c2baa0c0354bb5f9a3ecbe5ed12ab4d8e11ba873c2f11161202b945,observation_time_proxy,historical data_available_time is unknown; observation_time is a pseudo-operational proxy
2009-01-13T00:00:00+00:00,2009-01-12,windermere,south,water_temperature,2.0,degC,month_3,2009-03-14,2009-04-12,,,,lead_dependent_anomaly_relaxation,1.0,False,,,0,0,,4f53cda18c2baa0c0354bb5f9a3ecbe5ed12ab4d8e11ba873c2f11161202b945,observation_time_proxy,historical data_available_time is unknown; observation_time is a pseudo-operational proxy
2009-01-20T00:00:00+00:00,2009-01-19,windermere,south,water_temperature,2.0,degC,month_1,2009-01-20,2009-02-18,,,,lead_dependent_anomaly_relaxation,1.0,False,,,0,0,,4f53cda18c2baa0c0354bb5f9a3ecbe5ed12ab4d8e11ba873c2f11161202b945,observation_time_proxy,historical data_available_time is unknown; observation_time is a pseudo-operational proxy
2009-01-20T00:00:00+00:00,2009-01-19,windermere,south,water_temperature,2.0,degC,month_2,2009-02-19,2009-03-20,,,,lead_dependent_anomaly_relaxation,1.0,False,,,0,0,,4f53cda18c2baa0c0354bb5f9a3ecbe5ed12ab4d8e11ba873c2f11161202b945,observation_time_proxy,historical data_available_time is unknown; observation_time is a pseudo-operational proxy
2009-01-20T00:00:00+00:00,2009-01-19,windermere,south,water_temperature,2.0,degC,month_3,2009-03-21,2009-04-19,,,,lead_dependent_anomaly_relaxation,1.0,False,,,0,0,,4f53cda18c2baa0c0354bb5f9a3ecbe5ed12ab4d8e11ba873c2f11161202b945,observation_time_proxy,historical data_available_time is unknown; observation_time is a pseudo-operational proxy
2009-01-27T00:00:00+00:00,2009-01-26,windermere,south,water_temperature,2.0,degC,month_1,2009-01-27,2009-02-25,,,,lead_dependent_anomaly_relaxation,1.0,False,,,0,0,,4f53cda18c2baa0c0354bb5f9a3ecbe5ed12ab4d8e11ba873c2f11161202b945,observation_time_proxy,historical data_available_time is unknown; observation_time is a pseudo-operational proxy
2009-01-27T00:00:00+00:00,2009-01-26,windermere,south,water_temperature,2.0,degC,month_2,2009-02-26,2009-03-27,,,,lead_dependent_anomaly_relaxation,1.0,False,,,0,0,,4f53cda18c2baa0c0354bb5f9a3ecbe5ed12ab4d8e11ba873c2f11161202b945,observation_time_proxy,historical data_available_time is unknown; observation_time is a pseudo-operational proxy
2009-01-27T00:00:00+00:00,2009-01-26,windermere,south,water_temperature,2.0,degC,month_3,2009-03-28,2009-04-26,,,,lead_dependent_anomaly_relaxation,1.0,False,,,0,0,,4f53cda18c2baa0c0354bb5f9a3ecbe5ed12ab4d8e11ba873c2f11161202b945,observation_time_proxy,historical data_available_time is unknown; observation_time is a pseudo-operational proxy
2009-02-03T00:00:00+00:00,2009-02-02,windermere,south,water_temperature,2.0,degC,month_1,2009-02-03,2009-03-04,,,,lead_dependent_anomaly_relaxation,1.0,False,,,0,0,,4f53cda18c2baa0c0354bb5f9a3ecbe5ed12ab4d8e11ba873c2f11161202b945,observation_time_proxy,historical data_available_time is unknown; observation_time is a pseudo-operational proxy
2009-02-03T00:00:00+00:00,2009-02-02,windermere,south,water_temperature,2.0,degC,month_2,2009-03-05,2009-04-03,,,,lead_dependent_anomaly_relaxation,1.0,False,,,0,0,,4f53cda18c2baa0c0354bb5f9a3ecbe5ed12ab4d8e11ba873c2f11161202b945,observation_time_proxy,historical data_available_time is unknown; observation_time is a pseudo-operational proxy
2009-02-03T00:00:00+00:00,2009-02-02,windermere,south,water_temperature,2.0,degC,month_3,2009-04-04,2009-05-03,,,,lead_dependent_anomaly_relaxation,1.0,False,,,0,0,,4f53cda18c2baa0c0354bb5f9a3ecbe5ed12ab4d8e11ba873c2f11161202b945,observation_time_proxy,historical data_available_time is unknown; observation_time is a pseudo-operational proxy
2009-02-10T00:00:00+00:00,2009-02-09,windermere,south,water_temperature,2.0,degC,month_1,2009-02-10,2009-03-11,,,,lead_dependent_anomaly_relaxation,1.0,False,,,0,0,,4f53cda18c2baa0c0354bb5f9a3ecbe5ed12ab4d8e11ba873c2f11161202b945,observation_time_proxy,historical data_available_time is unknown; observation_time is a pseudo-operational proxy
2009-02-10T00:00:00+00:00,2009-02-09,windermere,south,water_temperature,2.0,degC,month_2,2009-03-12,2009-04-10,,,,lead_dependent_anomaly_relaxation,1.0,False,,,0,0,,4f53cda18c2baa0c0354bb5f9a3ecbe5ed12ab4d8e11ba873c2f11161202b945,observation_time_proxy,historical data_available_time is unknown; observation_time is a pseudo-operational proxy
2009-02-10T00:00:00+00:00,2009-02-09,windermere,south,water_temperature,2.0,degC,month_3,2009-04-11,2009-05-10,,,,lead_dependent_anomaly_relaxation,1.0,False,,,0,0,,4f53cda18c2baa0c0354bb5f9a3ecbe5ed12ab4d8e11ba873c2f11161202b945,observation_time_proxy,historical data_available_time is unknown; observation_time is a pseudo-operational proxy
2009-02-17T00:00:00+00:00,2009-02-16,windermere,south,water_temperature,2.0,degC,month_1,2009-02-17,2009-03-18,,,,lead_dependent_anomaly_relaxation,1.0,False,,,0,0,,4f53cda18c2baa0c0354bb5f9a3ecbe5ed12ab4d8e11ba873c2f11161202b945,observation_time_proxy,historical data_available_time is unknown; observation_time is a pseudo-operational proxy
2009-02-17T00:00:00+00:00,2009-02-16,windermere,south,water_temperature,2.0,degC,month_2,2009-03-19,2009-04-17,,,,lead_dependent_anomaly_relaxation,1.0,False,,,0,0,,4f53cda18c2baa0c0354bb5f9a3ecbe5ed12ab4d8e11ba873c2f11161202b945,observation_time_proxy,historical data_available_time is unknown; observation_time is a pseudo-operational proxy
2009-02-17T00:00:00+00:00,2009-02-16,windermere,south,water_temperature,2.0,degC,month_3,2009-04-18,2009-05-17,,,,lead_dependent_anomaly_relaxation,1.0,False,,,0,0,,4f53cda18c2baa0c0354bb5f9a3ecbe5ed12ab4d8e11ba873c2f11161202b945,observation_time_proxy,historical data_available_time is unknown; observation_time is a pseudo-operational proxy
2009-02-24T00:00:00+00:00,2009-02-23,windermere,south,water_temperature,2.0,degC,month_1,2009-02-24,2009-03-25,,,,lead_dependent_anomaly_relaxation,1.0,False,,,0,0,,4f53cda18c2baa0c0354bb5f9a3ecbe5ed12ab4d8e11ba873c2f11161202b945,observation_time_proxy,historical data_available_time is unknown; observation_time is a pseudo-operational proxy
2009-02-24T00:00:00+00:00,2009-02-23,windermere,south,water_temperature,2.0,degC,month_2,2009-03-26,2009-04-24,,,,lead_dependent_anomaly_relaxation,1.0,False,,,0,0,,4f53cda18c2baa0c0354bb5f9a3ecbe5ed12ab4d8e11ba873c2f11161202b945,observation_time_proxy,historical data_available_time is unknown; observation_time is a pseudo-operational proxy
2009-02-24T00:00:00+00:00,2009-02-23,windermere,south,water_temperature,2.0,degC,month_3,2009-04-25,2009-05-24,,,,lead_dependent_anomaly_relaxation,1.0,False,,,0,0,,4f53cda18c2baa0c0354bb5f9a3ecbe5ed12ab4d8e11ba873c2f11161202b945,observation_time_proxy,historical data_available_time is unknown; observation_time is a pseudo-operational proxy
2009-03-03T00:00:00+00:00,2009-03-02,windermere,south,water_temperature,2.0,degC,month_1,2009-03-03,2009-04-01,,,,lead_dependent_anomaly_relaxation,1.0,False,,,0,0,,4f53cda18c2baa0c0354bb5f9a3ecbe5ed12ab4d8e11ba873c2f11161202b945,observation_time_proxy,historical data_available_time is unknown; observation_time is a pseudo-operational proxy
2009-03-03T00:00:00+00:00,2009-03-02,windermere,south,water_temperature,2.0,degC,month_2,2009-04-02,2009-05-01,,,,lead_dependent_anomaly_relaxation,1.0,False,,,0,0,,4f53cda18c2baa0c0354bb5f9a3ecbe5ed12ab4d8e11ba873c2f11161202b945,observation_time_proxy,historical data_available_time is unknown; observation_time is a pseudo-operational proxy
2009-03-03T00:00:00+00:00,2009-03-02,windermere,south,water_temperature,2.0,degC,month_3,2009-05-02,2009-05-31,,,,lead_dependent_anomaly_relaxation,1.0,False,,,0,0,,4f53cda18c2baa0c0354bb5f9a3ecbe5ed12ab4d8e11ba873c2f11161202b945,observation_time_proxy,historical data_available_time is unknown; observation_time is a pseudo-operational proxy
2009-03-10T00:00:00+00:00,2009-03-09,windermere,south,water_temperature,2.0,degC,month_1,2009-03-10,2009-04-08,,,,lead_dependent_anomaly_relaxation,1.0,False,,,0,0,,4f53cda18c2baa0c0354bb5f9a3ecbe5ed12ab4d8e11ba873c2f11161202b945,observation_time_proxy,historical data_available_time is unknown; observation_time is a pseudo-operational proxy
2009-03-10T00:00:00+00:00,2009-03-09,windermere,south,water_temperature,2.0,degC,month_2,2009-04-09,2009-05-08,,,,lead_dependent_anomaly_relaxation,1.0,False,,,0,0,,4f53cda18c2baa0c0354bb5f9a3ecbe5ed12ab4d8e11ba873c2f11161202b945,observation_time_proxy,historical data_available_time is unknown; observation_time is a pseudo-operational proxy
2009-03-10T00:00:00+00:00,2009-03-09,windermere,south,water_temperature,2.0,degC,month_3,2009-05-09,2009-06-07,,,,lead_dependent_anomaly_relaxation,1.0,False,,,0,0,,4f53cda18c2baa0c0354bb5f9a3ecbe5ed12ab4d8e11ba873c2f11161202b945,observation_time_proxy,historical data_available_time is unknown; observation_time is a pseudo-operational proxy
2009-03-17T00:00:00+00:00,2009-03-16,windermere,south,water_temperature,2.0,degC,month_1,2009-03-17,2009-04-15,,,,lead_dependent_anomaly_relaxation,1.0,False,,,0,0,,4f53cda18c2baa0c0354bb5f9a3ecbe5ed12ab4d8e11ba873c2f11161202b945,observation_time_proxy,historical data_available_time is unknown; observation_time is a pseudo-operational proxy
2009-03-17T00:00:00+00:00,2009-03-16,windermere,south,water_temperature,2.0,degC,month_2,2009-04-16,2009-05-15,,,,lead_dependent_anomaly_relaxation,1.0,False,,,0,0,,4f53cda18c2baa0c0354bb5f9a3ecbe5ed12ab4d8e11ba873c2f11161202b945,observation_time_proxy,historical data_available_time is unknown; observation_time is a pseudo-operational proxy
2009-03-17T00:00:00+00:00,2009-03-16,windermere,south,water_temperature,2.0,degC,month_3,2009-05-16,2009-06-14,,,,lead_dependent_anomaly_relaxation,1.0,False,,,0,0,,4f53cda18c2baa0c0354bb5f9a3ecbe5ed12ab4d8e11ba873c2f11161202b945,observation_time_proxy,historical data_available_time is unknown; observation_time is a pseudo-operational proxy
2009-03-24T00:00:00+00:00,2009-03-23,windermere,south,water_temperature,2.0,degC,month_1,2009-03-24,2009-04-22,,,,lead_dependent_anomaly_relaxation,1.0,False,,,0,0,,4f53cda18c2baa0c0354bb5f9a3ecbe5ed12ab4d8e11ba873c2f11161202b945,observation_time_proxy,historical data_available_time is unknown; observation_time is a pseudo-operational proxy
2009-03-24T00:00:00+00:00,2009-03-23,windermere,south,water_temperature,2.0,degC,month_2,2009-04-23,2009-05-22,,,,lead_dependent_anomaly_relaxation,1.0,False,,,0,0,,4f53cda18c2baa0c0354bb5f9a3ecbe5ed12ab4d8e11ba873c2f11161202b945,observation_time_proxy,historical data_available_time is unknown; observation_time is a pseudo-operational proxy
2009-03-24T00:00:00+00:00,2009-03-23,windermere,south,water_temperature,2.0,degC,month_3,2009-05-23,2009-06-21,,,,lead_dependent_anomaly_relaxation,1.0,False,,,0,0,,4f53cda18c2baa0c0354bb5f9a3ecbe5ed12ab4d8e11ba873c2f11161202b945,observation_time_proxy,historical data_available_time is unknown; observation_time is a pseudo-operational proxy
2009-03-31T00:00:00+00:00,2009-03-30,windermere,south,water_temperature,2.0,degC,month_1,2009-03-31,2009-04-29,,,,lead_dependent_anomaly_relaxation,1.0,False,,,0,0,,4f53cda18c2baa0c0354bb5f9a3ecbe5ed12ab4d8e11ba873c2f11161202b945,observation_time_proxy,historical data_available_time is unknown; observation_time is a pseudo-operational proxy
2009-03-31T00:00:00+00:00,2009-03-30,windermere,south,water_temperature,2.0,degC,month_2,2009-04-30,2009-05-29,,,,lead_dependent_anomaly_relaxation,1.0,False,,,0,0,,4f53cda18c2baa0c0354bb5f9a3ecbe5ed12ab4d8e11ba873c2f11161202b945,observation_time_proxy,historical data_available_time is unknown; observation_time is a pseudo-operational proxy
2009-03-31T00:00:00+00:00,2009-03-30,windermere,south,water_temperature,2.0,degC,month_3,2009-05-30,2009-06-28,,,,lead_dependent_anomaly_relaxation,1.0,False,,,0,0,,4f53cda18c2baa0c0354bb5f9a3ecbe5ed12ab4d8e11ba873c2f11161202b945,observation_time_proxy,historical data_available_time is unknown; observation_time is a pseudo-operational proxy
2009-04-07T00:00:00+00:00,2009-04-06,windermere,south,water_temperature,2.0,degC,month_1,2009-04-07,2009-05-06,,,,lead_dependent_anomaly_relaxation,1.0,False,,,0,0,,4f53cda18c2baa0c0354bb5f9a3ecbe5ed12ab4d8e11ba873c2f11161202b945,observation_time_proxy,historical data_available_time is unknown; observation_time is a pseudo-operational proxy
2009-04-07T00:00:00+00:00,2009-04-06,windermere,south,water_temperature,2.0,degC,month_2,2009-05-07,2009-06-05,,,,lead_dependent_anomaly_relaxation,1.0,False,,,0,0,,4f53cda18c2baa0c0354bb5f9a3ecbe5ed12ab4d8e11ba873c2f11161202b945,observation_time_proxy,historical data_available_time is unknown; observation_time is a pseudo-operational proxy
2009-04-07T00:00:00+00:00,2009-04-06,windermere,south,water_temperature,2.0,degC,month_3,2009-06-06,2009-07-05,,,,lead_dependent_anomaly_relaxation,1.0,False,,,0,0,,4f53cda18c2baa0c0354bb5f9a3ecbe5ed12ab4d8e11ba873c2f11161202b945,observation_time_proxy,historical data_available_time is unknown; observation_time is a pseudo-operational proxy
2009-04-14T00:00:00+00:00,2009-04-13,windermere,south,water_temperature,2.0,degC,month_1,2009-04-14,2009-05-13,,,,lead_dependent_anomaly_relaxation,1.0,False,,,0,0,,4f53cda18c2baa0c0354bb5f9a3ecbe5ed12ab4d8e11ba873c2f11161202b945,observation_time_proxy,historical data_available_time is unknown; observation_time is a pseudo-operational proxy
2009-04-14T00:00:00+00:00,2009-04-13,windermere,south,water_temperature,2.0,degC,month_2,2009-05-14,2009-06-12,,,,lead_dependent_anomaly_relaxation,1.0,False,,,0,0,,4f53cda18c2baa0c0354bb5f9a3ecbe5ed12ab4d8e11ba873c2f11161202b945,observation_time_proxy,historical data_available_time is unknown; observation_time is a pseudo-operational proxy
2009-04-14T00:00:00+00:00,2009-04-13,windermere,south,water_temperature,2.0,degC,month_3,2009-06-13,2009-07-12,,,,lead_dependent_anomaly_relaxation,1.0,False,,,0,0,,4f53cda18c2baa0c0354bb5f9a3ecbe5ed12ab4d8e11ba873c2f11161202b945,observation_time_proxy,historical data_available_time is unknown; observation_time is a pseudo-operational proxy
2009-04-21T00:00:00+00:00,2009-04-20,windermere,south,water_temperature,2.0,degC,month_1,2009-04-21,2009-05-20,,,,lead_dependent_anomaly_relaxation,1.0,False,,,0,0,,4f53cda18c2baa0c0354bb5f9a3ecbe5ed12ab4d8e11ba873c2f11161202b945,observation_time_proxy,historical data_available_time is unknown; observation_time is a pseudo-operational proxy
2009-04-21T00:00:00+00:00,2009-04-20,windermere,south,water_temperature,2.0,degC,month_2,2009-05-21,2009-06-19,,,,lead_dependent_anomaly_relaxation,1.0,False,,,0,0,,4f53cda18c2baa0c0354bb5f9a3ecbe5ed12ab4d8e11ba873c2f11161202b945,observation_time_proxy,historical data_available_time is unknown; observation_time is a pseudo-operational proxy
2009-04-21T00:00:00+00:00,2009-04-20,windermere,south,water_temperature,2.0,degC,month_3,2009-06-20,2009-07-19,,,,lead_dependent_anomaly_relaxation,1.0,False,,,0,0,,4f53cda18c2baa0c0354bb5f9a3ecbe5ed12ab4d8e11ba873c2f11161202b945,observation_time_proxy,historical data_available_time is unknown; observation_time is a pseudo-operational proxy
2009-04-28T00:00:00+00:00,2009-04-27,windermere,south,water_temperature,2.0,degC,month_1,2009-04-28,2009-05-27,,,,lead_dependent_anomaly_relaxation,1.0,False,,,0,0,,4f53cda18c2baa0c0354bb5f9a3ecbe5ed12ab4d8e11ba873c2f11161202b945,observation_time_proxy,historical data_available_time is unknown; observation_time is a pseudo-operational proxy
2009-04-28T00:00:00+00:00,2009-04-27,windermere,south,water_temperature,2.0,degC,month_2,2009-05-28,2009-06-26,,,,lead_dependent_anomaly_relaxation,1.0,False,,,0,0,,4f53cda18c2baa0c0354bb5f9a3ecbe5ed12ab4d8e11ba873c2f11161202b945,observation_time_proxy,historical data_available_time is unknown; observation_time is a pseudo-operational proxy
2009-04-28T00:00:00+00:00,2009-04-27,windermere,south,water_temperature,2.0,degC,month_3,2009-06-27,2009-07-26,,,,lead_dependent_anomaly_relaxation,1.0,False,,,0,0,,4f53cda18c2baa0c0354bb5f9a3ecbe5ed12ab4d8e11ba873c2f11161202b945,observation_time_proxy,historical data_available_time is unknown; observation_time is a pseudo-operational proxy
2009-05-05T00:00:00+00:00,2009-05-04,windermere,south,water_temperature,2.0,degC,month_1,2009-05-05,2009-06-03,,,,lead_dependent_anomaly_relaxation,1.0,False,,,0,0,,4f53cda18c2baa0c0354bb5f9a3ecbe5ed12ab4d8e11ba873c2f11161202b945,observation_time_proxy,historical data_available_time is unknown; observation_time is a pseudo-operational proxy
2009-05-05T00:00:00+00:00,2009-05-04,windermere,south,water_temperature,2.0,degC,month_2,2009-06-04,2009-07-03,,,,lead_dependent_anomaly_relaxation,1.0,False,,,0,0,,4f53cda18c2baa0c0354bb5f9a3ecbe5ed12ab4d8e11ba873c2f11161202b945,observation_time_proxy,historical data_available_time is unknown; observation_time is a pseudo-operational proxy
2009-05-05T00:00:00+00:00,2009-05-04,windermere,south,water_temperature,2.0,degC,month_3,2009-07-04,2009-08-02,,,,lead_dependent_anomaly_relaxation,1.0,False,,,0,0,,4f53cda18c2baa0c0354bb5f9a3ecbe5ed12ab4d8e11ba873c2f11161202b945,observation_time_proxy,historical data_available_time is unknown; observation_time is a pseudo-operational proxy
2009-05-12T00:00:00+00:00,2009-05-11,windermere,south,water_temperature,2.0,degC,month_1,2009-05-12,2009-06-10,,,,lead_dependent_anomaly_relaxation,1.0,False,,,0,0,,4f53cda18c2baa0c0354bb5f9a3ecbe5ed12ab4d8e11ba873c2f11161202b945,observation_time_proxy,historical data_available_time is unknown; observation_time is a pseudo-operational proxy
2009-05-12T00:00:00+00:00,2009-05-11,windermere,south,water_temperature,2.0,degC,month_2,2009-06-11,2009-07-10,,,,lead_dependent_anomaly_relaxation,1.0,False,,,0,0,,4f53cda18c2baa0c0354bb5f9a3ecbe5ed12ab4d8e11ba873c2f11161202b945,observation_time_proxy,historical data_available_time is unknown; observation_time is a pseudo-operational proxy
2009-05-12T00:00:00+00:00,2009-05-11,windermere,south,water_temperature,2.0,degC,month_3,2009-07-11,2009-08-09,,,,lead_dependent_anomaly_relaxation,1.0,False,,,0,0,,4f53cda18c2baa0c0354bb5f9a3ecbe5ed12ab4d8e11ba873c2f11161202b945,observation_time_proxy,historical data_available_time is unknown; observation_time is a pseudo-operational proxy
2009-05-19T00:00:00+00:00,2009-05-18,windermere,south,water_temperature,2.0,degC,month_1,2009-05-19,2009-06-17,,,,lead_dependent_anomaly_relaxation,1.0,False,,,0,0,,4f53cda18c2baa0c0354bb5f9a3ecbe5ed12ab4d8e11ba873c2f11161202b945,observation_time_proxy,historical data_available_time is unknown; observation_time is a pseudo-operational proxy
2009-05-19T00:00:00+00:00,2009-05-18,windermere,south,water_temperature,2.0,degC,month_2,2009-06-18,2009-07-17,,,,lead_dependent_anomaly_relaxation,1.0,False,,,0,0,,4f53cda18c2baa0c0354bb5f9a3ecbe5ed12ab4d8e11ba873c2f11161202b945,observation_time_proxy,historical data_available_time is unknown; observation_time is a pseudo-operational proxy
2009-05-19T00:00:00+00:00,2009-05-18,windermere,south,water_temperature,2.0,degC,month_3,2009-07-18,2009-08-16,,,,lead_dependent_anomaly_relaxation,1.0,False,,,0,0,,4f53cda18c2baa0c0354bb5f9a3ecbe5ed12ab4d8e11ba873c2f11161202b945,observation_time_proxy,historical data_available_time is unknown; observation_time is a pseudo-operational proxy
2009-05-26T00:00:00+00:00,2009-05-25,windermere,south,water_temperature,2.0,degC,month_1,2009-05-26,2009-06-24,,,,lead_dependent_anomaly_relaxation,1.0,False,,,0,0,,4f53cda18c2baa0c0354bb5f9a3ecbe5ed12ab4d8e11ba873c2f11161202b945,observation_time_proxy,historical data_available_time is unknown; observation_time is a pseudo-operational proxy
2009-05-26T00:00:00+00:00,2009-05-25,windermere,south,water_temperature,2.0,degC,month_2,2009-06-25,2009-07-24,,,,lead_dependent_anomaly_relaxation,1.0,False,,,0,0,,4f53cda18c2baa0c0354bb5f9a3ecbe5ed12ab4d8e11ba873c2f11161202b945,observation_time_proxy,historical data_available_time is unknown; observation_time is a pseudo-operational proxy
2009-05-26T00:00:00+00:00,2009-05-25,windermere,south,water_temperature,2.0,degC,month_3,2009-07-25,2009-08-23,,,,lead_dependent_anomaly_relaxation,1.0,False,,,0,0,,4f53cda18c2baa0c0354bb5f9a3ecbe5ed12ab4d8e11ba873c2f11161202b945,observation_time_proxy,historical data_available_time is unknown; observation_time is a pseudo-operational proxy
2009-06-02T00:00:00+00:00,2009-06-01,windermere,south,water_temperature,2.0,degC,month_1,2009-06-02,2009-07-01,,,,lead_dependent_anomaly_relaxation,1.0,False,,,0,0,,4f53cda18c2baa0c0354bb5f9a3ecbe5ed12ab4d8e11ba873c2f11161202b945,observation_time_proxy,historical data_available_time is unknown; observation_time is a pseudo-operational proxy
2009-06-02T00:00:00+00:00,2009-06-01,windermere,south,water_temperature,2.0,degC,month_2,2009-07-02,2009-07-31,,,,lead_dependent_anomaly_relaxation,1.0,False,,,0,0,,4f53cda18c2baa0c0354bb5f9a3ecbe5ed12ab4d8e11ba873c2f11161202b945,observation_time_proxy,historical data_available_time is unknown; observation_time is a pseudo-operational proxy
2009-06-02T00:00:00+00:00,2009-06-01,windermere,south,water_temperature,2.0,degC,month_3,2009-08-01,2009-08-30,,,,lead_dependent_anomaly_relaxation,1.0,False,,,0,0,,4f53cda18c2baa0c0354bb5f9a3ecbe5ed12ab4d8e11ba873c2f11161202b945,observation_time_proxy,historical data_available_time is unknown; observation_time is a pseudo-operational proxy
2009-06-09T00:00:00+00:00,2009-06-08,windermere,south,water_temperature,2.0,degC,month_1,2009-06-09,2009-07-08,,,,lead_dependent_anomaly_relaxation,1.0,False,,,0,0,,4f53cda18c2baa0c0354bb5f9a3ecbe5ed12ab4d8e11ba873c2f11161202b945,observation_time_proxy,historical data_available_time is unknown; observation_time is a pseudo-operational proxy
2009-06-09T00:00:00+00:00,2009-06-08,windermere,south,water_temperature,2.0,degC,month_2,2009-07-09,2009-08-07,,,,lead_dependent_anomaly_relaxation,1.0,False,,,0,0,,4f53cda18c2baa0c0354bb5f9a3ecbe5ed12ab4d8e11ba873c2f11161202b945,observation_time_proxy,historical data_available_time is unknown; observation_time is a pseudo-operational proxy
2009-06-09T00:00:00+00:00,2009-06-08,windermere,south,water_temperature,2.0,degC,month_3,2009-08-08,2009-09-06,,,,lead_dependent_anomaly_relaxation,1.0,False,,,0,0,,4f53cda18c2baa0c0354bb5f9a3ecbe5ed12ab4d8e11ba873c2f11161202b945,observation_time_proxy,historical data_available_time is unknown; observation_time is a pseudo-operational proxy
2009-06-16T00:00:00+00:00,2009-06-15,windermere,south,water_temperature,2.0,degC,month_1,2009-06-16,2009-07-15,,,,lead_dependent_anomaly_relaxation,1.0,False,,,0,0,,4f53cda18c2baa0c0354bb5f9a3ecbe5ed12ab4d8e11ba873c2f11161202b945,observation_time_proxy,historical data_available_time is unknown; observation_time is a pseudo-operational proxy
2009-06-16T00:00:00+00:00,2009-06-15,windermere,south,water_temperature,2.0,degC,month_2,2009-07-16,2009-08-14,,,,lead_dependent_anomaly_relaxation,1.0,False,,,0,0,,4f53cda18c2baa0c0354bb5f9a3ecbe5ed12ab4d8e11ba873c2f11161202b945,observation_time_proxy,historical data_available_time is unknown; observation_time is a pseudo-operational proxy
2009-06-16T00:00:00+00:00,2009-06-15,windermere,south,water_temperature,2.0,degC,month_3,2009-08-15,2009-09-13,,,,lead_dependent_anomaly_relaxation,1.0,False,,,0,0,,4f53cda18c2baa0c0354bb5f9a3ecbe5ed12ab4d8e11ba873c2f11161202b945,observation_time_proxy,historical data_available_time is unknown; observation_time is a pseudo-operational proxy
2009-06-23T00:00:00+00:00,2009-06-22,windermere,south,water_temperature,2.0,degC,month_1,2009-06-23,2009-07-22,,,,lead_dependent_anomaly_relaxation,1.0,False,,,0,0,,4f53cda18c2baa0c0354bb5f9a3ecbe5ed12ab4d8e11ba873c2f11161202b945,observation_time_proxy,historical data_available_time is unknown; observation_time is a pseudo-operational proxy
2009-06-23T00:00:00+00:00,2009-06-22,windermere,south,water_temperature,2.0,degC,month_2,2009-07-23,2009-08-21,,,,lead_dependent_anomaly_relaxation,1.0,False,,,0,0,,4f53cda18c2baa0c0354bb5f9a3ecbe5ed12ab4d8e11ba873c2f11161202b945,observation_time_proxy,historical data_available_time is unknown; observation_time is a pseudo-operational proxy
2009-06-23T00:00:00+00:00,2009-06-22,windermere,south,water_temperature,2.0,degC,month_3,2009-08-22,2009-09-20,,,,lead_dependent_anomaly_relaxation,1.0,False,,,0,0,,4f53cda18c2baa0c0354bb5f9a3ecbe5ed12ab4d8e11ba873c2f11161202b945,observation_time_proxy,historical data_available_time is unknown; observation_time is a pseudo-operational proxy
2009-06-30T00:00:00+00:00,2009-06-29,windermere,south,water_temperature,2.0,degC,month_1,2009-06-30,2009-07-29,,,,lead_dependent_anomaly_relaxation,1.0,False,,,0,0,,4f53cda18c2baa0c0354bb5f9a3ecbe5ed12ab4d8e11ba873c2f11161202b945,observation_time_proxy,historical data_available_time is unknown; observation_time is a pseudo-operational proxy
2009-06-30T00:00:00+00:00,2009-06-29,windermere,south,water_temperature,2.0,degC,month_2,2009-07-30,2009-08-28,,,,lead_dependent_anomaly_relaxation,1.0,False,,,0,0,,4f53cda18c2baa0c0354bb5f9a3ecbe5ed12ab4d8e11ba873c2f11161202b945,observation_time_proxy,historical data_available_time is unknown; observation_time is a pseudo-operational proxy
2009-06-30T00:00:00+00:00,2009-06-29,windermere,south,water_temperature,2.0,degC,month_3,2009-08-29,2009-09-27,,,,lead_dependent_anomaly_relaxation,1.0,False,,,0,0,,4f53cda18c2baa0c0354bb5f9a3ecbe5ed12ab4d8e11ba873c2f11161202b945,observation_time_proxy,historical data_available_time is unknown; observation_time is a pseudo-operational proxy
2009-07-07T00:00:00+00:00,2009-07-06,windermere,south,water_temperature,2.0,degC,month_1,2009-07-07,2009-08-05,,,,lead_dependent_anomaly_relaxation,1.0,False,,,0,0,,4f53cda18c2baa0c0354bb5f9a3ecbe5ed12ab4d8e11ba873c2f11161202b945,observation_time_proxy,historical data_available_time is unknown; observation_time is a pseudo-operational proxy
2009-07-07T00:00:00+00:00,2009-07-06,windermere,south,water_temperature,2.0,degC,month_2,2009-08-06,2009-09-04,,,,lead_dependent_anomaly_relaxation,1.0,False,,,0,0,,4f53cda18c2baa0c0354bb5f9a3ecbe5ed12ab4d8e11ba873c2f11161202b945,observation_time_proxy,historical data_available_time is unknown; observation_time is a pseudo-operational proxy
2009-07-07T00:00:00+00:00,2009-07-06,windermere,south,water_temperature,2.0,degC,month_3,2009-09-05,2009-10-04,,,,lead_dependent_anomaly_relaxation,1.0,False,,,0,0,,4f53cda18c2baa0c0354bb5f9a3ecbe5ed12ab4d8e11ba873c2f11161202b945,observation_time_proxy,historical data_available_time is unknown; observation_time is a pseudo-operational proxy
2009-07-14T00:00:00+00:00,2009-07-13,windermere,south,water_temperature,2.0,degC,month_1,2009-07-14,2009-08-12,,,,lead_dependent_anomaly_relaxation,1.0,False,,,0,0,,4f53cda18c2baa0c0354bb5f9a3ecbe5ed12ab4d8e11ba873c2f11161202b945,observation_time_proxy,historical data_available_time is unknown; observation_time is a pseudo-operational proxy
2009-07-14T00:00:00+00:00,2009-07-13,windermere,south,water_temperature,2.0,degC,month_2,2009-08-13,2009-09-11,,,,lead_dependent_anomaly_relaxation,1.0,False,,,0,0,,4f53cda18c2baa0c0354bb5f9a3ecbe5ed12ab4d8e11ba873c2f11161202b945,observation_time_proxy,historical data_available_time is unknown; observation_time is a pseudo-operational proxy
2009-07-14T00:00:00+00:00,2009-07-13,windermere,south,water_temperature,2.0,degC,month_3,2009-09-12,2009-10-11,,,,lead_dependent_anomaly_relaxation,1.0,False,,,0,0,,4f53cda18c2baa0c0354bb5f9a3ecbe5ed12ab4d8e11ba873c2f11161202b945,observation_time_proxy,historical data_available_time is unknown; observation_time is a pseudo-operational proxy
2009-07-21T00:00:00+00:00,2009-07-20,windermere,south,water_temperature,2.0,degC,month_1,2009-07-21,2009-08-19,,,,lead_dependent_anomaly_relaxation,1.0,False,,,0,0,,4f53cda18c2baa0c0354bb5f9a3ecbe5ed12ab4d8e11ba873c2f11161202b945,observation_time_proxy,historical data_available_time is unknown; observation_time is a pseudo-operational proxy
2009-07-21T00:00:00+00:00,2009-07-20,windermere,south,water_temperature,2.0,degC,month_2,2009-08-20,2009-09-18,,,,lead_dependent_anomaly_relaxation,1.0,False,,,0,0,,4f53cda18c2baa0c0354bb5f9a3ecbe5ed12ab4d8e11ba873c2f11161202b945,observation_time_proxy,historical data_available_time is unknown; observation_time is a pseudo-operational proxy
2009-07-21T00:00:00+00:00,2009-07-20,windermere,south,water_temperature,2.0,degC,month_3,2009-09-19,2009-10-18,,,,lead_dependent_anomaly_relaxation,1.0,False,,,0,0,,4f53cda18c2baa0c0354bb5f9a3ecbe5ed12ab4d8e11ba873c2f11161202b945,observation_time_proxy,historical data_available_time is unknown; observation_time is a pseudo-operational proxy
2009-07-28T00:00:00+00:00,2009-07-27,windermere,south,water_temperature,2.0,degC,month_1,2009-07-28,2009-08-26,,,,lead_dependent_anomaly_relaxation,1.0,False,,,0,0,,4f53cda18c2baa0c0354bb5f9a3ecbe5ed12ab4d8e11ba873c2f11161202b945,observation_time_proxy,historical data_available_time is unknown; observation_time is a pseudo-operational proxy
2009-07-28T00:00:00+00:00,2009-07-27,windermere,south,water_temperature,2.0,degC,month_2,2009-08-27,2009-09-25,,,,lead_dependent_anomaly_relaxation,1.0,False,,,0,0,,4f53cda18c2baa0c0354bb5f9a3ecbe5ed12ab4d8e11ba873c2f11161202b945,observation_time_proxy,historical data_available_time is unknown; observation_time is a pseudo-operational proxy
2009-07-28T00:00:00+00:00,2009-07-27,windermere,south,water_temperature,2.0,degC,month_3,2009-09-26,2009-10-25,,,,lead_dependent_anomaly_relaxation,1.0,False,,,0,0,,4f53cda18c2baa0c0354bb5f9a3ecbe5ed12ab4d8e11ba873c2f11161202b945,observation_time_proxy,historical data_available_time is unknown; observation_time is a pseudo-operational proxy
2009-08-04T00:00:00+00:00,2009-08-03,windermere,south,water_temperature,2.0,degC,month_1,2009-08-04,2009-09-02,,,,lead_dependent_anomaly_relaxation,1.0,False,,,0,0,,4f53cda18c2baa0c0354bb5f9a3ecbe5ed12ab4d8e11ba873c2f11161202b945,observation_time_proxy,historical data_available_time is unknown; observation_time is a pseudo-operational proxy
2009-08-04T00:00:00+00:00,2009-08-03,windermere,south,water_temperature,2.0,degC,month_2,2009-09-03,2009-10-02,,,,lead_dependent_anomaly_relaxation,1.0,False,,,0,0,,4f53cda18c2baa0c0354bb5f9a3ecbe5ed12ab4d8e11ba873c2f11161202b945,observation_time_proxy,historical data_available_time is unknown; observation_time is a pseudo-operational proxy
2009-08-04T00:00:00+00:00,2009-08-03,windermere,south,water_temperature,2.0,degC,month_3,2009-10-03,2009-11-01,,,,lead_dependent_anomaly_relaxation,1.0,False,,,0,0,,4f53cda18c2baa0c0354bb5f9a3ecbe5ed12ab4d8e11ba873c2f11161202b945,observation_time_proxy,historical data_available_time is unknown; observation_time is a pseudo-operational proxy
2009-08-11T00:00:00+00:00,2009-08-10,windermere,south,water_temperature,2.0,degC,month_1,2009-08-11,2009-09-09,,,,lead_dependent_anomaly_relaxation,1.0,False,,,0,0,,4f53cda18c2baa0c0354bb5f9a3ecbe5ed12ab4d8e11ba873c2f11161202b945,observation_time_proxy,historical data_available_time is unknown; observation_time is a pseudo-operational proxy
2009-08-11T00:00:00+00:00,2009-08-10,windermere,south,water_temperature,2.0,degC,month_2,2009-09-10,2009-10-09,,,,lead_dependent_anomaly_relaxation,1.0,False,,,0,0,,4f53cda18c2baa0c0354bb5f9a3ecbe5ed12ab4d8e11ba873c2f11161202b945,observation_time_proxy,historical data_available_time is unknown; observation_time is a pseudo-operational proxy
2009-08-11T00:00:00+00:00,2009-08-10,windermere,south,water_temperature,2.0,degC,month_3,2009-10-10,2009-11-08,,,,lead_dependent_anomaly_relaxation,1.0,False,,,0,0,,4f53cda18c2baa0c0354bb5f9a3ecbe5ed12ab4d8e11ba873c2f11161202b945,observation_time_proxy,historical data_available_time is unknown; observation_time is a pseudo-operational proxy
2009-08-18T00:00:00+00:00,2009-08-17,windermere,south,water_temperature,2.0,degC,month_1,2009-08-18,2009-09-16,,,,lead_dependent_anomaly_relaxation,1.0,False,,,0,0,,4f53cda18c2baa0c0354bb5f9a3ecbe5ed12ab4d8e11ba873c2f11161202b945,observation_time_proxy,historical data_available_time is unknown; observation_time is a pseudo-operational proxy
2009-08-18T00:00:00+00:00,2009-08-17,windermere,south,water_temperature,2.0,degC,month_2,2009-09-17,2009-10-16,,,,lead_dependent_anomaly_relaxation,1.0,False,,,0,0,,4f53cda18c2baa0c0354bb5f9a3ecbe5ed12ab4d8e11ba873c2f11161202b945,observation_time_proxy,historical data_available_time is unknown; observation_time is a pseudo-operational proxy
2009-08-18T00:00:00+00:00,2009-08-17,windermere,south,water_temperature,2.0,degC,month_3,2009-10-17,2009-11-15,,,,lead_dependent_anomaly_relaxation,1.0,False,,,0,0,,4f53cda18c2baa0c0354bb5f9a3ecbe5ed12ab4d8e11ba873c2f11161202b945,observation_time_proxy,historical data_available_time is unknown; observation_time is a pseudo-operational proxy
2009-08-25T00:00:00+00:00,2009-08-24,windermere,south,water_temperature,2.0,degC,month_1,2009-08-25,2009-09-23,,,,lead_dependent_anomaly_relaxation,1.0,False,,,0,0,,4f53cda18c2baa0c0354bb5f9a3ecbe5ed12ab4d8e11ba873c2f11161202b945,observation_time_proxy,historical data_available_time is unknown; observation_time is a pseudo-operational proxy
2009-08-25T00:00:00+00:00,2009-08-24,windermere,south,water_temperature,2.0,degC,month_2,2009-09-24,2009-10-23,,,,lead_dependent_anomaly_relaxation,1.0,False,,,0,0,,4f53cda18c2baa0c0354bb5f9a3ecbe5ed12ab4d8e11ba873c2f11161202b945,observation_time_proxy,historical data_available_time is unknown; observation_time is a pseudo-operational proxy
2009-08-25T00:00:00+00:00,2009-08-24,windermere,south,water_temperature,2.0,degC,month_3,2009-10-24,2009-11-22,,,,lead_dependent_anomaly_relaxation,1.0,False,,,0,0,,4f53cda18c2baa0c0354bb5f9a3ecbe5ed12ab4d8e11ba873c2f11161202b945,observation_time_proxy,historical data_available_time is unknown; observation_time is a pseudo-operational proxy
2009-09-01T00:00:00+00:00,2009-08-31,windermere,south,water_temperature,2.0,degC,month_1,2009-09-01,2009-09-30,,,,lead_dependent_anomaly_relaxation,1.0,False,,,0,0,,4f53cda18c2baa0c0354bb5f9a3ecbe5ed12ab4d8e11ba873c2f11161202b945,observation_time_proxy,historical data_available_time is unknown; observation_time is a pseudo-operational proxy
2009-09-01T00:00:00+00:00,2009-08-31,windermere,south,water_temperature,2.0,degC,month_2,2009-10-01,2009-10-30,,,,lead_dependent_anomaly_relaxation,1.0,False,,,0,0,,4f53cda18c2baa0c0354bb5f9a3ecbe5ed12ab4d8e11ba873c2f11161202b945,observation_time_proxy,historical data_available_time is unknown; observation_time is a pseudo-operational proxy
2009-09-01T00:00:00+00:00,2009-08-31,windermere,south,water_temperature,2.0,degC,month_3,2009-10-31,2009-11-29,,,,lead_dependent_anomaly_relaxation,1.0,False,,,0,0,,4f53cda18c2baa0c0354bb5f9a3ecbe5ed12ab4d8e11ba873c2f11161202b945,observation_time_proxy,historical data_available_time is unknown; observation_time is a pseudo-operational proxy
2009-09-08T00:00:00+00:00,2009-09-07,windermere,south,water_temperature,2.0,degC,month_1,2009-09-08,2009-10-07,,,,lead_dependent_anomaly_relaxation,1.0,False,,,0,0,,4f53cda18c2baa0c0354bb5f9a3ecbe5ed12ab4d8e11ba873c2f11161202b945,observation_time_proxy,historical data_available_time is unknown; observation_time is a pseudo-operational proxy
2009-09-08T00:00:00+00:00,2009-09-07,windermere,south,water_temperature,2.0,degC,month_2,2009-10-08,2009-11-06,,,,lead_dependent_anomaly_relaxation,1.0,False,,,0,0,,4f53cda18c2baa0c0354bb5f9a3ecbe5ed12ab4d8e11ba873c2f11161202b945,observation_time_proxy,historical data_available_time is unknown; observation_time is a pseudo-operational proxy
2009-09-08T00:00:00+00:00,2009-09-07,windermere,south,water_temperature,2.0,degC,month_3,2009-11-07,2009-12-06,,,,lead_dependent_anomaly_relaxation,1.0,False,,,0,0,,4f53cda18c2baa0c0354bb5f9a3ecbe5ed12ab4d8e11ba873c2f11161202b945,observation_time_proxy,historical data_available_time is unknown; observation_time is a pseudo-operational proxy
2009-09-15T00:00:00+00:00,2009-09-14,windermere,south,water_temperature,2.0,degC,month_1,2009-09-15,2009-10-14,,,,lead_dependent_anomaly_relaxation,1.0,False,,,0,0,,4f53cda18c2baa0c0354bb5f9a3ecbe5ed12ab4d8e11ba873c2f11161202b945,observation_time_proxy,historical data_available_time is unknown; observation_time is a pseudo-operational proxy
2009-09-15T00:00:00+00:00,2009-09-14,windermere,south,water_temperature,2.0,degC,month_2,2009-10-15,2009-11-13,,,,lead_dependent_anomaly_relaxation,1.0,False,,,0,0,,4f53cda18c2baa0c0354bb5f9a3ecbe5ed12ab4d8e11ba873c2f11161202b945,observation_time_proxy,historical data_available_time is unknown; observation_time is a pseudo-operational proxy
2009-09-15T00:00:00+00:00,2009-09-14,windermere,south,water_temperature,2.0,degC,month_3,2009-11-14,2009-12-13,,,,lead_dependent_anomaly_relaxation,1.0,False,,,0,0,,4f53cda18c2baa0c0354bb5f9a3ecbe5ed12ab4d8e11ba873c2f11161202b945,observation_time_proxy,historical data_available_time is unknown; observation_time is a pseudo-operational proxy
2009-09-22T00:00:00+00:00,2009-09-21,windermere,south,water_temperature,2.0,degC,month_1,2009-09-22,2009-10-21,,,,lead_dependent_anomaly_relaxation,1.0,False,,,0,0,,4f53cda18c2baa0c0354bb5f9a3ecbe5ed12ab4d8e11ba873c2f11161202b945,observation_time_proxy,historical data_available_time is unknown; observation_time is a pseudo-operational proxy
2009-09-22T00:00:00+00:00,2009-09-21,windermere,south,water_temperature,2.0,degC,month_2,2009-10-22,2009-11-20,,,,lead_dependent_anomaly_relaxation,1.0,False,,,0,0,,4f53cda18c2baa0c0354bb5f9a3ecbe5ed12ab4d8e11ba873c2f11161202b945,observation_time_proxy,historical data_available_time is unknown; observation_time is a pseudo-operational proxy
2009-09-22T00:00:00+00:00,2009-09-21,windermere,south,water_temperature,2.0,degC,month_3,2009-11-21,2009-12-20,,,,lead_dependent_anomaly_relaxation,1.0,False,,,0,0,,4f53cda18c2baa0c0354bb5f9a3ecbe5ed12ab4d8e11ba873c2f11161202b945,observation_time_proxy,historical data_available_time is unknown; observation_time is a pseudo-operational proxy
2009-09-29T00:00:00+00:00,2009-09-28,windermere,south,water_temperature,2.0,degC,month_1,2009-09-29,2009-10-28,,,,lead_dependent_anomaly_relaxation,1.0,False,,,0,0,,4f53cda18c2baa0c0354bb5f9a3ecbe5ed12ab4d8e11ba873c2f11161202b945,observation_time_proxy,historical data_available_time is unknown; observation_time is a pseudo-operational proxy
2009-09-29T00:00:00+00:00,2009-09-28,windermere,south,water_temperature,2.0,degC,month_2,2009-10-29,2009-11-27,,,,lead_dependent_anomaly_relaxation,1.0,False,,,0,0,,4f53cda18c2baa0c0354bb5f9a3ecbe5ed12ab4d8e11ba873c2f11161202b945,observation_time_proxy,historical data_available_time is unknown; observation_time is a pseudo-operational proxy
2009-09-29T00:00:00+00:00,2009-09-28,windermere,south,water_temperature,2.0,degC,month_3,2009-11-28,2009-12-27,,,,lead_dependent_anomaly_relaxation,1.0,False,,,0,0,,4f53cda18c2baa0c0354bb5f9a3ecbe5ed12ab4d8e11ba873c2f11161202b945,observation_time_proxy,historical data_available_time is unknown; observation_time is a pseudo-operational proxy
2009-10-06T00:00:00+00:00,2009-10-05,windermere,south,water_temperature,2.0,degC,month_1,2009-10-06,2009-11-04,,,,lead_dependent_anomaly_relaxation,1.0,False,,,0,0,,4f53cda18c2baa0c0354bb5f9a3ecbe5ed12ab4d8e11ba873c2f11161202b945,observation_time_proxy,historical data_available_time is unknown; observation_time is a pseudo-operational proxy
2009-10-06T00:00:00+00:00,2009-10-05,windermere,south,water_temperature,2.0,degC,month_2,2009-11-05,2009-12-04,,,,lead_dependent_anomaly_relaxation,1.0,False,,,0,0,,4f53cda18c2baa0c0354bb5f9a3ecbe5ed12ab4d8e11ba873c2f11161202b945,observation_time_proxy,historical data_available_time is unknown; observation_time is a pseudo-operational proxy
2009-10-06T00:00:00+00:00,2009-10-05,windermere,south,water_temperature,2.0,degC,month_3,2009-12-05,2010-01-03,,,,lead_dependent_anomaly_relaxation,1.0,False,,,0,0,,4f53cda18c2baa0c0354bb5f9a3ecbe5ed12ab4d8e11ba873c2f11161202b945,observation_time_proxy,historical data_available_time is unknown; observation_time is a pseudo-operational proxy
2009-10-13T00:00:00+00:00,2009-10-12,windermere,south,water_temperature,2.0,degC,month_1,2009-10-13,2009-11-11,,,,lead_dependent_anomaly_relaxation,1.0,False,,,0,0,,4f53cda18c2baa0c0354bb5f9a3ecbe5ed12ab4d8e11ba873c2f11161202b945,observation_time_proxy,historical data_available_time is unknown; observation_time is a pseudo-operational proxy
2009-10-13T00:00:00+00:00,2009-10-12,windermere,south,water_temperature,2.0,degC,month_2,2009-11-12,2009-12-11,,,,lead_dependent_anomaly_relaxation,1.0,False,,,0,0,,4f53cda18c2baa0c0354bb5f9a3ecbe5ed12ab4d8e11ba873c2f11161202b945,observation_time_proxy,historical data_available_time is unknown; observation_time is a pseudo-operational proxy
2009-10-13T00:00:00+00:00,2009-10-12,windermere,south,water_temperature,2.0,degC,month_3,2009-12-12,2010-01-10,,,,lead_dependent_anomaly_relaxation,1.0,False,,,0,0,,4f53cda18c2baa0c0354bb5f9a3ecbe5ed12ab4d8e11ba873c2f11161202b945,observation_time_proxy,historical data_available_time is unknown; observation_time is a pseudo-operational proxy
2009-10-20T00:00:00+00:00,2009-10-19,windermere,south,water_temperature,2.0,degC,month_1,2009-10-20,2009-11-18,,,,lead_dependent_anomaly_relaxation,1.0,False,,,0,0,,4f53cda18c2baa0c0354bb5f9a3ecbe5ed12ab4d8e11ba873c2f11161202b945,observation_time_proxy,historical data_available_time is unknown; observation_time is a pseudo-operational proxy
2009-10-20T00:00:00+00:00,2009-10-19,windermere,south,water_temperature,2.0,degC,month_2,2009-11-19,2009-12-18,,,,lead_dependent_anomaly_relaxation,1.0,False,,,0,0,,4f53cda18c2baa0c0354bb5f9a3ecbe5ed12ab4d8e11ba873c2f11161202b945,observation_time_proxy,historical data_available_time is unknown; observation_time is a pseudo-operational proxy
2009-10-20T00:00:00+00:00,2009-10-19,windermere,south,water_temperature,2.0,degC,month_3,2009-12-19,2010-01-17,,,,lead_dependent_anomaly_relaxation,1.0,False,,,0,0,,4f53cda18c2baa0c0354bb5f9a3ecbe5ed12ab4d8e11ba873c2f11161202b945,observation_time_proxy,historical data_available_time is unknown; observation_time is a pseudo-operational proxy
2009-10-27T00:00:00+00:00,2009-10-26,windermere,south,water_temperature,2.0,degC,month_1,2009-10-27,2009-11-25,,,,lead_dependent_anomaly_relaxation,1.0,False,,,0,0,,4f53cda18c2baa0c0354bb5f9a3ecbe5ed12ab4d8e11ba873c2f11161202b945,observation_time_proxy,historical data_available_time is unknown; observation_time is a pseudo-operational proxy
2009-10-27T00:00:00+00:00,2009-10-26,windermere,south,water_temperature,2.0,degC,month_2,2009-11-26,2009-12-25,,,,lead_dependent_anomaly_relaxation,1.0,False,,,0,0,,4f53cda18c2baa0c0354bb5f9a3ecbe5ed12ab4d8e11ba873c2f11161202b945,observation_time_proxy,historical data_available_time is unknown; observation_time is a pseudo-operational proxy
2009-10-27T00:00:00+00:00,2009-10-26,windermere,south,water_temperature,2.0,degC,month_3,2009-12-26,2010-01-24,,,,lead_dependent_anomaly_relaxation,1.0,False,,,0,0,,4f53cda18c2baa0c0354bb5f9a3ecbe5ed12ab4d8e11ba873c2f11161202b945,observation_time_proxy,historical data_available_time is unknown; observation_time is a pseudo-operational proxy
2009-11-03T00:00:00+00:00,2009-11-02,windermere,south,water_temperature,2.0,degC,month_1,2009-11-03,2009-12-02,,,,lead_dependent_anomaly_relaxation,1.0,False,,,0,0,,4f53cda18c2baa0c0354bb5f9a3ecbe5ed12ab4d8e11ba873c2f11161202b945,observation_time_proxy,historical data_available_time is unknown; observation_time is a pseudo-operational proxy
2009-11-03T00:00:00+00:00,2009-11-02,windermere,south,water_temperature,2.0,degC,month_2,2009-12-03,2010-01-01,,,,lead_dependent_anomaly_relaxation,1.0,False,,,0,0,,4f53cda18c2baa0c0354bb5f9a3ecbe5ed12ab4d8e11ba873c2f11161202b945,observation_time_proxy,historical data_available_time is unknown; observation_time is a pseudo-operational proxy
2009-11-03T00:00:00+00:00,2009-11-02,windermere,south,water_temperature,2.0,degC,month_3,2010-01-02,2010-01-31,,,,lead_dependent_anomaly_relaxation,1.0,False,,,0,0,,4f53cda18c2baa0c0354bb5f9a3ecbe5ed12ab4d8e11ba873c2f11161202b945,observation_time_proxy,historical data_available_time is unknown; observation_time is a pseudo-operational proxy
2009-11-10T00:00:00+00:00,2009-11-09,windermere,south,water_temperature,2.0,degC,month_1,2009-11-10,2009-12-09,,,,lead_dependent_anomaly_relaxation,1.0,False,,,0,0,,4f53cda18c2baa0c0354bb5f9a3ecbe5ed12ab4d8e11ba873c2f11161202b945,observation_time_proxy,historical data_available_time is unknown; observation_time is a pseudo-operational proxy
2009-11-10T00:00:00+00:00,2009-11-09,windermere,south,water_temperature,2.0,degC,month_2,2009-12-10,2010-01-08,,,,lead_dependent_anomaly_relaxation,1.0,False,,,0,0,,4f53cda18c2baa0c0354bb5f9a3ecbe5ed12ab4d8e11ba873c2f11161202b945,observation_time_proxy,historical data_available_time is unknown; observation_time is a pseudo-operational proxy
2009-11-10T00:00:00+00:00,2009-11-09,windermere,south,water_temperature,2.0,degC,month_3,2010-01-09,2010-02-07,,,,lead_dependent_anomaly_relaxation,1.0,False,,,0,0,,4f53cda18c2baa0c0354bb5f9a3ecbe5ed12ab4d8e11ba873c2f11161202b945,observation_time_proxy,historical data_available_time is unknown; observation_time is a pseudo-operational proxy
2009-11-17T00:00:00+00:00,2009-11-16,windermere,south,water_temperature,2.0,degC,month_1,2009-11-17,2009-12-16,,,,lead_dependent_anomaly_relaxation,1.0,False,,,0,0,,4f53cda18c2baa0c0354bb5f9a3ecbe5ed12ab4d8e11ba873c2f11161202b945,observation_time_proxy,historical data_available_time is unknown; observation_time is a pseudo-operational proxy
2009-11-17T00:00:00+00:00,2009-11-16,windermere,south,water_temperature,2.0,degC,month_2,2009-12-17,2010-01-15,,,,lead_dependent_anomaly_relaxation,1.0,False,,,0,0,,4f53cda18c2baa0c0354bb5f9a3ecbe5ed12ab4d8e11ba873c2f11161202b945,observation_time_proxy,historical data_available_time is unknown; observation_time is a pseudo-operational proxy
2009-11-17T00:00:00+00:00,2009-11-16,windermere,south,water_temperature,2.0,degC,month_3,2010-01-16,2010-02-14,,,,lead_dependent_anomaly_relaxation,1.0,False,,,0,0,,4f53cda18c2baa0c0354bb5f9a3ecbe5ed12ab4d8e11ba873c2f11161202b945,observation_time_proxy,historical data_available_time is unknown; observation_time is a pseudo-operational proxy
2009-11-24T00:00:00+00:00,2009-11-23,windermere,south,water_temperature,2.0,degC,month_1,2009-11-24,2009-12-23,,,,lead_dependent_anomaly_relaxation,1.0,False,,,0,0,,4f53cda18c2baa0c0354bb5f9a3ecbe5ed12ab4d8e11ba873c2f11161202b945,observation_time_proxy,historical data_available_time is unknown; observation_time is a pseudo-operational proxy
2009-11-24T00:00:00+00:00,2009-11-23,windermere,south,water_temperature,2.0,degC,month_2,2009-12-24,2010-01-22,,,,lead_dependent_anomaly_relaxation,1.0,False,,,0,0,,4f53cda18c2baa0c0354bb5f9a3ecbe5ed12ab4d8e11ba873c2f11161202b945,observation_time_proxy,historical data_available_time is unknown; observation_time is a pseudo-operational proxy
2009-11-24T00:00:00+00:00,2009-11-23,windermere,south,water_temperature,2.0,degC,month_3,2010-01-23,2010-02-21,,,,lead_dependent_anomaly_relaxation,1.0,False,,,0,0,,4f53cda18c2baa0c0354bb5f9a3ecbe5ed12ab4d8e11ba873c2f11161202b945,observation_time_proxy,historical data_available_time is unknown; observation_time is a pseudo-operational proxy
2009-12-01T00:00:00+00:00,2009-11-30,windermere,south,water_temperature,2.0,degC,month_1,2009-12-01,2009-12-30,,,,lead_dependent_anomaly_relaxation,1.0,False,,,0,0,,4f53cda18c2baa0c0354bb5f9a3ecbe5ed12ab4d8e11ba873c2f11161202b945,observation_time_proxy,historical data_available_time is unknown; observation_time is a pseudo-operational proxy
2009-12-01T00:00:00+00:00,2009-11-30,windermere,south,water_temperature,2.0,degC,month_2,2009-12-31,2010-01-29,,,,lead_dependent_anomaly_relaxation,1.0,False,,,0,0,,4f53cda18c2baa0c0354bb5f9a3ecbe5ed12ab4d8e11ba873c2f11161202b945,observation_time_proxy,historical data_available_time is unknown; observation_time is a pseudo-operational proxy
2009-12-01T00:00:00+00:00,2009-11-30,windermere,south,water_temperature,2.0,degC,month_3,2010-01-30,2010-02-28,,,,lead_dependent_anomaly_relaxation,1.0,False,,,0,0,,4f53cda18c2baa0c0354bb5f9a3ecbe5ed12ab4d8e11ba873c2f11161202b945,observation_time_proxy,historical data_available_time is unknown; observation_time is a pseudo-operational proxy
2009-12-08T00:00:00+00:00,2009-12-07,windermere,south,water_temperature,2.0,degC,month_1,2009-12-08,2010-01-06,,,,lead_dependent_anomaly_relaxation,1.0,False,,,0,0,,4f53cda18c2baa0c0354bb5f9a3ecbe5ed12ab4d8e11ba873c2f11161202b945,observation_time_proxy,historical data_available_time is unknown; observation_time is a pseudo-operational proxy
2009-12-08T00:00:00+00:00,2009-12-07,windermere,south,water_temperature,2.0,degC,month_2,2010-01-07,2010-02-05,,,,lead_dependent_anomaly_relaxation,1.0,False,,,0,0,,4f53cda18c2baa0c0354bb5f9a3ecbe5ed12ab4d8e11ba873c2f11161202b945,observation_time_proxy,historical data_available_time is unknown; observation_time is a pseudo-operational proxy
2009-12-08T00:00:00+00:00,2009-12-07,windermere,south,water_temperature,2.0,degC,month_3,2010-02-06,2010-03-07,,,,lead_dependent_anomaly_relaxation,1.0,False,,,0,0,,4f53cda18c2baa0c0354bb5f9a3ecbe5ed12ab4d8e11ba873c2f11161202b945,observation_time_proxy,historical data_available_time is unknown; observation_time is a pseudo-operational proxy
2009-12-15T00:00:00+00:00,2009-12-14,windermere,south,water_temperature,2.0,degC,month_1,2009-12-15,2010-01-13,,,,lead_dependent_anomaly_relaxation,1.0,False,,,0,0,,4f53cda18c2baa0c0354bb5f9a3ecbe5ed12ab4d8e11ba873c2f11161202b945,observation_time_proxy,historical data_available_time is unknown; observation_time is a pseudo-operational proxy
2009-12-15T00:00:00+00:00,2009-12-14,windermere,south,water_temperature,2.0,degC,month_2,2010-01-14,2010-02-12,,,,lead_dependent_anomaly_relaxation,1.0,False,,,0,0,,4f53cda18c2baa0c0354bb5f9a3ecbe5ed12ab4d8e11ba873c2f11161202b945,observation_time_proxy,historical data_available_time is unknown; observation_time is a pseudo-operational proxy
2009-12-15T00:00:00+00:00,2009-12-14,windermere,south,water_temperature,2.0,degC,month_3,2010-02-13,2010-03-14,,,,lead_dependent_anomaly_relaxation,1.0,False,,,0,0,,4f53cda18c2baa0c0354bb5f9a3ecbe5ed12ab4d8e11ba873c2f11161202b945,observation_time_proxy,historical data_available_time is unknown; observation_time is a pseudo-operational proxy
2009-12-22T00:00:00+00:00,2009-12-21,windermere,south,water_temperature,2.0,degC,month_1,2009-12-22,2010-01-20,,,,lead_dependent_anomaly_relaxation,1.0,False,,,0,0,,4f53cda18c2baa0c0354bb5f9a3ecbe5ed12ab4d8e11ba873c2f11161202b945,observation_time_proxy,historical data_available_time is unknown; observation_time is a pseudo-operational proxy
2009-12-22T00:00:00+00:00,2009-12-21,windermere,south,water_temperature,2.0,degC,month_2,2010-01-21,2010-02-19,,,,lead_dependent_anomaly_relaxation,1.0,False,,,0,0,,4f53cda18c2baa0c0354bb5f9a3ecbe5ed12ab4d8e11ba873c2f11161202b945,observation_time_proxy,historical data_available_time is unknown; observation_time is a pseudo-operational proxy
2009-12-22T00:00:00+00:00,2009-12-21,windermere,south,water_temperature,2.0,degC,month_3,2010-02-20,2010-03-21,,,,lead_dependent_anomaly_relaxation,1.0,False,,,0,0,,4f53cda18c2baa0c0354bb5f9a3ecbe5ed12ab4d8e11ba873c2f11161202b945,observation_time_proxy,historical data_available_time is unknown; observation_time is a pseudo-operational proxy
2009-12-29T00:00:00+00:00,2009-12-28,windermere,south,water_temperature,2.0,degC,month_1,2009-12-29,2010-01-27,,,,lead_dependent_anomaly_relaxation,1.0,False,,,0,0,,4f53cda18c2baa0c0354bb5f9a3ecbe5ed12ab4d8e11ba873c2f11161202b945,observation_time_proxy,historical data_available_time is unknown; observation_time is a pseudo-operational proxy
2009-12-29T00:00:00+00:00,2009-12-28,windermere,south,water_temperature,2.0,degC,month_2,2010-01-28,2010-02-26,,,,lead_dependent_anomaly_relaxation,1.0,False,,,0,0,,4f53cda18c2baa0c0354bb5f9a3ecbe5ed12ab4d8e11ba873c2f11161202b945,observation_time_proxy,historical data_available_time is unknown; observation_time is a pseudo-operational proxy
2009-12-29T00:00:00+00:00,2009-12-28,windermere,south,water_temperature,2.0,degC,month_3,2010-02-27,2010-03-28,,,,lead_dependent_anomaly_relaxation,1.0,False,,,0,0,,4f53cda18c2baa0c0354bb5f9a3ecbe5ed12ab4d8e11ba873c2f11161202b945,observation_time_proxy,historical data_available_time is unknown; observation_time is a pseudo-operational proxy
2010-01-05T00:00:00+00:00,2010-01-04,windermere,south,water_temperature,2.0,degC,month_1,2010-01-05,2010-02-03,,,,lead_dependent_anomaly_relaxation,1.0,False,,,0,0,,4f53cda18c2baa0c0354bb5f9a3ecbe5ed12ab4d8e11ba873c2f11161202b945,observation_time_proxy,historical data_available_time is unknown; observation_time is a pseudo-operational proxy
2010-01-05T00:00:00+00:00,2010-01-04,windermere,south,water_temperature,2.0,degC,month_2,2010-02-04,2010-03-05,,,,lead_dependent_anomaly_relaxation,1.0,False,,,0,0,,4f53cda18c2baa0c0354bb5f9a3ecbe5ed12ab4d8e11ba873c2f11161202b945,observation_time_proxy,historical data_available_time is unknown; observation_time is a pseudo-operational proxy
2010-01-05T00:00:00+00:00,2010-01-04,windermere,south,water_temperature,2.0,degC,month_3,2010-03-06,2010-04-04,,,,lead_dependent_anomaly_relaxation,1.0,False,,,0,0,,4f53cda18c2baa0c0354bb5f9a3ecbe5ed12ab4d8e11ba873c2f11161202b945,observation_time_proxy,historical data_available_time is unknown; observation_time is a pseudo-operational proxy
2010-01-12T00:00:00+00:00,2010-01-11,windermere,south,water_temperature,2.0,degC,month_1,2010-01-12,2010-02-10,,,,lead_dependent_anomaly_relaxation,1.0,False,,,0,0,,4f53cda18c2baa0c0354bb5f9a3ecbe5ed12ab4d8e11ba873c2f11161202b945,observation_time_proxy,historical data_available_time is unknown; observation_time is a pseudo-operational proxy
2010-01-12T00:00:00+00:00,2010-01-11,windermere,south,water_temperature,2.0,degC,month_2,2010-02-11,2010-03-12,,,,lead_dependent_anomaly_relaxation,1.0,False,,,0,0,,4f53cda18c2baa0c0354bb5f9a3ecbe5ed12ab4d8e11ba873c2f11161202b945,observation_time_proxy,historical data_available_time is unknown; observation_time is a pseudo-operational proxy
2010-01-12T00:00:00+00:00,2010-01-11,windermere,south,water_temperature,2.0,degC,month_3,2010-03-13,2010-04-11,,,,lead_dependent_anomaly_relaxation,1.0,False,,,0,0,,4f53cda18c2baa0c0354bb5f9a3ecbe5ed12ab4d8e11ba873c2f11161202b945,observation_time_proxy,historical data_available_time is unknown; observation_time is a pseudo-operational proxy
2010-01-19T00:00:00+00:00,2010-01-18,windermere,south,water_temperature,2.0,degC,month_1,2010-01-19,2010-02-17,,,,lead_dependent_anomaly_relaxation,1.0,False,,,0,0,,4f53cda18c2baa0c0354bb5f9a3ecbe5ed12ab4d8e11ba873c2f11161202b945,observation_time_proxy,historical data_available_time is unknown; observation_time is a pseudo-operational proxy
2010-01-19T00:00:00+00:00,2010-01-18,windermere,south,water_temperature,2.0,degC,month_2,2010-02-18,2010-03-19,,,,lead_dependent_anomaly_relaxation,1.0,False,,,0,0,,4f53cda18c2baa0c0354bb5f9a3ecbe5ed12ab4d8e11ba873c2f11161202b945,observation_time_proxy,historical data_available_time is unknown; observation_time is a pseudo-operational proxy
2010-01-19T00:00:00+00:00,2010-01-18,windermere,south,water_temperature,2.0,degC,month_3,2010-03-20,2010-04-18,,,,lead_dependent_anomaly_relaxation,1.0,False,,,0,0,,4f53cda18c2baa0c0354bb5f9a3ecbe5ed12ab4d8e11ba873c2f11161202b945,observation_time_proxy,historical data_available_time is unknown; observation_time is a pseudo-operational proxy
2010-01-26T00:00:00+00:00,2010-01-25,windermere,south,water_temperature,2.0,degC,month_1,2010-01-26,2010-02-24,,,,lead_dependent_anomaly_relaxation,1.0,False,,,0,0,,4f53cda18c2baa0c0354bb5f9a3ecbe5ed12ab4d8e11ba873c2f11161202b945,observation_time_proxy,historical data_available_time is unknown; observation_time is a pseudo-operational proxy
2010-01-26T00:00:00+00:00,2010-01-25,windermere,south,water_temperature,2.0,degC,month_2,2010-02-25,2010-03-26,,,,lead_dependent_anomaly_relaxation,1.0,False,,,0,0,,4f53cda18c2baa0c0354bb5f9a3ecbe5ed12ab4d8e11ba873c2f11161202b945,observation_time_proxy,historical data_available_time is unknown; observation_time is a pseudo-operational proxy
2010-01-26T00:00:00+00:00,2010-01-25,windermere,south,water_temperature,2.0,degC,month_3,2010-03-27,2010-04-25,,,,lead_dependent_anomaly_relaxation,1.0,False,,,0,0,,4f53cda18c2baa0c0354bb5f9a3ecbe5ed12ab4d8e11ba873c2f11161202b945,observation_time_proxy,historical data_available_time is unknown; observation_time is a pseudo-operational proxy
2010-02-02T00:00:00+00:00,2010-02-01,windermere,south,water_temperature,2.0,degC,month_1,2010-02-02,2010-03-03,,,,lead_dependent_anomaly_relaxation,1.0,False,,,0,0,,4f53cda18c2baa0c0354bb5f9a3ecbe5ed12ab4d8e11ba873c2f11161202b945,observation_time_proxy,historical data_available_time is unknown; observation_time is a pseudo-operational proxy
2010-02-02T00:00:00+00:00,2010-02-01,windermere,south,water_temperature,2.0,degC,month_2,2010-03-04,2010-04-02,,,,lead_dependent_anomaly_relaxation,1.0,False,,,0,0,,4f53cda18c2baa0c0354bb5f9a3ecbe5ed12ab4d8e11ba873c2f11161202b945,observation_time_proxy,historical data_available_time is unknown; observation_time is a pseudo-operational proxy
2010-02-02T00:00:00+00:00,2010-02-01,windermere,south,water_temperature,2.0,degC,month_3,2010-04-03,2010-05-02,,,,lead_dependent_anomaly_relaxation,1.0,False,,,0,0,,4f53cda18c2baa0c0354bb5f9a3ecbe5ed12ab4d8e11ba873c2f11161202b945,observation_time_proxy,historical data_available_time is unknown; observation_time is a pseudo-operational proxy
2010-02-09T00:00:00+00:00,2010-02-08,windermere,south,water_temperature,2.0,degC,month_1,2010-02-09,2010-03-10,,,,lead_dependent_anomaly_relaxation,1.0,False,,,0,0,,4f53cda18c2baa0c0354bb5f9a3ecbe5ed12ab4d8e11ba873c2f11161202b945,observation_time_proxy,historical data_available_time is unknown; observation_time is a pseudo-operational proxy
2010-02-09T00:00:00+00:00,2010-02-08,windermere,south,water_temperature,2.0,degC,month_2,2010-03-11,2010-04-09,,,,lead_dependent_anomaly_relaxation,1.0,False,,,0,0,,4f53cda18c2baa0c0354bb5f9a3ecbe5ed12ab4d8e11ba873c2f11161202b945,observation_time_proxy,historical data_available_time is unknown; observation_time is a pseudo-operational proxy
2010-02-09T00:00:00+00:00,2010-02-08,windermere,south,water_temperature,2.0,degC,month_3,2010-04-10,2010-05-09,,,,lead_dependent_anomaly_relaxation,1.0,False,,,0,0,,4f53cda18c2baa0c0354bb5f9a3ecbe5ed12ab4d8e11ba873c2f11161202b945,observation_time_proxy,historical data_available_time is unknown; observation_time is a pseudo-operational proxy
2010-02-16T00:00:00+00:00,2010-02-15,windermere,south,water_temperature,2.0,degC,month_1,2010-02-16,2010-03-17,,,,lead_dependent_anomaly_relaxation,1.0,False,,,0,0,,4f53cda18c2baa0c0354bb5f9a3ecbe5ed12ab4d8e11ba873c2f11161202b945,observation_time_proxy,historical data_available_time is unknown; observation_time is a pseudo-operational proxy
2010-02-16T00:00:00+00:00,2010-02-15,windermere,south,water_temperature,2.0,degC,month_2,2010-03-18,2010-04-16,,,,lead_dependent_anomaly_relaxation,1.0,False,,,0,0,,4f53cda18c2baa0c0354bb5f9a3ecbe5ed12ab4d8e11ba873c2f11161202b945,observation_time_proxy,historical data_available_time is unknown; observation_time is a pseudo-operational proxy
2010-02-16T00:00:00+00:00,2010-02-15,windermere,south,water_temperature,2.0,degC,month_3,2010-04-17,2010-05-16,,,,lead_dependent_anomaly_relaxation,1.0,False,,,0,0,,4f53cda18c2baa0c0354bb5f9a3ecbe5ed12ab4d8e11ba873c2f11161202b945,observation_time_proxy,historical data_available_time is unknown; observation_time is a pseudo-operational proxy
2010-02-23T00:00:00+00:00,2010-02-22,windermere,south,water_temperature,2.0,degC,month_1,2010-02-23,2010-03-24,,,,lead_dependent_anomaly_relaxation,1.0,False,,,0,0,,4f53cda18c2baa0c0354bb5f9a3ecbe5ed12ab4d8e11ba873c2f11161202b945,observation_time_proxy,historical data_available_time is unknown; observation_time is a pseudo-operational proxy
2010-02-23T00:00:00+00:00,2010-02-22,windermere,south,water_temperature,2.0,degC,month_2,2010-03-25,2010-04-23,,,,lead_dependent_anomaly_relaxation,1.0,False,,,0,0,,4f53cda18c2baa0c0354bb5f9a3ecbe5ed12ab4d8e11ba873c2f11161202b945,observation_time_proxy,historical data_available_time is unknown; observation_time is a pseudo-operational proxy
2010-02-23T00:00:00+00:00,2010-02-22,windermere,south,water_temperature,2.0,degC,month_3,2010-04-24,2010-05-23,,,,lead_dependent_anomaly_relaxation,1.0,False,,,0,0,,4f53cda18c2baa0c0354bb5f9a3ecbe5ed12ab4d8e11ba873c2f11161202b945,observation_time_proxy,historical data_available_time is unknown; observation_time is a pseudo-operational proxy
2010-03-02T00:00:00+00:00,2010-03-01,windermere,south,water_temperature,2.0,degC,month_1,2010-03-02,2010-03-31,,,,lead_dependent_anomaly_relaxation,1.0,False,,,0,0,,4f53cda18c2baa0c0354bb5f9a3ecbe5ed12ab4d8e11ba873c2f11161202b945,observation_time_proxy,historical data_available_time is unknown; observation_time is a pseudo-operational proxy
2010-03-02T00:00:00+00:00,2010-03-01,windermere,south,water_temperature,2.0,degC,month_2,2010-04-01,2010-04-30,,,,lead_dependent_anomaly_relaxation,1.0,False,,,0,0,,4f53cda18c2baa0c0354bb5f9a3ecbe5ed12ab4d8e11ba873c2f11161202b945,observation_time_proxy,historical data_available_time is unknown; observation_time is a pseudo-operational proxy
2010-03-02T00:00:00+00:00,2010-03-01,windermere,south,water_temperature,2.0,degC,month_3,2010-05-01,2010-05-30,,,,lead_dependent_anomaly_relaxation,1.0,False,,,0,0,,4f53cda18c2baa0c0354bb5f9a3ecbe5ed12ab4d8e11ba873c2f11161202b945,observation_time_proxy,historical data_available_time is unknown; observation_time is a pseudo-operational proxy
2010-03-09T00:00:00+00:00,2010-03-08,windermere,south,water_temperature,2.0,degC,month_1,2010-03-09,2010-04-07,,,,lead_dependent_anomaly_relaxation,1.0,False,,,0,0,,4f53cda18c2baa0c0354bb5f9a3ecbe5ed12ab4d8e11ba873c2f11161202b945,observation_time_proxy,historical data_available_time is unknown; observation_time is a pseudo-operational proxy
2010-03-09T00:00:00+00:00,2010-03-08,windermere,south,water_temperature,2.0,degC,month_2,2010-04-08,2010-05-07,,,,lead_dependent_anomaly_relaxation,1.0,False,,,0,0,,4f53cda18c2baa0c0354bb5f9a3ecbe5ed12ab4d8e11ba873c2f11161202b945,observation_time_proxy,historical data_available_time is unknown; observation_time is a pseudo-operational proxy
2010-03-09T00:00:00+00:00,2010-03-08,windermere,south,water_temperature,2.0,degC,month_3,2010-05-08,2010-06-06,,,,lead_dependent_anomaly_relaxation,1.0,False,,,0,0,,4f53cda18c2baa0c0354bb5f9a3ecbe5ed12ab4d8e11ba873c2f11161202b945,observation_time_proxy,historical data_available_time is unknown; observation_time is a pseudo-operational proxy
2010-03-16T00:00:00+00:00,2010-03-15,windermere,south,water_temperature,2.0,degC,month_1,2010-03-16,2010-04-14,,,,lead_dependent_anomaly_relaxation,1.0,False,,,0,0,,4f53cda18c2baa0c0354bb5f9a3ecbe5ed12ab4d8e11ba873c2f11161202b945,observation_time_proxy,historical data_available_time is unknown; observation_time is a pseudo-operational proxy
2010-03-16T00:00:00+00:00,2010-03-15,windermere,south,water_temperature,2.0,degC,month_2,2010-04-15,2010-05-14,,,,lead_dependent_anomaly_relaxation,1.0,False,,,0,0,,4f53cda18c2baa0c0354bb5f9a3ecbe5ed12ab4d8e11ba873c2f11161202b945,observation_time_proxy,historical data_available_time is unknown; observation_time is a pseudo-operational proxy
2010-03-16T00:00:00+00:00,2010-03-15,windermere,south,water_temperature,2.0,degC,month_3,2010-05-15,2010-06-13,,,,lead_dependent_anomaly_relaxation,1.0,False,,,0,0,,4f53cda18c2baa0c0354bb5f9a3ecbe5ed12ab4d8e11ba873c2f11161202b945,observation_time_proxy,historical data_available_time is unknown; observation_time is a pseudo-operational proxy
2010-03-23T00:00:00+00:00,2010-03-22,windermere,south,water_temperature,2.0,degC,month_1,2010-03-23,2010-04-21,,,,lead_dependent_anomaly_relaxation,1.0,False,,,0,0,,4f53cda18c2baa0c0354bb5f9a3ecbe5ed12ab4d8e11ba873c2f11161202b945,observation_time_proxy,historical data_available_time is unknown; observation_time is a pseudo-operational proxy
2010-03-23T00:00:00+00:00,2010-03-22,windermere,south,water_temperature,2.0,degC,month_2,2010-04-22,2010-05-21,,,,lead_dependent_anomaly_relaxation,1.0,False,,,0,0,,4f53cda18c2baa0c0354bb5f9a3ecbe5ed12ab4d8e11ba873c2f11161202b945,observation_time_proxy,historical data_available_time is unknown; observation_time is a pseudo-operational proxy
2010-03-23T00:00:00+00:00,2010-03-22,windermere,south,water_temperature,2.0,degC,month_3,2010-05-22,2010-06-20,,,,lead_dependent_anomaly_relaxation,1.0,False,,,0,0,,4f53cda18c2baa0c0354bb5f9a3ecbe5ed12ab4d8e11ba873c2f11161202b945,observation_time_proxy,historical data_available_time is unknown; observation_time is a pseudo-operational proxy
2010-03-30T00:00:00+00:00,2010-03-29,windermere,south,water_temperature,2.0,degC,month_1,2010-03-30,2010-04-28,,,,lead_dependent_anomaly_relaxation,1.0,False,,,0,0,,4f53cda18c2baa0c0354bb5f9a3ecbe5ed12ab4d8e11ba873c2f11161202b945,observation_time_proxy,historical data_available_time is unknown; observation_time is a pseudo-operational proxy
2010-03-30T00:00:00+00:00,2010-03-29,windermere,south,water_temperature,2.0,degC,month_2,2010-04-29,2010-05-28,,,,lead_dependent_anomaly_relaxation,1.0,False,,,0,0,,4f53cda18c2baa0c0354bb5f9a3ecbe5ed12ab4d8e11ba873c2f11161202b945,observation_time_proxy,historical data_available_time is unknown; observation_time is a pseudo-operational proxy
2010-03-30T00:00:00+00:00,2010-03-29,windermere,south,water_temperature,2.0,degC,month_3,2010-05-29,2010-06-27,,,,lead_dependent_anomaly_relaxation,1.0,False,,,0,0,,4f53cda18c2baa0c0354bb5f9a3ecbe5ed12ab4d8e11ba873c2f11161202b945,observation_time_proxy,historical data_available_time is unknown; observation_time is a pseudo-operational proxy
2010-04-06T00:00:00+00:00,2010-04-05,windermere,south,water_temperature,2.0,degC,month_1,2010-04-06,2010-05-05,,,,lead_dependent_anomaly_relaxation,1.0,False,,,0,0,,4f53cda18c2baa0c0354bb5f9a3ecbe5ed12ab4d8e11ba873c2f11161202b945,observation_time_proxy,historical data_available_time is unknown; observation_time is a pseudo-operational proxy
2010-04-06T00:00:00+00:00,2010-04-05,windermere,south,water_temperature,2.0,degC,month_2,2010-05-06,2010-06-04,,,,lead_dependent_anomaly_relaxation,1.0,False,,,0,0,,4f53cda18c2baa0c0354bb5f9a3ecbe5ed12ab4d8e11ba873c2f11161202b945,observation_time_proxy,historical data_available_time is unknown; observation_time is a pseudo-operational proxy
2010-04-06T00:00:00+00:00,2010-04-05,windermere,south,water_temperature,2.0,degC,month_3,2010-06-05,2010-07-04,,,,lead_dependent_anomaly_relaxation,1.0,False,,,0,0,,4f53cda18c2baa0c0354bb5f9a3ecbe5ed12ab4d8e11ba873c2f11161202b945,observation_time_proxy,historical data_available_time is unknown; observation_time is a pseudo-operational proxy
2010-04-13T00:00:00+00:00,2010-04-12,windermere,south,water_temperature,2.0,degC,month_1,2010-04-13,2010-05-12,,,,lead_dependent_anomaly_relaxation,1.0,False,,,0,0,,4f53cda18c2baa0c0354bb5f9a3ecbe5ed12ab4d8e11ba873c2f11161202b945,observation_time_proxy,historical data_available_time is unknown; observation_time is a pseudo-operational proxy
2010-04-13T00:00:00+00:00,2010-04-12,windermere,south,water_temperature,2.0,degC,month_2,2010-05-13,2010-06-11,,,,lead_dependent_anomaly_relaxation,1.0,False,,,0,0,,4f53cda18c2baa0c0354bb5f9a3ecbe5ed12ab4d8e11ba873c2f11161202b945,observation_time_proxy,historical data_available_time is unknown; observation_time is a pseudo-operational proxy
2010-04-13T00:00:00+00:00,2010-04-12,windermere,south,water_temperature,2.0,degC,month_3,2010-06-12,2010-07-11,,,,lead_dependent_anomaly_relaxation,1.0,False,,,0,0,,4f53cda18c2baa0c0354bb5f9a3ecbe5ed12ab4d8e11ba873c2f11161202b945,observation_time_proxy,historical data_available_time is unknown; observation_time is a pseudo-operational proxy
2010-04-20T00:00:00+00:00,2010-04-19,windermere,south,water_temperature,2.0,degC,month_1,2010-04-20,2010-05-19,,,,lead_dependent_anomaly_relaxation,1.0,False,,,0,0,,4f53cda18c2baa0c0354bb5f9a3ecbe5ed12ab4d8e11ba873c2f11161202b945,observation_time_proxy,historical data_available_time is unknown; observation_time is a pseudo-operational proxy
2010-04-20T00:00:00+00:00,2010-04-19,windermere,south,water_temperature,2.0,degC,month_2,2010-05-20,2010-06-18,,,,lead_dependent_anomaly_relaxation,1.0,False,,,0,0,,4f53cda18c2baa0c0354bb5f9a3ecbe5ed12ab4d8e11ba873c2f11161202b945,observation_time_proxy,historical data_available_time is unknown; observation_time is a pseudo-operational proxy
2010-04-20T00:00:00+00:00,2010-04-19,windermere,south,water_temperature,2.0,degC,month_3,2010-06-19,2010-07-18,,,,lead_dependent_anomaly_relaxation,1.0,False,,,0,0,,4f53cda18c2baa0c0354bb5f9a3ecbe5ed12ab4d8e11ba873c2f11161202b945,observation_time_proxy,historical data_available_time is unknown; observation_time is a pseudo-operational proxy
2010-05-04T00:00:00+00:00,2010-05-03,windermere,south,water_temperature,2.0,degC,month_1,2010-05-04,2010-06-02,,,,lead_dependent_anomaly_relaxation,1.0,False,,,0,0,,4f53cda18c2baa0c0354bb5f9a3ecbe5ed12ab4d8e11ba873c2f11161202b945,observation_time_proxy,historical data_available_time is unknown; observation_time is a pseudo-operational proxy
2010-05-04T00:00:00+00:00,2010-05-03,windermere,south,water_temperature,2.0,degC,month_2,2010-06-03,2010-07-02,,,,lead_dependent_anomaly_relaxation,1.0,False,,,0,0,,4f53cda18c2baa0c0354bb5f9a3ecbe5ed12ab4d8e11ba873c2f11161202b945,observation_time_proxy,historical data_available_time is unknown; observation_time is a pseudo-operational proxy
2010-05-04T00:00:00+00:00,2010-05-03,windermere,south,water_temperature,2.0,degC,month_3,2010-07-03,2010-08-01,,,,lead_dependent_anomaly_relaxation,1.0,False,,,0,0,,4f53cda18c2baa0c0354bb5f9a3ecbe5ed12ab4d8e11ba873c2f11161202b945,observation_time_proxy,historical data_available_time is unknown; observation_time is a pseudo-operational proxy
2010-05-11T00:00:00+00:00,2010-05-10,windermere,south,water_temperature,2.0,degC,month_1,2010-05-11,2010-06-09,,,,lead_dependent_anomaly_relaxation,1.0,False,,,0,0,,4f53cda18c2baa0c0354bb5f9a3ecbe5ed12ab4d8e11ba873c2f11161202b945,observation_time_proxy,historical data_available_time is unknown; observation_time is a pseudo-operational proxy
2010-05-11T00:00:00+00:00,2010-05-10,windermere,south,water_temperature,2.0,degC,month_2,2010-06-10,2010-07-09,,,,lead_dependent_anomaly_relaxation,1.0,False,,,0,0,,4f53cda18c2baa0c0354bb5f9a3ecbe5ed12ab4d8e11ba873c2f11161202b945,observation_time_proxy,historical data_available_time is unknown; observation_time is a pseudo-operational proxy
2010-05-11T00:00:00+00:00,2010-05-10,windermere,south,water_temperature,2.0,degC,month_3,2010-07-10,2010-08-08,,,,lead_dependent_anomaly_relaxation,1.0,False,,,0,0,,4f53cda18c2baa0c0354bb5f9a3ecbe5ed12ab4d8e11ba873c2f11161202b945,observation_time_proxy,historical data_available_time is unknown; observation_time is a pseudo-operational proxy
2010-05-18T00:00:00+00:00,2010-05-17,windermere,south,water_temperature,2.0,degC,month_1,2010-05-18,2010-06-16,,,,lead_dependent_anomaly_relaxation,1.0,False,,,0,0,,4f53cda18c2baa0c0354bb5f9a3ecbe5ed12ab4d8e11ba873c2f11161202b945,observation_time_proxy,historical data_available_time is unknown; observation_time is a pseudo-operational proxy
2010-05-18T00:00:00+00:00,2010-05-17,windermere,south,water_temperature,2.0,degC,month_2,2010-06-17,2010-07-16,,,,lead_dependent_anomaly_relaxation,1.0,False,,,0,0,,4f53cda18c2baa0c0354bb5f9a3ecbe5ed12ab4d8e11ba873c2f11161202b945,observation_time_proxy,historical data_available_time is unknown; observation_time is a pseudo-operational proxy
2010-05-18T00:00:00+00:00,2010-05-17,windermere,south,water_temperature,2.0,degC,month_3,2010-07-17,2010-08-15,,,,lead_dependent_anomaly_relaxation,1.0,False,,,0,0,,4f53cda18c2baa0c0354bb5f9a3ecbe5ed12ab4d8e11ba873c2f11161202b945,observation_time_proxy,historical data_available_time is unknown; observation_time is a pseudo-operational proxy
2010-05-25T00:00:00+00:00,2010-05-24,windermere,south,water_temperature,2.0,degC,month_1,2010-05-25,2010-06-23,,,,lead_dependent_anomaly_relaxation,1.0,False,,,0,0,,4f53cda18c2baa0c0354bb5f9a3ecbe5ed12ab4d8e11ba873c2f11161202b945,observation_time_proxy,historical data_available_time is unknown; observation_time is a pseudo-operational proxy
2010-05-25T00:00:00+00:00,2010-05-24,windermere,south,water_temperature,2.0,degC,month_2,2010-06-24,2010-07-23,,,,lead_dependent_anomaly_relaxation,1.0,False,,,0,0,,4f53cda18c2baa0c0354bb5f9a3ecbe5ed12ab4d8e11ba873c2f11161202b945,observation_time_proxy,historical data_available_time is unknown; observation_time is a pseudo-operational proxy
2010-05-25T00:00:00+00:00,2010-05-24,windermere,south,water_temperature,2.0,degC,month_3,2010-07-24,2010-08-22,,,,lead_dependent_anomaly_relaxation,1.0,False,,,0,0,,4f53cda18c2baa0c0354bb5f9a3ecbe5ed12ab4d8e11ba873c2f11161202b945,observation_time_proxy,historical data_available_time is unknown; observation_time is a pseudo-operational proxy
2010-06-01T00:00:00+00:00,2010-05-31,windermere,south,water_temperature,2.0,degC,month_1,2010-06-01,2010-06-30,,,,lead_dependent_anomaly_relaxation,1.0,False,,,0,0,,4f53cda18c2baa0c0354bb5f9a3ecbe5ed12ab4d8e11ba873c2f11161202b945,observation_time_proxy,historical data_available_time is unknown; observation_time is a pseudo-operational proxy
2010-06-01T00:00:00+00:00,2010-05-31,windermere,south,water_temperature,2.0,degC,month_2,2010-07-01,2010-07-30,,,,lead_dependent_anomaly_relaxation,1.0,False,,,0,0,,4f53cda18c2baa0c0354bb5f9a3ecbe5ed12ab4d8e11ba873c2f11161202b945,observation_time_proxy,historical data_available_time is unknown; observation_time is a pseudo-operational proxy
2010-06-01T00:00:00+00:00,2010-05-31,windermere,south,water_temperature,2.0,degC,month_3,2010-07-31,2010-08-29,,,,lead_dependent_anomaly_relaxation,1.0,False,,,0,0,,4f53cda18c2baa0c0354bb5f9a3ecbe5ed12ab4d8e11ba873c2f11161202b945,observation_time_proxy,historical data_available_time is unknown; observation_time is a pseudo-operational proxy
2010-06-08T00:00:00+00:00,2010-06-07,windermere,south,water_temperature,2.0,degC,month_1,2010-06-08,2010-07-07,,,,lead_dependent_anomaly_relaxation,1.0,False,,,0,0,,4f53cda18c2baa0c0354bb5f9a3ecbe5ed12ab4d8e11ba873c2f11161202b945,observation_time_proxy,historical data_available_time is unknown; observation_time is a pseudo-operational proxy
2010-06-08T00:00:00+00:00,2010-06-07,windermere,south,water_temperature,2.0,degC,month_2,2010-07-08,2010-08-06,,,,lead_dependent_anomaly_relaxation,1.0,False,,,0,0,,4f53cda18c2baa0c0354bb5f9a3ecbe5ed12ab4d8e11ba873c2f11161202b945,observation_time_proxy,historical data_available_time is unknown; observation_time is a pseudo-operational proxy
2010-06-08T00:00:00+00:00,2010-06-07,windermere,south,water_temperature,2.0,degC,month_3,2010-08-07,2010-09-05,,,,lead_dependent_anomaly_relaxation,1.0,False,,,0,0,,4f53cda18c2baa0c0354bb5f9a3ecbe5ed12ab4d8e11ba873c2f11161202b945,observation_time_proxy,historical data_available_time is unknown; observation_time is a pseudo-operational proxy
2010-06-15T00:00:00+00:00,2010-06-14,windermere,south,water_temperature,2.0,degC,month_1,2010-06-15,2010-07-14,,,,lead_dependent_anomaly_relaxation,1.0,False,,,0,0,,4f53cda18c2baa0c0354bb5f9a3ecbe5ed12ab4d8e11ba873c2f11161202b945,observation_time_proxy,historical data_available_time is unknown; observation_time is a pseudo-operational proxy
2010-06-15T00:00:00+00:00,2010-06-14,windermere,south,water_temperature,2.0,degC,month_2,2010-07-15,2010-08-13,,,,lead_dependent_anomaly_relaxation,1.0,False,,,0,0,,4f53cda18c2baa0c0354bb5f9a3ecbe5ed12ab4d8e11ba873c2f11161202b945,observation_time_proxy,historical data_available_time is unknown; observation_time is a pseudo-operational proxy
2010-06-15T00:00:00+00:00,2010-06-14,windermere,south,water_temperature,2.0,degC,month_3,2010-08-14,2010-09-12,,,,lead_dependent_anomaly_relaxation,1.0,False,,,0,0,,4f53cda18c2baa0c0354bb5f9a3ecbe5ed12ab4d8e11ba873c2f11161202b945,observation_time_proxy,historical data_available_time is unknown; observation_time is a pseudo-operational proxy
2010-06-22T00:00:00+00:00,2010-06-21,windermere,south,water_temperature,2.0,degC,month_1,2010-06-22,2010-07-21,,,,lead_dependent_anomaly_relaxation,1.0,False,,,0,0,,4f53cda18c2baa0c0354bb5f9a3ecbe5ed12ab4d8e11ba873c2f11161202b945,observation_time_proxy,historical data_available_time is unknown; observation_time is a pseudo-operational proxy
2010-06-22T00:00:00+00:00,2010-06-21,windermere,south,water_temperature,2.0,degC,month_2,2010-07-22,2010-08-20,,,,lead_dependent_anomaly_relaxation,1.0,False,,,0,0,,4f53cda18c2baa0c0354bb5f9a3ecbe5ed12ab4d8e11ba873c2f11161202b945,observation_time_proxy,historical data_available_time is unknown; observation_time is a pseudo-operational proxy
2010-06-22T00:00:00+00:00,2010-06-21,windermere,south,water_temperature,2.0,degC,month_3,2010-08-21,2010-09-19,,,,lead_dependent_anomaly_relaxation,1.0,False,,,0,0,,4f53cda18c2baa0c0354bb5f9a3ecbe5ed12ab4d8e11ba873c2f11161202b945,observation_time_proxy,historical data_available_time is unknown; observation_time is a pseudo-operational proxy
2010-06-29T00:00:00+00:00,2010-06-28,windermere,south,water_temperature,2.0,degC,month_1,2010-06-29,2010-07-28,,,,lead_dependent_anomaly_relaxation,1.0,False,,,0,0,,4f53cda18c2baa0c0354bb5f9a3ecbe5ed12ab4d8e11ba873c2f11161202b945,observation_time_proxy,historical data_available_time is unknown; observation_time is a pseudo-operational proxy
2010-06-29T00:00:00+00:00,2010-06-28,windermere,south,water_temperature,2.0,degC,month_2,2010-07-29,2010-08-27,,,,lead_dependent_anomaly_relaxation,1.0,False,,,0,0,,4f53cda18c2baa0c0354bb5f9a3ecbe5ed12ab4d8e11ba873c2f11161202b945,observation_time_proxy,historical data_available_time is unknown; observation_time is a pseudo-operational proxy
2010-06-29T00:00:00+00:00,2010-06-28,windermere,south,water_temperature,2.0,degC,month_3,2010-08-28,2010-09-26,,,,lead_dependent_anomaly_relaxation,1.0,False,,,0,0,,4f53cda18c2baa0c0354bb5f9a3ecbe5ed12ab4d8e11ba873c2f11161202b945,observation_time_proxy,historical data_available_time is unknown; observation_time is a pseudo-operational proxy
2010-07-06T00:00:00+00:00,2010-07-05,windermere,south,water_temperature,2.0,degC,month_1,2010-07-06,2010-08-04,,,,lead_dependent_anomaly_relaxation,1.0,False,,,0,0,,4f53cda18c2baa0c0354bb5f9a3ecbe5ed12ab4d8e11ba873c2f11161202b945,observation_time_proxy,historical data_available_time is unknown; observation_time is a pseudo-operational proxy
2010-07-06T00:00:00+00:00,2010-07-05,windermere,south,water_temperature,2.0,degC,month_2,2010-08-05,2010-09-03,,,,lead_dependent_anomaly_relaxation,1.0,False,,,0,0,,4f53cda18c2baa0c0354bb5f9a3ecbe5ed12ab4d8e11ba873c2f11161202b945,observation_time_proxy,historical data_available_time is unknown; observation_time is a pseudo-operational proxy
2010-07-06T00:00:00+00:00,2010-07-05,windermere,south,water_temperature,2.0,degC,month_3,2010-09-04,2010-10-03,,,,lead_dependent_anomaly_relaxation,1.0,False,,,0,0,,4f53cda18c2baa0c0354bb5f9a3ecbe5ed12ab4d8e11ba873c2f11161202b945,observation_time_proxy,historical data_available_time is unknown; observation_time is a pseudo-operational proxy
2010-07-13T00:00:00+00:00,2010-07-12,windermere,south,water_temperature,2.0,degC,month_1,2010-07-13,2010-08-11,,,,lead_dependent_anomaly_relaxation,1.0,False,,,0,0,,4f53cda18c2baa0c0354bb5f9a3ecbe5ed12ab4d8e11ba873c2f11161202b945,observation_time_proxy,historical data_available_time is unknown; observation_time is a pseudo-operational proxy
2010-07-13T00:00:00+00:00,2010-07-12,windermere,south,water_temperature,2.0,degC,month_2,2010-08-12,2010-09-10,,,,lead_dependent_anomaly_relaxation,1.0,False,,,0,0,,4f53cda18c2baa0c0354bb5f9a3ecbe5ed12ab4d8e11ba873c2f11161202b945,observation_time_proxy,historical data_available_time is unknown; observation_time is a pseudo-operational proxy
2010-07-13T00:00:00+00:00,2010-07-12,windermere,south,water_temperature,2.0,degC,month_3,2010-09-11,2010-10-10,,,,lead_dependent_anomaly_relaxation,1.0,False,,,0,0,,4f53cda18c2baa0c0354bb5f9a3ecbe5ed12ab4d8e11ba873c2f11161202b945,observation_time_proxy,historical data_available_time is unknown; observation_time is a pseudo-operational proxy
2010-07-20T00:00:00+00:00,2010-07-19,windermere,south,water_temperature,2.0,degC,month_1,2010-07-20,2010-08-18,,,,lead_dependent_anomaly_relaxation,1.0,False,,,0,0,,4f53cda18c2baa0c0354bb5f9a3ecbe5ed12ab4d8e11ba873c2f11161202b945,observation_time_proxy,historical data_available_time is unknown; observation_time is a pseudo-operational proxy
2010-07-20T00:00:00+00:00,2010-07-19,windermere,south,water_temperature,2.0,degC,month_2,2010-08-19,2010-09-17,,,,lead_dependent_anomaly_relaxation,1.0,False,,,0,0,,4f53cda18c2baa0c0354bb5f9a3ecbe5ed12ab4d8e11ba873c2f11161202b945,observation_time_proxy,historical data_available_time is unknown; observation_time is a pseudo-operational proxy
2010-07-20T00:00:00+00:00,2010-07-19,windermere,south,water_temperature,2.0,degC,month_3,2010-09-18,2010-10-17,,,,lead_dependent_anomaly_relaxation,1.0,False,,,0,0,,4f53cda18c2baa0c0354bb5f9a3ecbe5ed12ab4d8e11ba873c2f11161202b945,observation_time_proxy,historical data_available_time is unknown; observation_time is a pseudo-operational proxy
2010-07-27T00:00:00+00:00,2010-07-26,windermere,south,water_temperature,2.0,degC,month_1,2010-07-27,2010-08-25,,,,lead_dependent_anomaly_relaxation,1.0,False,,,0,0,,4f53cda18c2baa0c0354bb5f9a3ecbe5ed12ab4d8e11ba873c2f11161202b945,observation_time_proxy,historical data_available_time is unknown; observation_time is a pseudo-operational proxy
2010-07-27T00:00:00+00:00,2010-07-26,windermere,south,water_temperature,2.0,degC,month_2,2010-08-26,2010-09-24,,,,lead_dependent_anomaly_relaxation,1.0,False,,,0,0,,4f53cda18c2baa0c0354bb5f9a3ecbe5ed12ab4d8e11ba873c2f11161202b945,observation_time_proxy,historical data_available_time is unknown; observation_time is a pseudo-operational proxy
2010-07-27T00:00:00+00:00,2010-07-26,windermere,south,water_temperature,2.0,degC,month_3,2010-09-25,2010-10-24,,,,lead_dependent_anomaly_relaxation,1.0,False,,,0,0,,4f53cda18c2baa0c0354bb5f9a3ecbe5ed12ab4d8e11ba873c2f11161202b945,observation_time_proxy,historical data_available_time is unknown; observation_time is a pseudo-operational proxy
2010-08-03T00:00:00+00:00,2010-08-02,windermere,south,water_temperature,2.0,degC,month_1,2010-08-03,2010-09-01,,,,lead_dependent_anomaly_relaxation,1.0,False,,,0,0,,4f53cda18c2baa0c0354bb5f9a3ecbe5ed12ab4d8e11ba873c2f11161202b945,observation_time_proxy,historical data_available_time is unknown; observation_time is a pseudo-operational proxy
2010-08-03T00:00:00+00:00,2010-08-02,windermere,south,water_temperature,2.0,degC,month_2,2010-09-02,2010-10-01,,,,lead_dependent_anomaly_relaxation,1.0,False,,,0,0,,4f53cda18c2baa0c0354bb5f9a3ecbe5ed12ab4d8e11ba873c2f11161202b945,observation_time_proxy,historical data_available_time is unknown; observation_time is a pseudo-operational proxy
2010-08-03T00:00:00+00:00,2010-08-02,windermere,south,water_temperature,2.0,degC,month_3,2010-10-02,2010-10-31,,,,lead_dependent_anomaly_relaxation,1.0,False,,,0,0,,4f53cda18c2baa0c0354bb5f9a3ecbe5ed12ab4d8e11ba873c2f11161202b945,observation_time_proxy,historical data_available_time is unknown; observation_time is a pseudo-operational proxy
2010-08-10T00:00:00+00:00,2010-08-09,windermere,south,water_temperature,2.0,degC,month_1,2010-08-10,2010-09-08,,,,lead_dependent_anomaly_relaxation,1.0,False,,,0,0,,4f53cda18c2baa0c0354bb5f9a3ecbe5ed12ab4d8e11ba873c2f11161202b945,observation_time_proxy,historical data_available_time is unknown; observation_time is a pseudo-operational proxy
2010-08-10T00:00:00+00:00,2010-08-09,windermere,south,water_temperature,2.0,degC,month_2,2010-09-09,2010-10-08,,,,lead_dependent_anomaly_relaxation,1.0,False,,,0,0,,4f53cda18c2baa0c0354bb5f9a3ecbe5ed12ab4d8e11ba873c2f11161202b945,observation_time_proxy,historical data_available_time is unknown; observation_time is a pseudo-operational proxy
2010-08-10T00:00:00+00:00,2010-08-09,windermere,south,water_temperature,2.0,degC,month_3,2010-10-09,2010-11-07,,,,lead_dependent_anomaly_relaxation,1.0,False,,,0,0,,4f53cda18c2baa0c0354bb5f9a3ecbe5ed12ab4d8e11ba873c2f11161202b945,observation_time_proxy,historical data_available_time is unknown; observation_time is a pseudo-operational proxy
2010-08-17T00:00:00+00:00,2010-08-16,windermere,south,water_temperature,2.0,degC,month_1,2010-08-17,2010-09-15,,,,lead_dependent_anomaly_relaxation,1.0,False,,,0,0,,4f53cda18c2baa0c0354bb5f9a3ecbe5ed12ab4d8e11ba873c2f11161202b945,observation_time_proxy,historical data_available_time is unknown; observation_time is a pseudo-operational proxy
2010-08-17T00:00:00+00:00,2010-08-16,windermere,south,water_temperature,2.0,degC,month_2,2010-09-16,2010-10-15,,,,lead_dependent_anomaly_relaxation,1.0,False,,,0,0,,4f53cda18c2baa0c0354bb5f9a3ecbe5ed12ab4d8e11ba873c2f11161202b945,observation_time_proxy,historical data_available_time is unknown; observation_time is a pseudo-operational proxy
2010-08-17T00:00:00+00:00,2010-08-16,windermere,south,water_temperature,2.0,degC,month_3,2010-10-16,2010-11-14,,,,lead_dependent_anomaly_relaxation,1.0,False,,,0,0,,4f53cda18c2baa0c0354bb5f9a3ecbe5ed12ab4d8e11ba873c2f11161202b945,observation_time_proxy,historical data_available_time is unknown; observation_time is a pseudo-operational proxy
2010-08-24T00:00:00+00:00,2010-08-23,windermere,south,water_temperature,2.0,degC,month_1,2010-08-24,2010-09-22,,,,lead_dependent_anomaly_relaxation,1.0,False,,,0,0,,4f53cda18c2baa0c0354bb5f9a3ecbe5ed12ab4d8e11ba873c2f11161202b945,observation_time_proxy,historical data_available_time is unknown; observation_time is a pseudo-operational proxy
2010-08-24T00:00:00+00:00,2010-08-23,windermere,south,water_temperature,2.0,degC,month_2,2010-09-23,2010-10-22,,,,lead_dependent_anomaly_relaxation,1.0,False,,,0,0,,4f53cda18c2baa0c0354bb5f9a3ecbe5ed12ab4d8e11ba873c2f11161202b945,observation_time_proxy,historical data_available_time is unknown; observation_time is a pseudo-operational proxy
2010-08-24T00:00:00+00:00,2010-08-23,windermere,south,water_temperature,2.0,degC,month_3,2010-10-23,2010-11-21,,,,lead_dependent_anomaly_relaxation,1.0,False,,,0,0,,4f53cda18c2baa0c0354bb5f9a3ecbe5ed12ab4d8e11ba873c2f11161202b945,observation_time_proxy,historical data_available_time is unknown; observation_time is a pseudo-operational proxy
2010-08-31T00:00:00+00:00,2010-08-30,windermere,south,water_temperature,2.0,degC,month_1,2010-08-31,2010-09-29,,,,lead_dependent_anomaly_relaxation,1.0,False,,,0,0,,4f53cda18c2baa0c0354bb5f9a3ecbe5ed12ab4d8e11ba873c2f11161202b945,observation_time_proxy,historical data_available_time is unknown; observation_time is a pseudo-operational proxy
2010-08-31T00:00:00+00:00,2010-08-30,windermere,south,water_temperature,2.0,degC,month_2,2010-09-30,2010-10-29,,,,lead_dependent_anomaly_relaxation,1.0,False,,,0,0,,4f53cda18c2baa0c0354bb5f9a3ecbe5ed12ab4d8e11ba873c2f11161202b945,observation_time_proxy,historical data_available_time is unknown; observation_time is a pseudo-operational proxy
2010-08-31T00:00:00+00:00,2010-08-30,windermere,south,water_temperature,2.0,degC,month_3,2010-10-30,2010-11-28,,,,lead_dependent_anomaly_relaxation,1.0,False,,,0,0,,4f53cda18c2baa0c0354bb5f9a3ecbe5ed12ab4d8e11ba873c2f11161202b945,observation_time_proxy,historical data_available_time is unknown; observation_time is a pseudo-operational proxy
2010-09-07T00:00:00+00:00,2010-09-06,windermere,south,water_temperature,2.0,degC,month_1,2010-09-07,2010-10-06,,,,lead_dependent_anomaly_relaxation,1.0,False,,,0,0,,4f53cda18c2baa0c0354bb5f9a3ecbe5ed12ab4d8e11ba873c2f11161202b945,observation_time_proxy,historical data_available_time is unknown; observation_time is a pseudo-operational proxy
2010-09-07T00:00:00+00:00,2010-09-06,windermere,south,water_temperature,2.0,degC,month_2,2010-10-07,2010-11-05,,,,lead_dependent_anomaly_relaxation,1.0,False,,,0,0,,4f53cda18c2baa0c0354bb5f9a3ecbe5ed12ab4d8e11ba873c2f11161202b945,observation_time_proxy,historical data_available_time is unknown; observation_time is a pseudo-operational proxy
2010-09-07T00:00:00+00:00,2010-09-06,windermere,south,water_temperature,2.0,degC,month_3,2010-11-06,2010-12-05,,,,lead_dependent_anomaly_relaxation,1.0,False,,,0,0,,4f53cda18c2baa0c0354bb5f9a3ecbe5ed12ab4d8e11ba873c2f11161202b945,observation_time_proxy,historical data_available_time is unknown; observation_time is a pseudo-operational proxy
2010-09-14T00:00:00+00:00,2010-09-13,windermere,south,water_temperature,2.0,degC,month_1,2010-09-14,2010-10-13,,,,lead_dependent_anomaly_relaxation,1.0,False,,,0,0,,4f53cda18c2baa0c0354bb5f9a3ecbe5ed12ab4d8e11ba873c2f11161202b945,observation_time_proxy,historical data_available_time is unknown; observation_time is a pseudo-operational proxy
2010-09-14T00:00:00+00:00,2010-09-13,windermere,south,water_temperature,2.0,degC,month_2,2010-10-14,2010-11-12,,,,lead_dependent_anomaly_relaxation,1.0,False,,,0,0,,4f53cda18c2baa0c0354bb5f9a3ecbe5ed12ab4d8e11ba873c2f11161202b945,observation_time_proxy,historical data_available_time is unknown; observation_time is a pseudo-operational proxy
2010-09-14T00:00:00+00:00,2010-09-13,windermere,south,water_temperature,2.0,degC,month_3,2010-11-13,2010-12-12,,,,lead_dependent_anomaly_relaxation,1.0,False,,,0,0,,4f53cda18c2baa0c0354bb5f9a3ecbe5ed12ab4d8e11ba873c2f11161202b945,observation_time_proxy,historical data_available_time is unknown; observation_time is a pseudo-operational proxy
2010-09-21T00:00:00+00:00,2010-09-20,windermere,south,water_temperature,2.0,degC,month_1,2010-09-21,2010-10-20,,,,lead_dependent_anomaly_relaxation,1.0,False,,,0,0,,4f53cda18c2baa0c0354bb5f9a3ecbe5ed12ab4d8e11ba873c2f11161202b945,observation_time_proxy,historical data_available_time is unknown; observation_time is a pseudo-operational proxy
2010-09-21T00:00:00+00:00,2010-09-20,windermere,south,water_temperature,2.0,degC,month_2,2010-10-21,2010-11-19,,,,lead_dependent_anomaly_relaxation,1.0,False,,,0,0,,4f53cda18c2baa0c0354bb5f9a3ecbe5ed12ab4d8e11ba873c2f11161202b945,observation_time_proxy,historical data_available_time is unknown; observation_time is a pseudo-operational proxy
2010-09-21T00:00:00+00:00,2010-09-20,windermere,south,water_temperature,2.0,degC,month_3,2010-11-20,2010-12-19,,,,lead_dependent_anomaly_relaxation,1.0,False,,,0,0,,4f53cda18c2baa0c0354bb5f9a3ecbe5ed12ab4d8e11ba873c2f11161202b945,observation_time_proxy,historical data_available_time is unknown; observation_time is a pseudo-operational proxy
2010-09-28T00:00:00+00:00,2010-09-27,windermere,south,water_temperature,2.0,degC,month_1,2010-09-28,2010-10-27,,,,lead_dependent_anomaly_relaxation,1.0,False,,,0,0,,4f53cda18c2baa0c0354bb5f9a3ecbe5ed12ab4d8e11ba873c2f11161202b945,observation_time_proxy,historical data_available_time is unknown; observation_time is a pseudo-operational proxy
2010-09-28T00:00:00+00:00,2010-09-27,windermere,south,water_temperature,2.0,degC,month_2,2010-10-28,2010-11-26,,,,lead_dependent_anomaly_relaxation,1.0,False,,,0,0,,4f53cda18c2baa0c0354bb5f9a3ecbe5ed12ab4d8e11ba873c2f11161202b945,observation_time_proxy,historical data_available_time is unknown; observation_time is a pseudo-operational proxy
2010-09-28T00:00:00+00:00,2010-09-27,windermere,south,water_temperature,2.0,degC,month_3,2010-11-27,2010-12-26,,,,lead_dependent_anomaly_relaxation,1.0,False,,,0,0,,4f53cda18c2baa0c0354bb5f9a3ecbe5ed12ab4d8e11ba873c2f11161202b945,observation_time_proxy,historical data_available_time is unknown; observation_time is a pseudo-operational proxy
2010-10-05T00:00:00+00:00,2010-10-04,windermere,south,water_temperature,2.0,degC,month_1,2010-10-05,2010-11-03,,,,lead_dependent_anomaly_relaxation,1.0,False,,,0,0,,4f53cda18c2baa0c0354bb5f9a3ecbe5ed12ab4d8e11ba873c2f11161202b945,observation_time_proxy,historical data_available_time is unknown; observation_time is a pseudo-operational proxy
2010-10-05T00:00:00+00:00,2010-10-04,windermere,south,water_temperature,2.0,degC,month_2,2010-11-04,2010-12-03,,,,lead_dependent_anomaly_relaxation,1.0,False,,,0,0,,4f53cda18c2baa0c0354bb5f9a3ecbe5ed12ab4d8e11ba873c2f11161202b945,observation_time_proxy,historical data_available_time is unknown; observation_time is a pseudo-operational proxy
2010-10-05T00:00:00+00:00,2010-10-04,windermere,south,water_temperature,2.0,degC,month_3,2010-12-04,2011-01-02,,,,lead_dependent_anomaly_relaxation,1.0,False,,,0,0,,4f53cda18c2baa0c0354bb5f9a3ecbe5ed12ab4d8e11ba873c2f11161202b945,observation_time_proxy,historical data_available_time is unknown; observation_time is a pseudo-operational proxy
2010-10-12T00:00:00+00:00,2010-10-11,windermere,south,water_temperature,2.0,degC,month_1,2010-10-12,2010-11-10,,,,lead_dependent_anomaly_relaxation,1.0,False,,,0,0,,4f53cda18c2baa0c0354bb5f9a3ecbe5ed12ab4d8e11ba873c2f11161202b945,observation_time_proxy,historical data_available_time is unknown; observation_time is a pseudo-operational proxy
2010-10-12T00:00:00+00:00,2010-10-11,windermere,south,water_temperature,2.0,degC,month_2,2010-11-11,2010-12-10,,,,lead_dependent_anomaly_relaxation,1.0,False,,,0,0,,4f53cda18c2baa0c0354bb5f9a3ecbe5ed12ab4d8e11ba873c2f11161202b945,observation_time_proxy,historical data_available_time is unknown; observation_time is a pseudo-operational proxy
2010-10-12T00:00:00+00:00,2010-10-11,windermere,south,water_temperature,2.0,degC,month_3,2010-12-11,2011-01-09,,,,lead_dependent_anomaly_relaxation,1.0,False,,,0,0,,4f53cda18c2baa0c0354bb5f9a3ecbe5ed12ab4d8e11ba873c2f11161202b945,observation_time_proxy,historical data_available_time is unknown; observation_time is a pseudo-operational proxy
2010-10-19T00:00:00+00:00,2010-10-18,windermere,south,water_temperature,2.0,degC,month_1,2010-10-19,2010-11-17,,,,lead_dependent_anomaly_relaxation,1.0,False,,,0,0,,4f53cda18c2baa0c0354bb5f9a3ecbe5ed12ab4d8e11ba873c2f11161202b945,observation_time_proxy,historical data_available_time is unknown; observation_time is a pseudo-operational proxy
2010-10-19T00:00:00+00:00,2010-10-18,windermere,south,water_temperature,2.0,degC,month_2,2010-11-18,2010-12-17,,,,lead_dependent_anomaly_relaxation,1.0,False,,,0,0,,4f53cda18c2baa0c0354bb5f9a3ecbe5ed12ab4d8e11ba873c2f11161202b945,observation_time_proxy,historical data_available_time is unknown; observation_time is a pseudo-operational proxy
2010-10-19T00:00:00+00:00,2010-10-18,windermere,south,water_temperature,2.0,degC,month_3,2010-12-18,2011-01-16,,,,lead_dependent_anomaly_relaxation,1.0,False,,,0,0,,4f53cda18c2baa0c0354bb5f9a3ecbe5ed12ab4d8e11ba873c2f11161202b945,observation_time_proxy,historical data_available_time is unknown; observation_time is a pseudo-operational proxy
2010-10-26T00:00:00+00:00,2010-10-25,windermere,south,water_temperature,2.0,degC,month_1,2010-10-26,2010-11-24,,,,lead_dependent_anomaly_relaxation,1.0,False,,,0,0,,4f53cda18c2baa0c0354bb5f9a3ecbe5ed12ab4d8e11ba873c2f11161202b945,observation_time_proxy,historical data_available_time is unknown; observation_time is a pseudo-operational proxy
2010-10-26T00:00:00+00:00,2010-10-25,windermere,south,water_temperature,2.0,degC,month_2,2010-11-25,2010-12-24,,,,lead_dependent_anomaly_relaxation,1.0,False,,,0,0,,4f53cda18c2baa0c0354bb5f9a3ecbe5ed12ab4d8e11ba873c2f11161202b945,observation_time_proxy,historical data_available_time is unknown; observation_time is a pseudo-operational proxy
2010-10-26T00:00:00+00:00,2010-10-25,windermere,south,water_temperature,2.0,degC,month_3,2010-12-25,2011-01-23,,,,lead_dependent_anomaly_relaxation,1.0,False,,,0,0,,4f53cda18c2baa0c0354bb5f9a3ecbe5ed12ab4d8e11ba873c2f11161202b945,observation_time_proxy,historical data_available_time is unknown; observation_time is a pseudo-operational proxy
2010-11-02T00:00:00+00:00,2010-11-01,windermere,south,water_temperature,2.0,degC,month_1,2010-11-02,2010-12-01,,,,lead_dependent_anomaly_relaxation,1.0,False,,,0,0,,4f53cda18c2baa0c0354bb5f9a3ecbe5ed12ab4d8e11ba873c2f11161202b945,observation_time_proxy,historical data_available_time is unknown; observation_time is a pseudo-operational proxy
2010-11-02T00:00:00+00:00,2010-11-01,windermere,south,water_temperature,2.0,degC,month_2,2010-12-02,2010-12-31,,,,lead_dependent_anomaly_relaxation,1.0,False,,,0,0,,4f53cda18c2baa0c0354bb5f9a3ecbe5ed12ab4d8e11ba873c2f11161202b945,observation_time_proxy,historical data_available_time is unknown; observation_time is a pseudo-operational proxy
2010-11-02T00:00:00+00:00,2010-11-01,windermere,south,water_temperature,2.0,degC,month_3,2011-01-01,2011-01-30,,,,lead_dependent_anomaly_relaxation,1.0,False,,,0,0,,4f53cda18c2baa0c0354bb5f9a3ecbe5ed12ab4d8e11ba873c2f11161202b945,observation_time_proxy,historical data_available_time is unknown; observation_time is a pseudo-operational proxy
2010-11-09T00:00:00+00:00,2010-11-08,windermere,south,water_temperature,2.0,degC,month_1,2010-11-09,2010-12-08,,,,lead_dependent_anomaly_relaxation,1.0,False,,,0,0,,4f53cda18c2baa0c0354bb5f9a3ecbe5ed12ab4d8e11ba873c2f11161202b945,observation_time_proxy,historical data_available_time is unknown; observation_time is a pseudo-operational proxy
2010-11-09T00:00:00+00:00,2010-11-08,windermere,south,water_temperature,2.0,degC,month_2,2010-12-09,2011-01-07,,,,lead_dependent_anomaly_relaxation,1.0,False,,,0,0,,4f53cda18c2baa0c0354bb5f9a3ecbe5ed12ab4d8e11ba873c2f11161202b945,observation_time_proxy,historical data_available_time is unknown; observation_time is a pseudo-operational proxy
2010-11-09T00:00:00+00:00,2010-11-08,windermere,south,water_temperature,2.0,degC,month_3,2011-01-08,2011-02-06,,,,lead_dependent_anomaly_relaxation,1.0,False,,,0,0,,4f53cda18c2baa0c0354bb5f9a3ecbe5ed12ab4d8e11ba873c2f11161202b945,observation_time_proxy,historical data_available_time is unknown; observation_time is a pseudo-operational proxy
2010-11-16T00:00:00+00:00,2010-11-15,windermere,south,water_temperature,2.0,degC,month_1,2010-11-16,2010-12-15,,,,lead_dependent_anomaly_relaxation,1.0,False,,,0,0,,4f53cda18c2baa0c0354bb5f9a3ecbe5ed12ab4d8e11ba873c2f11161202b945,observation_time_proxy,historical data_available_time is unknown; observation_time is a pseudo-operational proxy
2010-11-16T00:00:00+00:00,2010-11-15,windermere,south,water_temperature,2.0,degC,month_2,2010-12-16,2011-01-14,,,,lead_dependent_anomaly_relaxation,1.0,False,,,0,0,,4f53cda18c2baa0c0354bb5f9a3ecbe5ed12ab4d8e11ba873c2f11161202b945,observation_time_proxy,historical data_available_time is unknown; observation_time is a pseudo-operational proxy
2010-11-16T00:00:00+00:00,2010-11-15,windermere,south,water_temperature,2.0,degC,month_3,2011-01-15,2011-02-13,,,,lead_dependent_anomaly_relaxation,1.0,False,,,0,0,,4f53cda18c2baa0c0354bb5f9a3ecbe5ed12ab4d8e11ba873c2f11161202b945,observation_time_proxy,historical data_available_time is unknown; observation_time is a pseudo-operational proxy
2010-11-23T00:00:00+00:00,2010-11-22,windermere,south,water_temperature,2.0,degC,month_1,2010-11-23,2010-12-22,,,,lead_dependent_anomaly_relaxation,1.0,False,,,0,0,,4f53cda18c2baa0c0354bb5f9a3ecbe5ed12ab4d8e11ba873c2f11161202b945,observation_time_proxy,historical data_available_time is unknown; observation_time is a pseudo-operational proxy
2010-11-23T00:00:00+00:00,2010-11-22,windermere,south,water_temperature,2.0,degC,month_2,2010-12-23,2011-01-21,,,,lead_dependent_anomaly_relaxation,1.0,False,,,0,0,,4f53cda18c2baa0c0354bb5f9a3ecbe5ed12ab4d8e11ba873c2f11161202b945,observation_time_proxy,historical data_available_time is unknown; observation_time is a pseudo-operational proxy
2010-11-23T00:00:00+00:00,2010-11-22,windermere,south,water_temperature,2.0,degC,month_3,2011-01-22,2011-02-20,,,,lead_dependent_anomaly_relaxation,1.0,False,,,0,0,,4f53cda18c2baa0c0354bb5f9a3ecbe5ed12ab4d8e11ba873c2f11161202b945,observation_time_proxy,historical data_available_time is unknown; observation_time is a pseudo-operational proxy
2010-11-30T00:00:00+00:00,2010-11-29,windermere,south,water_temperature,2.0,degC,month_1,2010-11-30,2010-12-29,,,,lead_dependent_anomaly_relaxation,1.0,False,,,0,0,,4f53cda18c2baa0c0354bb5f9a3ecbe5ed12ab4d8e11ba873c2f11161202b945,observation_time_proxy,historical data_available_time is unknown; observation_time is a pseudo-operational proxy
2010-11-30T00:00:00+00:00,2010-11-29,windermere,south,water_temperature,2.0,degC,month_2,2010-12-30,2011-01-28,,,,lead_dependent_anomaly_relaxation,1.0,False,,,0,0,,4f53cda18c2baa0c0354bb5f9a3ecbe5ed12ab4d8e11ba873c2f11161202b945,observation_time_proxy,historical data_available_time is unknown; observation_time is a pseudo-operational proxy
2010-11-30T00:00:00+00:00,2010-11-29,windermere,south,water_temperature,2.0,degC,month_3,2011-01-29,2011-02-27,,,,lead_dependent_anomaly_relaxation,1.0,False,,,0,0,,4f53cda18c2baa0c0354bb5f9a3ecbe5ed12ab4d8e11ba873c2f11161202b945,observation_time_proxy,historical data_available_time is unknown; observation_time is a pseudo-operational proxy
2010-12-07T00:00:00+00:00,2010-12-06,windermere,south,water_temperature,2.0,degC,month_1,2010-12-07,2011-01-05,,,,lead_dependent_anomaly_relaxation,1.0,False,,,0,0,,4f53cda18c2baa0c0354bb5f9a3ecbe5ed12ab4d8e11ba873c2f11161202b945,observation_time_proxy,historical data_available_time is unknown; observation_time is a pseudo-operational proxy
2010-12-07T00:00:00+00:00,2010-12-06,windermere,south,water_temperature,2.0,degC,month_2,2011-01-06,2011-02-04,,,,lead_dependent_anomaly_relaxation,1.0,False,,,0,0,,4f53cda18c2baa0c0354bb5f9a3ecbe5ed12ab4d8e11ba873c2f11161202b945,observation_time_proxy,historical data_available_time is unknown; observation_time is a pseudo-operational proxy
2010-12-07T00:00:00+00:00,2010-12-06,windermere,south,water_temperature,2.0,degC,month_3,2011-02-05,2011-03-06,,,,lead_dependent_anomaly_relaxation,1.0,False,,,0,0,,4f53cda18c2baa0c0354bb5f9a3ecbe5ed12ab4d8e11ba873c2f11161202b945,observation_time_proxy,historical data_available_time is unknown; observation_time is a pseudo-operational proxy
2010-12-14T00:00:00+00:00,2010-12-13,windermere,south,water_temperature,2.0,degC,month_1,2010-12-14,2011-01-12,,,,lead_dependent_anomaly_relaxation,1.0,False,,,0,0,,4f53cda18c2baa0c0354bb5f9a3ecbe5ed12ab4d8e11ba873c2f11161202b945,observation_time_proxy,historical data_available_time is unknown; observation_time is a pseudo-operational proxy
2010-12-14T00:00:00+00:00,2010-12-13,windermere,south,water_temperature,2.0,degC,month_2,2011-01-13,2011-02-11,,,,lead_dependent_anomaly_relaxation,1.0,False,,,0,0,,4f53cda18c2baa0c0354bb5f9a3ecbe5ed12ab4d8e11ba873c2f11161202b945,observation_time_proxy,historical data_available_time is unknown; observation_time is a pseudo-operational proxy
2010-12-14T00:00:00+00:00,2010-12-13,windermere,south,water_temperature,2.0,degC,month_3,2011-02-12,2011-03-13,,,,lead_dependent_anomaly_relaxation,1.0,False,,,0,0,,4f53cda18c2baa0c0354bb5f9a3ecbe5ed12ab4d8e11ba873c2f11161202b945,observation_time_proxy,historical data_available_time is unknown; observation_time is a pseudo-operational proxy
2010-12-21T00:00:00+00:00,2010-12-20,windermere,south,water_temperature,2.0,degC,month_1,2010-12-21,2011-01-19,,,,lead_dependent_anomaly_relaxation,1.0,False,,,0,0,,4f53cda18c2baa0c0354bb5f9a3ecbe5ed12ab4d8e11ba873c2f11161202b945,observation_time_proxy,historical data_available_time is unknown; observation_time is a pseudo-operational proxy
2010-12-21T00:00:00+00:00,2010-12-20,windermere,south,water_temperature,2.0,degC,month_2,2011-01-20,2011-02-18,,,,lead_dependent_anomaly_relaxation,1.0,False,,,0,0,,4f53cda18c2baa0c0354bb5f9a3ecbe5ed12ab4d8e11ba873c2f11161202b945,observation_time_proxy,historical data_available_time is unknown; observation_time is a pseudo-operational proxy
2010-12-21T00:00:00+00:00,2010-12-20,windermere,south,water_temperature,2.0,degC,month_3,2011-02-19,2011-03-20,,,,lead_dependent_anomaly_relaxation,1.0,False,,,0,0,,4f53cda18c2baa0c0354bb5f9a3ecbe5ed12ab4d8e11ba873c2f11161202b945,observation_time_proxy,historical data_available_time is unknown; observation_time is a pseudo-operational proxy
2010-12-28T00:00:00+00:00,2010-12-27,windermere,south,water_temperature,2.0,degC,month_1,2010-12-28,2011-01-26,,,,lead_dependent_anomaly_relaxation,1.0,False,,,0,0,,4f53cda18c2baa0c0354bb5f9a3ecbe5ed12ab4d8e11ba873c2f11161202b945,observation_time_proxy,historical data_available_time is unknown; observation_time is a pseudo-operational proxy
2010-12-28T00:00:00+00:00,2010-12-27,windermere,south,water_temperature,2.0,degC,month_2,2011-01-27,2011-02-25,,,,lead_dependent_anomaly_relaxation,1.0,False,,,0,0,,4f53cda18c2baa0c0354bb5f9a3ecbe5ed12ab4d8e11ba873c2f11161202b945,observation_time_proxy,historical data_available_time is unknown; observation_time is a pseudo-operational proxy
2010-12-28T00:00:00+00:00,2010-12-27,windermere,south,water_temperature,2.0,degC,month_3,2011-02-26,2011-03-27,,,,lead_dependent_anomaly_relaxation,1.0,False,,,0,0,,4f53cda18c2baa0c0354bb5f9a3ecbe5ed12ab4d8e11ba873c2f11161202b945,observation_time_proxy,historical data_available_time is unknown; observation_time is a pseudo-operational proxy
2011-01-04T00:00:00+00:00,2011-01-03,windermere,south,water_temperature,2.0,degC,month_1,2011-01-04,2011-02-02,,4.784244548148148,-0.9651006587068345,lead_dependent_anomaly_relaxation,1.0,False,,,0,0,,4f53cda18c2baa0c0354bb5f9a3ecbe5ed12ab4d8e11ba873c2f11161202b945,observation_time_proxy,historical data_available_time is unknown; observation_time is a pseudo-operational proxy
2011-01-04T00:00:00+00:00,2011-01-03,windermere,south,water_temperature,2.0,degC,month_2,2011-02-03,2011-03-04,,4.223522546296296,-0.9651006587068345,lead_dependent_anomaly_relaxation,1.0,False,,,0,0,,4f53cda18c2baa0c0354bb5f9a3ecbe5ed12ab4d8e11ba873c2f11161202b945,observation_time_proxy,historical data_available_time is unknown; observation_time is a pseudo-operational proxy
2011-01-04T00:00:00+00:00,2011-01-03,windermere,south,water_temperature,2.0,degC,month_3,2011-03-05,2011-04-03,,5.0953,-0.9651006587068345,lead_dependent_anomaly_relaxation,1.0,False,,,0,0,,4f53cda18c2baa0c0354bb5f9a3ecbe5ed12ab4d8e11ba873c2f11161202b945,observation_time_proxy,historical data_available_time is unknown; observation_time is a pseudo-operational proxy
2011-01-11T00:00:00+00:00,2011-01-10,windermere,south,water_temperature,2.0,degC,month_1,2011-01-11,2011-02-09,,4.596859490740741,,lead_dependent_anomaly_relaxation,1.0,False,,,0,0,,4f53cda18c2baa0c0354bb5f9a3ecbe5ed12ab4d8e11ba873c2f11161202b945,observation_time_proxy,historical data_available_time is unknown; observation_time is a pseudo-operational proxy
2011-01-11T00:00:00+00:00,2011-01-10,windermere,south,water_temperature,2.0,degC,month_2,2011-02-10,2011-03-11,,4.241603148148148,,lead_dependent_anomaly_relaxation,1.0,False,,,0,0,,4f53cda18c2baa0c0354bb5f9a3ecbe5ed12ab4d8e11ba873c2f11161202b945,observation_time_proxy,historical data_available_time is unknown; observation_time is a pseudo-operational proxy
2011-01-11T00:00:00+00:00,2011-01-10,windermere,south,water_temperature,2.0,degC,month_3,2011-03-12,2011-04-10,,5.551173148148148,,lead_dependent_anomaly_relaxation,1.0,False,,,0,0,,4f53cda18c2baa0c0354bb5f9a3ecbe5ed12ab4d8e11ba873c2f11161202b945,observation_time_proxy,historical data_available_time is unknown; observation_time is a pseudo-operational proxy
2011-01-18T00:00:00+00:00,2011-01-17,windermere,south,water_temperature,2.0,degC,month_1,2011-01-18,2011-02-16,,4.4685610185185185,,lead_dependent_anomaly_relaxation,1.0,False,,,0,0,,4f53cda18c2baa0c0354bb5f9a3ecbe5ed12ab4d8e11ba873c2f11161202b945,observation_time_proxy,historical data_available_time is unknown; observation_time is a pseudo-operational proxy
2011-01-18T00:00:00+00:00,2011-01-17,windermere,south,water_temperature,2.0,degC,month_2,2011-02-17,2011-03-18,,4.375756064814815,,lead_dependent_anomaly_relaxation,1.0,False,,,0,0,,4f53cda18c2baa0c0354bb5f9a3ecbe5ed12ab4d8e11ba873c2f11161202b945,observation_time_proxy,historical data_available_time is unknown; observation_time is a pseudo-operational proxy
2011-01-18T00:00:00+00:00,2011-01-17,windermere,south,water_temperature,2.0,degC,month_3,2011-03-19,2011-04-17,,6.200062685185185,,lead_dependent_anomaly_relaxation,1.0,False,,,0,0,,4f53cda18c2baa0c0354bb5f9a3ecbe5ed12ab4d8e11ba873c2f11161202b945,observation_time_proxy,historical data_available_time is unknown; observation_time is a pseudo-operational proxy
2011-01-25T00:00:00+00:00,2011-01-24,windermere,south,water_temperature,2.0,degC,month_1,2011-01-25,2011-02-23,,4.33534375,,lead_dependent_anomaly_relaxation,1.0,False,,,0,0,,4f53cda18c2baa0c0354bb5f9a3ecbe5ed12ab4d8e11ba873c2f11161202b945,observation_time_proxy,historical data_available_time is unknown; observation_time is a pseudo-operational proxy
2011-01-25T00:00:00+00:00,2011-01-24,windermere,south,water_temperature,2.0,degC,month_2,2011-02-24,2011-03-25,,4.661362361111111,,lead_dependent_anomaly_relaxation,1.0,False,,,0,0,,4f53cda18c2baa0c0354bb5f9a3ecbe5ed12ab4d8e11ba873c2f11161202b945,observation_time_proxy,historical data_available_time is unknown; observation_time is a pseudo-operational proxy
2011-01-25T00:00:00+00:00,2011-01-24,windermere,south,water_temperature,2.0,degC,month_3,2011-03-26,2011-04-24,,,,lead_dependent_anomaly_relaxation,1.0,False,,,0,0,,4f53cda18c2baa0c0354bb5f9a3ecbe5ed12ab4d8e11ba873c2f11161202b945,observation_time_proxy,historical data_available_time is unknown; observation_time is a pseudo-operational proxy
2011-02-01T00:00:00+00:00,2011-01-31,windermere,south,water_temperature,2.0,degC,month_1,2011-02-01,2011-03-02,,4.235452268518518,-1.0613133101851853,lead_dependent_anomaly_relaxation,1.0,False,,,0,0,,4f53cda18c2baa0c0354bb5f9a3ecbe5ed12ab4d8e11ba873c2f11161202b945,observation_time_proxy,historical data_available_time is unknown; observation_time is a pseudo-operational proxy
2011-02-01T00:00:00+00:00,2011-01-31,windermere,south,water_temperature,2.0,degC,month_2,2011-03-03,2011-04-01,,4.969578333333334,-1.0613133101851853,lead_dependent_anomaly_relaxation,1.0,False,,,0,0,,4f53cda18c2baa0c0354bb5f9a3ecbe5ed12ab4d8e11ba873c2f11161202b945,observation_time_proxy,historical data_available_time is unknown; observation_time is a pseudo-operational proxy
2011-02-01T00:00:00+00:00,2011-01-31,windermere,south,water_temperature,2.0,degC,month_3,2011-04-02,2011-05-01,,,-1.0613133101851853,lead_dependent_anomaly_relaxation,1.0,False,,,0,0,,4f53cda18c2baa0c0354bb5f9a3ecbe5ed12ab4d8e11ba873c2f11161202b945,observation_time_proxy,historical data_available_time is unknown; observation_time is a pseudo-operational proxy
2011-02-08T00:00:00+00:00,2011-02-07,windermere,south,water_temperature,2.0,degC,month_1,2011-02-08,2011-03-09,,4.2254,-0.8035828009259256,lead_dependent_anomaly_relaxation,1.0,False,,,0,0,,4f53cda18c2baa0c0354bb5f9a3ecbe5ed12ab4d8e11ba873c2f11161202b945,observation_time_proxy,historical data_available_time is unknown; observation_time is a pseudo-operational proxy
2011-02-08T00:00:00+00:00,2011-02-07,windermere,south,water_temperature,2.0,degC,month_2,2011-03-10,2011-04-08,,5.408607916666667,-0.8035828009259256,lead_dependent_anomaly_relaxation,1.0,False,,,0,0,,4f53cda18c2baa0c0354bb5f9a3ecbe5ed12ab4d8e11ba873c2f11161202b945,observation_time_proxy,historical data_available_time is unknown; observation_time is a pseudo-operational proxy
2011-02-08T00:00:00+00:00,2011-02-07,windermere,south,water_temperature,2.0,degC,month_3,2011-04-09,2011-05-08,,,-0.8035828009259256,lead_dependent_anomaly_relaxation,1.0,False,,,0,0,,4f53cda18c2baa0c0354bb5f9a3ecbe5ed12ab4d8e11ba873c2f11161202b945,observation_time_proxy,historical data_available_time is unknown; observation_time is a pseudo-operational proxy
2011-02-15T00:00:00+00:00,2011-02-14,windermere,south,water_temperature,2.0,degC,month_1,2011-02-15,2011-03-16,,4.32269425925926,-0.4929252791666663,lead_dependent_anomaly_relaxation,1.0,False,,,0,0,,4f53cda18c2baa0c0354bb5f9a3ecbe5ed12ab4d8e11ba873c2f11161202b945,observation_time_proxy,historical data_available_time is unknown; observation_time is a pseudo-operational proxy
2011-02-15T00:00:00+00:00,2011-02-14,windermere,south,water_temperature,2.0,degC,month_2,2011-03-17,2011-04-15,,6.012064027777778,-0.4929252791666663,lead_dependent_anomaly_relaxation,1.0,False,,,0,0,,4f53cda18c2baa0c0354bb5f9a3ecbe5ed12ab4d8e11ba873c2f11161202b945,observation_time_proxy,historical data_available_time is unknown; observation_time is a pseudo-operational proxy
2011-02-15T00:00:00+00:00,2011-02-14,windermere,south,water_temperature,2.0,degC,month_3,2011-04-16,2011-05-15,,,-0.4929252791666663,lead_dependent_anomaly_relaxation,1.0,False,,,0,0,,4f53cda18c2baa0c0354bb5f9a3ecbe5ed12ab4d8e11ba873c2f11161202b945,observation_time_proxy,historical data_available_time is unknown; observation_time is a pseudo-operational proxy
2011-02-22T00:00:00+00:00,2011-02-21,windermere,south,water_temperature,2.0,degC,month_1,2011-02-22,2011-03-23,,4.582329722222222,-0.21177070370370377,lead_dependent_anomaly_relaxation,1.0,False,,,0,0,,4f53cda18c2baa0c0354bb5f9a3ecbe5ed12ab4d8e11ba873c2f11161202b945,observation_time_proxy,historical data_available_time is unknown; observation_time is a pseudo-operational proxy
2011-02-22T00:00:00+00:00,2011-02-21,windermere,south,water_temperature,2.0,degC,month_2,2011-03-24,2011-04-22,,6.621820379088504,-0.21177070370370377,lead_dependent_anomaly_relaxation,1.0,False,,,0,0,,4f53cda18c2baa0c0354bb5f9a3ecbe5ed12ab4d8e11ba873c2f11161202b945,observation_time_proxy,historical data_available_time is unknown; observation_time is a pseudo-operational proxy
2011-02-22T00:00:00+00:00,2011-02-21,windermere,south,water_temperature,2.0,degC,month_3,2011-04-23,2011-05-22,,,-0.21177070370370377,lead_dependent_anomaly_relaxation,1.0,False,,,0,0,,4f53cda18c2baa0c0354bb5f9a3ecbe5ed12ab4d8e11ba873c2f11161202b945,observation_time_proxy,historical data_available_time is unknown; observation_time is a pseudo-operational proxy
2011-03-01T00:00:00+00:00,2011-02-28,windermere,south,water_temperature,2.0,degC,month_1,2011-03-01,2011-03-30,,4.876382777777778,0.0938012546296294,lead_dependent_anomaly_relaxation,1.0,False,,,0,0,,4f53cda18c2baa0c0354bb5f9a3ecbe5ed12ab4d8e11ba873c2f11161202b945,observation_time_proxy,historical data_available_time is unknown; observation_time is a pseudo-operational proxy
2011-03-01T00:00:00+00:00,2011-02-28,windermere,south,water_temperature,2.0,degC,month_2,2011-03-31,2011-04-29,,,0.0938012546296294,lead_dependent_anomaly_relaxation,1.0,False,,,0,0,,4f53cda18c2baa0c0354bb5f9a3ecbe5ed12ab4d8e11ba873c2f11161202b945,observation_time_proxy,historical data_available_time is unknown; observation_time is a pseudo-operational proxy
2011-03-01T00:00:00+00:00,2011-02-28,windermere,south,water_temperature,2.0,degC,month_3,2011-04-30,2011-05-29,,11.706534505587484,0.0938012546296294,lead_dependent_anomaly_relaxation,1.0,False,,,0,0,,4f53cda18c2baa0c0354bb5f9a3ecbe5ed12ab4d8e11ba873c2f11161202b945,observation_time_proxy,historical data_available_time is unknown; observation_time is a pseudo-operational proxy
2011-03-08T00:00:00+00:00,2011-03-07,windermere,south,water_temperature,2.0,degC,month_1,2011-03-08,2011-04-06,,5.287160462962963,0.39189045879629614,lead_dependent_anomaly_relaxation,1.0,False,,,0,0,,4f53cda18c2baa0c0354bb5f9a3ecbe5ed12ab4d8e11ba873c2f11161202b945,observation_time_proxy,historical data_available_time is unknown; observation_time is a pseudo-operational proxy
2011-03-08T00:00:00+00:00,2011-03-07,windermere,south,water_temperature,2.0,degC,month_2,2011-04-07,2011-05-06,,,0.39189045879629614,lead_dependent_anomaly_relaxation,1.0,False,,,0,0,,4f53cda18c2baa0c0354bb5f9a3ecbe5ed12ab4d8e11ba873c2f11161202b945,observation_time_proxy,historical data_available_time is unknown; observation_time is a pseudo-operational proxy
2011-03-08T00:00:00+00:00,2011-03-07,windermere,south,water_temperature,2.0,degC,month_3,2011-05-07,2011-06-05,,12.99277637037037,0.39189045879629614,lead_dependent_anomaly_relaxation,1.0,False,,,0,0,,4f53cda18c2baa0c0354bb5f9a3ecbe5ed12ab4d8e11ba873c2f11161202b945,observation_time_proxy,historical data_available_time is unknown; observation_time is a pseudo-operational proxy
2011-03-15T00:00:00+00:00,2011-03-14,windermere,south,water_temperature,2.0,degC,month_1,2011-03-15,2011-04-13,,5.823234814814815,0.4692646731481487,lead_dependent_anomaly_relaxation,1.0,False,,,0,0,,4f53cda18c2baa0c0354bb5f9a3ecbe5ed12ab4d8e11ba873c2f11161202b945,observation_time_proxy,historical data_available_time is unknown; observation_time is a pseudo-operational proxy
2011-03-15T00:00:00+00:00,2011-03-14,windermere,south,water_temperature,2.0,degC,month_2,2011-04-14,2011-05-13,,,0.4692646731481487,lead_dependent_anomaly_relaxation,1.0,False,,,0,0,,4f53cda18c2baa0c0354bb5f9a3ecbe5ed12ab4d8e11ba873c2f11161202b945,observation_time_proxy,historical data_available_time is unknown; observation_time is a pseudo-operational proxy
2011-03-15T00:00:00+00:00,2011-03-14,windermere,south,water_temperature,2.0,degC,month_3,2011-05-14,2011-06-12,,14.176036351851852,0.4692646731481487,lead_dependent_anomaly_relaxation,1.0,False,,,0,0,,4f53cda18c2baa0c0354bb5f9a3ecbe5ed12ab4d8e11ba873c2f11161202b945,observation_time_proxy,historical data_available_time is unknown; observation_time is a pseudo-operational proxy
2011-03-22T00:00:00+00:00,2011-03-21,windermere,south,water_temperature,2.0,degC,month_1,2011-03-22,2011-04-20,,6.478096023569024,0.4793654361111104,lead_dependent_anomaly_relaxation,1.0,False,,,0,0,,4f53cda18c2baa0c0354bb5f9a3ecbe5ed12ab4d8e11ba873c2f11161202b945,observation_time_proxy,historical data_available_time is unknown; observation_time is a pseudo-operational proxy
2011-03-22T00:00:00+00:00,2011-03-21,windermere,south,water_temperature,2.0,degC,month_2,2011-04-21,2011-05-20,,,0.4793654361111104,lead_dependent_anomaly_relaxation,1.0,False,,,0,0,,4f53cda18c2baa0c0354bb5f9a3ecbe5ed12ab4d8e11ba873c2f11161202b945,observation_time_proxy,historical data_available_time is unknown; observation_time is a pseudo-operational proxy
2011-03-22T00:00:00+00:00,2011-03-21,windermere,south,water_temperature,2.0,degC,month_3,2011-05-21,2011-06-19,,15.161346430555556,0.4793654361111104,lead_dependent_anomaly_relaxation,1.0,False,,,0,0,,4f53cda18c2baa0c0354bb5f9a3ecbe5ed12ab4d8e11ba873c2f11161202b945,observation_time_proxy,historical data_available_time is unknown; observation_time is a pseudo-operational proxy
2011-03-29T00:00:00+00:00,2011-03-28,windermere,south,water_temperature,2.0,degC,month_1,2011-03-29,2011-04-27,,,0.6886476736111113,lead_dependent_anomaly_relaxation,1.0,False,,,0,0,,4f53cda18c2baa0c0354bb5f9a3ecbe5ed12ab4d8e11ba873c2f11161202b945,observation_time_proxy,historical data_available_time is unknown; observation_time is a pseudo-operational proxy
2011-03-29T00:00:00+00:00,2011-03-28,windermere,south,water_temperature,2.0,degC,month_2,2011-04-28,2011-05-27,,11.46555237191358,0.6886476736111113,lead_dependent_anomaly_relaxation,1.0,False,,,0,0,,4f53cda18c2baa0c0354bb5f9a3ecbe5ed12ab4d8e11ba873c2f11161202b945,observation_time_proxy,historical data_available_time is unknown; observation_time is a pseudo-operational proxy
2011-03-29T00:00:00+00:00,2011-03-28,windermere,south,water_temperature,2.0,degC,month_3,2011-05-28,2011-06-26,,15.807706111111111,0.6886476736111113,lead_dependent_anomaly_relaxation,1.0,False,,,0,0,,4f53cda18c2baa0c0354bb5f9a3ecbe5ed12ab4d8e11ba873c2f11161202b945,observation_time_proxy,historical data_available_time is unknown; observation_time is a pseudo-operational proxy
2011-04-05T00:00:00+00:00,2011-04-04,windermere,south,water_temperature,2.0,degC,month_1,2011-04-05,2011-05-04,,,0.7403959462962959,lead_dependent_anomaly_relaxation,1.0,False,,,0,0,,4f53cda18c2baa0c0354bb5f9a3ecbe5ed12ab4d8e11ba873c2f11161202b945,observation_time_proxy,historical data_available_time is unknown; observation_time is a pseudo-operational proxy
2011-04-05T00:00:00+00:00,2011-04-04,windermere,south,water_temperature,2.0,degC,month_2,2011-05-05,2011-06-03,,12.587841314814815,0.7403959462962959,lead_dependent_anomaly_relaxation,1.0,False,,,0,0,,4f53cda18c2baa0c0354bb5f9a3ecbe5ed12ab4d8e11ba873c2f11161202b945,observation_time_proxy,historical data_available_time is unknown; observation_time is a pseudo-operational proxy
2011-04-05T00:00:00+00:00,2011-04-04,windermere,south,water_temperature,2.0,degC,month_3,2011-06-04,2011-07-03,,16.599369041666666,0.7403959462962959,lead_dependent_anomaly_relaxation,1.0,False,,,0,0,,4f53cda18c2baa0c0354bb5f9a3ecbe5ed12ab4d8e11ba873c2f11161202b945,observation_time_proxy,historical data_available_time is unknown; observation_time is a pseudo-operational proxy
2011-04-12T00:00:00+00:00,2011-04-11,windermere,south,water_temperature,2.0,degC,month_1,2011-04-12,2011-05-11,,,1.036665893981481,lead_dependent_anomaly_relaxation,1.0,False,,,0,0,,4f53cda18c2baa0c0354bb5f9a3ecbe5ed12ab4d8e11ba873c2f11161202b945,observation_time_proxy,historical data_available_time is unknown; observation_time is a pseudo-operational proxy
2011-04-12T00:00:00+00:00,2011-04-11,windermere,south,water_temperature,2.0,degC,month_2,2011-05-12,2011-06-10,,13.870324587962964,1.036665893981481,lead_dependent_anomaly_relaxation,1.0,False,,,0,0,,4f53cda18c2baa0c0354bb5f9a3ecbe5ed12ab4d8e11ba873c2f11161202b945,observation_time_proxy,historical data_available_time is unknown; observation_time is a pseudo-operational proxy
2011-04-12T00:00:00+00:00,2011-04-11,windermere,south,water_temperature,2.0,degC,month_3,2011-06-11,2011-07-10,,17.059016074074073,1.036665893981481,lead_dependent_anomaly_relaxation,1.0,False,,,0,0,,4f53cda18c2baa0c0354bb5f9a3ecbe5ed12ab4d8e11ba873c2f11161202b945,observation_time_proxy,historical data_available_time is unknown; observation_time is a pseudo-operational proxy
2011-04-19T00:00:00+00:00,2011-04-18,windermere,south,water_temperature,2.0,degC,month_1,2011-04-19,2011-05-18,,,1.4768762662037043,lead_dependent_anomaly_relaxation,1.0,False,,,0,0,,4f53cda18c2baa0c0354bb5f9a3ecbe5ed12ab4d8e11ba873c2f11161202b945,observation_time_proxy,historical data_available_time is unknown; observation_time is a pseudo-operational proxy
2011-04-19T00:00:00+00:00,2011-04-18,windermere,south,water_temperature,2.0,degC,month_2,2011-05-19,2011-06-17,,14.918230615740741,1.4768762662037043,lead_dependent_anomaly_relaxation,1.0,False,,,0,0,,4f53cda18c2baa0c0354bb5f9a3ecbe5ed12ab4d8e11ba873c2f11161202b945,observation_time_proxy,historical data_available_time is unknown; observation_time is a pseudo-operational proxy
2011-04-19T00:00:00+00:00,2011-04-18,windermere,south,water_temperature,2.0,degC,month_3,2011-06-18,2011-07-17,,17.35377025925926,1.4768762662037043,lead_dependent_anomaly_relaxation,1.0,False,,,0,0,,4f53cda18c2baa0c0354bb5f9a3ecbe5ed12ab4d8e11ba873c2f11161202b945,observation_time_proxy,historical data_available_time is unknown; observation_time is a pseudo-operational proxy
2011-04-26T00:00:00+00:00,2011-04-25,windermere,south,water_temperature,2.0,degC,month_1,2011-04-26,2011-05-25,,,,lead_dependent_anomaly_relaxation,1.0,False,,,0,0,,4f53cda18c2baa0c0354bb5f9a3ecbe5ed12ab4d8e11ba873c2f11161202b945,observation_time_proxy,historical data_available_time is unknown; observation_time is a pseudo-operational proxy
2011-04-26T00:00:00+00:00,2011-04-25,windermere,south,water_temperature,2.0,degC,month_2,2011-05-26,2011-06-24,,15.607037944444444,,lead_dependent_anomaly_relaxation,1.0,False,,,0,0,,4f53cda18c2baa0c0354bb5f9a3ecbe5ed12ab4d8e11ba873c2f11161202b945,observation_time_proxy,historical data_available_time is unknown; observation_time is a pseudo-operational proxy
2011-04-26T00:00:00+00:00,2011-04-25,windermere,south,water_temperature,2.0,degC,month_3,2011-06-25,2011-07-24,,17.533731796296294,,lead_dependent_anomaly_relaxation,1.0,False,,,0,0,,4f53cda18c2baa0c0354bb5f9a3ecbe5ed12ab4d8e11ba873c2f11161202b945,observation_time_proxy,historical data_available_time is unknown; observation_time is a pseudo-operational proxy
2011-05-03T00:00:00+00:00,2011-05-02,windermere,south,water_temperature,2.0,degC,month_1,2011-05-03,2011-06-01,,12.194101786574073,,lead_dependent_anomaly_relaxation,1.0,False,,,0,0,,4f53cda18c2baa0c0354bb5f9a3ecbe5ed12ab4d8e11ba873c2f11161202b945,observation_time_proxy,historical data_available_time is unknown; observation_time is a pseudo-operational proxy
2011-05-03T00:00:00+00:00,2011-05-02,windermere,south,water_temperature,2.0,degC,month_2,2011-06-02,2011-07-01,,16.403306949074075,,lead_dependent_anomaly_relaxation,1.0,False,,,0,0,,4f53cda18c2baa0c0354bb5f9a3ecbe5ed12ab4d8e11ba873c2f11161202b945,observation_time_proxy,historical data_available_time is unknown; observation_time is a pseudo-operational proxy
2011-05-03T00:00:00+00:00,2011-05-02,windermere,south,water_temperature,2.0,degC,month_3,2011-07-02,2011-07-31,,17.577466092592594,,lead_dependent_anomaly_relaxation,1.0,False,,,0,0,,4f53cda18c2baa0c0354bb5f9a3ecbe5ed12ab4d8e11ba873c2f11161202b945,observation_time_proxy,historical data_available_time is unknown; observation_time is a pseudo-operational proxy
2011-05-10T00:00:00+00:00,2011-05-09,windermere,south,water_temperature,2.0,degC,month_1,2011-05-10,2011-06-08,,13.544356699074074,,lead_dependent_anomaly_relaxation,1.0,False,,,0,0,,4f53cda18c2baa0c0354bb5f9a3ecbe5ed12ab4d8e11ba873c2f11161202b945,observation_time_proxy,historical data_available_time is unknown; observation_time is a pseudo-operational proxy
2011-05-10T00:00:00+00:00,2011-05-09,windermere,south,water_temperature,2.0,degC,month_2,2011-06-09,2011-07-08,,16.933232921296295,,lead_dependent_anomaly_relaxation,1.0,False,,,0,0,,4f53cda18c2baa0c0354bb5f9a3ecbe5ed12ab4d8e11ba873c2f11161202b945,observation_time_proxy,historical data_available_time is unknown; observation_time is a pseudo-operational proxy
2011-05-10T00:00:00+00:00,2011-05-09,windermere,south,water_temperature,2.0,degC,month_3,2011-07-09,2011-08-07,,17.416930037037037,,lead_dependent_anomaly_relaxation,1.0,False,,,0,0,,4f53cda18c2baa0c0354bb5f9a3ecbe5ed12ab4d8e11ba873c2f11161202b945,observation_time_proxy,historical data_available_time is unknown; observation_time is a pseudo-operational proxy
2011-05-17T00:00:00+00:00,2011-05-16,windermere,south,water_temperature,2.0,degC,month_1,2011-05-17,2011-06-15,,14.614869782407407,,lead_dependent_anomaly_relaxation,1.0,False,,,0,0,,4f53cda18c2baa0c0354bb5f9a3ecbe5ed12ab4d8e11ba873c2f11161202b945,observation_time_proxy,historical data_available_time is unknown; observation_time is a pseudo-operational proxy
2011-05-17T00:00:00+00:00,2011-05-16,windermere,south,water_temperature,2.0,degC,month_2,2011-06-16,2011-07-15,,17.30628749074074,,lead_dependent_anomaly_relaxation,1.0,False,,,0,0,,4f53cda18c2baa0c0354bb5f9a3ecbe5ed12ab4d8e11ba873c2f11161202b945,observation_time_proxy,historical data_available_time is unknown; observation_time is a pseudo-operational proxy
2011-05-17T00:00:00+00:00,2011-05-16,windermere,south,water_temperature,2.0,degC,month_3,2011-07-16,2011-08-14,,17.375697805555557,,lead_dependent_anomaly_relaxation,1.0,False,,,0,0,,4f53cda18c2baa0c0354bb5f9a3ecbe5ed12ab4d8e11ba873c2f11161202b945,observation_time_proxy,historical data_available_time is unknown; observation_time is a pseudo-operational proxy
2011-05-24T00:00:00+00:00,2011-05-23,windermere,south,water_temperature,2.0,degC,month_1,2011-05-24,2011-06-22,,15.449786773148148,,lead_dependent_anomaly_relaxation,1.0,False,,,0,0,,4f53cda18c2baa0c0354bb5f9a3ecbe5ed12ab4d8e11ba873c2f11161202b945,observation_time_proxy,historical data_available_time is unknown; observation_time is a pseudo-operational proxy
2011-05-24T00:00:00+00:00,2011-05-23,windermere,south,water_temperature,2.0,degC,month_2,2011-06-23,2011-07-22,,17.496908273148147,,lead_dependent_anomaly_relaxation,1.0,False,,,0,0,,4f53cda18c2baa0c0354bb5f9a3ecbe5ed12ab4d8e11ba873c2f11161202b945,observation_time_proxy,historical data_available_time is unknown; observation_time is a pseudo-operational proxy
2011-05-24T00:00:00+00:00,2011-05-23,windermere,south,water_temperature,2.0,degC,month_3,2011-07-23,2011-08-21,,17.425659180555556,,lead_dependent_anomaly_relaxation,1.0,False,,,0,0,,4f53cda18c2baa0c0354bb5f9a3ecbe5ed12ab4d8e11ba873c2f11161202b945,observation_time_proxy,historical data_available_time is unknown; observation_time is a pseudo-operational proxy
2011-05-31T00:00:00+00:00,2011-05-30,windermere,south,water_temperature,2.0,degC,month_1,2011-05-31,2011-06-29,,16.173912375,1.2057012912037042,lead_dependent_anomaly_relaxation,1.0,False,,,0,0,,4f53cda18c2baa0c0354bb5f9a3ecbe5ed12ab4d8e11ba873c2f11161202b945,observation_time_proxy,historical data_available_time is unknown; observation_time is a pseudo-operational proxy
2011-05-31T00:00:00+00:00,2011-05-30,windermere,south,water_temperature,2.0,degC,month_2,2011-06-30,2011-07-29,,17.613673504629627,1.2057012912037042,lead_dependent_anomaly_relaxation,1.0,False,,,0,0,,4f53cda18c2baa0c0354bb5f9a3ecbe5ed12ab4d8e11ba873c2f11161202b945,observation_time_proxy,historical data_available_time is unknown; observation_time is a pseudo-operational proxy
2011-05-31T00:00:00+00:00,2011-05-30,windermere,south,water_temperature,2.0,degC,month_3,2011-07-30,2011-08-28,,17.287383439814814,1.2057012912037042,lead_dependent_anomaly_relaxation,1.0,False,,,0,0,,4f53cda18c2baa0c0354bb5f9a3ecbe5ed12ab4d8e11ba873c2f11161202b945,observation_time_proxy,historical data_available_time is unknown; observation_time is a pseudo-operational proxy
2011-06-07T00:00:00+00:00,2011-06-06,windermere,south,water_temperature,2.0,degC,month_1,2011-06-07,2011-07-06,,16.804002328703703,0.02493983796296284,lead_dependent_anomaly_relaxation,1.0,False,,,0,0,,4f53cda18c2baa0c0354bb5f9a3ecbe5ed12ab4d8e11ba873c2f11161202b945,observation_time_proxy,historical data_available_time is unknown; observation_time is a pseudo-operational proxy
2011-06-07T00:00:00+00:00,2011-06-06,windermere,south,water_temperature,2.0,degC,month_2,2011-07-07,2011-08-05,,17.43457287962963,0.02493983796296284,lead_dependent_anomaly_relaxation,1.0,False,,,0,0,,4f53cda18c2baa0c0354bb5f9a3ecbe5ed12ab4d8e11ba873c2f11161202b945,observation_time_proxy,historical data_available_time is unknown; observation_time is a pseudo-operational proxy
2011-06-07T00:00:00+00:00,2011-06-06,windermere,south,water_temperature,2.0,degC,month_3,2011-08-06,2011-09-04,,17.040241421296297,0.02493983796296284,lead_dependent_anomaly_relaxation,1.0,False,,,0,0,,4f53cda18c2baa0c0354bb5f9a3ecbe5ed12ab4d8e11ba873c2f11161202b945,observation_time_proxy,historical data_available_time is unknown; observation_time is a pseudo-operational proxy
2011-06-14T00:00:00+00:00,2011-06-13,windermere,south,water_temperature,2.0,degC,month_1,2011-06-14,2011-07-13,,17.208895125,-0.705427805555555,lead_dependent_anomaly_relaxation,1.0,False,,,0,0,,4f53cda18c2baa0c0354bb5f9a3ecbe5ed12ab4d8e11ba873c2f11161202b945,observation_time_proxy,historical data_available_time is unknown; observation_time is a pseudo-operational proxy
2011-06-14T00:00:00+00:00,2011-06-13,windermere,south,water_temperature,2.0,degC,month_2,2011-07-14,2011-08-12,,17.38972562037037,-0.705427805555555,lead_dependent_anomaly_relaxation,1.0,False,,,0,0,,4f53cda18c2baa0c0354bb5f9a3ecbe5ed12ab4d8e11ba873c2f11161202b945,observation_time_proxy,historical data_available_time is unknown; observation_time is a pseudo-operational proxy
2011-06-14T00:00:00+00:00,2011-06-13,windermere,south,water_temperature,2.0,degC,month_3,2011-08-13,2011-09-11,,16.620908777777778,-0.705427805555555,lead_dependent_anomaly_relaxation,1.0,False,,,0,0,,4f53cda18c2baa0c0354bb5f9a3ecbe5ed12ab4d8e11ba873c2f11161202b945,observation_time_proxy,historical data_available_time is unknown; observation_time is a pseudo-operational proxy
2011-06-21T00:00:00+00:00,2011-06-20,windermere,south,water_temperature,2.0,degC,month_1,2011-06-21,2011-07-20,,17.439612342592593,-0.9854679398148143,lead_dependent_anomaly_relaxation,1.0,False,,,0,0,,4f53cda18c2baa0c0354bb5f9a3ecbe5ed12ab4d8e11ba873c2f11161202b945,observation_time_proxy,historical data_available_time is unknown; observation_time is a pseudo-operational proxy
2011-06-21T00:00:00+00:00,2011-06-20,windermere,south,water_temperature,2.0,degC,month_2,2011-07-21,2011-08-19,,17.416418458333332,-0.9854679398148143,lead_dependent_anomaly_relaxation,1.0,False,,,0,0,,4f53cda18c2baa0c0354bb5f9a3ecbe5ed12ab4d8e11ba873c2f11161202b945,observation_time_proxy,historical data_available_time is unknown; observation_time is a pseudo-operational proxy
2011-06-21T00:00:00+00:00,2011-06-20,windermere,south,water_temperature,2.0,degC,month_3,2011-08-20,2011-09-18,,16.238884902777777,-0.9854679398148143,lead_dependent_anomaly_relaxation,1.0,False,,,0,0,,4f53cda18c2baa0c0354bb5f9a3ecbe5ed12ab4d8e11ba873c2f11161202b945,observation_time_proxy,historical data_available_time is unknown; observation_time is a pseudo-operational proxy
2011-06-28T00:00:00+00:00,2011-06-27,windermere,south,water_temperature,2.0,degC,month_1,2011-06-28,2011-07-27,,17.58581401388889,-0.8026326342592593,lead_dependent_anomaly_relaxation,1.0,False,,,0,0,,4f53cda18c2baa0c0354bb5f9a3ecbe5ed12ab4d8e11ba873c2f11161202b945,observation_time_proxy,historical data_available_time is unknown; observation_time is a pseudo-operational proxy
2011-06-28T00:00:00+00:00,2011-06-27,windermere,south,water_temperature,2.0,degC,month_2,2011-07-28,2011-08-26,,17.368583064814814,-0.8026326342592593,lead_dependent_anomaly_relaxation,1.0,False,,,0,0,,4f53cda18c2baa0c0354bb5f9a3ecbe5ed12ab4d8e11ba873c2f11161202b945,observation_time_proxy,historical data_available_time is unknown; observation_time is a pseudo-operational proxy
2011-06-28T00:00:00+00:00,2011-06-27,windermere,south,water_temperature,2.0,degC,month_3,2011-08-27,2011-09-25,,15.784842203703704,-0.8026326342592593,lead_dependent_anomaly_relaxation,1.0,False,,,0,0,,4f53cda18c2baa0c0354bb5f9a3ecbe5ed12ab4d8e11ba873c2f11161202b945,observation_time_proxy,historical data_available_time is unknown; observation_time is a pseudo-operational proxy
2011-07-05T00:00:00+00:00,2011-07-04,windermere,south,water_temperature,2.0,degC,month_1,2011-07-05,2011-08-03,,17.47822922222222,-0.49945883333333185,lead_dependent_anomaly_relaxation,1.0,False,,,0,0,,4f53cda18c2baa0c0354bb5f9a3ecbe5ed12ab4d8e11ba873c2f11161202b945,observation_time_proxy,historical data_available_time is unknown; observation_time is a pseudo-operational proxy
2011-07-05T00:00:00+00:00,2011-07-04,windermere,south,water_temperature,2.0,degC,month_2,2011-08-04,2011-09-02,,17.117887305555556,-0.49945883333333185,lead_dependent_anomaly_relaxation,1.0,False,,,0,0,,4f53cda18c2baa0c0354bb5f9a3ecbe5ed12ab4d8e11ba873c2f11161202b945,observation_time_proxy,historical data_available_time is unknown; observation_time is a pseudo-operational proxy
2011-07-05T00:00:00+00:00,2011-07-04,windermere,south,water_temperature,2.0,degC,month_3,2011-09-03,2011-10-02,,15.293626833333333,-0.49945883333333185,lead_dependent_anomaly_relaxation,1.0,False,,,0,0,,4f53cda18c2baa0c0354bb5f9a3ecbe5ed12ab4d8e11ba873c2f11161202b945,observation_time_proxy,historical data_available_time is unknown; observation_time is a pseudo-operational proxy
2011-07-12T00:00:00+00:00,2011-07-11,windermere,south,water_temperature,2.0,degC,month_1,2011-07-12,2011-08-10,,17.402729592592593,-0.13100223611110806,lead_dependent_anomaly_relaxation,1.0,False,,,0,0,,4f53cda18c2baa0c0354bb5f9a3ecbe5ed12ab4d8e11ba873c2f11161202b945,observation_time_proxy,historical data_available_time is unknown; observation_time is a pseudo-operational proxy
2011-07-12T00:00:00+00:00,2011-07-11,windermere,south,water_temperature,2.0,degC,month_2,2011-08-11,2011-09-09,,16.734118689814814,-0.13100223611110806,lead_dependent_anomaly_relaxation,1.0,False,,,0,0,,4f53cda18c2baa0c0354bb5f9a3ecbe5ed12ab4d8e11ba873c2f11161202b945,observation_time_proxy,historical data_available_time is unknown; observation_time is a pseudo-operational proxy
2011-07-12T00:00:00+00:00,2011-07-11,windermere,south,water_temperature,2.0,degC,month_3,2011-09-10,2011-10-09,,14.758989203703704,-0.13100223611110806,lead_dependent_anomaly_relaxation,1.0,False,,,0,0,,4f53cda18c2baa0c0354bb5f9a3ecbe5ed12ab4d8e11ba873c2f11161202b945,observation_time_proxy,historical data_available_time is unknown; observation_time is a pseudo-operational proxy
2011-07-19T00:00:00+00:00,2011-07-18,windermere,south,water_temperature,2.0,degC,month_1,2011-07-19,2011-08-17,,17.393570805555555,0.40805244444444355,lead_dependent_anomaly_relaxation,1.0,False,,,0,0,,4f53cda18c2baa0c0354bb5f9a3ecbe5ed12ab4d8e11ba873c2f11161202b945,observation_time_proxy,historical data_available_time is unknown; observation_time is a pseudo-operational proxy
2011-07-19T00:00:00+00:00,2011-07-18,windermere,south,water_temperature,2.0,degC,month_2,2011-08-18,2011-09-16,,16.358903574074073,0.40805244444444355,lead_dependent_anomaly_relaxation,1.0,False,,,0,0,,4f53cda18c2baa0c0354bb5f9a3ecbe5ed12ab4d8e11ba873c2f11161202b945,observation_time_proxy,historical data_available_time is unknown; observation_time is a pseudo-operational proxy
2011-07-19T00:00:00+00:00,2011-07-18,windermere,south,water_temperature,2.0,degC,month_3,2011-09-17,2011-10-16,,14.183128703703703,0.40805244444444355,lead_dependent_anomaly_relaxation,1.0,False,,,0,0,,4f53cda18c2baa0c0354bb5f9a3ecbe5ed12ab4d8e11ba873c2f11161202b945,observation_time_proxy,historical data_available_time is unknown; observation_time is a pseudo-operational proxy
2011-07-26T00:00:00+00:00,2011-07-25,windermere,south,water_temperature,2.0,degC,month_1,2011-07-26,2011-08-24,,17.41829865740741,0.7966521944444445,lead_dependent_anomaly_relaxation,1.0,False,,,0,0,,4f53cda18c2baa0c0354bb5f9a3ecbe5ed12ab4d8e11ba873c2f11161202b945,observation_time_proxy,historical data_available_time is unknown; observation_time is a pseudo-operational proxy
2011-07-26T00:00:00+00:00,2011-07-25,windermere,south,water_temperature,2.0,degC,month_2,2011-08-25,2011-09-23,,15.920983560185185,0.7966521944444445,lead_dependent_anomaly_relaxation,1.0,False,,,0,0,,4f53cda18c2baa0c0354bb5f9a3ecbe5ed12ab4d8e11ba873c2f11161202b945,observation_time_proxy,historical data_available_time is unknown; observation_time is a pseudo-operational proxy
2011-07-26T00:00:00+00:00,2011-07-25,windermere,south,water_temperature,2.0,degC,month_3,2011-09-24,2011-10-23,,13.538333254629629,0.7966521944444445,lead_dependent_anomaly_relaxation,1.0,False,,,0,0,,4f53cda18c2baa0c0354bb5f9a3ecbe5ed12ab4d8e11ba873c2f11161202b945,observation_time_proxy,historical data_available_time is unknown; observation_time is a pseudo-operational proxy
2011-08-02T00:00:00+00:00,2011-08-01,windermere,south,water_temperature,2.0,degC,month_1,2011-08-02,2011-08-31,,17.18284048148148,1.3338013333333336,lead_dependent_anomaly_relaxation,1.0,False,,,0,0,,4f53cda18c2baa0c0354bb5f9a3ecbe5ed12ab4d8e11ba873c2f11161202b945,observation_time_proxy,historical data_available_time is unknown; observation_time is a pseudo-operational proxy
2011-08-02T00:00:00+00:00,2011-08-01,windermere,south,water_temperature,2.0,degC,month_2,2011-09-01,2011-09-30,,15.440831162037037,1.3338013333333336,lead_dependent_anomaly_relaxation,1.0,False,,,0,0,,4f53cda18c2baa0c0354bb5f9a3ecbe5ed12ab4d8e11ba873c2f11161202b945,observation_time_proxy,historical data_available_time is unknown; observation_time is a pseudo-operational proxy
2011-08-02T00:00:00+00:00,2011-08-01,windermere,south,water_temperature,2.0,degC,month_3,2011-10-01,2011-10-30,,12.82094225,1.3338013333333336,lead_dependent_anomaly_relaxation,1.0,False,,,0,0,,4f53cda18c2baa0c0354bb5f9a3ecbe5ed12ab4d8e11ba873c2f11161202b945,observation_time_proxy,historical data_available_time is unknown; observation_time is a pseudo-operational proxy
2011-08-09T00:00:00+00:00,2011-08-08,windermere,south,water_temperature,2.0,degC,month_1,2011-08-09,2011-09-07,,16.852367041666668,1.7009032777777762,lead_dependent_anomaly_relaxation,1.0,False,,,0,0,,4f53cda18c2baa0c0354bb5f9a3ecbe5ed12ab4d8e11ba873c2f11161202b945,observation_time_proxy,historical data_available_time is unknown; observation_time is a pseudo-operational proxy
2011-08-09T00:00:00+00:00,2011-08-08,windermere,south,water_temperature,2.0,degC,month_2,2011-09-08,2011-10-07,,14.910040986111111,1.7009032777777762,lead_dependent_anomaly_relaxation,1.0,False,,,0,0,,4f53cda18c2baa0c0354bb5f9a3ecbe5ed12ab4d8e11ba873c2f11161202b945,observation_time_proxy,historical data_available_time is unknown; observation_time is a pseudo-operational proxy
2011-08-09T00:00:00+00:00,2011-08-08,windermere,south,water_temperature,2.0,degC,month_3,2011-10-08,2011-11-06,,12.082043168679549,1.7009032777777762,lead_dependent_anomaly_relaxation,1.0,False,,,0,0,,4f53cda18c2baa0c0354bb5f9a3ecbe5ed12ab4d8e11ba873c2f11161202b945,observation_time_proxy,historical data_available_time is unknown; observation_time is a pseudo-operational proxy
2011-08-16T00:00:00+00:00,2011-08-15,windermere,south,water_temperature,2.0,degC,month_1,2011-08-16,2011-09-14,,16.474850115740743,1.5923466435185176,lead_dependent_anomaly_relaxation,1.0,False,,,0,0,,4f53cda18c2baa0c0354bb5f9a3ecbe5ed12ab4d8e11ba873c2f11161202b945,observation_time_proxy,historical data_available_time is unknown; observation_time is a pseudo-operational proxy
2011-08-16T00:00:00+00:00,2011-08-15,windermere,south,water_temperature,2.0,degC,month_2,2011-09-15,2011-10-14,,14.34867398148148,1.5923466435185176,lead_dependent_anomaly_relaxation,1.0,False,,,0,0,,4f53cda18c2baa0c0354bb5f9a3ecbe5ed12ab4d8e11ba873c2f11161202b945,observation_time_proxy,historical data_available_time is unknown; observation_time is a pseudo-operational proxy
2011-08-16T00:00:00+00:00,2011-08-15,windermere,south,water_temperature,2.0,degC,month_3,2011-10-15,2011-11-13,,11.281149001086957,1.5923466435185176,lead_dependent_anomaly_relaxation,1.0,False,,,0,0,,4f53cda18c2baa0c0354bb5f9a3ecbe5ed12ab4d8e11ba873c2f11161202b945,observation_time_proxy,historical data_available_time is unknown; observation_time is a pseudo-operational proxy
2011-08-23T00:00:00+00:00,2011-08-22,windermere,south,water_temperature,2.0,degC,month_1,2011-08-23,2011-09-21,,16.050486310185185,1.3669364166666682,lead_dependent_anomaly_relaxation,1.0,False,,,0,0,,4f53cda18c2baa0c0354bb5f9a3ecbe5ed12ab4d8e11ba873c2f11161202b945,observation_time_proxy,historical data_available_time is unknown; observation_time is a pseudo-operational proxy
2011-08-23T00:00:00+00:00,2011-08-22,windermere,south,water_temperature,2.0,degC,month_2,2011-09-22,2011-10-21,,13.738468546296296,1.3669364166666682,lead_dependent_anomaly_relaxation,1.0,False,,,0,0,,4f53cda18c2baa0c0354bb5f9a3ecbe5ed12ab4d8e11ba873c2f11161202b945,observation_time_proxy,historical data_available_time is unknown; observation_time is a pseudo-operational proxy
2011-08-23T00:00:00+00:00,2011-08-22,windermere,south,water_temperature,2.0,degC,month_3,2011-10-22,2011-11-20,,10.479847409883252,1.3669364166666682,lead_dependent_anomaly_relaxation,1.0,False,,,0,0,,4f53cda18c2baa0c0354bb5f9a3ecbe5ed12ab4d8e11ba873c2f11161202b945,observation_time_proxy,historical data_available_time is unknown; observation_time is a pseudo-operational proxy
2011-08-30T00:00:00+00:00,2011-08-29,windermere,south,water_temperature,2.0,degC,month_1,2011-08-30,2011-09-28,,15.582673699074073,1.0979746388888891,lead_dependent_anomaly_relaxation,1.0,False,,,0,0,,4f53cda18c2baa0c0354bb5f9a3ecbe5ed12ab4d8e11ba873c2f11161202b945,observation_time_proxy,historical data_available_time is unknown; observation_time is a pseudo-operational proxy
2011-08-30T00:00:00+00:00,2011-08-29,windermere,south,water_temperature,2.0,degC,month_2,2011-09-29,2011-10-28,,13.02951588425926,1.0979746388888891,lead_dependent_anomaly_relaxation,1.0,False,,,0,0,,4f53cda18c2baa0c0354bb5f9a3ecbe5ed12ab4d8e11ba873c2f11161202b945,observation_time_proxy,historical data_available_time is unknown; observation_time is a pseudo-operational proxy
2011-08-30T00:00:00+00:00,2011-08-29,windermere,south,water_temperature,2.0,degC,month_3,2011-10-29,2011-11-27,,9.77078563766103,1.0979746388888891,lead_dependent_anomaly_relaxation,1.0,False,,,0,0,,4f53cda18c2baa0c0354bb5f9a3ecbe5ed12ab4d8e11ba873c2f11161202b945,observation_time_proxy,historical data_available_time is unknown; observation_time is a pseudo-operational proxy
2011-09-06T00:00:00+00:00,2011-09-05,windermere,south,water_temperature,2.0,degC,month_1,2011-09-06,2011-10-05,,15.050147523148148,0.6841574953703713,lead_dependent_anomaly_relaxation,1.0,False,,,0,0,,4f53cda18c2baa0c0354bb5f9a3ecbe5ed12ab4d8e11ba873c2f11161202b945,observation_time_proxy,historical data_available_time is unknown; observation_time is a pseudo-operational proxy
2011-09-06T00:00:00+00:00,2011-09-05,windermere,south,water_temperature,2.0,degC,month_2,2011-10-06,2011-11-04,,12.291816228864734,0.6841574953703713,lead_dependent_anomaly_relaxation,1.0,False,,,0,0,,4f53cda18c2baa0c0354bb5f9a3ecbe5ed12ab4d8e11ba873c2f11161202b945,observation_time_proxy,historical data_available_time is unknown; observation_time is a pseudo-operational proxy
2011-09-06T00:00:00+00:00,2011-09-05,windermere,south,water_temperature,2.0,degC,month_3,2011-11-05,2011-12-04,,9.0195236875,0.6841574953703713,lead_dependent_anomaly_relaxation,1.0,False,,,0,0,,4f53cda18c2baa0c0354bb5f9a3ecbe5ed12ab4d8e11ba873c2f11161202b945,observation_time_proxy,historical data_available_time is unknown; observation_time is a pseudo-operational proxy
2011-09-13T00:00:00+00:00,2011-09-12,windermere,south,water_temperature,2.0,degC,month_1,2011-09-13,2011-10-12,,14.520636393518519,0.496027944444446,lead_dependent_anomaly_relaxation,1.0,False,,,0,0,,4f53cda18c2baa0c0354bb5f9a3ecbe5ed12ab4d8e11ba873c2f11161202b945,observation_time_proxy,historical data_available_time is unknown; observation_time is a pseudo-operational proxy
2011-09-13T00:00:00+00:00,2011-09-12,windermere,south,water_temperature,2.0,degC,month_2,2011-10-13,2011-11-11,,11.520594050623993,0.496027944444446,lead_dependent_anomaly_relaxation,1.0,False,,,0,0,,4f53cda18c2baa0c0354bb5f9a3ecbe5ed12ab4d8e11ba873c2f11161202b945,observation_time_proxy,historical data_available_time is unknown; observation_time is a pseudo-operational proxy
2011-09-13T00:00:00+00:00,2011-09-12,windermere,south,water_temperature,2.0,degC,month_3,2011-11-12,2011-12-11,,8.245979348611112,0.496027944444446,lead_dependent_anomaly_relaxation,1.0,False,,,0,0,,4f53cda18c2baa0c0354bb5f9a3ecbe5ed12ab4d8e11ba873c2f11161202b945,observation_time_proxy,historical data_available_time is unknown; observation_time is a pseudo-operational proxy
2011-09-20T00:00:00+00:00,2011-09-19,windermere,south,water_temperature,2.0,degC,month_1,2011-09-20,2011-10-19,,13.927047319444444,0.22954893055555559,lead_dependent_anomaly_relaxation,1.0,False,,,0,0,,4f53cda18c2baa0c0354bb5f9a3ecbe5ed12ab4d8e11ba873c2f11161202b945,observation_time_proxy,historical data_available_time is unknown; observation_time is a pseudo-operational proxy
2011-09-20T00:00:00+00:00,2011-09-19,windermere,south,water_temperature,2.0,degC,month_2,2011-10-20,2011-11-18,,10.694818889975846,0.22954893055555559,lead_dependent_anomaly_relaxation,1.0,False,,,0,0,,4f53cda18c2baa0c0354bb5f9a3ecbe5ed12ab4d8e11ba873c2f11161202b945,observation_time_proxy,historical data_available_time is unknown; observation_time is a pseudo-operational proxy
2011-09-20T00:00:00+00:00,2011-09-19,windermere,south,water_temperature,2.0,degC,month_3,2011-11-19,2011-12-18,,7.538418897222222,0.22954893055555559,lead_dependent_anomaly_relaxation,1.0,False,,,0,0,,4f53cda18c2baa0c0354bb5f9a3ecbe5ed12ab4d8e11ba873c2f11161202b945,observation_time_proxy,historical data_available_time is unknown; observation_time is a pseudo-operational proxy
2011-09-27T00:00:00+00:00,2011-09-26,windermere,south,water_temperature,2.0,degC,month_1,2011-09-27,2011-10-26,,13.235672884259259,-0.03339808333333316,lead_dependent_anomaly_relaxation,1.0,False,,,0,0,,4f53cda18c2baa0c0354bb5f9a3ecbe5ed12ab4d8e11ba873c2f11161202b945,observation_time_proxy,historical data_available_time is unknown; observation_time is a pseudo-operational proxy
2011-09-27T00:00:00+00:00,2011-09-26,windermere,south,water_temperature,2.0,degC,month_2,2011-10-27,2011-11-25,,9.973361398772141,-0.03339808333333316,lead_dependent_anomaly_relaxation,1.0,False,,,0,0,,4f53cda18c2baa0c0354bb5f9a3ecbe5ed12ab4d8e11ba873c2f11161202b945,observation_time_proxy,historical data_available_time is unknown; observation_time is a pseudo-operational proxy
2011-09-27T00:00:00+00:00,2011-09-26,windermere,south,water_temperature,2.0,degC,month_3,2011-11-26,2011-12-25,,6.815170617592592,-0.03339808333333316,lead_dependent_anomaly_relaxation,1.0,False,,,0,0,,4f53cda18c2baa0c0354bb5f9a3ecbe5ed12ab4d8e11ba873c2f11161202b945,observation_time_proxy,historical data_available_time is unknown; observation_time is a pseudo-operational proxy
2011-10-04T00:00:00+00:00,2011-10-03,windermere,south,water_temperature,2.0,degC,month_1,2011-10-04,2011-11-02,,12.502482645531401,-0.01054554166666577,lead_dependent_anomaly_relaxation,1.0,False,,,0,0,,4f53cda18c2baa0c0354bb5f9a3ecbe5ed12ab4d8e11ba873c2f11161202b945,observation_time_proxy,historical data_available_time is unknown; observation_time is a pseudo-operational proxy
2011-10-04T00:00:00+00:00,2011-10-03,windermere,south,water_temperature,2.0,degC,month_2,2011-11-03,2011-12-02,,9.241518598148149,-0.01054554166666577,lead_dependent_anomaly_relaxation,1.0,False,,,0,0,,4f53cda18c2baa0c0354bb5f9a3ecbe5ed12ab4d8e11ba873c2f11161202b945,observation_time_proxy,historical data_available_time is unknown; observation_time is a pseudo-operational proxy
2011-10-04T00:00:00+00:00,2011-10-03,windermere,south,water_temperature,2.0,degC,month_3,2011-12-03,2012-01-01,,6.180509797767783,-0.01054554166666577,lead_dependent_anomaly_relaxation,1.0,False,,,0,0,,4f53cda18c2baa0c0354bb5f9a3ecbe5ed12ab4d8e11ba873c2f11161202b945,observation_time_proxy,historical data_available_time is unknown; observation_time is a pseudo-operational proxy
2011-10-11T00:00:00+00:00,2011-10-10,windermere,south,water_temperature,2.0,degC,month_1,2011-10-11,2011-11-09,,11.753869094605475,0.02914104629629577,lead_dependent_anomaly_relaxation,1.0,False,,,0,0,,4f53cda18c2baa0c0354bb5f9a3ecbe5ed12ab4d8e11ba873c2f11161202b945,observation_time_proxy,historical data_available_time is unknown; observation_time is a pseudo-operational proxy
2011-10-11T00:00:00+00:00,2011-10-10,windermere,south,water_temperature,2.0,degC,month_2,2011-11-10,2011-12-09,,8.457752664351851,0.02914104629629577,lead_dependent_anomaly_relaxation,1.0,False,,,0,0,,4f53cda18c2baa0c0354bb5f9a3ecbe5ed12ab4d8e11ba873c2f11161202b945,observation_time_proxy,historical data_available_time is unknown; observation_time is a pseudo-operational proxy
2011-10-11T00:00:00+00:00,2011-10-10,windermere,south,water_temperature,2.0,degC,month_3,2011-12-10,2012-01-08,,,0.02914104629629577,lead_dependent_anomaly_relaxation,1.0,False,,,0,0,,4f53cda18c2baa0c0354bb5f9a3ecbe5ed12ab4d8e11ba873c2f11161202b945,observation_time_proxy,historical data_available_time is unknown; observation_time is a pseudo-operational proxy
2011-10-18T00:00:00+00:00,2011-10-17,windermere,south,water_temperature,2.0,degC,month_1,2011-10-18,2011-11-16,,10.924115302475846,0.29693017129629595,lead_dependent_anomaly_relaxation,1.0,False,,,0,0,,4f53cda18c2baa0c0354bb5f9a3ecbe5ed12ab4d8e11ba873c2f11161202b945,observation_time_proxy,historical data_available_time is unknown; observation_time is a pseudo-operational proxy
2011-10-18T00:00:00+00:00,2011-10-17,windermere,south,water_temperature,2.0,degC,month_2,2011-11-17,2011-12-16,,7.736909824537038,0.29693017129629595,lead_dependent_anomaly_relaxation,1.0,False,,,0,0,,4f53cda18c2baa0c0354bb5f9a3ecbe5ed12ab4d8e11ba873c2f11161202b945,observation_time_proxy,historical data_available_time is unknown; observation_time is a pseudo-operational proxy
2011-10-18T00:00:00+00:00,2011-10-17,windermere,south,water_temperature,2.0,degC,month_3,2011-12-17,2012-01-15,,,0.29693017129629595,lead_dependent_anomaly_relaxation,1.0,False,,,0,0,,4f53cda18c2baa0c0354bb5f9a3ecbe5ed12ab4d8e11ba873c2f11161202b945,observation_time_proxy,historical data_available_time is unknown; observation_time is a pseudo-operational proxy
2011-10-25T00:00:00+00:00,2011-10-24,windermere,south,water_temperature,2.0,degC,month_1,2011-10-25,2011-11-23,,10.172522900623994,0.5571427175925923,lead_dependent_anomaly_relaxation,1.0,False,,,0,0,,4f53cda18c2baa0c0354bb5f9a3ecbe5ed12ab4d8e11ba873c2f11161202b945,observation_time_proxy,historical data_available_time is unknown; observation_time is a pseudo-operational proxy
2011-10-25T00:00:00+00:00,2011-10-24,windermere,south,water_temperature,2.0,degC,month_2,2011-11-24,2011-12-23,,7.016291301388889,0.5571427175925923,lead_dependent_anomaly_relaxation,1.0,False,,,0,0,,4f53cda18c2baa0c0354bb5f9a3ecbe5ed12ab4d8e11ba873c2f11161202b945,observation_time_proxy,historical data_available_time is unknown; observation_time is a pseudo-operational proxy
2011-10-25T00:00:00+00:00,2011-10-24,windermere,south,water_temperature,2.0,degC,month_3,2011-12-24,2012-01-22,,,0.5571427175925923,lead_dependent_anomaly_relaxation,1.0,False,,,0,0,,4f53cda18c2baa0c0354bb5f9a3ecbe5ed12ab4d8e11ba873c2f11161202b945,observation_time_proxy,historical data_available_time is unknown; observation_time is a pseudo-operational proxy
2011-11-01T00:00:00+00:00,2011-10-31,windermere,south,water_temperature,2.0,degC,month_1,2011-11-01,2011-11-30,,9.457571033333334,0.696903562801932,lead_dependent_anomaly_relaxation,1.0,False,,,0,0,,4f53cda18c2baa0c0354bb5f9a3ecbe5ed12ab4d8e11ba873c2f11161202b945,observation_time_proxy,historical data_available_time is unknown; observation_time is a pseudo-operational proxy
2011-11-01T00:00:00+00:00,2011-10-31,windermere,south,water_temperature,2.0,degC,month_2,2011-12-01,2011-12-30,,6.339381258796296,0.696903562801932,lead_dependent_anomaly_relaxation,1.0,False,,,0,0,,4f53cda18c2baa0c0354bb5f9a3ecbe5ed12ab4d8e11ba873c2f11161202b945,observation_time_proxy,historical data_available_time is unknown; observation_time is a pseudo-operational proxy
2011-11-01T00:00:00+00:00,2011-10-31,windermere,south,water_temperature,2.0,degC,month_3,2011-12-31,2012-01-29,,,0.696903562801932,lead_dependent_anomaly_relaxation,1.0,False,,,0,0,,4f53cda18c2baa0c0354bb5f9a3ecbe5ed12ab4d8e11ba873c2f11161202b945,observation_time_proxy,historical data_available_time is unknown; observation_time is a pseudo-operational proxy
2011-11-08T00:00:00+00:00,2011-11-07,windermere,south,water_temperature,2.0,degC,month_1,2011-11-08,2011-12-07,,8.679619858333334,0.7982527433574873,lead_dependent_anomaly_relaxation,1.0,False,,,0,0,,4f53cda18c2baa0c0354bb5f9a3ecbe5ed12ab4d8e11ba873c2f11161202b945,observation_time_proxy,historical data_available_time is unknown; observation_time is a pseudo-operational proxy
2011-11-08T00:00:00+00:00,2011-11-07,windermere,south,water_temperature,2.0,degC,month_2,2011-12-08,2012-01-06,,,0.7982527433574873,lead_dependent_anomaly_relaxation,1.0,False,,,0,0,,4f53cda18c2baa0c0354bb5f9a3ecbe5ed12ab4d8e11ba873c2f11161202b945,observation_time_proxy,historical data_available_time is unknown; observation_time is a pseudo-operational proxy
2011-11-08T00:00:00+00:00,2011-11-07,windermere,south,water_temperature,2.0,degC,month_3,2012-01-07,2012-02-05,,4.689331018518518,0.7982527433574873,lead_dependent_anomaly_relaxation,1.0,False,,,0,0,,4f53cda18c2baa0c0354bb5f9a3ecbe5ed12ab4d8e11ba873c2f11161202b945,observation_time_proxy,historical data_available_time is unknown; observation_time is a pseudo-operational proxy
2011-11-15T00:00:00+00:00,2011-11-14,windermere,south,water_temperature,2.0,degC,month_1,2011-11-15,2011-12-14,,7.940560446759259,1.0075257785426732,lead_dependent_anomaly_relaxation,1.0,False,,,0,0,,4f53cda18c2baa0c0354bb5f9a3ecbe5ed12ab4d8e11ba873c2f11161202b945,observation_time_proxy,historical data_available_time is unknown; observation_time is a pseudo-operational proxy
2011-11-15T00:00:00+00:00,2011-11-14,windermere,south,water_temperature,2.0,degC,month_2,2011-12-15,2012-01-13,,,1.0075257785426732,lead_dependent_anomaly_relaxation,1.0,False,,,0,0,,4f53cda18c2baa0c0354bb5f9a3ecbe5ed12ab4d8e11ba873c2f11161202b945,observation_time_proxy,historical data_available_time is unknown; observation_time is a pseudo-operational proxy
2011-11-15T00:00:00+00:00,2011-11-14,windermere,south,water_temperature,2.0,degC,month_3,2012-01-14,2012-02-12,,4.5397388888888885,1.0075257785426732,lead_dependent_anomaly_relaxation,1.0,False,,,0,0,,4f53cda18c2baa0c0354bb5f9a3ecbe5ed12ab4d8e11ba873c2f11161202b945,observation_time_proxy,historical data_available_time is unknown; observation_time is a pseudo-operational proxy
2011-11-22T00:00:00+00:00,2011-11-21,windermere,south,water_temperature,2.0,degC,month_1,2011-11-22,2011-12-21,,7.226658585185185,1.235058136876006,lead_dependent_anomaly_relaxation,1.0,False,,,0,0,,4f53cda18c2baa0c0354bb5f9a3ecbe5ed12ab4d8e11ba873c2f11161202b945,observation_time_proxy,historical data_available_time is unknown; observation_time is a pseudo-operational proxy
2011-11-22T00:00:00+00:00,2011-11-21,windermere,south,water_temperature,2.0,degC,month_2,2011-12-22,2012-01-20,,,1.235058136876006,lead_dependent_anomaly_relaxation,1.0,False,,,0,0,,4f53cda18c2baa0c0354bb5f9a3ecbe5ed12ab4d8e11ba873c2f11161202b945,observation_time_proxy,historical data_available_time is unknown; observation_time is a pseudo-operational proxy
2011-11-22T00:00:00+00:00,2011-11-21,windermere,south,water_temperature,2.0,degC,month_3,2012-01-21,2012-02-19,,4.413741944444444,1.235058136876006,lead_dependent_anomaly_relaxation,1.0,False,,,0,0,,4f53cda18c2baa0c0354bb5f9a3ecbe5ed12ab4d8e11ba873c2f11161202b945,observation_time_proxy,historical data_available_time is unknown; observation_time is a pseudo-operational proxy
2011-11-29T00:00:00+00:00,2011-11-28,windermere,south,water_temperature,2.0,degC,month_1,2011-11-29,2011-12-28,,6.523554162037037,1.48437882020934,lead_dependent_anomaly_relaxation,1.0,False,,,0,0,,4f53cda18c2baa0c0354bb5f9a3ecbe5ed12ab4d8e11ba873c2f11161202b945,observation_time_proxy,historical data_available_time is unknown; observation_time is a pseudo-operational proxy
2011-11-29T00:00:00+00:00,2011-11-28,windermere,south,water_temperature,2.0,degC,month_2,2011-12-29,2012-01-27,,,1.48437882020934,lead_dependent_anomaly_relaxation,1.0,False,,,0,0,,4f53cda18c2baa0c0354bb5f9a3ecbe5ed12ab4d8e11ba873c2f11161202b945,observation_time_proxy,historical data_available_time is unknown; observation_time is a pseudo-operational proxy
2011-11-29T00:00:00+00:00,2011-11-28,windermere,south,water_temperature,2.0,degC,month_3,2012-01-28,2012-02-26,,4.286785694444444,1.48437882020934,lead_dependent_anomaly_relaxation,1.0,False,,,0,0,,4f53cda18c2baa0c0354bb5f9a3ecbe5ed12ab4d8e11ba873c2f11161202b945,observation_time_proxy,historical data_available_time is unknown; observation_time is a pseudo-operational proxy
2011-12-06T00:00:00+00:00,2011-12-05,windermere,south,water_temperature,2.0,degC,month_1,2011-12-06,2012-01-04,,,1.7174201337962973,lead_dependent_anomaly_relaxation,1.0,False,,,0,0,,4f53cda18c2baa0c0354bb5f9a3ecbe5ed12ab4d8e11ba873c2f11161202b945,observation_time_proxy,historical data_available_time is unknown; observation_time is a pseudo-operational proxy
2011-12-06T00:00:00+00:00,2011-12-05,windermere,south,water_temperature,2.0,degC,month_2,2012-01-05,2012-02-03,,4.748530103703704,1.7174201337962973,lead_dependent_anomaly_relaxation,1.0,False,,,0,0,,4f53cda18c2baa0c0354bb5f9a3ecbe5ed12ab4d8e11ba873c2f11161202b945,observation_time_proxy,historical data_available_time is unknown; observation_time is a pseudo-operational proxy
2011-12-06T00:00:00+00:00,2011-12-05,windermere,south,water_temperature,2.0,degC,month_3,2012-02-04,2012-03-04,,4.221511620370371,1.7174201337962973,lead_dependent_anomaly_relaxation,1.0,False,,,0,0,,4f53cda18c2baa0c0354bb5f9a3ecbe5ed12ab4d8e11ba873c2f11161202b945,observation_time_proxy,historical data_available_time is unknown; observation_time is a pseudo-operational proxy
2011-12-13T00:00:00+00:00,2011-12-12,windermere,south,water_temperature,2.0,degC,month_1,2011-12-13,2012-01-11,,,1.8015916407407406,lead_dependent_anomaly_relaxation,1.0,False,,,0,0,,4f53cda18c2baa0c0354bb5f9a3ecbe5ed12ab4d8e11ba873c2f11161202b945,observation_time_proxy,historical data_available_time is unknown; observation_time is a pseudo-operational proxy
2011-12-13T00:00:00+00:00,2011-12-12,windermere,south,water_temperature,2.0,degC,month_2,2012-01-12,2012-02-10,,4.578360370370371,1.8015916407407406,lead_dependent_anomaly_relaxation,1.0,False,,,0,0,,4f53cda18c2baa0c0354bb5f9a3ecbe5ed12ab4d8e11ba873c2f11161202b945,observation_time_proxy,historical data_available_time is unknown; observation_time is a pseudo-operational proxy
2011-12-13T00:00:00+00:00,2011-12-12,windermere,south,water_temperature,2.0,degC,month_3,2012-02-11,2012-03-11,,4.252439907407407,1.8015916407407406,lead_dependent_anomaly_relaxation,1.0,False,,,0,0,,4f53cda18c2baa0c0354bb5f9a3ecbe5ed12ab4d8e11ba873c2f11161202b945,observation_time_proxy,historical data_available_time is unknown; observation_time is a pseudo-operational proxy
2011-12-20T00:00:00+00:00,2011-12-19,windermere,south,water_temperature,2.0,degC,month_1,2011-12-20,2012-01-18,,,1.6929096388888896,lead_dependent_anomaly_relaxation,1.0,False,,,0,0,,4f53cda18c2baa0c0354bb5f9a3ecbe5ed12ab4d8e11ba873c2f11161202b945,observation_time_proxy,historical data_available_time is unknown; observation_time is a pseudo-operational proxy
2011-12-20T00:00:00+00:00,2011-12-19,windermere,south,water_temperature,2.0,degC,month_2,2012-01-19,2012-02-17,,4.450489722222223,1.6929096388888896,lead_dependent_anomaly_relaxation,1.0,False,,,0,0,,4f53cda18c2baa0c0354bb5f9a3ecbe5ed12ab4d8e11ba873c2f11161202b945,observation_time_proxy,historical data_available_time is unknown; observation_time is a pseudo-operational proxy
2011-12-20T00:00:00+00:00,2011-12-19,windermere,south,water_temperature,2.0,degC,month_3,2012-02-18,2012-03-18,,4.4107620370370375,1.6929096388888896,lead_dependent_anomaly_relaxation,1.0,False,,,0,0,,4f53cda18c2baa0c0354bb5f9a3ecbe5ed12ab4d8e11ba873c2f11161202b945,observation_time_proxy,historical data_available_time is unknown; observation_time is a pseudo-operational proxy
2011-12-27T00:00:00+00:00,2011-12-26,windermere,south,water_temperature,2.0,degC,month_1,2011-12-27,2012-01-25,,,1.5813560712962973,lead_dependent_anomaly_relaxation,1.0,False,,,0,0,,4f53cda18c2baa0c0354bb5f9a3ecbe5ed12ab4d8e11ba873c2f11161202b945,observation_time_proxy,historical data_available_time is unknown; observation_time is a pseudo-operational proxy
2011-12-27T00:00:00+00:00,2011-12-26,windermere,south,water_temperature,2.0,degC,month_2,2012-01-26,2012-02-24,,4.3201831018518515,1.5813560712962973,lead_dependent_anomaly_relaxation,1.0,False,,,0,0,,4f53cda18c2baa0c0354bb5f9a3ecbe5ed12ab4d8e11ba873c2f11161202b945,observation_time_proxy,historical data_available_time is unknown; observation_time is a pseudo-operational proxy
2011-12-27T00:00:00+00:00,2011-12-26,windermere,south,water_temperature,2.0,degC,month_3,2012-02-25,2012-03-25,,4.700138333333333,1.5813560712962973,lead_dependent_anomaly_relaxation,1.0,False,,,0,0,,4f53cda18c2baa0c0354bb5f9a3ecbe5ed12ab4d8e11ba873c2f11161202b945,observation_time_proxy,historical data_available_time is unknown; observation_time is a pseudo-operational proxy
2012-01-03T00:00:00+00:00,2012-01-02,windermere,south,water_temperature,2.0,degC,month_1,2012-01-03,2012-02-01,,4.560709142708333,1.1209621437812718,lead_dependent_anomaly_relaxation,1.0,False,0.5202980535428613,0.5202980535428613,36,1,2011,80aae3fe81eefbab68b715c8668915c083243587429a7ba200c3e607afbd6ebb,observation_time_proxy,historical data_available_time is unknown; observation_time is a pseudo-operational proxy
2012-01-03T00:00:00+00:00,2012-01-02,windermere,south,water_temperature,2.0,degC,month_2,2012-02-02,2012-03-02,,4.291484184375,1.1209621437812718,lead_dependent_anomaly_relaxation,1.0,False,-0.020481942090241755,0.0,32,1,2011,fce144500965e3623ede79a3a248220b794faf5e88b0b9e5ad28d378013741bf,observation_time_proxy,historical data_available_time is unknown; observation_time is a pseudo-operational proxy
2012-01-03T00:00:00+00:00,2012-01-02,windermere,south,water_temperature,2.0,degC,month_3,2012-03-03,2012-04-01,,5.1588102750000004,1.1209621437812718,lead_dependent_anomaly_relaxation,1.0,False,0.4082295429590498,0.4082295429590498,27,1,2011,14003f046a6da0a8cd7dd76350246a68966b98553aa0d88202b2c14019e3e009,observation_time_proxy,historical data_available_time is unknown; observation_time is a pseudo-operational proxy
2012-01-10T00:00:00+00:00,2012-01-09,windermere,south,water_temperature,2.0,degC,month_1,2012-01-10,2012-02-08,,4.4273915100694445,1.5352013751409022,lead_dependent_anomaly_relaxation,1.0,False,0.5202980535428613,0.5202980535428613,36,1,2011,80aae3fe81eefbab68b715c8668915c083243587429a7ba200c3e607afbd6ebb,observation_time_proxy,historical data_available_time is unknown; observation_time is a pseudo-operational proxy
2012-01-10T00:00:00+00:00,2012-01-09,windermere,south,water_temperature,2.0,degC,month_2,2012-02-09,2012-03-09,,4.344265895138889,1.5352013751409022,lead_dependent_anomaly_relaxation,1.0,False,-0.020481942090241755,0.0,32,1,2011,fce144500965e3623ede79a3a248220b794faf5e88b0b9e5ad28d378013741bf,observation_time_proxy,historical data_available_time is unknown; observation_time is a pseudo-operational proxy
2012-01-10T00:00:00+00:00,2012-01-09,windermere,south,water_temperature,2.0,degC,month_3,2012-03-10,2012-04-08,,5.613612058680555,1.5352013751409022,lead_dependent_anomaly_relaxation,1.0,False,0.4082295429590498,0.4082295429590498,27,1,2011,14003f046a6da0a8cd7dd76350246a68966b98553aa0d88202b2c14019e3e009,observation_time_proxy,historical data_available_time is unknown; observation_time is a pseudo-operational proxy
2012-01-17T00:00:00+00:00,2012-01-16,windermere,south,water_temperature,2.0,degC,month_1,2012-01-17,2012-02-15,,4.372334334027777,1.7497493353260873,lead_dependent_anomaly_relaxation,1.0,False,0.5202980535428613,0.5202980535428613,36,1,2011,80aae3fe81eefbab68b715c8668915c083243587429a7ba200c3e607afbd6ebb,observation_time_proxy,historical data_available_time is unknown; observation_time is a pseudo-operational proxy
2012-01-17T00:00:00+00:00,2012-01-16,windermere,south,water_temperature,2.0,degC,month_2,2012-02-16,2012-03-16,,4.469671768402778,1.7497493353260873,lead_dependent_anomaly_relaxation,1.0,False,-0.020481942090241755,0.0,32,1,2011,fce144500965e3623ede79a3a248220b794faf5e88b0b9e5ad28d378013741bf,observation_time_proxy,historical data_available_time is unknown; observation_time is a pseudo-operational proxy
2012-01-17T00:00:00+00:00,2012-01-16,windermere,south,water_temperature,2.0,degC,month_3,2012-03-17,2012-04-15,,6.326662844444444,1.7497493353260873,lead_dependent_anomaly_relaxation,1.0,False,0.4082295429590498,0.4082295429590498,27,1,2011,14003f046a6da0a8cd7dd76350246a68966b98553aa0d88202b2c14019e3e009,observation_time_proxy,historical data_available_time is unknown; observation_time is a pseudo-operational proxy
2012-01-24T00:00:00+00:00,2012-01-23,windermere,south,water_temperature,2.0,degC,month_1,2012-01-24,2012-02-22,,4.312119325694445,1.909274280233494,lead_dependent_anomaly_relaxation,1.0,False,0.5202980535428613,0.5202980535428613,36,1,2011,80aae3fe81eefbab68b715c8668915c083243587429a7ba200c3e607afbd6ebb,observation_time_proxy,historical data_available_time is unknown; observation_time is a pseudo-operational proxy
2012-01-24T00:00:00+00:00,2012-01-23,windermere,south,water_temperature,2.0,degC,month_2,2012-02-23,2012-03-23,,4.750288839236111,1.909274280233494,lead_dependent_anomaly_relaxation,1.0,False,-0.020481942090241755,0.0,32,1,2011,fce144500965e3623ede79a3a248220b794faf5e88b0b9e5ad28d378013741bf,observation_time_proxy,historical data_available_time is unknown; observation_time is a pseudo-operational proxy
2012-01-24T00:00:00+00:00,2012-01-23,windermere,south,water_temperature,2.0,degC,month_3,2012-03-24,2012-04-22,,7.129034283621934,1.909274280233494,lead_dependent_anomaly_relaxation,1.0,False,0.4082295429590498,0.4082295429590498,27,1,2011,14003f046a6da0a8cd7dd76350246a68966b98553aa0d88202b2c14019e3e009,observation_time_proxy,historical data_available_time is unknown; observation_time is a pseudo-operational proxy
2012-01-31T00:00:00+00:00,2012-01-30,windermere,south,water_temperature,2.0,degC,month_1,2012-01-31,2012-02-29,,4.280916397222223,1.6364352334993963,lead_dependent_anomaly_relaxation,1.0,False,0.5202980535428613,0.5202980535428613,36,1,2011,80aae3fe81eefbab68b715c8668915c083243587429a7ba200c3e607afbd6ebb,observation_time_proxy,historical data_available_time is unknown; observation_time is a pseudo-operational proxy
2012-01-31T00:00:00+00:00,2012-01-30,windermere,south,water_temperature,2.0,degC,month_2,2012-03-01,2012-03-30,,5.067455914583333,1.6364352334993963,lead_dependent_anomaly_relaxation,1.0,False,-0.020481942090241755,0.0,32,1,2011,fce144500965e3623ede79a3a248220b794faf5e88b0b9e5ad28d378013741bf,observation_time_proxy,historical data_available_time is unknown; observation_time is a pseudo-operational proxy
2012-01-31T00:00:00+00:00,2012-01-30,windermere,south,water_temperature,2.0,degC,month_3,2012-03-31,2012-04-29,,8.294488548148149,1.6364352334993963,lead_dependent_anomaly_relaxation,1.0,False,0.4082295429590498,0.4082295429590498,27,1,2011,14003f046a6da0a8cd7dd76350246a68966b98553aa0d88202b2c14019e3e009,observation_time_proxy,historical data_available_time is unknown; observation_time is a pseudo-operational proxy
2012-02-07T00:00:00+00:00,2012-02-06,windermere,south,water_temperature,2.0,degC,month_1,2012-02-07,2012-03-07,,4.326051148958333,1.5221678375000005,lead_dependent_anomaly_relaxation,1.0,False,0.5202980535428613,0.5202980535428613,36,1,2011,80aae3fe81eefbab68b715c8668915c083243587429a7ba200c3e607afbd6ebb,observation_time_proxy,historical data_available_time is unknown; observation_time is a pseudo-operational proxy
2012-02-07T00:00:00+00:00,2012-02-06,windermere,south,water_temperature,2.0,degC,month_2,2012-03-08,2012-04-06,,5.470162805902778,1.5221678375000005,lead_dependent_anomaly_relaxation,1.0,False,-0.020481942090241755,0.0,32,1,2011,fce144500965e3623ede79a3a248220b794faf5e88b0b9e5ad28d378013741bf,observation_time_proxy,historical data_available_time is unknown; observation_time is a pseudo-operational proxy
2012-02-07T00:00:00+00:00,2012-02-06,windermere,south,water_temperature,2.0,degC,month_3,2012-04-07,2012-05-06,,9.302132625462963,1.5221678375000005,lead_dependent_anomaly_relaxation,1.0,False,0.4082295429590498,0.4082295429590498,27,1,2011,14003f046a6da0a8cd7dd76350246a68966b98553aa0d88202b2c14019e3e009,observation_time_proxy,historical data_available_time is unknown; observation_time is a pseudo-operational proxy
2012-02-14T00:00:00+00:00,2012-02-13,windermere,south,water_temperature,2.0,degC,month_1,2012-02-14,2012-03-14,,4.421555153819444,1.2480120513888888,lead_dependent_anomaly_relaxation,1.0,False,0.5202980535428613,0.5202980535428613,36,1,2011,80aae3fe81eefbab68b715c8668915c083243587429a7ba200c3e607afbd6ebb,observation_time_proxy,historical data_available_time is unknown; observation_time is a pseudo-operational proxy
2012-02-14T00:00:00+00:00,2012-02-13,windermere,south,water_temperature,2.0,degC,month_2,2012-03-15,2012-04-13,,6.1084221649305555,1.2480120513888888,lead_dependent_anomaly_relaxation,1.0,False,-0.020481942090241755,0.0,32,1,2011,fce144500965e3623ede79a3a248220b794faf5e88b0b9e5ad28d378013741bf,observation_time_proxy,historical data_available_time is unknown; observation_time is a pseudo-operational proxy
2012-02-14T00:00:00+00:00,2012-02-13,windermere,south,water_temperature,2.0,degC,month_3,2012-04-14,2012-05-13,,10.3679905875,1.2480120513888888,lead_dependent_anomaly_relaxation,1.0,False,0.4082295429590498,0.4082295429590498,27,1,2011,14003f046a6da0a8cd7dd76350246a68966b98553aa0d88202b2c14019e3e009,observation_time_proxy,historical data_available_time is unknown; observation_time is a pseudo-operational proxy
2012-02-21T00:00:00+00:00,2012-02-20,windermere,south,water_temperature,2.0,degC,month_1,2012-02-21,2012-03-21,,4.65839459375,0.9816809190972222,lead_dependent_anomaly_relaxation,1.0,False,0.5202980535428613,0.5202980535428613,36,1,2011,80aae3fe81eefbab68b715c8668915c083243587429a7ba200c3e607afbd6ebb,observation_time_proxy,historical data_available_time is unknown; observation_time is a pseudo-operational proxy
2012-02-21T00:00:00+00:00,2012-02-20,windermere,south,water_temperature,2.0,degC,month_2,2012-03-22,2012-04-20,,6.902861479829546,0.9816809190972222,lead_dependent_anomaly_relaxation,1.0,False,-0.020481942090241755,0.0,32,1,2011,fce144500965e3623ede79a3a248220b794faf5e88b0b9e5ad28d378013741bf,observation_time_proxy,historical data_available_time is unknown; observation_time is a pseudo-operational proxy
2012-02-21T00:00:00+00:00,2012-02-20,windermere,south,water_temperature,2.0,degC,month_3,2012-04-21,2012-05-20,,11.273230416666667,0.9816809190972222,lead_dependent_anomaly_relaxation,1.0,False,0.4082295429590498,0.4082295429590498,27,1,2011,14003f046a6da0a8cd7dd76350246a68966b98553aa0d88202b2c14019e3e009,observation_time_proxy,historical data_available_time is unknown; observation_time is a pseudo-operational proxy
2012-02-28T00:00:00+00:00,2012-02-27,windermere,south,water_temperature,2.0,degC,month_1,2012-02-28,2012-03-28,,5.0085375843749995,0.8536435774305557,lead_dependent_anomaly_relaxation,1.0,False,0.5202980535428613,0.5202980535428613,36,1,2011,80aae3fe81eefbab68b715c8668915c083243587429a7ba200c3e607afbd6ebb,observation_time_proxy,historical data_available_time is unknown; observation_time is a pseudo-operational proxy
2012-02-28T00:00:00+00:00,2012-02-27,windermere,south,water_temperature,2.0,degC,month_2,2012-03-29,2012-04-27,,8.007709947222223,0.8536435774305557,lead_dependent_anomaly_relaxation,1.0,False,-0.020481942090241755,0.0,32,1,2011,fce144500965e3623ede79a3a248220b794faf5e88b0b9e5ad28d378013741bf,observation_time_proxy,historical data_available_time is unknown; observation_time is a pseudo-operational proxy
2012-02-28T00:00:00+00:00,2012-02-27,windermere,south,water_temperature,2.0,degC,month_3,2012-04-28,2012-05-27,,11.879664001157408,0.8536435774305557,lead_dependent_anomaly_relaxation,1.0,False,0.4082295429590498,0.4082295429590498,27,1,2011,14003f046a6da0a8cd7dd76350246a68966b98553aa0d88202b2c14019e3e009,observation_time_proxy,historical data_available_time is unknown; observation_time is a pseudo-operational proxy
2012-03-06T00:00:00+00:00,2012-03-05,windermere,south,water_temperature,2.0,degC,month_1,2012-03-06,2012-04-04,,5.345434773611111,0.8548488434027783,lead_dependent_anomaly_relaxation,1.0,False,0.5202980535428613,0.5202980535428613,36,1,2011,80aae3fe81eefbab68b715c8668915c083243587429a7ba200c3e607afbd6ebb,observation_time_proxy,historical data_available_time is unknown; observation_time is a pseudo-operational proxy
2012-03-06T00:00:00+00:00,2012-03-05,windermere,south,water_temperature,2.0,degC,month_2,2012-04-05,2012-05-04,,8.999150587037038,0.8548488434027783,lead_dependent_anomaly_relaxation,1.0,False,-0.020481942090241755,0.0,32,1,2011,fce144500965e3623ede79a3a248220b794faf5e88b0b9e5ad28d378013741bf,observation_time_proxy,historical data_available_time is unknown; observation_time is a pseudo-operational proxy
2012-03-06T00:00:00+00:00,2012-03-05,windermere,south,water_temperature,2.0,degC,month_3,2012-05-05,2012-06-03,,12.706819850694444,0.8548488434027783,lead_dependent_anomaly_relaxation,1.0,False,0.4082295429590498,0.4082295429590498,27,1,2011,14003f046a6da0a8cd7dd76350246a68966b98553aa0d88202b2c14019e3e009,observation_time_proxy,historical data_available_time is unknown; observation_time is a pseudo-operational proxy
2012-03-13T00:00:00+00:00,2012-03-12,windermere,south,water_temperature,2.0,degC,month_1,2012-03-13,2012-04-11,,5.8936711031249995,0.9628066479166666,lead_dependent_anomaly_relaxation,1.0,False,0.5202980535428613,0.5202980535428613,36,1,2011,80aae3fe81eefbab68b715c8668915c083243587429a7ba200c3e607afbd6ebb,observation_time_proxy,historical data_available_time is unknown; observation_time is a pseudo-operational proxy
2012-03-13T00:00:00+00:00,2012-03-12,windermere,south,water_temperature,2.0,degC,month_2,2012-04-12,2012-05-11,,10.069341225925925,0.9628066479166666,lead_dependent_anomaly_relaxation,1.0,False,-0.020481942090241755,0.0,32,1,2011,fce144500965e3623ede79a3a248220b794faf5e88b0b9e5ad28d378013741bf,observation_time_proxy,historical data_available_time is unknown; observation_time is a pseudo-operational proxy
2012-03-13T00:00:00+00:00,2012-03-12,windermere,south,water_temperature,2.0,degC,month_3,2012-05-12,2012-06-10,,13.756243572916667,0.9628066479166666,lead_dependent_anomaly_relaxation,1.0,False,0.4082295429590498,0.4082295429590498,27,1,2011,14003f046a6da0a8cd7dd76350246a68966b98553aa0d88202b2c14019e3e009,observation_time_proxy,historical data_available_time is unknown; observation_time is a pseudo-operational proxy
2012-03-20T00:00:00+00:00,2012-03-19,windermere,south,water_temperature,2.0,degC,month_1,2012-03-20,2012-04-18,,6.661669251736111,1.138821577083334,lead_dependent_anomaly_relaxation,1.0,False,0.5202980535428613,0.5202980535428613,36,1,2011,80aae3fe81eefbab68b715c8668915c083243587429a7ba200c3e607afbd6ebb,observation_time_proxy,historical data_available_time is unknown; observation_time is a pseudo-operational proxy
2012-03-20T00:00:00+00:00,2012-03-19,windermere,south,water_temperature,2.0,degC,month_2,2012-04-19,2012-05-18,,11.048716912037037,1.138821577083334,lead_dependent_anomaly_relaxation,1.0,False,-0.020481942090241755,0.0,32,1,2011,fce144500965e3623ede79a3a248220b794faf5e88b0b9e5ad28d378013741bf,observation_time_proxy,historical data_available_time is unknown; observation_time is a pseudo-operational proxy
2012-03-20T00:00:00+00:00,2012-03-19,windermere,south,water_temperature,2.0,degC,month_3,2012-05-19,2012-06-17,,14.68674848611111,1.138821577083334,lead_dependent_anomaly_relaxation,1.0,False,0.4082295429590498,0.4082295429590498,27,1,2011,14003f046a6da0a8cd7dd76350246a68966b98553aa0d88202b2c14019e3e009,observation_time_proxy,historical data_available_time is unknown; observation_time is a pseudo-operational proxy
2012-03-27T00:00:00+00:00,2012-03-26,windermere,south,water_temperature,2.0,degC,month_1,2012-03-27,2012-04-25,,7.73931187037037,1.3605439302083333,lead_dependent_anomaly_relaxation,1.0,False,0.5202980535428613,0.5202980535428613,36,1,2011,80aae3fe81eefbab68b715c8668915c083243587429a7ba200c3e607afbd6ebb,observation_time_proxy,historical data_available_time is unknown; observation_time is a pseudo-operational proxy
2012-03-27T00:00:00+00:00,2012-03-26,windermere,south,water_temperature,2.0,degC,month_2,2012-04-26,2012-05-25,,11.73532325,1.3605439302083333,lead_dependent_anomaly_relaxation,1.0,False,-0.020481942090241755,0.0,32,1,2011,fce144500965e3623ede79a3a248220b794faf5e88b0b9e5ad28d378013741bf,observation_time_proxy,historical data_available_time is unknown; observation_time is a pseudo-operational proxy
2012-03-27T00:00:00+00:00,2012-03-26,windermere,south,water_temperature,2.0,degC,month_3,2012-05-26,2012-06-24,,15.396459447916667,1.3605439302083333,lead_dependent_anomaly_relaxation,1.0,False,0.4082295429590498,0.4082295429590498,27,1,2011,14003f046a6da0a8cd7dd76350246a68966b98553aa0d88202b2c14019e3e009,observation_time_proxy,historical data_available_time is unknown; observation_time is a pseudo-operational proxy
2012-04-03T00:00:00+00:00,2012-04-02,windermere,south,water_temperature,2.0,degC,month_1,2012-04-03,2012-05-02,,8.727063722685184,1.9770468131944439,lead_dependent_anomaly_relaxation,1.0,False,0.5202980535428613,0.5202980535428613,36,1,2011,80aae3fe81eefbab68b715c8668915c083243587429a7ba200c3e607afbd6ebb,observation_time_proxy,historical data_available_time is unknown; observation_time is a pseudo-operational proxy
2012-04-03T00:00:00+00:00,2012-04-02,windermere,south,water_temperature,2.0,degC,month_2,2012-05-03,2012-06-01,,12.402628267013888,1.9770468131944439,lead_dependent_anomaly_relaxation,1.0,False,-0.020481942090241755,0.0,32,1,2011,fce144500965e3623ede79a3a248220b794faf5e88b0b9e5ad28d378013741bf,observation_time_proxy,historical data_available_time is unknown; observation_time is a pseudo-operational proxy
2012-04-03T00:00:00+00:00,2012-04-02,windermere,south,water_temperature,2.0,degC,month_3,2012-06-02,2012-07-01,,16.243105694444445,1.9770468131944439,lead_dependent_anomaly_relaxation,1.0,False,0.4082295429590498,0.4082295429590498,27,1,2011,14003f046a6da0a8cd7dd76350246a68966b98553aa0d88202b2c14019e3e009,observation_time_proxy,historical data_available_time is unknown; observation_time is a pseudo-operational proxy
2012-04-10T00:00:00+00:00,2012-04-09,windermere,south,water_temperature,2.0,degC,month_1,2012-04-10,2012-05-09,,9.775137206944445,1.9502605069444439,lead_dependent_anomaly_relaxation,1.0,False,0.5202980535428613,0.5202980535428613,36,1,2011,80aae3fe81eefbab68b715c8668915c083243587429a7ba200c3e607afbd6ebb,observation_time_proxy,historical data_available_time is unknown; observation_time is a pseudo-operational proxy
2012-04-10T00:00:00+00:00,2012-04-09,windermere,south,water_temperature,2.0,degC,month_2,2012-05-10,2012-06-08,,13.481120475694444,1.9502605069444439,lead_dependent_anomaly_relaxation,1.0,False,-0.020481942090241755,0.0,32,1,2011,fce144500965e3623ede79a3a248220b794faf5e88b0b9e5ad28d378013741bf,observation_time_proxy,historical data_available_time is unknown; observation_time is a pseudo-operational proxy
2012-04-10T00:00:00+00:00,2012-04-09,windermere,south,water_temperature,2.0,degC,month_3,2012-06-09,2012-07-08,,16.852861993055555,1.9502605069444439,lead_dependent_anomaly_relaxation,1.0,False,0.4082295429590498,0.4082295429590498,27,1,2011,14003f046a6da0a8cd7dd76350246a68966b98553aa0d88202b2c14019e3e009,observation_time_proxy,historical data_available_time is unknown; observation_time is a pseudo-operational proxy
2012-04-17T00:00:00+00:00,2012-04-16,windermere,south,water_temperature,2.0,degC,month_1,2012-04-17,2012-05-16,,10.79435988888889,1.6789039770833343,lead_dependent_anomaly_relaxation,1.0,False,0.5202980535428613,0.5202980535428613,36,1,2011,80aae3fe81eefbab68b715c8668915c083243587429a7ba200c3e607afbd6ebb,observation_time_proxy,historical data_available_time is unknown; observation_time is a pseudo-operational proxy
2012-04-17T00:00:00+00:00,2012-04-16,windermere,south,water_temperature,2.0,degC,month_2,2012-05-17,2012-06-15,,14.412806784722223,1.6789039770833343,lead_dependent_anomaly_relaxation,1.0,False,-0.020481942090241755,0.0,32,1,2011,fce144500965e3623ede79a3a248220b794faf5e88b0b9e5ad28d378013741bf,observation_time_proxy,historical data_available_time is unknown; observation_time is a pseudo-operational proxy
2012-04-17T00:00:00+00:00,2012-04-16,windermere,south,water_temperature,2.0,degC,month_3,2012-06-16,2012-07-15,,17.353606461805555,1.6789039770833343,lead_dependent_anomaly_relaxation,1.0,False,0.4082295429590498,0.4082295429590498,27,1,2011,14003f046a6da0a8cd7dd76350246a68966b98553aa0d88202b2c14019e3e009,observation_time_proxy,historical data_available_time is unknown; observation_time is a pseudo-operational proxy
2012-04-24T00:00:00+00:00,2012-04-23,windermere,south,water_temperature,2.0,degC,month_1,2012-04-24,2012-05-23,,11.558558898148148,1.2137459017326044,lead_dependent_anomaly_relaxation,1.0,False,0.5202980535428613,0.5202980535428613,36,1,2011,80aae3fe81eefbab68b715c8668915c083243587429a7ba200c3e607afbd6ebb,observation_time_proxy,historical data_available_time is unknown; observation_time is a pseudo-operational proxy
2012-04-24T00:00:00+00:00,2012-04-23,windermere,south,water_temperature,2.0,degC,month_2,2012-05-24,2012-06-22,,15.217090430555556,1.2137459017326044,lead_dependent_anomaly_relaxation,1.0,False,-0.020481942090241755,0.0,32,1,2011,fce144500965e3623ede79a3a248220b794faf5e88b0b9e5ad28d378013741bf,observation_time_proxy,historical data_available_time is unknown; observation_time is a pseudo-operational proxy
2012-04-24T00:00:00+00:00,2012-04-23,windermere,south,water_temperature,2.0,degC,month_3,2012-06-23,2012-07-22,,17.646323368055555,1.2137459017326044,lead_dependent_anomaly_relaxation,1.0,False,0.4082295429590498,0.4082295429590498,27,1,2011,14003f046a6da0a8cd7dd76350246a68966b98553aa0d88202b2c14019e3e009,observation_time_proxy,historical data_available_time is unknown; observation_time is a pseudo-operational proxy
2012-05-01T00:00:00+00:00,2012-04-30,windermere,south,water_temperature,2.0,degC,month_1,2012-05-01,2012-05-30,,12.142018337152777,-0.12823847175926062,lead_dependent_anomaly_relaxation,1.0,False,0.5202980535428613,0.5202980535428613,36,1,2011,80aae3fe81eefbab68b715c8668915c083243587429a7ba200c3e607afbd6ebb,observation_time_proxy,historical data_available_time is unknown; observation_time is a pseudo-operational proxy
2012-05-01T00:00:00+00:00,2012-04-30,windermere,south,water_temperature,2.0,degC,month_2,2012-05-31,2012-06-29,,15.994921038194445,-0.12823847175926062,lead_dependent_anomaly_relaxation,1.0,False,-0.020481942090241755,0.0,32,1,2011,fce144500965e3623ede79a3a248220b794faf5e88b0b9e5ad28d378013741bf,observation_time_proxy,historical data_available_time is unknown; observation_time is a pseudo-operational proxy
2012-05-01T00:00:00+00:00,2012-04-30,windermere,south,water_temperature,2.0,degC,month_3,2012-06-30,2012-07-29,,17.87822170833333,-0.12823847175926062,lead_dependent_anomaly_relaxation,1.0,False,0.4082295429590498,0.4082295429590498,27,1,2011,14003f046a6da0a8cd7dd76350246a68966b98553aa0d88202b2c14019e3e009,observation_time_proxy,historical data_available_time is unknown; observation_time is a pseudo-operational proxy
2012-05-08T00:00:00+00:00,2012-05-07,windermere,south,water_temperature,2.0,degC,month_1,2012-05-08,2012-06-06,,13.187896524305556,-0.8758233226851857,lead_dependent_anomaly_relaxation,1.0,False,0.5202980535428613,0.5202980535428613,36,1,2011,80aae3fe81eefbab68b715c8668915c083243587429a7ba200c3e607afbd6ebb,observation_time_proxy,historical data_available_time is unknown; observation_time is a pseudo-operational proxy
2012-05-08T00:00:00+00:00,2012-05-07,windermere,south,water_temperature,2.0,degC,month_2,2012-06-07,2012-07-06,,16.70306707986111,-0.8758233226851857,lead_dependent_anomaly_relaxation,1.0,False,-0.020481942090241755,0.0,32,1,2011,fce144500965e3623ede79a3a248220b794faf5e88b0b9e5ad28d378013741bf,observation_time_proxy,historical data_available_time is unknown; observation_time is a pseudo-operational proxy
2012-05-08T00:00:00+00:00,2012-05-07,windermere,south,water_temperature,2.0,degC,month_3,2012-07-07,2012-08-05,,17.831676684027777,-0.8758233226851857,lead_dependent_anomaly_relaxation,1.0,False,0.4082295429590498,0.4082295429590498,27,1,2011,14003f046a6da0a8cd7dd76350246a68966b98553aa0d88202b2c14019e3e009,observation_time_proxy,historical data_available_time is unknown; observation_time is a pseudo-operational proxy
2012-05-15T00:00:00+00:00,2012-05-14,windermere,south,water_temperature,2.0,degC,month_1,2012-05-15,2012-06-13,,14.15356079861111,-1.485944986574074,lead_dependent_anomaly_relaxation,1.0,False,0.5202980535428613,0.5202980535428613,36,1,2011,80aae3fe81eefbab68b715c8668915c083243587429a7ba200c3e607afbd6ebb,observation_time_proxy,historical data_available_time is unknown; observation_time is a pseudo-operational proxy
2012-05-15T00:00:00+00:00,2012-05-14,windermere,south,water_temperature,2.0,degC,month_2,2012-06-14,2012-07-13,,17.216437465277778,-1.485944986574074,lead_dependent_anomaly_relaxation,1.0,False,-0.020481942090241755,0.0,32,1,2011,fce144500965e3623ede79a3a248220b794faf5e88b0b9e5ad28d378013741bf,observation_time_proxy,historical data_available_time is unknown; observation_time is a pseudo-operational proxy
2012-05-15T00:00:00+00:00,2012-05-14,windermere,south,water_temperature,2.0,degC,month_3,2012-07-14,2012-08-12,,17.811176947916664,-1.485944986574074,lead_dependent_anomaly_relaxation,1.0,False,0.4082295429590498,0.4082295429590498,27,1,2011,14003f046a6da0a8cd7dd76350246a68966b98553aa0d88202b2c14019e3e009,observation_time_proxy,historical data_available_time is unknown; observation_time is a pseudo-operational proxy
2012-05-22T00:00:00+00:00,2012-05-21,windermere,south,water_temperature,2.0,degC,month_1,2012-05-22,2012-06-20,,15.023319315972222,-1.7762182222222211,lead_dependent_anomaly_relaxation,1.0,False,0.5202980535428613,0.5202980535428613,36,1,2011,80aae3fe81eefbab68b715c8668915c083243587429a7ba200c3e607afbd6ebb,observation_time_proxy,historical data_available_time is unknown; observation_time is a pseudo-operational proxy
2012-05-22T00:00:00+00:00,2012-05-21,windermere,south,water_temperature,2.0,degC,month_2,2012-06-21,2012-07-20,,17.56744209027778,-1.7762182222222211,lead_dependent_anomaly_relaxation,1.0,False,-0.020481942090241755,0.0,32,1,2011,fce144500965e3623ede79a3a248220b794faf5e88b0b9e5ad28d378013741bf,observation_time_proxy,historical data_available_time is unknown; observation_time is a pseudo-operational proxy
2012-05-22T00:00:00+00:00,2012-05-21,windermere,south,water_temperature,2.0,degC,month_3,2012-07-21,2012-08-19,,17.782563975694444,-1.7762182222222211,lead_dependent_anomaly_relaxation,1.0,False,0.4082295429590498,0.4082295429590498,27,1,2011,14003f046a6da0a8cd7dd76350246a68966b98553aa0d88202b2c14019e3e009,observation_time_proxy,historical data_available_time is unknown; observation_time is a pseudo-operational proxy
2012-05-29T00:00:00+00:00,2012-05-28,windermere,south,water_temperature,2.0,degC,month_1,2012-05-29,2012-06-27,,15.732938572916666,-0.8307240285962312,lead_dependent_anomaly_relaxation,1.0,False,0.5202980535428613,0.5202980535428613,36,1,2011,80aae3fe81eefbab68b715c8668915c083243587429a7ba200c3e607afbd6ebb,observation_time_proxy,historical data_available_time is unknown; observation_time is a pseudo-operational proxy
2012-05-29T00:00:00+00:00,2012-05-28,windermere,south,water_temperature,2.0,degC,month_2,2012-06-28,2012-07-27,,17.825181194444443,-0.8307240285962312,lead_dependent_anomaly_relaxation,1.0,False,-0.020481942090241755,0.0,32,1,2011,fce144500965e3623ede79a3a248220b794faf5e88b0b9e5ad28d378013741bf,observation_time_proxy,historical data_available_time is unknown; observation_time is a pseudo-operational proxy
2012-05-29T00:00:00+00:00,2012-05-28,windermere,south,water_temperature,2.0,degC,month_3,2012-07-28,2012-08-26,,17.673333871527777,-0.8307240285962312,lead_dependent_anomaly_relaxation,1.0,False,0.4082295429590498,0.4082295429590498,27,1,2011,14003f046a6da0a8cd7dd76350246a68966b98553aa0d88202b2c14019e3e009,observation_time_proxy,historical data_available_time is unknown; observation_time is a pseudo-operational proxy
2012-06-05T00:00:00+00:00,2012-06-04,windermere,south,water_temperature,2.0,degC,month_1,2012-06-05,2012-07-04,,16.53510576388889,-0.10659789679118781,lead_dependent_anomaly_relaxation,1.0,False,0.5202980535428613,0.5202980535428613,36,1,2011,80aae3fe81eefbab68b715c8668915c083243587429a7ba200c3e607afbd6ebb,observation_time_proxy,historical data_available_time is unknown; observation_time is a pseudo-operational proxy
2012-06-05T00:00:00+00:00,2012-06-04,windermere,south,water_temperature,2.0,degC,month_2,2012-07-05,2012-08-03,,17.84688765972222,-0.10659789679118781,lead_dependent_anomaly_relaxation,1.0,False,-0.020481942090241755,0.0,32,1,2011,fce144500965e3623ede79a3a248220b794faf5e88b0b9e5ad28d378013741bf,observation_time_proxy,historical data_available_time is unknown; observation_time is a pseudo-operational proxy
2012-06-05T00:00:00+00:00,2012-06-04,windermere,south,water_temperature,2.0,degC,month_3,2012-08-04,2012-09-02,,17.331621434027777,-0.10659789679118781,lead_dependent_anomaly_relaxation,1.0,False,0.4082295429590498,0.4082295429590498,27,1,2011,14003f046a6da0a8cd7dd76350246a68966b98553aa0d88202b2c14019e3e009,observation_time_proxy,historical data_available_time is unknown; observation_time is a pseudo-operational proxy
2012-06-12T00:00:00+00:00,2012-06-11,windermere,south,water_temperature,2.0,degC,month_1,2012-06-12,2012-07-11,,17.08231324652778,0.1901003909243304,lead_dependent_anomaly_relaxation,1.0,False,0.5202980535428613,0.5202980535428613,36,1,2011,80aae3fe81eefbab68b715c8668915c083243587429a7ba200c3e607afbd6ebb,observation_time_proxy,historical data_available_time is unknown; observation_time is a pseudo-operational proxy
2012-06-12T00:00:00+00:00,2012-06-11,windermere,south,water_temperature,2.0,degC,month_2,2012-07-12,2012-08-10,,17.83091828125,0.1901003909243304,lead_dependent_anomaly_relaxation,1.0,False,-0.020481942090241755,0.0,32,1,2011,fce144500965e3623ede79a3a248220b794faf5e88b0b9e5ad28d378013741bf,observation_time_proxy,historical data_available_time is unknown; observation_time is a pseudo-operational proxy
2012-06-12T00:00:00+00:00,2012-06-11,windermere,south,water_temperature,2.0,degC,month_3,2012-08-11,2012-09-09,,16.875242239583333,0.1901003909243304,lead_dependent_anomaly_relaxation,1.0,False,0.4082295429590498,0.4082295429590498,27,1,2011,14003f046a6da0a8cd7dd76350246a68966b98553aa0d88202b2c14019e3e009,observation_time_proxy,historical data_available_time is unknown; observation_time is a pseudo-operational proxy
2012-06-19T00:00:00+00:00,2012-06-18,windermere,south,water_temperature,2.0,degC,month_1,2012-06-19,2012-07-18,,17.478711194444443,0.4479240700431042,lead_dependent_anomaly_relaxation,1.0,False,0.5202980535428613,0.5202980535428613,36,1,2011,80aae3fe81eefbab68b715c8668915c083243587429a7ba200c3e607afbd6ebb,observation_time_proxy,historical data_available_time is unknown; observation_time is a pseudo-operational proxy
2012-06-19T00:00:00+00:00,2012-06-18,windermere,south,water_temperature,2.0,degC,month_2,2012-07-19,2012-08-17,,17.777260333333334,0.4479240700431042,lead_dependent_anomaly_relaxation,1.0,False,-0.020481942090241755,0.0,32,1,2011,fce144500965e3623ede79a3a248220b794faf5e88b0b9e5ad28d378013741bf,observation_time_proxy,historical data_available_time is unknown; observation_time is a pseudo-operational proxy
2012-06-19T00:00:00+00:00,2012-06-18,windermere,south,water_temperature,2.0,degC,month_3,2012-08-18,2012-09-16,,16.440614795138888,0.4479240700431042,lead_dependent_anomaly_relaxation,1.0,False,0.4082295429590498,0.4082295429590498,27,1,2011,14003f046a6da0a8cd7dd76350246a68966b98553aa0d88202b2c14019e3e009,observation_time_proxy,historical data_available_time is unknown; observation_time is a pseudo-operational proxy
2012-06-26T00:00:00+00:00,2012-06-25,windermere,south,water_temperature,2.0,degC,month_1,2012-06-26,2012-07-25,,17.750020590277778,0.10015787966954015,lead_dependent_anomaly_relaxation,1.0,False,0.5202980535428613,0.5202980535428613,36,1,2011,80aae3fe81eefbab68b715c8668915c083243587429a7ba200c3e607afbd6ebb,observation_time_proxy,historical data_available_time is unknown; observation_time is a pseudo-operational proxy
2012-06-26T00:00:00+00:00,2012-06-25,windermere,south,water_temperature,2.0,degC,month_2,2012-07-26,2012-08-24,,17.743461854166668,0.10015787966954015,lead_dependent_anomaly_relaxation,1.0,False,-0.020481942090241755,0.0,32,1,2011,fce144500965e3623ede79a3a248220b794faf5e88b0b9e5ad28d378013741bf,observation_time_proxy,historical data_available_time is unknown; observation_time is a pseudo-operational proxy
2012-06-26T00:00:00+00:00,2012-06-25,windermere,south,water_temperature,2.0,degC,month_3,2012-08-25,2012-09-23,,15.940727357638888,0.10015787966954015,lead_dependent_anomaly_relaxation,1.0,False,0.4082295429590498,0.4082295429590498,27,1,2011,14003f046a6da0a8cd7dd76350246a68966b98553aa0d88202b2c14019e3e009,observation_time_proxy,historical data_available_time is unknown; observation_time is a pseudo-operational proxy
2012-07-03T00:00:00+00:00,2012-07-02,windermere,south,water_temperature,2.0,degC,month_1,2012-07-03,2012-08-01,,17.87328501388889,-1.3623903576388905,lead_dependent_anomaly_relaxation,1.0,False,0.5202980535428613,0.5202980535428613,36,1,2011,80aae3fe81eefbab68b715c8668915c083243587429a7ba200c3e607afbd6ebb,observation_time_proxy,historical data_available_time is unknown; observation_time is a pseudo-operational proxy
2012-07-03T00:00:00+00:00,2012-07-02,windermere,south,water_temperature,2.0,degC,month_2,2012-08-02,2012-08-31,,17.427109211805554,-1.3623903576388905,lead_dependent_anomaly_relaxation,1.0,False,-0.020481942090241755,0.0,32,1,2011,fce144500965e3623ede79a3a248220b794faf5e88b0b9e5ad28d378013741bf,observation_time_proxy,historical data_available_time is unknown; observation_time is a pseudo-operational proxy
2012-07-03T00:00:00+00:00,2012-07-02,windermere,south,water_temperature,2.0,degC,month_3,2012-09-01,2012-09-30,,15.421648923611112,-1.3623903576388905,lead_dependent_anomaly_relaxation,1.0,False,0.4082295429590498,0.4082295429590498,27,1,2011,14003f046a6da0a8cd7dd76350246a68966b98553aa0d88202b2c14019e3e009,observation_time_proxy,historical data_available_time is unknown; observation_time is a pseudo-operational proxy
2012-07-10T00:00:00+00:00,2012-07-09,windermere,south,water_temperature,2.0,degC,month_1,2012-07-10,2012-08-08,,17.83799434722222,-2.008734126207731,lead_dependent_anomaly_relaxation,1.0,False,0.5202980535428613,0.5202980535428613,36,1,2011,80aae3fe81eefbab68b715c8668915c083243587429a7ba200c3e607afbd6ebb,observation_time_proxy,historical data_available_time is unknown; observation_time is a pseudo-operational proxy
2012-07-10T00:00:00+00:00,2012-07-09,windermere,south,water_temperature,2.0,degC,month_2,2012-08-09,2012-09-07,,17.00898253472222,-2.008734126207731,lead_dependent_anomaly_relaxation,1.0,False,-0.020481942090241755,0.0,32,1,2011,fce144500965e3623ede79a3a248220b794faf5e88b0b9e5ad28d378013741bf,observation_time_proxy,historical data_available_time is unknown; observation_time is a pseudo-operational proxy
2012-07-10T00:00:00+00:00,2012-07-09,windermere,south,water_temperature,2.0,degC,month_3,2012-09-08,2012-10-07,,14.911291409722221,-2.008734126207731,lead_dependent_anomaly_relaxation,1.0,False,0.4082295429590498,0.4082295429590498,27,1,2011,14003f046a6da0a8cd7dd76350246a68966b98553aa0d88202b2c14019e3e009,observation_time_proxy,historical data_available_time is unknown; observation_time is a pseudo-operational proxy
2012-07-17T00:00:00+00:00,2012-07-16,windermere,south,water_temperature,2.0,degC,month_1,2012-07-17,2012-08-15,,17.771412434027777,-2.239327931131971,lead_dependent_anomaly_relaxation,1.0,False,0.5202980535428613,0.5202980535428613,36,1,2011,80aae3fe81eefbab68b715c8668915c083243587429a7ba200c3e607afbd6ebb,observation_time_proxy,historical data_available_time is unknown; observation_time is a pseudo-operational proxy
2012-07-17T00:00:00+00:00,2012-07-16,windermere,south,water_temperature,2.0,degC,month_2,2012-08-16,2012-09-14,,16.57543805902778,-2.239327931131971,lead_dependent_anomaly_relaxation,1.0,False,-0.020481942090241755,0.0,32,1,2011,fce144500965e3623ede79a3a248220b794faf5e88b0b9e5ad28d378013741bf,observation_time_proxy,historical data_available_time is unknown; observation_time is a pseudo-operational proxy
2012-07-17T00:00:00+00:00,2012-07-16,windermere,south,water_temperature,2.0,degC,month_3,2012-09-15,2012-10-14,,14.388924336805555,-2.239327931131971,lead_dependent_anomaly_relaxation,1.0,False,0.4082295429590498,0.4082295429590498,27,1,2011,14003f046a6da0a8cd7dd76350246a68966b98553aa0d88202b2c14019e3e009,observation_time_proxy,historical data_available_time is unknown; observation_time is a pseudo-operational proxy
2012-07-24T00:00:00+00:00,2012-07-23,windermere,south,water_temperature,2.0,degC,month_1,2012-07-24,2012-08-22,,17.774669145833332,-2.236632399881973,lead_dependent_anomaly_relaxation,1.0,False,0.5202980535428613,0.5202980535428613,36,1,2011,80aae3fe81eefbab68b715c8668915c083243587429a7ba200c3e607afbd6ebb,observation_time_proxy,historical data_available_time is unknown; observation_time is a pseudo-operational proxy
2012-07-24T00:00:00+00:00,2012-07-23,windermere,south,water_temperature,2.0,degC,month_2,2012-08-23,2012-09-21,,16.091699927083333,-2.236632399881973,lead_dependent_anomaly_relaxation,1.0,False,-0.020481942090241755,0.0,32,1,2011,fce144500965e3623ede79a3a248220b794faf5e88b0b9e5ad28d378013741bf,observation_time_proxy,historical data_available_time is unknown; observation_time is a pseudo-operational proxy
2012-07-24T00:00:00+00:00,2012-07-23,windermere,south,water_temperature,2.0,degC,month_3,2012-09-22,2012-10-21,,13.8494739375,-2.236632399881973,lead_dependent_anomaly_relaxation,1.0,False,0.4082295429590498,0.4082295429590498,27,1,2011,14003f046a6da0a8cd7dd76350246a68966b98553aa0d88202b2c14019e3e009,observation_time_proxy,historical data_available_time is unknown; observation_time is a pseudo-operational proxy
2012-07-31T00:00:00+00:00,2012-07-30,windermere,south,water_temperature,2.0,degC,month_1,2012-07-31,2012-08-29,,17.520739354166665,-1.8850107540486398,lead_dependent_anomaly_relaxation,1.0,False,0.5202980535428613,0.5202980535428613,36,1,2011,80aae3fe81eefbab68b715c8668915c083243587429a7ba200c3e607afbd6ebb,observation_time_proxy,historical data_available_time is unknown; observation_time is a pseudo-operational proxy
2012-07-31T00:00:00+00:00,2012-07-30,windermere,south,water_temperature,2.0,degC,month_2,2012-08-30,2012-09-28,,15.561800819444445,-1.8850107540486398,lead_dependent_anomaly_relaxation,1.0,False,-0.020481942090241755,0.0,32,1,2011,fce144500965e3623ede79a3a248220b794faf5e88b0b9e5ad28d378013741bf,observation_time_proxy,historical data_available_time is unknown; observation_time is a pseudo-operational proxy
2012-07-31T00:00:00+00:00,2012-07-30,windermere,south,water_temperature,2.0,degC,month_3,2012-09-29,2012-10-28,,13.2033935625,-1.8850107540486398,lead_dependent_anomaly_relaxation,1.0,False,0.4082295429590498,0.4082295429590498,27,1,2011,14003f046a6da0a8cd7dd76350246a68966b98553aa0d88202b2c14019e3e009,observation_time_proxy,historical data_available_time is unknown; observation_time is a pseudo-operational proxy
2012-08-07T00:00:00+00:00,2012-08-06,windermere,south,water_temperature,2.0,degC,month_1,2012-08-07,2012-09-05,,17.15992803125,-1.2885580653409114,lead_dependent_anomaly_relaxation,1.0,False,0.5202980535428613,0.5202980535428613,36,1,2011,80aae3fe81eefbab68b715c8668915c083243587429a7ba200c3e607afbd6ebb,observation_time_proxy,historical data_available_time is unknown; observation_time is a pseudo-operational proxy
2012-08-07T00:00:00+00:00,2012-08-06,windermere,south,water_temperature,2.0,degC,month_2,2012-09-06,2012-10-05,,15.049482375,-1.2885580653409114,lead_dependent_anomaly_relaxation,1.0,False,-0.020481942090241755,0.0,32,1,2011,fce144500965e3623ede79a3a248220b794faf5e88b0b9e5ad28d378013741bf,observation_time_proxy,historical data_available_time is unknown; observation_time is a pseudo-operational proxy
2012-08-07T00:00:00+00:00,2012-08-06,windermere,south,water_temperature,2.0,degC,month_3,2012-10-06,2012-11-04,,12.47469182789855,-1.2885580653409114,lead_dependent_anomaly_relaxation,1.0,False,0.4082295429590498,0.4082295429590498,27,1,2011,14003f046a6da0a8cd7dd76350246a68966b98553aa0d88202b2c14019e3e009,observation_time_proxy,historical data_available_time is unknown; observation_time is a pseudo-operational proxy
2012-08-14T00:00:00+00:00,2012-08-13,windermere,south,water_temperature,2.0,degC,month_1,2012-08-14,2012-09-12,,16.694121958333334,-0.8022839727182536,lead_dependent_anomaly_relaxation,1.0,False,0.5202980535428613,0.5202980535428613,36,1,2011,80aae3fe81eefbab68b715c8668915c083243587429a7ba200c3e607afbd6ebb,observation_time_proxy,historical data_available_time is unknown; observation_time is a pseudo-operational proxy
2012-08-14T00:00:00+00:00,2012-08-13,windermere,south,water_temperature,2.0,degC,month_2,2012-09-13,2012-10-12,,14.538974184027778,-0.8022839727182536,lead_dependent_anomaly_relaxation,1.0,False,-0.020481942090241755,0.0,32,1,2011,fce144500965e3623ede79a3a248220b794faf5e88b0b9e5ad28d378013741bf,observation_time_proxy,historical data_available_time is unknown; observation_time is a pseudo-operational proxy
2012-08-14T00:00:00+00:00,2012-08-13,windermere,south,water_temperature,2.0,degC,month_3,2012-10-13,2012-11-11,,11.748639774079106,-0.8022839727182536,lead_dependent_anomaly_relaxation,1.0,False,0.4082295429590498,0.4082295429590498,27,1,2011,14003f046a6da0a8cd7dd76350246a68966b98553aa0d88202b2c14019e3e009,observation_time_proxy,historical data_available_time is unknown; observation_time is a pseudo-operational proxy
2012-08-21T00:00:00+00:00,2012-08-20,windermere,south,water_temperature,2.0,degC,month_1,2012-08-21,2012-09-19,,16.23671946875,-0.29916748660714276,lead_dependent_anomaly_relaxation,1.0,False,0.5202980535428613,0.5202980535428613,36,1,2011,80aae3fe81eefbab68b715c8668915c083243587429a7ba200c3e607afbd6ebb,observation_time_proxy,historical data_available_time is unknown; observation_time is a pseudo-operational proxy
2012-08-21T00:00:00+00:00,2012-08-20,windermere,south,water_temperature,2.0,degC,month_2,2012-09-20,2012-10-19,,14.018588399305555,-0.29916748660714276,lead_dependent_anomaly_relaxation,1.0,False,-0.020481942090241755,0.0,32,1,2011,fce144500965e3623ede79a3a248220b794faf5e88b0b9e5ad28d378013741bf,observation_time_proxy,historical data_available_time is unknown; observation_time is a pseudo-operational proxy
2012-08-21T00:00:00+00:00,2012-08-20,windermere,south,water_temperature,2.0,degC,month_3,2012-10-20,2012-11-18,,10.979873264704107,-0.29916748660714276,lead_dependent_anomaly_relaxation,1.0,False,0.4082295429590498,0.4082295429590498,27,1,2011,14003f046a6da0a8cd7dd76350246a68966b98553aa0d88202b2c14019e3e009,observation_time_proxy,historical data_available_time is unknown; observation_time is a pseudo-operational proxy
2012-08-28T00:00:00+00:00,2012-08-27,windermere,south,water_temperature,2.0,degC,month_1,2012-08-28,2012-09-26,,15.707086618055556,0.13326372519841456,lead_dependent_anomaly_relaxation,1.0,False,0.5202980535428613,0.5202980535428613,36,1,2011,80aae3fe81eefbab68b715c8668915c083243587429a7ba200c3e607afbd6ebb,observation_time_proxy,historical data_available_time is unknown; observation_time is a pseudo-operational proxy
2012-08-28T00:00:00+00:00,2012-08-27,windermere,south,water_temperature,2.0,degC,month_2,2012-09-27,2012-10-26,,13.395342041666666,0.13326372519841456,lead_dependent_anomaly_relaxation,1.0,False,-0.020481942090241755,0.0,32,1,2011,fce144500965e3623ede79a3a248220b794faf5e88b0b9e5ad28d378013741bf,observation_time_proxy,historical data_available_time is unknown; observation_time is a pseudo-operational proxy
2012-08-28T00:00:00+00:00,2012-08-27,windermere,south,water_temperature,2.0,degC,month_3,2012-10-27,2012-11-25,,10.317816510884661,0.13326372519841456,lead_dependent_anomaly_relaxation,1.0,False,0.4082295429590498,0.4082295429590498,27,1,2011,14003f046a6da0a8cd7dd76350246a68966b98553aa0d88202b2c14019e3e009,observation_time_proxy,historical data_available_time is unknown; observation_time is a pseudo-operational proxy
2012-09-04T00:00:00+00:00,2012-09-03,windermere,south,water_temperature,2.0,degC,month_1,2012-09-04,2012-10-03,,15.208791475694444,0.5293638988095246,lead_dependent_anomaly_relaxation,1.0,False,0.5202980535428613,0.5202980535428613,36,1,2011,80aae3fe81eefbab68b715c8668915c083243587429a7ba200c3e607afbd6ebb,observation_time_proxy,historical data_available_time is unknown; observation_time is a pseudo-operational proxy
2012-09-04T00:00:00+00:00,2012-09-03,windermere,south,water_temperature,2.0,degC,month_2,2012-10-04,2012-11-02,,12.67541207789855,0.5293638988095246,lead_dependent_anomaly_relaxation,1.0,False,-0.020481942090241755,0.0,32,1,2011,fce144500965e3623ede79a3a248220b794faf5e88b0b9e5ad28d378013741bf,observation_time_proxy,historical data_available_time is unknown; observation_time is a pseudo-operational proxy
2012-09-04T00:00:00+00:00,2012-09-03,windermere,south,water_temperature,2.0,degC,month_3,2012-11-03,2012-12-02,,9.649091671527778,0.5293638988095246,lead_dependent_anomaly_relaxation,1.0,False,0.4082295429590498,0.4082295429590498,27,1,2011,14003f046a6da0a8cd7dd76350246a68966b98553aa0d88202b2c14019e3e009,observation_time_proxy,historical data_available_time is unknown; observation_time is a pseudo-operational proxy
2012-09-11T00:00:00+00:00,2012-09-10,windermere,south,water_temperature,2.0,degC,month_1,2012-09-11,2012-10-10,,14.6909469375,0.7635095208333347,lead_dependent_anomaly_relaxation,1.0,False,0.5202980535428613,0.5202980535428613,36,1,2011,80aae3fe81eefbab68b715c8668915c083243587429a7ba200c3e607afbd6ebb,observation_time_proxy,historical data_available_time is unknown; observation_time is a pseudo-operational proxy
2012-09-11T00:00:00+00:00,2012-09-10,windermere,south,water_temperature,2.0,degC,month_2,2012-10-11,2012-11-09,,11.96623154317633,0.7635095208333347,lead_dependent_anomaly_relaxation,1.0,False,-0.020481942090241755,0.0,32,1,2011,fce144500965e3623ede79a3a248220b794faf5e88b0b9e5ad28d378013741bf,observation_time_proxy,historical data_available_time is unknown; observation_time is a pseudo-operational proxy
2012-09-11T00:00:00+00:00,2012-09-10,windermere,south,water_temperature,2.0,degC,month_3,2012-11-10,2012-12-09,,8.909686646875,0.7635095208333347,lead_dependent_anomaly_relaxation,1.0,False,0.4082295429590498,0.4082295429590498,27,1,2011,14003f046a6da0a8cd7dd76350246a68966b98553aa0d88202b2c14019e3e009,observation_time_proxy,historical data_available_time is unknown; observation_time is a pseudo-operational proxy
2012-09-18T00:00:00+00:00,2012-09-17,windermere,south,water_temperature,2.0,degC,month_1,2012-09-18,2012-10-17,,14.175239843750001,0.6210607187500017,lead_dependent_anomaly_relaxation,1.0,False,0.5202980535428613,0.5202980535428613,36,1,2011,80aae3fe81eefbab68b715c8668915c083243587429a7ba200c3e607afbd6ebb,observation_time_proxy,historical data_available_time is unknown; observation_time is a pseudo-operational proxy
2012-09-18T00:00:00+00:00,2012-09-17,windermere,south,water_temperature,2.0,degC,month_2,2012-10-18,2012-11-16,,11.190687442134662,0.6210607187500017,lead_dependent_anomaly_relaxation,1.0,False,-0.020481942090241755,0.0,32,1,2011,fce144500965e3623ede79a3a248220b794faf5e88b0b9e5ad28d378013741bf,observation_time_proxy,historical data_available_time is unknown; observation_time is a pseudo-operational proxy
2012-09-18T00:00:00+00:00,2012-09-17,windermere,south,water_temperature,2.0,degC,month_3,2012-11-17,2012-12-16,,8.172981570486112,0.6210607187500017,lead_dependent_anomaly_relaxation,1.0,False,0.4082295429590498,0.4082295429590498,27,1,2011,14003f046a6da0a8cd7dd76350246a68966b98553aa0d88202b2c14019e3e009,observation_time_proxy,historical data_available_time is unknown; observation_time is a pseudo-operational proxy
2012-09-25T00:00:00+00:00,2012-09-24,windermere,south,water_temperature,2.0,degC,month_1,2012-09-25,2012-10-24,,13.579967434027779,0.40038445486110774,lead_dependent_anomaly_relaxation,1.0,False,0.5202980535428613,0.5202980535428613,36,1,2011,80aae3fe81eefbab68b715c8668915c083243587429a7ba200c3e607afbd6ebb,observation_time_proxy,historical data_available_time is unknown; observation_time is a pseudo-operational proxy
2012-09-25T00:00:00+00:00,2012-09-24,windermere,south,water_temperature,2.0,degC,month_2,2012-10-25,2012-11-23,,10.500151800467995,0.40038445486110774,lead_dependent_anomaly_relaxation,1.0,False,-0.020481942090241755,0.0,32,1,2011,fce144500965e3623ede79a3a248220b794faf5e88b0b9e5ad28d378013741bf,observation_time_proxy,historical data_available_time is unknown; observation_time is a pseudo-operational proxy
2012-09-25T00:00:00+00:00,2012-09-24,windermere,south,water_temperature,2.0,degC,month_3,2012-11-24,2012-12-23,,7.426607118402778,0.40038445486110774,lead_dependent_anomaly_relaxation,1.0,False,0.4082295429590498,0.4082295429590498,27,1,2011,14003f046a6da0a8cd7dd76350246a68966b98553aa0d88202b2c14019e3e009,observation_time_proxy,historical data_available_time is unknown; observation_time is a pseudo-operational proxy
2012-10-02T00:00:00+00:00,2012-10-01,windermere,south,water_temperature,2.0,degC,month_1,2012-10-02,2012-10-31,,12.886700425120774,0.10094950347222209,lead_dependent_anomaly_relaxation,1.0,False,0.5202980535428613,0.5202980535428613,36,1,2011,80aae3fe81eefbab68b715c8668915c083243587429a7ba200c3e607afbd6ebb,observation_time_proxy,historical data_available_time is unknown; observation_time is a pseudo-operational proxy
2012-10-02T00:00:00+00:00,2012-10-01,windermere,south,water_temperature,2.0,degC,month_2,2012-11-01,2012-11-30,,9.848331357291666,0.10094950347222209,lead_dependent_anomaly_relaxation,1.0,False,-0.020481942090241755,0.0,32,1,2011,fce144500965e3623ede79a3a248220b794faf5e88b0b9e5ad28d378013741bf,observation_time_proxy,historical data_available_time is unknown; observation_time is a pseudo-operational proxy
2012-10-02T00:00:00+00:00,2012-10-01,windermere,south,water_temperature,2.0,degC,month_3,2012-12-01,2012-12-30,,6.726986025,0.10094950347222209,lead_dependent_anomaly_relaxation,1.0,False,0.4082295429590498,0.4082295429590498,27,1,2011,14003f046a6da0a8cd7dd76350246a68966b98553aa0d88202b2c14019e3e009,observation_time_proxy,historical data_available_time is unknown; observation_time is a pseudo-operational proxy
2012-10-09T00:00:00+00:00,2012-10-08,windermere,south,water_temperature,2.0,degC,month_1,2012-10-09,2012-11-07,,12.172727789704107,-0.3515883541666671,lead_dependent_anomaly_relaxation,1.0,False,0.5202980535428613,0.5202980535428613,36,1,2011,80aae3fe81eefbab68b715c8668915c083243587429a7ba200c3e607afbd6ebb,observation_time_proxy,historical data_available_time is unknown; observation_time is a pseudo-operational proxy
2012-10-09T00:00:00+00:00,2012-10-08,windermere,south,water_temperature,2.0,degC,month_2,2012-11-08,2012-12-07,,9.123555631944445,-0.3515883541666671,lead_dependent_anomaly_relaxation,1.0,False,-0.020481942090241755,0.0,32,1,2011,fce144500965e3623ede79a3a248220b794faf5e88b0b9e5ad28d378013741bf,observation_time_proxy,historical data_available_time is unknown; observation_time is a pseudo-operational proxy
2012-10-09T00:00:00+00:00,2012-10-08,windermere,south,water_temperature,2.0,degC,month_3,2012-12-08,2013-01-06,,5.753554969303543,-0.3515883541666671,lead_dependent_anomaly_relaxation,1.0,False,0.4082295429590498,0.4082295429590498,27,1,2011,14003f046a6da0a8cd7dd76350246a68966b98553aa0d88202b2c14019e3e009,observation_time_proxy,historical data_available_time is unknown; observation_time is a pseudo-operational proxy
2012-10-16T00:00:00+00:00,2012-10-15,windermere,south,water_temperature,2.0,degC,month_1,2012-10-16,2012-11-14,,11.412893818870772,-0.8396851006944441,lead_dependent_anomaly_relaxation,1.0,False,0.5202980535428613,0.5202980535428613,36,1,2011,80aae3fe81eefbab68b715c8668915c083243587429a7ba200c3e607afbd6ebb,observation_time_proxy,historical data_available_time is unknown; observation_time is a pseudo-operational proxy
2012-10-16T00:00:00+00:00,2012-10-15,windermere,south,water_temperature,2.0,degC,month_2,2012-11-15,2012-12-14,,8.384066869791667,-0.8396851006944441,lead_dependent_anomaly_relaxation,1.0,False,-0.020481942090241755,0.0,32,1,2011,fce144500965e3623ede79a3a248220b794faf5e88b0b9e5ad28d378013741bf,observation_time_proxy,historical data_available_time is unknown; observation_time is a pseudo-operational proxy
2012-10-16T00:00:00+00:00,2012-10-15,windermere,south,water_temperature,2.0,degC,month_3,2012-12-15,2013-01-13,,5.204517891988727,-0.8396851006944441,lead_dependent_anomaly_relaxation,1.0,False,0.4082295429590498,0.4082295429590498,27,1,2011,14003f046a6da0a8cd7dd76350246a68966b98553aa0d88202b2c14019e3e009,observation_time_proxy,historical data_available_time is unknown; observation_time is a pseudo-operational proxy
2012-10-23T00:00:00+00:00,2012-10-22,windermere,south,water_temperature,2.0,degC,month_1,2012-10-23,2012-11-21,,10.684806133454106,-1.1135014861111099,lead_dependent_anomaly_relaxation,1.0,False,0.5202980535428613,0.5202980535428613,36,1,2011,80aae3fe81eefbab68b715c8668915c083243587429a7ba200c3e607afbd6ebb,observation_time_proxy,historical data_available_time is unknown; observation_time is a pseudo-operational proxy
2012-10-23T00:00:00+00:00,2012-10-22,windermere,south,water_temperature,2.0,degC,month_2,2012-11-22,2012-12-21,,7.644136569444445,-1.1135014861111099,lead_dependent_anomaly_relaxation,1.0,False,-0.020481942090241755,0.0,32,1,2011,fce144500965e3623ede79a3a248220b794faf5e88b0b9e5ad28d378013741bf,observation_time_proxy,historical data_available_time is unknown; observation_time is a pseudo-operational proxy
2012-10-23T00:00:00+00:00,2012-10-22,windermere,south,water_temperature,2.0,degC,month_3,2012-12-22,2013-01-20,,4.753631978099839,-1.1135014861111099,lead_dependent_anomaly_relaxation,1.0,False,0.4082295429590498,0.4082295429590498,27,1,2011,14003f046a6da0a8cd7dd76350246a68966b98553aa0d88202b2c14019e3e009,observation_time_proxy,historical data_available_time is unknown; observation_time is a pseudo-operational proxy
2012-10-30T00:00:00+00:00,2012-10-29,windermere,south,water_temperature,2.0,degC,month_1,2012-10-30,2012-11-28,,10.037797855676327,-1.1310981909722226,lead_dependent_anomaly_relaxation,1.0,False,0.5202980535428613,0.5202980535428613,36,1,2011,80aae3fe81eefbab68b715c8668915c083243587429a7ba200c3e607afbd6ebb,observation_time_proxy,historical data_available_time is unknown; observation_time is a pseudo-operational proxy
2012-10-30T00:00:00+00:00,2012-10-29,windermere,south,water_temperature,2.0,degC,month_2,2012-11-29,2012-12-28,,6.918014920138889,-1.1310981909722226,lead_dependent_anomaly_relaxation,1.0,False,-0.020481942090241755,0.0,32,1,2011,fce144500965e3623ede79a3a248220b794faf5e88b0b9e5ad28d378013741bf,observation_time_proxy,historical data_available_time is unknown; observation_time is a pseudo-operational proxy
2012-10-30T00:00:00+00:00,2012-10-29,windermere,south,water_temperature,2.0,degC,month_3,2012-12-29,2013-01-27,,4.415235882266505,-1.1310981909722226,lead_dependent_anomaly_relaxation,1.0,False,0.4082295429590498,0.4082295429590498,27,1,2011,14003f046a6da0a8cd7dd76350246a68966b98553aa0d88202b2c14019e3e009,observation_time_proxy,historical data_available_time is unknown; observation_time is a pseudo-operational proxy
2012-11-06T00:00:00+00:00,2012-11-05,windermere,south,water_temperature,2.0,degC,month_1,2012-11-06,2012-12-05,,9.334435934375,-1.0600936681763287,lead_dependent_anomaly_relaxation,1.0,False,0.5202980535428613,0.5202980535428613,36,1,2011,80aae3fe81eefbab68b715c8668915c083243587429a7ba200c3e607afbd6ebb,observation_time_proxy,historical data_available_time is unknown; observation_time is a pseudo-operational proxy
2012-11-06T00:00:00+00:00,2012-11-05,windermere,south,water_temperature,2.0,degC,month_2,2012-12-06,2013-01-04,,5.91639544384058,-1.0600936681763287,lead_dependent_anomaly_relaxation,1.0,False,-0.020481942090241755,0.0,32,1,2011,fce144500965e3623ede79a3a248220b794faf5e88b0b9e5ad28d378013741bf,observation_time_proxy,historical data_available_time is unknown; observation_time is a pseudo-operational proxy
2012-11-06T00:00:00+00:00,2012-11-05,windermere,south,water_temperature,2.0,degC,month_3,2013-01-05,2013-02-03,,4.510769658333333,-1.0600936681763287,lead_dependent_anomaly_relaxation,1.0,False,0.4082295429590498,0.4082295429590498,27,1,2011,14003f046a6da0a8cd7dd76350246a68966b98553aa0d88202b2c14019e3e009,observation_time_proxy,historical data_available_time is unknown; observation_time is a pseudo-operational proxy
2012-11-13T00:00:00+00:00,2012-11-12,windermere,south,water_temperature,2.0,degC,month_1,2012-11-13,2012-12-12,,8.594371270833333,-0.9475460219957714,lead_dependent_anomaly_relaxation,1.0,False,0.5202980535428613,0.5202980535428613,36,1,2011,80aae3fe81eefbab68b715c8668915c083243587429a7ba200c3e607afbd6ebb,observation_time_proxy,historical data_available_time is unknown; observation_time is a pseudo-operational proxy
2012-11-13T00:00:00+00:00,2012-11-12,windermere,south,water_temperature,2.0,degC,month_2,2012-12-13,2013-01-11,,5.356098519766506,-0.9475460219957714,lead_dependent_anomaly_relaxation,1.0,False,-0.020481942090241755,0.0,32,1,2011,fce144500965e3623ede79a3a248220b794faf5e88b0b9e5ad28d378013741bf,observation_time_proxy,historical data_available_time is unknown; observation_time is a pseudo-operational proxy
2012-11-13T00:00:00+00:00,2012-11-12,windermere,south,water_temperature,2.0,degC,month_3,2013-01-12,2013-02-10,,4.412332192361111,-0.9475460219957714,lead_dependent_anomaly_relaxation,1.0,False,0.4082295429590498,0.4082295429590498,27,1,2011,14003f046a6da0a8cd7dd76350246a68966b98553aa0d88202b2c14019e3e009,observation_time_proxy,historical data_available_time is unknown; observation_time is a pseudo-operational proxy
2012-11-20T00:00:00+00:00,2012-11-19,windermere,south,water_temperature,2.0,degC,month_1,2012-11-20,2012-12-19,,7.859237702777778,-0.7666148973429951,lead_dependent_anomaly_relaxation,1.0,False,0.5202980535428613,0.5202980535428613,36,1,2011,80aae3fe81eefbab68b715c8668915c083243587429a7ba200c3e607afbd6ebb,observation_time_proxy,historical data_available_time is unknown; observation_time is a pseudo-operational proxy
2012-11-20T00:00:00+00:00,2012-11-19,windermere,south,water_temperature,2.0,degC,month_2,2012-12-20,2013-01-18,,4.868118174396135,-0.7666148973429951,lead_dependent_anomaly_relaxation,1.0,False,-0.020481942090241755,0.0,32,1,2011,fce144500965e3623ede79a3a248220b794faf5e88b0b9e5ad28d378013741bf,observation_time_proxy,historical data_available_time is unknown; observation_time is a pseudo-operational proxy
2012-11-20T00:00:00+00:00,2012-11-19,windermere,south,water_temperature,2.0,degC,month_3,2013-01-19,2013-02-17,,4.353408694791667,-0.7666148973429951,lead_dependent_anomaly_relaxation,1.0,False,0.4082295429590498,0.4082295429590498,27,1,2011,14003f046a6da0a8cd7dd76350246a68966b98553aa0d88202b2c14019e3e009,observation_time_proxy,historical data_available_time is unknown; observation_time is a pseudo-operational proxy
2012-11-27T00:00:00+00:00,2012-11-26,windermere,south,water_temperature,2.0,degC,month_1,2012-11-27,2012-12-26,,7.11133774375,-0.7140445001207727,lead_dependent_anomaly_relaxation,1.0,False,0.5202980535428613,0.5202980535428613,36,1,2011,80aae3fe81eefbab68b715c8668915c083243587429a7ba200c3e607afbd6ebb,observation_time_proxy,historical data_available_time is unknown; observation_time is a pseudo-operational proxy
2012-11-27T00:00:00+00:00,2012-11-26,windermere,south,water_temperature,2.0,degC,month_2,2012-12-27,2013-01-25,,4.497992274396135,-0.7140445001207727,lead_dependent_anomaly_relaxation,1.0,False,-0.020481942090241755,0.0,32,1,2011,fce144500965e3623ede79a3a248220b794faf5e88b0b9e5ad28d378013741bf,observation_time_proxy,historical data_available_time is unknown; observation_time is a pseudo-operational proxy
2012-11-27T00:00:00+00:00,2012-11-26,windermere,south,water_temperature,2.0,degC,month_3,2013-01-26,2013-02-24,,4.298572953472222,-0.7140445001207727,lead_dependent_anomaly_relaxation,1.0,False,0.4082295429590498,0.4082295429590498,27,1,2011,14003f046a6da0a8cd7dd76350246a68966b98553aa0d88202b2c14019e3e009,observation_time_proxy,historical data_available_time is unknown; observation_time is a pseudo-operational proxy
2012-12-04T00:00:00+00:00,2012-12-03,windermere,south,water_temperature,2.0,degC,month_1,2012-12-04,2013-01-02,,6.474938574274284,-0.610748103472222,lead_dependent_anomaly_relaxation,1.0,False,0.5202980535428613,0.5202980535428613,36,1,2011,80aae3fe81eefbab68b715c8668915c083243587429a7ba200c3e607afbd6ebb,observation_time_proxy,historical data_available_time is unknown; observation_time is a pseudo-operational proxy
2012-12-04T00:00:00+00:00,2012-12-03,windermere,south,water_temperature,2.0,degC,month_2,2013-01-03,2013-02-01,,4.560709142708333,-0.610748103472222,lead_dependent_anomaly_relaxation,1.0,False,-0.020481942090241755,0.0,32,1,2011,fce144500965e3623ede79a3a248220b794faf5e88b0b9e5ad28d378013741bf,observation_time_proxy,historical data_available_time is unknown; observation_time is a pseudo-operational proxy
2012-12-04T00:00:00+00:00,2012-12-03,windermere,south,water_temperature,2.0,degC,month_3,2013-02-02,2013-03-03,,4.291484184375,-0.610748103472222,lead_dependent_anomaly_relaxation,1.0,False,0.4082295429590498,0.4082295429590498,27,1,2011,14003f046a6da0a8cd7dd76350246a68966b98553aa0d88202b2c14019e3e009,observation_time_proxy,historical data_available_time is unknown; observation_time is a pseudo-operational proxy
2012-12-11T00:00:00+00:00,2012-12-10,windermere,south,water_temperature,2.0,degC,month_1,2012-12-11,2013-01-09,,5.516413894303542,-0.47483655902777855,lead_dependent_anomaly_relaxation,1.0,False,0.5202980535428613,0.5202980535428613,36,1,2011,80aae3fe81eefbab68b715c8668915c083243587429a7ba200c3e607afbd6ebb,observation_time_proxy,historical data_available_time is unknown; observation_time is a pseudo-operational proxy
2012-12-11T00:00:00+00:00,2012-12-10,windermere,south,water_temperature,2.0,degC,month_2,2013-01-10,2013-02-08,,4.4273915100694445,-0.47483655902777855,lead_dependent_anomaly_relaxation,1.0,False,-0.020481942090241755,0.0,32,1,2011,fce144500965e3623ede79a3a248220b794faf5e88b0b9e5ad28d378013741bf,observation_time_proxy,historical data_available_time is unknown; observation_time is a pseudo-operational proxy
2012-12-11T00:00:00+00:00,2012-12-10,windermere,south,water_temperature,2.0,degC,month_3,2013-02-09,2013-03-10,,4.344265895138889,-0.47483655902777855,lead_dependent_anomaly_relaxation,1.0,False,0.4082295429590498,0.4082295429590498,27,1,2011,14003f046a6da0a8cd7dd76350246a68966b98553aa0d88202b2c14019e3e009,observation_time_proxy,historical data_available_time is unknown; observation_time is a pseudo-operational proxy
2012-12-18T00:00:00+00:00,2012-12-17,windermere,south,water_temperature,2.0,degC,month_1,2012-12-18,2013-01-16,,4.990221570229468,-0.4412524809027776,lead_dependent_anomaly_relaxation,1.0,False,0.5202980535428613,0.5202980535428613,36,1,2011,80aae3fe81eefbab68b715c8668915c083243587429a7ba200c3e607afbd6ebb,observation_time_proxy,historical data_available_time is unknown; observation_time is a pseudo-operational proxy
2012-12-18T00:00:00+00:00,2012-12-17,windermere,south,water_temperature,2.0,degC,month_2,2013-01-17,2013-02-15,,4.372334334027777,-0.4412524809027776,lead_dependent_anomaly_relaxation,1.0,False,-0.020481942090241755,0.0,32,1,2011,fce144500965e3623ede79a3a248220b794faf5e88b0b9e5ad28d378013741bf,observation_time_proxy,historical data_available_time is unknown; observation_time is a pseudo-operational proxy
2012-12-18T00:00:00+00:00,2012-12-17,windermere,south,water_temperature,2.0,degC,month_3,2013-02-16,2013-03-17,,4.469671768402778,-0.4412524809027776,lead_dependent_anomaly_relaxation,1.0,False,0.4082295429590498,0.4082295429590498,27,1,2011,14003f046a6da0a8cd7dd76350246a68966b98553aa0d88202b2c14019e3e009,observation_time_proxy,historical data_available_time is unknown; observation_time is a pseudo-operational proxy
2012-12-25T00:00:00+00:00,2012-12-24,windermere,south,water_temperature,2.0,degC,month_1,2012-12-25,2013-01-23,,4.592818800322061,-0.38977219826388954,lead_dependent_anomaly_relaxation,1.0,False,0.5202980535428613,0.5202980535428613,36,1,2011,80aae3fe81eefbab68b715c8668915c083243587429a7ba200c3e607afbd6ebb,observation_time_proxy,historical data_available_time is unknown; observation_time is a pseudo-operational proxy
2012-12-25T00:00:00+00:00,2012-12-24,windermere,south,water_temperature,2.0,degC,month_2,2013-01-24,2013-02-22,,4.312119325694445,-0.38977219826388954,lead_dependent_anomaly_relaxation,1.0,False,-0.020481942090241755,0.0,32,1,2011,fce144500965e3623ede79a3a248220b794faf5e88b0b9e5ad28d378013741bf,observation_time_proxy,historical data_available_time is unknown; observation_time is a pseudo-operational proxy
2012-12-25T00:00:00+00:00,2012-12-24,windermere,south,water_temperature,2.0,degC,month_3,2013-02-23,2013-03-24,,4.750288839236111,-0.38977219826388954,lead_dependent_anomaly_relaxation,1.0,False,0.4082295429590498,0.4082295429590498,27,1,2011,14003f046a6da0a8cd7dd76350246a68966b98553aa0d88202b2c14019e3e009,observation_time_proxy,historical data_available_time is unknown; observation_time is a pseudo-operational proxy
2013-01-01T00:00:00+00:00,2012-12-31,windermere,south,water_temperature,2.0,degC,month_1,2013-01-01,2013-01-30,,4.9495691493115945,-0.20026481542270513,lead_dependent_anomaly_relaxation,1.0,False,0.3160093252764901,0.3160093252764901,84,2,2011|2012,ff59e83265cd72d2288694172f684265dd8dbf83d1f7686de63a43056eb6ac44,observation_time_proxy,historical data_available_time is unknown; observation_time is a pseudo-operational proxy
2013-01-01T00:00:00+00:00,2012-12-31,windermere,south,water_temperature,2.0,degC,month_2,2013-01-31,2013-03-01,,4.447253205555556,-0.20026481542270513,lead_dependent_anomaly_relaxation,1.0,False,0.22947895422245107,0.22947895422245107,80,2,2011|2012,77998833cc22e2f1b9e85dc4b0be0f88b5a5776f338448a3bf6f74979d042240,observation_time_proxy,historical data_available_time is unknown; observation_time is a pseudo-operational proxy
2013-01-01T00:00:00+00:00,2012-12-31,windermere,south,water_temperature,2.0,degC,month_3,2013-03-02,2013-03-31,,5.479666189444445,-0.20026481542270513,lead_dependent_anomaly_relaxation,1.0,False,0.25206803809894845,0.25206803809894845,76,2,2011|2012,065ac915a7295a550c6786438fcb1b13a0fb753220402097fb94d24d4ad2b8f3,observation_time_proxy,historical data_available_time is unknown; observation_time is a pseudo-operational proxy
2013-01-08T00:00:00+00:00,2013-01-07,windermere,south,water_temperature,2.0,degC,month_1,2013-01-08,2013-02-06,,4.755967353611111,0.030837653230675777,lead_dependent_anomaly_relaxation,1.0,False,0.3160093252764901,0.3160093252764901,84,2,2011|2012,ff59e83265cd72d2288694172f684265dd8dbf83d1f7686de63a43056eb6ac44,observation_time_proxy,historical data_available_time is unknown; observation_time is a pseudo-operational proxy
2013-01-08T00:00:00+00:00,2013-01-07,windermere,south,water_temperature,2.0,degC,month_2,2013-02-07,2013-03-08,,4.5001089216666665,0.030837653230675777,lead_dependent_anomaly_relaxation,1.0,False,0.22947895422245107,0.22947895422245107,80,2,2011|2012,77998833cc22e2f1b9e85dc4b0be0f88b5a5776f338448a3bf6f74979d042240,observation_time_proxy,historical data_available_time is unknown; observation_time is a pseudo-operational proxy
2013-01-08T00:00:00+00:00,2013-01-07,windermere,south,water_temperature,2.0,degC,month_3,2013-03-09,2013-04-07,,5.936596179722223,0.030837653230675777,lead_dependent_anomaly_relaxation,1.0,False,0.25206803809894845,0.25206803809894845,76,2,2011|2012,065ac915a7295a550c6786438fcb1b13a0fb753220402097fb94d24d4ad2b8f3,observation_time_proxy,historical data_available_time is unknown; observation_time is a pseudo-operational proxy
2013-01-15T00:00:00+00:00,2013-01-14,windermere,south,water_temperature,2.0,degC,month_1,2013-01-15,2013-02-13,,4.638964213055555,0.44523188031400984,lead_dependent_anomaly_relaxation,1.0,False,0.3160093252764901,0.3160093252764901,84,2,2011|2012,ff59e83265cd72d2288694172f684265dd8dbf83d1f7686de63a43056eb6ac44,observation_time_proxy,historical data_available_time is unknown; observation_time is a pseudo-operational proxy
2013-01-15T00:00:00+00:00,2013-01-14,windermere,south,water_temperature,2.0,degC,month_2,2013-02-14,2013-03-15,,4.626142853611111,0.44523188031400984,lead_dependent_anomaly_relaxation,1.0,False,0.22947895422245107,0.22947895422245107,80,2,2011|2012,77998833cc22e2f1b9e85dc4b0be0f88b5a5776f338448a3bf6f74979d042240,observation_time_proxy,historical data_available_time is unknown; observation_time is a pseudo-operational proxy
2013-01-15T00:00:00+00:00,2013-01-14,windermere,south,water_temperature,2.0,degC,month_3,2013-03-16,2013-04-14,,6.569482956111111,0.44523188031400984,lead_dependent_anomaly_relaxation,1.0,False,0.25206803809894845,0.25206803809894845,76,2,2011|2012,065ac915a7295a550c6786438fcb1b13a0fb753220402097fb94d24d4ad2b8f3,observation_time_proxy,historical data_available_time is unknown; observation_time is a pseudo-operational proxy
2013-01-22T00:00:00+00:00,2013-01-21,windermere,south,water_temperature,2.0,degC,month_1,2013-01-22,2013-02-20,,4.523896834166667,0.7564766805620255,lead_dependent_anomaly_relaxation,1.0,False,0.3160093252764901,0.3160093252764901,84,2,2011|2012,ff59e83265cd72d2288694172f684265dd8dbf83d1f7686de63a43056eb6ac44,observation_time_proxy,historical data_available_time is unknown; observation_time is a pseudo-operational proxy
2013-01-22T00:00:00+00:00,2013-01-21,windermere,south,water_temperature,2.0,degC,month_2,2013-02-21,2013-03-22,,4.8925329713888885,0.7564766805620255,lead_dependent_anomaly_relaxation,1.0,False,0.22947895422245107,0.22947895422245107,80,2,2011|2012,77998833cc22e2f1b9e85dc4b0be0f88b5a5776f338448a3bf6f74979d042240,observation_time_proxy,historical data_available_time is unknown; observation_time is a pseudo-operational proxy
2013-01-22T00:00:00+00:00,2013-01-21,windermere,south,water_temperature,2.0,degC,month_3,2013-03-23,2013-04-21,,7.2854594623206195,0.7564766805620255,lead_dependent_anomaly_relaxation,1.0,False,0.25206803809894845,0.25206803809894845,76,2,2011|2012,065ac915a7295a550c6786438fcb1b13a0fb753220402097fb94d24d4ad2b8f3,observation_time_proxy,historical data_available_time is unknown; observation_time is a pseudo-operational proxy
2013-01-29T00:00:00+00:00,2013-01-28,windermere,south,water_temperature,2.0,degC,month_1,2013-01-29,2013-02-27,,4.454018204722222,0.8253226515937717,lead_dependent_anomaly_relaxation,1.0,False,0.3160093252764901,0.3160093252764901,84,2,2011|2012,ff59e83265cd72d2288694172f684265dd8dbf83d1f7686de63a43056eb6ac44,observation_time_proxy,historical data_available_time is unknown; observation_time is a pseudo-operational proxy
2013-01-29T00:00:00+00:00,2013-01-28,windermere,south,water_temperature,2.0,degC,month_2,2013-02-28,2013-03-29,,5.311853531944444,0.8253226515937717,lead_dependent_anomaly_relaxation,1.0,False,0.22947895422245107,0.22947895422245107,80,2,2011|2012,77998833cc22e2f1b9e85dc4b0be0f88b5a5776f338448a3bf6f74979d042240,observation_time_proxy,historical data_available_time is unknown; observation_time is a pseudo-operational proxy
2013-01-29T00:00:00+00:00,2013-01-28,windermere,south,water_temperature,2.0,degC,month_3,2013-03-30,2013-04-28,,8.212209998611112,0.8253226515937717,lead_dependent_anomaly_relaxation,1.0,False,0.25206803809894845,0.25206803809894845,76,2,2011|2012,065ac915a7295a550c6786438fcb1b13a0fb753220402097fb94d24d4ad2b8f3,observation_time_proxy,historical data_available_time is unknown; observation_time is a pseudo-operational proxy
2013-02-05T00:00:00+00:00,2013-02-04,windermere,south,water_temperature,2.0,degC,month_1,2013-02-05,2013-03-06,,4.480287583611111,0.537562163055556,lead_dependent_anomaly_relaxation,1.0,False,0.3160093252764901,0.3160093252764901,84,2,2011|2012,ff59e83265cd72d2288694172f684265dd8dbf83d1f7686de63a43056eb6ac44,observation_time_proxy,historical data_available_time is unknown; observation_time is a pseudo-operational proxy
2013-02-05T00:00:00+00:00,2013-02-04,windermere,south,water_temperature,2.0,degC,month_2,2013-03-07,2013-04-05,,5.805656766666667,0.537562163055556,lead_dependent_anomaly_relaxation,1.0,False,0.22947895422245107,0.22947895422245107,80,2,2011|2012,77998833cc22e2f1b9e85dc4b0be0f88b5a5776f338448a3bf6f74979d042240,observation_time_proxy,historical data_available_time is unknown; observation_time is a pseudo-operational proxy
2013-02-05T00:00:00+00:00,2013-02-04,windermere,south,water_temperature,2.0,degC,month_3,2013-04-06,2013-05-05,,8.968980769791667,0.537562163055556,lead_dependent_anomaly_relaxation,1.0,False,0.25206803809894845,0.25206803809894845,76,2,2011|2012,065ac915a7295a550c6786438fcb1b13a0fb753220402097fb94d24d4ad2b8f3,observation_time_proxy,historical data_available_time is unknown; observation_time is a pseudo-operational proxy
2013-02-12T00:00:00+00:00,2013-02-11,windermere,south,water_temperature,2.0,degC,month_1,2013-02-12,2013-03-13,,4.574586915,0.2740496108531749,lead_dependent_anomaly_relaxation,1.0,False,0.3160093252764901,0.3160093252764901,84,2,2011|2012,ff59e83265cd72d2288694172f684265dd8dbf83d1f7686de63a43056eb6ac44,observation_time_proxy,historical data_available_time is unknown; observation_time is a pseudo-operational proxy
2013-02-12T00:00:00+00:00,2013-02-11,windermere,south,water_temperature,2.0,degC,month_2,2013-03-14,2013-04-12,,6.3763018647222225,0.2740496108531749,lead_dependent_anomaly_relaxation,1.0,False,0.22947895422245107,0.22947895422245107,80,2,2011|2012,77998833cc22e2f1b9e85dc4b0be0f88b5a5776f338448a3bf6f74979d042240,observation_time_proxy,historical data_available_time is unknown; observation_time is a pseudo-operational proxy
2013-02-12T00:00:00+00:00,2013-02-11,windermere,south,water_temperature,2.0,degC,month_3,2013-04-13,2013-05-12,,9.8896457625,0.2740496108531749,lead_dependent_anomaly_relaxation,1.0,False,0.25206803809894845,0.25206803809894845,76,2,2011|2012,065ac915a7295a550c6786438fcb1b13a0fb753220402097fb94d24d4ad2b8f3,observation_time_proxy,historical data_available_time is unknown; observation_time is a pseudo-operational proxy
2013-02-19T00:00:00+00:00,2013-02-18,windermere,south,water_temperature,2.0,degC,month_1,2013-02-19,2013-03-20,,4.800874806388888,0.10637434805555568,lead_dependent_anomaly_relaxation,1.0,False,0.3160093252764901,0.3160093252764901,84,2,2011|2012,ff59e83265cd72d2288694172f684265dd8dbf83d1f7686de63a43056eb6ac44,observation_time_proxy,historical data_available_time is unknown; observation_time is a pseudo-operational proxy
2013-02-19T00:00:00+00:00,2013-02-18,windermere,south,water_temperature,2.0,degC,month_2,2013-03-21,2013-04-19,,7.077527910833333,0.10637434805555568,lead_dependent_anomaly_relaxation,1.0,False,0.22947895422245107,0.22947895422245107,80,2,2011|2012,77998833cc22e2f1b9e85dc4b0be0f88b5a5776f338448a3bf6f74979d042240,observation_time_proxy,historical data_available_time is unknown; observation_time is a pseudo-operational proxy
2013-02-19T00:00:00+00:00,2013-02-18,windermere,south,water_temperature,2.0,degC,month_3,2013-04-20,2013-05-19,,10.726537541666668,0.10637434805555568,lead_dependent_anomaly_relaxation,1.0,False,0.25206803809894845,0.25206803809894845,76,2,2011|2012,065ac915a7295a550c6786438fcb1b13a0fb753220402097fb94d24d4ad2b8f3,observation_time_proxy,historical data_available_time is unknown; observation_time is a pseudo-operational proxy
2013-02-26T00:00:00+00:00,2013-02-25,windermere,south,water_temperature,2.0,degC,month_1,2013-02-26,2013-03-27,,5.176591526666667,-0.025504544999999545,lead_dependent_anomaly_relaxation,1.0,False,0.3160093252764901,0.3160093252764901,84,2,2011|2012,ff59e83265cd72d2288694172f684265dd8dbf83d1f7686de63a43056eb6ac44,observation_time_proxy,historical data_available_time is unknown; observation_time is a pseudo-operational proxy
2013-02-26T00:00:00+00:00,2013-02-25,windermere,south,water_temperature,2.0,degC,month_2,2013-03-28,2013-04-26,,8.020309357638888,-0.025504544999999545,lead_dependent_anomaly_relaxation,1.0,False,0.22947895422245107,0.22947895422245107,80,2,2011|2012,77998833cc22e2f1b9e85dc4b0be0f88b5a5776f338448a3bf6f74979d042240,observation_time_proxy,historical data_available_time is unknown; observation_time is a pseudo-operational proxy
2013-02-26T00:00:00+00:00,2013-02-25,windermere,south,water_temperature,2.0,degC,month_3,2013-04-27,2013-05-26,,11.508321511805555,-0.025504544999999545,lead_dependent_anomaly_relaxation,1.0,False,0.25206803809894845,0.25206803809894845,76,2,2011|2012,065ac915a7295a550c6786438fcb1b13a0fb753220402097fb94d24d4ad2b8f3,observation_time_proxy,historical data_available_time is unknown; observation_time is a pseudo-operational proxy
2013-03-05T00:00:00+00:00,2013-03-04,windermere,south,water_temperature,2.0,degC,month_1,2013-03-05,2013-04-03,,5.683493514444445,-0.1352185819444438,lead_dependent_anomaly_relaxation,1.0,False,0.3160093252764901,0.3160093252764901,84,2,2011|2012,ff59e83265cd72d2288694172f684265dd8dbf83d1f7686de63a43056eb6ac44,observation_time_proxy,historical data_available_time is unknown; observation_time is a pseudo-operational proxy
2013-03-05T00:00:00+00:00,2013-03-04,windermere,south,water_temperature,2.0,degC,month_2,2013-04-04,2013-05-03,,8.717142196527778,-0.1352185819444438,lead_dependent_anomaly_relaxation,1.0,False,0.22947895422245107,0.22947895422245107,80,2,2011|2012,77998833cc22e2f1b9e85dc4b0be0f88b5a5776f338448a3bf6f74979d042240,observation_time_proxy,historical data_available_time is unknown; observation_time is a pseudo-operational proxy
2013-03-05T00:00:00+00:00,2013-03-04,windermere,south,water_temperature,2.0,degC,month_3,2013-05-04,2013-06-02,,12.503146507998084,-0.1352185819444438,lead_dependent_anomaly_relaxation,1.0,False,0.25206803809894845,0.25206803809894845,76,2,2011|2012,065ac915a7295a550c6786438fcb1b13a0fb753220402097fb94d24d4ad2b8f3,observation_time_proxy,historical data_available_time is unknown; observation_time is a pseudo-operational proxy
2013-03-12T00:00:00+00:00,2013-03-11,windermere,south,water_temperature,2.0,degC,month_1,2013-03-12,2013-04-10,,6.173223151666667,-0.2916065219444439,lead_dependent_anomaly_relaxation,1.0,False,0.3160093252764901,0.3160093252764901,84,2,2011|2012,ff59e83265cd72d2288694172f684265dd8dbf83d1f7686de63a43056eb6ac44,observation_time_proxy,historical data_available_time is unknown; observation_time is a pseudo-operational proxy
2013-03-12T00:00:00+00:00,2013-03-11,windermere,south,water_temperature,2.0,degC,month_2,2013-04-11,2013-05-10,,9.64126657361111,-0.2916065219444439,lead_dependent_anomaly_relaxation,1.0,False,0.22947895422245107,0.22947895422245107,80,2,2011|2012,77998833cc22e2f1b9e85dc4b0be0f88b5a5776f338448a3bf6f74979d042240,observation_time_proxy,historical data_available_time is unknown; observation_time is a pseudo-operational proxy
2013-03-12T00:00:00+00:00,2013-03-11,windermere,south,water_temperature,2.0,degC,month_3,2013-05-11,2013-06-09,,13.64054159032567,-0.2916065219444439,lead_dependent_anomaly_relaxation,1.0,False,0.25206803809894845,0.25206803809894845,76,2,2011|2012,065ac915a7295a550c6786438fcb1b13a0fb753220402097fb94d24d4ad2b8f3,observation_time_proxy,historical data_available_time is unknown; observation_time is a pseudo-operational proxy
2013-03-19T00:00:00+00:00,2013-03-18,windermere,south,water_temperature,2.0,degC,month_1,2013-03-19,2013-04-17,,6.871568820277778,-0.5410810527777778,lead_dependent_anomaly_relaxation,1.0,False,0.3160093252764901,0.3160093252764901,84,2,2011|2012,ff59e83265cd72d2288694172f684265dd8dbf83d1f7686de63a43056eb6ac44,observation_time_proxy,historical data_available_time is unknown; observation_time is a pseudo-operational proxy
2013-03-19T00:00:00+00:00,2013-03-18,windermere,south,water_temperature,2.0,degC,month_2,2013-04-18,2013-05-17,,10.505833969444444,-0.5410810527777778,lead_dependent_anomaly_relaxation,1.0,False,0.22947895422245107,0.22947895422245107,80,2,2011|2012,77998833cc22e2f1b9e85dc4b0be0f88b5a5776f338448a3bf6f74979d042240,observation_time_proxy,historical data_available_time is unknown; observation_time is a pseudo-operational proxy
2013-03-19T00:00:00+00:00,2013-03-18,windermere,south,water_temperature,2.0,degC,month_3,2013-05-18,2013-06-16,,14.633289897126437,-0.5410810527777778,lead_dependent_anomaly_relaxation,1.0,False,0.25206803809894845,0.25206803809894845,76,2,2011|2012,065ac915a7295a550c6786438fcb1b13a0fb753220402097fb94d24d4ad2b8f3,observation_time_proxy,historical data_available_time is unknown; observation_time is a pseudo-operational proxy
2013-03-26T00:00:00+00:00,2013-03-25,windermere,south,water_temperature,2.0,degC,month_1,2013-03-26,2013-04-24,,7.8241747975694445,-0.9361197969444444,lead_dependent_anomaly_relaxation,1.0,False,0.3160093252764901,0.3160093252764901,84,2,2011|2012,ff59e83265cd72d2288694172f684265dd8dbf83d1f7686de63a43056eb6ac44,observation_time_proxy,historical data_available_time is unknown; observation_time is a pseudo-operational proxy
2013-03-26T00:00:00+00:00,2013-03-25,windermere,south,water_temperature,2.0,degC,month_2,2013-04-25,2013-05-24,,11.252018631597222,-0.9361197969444444,lead_dependent_anomaly_relaxation,1.0,False,0.22947895422245107,0.22947895422245107,80,2,2011|2012,77998833cc22e2f1b9e85dc4b0be0f88b5a5776f338448a3bf6f74979d042240,observation_time_proxy,historical data_available_time is unknown; observation_time is a pseudo-operational proxy
2013-03-26T00:00:00+00:00,2013-03-25,windermere,south,water_temperature,2.0,degC,month_3,2013-05-25,2013-06-23,,15.385153496264369,-0.9361197969444444,lead_dependent_anomaly_relaxation,1.0,False,0.25206803809894845,0.25206803809894845,76,2,2011|2012,065ac915a7295a550c6786438fcb1b13a0fb753220402097fb94d24d4ad2b8f3,observation_time_proxy,historical data_available_time is unknown; observation_time is a pseudo-operational proxy
2013-04-02T00:00:00+00:00,2013-04-01,windermere,south,water_temperature,2.0,degC,month_1,2013-04-02,2013-05-01,,8.511728094097222,-1.5031109438888892,lead_dependent_anomaly_relaxation,1.0,False,0.3160093252764901,0.3160093252764901,84,2,2011|2012,ff59e83265cd72d2288694172f684265dd8dbf83d1f7686de63a43056eb6ac44,observation_time_proxy,historical data_available_time is unknown; observation_time is a pseudo-operational proxy
2013-04-02T00:00:00+00:00,2013-04-01,windermere,south,water_temperature,2.0,degC,month_2,2013-05-02,2013-05-31,,12.210491758055555,-1.5031109438888892,lead_dependent_anomaly_relaxation,1.0,False,0.22947895422245107,0.22947895422245107,80,2,2011|2012,77998833cc22e2f1b9e85dc4b0be0f88b5a5776f338448a3bf6f74979d042240,observation_time_proxy,historical data_available_time is unknown; observation_time is a pseudo-operational proxy
2013-04-02T00:00:00+00:00,2013-04-01,windermere,south,water_temperature,2.0,degC,month_3,2013-06-01,2013-06-30,,15.919232653639847,-1.5031109438888892,lead_dependent_anomaly_relaxation,1.0,False,0.25206803809894845,0.25206803809894845,76,2,2011|2012,065ac915a7295a550c6786438fcb1b13a0fb753220402097fb94d24d4ad2b8f3,observation_time_proxy,historical data_available_time is unknown; observation_time is a pseudo-operational proxy
2013-04-09T00:00:00+00:00,2013-04-08,windermere,south,water_temperature,2.0,degC,month_1,2013-04-09,2013-05-08,,9.3780105125,-2.0290290841666665,lead_dependent_anomaly_relaxation,1.0,False,0.3160093252764901,0.3160093252764901,84,2,2011|2012,ff59e83265cd72d2288694172f684265dd8dbf83d1f7686de63a43056eb6ac44,observation_time_proxy,historical data_available_time is unknown; observation_time is a pseudo-operational proxy
2013-04-09T00:00:00+00:00,2013-04-08,windermere,south,water_temperature,2.0,degC,month_2,2013-05-09,2013-06-07,,13.33826603065134,-2.0290290841666665,lead_dependent_anomaly_relaxation,1.0,False,0.22947895422245107,0.22947895422245107,80,2,2011|2012,77998833cc22e2f1b9e85dc4b0be0f88b5a5776f338448a3bf6f74979d042240,observation_time_proxy,historical data_available_time is unknown; observation_time is a pseudo-operational proxy
2013-04-09T00:00:00+00:00,2013-04-08,windermere,south,water_temperature,2.0,degC,month_3,2013-06-08,2013-07-07,,16.397234783091786,-2.0290290841666665,lead_dependent_anomaly_relaxation,1.0,False,0.25206803809894845,0.25206803809894845,76,2,2011|2012,065ac915a7295a550c6786438fcb1b13a0fb753220402097fb94d24d4ad2b8f3,observation_time_proxy,historical data_available_time is unknown; observation_time is a pseudo-operational proxy
2013-04-16T00:00:00+00:00,2013-04-15,windermere,south,water_temperature,2.0,degC,month_1,2013-04-16,2013-05-15,,10.263160491666667,-2.5860796413888885,lead_dependent_anomaly_relaxation,1.0,False,0.3160093252764901,0.3160093252764901,84,2,2011|2012,ff59e83265cd72d2288694172f684265dd8dbf83d1f7686de63a43056eb6ac44,observation_time_proxy,historical data_available_time is unknown; observation_time is a pseudo-operational proxy
2013-04-16T00:00:00+00:00,2013-04-15,windermere,south,water_temperature,2.0,degC,month_2,2013-05-16,2013-06-14,,14.34951263151341,-2.5860796413888885,lead_dependent_anomaly_relaxation,1.0,False,0.22947895422245107,0.22947895422245107,80,2,2011|2012,77998833cc22e2f1b9e85dc4b0be0f88b5a5776f338448a3bf6f74979d042240,observation_time_proxy,historical data_available_time is unknown; observation_time is a pseudo-operational proxy
2013-04-16T00:00:00+00:00,2013-04-15,windermere,south,water_temperature,2.0,degC,month_3,2013-06-15,2013-07-14,,16.851251342940273,-2.5860796413888885,lead_dependent_anomaly_relaxation,1.0,False,0.25206803809894845,0.25206803809894845,76,2,2011|2012,065ac915a7295a550c6786438fcb1b13a0fb753220402097fb94d24d4ad2b8f3,observation_time_proxy,historical data_available_time is unknown; observation_time is a pseudo-operational proxy
2013-04-23T00:00:00+00:00,2013-04-22,windermere,south,water_temperature,2.0,degC,month_1,2013-04-23,2013-05-22,,11.026892802083333,-2.950655967175325,lead_dependent_anomaly_relaxation,1.0,False,0.3160093252764901,0.3160093252764901,84,2,2011|2012,ff59e83265cd72d2288694172f684265dd8dbf83d1f7686de63a43056eb6ac44,observation_time_proxy,historical data_available_time is unknown; observation_time is a pseudo-operational proxy
2013-04-23T00:00:00+00:00,2013-04-22,windermere,south,water_temperature,2.0,degC,month_2,2013-05-23,2013-06-21,,15.237244574521073,-2.950655967175325,lead_dependent_anomaly_relaxation,1.0,False,0.22947895422245107,0.22947895422245107,80,2,2011|2012,77998833cc22e2f1b9e85dc4b0be0f88b5a5776f338448a3bf6f74979d042240,observation_time_proxy,historical data_available_time is unknown; observation_time is a pseudo-operational proxy
2013-04-23T00:00:00+00:00,2013-04-22,windermere,south,water_temperature,2.0,degC,month_3,2013-06-22,2013-07-21,,17.152620279051384,-2.950655967175325,lead_dependent_anomaly_relaxation,1.0,False,0.25206803809894845,0.25206803809894845,76,2,2011|2012,065ac915a7295a550c6786438fcb1b13a0fb753220402097fb94d24d4ad2b8f3,observation_time_proxy,historical data_available_time is unknown; observation_time is a pseudo-operational proxy
2013-04-30T00:00:00+00:00,2013-04-29,windermere,south,water_temperature,2.0,degC,month_1,2013-04-30,2013-05-29,,11.918407915852491,-3.187965594097223,lead_dependent_anomaly_relaxation,1.0,False,0.3160093252764901,0.3160093252764901,84,2,2011|2012,ff59e83265cd72d2288694172f684265dd8dbf83d1f7686de63a43056eb6ac44,observation_time_proxy,historical data_available_time is unknown; observation_time is a pseudo-operational proxy
2013-04-30T00:00:00+00:00,2013-04-29,windermere,south,water_temperature,2.0,degC,month_2,2013-05-30,2013-06-28,,15.755617001532567,-3.187965594097223,lead_dependent_anomaly_relaxation,1.0,False,0.22947895422245107,0.22947895422245107,80,2,2011|2012,77998833cc22e2f1b9e85dc4b0be0f88b5a5776f338448a3bf6f74979d042240,observation_time_proxy,historical data_available_time is unknown; observation_time is a pseudo-operational proxy
2013-04-30T00:00:00+00:00,2013-04-29,windermere,south,water_temperature,2.0,degC,month_3,2013-06-29,2013-07-28,,17.45394140960694,-3.187965594097223,lead_dependent_anomaly_relaxation,1.0,False,0.25206803809894845,0.25206803809894845,76,2,2011|2012,065ac915a7295a550c6786438fcb1b13a0fb753220402097fb94d24d4ad2b8f3,observation_time_proxy,historical data_available_time is unknown; observation_time is a pseudo-operational proxy
2013-05-07T00:00:00+00:00,2013-05-06,windermere,south,water_temperature,2.0,degC,month_1,2013-05-07,2013-06-05,,13.019931378065134,-3.094034079166666,lead_dependent_anomaly_relaxation,1.0,False,0.3160093252764901,0.3160093252764901,84,2,2011|2012,ff59e83265cd72d2288694172f684265dd8dbf83d1f7686de63a43056eb6ac44,observation_time_proxy,historical data_available_time is unknown; observation_time is a pseudo-operational proxy
2013-05-07T00:00:00+00:00,2013-05-06,windermere,south,water_temperature,2.0,degC,month_2,2013-06-06,2013-07-05,,16.267407622222223,-3.094034079166666,lead_dependent_anomaly_relaxation,1.0,False,0.22947895422245107,0.22947895422245107,80,2,2011|2012,77998833cc22e2f1b9e85dc4b0be0f88b5a5776f338448a3bf6f74979d042240,observation_time_proxy,historical data_available_time is unknown; observation_time is a pseudo-operational proxy
2013-05-07T00:00:00+00:00,2013-05-06,windermere,south,water_temperature,2.0,degC,month_3,2013-07-06,2013-08-04,,17.548137326273604,-3.094034079166666,lead_dependent_anomaly_relaxation,1.0,False,0.25206803809894845,0.25206803809894845,76,2,2011|2012,065ac915a7295a550c6786438fcb1b13a0fb753220402097fb94d24d4ad2b8f3,observation_time_proxy,historical data_available_time is unknown; observation_time is a pseudo-operational proxy
2013-05-14T00:00:00+00:00,2013-05-13,windermere,south,water_temperature,2.0,degC,month_1,2013-05-14,2013-06-12,,14.068414672222222,-3.0197582871527793,lead_dependent_anomaly_relaxation,1.0,False,0.3160093252764901,0.3160093252764901,84,2,2011|2012,ff59e83265cd72d2288694172f684265dd8dbf83d1f7686de63a43056eb6ac44,observation_time_proxy,historical data_available_time is unknown; observation_time is a pseudo-operational proxy
2013-05-14T00:00:00+00:00,2013-05-13,windermere,south,water_temperature,2.0,degC,month_2,2013-06-13,2013-07-12,,16.72716464849583,-3.0197582871527793,lead_dependent_anomaly_relaxation,1.0,False,0.22947895422245107,0.22947895422245107,80,2,2011|2012,77998833cc22e2f1b9e85dc4b0be0f88b5a5776f338448a3bf6f74979d042240,observation_time_proxy,historical data_available_time is unknown; observation_time is a pseudo-operational proxy
2013-05-14T00:00:00+00:00,2013-05-13,windermere,south,water_temperature,2.0,degC,month_3,2013-07-13,2013-08-11,,17.623413596428573,-3.0197582871527793,lead_dependent_anomaly_relaxation,1.0,False,0.25206803809894845,0.25206803809894845,76,2,2011|2012,065ac915a7295a550c6786438fcb1b13a0fb753220402097fb94d24d4ad2b8f3,observation_time_proxy,historical data_available_time is unknown; observation_time is a pseudo-operational proxy
2013-05-21T00:00:00+00:00,2013-05-20,windermere,south,water_temperature,2.0,degC,month_1,2013-05-21,2013-06-19,,15.013713834674329,-2.872816086805556,lead_dependent_anomaly_relaxation,1.0,False,0.3160093252764901,0.3160093252764901,84,2,2011|2012,ff59e83265cd72d2288694172f684265dd8dbf83d1f7686de63a43056eb6ac44,observation_time_proxy,historical data_available_time is unknown; observation_time is a pseudo-operational proxy
2013-05-21T00:00:00+00:00,2013-05-20,windermere,south,water_temperature,2.0,degC,month_2,2013-06-20,2013-07-19,,17.075157326273604,-2.872816086805556,lead_dependent_anomaly_relaxation,1.0,False,0.22947895422245107,0.22947895422245107,80,2,2011|2012,77998833cc22e2f1b9e85dc4b0be0f88b5a5776f338448a3bf6f74979d042240,observation_time_proxy,historical data_available_time is unknown; observation_time is a pseudo-operational proxy
2013-05-21T00:00:00+00:00,2013-05-20,windermere,south,water_temperature,2.0,degC,month_3,2013-07-20,2013-08-18,,17.69975509920635,-2.872816086805556,lead_dependent_anomaly_relaxation,1.0,False,0.25206803809894845,0.25206803809894845,76,2,2011|2012,065ac915a7295a550c6786438fcb1b13a0fb753220402097fb94d24d4ad2b8f3,observation_time_proxy,historical data_available_time is unknown; observation_time is a pseudo-operational proxy
2013-05-28T00:00:00+00:00,2013-05-27,windermere,south,water_temperature,2.0,degC,month_1,2013-05-28,2013-06-26,,15.58293377729885,-2.6770161012037033,lead_dependent_anomaly_relaxation,1.0,False,0.3160093252764901,0.3160093252764901,84,2,2011|2012,ff59e83265cd72d2288694172f684265dd8dbf83d1f7686de63a43056eb6ac44,observation_time_proxy,historical data_available_time is unknown; observation_time is a pseudo-operational proxy
2013-05-28T00:00:00+00:00,2013-05-27,windermere,south,water_temperature,2.0,degC,month_2,2013-06-27,2013-07-26,,17.369701348495827,-2.6770161012037033,lead_dependent_anomaly_relaxation,1.0,False,0.22947895422245107,0.22947895422245107,80,2,2011|2012,77998833cc22e2f1b9e85dc4b0be0f88b5a5776f338448a3bf6f74979d042240,observation_time_proxy,historical data_available_time is unknown; observation_time is a pseudo-operational proxy
2013-05-28T00:00:00+00:00,2013-05-27,windermere,south,water_temperature,2.0,degC,month_3,2013-07-27,2013-08-25,,17.71349923809524,-2.6770161012037033,lead_dependent_anomaly_relaxation,1.0,False,0.25206803809894845,0.25206803809894845,76,2,2011|2012,065ac915a7295a550c6786438fcb1b13a0fb753220402097fb94d24d4ad2b8f3,observation_time_proxy,historical data_available_time is unknown; observation_time is a pseudo-operational proxy
2013-06-04T00:00:00+00:00,2013-06-03,windermere,south,water_temperature,2.0,degC,month_1,2013-06-04,2013-07-03,,16.15383811111111,-2.7154148431034493,lead_dependent_anomaly_relaxation,1.0,False,0.3160093252764901,0.3160093252764901,84,2,2011|2012,ff59e83265cd72d2288694172f684265dd8dbf83d1f7686de63a43056eb6ac44,observation_time_proxy,historical data_available_time is unknown; observation_time is a pseudo-operational proxy
2013-06-04T00:00:00+00:00,2013-06-03,windermere,south,water_temperature,2.0,degC,month_2,2013-07-04,2013-08-02,,17.531071754051382,-2.7154148431034493,lead_dependent_anomaly_relaxation,1.0,False,0.22947895422245107,0.22947895422245107,80,2,2011|2012,77998833cc22e2f1b9e85dc4b0be0f88b5a5776f338448a3bf6f74979d042240,observation_time_proxy,historical data_available_time is unknown; observation_time is a pseudo-operational proxy
2013-06-04T00:00:00+00:00,2013-06-03,windermere,south,water_temperature,2.0,degC,month_3,2013-08-03,2013-09-01,,17.46967384642857,-2.7154148431034493,lead_dependent_anomaly_relaxation,1.0,False,0.25206803809894845,0.25206803809894845,76,2,2011|2012,065ac915a7295a550c6786438fcb1b13a0fb753220402097fb94d24d4ad2b8f3,observation_time_proxy,historical data_available_time is unknown; observation_time is a pseudo-operational proxy
2013-06-11T00:00:00+00:00,2013-06-10,windermere,south,water_temperature,2.0,degC,month_1,2013-06-11,2013-07-10,,16.59873903309179,-2.1581301311781598,lead_dependent_anomaly_relaxation,1.0,False,0.3160093252764901,0.3160093252764901,84,2,2011|2012,ff59e83265cd72d2288694172f684265dd8dbf83d1f7686de63a43056eb6ac44,observation_time_proxy,historical data_available_time is unknown; observation_time is a pseudo-operational proxy
2013-06-11T00:00:00+00:00,2013-06-10,windermere,south,water_temperature,2.0,degC,month_2,2013-07-11,2013-08-09,,17.60898008961039,-2.1581301311781598,lead_dependent_anomaly_relaxation,1.0,False,0.22947895422245107,0.22947895422245107,80,2,2011|2012,77998833cc22e2f1b9e85dc4b0be0f88b5a5776f338448a3bf6f74979d042240,observation_time_proxy,historical data_available_time is unknown; observation_time is a pseudo-operational proxy
2013-06-11T00:00:00+00:00,2013-06-10,windermere,south,water_temperature,2.0,degC,month_3,2013-08-10,2013-09-08,,17.089640252777777,-2.1581301311781598,lead_dependent_anomaly_relaxation,1.0,False,0.25206803809894845,0.25206803809894845,76,2,2011|2012,065ac915a7295a550c6786438fcb1b13a0fb753220402097fb94d24d4ad2b8f3,observation_time_proxy,historical data_available_time is unknown; observation_time is a pseudo-operational proxy
2013-06-18T00:00:00+00:00,2013-06-17,windermere,south,water_temperature,2.0,degC,month_1,2013-06-18,2013-07-17,,16.992078565162494,-1.7262960730363979,lead_dependent_anomaly_relaxation,1.0,False,0.3160093252764901,0.3160093252764901,84,2,2011|2012,ff59e83265cd72d2288694172f684265dd8dbf83d1f7686de63a43056eb6ac44,observation_time_proxy,historical data_available_time is unknown; observation_time is a pseudo-operational proxy
2013-06-18T00:00:00+00:00,2013-06-17,windermere,south,water_temperature,2.0,degC,month_2,2013-07-18,2013-08-16,,17.666322696428573,-1.7262960730363979,lead_dependent_anomaly_relaxation,1.0,False,0.22947895422245107,0.22947895422245107,80,2,2011|2012,77998833cc22e2f1b9e85dc4b0be0f88b5a5776f338448a3bf6f74979d042240,observation_time_proxy,historical data_available_time is unknown; observation_time is a pseudo-operational proxy
2013-06-18T00:00:00+00:00,2013-06-17,windermere,south,water_temperature,2.0,degC,month_3,2013-08-17,2013-09-15,,16.63881058333333,-1.7262960730363979,lead_dependent_anomaly_relaxation,1.0,False,0.25206803809894845,0.25206803809894845,76,2,2011|2012,065ac915a7295a550c6786438fcb1b13a0fb753220402097fb94d24d4ad2b8f3,observation_time_proxy,historical data_available_time is unknown; observation_time is a pseudo-operational proxy
2013-06-25T00:00:00+00:00,2013-06-24,windermere,south,water_temperature,2.0,degC,month_1,2013-06-25,2013-07-24,,17.274113676273608,-1.1059162334291184,lead_dependent_anomaly_relaxation,1.0,False,0.3160093252764901,0.3160093252764901,84,2,2011|2012,ff59e83265cd72d2288694172f684265dd8dbf83d1f7686de63a43056eb6ac44,observation_time_proxy,historical data_available_time is unknown; observation_time is a pseudo-operational proxy
2013-06-25T00:00:00+00:00,2013-06-24,windermere,south,water_temperature,2.0,degC,month_2,2013-07-25,2013-08-23,,17.741682368650793,-1.1059162334291184,lead_dependent_anomaly_relaxation,1.0,False,0.22947895422245107,0.22947895422245107,80,2,2011|2012,77998833cc22e2f1b9e85dc4b0be0f88b5a5776f338448a3bf6f74979d042240,observation_time_proxy,historical data_available_time is unknown; observation_time is a pseudo-operational proxy
2013-06-25T00:00:00+00:00,2013-06-24,windermere,south,water_temperature,2.0,degC,month_3,2013-08-24,2013-09-22,,16.109141019444444,-1.1059162334291184,lead_dependent_anomaly_relaxation,1.0,False,0.25206803809894845,0.25206803809894845,76,2,2011|2012,065ac915a7295a550c6786438fcb1b13a0fb753220402097fb94d24d4ad2b8f3,observation_time_proxy,historical data_available_time is unknown; observation_time is a pseudo-operational proxy
2013-07-02T00:00:00+00:00,2013-07-01,windermere,south,water_temperature,2.0,degC,month_1,2013-07-02,2013-07-31,,17.52549657349583,-0.49514362777777876,lead_dependent_anomaly_relaxation,1.0,False,0.3160093252764901,0.3160093252764901,84,2,2011|2012,ff59e83265cd72d2288694172f684265dd8dbf83d1f7686de63a43056eb6ac44,observation_time_proxy,historical data_available_time is unknown; observation_time is a pseudo-operational proxy
2013-07-02T00:00:00+00:00,2013-07-01,windermere,south,water_temperature,2.0,degC,month_2,2013-08-01,2013-08-30,,17.539287243650794,-0.49514362777777876,lead_dependent_anomaly_relaxation,1.0,False,0.22947895422245107,0.22947895422245107,80,2,2011|2012,77998833cc22e2f1b9e85dc4b0be0f88b5a5776f338448a3bf6f74979d042240,observation_time_proxy,historical data_available_time is unknown; observation_time is a pseudo-operational proxy
2013-07-02T00:00:00+00:00,2013-07-01,windermere,south,water_temperature,2.0,degC,month_3,2013-08-31,2013-09-29,,15.530631922222222,-0.49514362777777876,lead_dependent_anomaly_relaxation,1.0,False,0.25206803809894845,0.25206803809894845,76,2,2011|2012,065ac915a7295a550c6786438fcb1b13a0fb753220402097fb94d24d4ad2b8f3,observation_time_proxy,historical data_available_time is unknown; observation_time is a pseudo-operational proxy
2013-07-09T00:00:00+00:00,2013-07-08,windermere,south,water_temperature,2.0,degC,month_1,2013-07-09,2013-08-07,,17.589692472943725,-0.46479724142512246,lead_dependent_anomaly_relaxation,1.0,False,0.3160093252764901,0.3160093252764901,84,2,2011|2012,ff59e83265cd72d2288694172f684265dd8dbf83d1f7686de63a43056eb6ac44,observation_time_proxy,historical data_available_time is unknown; observation_time is a pseudo-operational proxy
2013-07-09T00:00:00+00:00,2013-07-08,windermere,south,water_temperature,2.0,degC,month_2,2013-08-08,2013-09-06,,17.221225769444445,-0.46479724142512246,lead_dependent_anomaly_relaxation,1.0,False,0.22947895422245107,0.22947895422245107,80,2,2011|2012,77998833cc22e2f1b9e85dc4b0be0f88b5a5776f338448a3bf6f74979d042240,observation_time_proxy,historical data_available_time is unknown; observation_time is a pseudo-operational proxy
2013-07-09T00:00:00+00:00,2013-07-08,windermere,south,water_temperature,2.0,degC,month_3,2013-09-07,2013-10-06,,14.938764716666666,-0.46479724142512246,lead_dependent_anomaly_relaxation,1.0,False,0.25206803809894845,0.25206803809894845,76,2,2011|2012,065ac915a7295a550c6786438fcb1b13a0fb753220402097fb94d24d4ad2b8f3,observation_time_proxy,historical data_available_time is unknown; observation_time is a pseudo-operational proxy
2013-07-16T00:00:00+00:00,2013-07-15,windermere,south,water_temperature,2.0,degC,month_1,2013-07-16,2013-08-14,,17.63892603531746,0.25161273483750435,lead_dependent_anomaly_relaxation,1.0,False,0.3160093252764901,0.3160093252764901,84,2,2011|2012,ff59e83265cd72d2288694172f684265dd8dbf83d1f7686de63a43056eb6ac44,observation_time_proxy,historical data_available_time is unknown; observation_time is a pseudo-operational proxy
2013-07-16T00:00:00+00:00,2013-07-15,windermere,south,water_temperature,2.0,degC,month_2,2013-08-15,2013-09-13,,16.774960147222224,0.25161273483750435,lead_dependent_anomaly_relaxation,1.0,False,0.22947895422245107,0.22947895422245107,80,2,2011|2012,77998833cc22e2f1b9e85dc4b0be0f88b5a5776f338448a3bf6f74979d042240,observation_time_proxy,historical data_available_time is unknown; observation_time is a pseudo-operational proxy
2013-07-16T00:00:00+00:00,2013-07-15,windermere,south,water_temperature,2.0,degC,month_3,2013-09-14,2013-10-13,,14.320588158333333,0.25161273483750435,lead_dependent_anomaly_relaxation,1.0,False,0.25206803809894845,0.25206803809894845,76,2,2011|2012,065ac915a7295a550c6786438fcb1b13a0fb753220402097fb94d24d4ad2b8f3,observation_time_proxy,historical data_available_time is unknown; observation_time is a pseudo-operational proxy
2013-07-23T00:00:00+00:00,2013-07-22,windermere,south,water_temperature,2.0,degC,month_1,2013-07-23,2013-08-21,,17.727393932539684,1.459329309837507,lead_dependent_anomaly_relaxation,1.0,False,0.3160093252764901,0.3160093252764901,84,2,2011|2012,ff59e83265cd72d2288694172f684265dd8dbf83d1f7686de63a43056eb6ac44,observation_time_proxy,historical data_available_time is unknown; observation_time is a pseudo-operational proxy
2013-07-23T00:00:00+00:00,2013-07-22,windermere,south,water_temperature,2.0,degC,month_2,2013-08-22,2013-09-20,,16.271562763888888,1.459329309837507,lead_dependent_anomaly_relaxation,1.0,False,0.22947895422245107,0.22947895422245107,80,2,2011|2012,77998833cc22e2f1b9e85dc4b0be0f88b5a5776f338448a3bf6f74979d042240,observation_time_proxy,historical data_available_time is unknown; observation_time is a pseudo-operational proxy
2013-07-23T00:00:00+00:00,2013-07-22,windermere,south,water_temperature,2.0,degC,month_3,2013-09-21,2013-10-20,,13.720935197222222,1.459329309837507,lead_dependent_anomaly_relaxation,1.0,False,0.25206803809894845,0.25206803809894845,76,2,2011|2012,065ac915a7295a550c6786438fcb1b13a0fb753220402097fb94d24d4ad2b8f3,observation_time_proxy,historical data_available_time is unknown; observation_time is a pseudo-operational proxy
2013-07-30T00:00:00+00:00,2013-07-29,windermere,south,water_temperature,2.0,degC,month_1,2013-07-30,2013-08-28,,17.616551604761906,2.633418576504173,lead_dependent_anomaly_relaxation,1.0,False,0.3160093252764901,0.3160093252764901,84,2,2011|2012,ff59e83265cd72d2288694172f684265dd8dbf83d1f7686de63a43056eb6ac44,observation_time_proxy,historical data_available_time is unknown; observation_time is a pseudo-operational proxy
2013-07-30T00:00:00+00:00,2013-07-29,windermere,south,water_temperature,2.0,degC,month_2,2013-08-29,2013-09-27,,15.687635705555556,2.633418576504173,lead_dependent_anomaly_relaxation,1.0,False,0.22947895422245107,0.22947895422245107,80,2,2011|2012,77998833cc22e2f1b9e85dc4b0be0f88b5a5776f338448a3bf6f74979d042240,observation_time_proxy,historical data_available_time is unknown; observation_time is a pseudo-operational proxy
2013-07-30T00:00:00+00:00,2013-07-29,windermere,south,water_temperature,2.0,degC,month_3,2013-09-28,2013-10-27,,13.074418522222222,2.633418576504173,lead_dependent_anomaly_relaxation,1.0,False,0.25206803809894845,0.25206803809894845,76,2,2011|2012,065ac915a7295a550c6786438fcb1b13a0fb753220402097fb94d24d4ad2b8f3,observation_time_proxy,historical data_available_time is unknown; observation_time is a pseudo-operational proxy
2013-08-06T00:00:00+00:00,2013-08-05,windermere,south,water_temperature,2.0,degC,month_1,2013-08-06,2013-09-04,,17.336774090873014,3.6583746012626257,lead_dependent_anomaly_relaxation,1.0,False,0.3160093252764901,0.3160093252764901,84,2,2011|2012,ff59e83265cd72d2288694172f684265dd8dbf83d1f7686de63a43056eb6ac44,observation_time_proxy,historical data_available_time is unknown; observation_time is a pseudo-operational proxy
2013-08-06T00:00:00+00:00,2013-08-05,windermere,south,water_temperature,2.0,degC,month_2,2013-09-05,2013-10-04,,15.114501594444445,3.6583746012626257,lead_dependent_anomaly_relaxation,1.0,False,0.22947895422245107,0.22947895422245107,80,2,2011|2012,77998833cc22e2f1b9e85dc4b0be0f88b5a5776f338448a3bf6f74979d042240,observation_time_proxy,historical data_available_time is unknown; observation_time is a pseudo-operational proxy
2013-08-06T00:00:00+00:00,2013-08-05,windermere,south,water_temperature,2.0,degC,month_3,2013-10-05,2013-11-03,,12.36066715120773,3.6583746012626257,lead_dependent_anomaly_relaxation,1.0,False,0.25206803809894845,0.25206803809894845,76,2,2011|2012,065ac915a7295a550c6786438fcb1b13a0fb753220402097fb94d24d4ad2b8f3,observation_time_proxy,historical data_available_time is unknown; observation_time is a pseudo-operational proxy
2013-08-13T00:00:00+00:00,2013-08-12,windermere,south,water_temperature,2.0,degC,month_1,2013-08-13,2013-09-11,,16.900861213888888,3.510028734126987,lead_dependent_anomaly_relaxation,1.0,False,0.3160093252764901,0.3160093252764901,84,2,2011|2012,ff59e83265cd72d2288694172f684265dd8dbf83d1f7686de63a43056eb6ac44,observation_time_proxy,historical data_available_time is unknown; observation_time is a pseudo-operational proxy
2013-08-13T00:00:00+00:00,2013-08-12,windermere,south,water_temperature,2.0,degC,month_2,2013-09-12,2013-10-11,,14.499357166666666,3.510028734126987,lead_dependent_anomaly_relaxation,1.0,False,0.22947895422245107,0.22947895422245107,80,2,2011|2012,77998833cc22e2f1b9e85dc4b0be0f88b5a5776f338448a3bf6f74979d042240,observation_time_proxy,historical data_available_time is unknown; observation_time is a pseudo-operational proxy
2013-08-13T00:00:00+00:00,2013-08-12,windermere,south,water_temperature,2.0,degC,month_3,2013-10-12,2013-11-10,,11.660733185652173,3.510028734126987,lead_dependent_anomaly_relaxation,1.0,False,0.25206803809894845,0.25206803809894845,76,2,2011|2012,065ac915a7295a550c6786438fcb1b13a0fb753220402097fb94d24d4ad2b8f3,observation_time_proxy,historical data_available_time is unknown; observation_time is a pseudo-operational proxy
2013-08-20T00:00:00+00:00,2013-08-19,windermere,south,water_temperature,2.0,degC,month_1,2013-08-20,2013-09-18,,16.421140758333333,2.6111317341269853,lead_dependent_anomaly_relaxation,1.0,False,0.3160093252764901,0.3160093252764901,84,2,2011|2012,ff59e83265cd72d2288694172f684265dd8dbf83d1f7686de63a43056eb6ac44,observation_time_proxy,historical data_available_time is unknown; observation_time is a pseudo-operational proxy
2013-08-20T00:00:00+00:00,2013-08-19,windermere,south,water_temperature,2.0,degC,month_2,2013-09-19,2013-10-18,,13.897939011111111,2.6111317341269853,lead_dependent_anomaly_relaxation,1.0,False,0.22947895422245107,0.22947895422245107,80,2,2011|2012,77998833cc22e2f1b9e85dc4b0be0f88b5a5776f338448a3bf6f74979d042240,observation_time_proxy,historical data_available_time is unknown; observation_time is a pseudo-operational proxy
2013-08-20T00:00:00+00:00,2013-08-19,windermere,south,water_temperature,2.0,degC,month_3,2013-10-19,2013-11-17,,10.922950067041063,2.6111317341269853,lead_dependent_anomaly_relaxation,1.0,False,0.25206803809894845,0.25206803809894845,76,2,2011|2012,065ac915a7295a550c6786438fcb1b13a0fb753220402097fb94d24d4ad2b8f3,observation_time_proxy,historical data_available_time is unknown; observation_time is a pseudo-operational proxy
2013-08-27T00:00:00+00:00,2013-08-26,windermere,south,water_temperature,2.0,degC,month_1,2013-08-27,2013-09-25,,15.856400877777778,1.546664817460318,lead_dependent_anomaly_relaxation,1.0,False,0.3160093252764901,0.3160093252764901,84,2,2011|2012,ff59e83265cd72d2288694172f684265dd8dbf83d1f7686de63a43056eb6ac44,observation_time_proxy,historical data_available_time is unknown; observation_time is a pseudo-operational proxy
2013-08-27T00:00:00+00:00,2013-08-26,windermere,south,water_temperature,2.0,degC,month_2,2013-09-26,2013-10-25,,13.262380411111112,1.546664817460318,lead_dependent_anomaly_relaxation,1.0,False,0.22947895422245107,0.22947895422245107,80,2,2011|2012,77998833cc22e2f1b9e85dc4b0be0f88b5a5776f338448a3bf6f74979d042240,observation_time_proxy,historical data_available_time is unknown; observation_time is a pseudo-operational proxy
2013-08-27T00:00:00+00:00,2013-08-26,windermere,south,water_temperature,2.0,degC,month_3,2013-10-26,2013-11-24,,10.261617776763284,1.546664817460318,lead_dependent_anomaly_relaxation,1.0,False,0.25206803809894845,0.25206803809894845,76,2,2011|2012,065ac915a7295a550c6786438fcb1b13a0fb753220402097fb94d24d4ad2b8f3,observation_time_proxy,historical data_available_time is unknown; observation_time is a pseudo-operational proxy
2013-09-03T00:00:00+00:00,2013-09-02,windermere,south,water_temperature,2.0,degC,month_1,2013-09-03,2013-10-02,,15.297132858333333,1.1202904535714282,lead_dependent_anomaly_relaxation,1.0,False,0.3160093252764901,0.3160093252764901,84,2,2011|2012,ff59e83265cd72d2288694172f684265dd8dbf83d1f7686de63a43056eb6ac44,observation_time_proxy,historical data_available_time is unknown; observation_time is a pseudo-operational proxy
2013-09-03T00:00:00+00:00,2013-09-02,windermere,south,water_temperature,2.0,degC,month_2,2013-10-03,2013-11-01,,12.558812792874397,1.1202904535714282,lead_dependent_anomaly_relaxation,1.0,False,0.22947895422245107,0.22947895422245107,80,2,2011|2012,77998833cc22e2f1b9e85dc4b0be0f88b5a5776f338448a3bf6f74979d042240,observation_time_proxy,historical data_available_time is unknown; observation_time is a pseudo-operational proxy
2013-09-03T00:00:00+00:00,2013-09-02,windermere,south,water_temperature,2.0,degC,month_3,2013-11-02,2013-12-01,,9.621438695,1.1202904535714282,lead_dependent_anomaly_relaxation,1.0,False,0.25206803809894845,0.25206803809894845,76,2,2011|2012,065ac915a7295a550c6786438fcb1b13a0fb753220402097fb94d24d4ad2b8f3,observation_time_proxy,historical data_available_time is unknown; observation_time is a pseudo-operational proxy
2013-09-10T00:00:00+00:00,2013-09-09,windermere,south,water_temperature,2.0,degC,month_1,2013-09-10,2013-10-09,,14.679139822222222,0.9627737055555556,lead_dependent_anomaly_relaxation,1.0,False,0.3160093252764901,0.3160093252764901,84,2,2011|2012,ff59e83265cd72d2288694172f684265dd8dbf83d1f7686de63a43056eb6ac44,observation_time_proxy,historical data_available_time is unknown; observation_time is a pseudo-operational proxy
2013-09-10T00:00:00+00:00,2013-09-09,windermere,south,water_temperature,2.0,degC,month_2,2013-10-10,2013-11-08,,11.865076517596618,0.9627737055555556,lead_dependent_anomaly_relaxation,1.0,False,0.22947895422245107,0.22947895422245107,80,2,2011|2012,77998833cc22e2f1b9e85dc4b0be0f88b5a5776f338448a3bf6f74979d042240,observation_time_proxy,historical data_available_time is unknown; observation_time is a pseudo-operational proxy
2013-09-10T00:00:00+00:00,2013-09-09,windermere,south,water_temperature,2.0,degC,month_3,2013-11-09,2013-12-08,,8.913928588333334,0.9627737055555556,lead_dependent_anomaly_relaxation,1.0,False,0.25206803809894845,0.25206803809894845,76,2,2011|2012,065ac915a7295a550c6786438fcb1b13a0fb753220402097fb94d24d4ad2b8f3,observation_time_proxy,historical data_available_time is unknown; observation_time is a pseudo-operational proxy
2013-09-17T00:00:00+00:00,2013-09-16,windermere,south,water_temperature,2.0,degC,month_1,2013-09-17,2013-10-16,,14.06668475,0.8249258277777756,lead_dependent_anomaly_relaxation,1.0,False,0.3160093252764901,0.3160093252764901,84,2,2011|2012,ff59e83265cd72d2288694172f684265dd8dbf83d1f7686de63a43056eb6ac44,observation_time_proxy,historical data_available_time is unknown; observation_time is a pseudo-operational proxy
2013-09-17T00:00:00+00:00,2013-09-16,windermere,south,water_temperature,2.0,degC,month_2,2013-10-17,2013-11-15,,11.127106935652174,0.8249258277777756,lead_dependent_anomaly_relaxation,1.0,False,0.22947895422245107,0.22947895422245107,80,2,2011|2012,77998833cc22e2f1b9e85dc4b0be0f88b5a5776f338448a3bf6f74979d042240,observation_time_proxy,historical data_available_time is unknown; observation_time is a pseudo-operational proxy
2013-09-17T00:00:00+00:00,2013-09-16,windermere,south,water_temperature,2.0,degC,month_3,2013-11-16,2013-12-15,,8.19050921,0.8249258277777756,lead_dependent_anomaly_relaxation,1.0,False,0.25206803809894845,0.25206803809894845,76,2,2011|2012,065ac915a7295a550c6786438fcb1b13a0fb753220402097fb94d24d4ad2b8f3,observation_time_proxy,historical data_available_time is unknown; observation_time is a pseudo-operational proxy
2013-09-24T00:00:00+00:00,2013-09-23,windermere,south,water_temperature,2.0,degC,month_1,2013-09-24,2013-10-23,,13.443498430555556,0.6080900694444438,lead_dependent_anomaly_relaxation,1.0,False,0.3160093252764901,0.3160093252764901,84,2,2011|2012,ff59e83265cd72d2288694172f684265dd8dbf83d1f7686de63a43056eb6ac44,observation_time_proxy,historical data_available_time is unknown; observation_time is a pseudo-operational proxy
2013-09-24T00:00:00+00:00,2013-09-23,windermere,south,water_temperature,2.0,degC,month_2,2013-10-24,2013-11-22,,10.444547905374396,0.6080900694444438,lead_dependent_anomaly_relaxation,1.0,False,0.22947895422245107,0.22947895422245107,80,2,2011|2012,77998833cc22e2f1b9e85dc4b0be0f88b5a5776f338448a3bf6f74979d042240,observation_time_proxy,historical data_available_time is unknown; observation_time is a pseudo-operational proxy
2013-09-24T00:00:00+00:00,2013-09-23,windermere,south,water_temperature,2.0,degC,month_3,2013-11-23,2013-12-22,,7.453927649444444,0.6080900694444438,lead_dependent_anomaly_relaxation,1.0,False,0.25206803809894845,0.25206803809894845,76,2,2011|2012,065ac915a7295a550c6786438fcb1b13a0fb753220402097fb94d24d4ad2b8f3,observation_time_proxy,historical data_available_time is unknown; observation_time is a pseudo-operational proxy
2013-10-01T00:00:00+00:00,2013-09-30,windermere,south,water_temperature,2.0,degC,month_1,2013-10-01,2013-10-30,,12.773413319444444,0.30635213888888835,lead_dependent_anomaly_relaxation,1.0,False,0.3160093252764901,0.3160093252764901,84,2,2011|2012,ff59e83265cd72d2288694172f684265dd8dbf83d1f7686de63a43056eb6ac44,observation_time_proxy,historical data_available_time is unknown; observation_time is a pseudo-operational proxy
2013-10-01T00:00:00+00:00,2013-09-30,windermere,south,water_temperature,2.0,degC,month_2,2013-10-31,2013-11-29,,9.808581981763284,0.30635213888888835,lead_dependent_anomaly_relaxation,1.0,False,0.22947895422245107,0.22947895422245107,80,2,2011|2012,77998833cc22e2f1b9e85dc4b0be0f88b5a5776f338448a3bf6f74979d042240,observation_time_proxy,historical data_available_time is unknown; observation_time is a pseudo-operational proxy
2013-10-01T00:00:00+00:00,2013-09-30,windermere,south,water_temperature,2.0,degC,month_3,2013-11-30,2013-12-29,,6.760329479722222,0.30635213888888835,lead_dependent_anomaly_relaxation,1.0,False,0.25206803809894845,0.25206803809894845,76,2,2011|2012,065ac915a7295a550c6786438fcb1b13a0fb753220402097fb94d24d4ad2b8f3,observation_time_proxy,historical data_available_time is unknown; observation_time is a pseudo-operational proxy
2013-10-08T00:00:00+00:00,2013-10-07,windermere,south,water_temperature,2.0,degC,month_1,2013-10-08,2013-11-06,,12.06584661870773,0.19532094444444326,lead_dependent_anomaly_relaxation,1.0,False,0.3160093252764901,0.3160093252764901,84,2,2011|2012,ff59e83265cd72d2288694172f684265dd8dbf83d1f7686de63a43056eb6ac44,observation_time_proxy,historical data_available_time is unknown; observation_time is a pseudo-operational proxy
2013-10-08T00:00:00+00:00,2013-10-07,windermere,south,water_temperature,2.0,degC,month_2,2013-11-07,2013-12-06,,9.121211939722222,0.19532094444444326,lead_dependent_anomaly_relaxation,1.0,False,0.22947895422245107,0.22947895422245107,80,2,2011|2012,77998833cc22e2f1b9e85dc4b0be0f88b5a5776f338448a3bf6f74979d042240,observation_time_proxy,historical data_available_time is unknown; observation_time is a pseudo-operational proxy
2013-10-08T00:00:00+00:00,2013-10-07,windermere,south,water_temperature,2.0,degC,month_3,2013-12-07,2014-01-05,,6.210482289130435,0.19532094444444326,lead_dependent_anomaly_relaxation,1.0,False,0.25206803809894845,0.25206803809894845,76,2,2011|2012,065ac915a7295a550c6786438fcb1b13a0fb753220402097fb94d24d4ad2b8f3,observation_time_proxy,historical data_available_time is unknown; observation_time is a pseudo-operational proxy
2013-10-15T00:00:00+00:00,2013-10-14,windermere,south,water_temperature,2.0,degC,month_1,2013-10-15,2013-11-13,,11.341706010652175,0.15058769444444486,lead_dependent_anomaly_relaxation,1.0,False,0.3160093252764901,0.3160093252764901,84,2,2011|2012,ff59e83265cd72d2288694172f684265dd8dbf83d1f7686de63a43056eb6ac44,observation_time_proxy,historical data_available_time is unknown; observation_time is a pseudo-operational proxy
2013-10-15T00:00:00+00:00,2013-10-14,windermere,south,water_temperature,2.0,degC,month_2,2013-11-14,2013-12-13,,8.399765542777779,0.15058769444444486,lead_dependent_anomaly_relaxation,1.0,False,0.22947895422245107,0.22947895422245107,80,2,2011|2012,77998833cc22e2f1b9e85dc4b0be0f88b5a5776f338448a3bf6f74979d042240,observation_time_proxy,historical data_available_time is unknown; observation_time is a pseudo-operational proxy
2013-10-15T00:00:00+00:00,2013-10-14,windermere,south,water_temperature,2.0,degC,month_3,2013-12-14,2014-01-12,,5.679742534616546,0.15058769444444486,lead_dependent_anomaly_relaxation,1.0,False,0.25206803809894845,0.25206803809894845,76,2,2011|2012,065ac915a7295a550c6786438fcb1b13a0fb753220402097fb94d24d4ad2b8f3,observation_time_proxy,historical data_available_time is unknown; observation_time is a pseudo-operational proxy
2013-10-22T00:00:00+00:00,2013-10-21,windermere,south,water_temperature,2.0,degC,month_1,2013-10-22,2013-11-20,,10.629180637318841,0.1537526833333338,lead_dependent_anomaly_relaxation,1.0,False,0.3160093252764901,0.3160093252764901,84,2,2011|2012,ff59e83265cd72d2288694172f684265dd8dbf83d1f7686de63a43056eb6ac44,observation_time_proxy,historical data_available_time is unknown; observation_time is a pseudo-operational proxy
2013-10-22T00:00:00+00:00,2013-10-21,windermere,south,water_temperature,2.0,degC,month_2,2013-11-21,2013-12-20,,7.666376284722222,0.1537526833333338,lead_dependent_anomaly_relaxation,1.0,False,0.22947895422245107,0.22947895422245107,80,2,2011|2012,77998833cc22e2f1b9e85dc4b0be0f88b5a5776f338448a3bf6f74979d042240,observation_time_proxy,historical data_available_time is unknown; observation_time is a pseudo-operational proxy
2013-10-22T00:00:00+00:00,2013-10-21,windermere,south,water_temperature,2.0,degC,month_3,2013-12-21,2014-01-19,,5.269446437741546,0.1537526833333338,lead_dependent_anomaly_relaxation,1.0,False,0.25206803809894845,0.25206803809894845,76,2,2011|2012,065ac915a7295a550c6786438fcb1b13a0fb753220402097fb94d24d4ad2b8f3,observation_time_proxy,historical data_available_time is unknown; observation_time is a pseudo-operational proxy
2013-10-29T00:00:00+00:00,2013-10-28,windermere,south,water_temperature,2.0,degC,month_1,2013-10-29,2013-11-27,,9.992878974541062,0.19894343611111154,lead_dependent_anomaly_relaxation,1.0,False,0.3160093252764901,0.3160093252764901,84,2,2011|2012,ff59e83265cd72d2288694172f684265dd8dbf83d1f7686de63a43056eb6ac44,observation_time_proxy,historical data_available_time is unknown; observation_time is a pseudo-operational proxy
2013-10-29T00:00:00+00:00,2013-10-28,windermere,south,water_temperature,2.0,degC,month_2,2013-11-28,2013-12-27,,6.94507873,0.19894343611111154,lead_dependent_anomaly_relaxation,1.0,False,0.22947895422245107,0.22947895422245107,80,2,2011|2012,77998833cc22e2f1b9e85dc4b0be0f88b5a5776f338448a3bf6f74979d042240,observation_time_proxy,historical data_available_time is unknown; observation_time is a pseudo-operational proxy
2013-10-29T00:00:00+00:00,2013-10-28,windermere,south,water_temperature,2.0,degC,month_3,2013-12-28,2014-01-26,,4.939424218991546,0.19894343611111154,lead_dependent_anomaly_relaxation,1.0,False,0.25206803809894845,0.25206803809894845,76,2,2011|2012,065ac915a7295a550c6786438fcb1b13a0fb753220402097fb94d24d4ad2b8f3,observation_time_proxy,historical data_available_time is unknown; observation_time is a pseudo-operational proxy
2013-11-05T00:00:00+00:00,2013-11-04,windermere,south,water_temperature,2.0,degC,month_1,2013-11-05,2013-12-04,,9.325101908333334,0.1966893890700483,lead_dependent_anomaly_relaxation,1.0,False,0.3160093252764901,0.3160093252764901,84,2,2011|2012,ff59e83265cd72d2288694172f684265dd8dbf83d1f7686de63a43056eb6ac44,observation_time_proxy,historical data_available_time is unknown; observation_time is a pseudo-operational proxy
2013-11-05T00:00:00+00:00,2013-11-04,windermere,south,water_temperature,2.0,degC,month_2,2013-12-05,2014-01-03,,6.349834379884594,0.1966893890700483,lead_dependent_anomaly_relaxation,1.0,False,0.22947895422245107,0.22947895422245107,80,2,2011|2012,77998833cc22e2f1b9e85dc4b0be0f88b5a5776f338448a3bf6f74979d042240,observation_time_proxy,historical data_available_time is unknown; observation_time is a pseudo-operational proxy
2013-11-05T00:00:00+00:00,2013-11-04,windermere,south,water_temperature,2.0,degC,month_3,2014-01-04,2014-02-02,,4.857185950833333,0.1966893890700483,lead_dependent_anomaly_relaxation,1.0,False,0.25206803809894845,0.25206803809894845,76,2,2011|2012,065ac915a7295a550c6786438fcb1b13a0fb753220402097fb94d24d4ad2b8f3,observation_time_proxy,historical data_available_time is unknown; observation_time is a pseudo-operational proxy
2013-11-12T00:00:00+00:00,2013-11-11,windermere,south,water_temperature,2.0,degC,month_1,2013-11-12,2013-12-11,,8.604953990833334,0.07455556545893671,lead_dependent_anomaly_relaxation,1.0,False,0.3160093252764901,0.3160093252764901,84,2,2011|2012,ff59e83265cd72d2288694172f684265dd8dbf83d1f7686de63a43056eb6ac44,observation_time_proxy,historical data_available_time is unknown; observation_time is a pseudo-operational proxy
2013-11-12T00:00:00+00:00,2013-11-11,windermere,south,water_temperature,2.0,degC,month_2,2013-12-12,2014-01-10,,5.8245149505887674,0.07455556545893671,lead_dependent_anomaly_relaxation,1.0,False,0.22947895422245107,0.22947895422245107,80,2,2011|2012,77998833cc22e2f1b9e85dc4b0be0f88b5a5776f338448a3bf6f74979d042240,observation_time_proxy,historical data_available_time is unknown; observation_time is a pseudo-operational proxy
2013-11-12T00:00:00+00:00,2013-11-11,windermere,south,water_temperature,2.0,degC,month_3,2014-01-11,2014-02-09,,4.703757671111111,0.07455556545893671,lead_dependent_anomaly_relaxation,1.0,False,0.25206803809894845,0.25206803809894845,76,2,2011|2012,065ac915a7295a550c6786438fcb1b13a0fb753220402097fb94d24d4ad2b8f3,observation_time_proxy,historical data_available_time is unknown; observation_time is a pseudo-operational proxy
2013-11-19T00:00:00+00:00,2013-11-18,windermere,south,water_temperature,2.0,degC,month_1,2013-11-19,2013-12-18,,7.877399938611111,0.12521522490338022,lead_dependent_anomaly_relaxation,1.0,False,0.3160093252764901,0.3160093252764901,84,2,2011|2012,ff59e83265cd72d2288694172f684265dd8dbf83d1f7686de63a43056eb6ac44,observation_time_proxy,historical data_available_time is unknown; observation_time is a pseudo-operational proxy
2013-11-19T00:00:00+00:00,2013-11-18,windermere,south,water_temperature,2.0,degC,month_2,2013-12-19,2014-01-17,,5.372300394685991,0.12521522490338022,lead_dependent_anomaly_relaxation,1.0,False,0.22947895422245107,0.22947895422245107,80,2,2011|2012,77998833cc22e2f1b9e85dc4b0be0f88b5a5776f338448a3bf6f74979d042240,observation_time_proxy,historical data_available_time is unknown; observation_time is a pseudo-operational proxy
2013-11-19T00:00:00+00:00,2013-11-18,windermere,south,water_temperature,2.0,degC,month_3,2014-01-18,2014-02-16,,4.5855633608333335,0.12521522490338022,lead_dependent_anomaly_relaxation,1.0,False,0.25206803809894845,0.25206803809894845,76,2,2011|2012,065ac915a7295a550c6786438fcb1b13a0fb753220402097fb94d24d4ad2b8f3,observation_time_proxy,historical data_available_time is unknown; observation_time is a pseudo-operational proxy
2013-11-26T00:00:00+00:00,2013-11-25,windermere,south,water_temperature,2.0,degC,month_1,2013-11-26,2013-12-25,,7.138449081111111,0.020903993236716545,lead_dependent_anomaly_relaxation,1.0,False,0.3160093252764901,0.3160093252764901,84,2,2011|2012,ff59e83265cd72d2288694172f684265dd8dbf83d1f7686de63a43056eb6ac44,observation_time_proxy,historical data_available_time is unknown; observation_time is a pseudo-operational proxy
2013-11-26T00:00:00+00:00,2013-11-25,windermere,south,water_temperature,2.0,degC,month_2,2013-12-26,2014-01-24,,5.02563299468599,0.020903993236716545,lead_dependent_anomaly_relaxation,1.0,False,0.22947895422245107,0.22947895422245107,80,2,2011|2012,77998833cc22e2f1b9e85dc4b0be0f88b5a5776f338448a3bf6f74979d042240,observation_time_proxy,historical data_available_time is unknown; observation_time is a pseudo-operational proxy
2013-11-26T00:00:00+00:00,2013-11-25,windermere,south,water_temperature,2.0,degC,month_3,2014-01-25,2014-02-23,,4.486631984722222,0.020903993236716545,lead_dependent_anomaly_relaxation,1.0,False,0.25206803809894845,0.25206803809894845,76,2,2011|2012,065ac915a7295a550c6786438fcb1b13a0fb753220402097fb94d24d4ad2b8f3,observation_time_proxy,historical data_available_time is unknown; observation_time is a pseudo-operational proxy
2013-12-03T00:00:00+00:00,2013-12-02,windermere,south,water_temperature,2.0,degC,month_1,2013-12-03,2014-01-01,,6.505481376131934,-0.11908694416666599,lead_dependent_anomaly_relaxation,1.0,False,0.3160093252764901,0.3160093252764901,84,2,2011|2012,ff59e83265cd72d2288694172f684265dd8dbf83d1f7686de63a43056eb6ac44,observation_time_proxy,historical data_available_time is unknown; observation_time is a pseudo-operational proxy
2013-12-03T00:00:00+00:00,2013-12-02,windermere,south,water_temperature,2.0,degC,month_2,2014-01-02,2014-01-31,,4.916398791944444,-0.11908694416666599,lead_dependent_anomaly_relaxation,1.0,False,0.22947895422245107,0.22947895422245107,80,2,2011|2012,77998833cc22e2f1b9e85dc4b0be0f88b5a5776f338448a3bf6f74979d042240,observation_time_proxy,historical data_available_time is unknown; observation_time is a pseudo-operational proxy
2013-12-03T00:00:00+00:00,2013-12-02,windermere,south,water_temperature,2.0,degC,month_3,2014-02-01,2014-03-02,,4.451985911666666,-0.11908694416666599,lead_dependent_anomaly_relaxation,1.0,False,0.25206803809894845,0.25206803809894845,76,2,2011|2012,065ac915a7295a550c6786438fcb1b13a0fb753220402097fb94d24d4ad2b8f3,observation_time_proxy,historical data_available_time is unknown; observation_time is a pseudo-operational proxy
2013-12-10T00:00:00+00:00,2013-12-09,windermere,south,water_temperature,2.0,degC,month_1,2013-12-10,2014-01-08,,5.975465665172101,-0.06088576875603735,lead_dependent_anomaly_relaxation,1.0,False,0.3160093252764901,0.3160093252764901,84,2,2011|2012,ff59e83265cd72d2288694172f684265dd8dbf83d1f7686de63a43056eb6ac44,observation_time_proxy,historical data_available_time is unknown; observation_time is a pseudo-operational proxy
2013-12-10T00:00:00+00:00,2013-12-09,windermere,south,water_temperature,2.0,degC,month_2,2014-01-09,2014-02-07,,4.736390274444444,-0.06088576875603735,lead_dependent_anomaly_relaxation,1.0,False,0.22947895422245107,0.22947895422245107,80,2,2011|2012,77998833cc22e2f1b9e85dc4b0be0f88b5a5776f338448a3bf6f74979d042240,observation_time_proxy,historical data_available_time is unknown; observation_time is a pseudo-operational proxy
2013-12-10T00:00:00+00:00,2013-12-09,windermere,south,water_temperature,2.0,degC,month_3,2014-02-08,2014-03-09,,4.511197643611111,-0.06088576875603735,lead_dependent_anomaly_relaxation,1.0,False,0.25206803809894845,0.25206803809894845,76,2,2011|2012,065ac915a7295a550c6786438fcb1b13a0fb753220402097fb94d24d4ad2b8f3,observation_time_proxy,historical data_available_time is unknown; observation_time is a pseudo-operational proxy
2013-12-17T00:00:00+00:00,2013-12-16,windermere,south,water_temperature,2.0,degC,month_1,2013-12-17,2014-01-15,,5.487600663783213,0.14884003624396058,lead_dependent_anomaly_relaxation,1.0,False,0.3160093252764901,0.3160093252764901,84,2,2011|2012,ff59e83265cd72d2288694172f684265dd8dbf83d1f7686de63a43056eb6ac44,observation_time_proxy,historical data_available_time is unknown; observation_time is a pseudo-operational proxy
2013-12-17T00:00:00+00:00,2013-12-16,windermere,south,water_temperature,2.0,degC,month_2,2014-01-16,2014-02-14,,4.621384890277778,0.14884003624396058,lead_dependent_anomaly_relaxation,1.0,False,0.22947895422245107,0.22947895422245107,80,2,2011|2012,77998833cc22e2f1b9e85dc4b0be0f88b5a5776f338448a3bf6f74979d042240,observation_time_proxy,historical data_available_time is unknown; observation_time is a pseudo-operational proxy
2013-12-17T00:00:00+00:00,2013-12-16,windermere,south,water_temperature,2.0,degC,month_3,2014-02-15,2014-03-16,,4.65374131,0.14884003624396058,lead_dependent_anomaly_relaxation,1.0,False,0.25206803809894845,0.25206803809894845,76,2,2011|2012,065ac915a7295a550c6786438fcb1b13a0fb753220402097fb94d24d4ad2b8f3,observation_time_proxy,historical data_available_time is unknown; observation_time is a pseudo-operational proxy
2013-12-24T00:00:00+00:00,2013-12-23,windermere,south,water_temperature,2.0,degC,month_1,2013-12-24,2014-01-22,,5.116804818297101,0.4246025984661834,lead_dependent_anomaly_relaxation,1.0,False,0.3160093252764901,0.3160093252764901,84,2,2011|2012,ff59e83265cd72d2288694172f684265dd8dbf83d1f7686de63a43056eb6ac44,observation_time_proxy,historical data_available_time is unknown; observation_time is a pseudo-operational proxy
2013-12-24T00:00:00+00:00,2013-12-23,windermere,south,water_temperature,2.0,degC,month_2,2014-01-23,2014-02-21,,4.511133668333334,0.4246025984661834,lead_dependent_anomaly_relaxation,1.0,False,0.22947895422245107,0.22947895422245107,80,2,2011|2012,77998833cc22e2f1b9e85dc4b0be0f88b5a5776f338448a3bf6f74979d042240,observation_time_proxy,historical data_available_time is unknown; observation_time is a pseudo-operational proxy
2013-12-24T00:00:00+00:00,2013-12-23,windermere,south,water_temperature,2.0,degC,month_3,2014-02-22,2014-03-23,,4.941181584722222,0.4246025984661834,lead_dependent_anomaly_relaxation,1.0,False,0.25206803809894845,0.25206803809894845,76,2,2011|2012,065ac915a7295a550c6786438fcb1b13a0fb753220402097fb94d24d4ad2b8f3,observation_time_proxy,historical data_available_time is unknown; observation_time is a pseudo-operational proxy
2013-12-31T00:00:00+00:00,2013-12-30,windermere,south,water_temperature,2.0,degC,month_1,2013-12-31,2014-01-29,,4.826006669338768,0.6801755195772943,lead_dependent_anomaly_relaxation,1.0,False,0.3160093252764901,0.3160093252764901,84,2,2011|2012,ff59e83265cd72d2288694172f684265dd8dbf83d1f7686de63a43056eb6ac44,observation_time_proxy,historical data_available_time is unknown; observation_time is a pseudo-operational proxy
2013-12-31T00:00:00+00:00,2013-12-30,windermere,south,water_temperature,2.0,degC,month_2,2014-01-30,2014-02-28,,4.447822265277778,0.6801755195772943,lead_dependent_anomaly_relaxation,1.0,False,0.22947895422245107,0.22947895422245107,80,2,2011|2012,77998833cc22e2f1b9e85dc4b0be0f88b5a5776f338448a3bf6f74979d042240,observation_time_proxy,historical data_available_time is unknown; observation_time is a pseudo-operational proxy
2013-12-31T00:00:00+00:00,2013-12-30,windermere,south,water_temperature,2.0,degC,month_3,2014-03-01,2014-03-30,,5.416930653333333,0.6801755195772943,lead_dependent_anomaly_relaxation,1.0,False,0.25206803809894845,0.25206803809894845,76,2,2011|2012,065ac915a7295a550c6786438fcb1b13a0fb753220402097fb94d24d4ad2b8f3,observation_time_proxy,historical data_available_time is unknown; observation_time is a pseudo-operational proxy
2014-01-07T00:00:00+00:00,2014-01-06,windermere,south,water_temperature,2.0,degC,month_1,2014-01-07,2014-02-05,5.247526674803385,4.8633135279265876,0.8444538378623196,lead_dependent_anomaly_relaxation,1.0,True,0.4549841917343982,0.4549841917343982,136,3,2011|2012|2013,1f92aea4ca280fa03a06dc0d0ff819f311548e2ae969426691160c00482443ec,observation_time_proxy,historical data_available_time is unknown; observation_time is a pseudo-operational proxy
2014-01-07T00:00:00+00:00,2014-01-06,windermere,south,water_temperature,2.0,degC,month_2,2014-02-06,2014-03-07,4.509793828612098,4.456190244907408,0.8444538378623196,lead_dependent_anomaly_relaxation,1.0,True,0.0634772219644174,0.0634772219644174,132,3,2011|2012|2013,9ecdafcc2b07353d035597db05217ac544c529b016bf14f95b937d38139b42bb,observation_time_proxy,historical data_available_time is unknown; observation_time is a pseudo-operational proxy
2014-01-07T00:00:00+00:00,2014-01-06,windermere,south,water_temperature,2.0,degC,month_3,2014-03-08,2014-04-06,5.555689070833333,5.555689070833333,0.8444538378623196,lead_dependent_anomaly_relaxation,1.0,True,-0.13844483672249952,0.0,128,3,2011|2012|2013,2aa711ce2f2745d3225926f6cd344fc9ddef4ef2c841511b0cc1aa94ea53b00e,observation_time_proxy,historical data_available_time is unknown; observation_time is a pseudo-operational proxy
2014-01-14T00:00:00+00:00,2014-01-13,windermere,south,water_temperature,2.0,degC,month_1,2014-01-14,2014-02-12,5.129817537261982,4.695041643154762,0.9555846159178749,lead_dependent_anomaly_relaxation,1.0,True,0.4549841917343982,0.4549841917343982,136,3,2011|2012|2013,1f92aea4ca280fa03a06dc0d0ff819f311548e2ae969426691160c00482443ec,observation_time_proxy,historical data_available_time is unknown; observation_time is a pseudo-operational proxy
2014-01-14T00:00:00+00:00,2014-01-13,windermere,south,water_temperature,2.0,degC,month_2,2014-02-13,2014-03-14,4.593476413251882,4.532818556481481,0.9555846159178749,lead_dependent_anomaly_relaxation,1.0,True,0.0634772219644174,0.0634772219644174,132,3,2011|2012|2013,9ecdafcc2b07353d035597db05217ac544c529b016bf14f95b937d38139b42bb,observation_time_proxy,historical data_available_time is unknown; observation_time is a pseudo-operational proxy
2014-01-14T00:00:00+00:00,2014-01-13,windermere,south,water_temperature,2.0,degC,month_3,2014-03-15,2014-04-13,6.066234590972222,6.066234590972222,0.9555846159178749,lead_dependent_anomaly_relaxation,1.0,True,-0.13844483672249952,0.0,128,3,2011|2012|2013,2aa711ce2f2745d3225926f6cd344fc9ddef4ef2c841511b0cc1aa94ea53b00e,observation_time_proxy,historical data_available_time is unknown; observation_time is a pseudo-operational proxy
2014-01-21T00:00:00+00:00,2014-01-20,windermere,south,water_temperature,2.0,degC,month_1,2014-01-21,2014-02-19,4.999428654036485,4.552755759953704,0.9817327770885091,lead_dependent_anomaly_relaxation,1.0,True,0.4549841917343982,0.4549841917343982,136,3,2011|2012|2013,1f92aea4ca280fa03a06dc0d0ff819f311548e2ae969426691160c00482443ec,observation_time_proxy,historical data_available_time is unknown; observation_time is a pseudo-operational proxy
2014-01-21T00:00:00+00:00,2014-01-20,windermere,south,water_temperature,2.0,degC,month_2,2014-02-20,2014-03-21,4.790738599030621,4.72842092962963,0.9817327770885091,lead_dependent_anomaly_relaxation,1.0,True,0.0634772219644174,0.0634772219644174,132,3,2011|2012|2013,9ecdafcc2b07353d035597db05217ac544c529b016bf14f95b937d38139b42bb,observation_time_proxy,historical data_available_time is unknown; observation_time is a pseudo-operational proxy
2014-01-21T00:00:00+00:00,2014-01-20,windermere,south,water_temperature,2.0,degC,month_3,2014-03-22,2014-04-20,6.708369950441919,6.708369950441919,0.9817327770885091,lead_dependent_anomaly_relaxation,1.0,True,-0.13844483672249952,0.0,128,3,2011|2012|2013,2aa711ce2f2745d3225926f6cd344fc9ddef4ef2c841511b0cc1aa94ea53b00e,observation_time_proxy,historical data_available_time is unknown; observation_time is a pseudo-operational proxy
2014-01-28T00:00:00+00:00,2014-01-27,windermere,south,water_temperature,2.0,degC,month_1,2014-01-28,2014-02-26,4.943728600172901,4.4541845171296295,1.0759584441321604,lead_dependent_anomaly_relaxation,1.0,True,0.4549841917343982,0.4549841917343982,136,3,2011|2012|2013,1f92aea4ca280fa03a06dc0d0ff819f311548e2ae969426691160c00482443ec,observation_time_proxy,historical data_available_time is unknown; observation_time is a pseudo-operational proxy
2014-01-28T00:00:00+00:00,2014-01-27,windermere,south,water_temperature,2.0,degC,month_2,2014-02-27,2014-03-28,5.117999481917852,5.049700628935185,1.0759584441321604,lead_dependent_anomaly_relaxation,1.0,True,0.0634772219644174,0.0634772219644174,132,3,2011|2012|2013,9ecdafcc2b07353d035597db05217ac544c529b016bf14f95b937d38139b42bb,observation_time_proxy,historical data_available_time is unknown; observation_time is a pseudo-operational proxy
2014-01-28T00:00:00+00:00,2014-01-27,windermere,south,water_temperature,2.0,degC,month_3,2014-03-29,2014-04-27,7.474577355277778,7.474577355277778,1.0759584441321604,lead_dependent_anomaly_relaxation,1.0,True,-0.13844483672249952,0.0,128,3,2011|2012|2013,2aa711ce2f2745d3225926f6cd344fc9ddef4ef2c841511b0cc1aa94ea53b00e,observation_time_proxy,historical data_available_time is unknown; observation_time is a pseudo-operational proxy
2014-02-04T00:00:00+00:00,2014-02-03,windermere,south,water_temperature,2.0,degC,month_1,2014-02-04,2014-03-05,4.925822470793461,4.446511775,1.0534667017030426,lead_dependent_anomaly_relaxation,1.0,True,0.4549841917343982,0.4549841917343982,136,3,2011|2012|2013,1f92aea4ca280fa03a06dc0d0ff819f311548e2ae969426691160c00482443ec,observation_time_proxy,historical data_available_time is unknown; observation_time is a pseudo-operational proxy
2014-02-04T00:00:00+00:00,2014-02-03,windermere,south,water_temperature,2.0,degC,month_2,2014-03-06,2014-04-04,5.521397067202423,5.454525927546296,1.0534667017030426,lead_dependent_anomaly_relaxation,1.0,True,0.0634772219644174,0.0634772219644174,132,3,2011|2012|2013,9ecdafcc2b07353d035597db05217ac544c529b016bf14f95b937d38139b42bb,observation_time_proxy,historical data_available_time is unknown; observation_time is a pseudo-operational proxy
2014-02-04T00:00:00+00:00,2014-02-03,windermere,south,water_temperature,2.0,degC,month_3,2014-04-05,2014-05-04,8.220323781944444,8.220323781944444,1.0534667017030426,lead_dependent_anomaly_relaxation,1.0,True,-0.13844483672249952,0.0,128,3,2011|2012|2013,2aa711ce2f2745d3225926f6cd344fc9ddef4ef2c841511b0cc1aa94ea53b00e,observation_time_proxy,historical data_available_time is unknown; observation_time is a pseudo-operational proxy
2014-02-11T00:00:00+00:00,2014-02-10,windermere,south,water_temperature,2.0,degC,month_1,2014-02-11,2014-03-12,4.970375294055923,4.500709294675926,1.032268830241402,lead_dependent_anomaly_relaxation,1.0,True,0.4549841917343982,0.4549841917343982,136,3,2011|2012|2013,1f92aea4ca280fa03a06dc0d0ff819f311548e2ae969426691160c00482443ec,observation_time_proxy,historical data_available_time is unknown; observation_time is a pseudo-operational proxy
2014-02-11T00:00:00+00:00,2014-02-10,windermere,south,water_temperature,2.0,degC,month_2,2014-03-13,2014-04-11,5.955335959978998,5.889810402314815,1.032268830241402,lead_dependent_anomaly_relaxation,1.0,True,0.0634772219644174,0.0634772219644174,132,3,2011|2012|2013,9ecdafcc2b07353d035597db05217ac544c529b016bf14f95b937d38139b42bb,observation_time_proxy,historical data_available_time is unknown; observation_time is a pseudo-operational proxy
2014-02-11T00:00:00+00:00,2014-02-10,windermere,south,water_temperature,2.0,degC,month_3,2014-04-12,2014-05-11,9.161881624166666,9.161881624166666,1.032268830241402,lead_dependent_anomaly_relaxation,1.0,True,-0.13844483672249952,0.0,128,3,2011|2012|2013,2aa711ce2f2745d3225926f6cd344fc9ddef4ef2c841511b0cc1aa94ea53b00e,observation_time_proxy,historical data_available_time is unknown; observation_time is a pseudo-operational proxy
2014-02-18T00:00:00+00:00,2014-02-17,windermere,south,water_temperature,2.0,degC,month_1,2014-02-18,2014-03-19,5.113519318845126,4.660761311574074,0.995107116898148,lead_dependent_anomaly_relaxation,1.0,True,0.4549841917343982,0.4549841917343982,136,3,2011|2012|2013,1f92aea4ca280fa03a06dc0d0ff819f311548e2ae969426691160c00482443ec,observation_time_proxy,historical data_available_time is unknown; observation_time is a pseudo-operational proxy
2014-02-18T00:00:00+00:00,2014-02-17,windermere,south,water_temperature,2.0,degC,month_2,2014-03-20,2014-04-18,6.571553722606234,6.508387087268519,0.995107116898148,lead_dependent_anomaly_relaxation,1.0,True,0.0634772219644174,0.0634772219644174,132,3,2011|2012|2013,9ecdafcc2b07353d035597db05217ac544c529b016bf14f95b937d38139b42bb,observation_time_proxy,historical data_available_time is unknown; observation_time is a pseudo-operational proxy
2014-02-18T00:00:00+00:00,2014-02-17,windermere,south,water_temperature,2.0,degC,month_3,2014-04-19,2014-05-18,10.031496157222222,10.031496157222222,0.995107116898148,lead_dependent_anomaly_relaxation,1.0,True,-0.13844483672249952,0.0,128,3,2011|2012|2013,2aa711ce2f2745d3225926f6cd344fc9ddef4ef2c841511b0cc1aa94ea53b00e,observation_time_proxy,historical data_available_time is unknown; observation_time is a pseudo-operational proxy
2014-02-25T00:00:00+00:00,2014-02-24,windermere,south,water_temperature,2.0,degC,month_1,2014-02-25,2014-03-26,5.386793573136063,4.944773009953703,0.9715075187500002,lead_dependent_anomaly_relaxation,1.0,True,0.4549841917343982,0.4549841917343982,136,3,2011|2012|2013,1f92aea4ca280fa03a06dc0d0ff819f311548e2ae969426691160c00482443ec,observation_time_proxy,historical data_available_time is unknown; observation_time is a pseudo-operational proxy
2014-02-25T00:00:00+00:00,2014-02-24,windermere,south,water_temperature,2.0,degC,month_2,2014-03-27,2014-04-25,7.341272436185572,7.279603837777778,0.9715075187500002,lead_dependent_anomaly_relaxation,1.0,True,0.0634772219644174,0.0634772219644174,132,3,2011|2012|2013,9ecdafcc2b07353d035597db05217ac544c529b016bf14f95b937d38139b42bb,observation_time_proxy,historical data_available_time is unknown; observation_time is a pseudo-operational proxy
2014-02-25T00:00:00+00:00,2014-02-24,windermere,south,water_temperature,2.0,degC,month_3,2014-04-26,2014-05-25,10.85117367111111,10.85117367111111,0.9715075187500002,lead_dependent_anomaly_relaxation,1.0,True,-0.13844483672249952,0.0,128,3,2011|2012|2013,2aa711ce2f2745d3225926f6cd344fc9ddef4ef2c841511b0cc1aa94ea53b00e,observation_time_proxy,historical data_available_time is unknown; observation_time is a pseudo-operational proxy
2014-03-04T00:00:00+00:00,2014-03-03,windermere,south,water_temperature,2.0,degC,month_1,2014-03-04,2014-04-02,5.788884493344647,5.345591792361111,0.9743035231481478,lead_dependent_anomaly_relaxation,1.0,True,0.4549841917343982,0.4549841917343982,136,3,2011|2012|2013,1f92aea4ca280fa03a06dc0d0ff819f311548e2ae969426691160c00482443ec,observation_time_proxy,historical data_available_time is unknown; observation_time is a pseudo-operational proxy
2014-03-04T00:00:00+00:00,2014-03-03,windermere,south,water_temperature,2.0,degC,month_2,2014-04-03,2014-05-02,8.047207949888477,7.985361868888889,0.9743035231481478,lead_dependent_anomaly_relaxation,1.0,True,0.0634772219644174,0.0634772219644174,132,3,2011|2012|2013,9ecdafcc2b07353d035597db05217ac544c529b016bf14f95b937d38139b42bb,observation_time_proxy,historical data_available_time is unknown; observation_time is a pseudo-operational proxy
2014-03-04T00:00:00+00:00,2014-03-03,windermere,south,water_temperature,2.0,degC,month_3,2014-05-03,2014-06-01,11.88870238765166,11.88870238765166,0.9743035231481478,lead_dependent_anomaly_relaxation,1.0,True,-0.13844483672249952,0.0,128,3,2011|2012|2013,2aa711ce2f2745d3225926f6cd344fc9ddef4ef2c841511b0cc1aa94ea53b00e,observation_time_proxy,historical data_available_time is unknown; observation_time is a pseudo-operational proxy
2014-03-11T00:00:00+00:00,2014-03-10,windermere,south,water_temperature,2.0,degC,month_1,2014-03-11,2014-04-09,6.203217933277274,5.737399773611111,1.0238117458333331,lead_dependent_anomaly_relaxation,1.0,True,0.4549841917343982,0.4549841917343982,136,3,2011|2012|2013,1f92aea4ca280fa03a06dc0d0ff819f311548e2ae969426691160c00482443ec,observation_time_proxy,historical data_available_time is unknown; observation_time is a pseudo-operational proxy
2014-03-11T00:00:00+00:00,2014-03-10,windermere,south,water_temperature,2.0,degC,month_2,2014-04-10,2014-05-09,8.968810105995596,8.903821380555556,1.0238117458333331,lead_dependent_anomaly_relaxation,1.0,True,0.0634772219644174,0.0634772219644174,132,3,2011|2012|2013,9ecdafcc2b07353d035597db05217ac544c529b016bf14f95b937d38139b42bb,observation_time_proxy,historical data_available_time is unknown; observation_time is a pseudo-operational proxy
2014-03-11T00:00:00+00:00,2014-03-10,windermere,south,water_temperature,2.0,degC,month_3,2014-05-10,2014-06-08,13.085951288210408,13.085951288210408,1.0238117458333331,lead_dependent_anomaly_relaxation,1.0,True,-0.13844483672249952,0.0,128,3,2011|2012|2013,2aa711ce2f2745d3225926f6cd344fc9ddef4ef2c841511b0cc1aa94ea53b00e,observation_time_proxy,historical data_available_time is unknown; observation_time is a pseudo-operational proxy
2014-03-18T00:00:00+00:00,2014-03-17,windermere,south,water_temperature,2.0,degC,month_1,2014-03-18,2014-04-16,6.840873851253461,6.328136742361111,1.1269338983796295,lead_dependent_anomaly_relaxation,1.0,True,0.4549841917343982,0.4549841917343982,136,3,2011|2012|2013,1f92aea4ca280fa03a06dc0d0ff819f311548e2ae969426691160c00482443ec,observation_time_proxy,historical data_available_time is unknown; observation_time is a pseudo-operational proxy
2014-03-18T00:00:00+00:00,2014-03-17,windermere,south,water_temperature,2.0,degC,month_2,2014-04-17,2014-05-16,9.863282795984448,9.791748162777779,1.1269338983796295,lead_dependent_anomaly_relaxation,1.0,True,0.0634772219644174,0.0634772219644174,132,3,2011|2012|2013,9ecdafcc2b07353d035597db05217ac544c529b016bf14f95b937d38139b42bb,observation_time_proxy,historical data_available_time is unknown; observation_time is a pseudo-operational proxy
2014-03-18T00:00:00+00:00,2014-03-17,windermere,south,water_temperature,2.0,degC,month_3,2014-05-17,2014-06-15,14.1871542314735,14.1871542314735,1.1269338983796295,lead_dependent_anomaly_relaxation,1.0,True,-0.13844483672249952,0.0,128,3,2011|2012|2013,2aa711ce2f2745d3225926f6cd344fc9ddef4ef2c841511b0cc1aa94ea53b00e,observation_time_proxy,historical data_available_time is unknown; observation_time is a pseudo-operational proxy
2014-03-25T00:00:00+00:00,2014-03-24,windermere,south,water_temperature,2.0,degC,month_1,2014-03-25,2014-04-23,7.519812684803282,6.99289290347456,1.1581056900462956,lead_dependent_anomaly_relaxation,1.0,True,0.4549841917343982,0.4549841917343982,136,3,2011|2012|2013,1f92aea4ca280fa03a06dc0d0ff819f311548e2ae969426691160c00482443ec,observation_time_proxy,historical data_available_time is unknown; observation_time is a pseudo-operational proxy
2014-03-25T00:00:00+00:00,2014-03-24,windermere,south,water_temperature,2.0,degC,month_2,2014-04-24,2014-05-23,10.679187874445322,10.6056745425,1.1581056900462956,lead_dependent_anomaly_relaxation,1.0,True,0.0634772219644174,0.0634772219644174,132,3,2011|2012|2013,9ecdafcc2b07353d035597db05217ac544c529b016bf14f95b937d38139b42bb,observation_time_proxy,historical data_available_time is unknown; observation_time is a pseudo-operational proxy
2014-03-25T00:00:00+00:00,2014-03-24,windermere,south,water_temperature,2.0,degC,month_3,2014-05-24,2014-06-22,15.094541743718072,15.094541743718072,1.1581056900462956,lead_dependent_anomaly_relaxation,1.0,True,-0.13844483672249952,0.0,128,3,2011|2012|2013,2aa711ce2f2745d3225926f6cd344fc9ddef4ef2c841511b0cc1aa94ea53b00e,observation_time_proxy,historical data_available_time is unknown; observation_time is a pseudo-operational proxy
2014-04-01T00:00:00+00:00,2014-03-31,windermere,south,water_temperature,2.0,degC,month_1,2014-04-01,2014-04-30,8.24902350786943,7.776791178333333,1.0379093122685186,lead_dependent_anomaly_relaxation,1.0,True,0.4549841917343982,0.4549841917343982,136,3,2011|2012|2013,1f92aea4ca280fa03a06dc0d0ff819f311548e2ae969426691160c00482443ec,observation_time_proxy,historical data_available_time is unknown; observation_time is a pseudo-operational proxy
2014-04-01T00:00:00+00:00,2014-03-31,windermere,south,water_temperature,2.0,degC,month_2,2014-05-01,2014-05-30,11.670032774099361,11.604149174305556,1.0379093122685186,lead_dependent_anomaly_relaxation,1.0,True,0.0634772219644174,0.0634772219644174,132,3,2011|2012|2013,9ecdafcc2b07353d035597db05217ac544c529b016bf14f95b937d38139b42bb,observation_time_proxy,historical data_available_time is unknown; observation_time is a pseudo-operational proxy
2014-04-01T00:00:00+00:00,2014-03-31,windermere,south,water_temperature,2.0,degC,month_3,2014-05-31,2014-06-29,15.739875880826947,15.739875880826947,1.0379093122685186,lead_dependent_anomaly_relaxation,1.0,True,-0.13844483672249952,0.0,128,3,2011|2012|2013,2aa711ce2f2745d3225926f6cd344fc9ddef4ef2c841511b0cc1aa94ea53b00e,observation_time_proxy,historical data_available_time is unknown; observation_time is a pseudo-operational proxy
2014-04-08T00:00:00+00:00,2014-04-07,windermere,south,water_temperature,2.0,degC,month_1,2014-04-08,2014-05-07,9.141965055482126,8.628285440833334,1.1290054115740737,lead_dependent_anomaly_relaxation,1.0,True,0.4549841917343982,0.4549841917343982,136,3,2011|2012|2013,1f92aea4ca280fa03a06dc0d0ff819f311548e2ae969426691160c00482443ec,observation_time_proxy,historical data_available_time is unknown; observation_time is a pseudo-operational proxy
2014-04-08T00:00:00+00:00,2014-04-07,windermere,south,water_temperature,2.0,degC,month_2,2014-05-08,2014-06-06,12.815761548325991,12.744095421216475,1.1290054115740737,lead_dependent_anomaly_relaxation,1.0,True,0.0634772219644174,0.0634772219644174,132,3,2011|2012|2013,9ecdafcc2b07353d035597db05217ac544c529b016bf14f95b937d38139b42bb,observation_time_proxy,historical data_available_time is unknown; observation_time is a pseudo-operational proxy
2014-04-08T00:00:00+00:00,2014-04-07,windermere,south,water_temperature,2.0,degC,month_3,2014-06-07,2014-07-06,16.26086483544686,16.26086483544686,1.1290054115740737,lead_dependent_anomaly_relaxation,1.0,True,-0.13844483672249952,0.0,128,3,2011|2012|2013,2aa711ce2f2745d3225926f6cd344fc9ddef4ef2c841511b0cc1aa94ea53b00e,observation_time_proxy,historical data_available_time is unknown; observation_time is a pseudo-operational proxy
2014-04-15T00:00:00+00:00,2014-04-14,windermere,south,water_temperature,2.0,degC,month_1,2014-04-15,2014-05-14,10.006600276968785,9.537224497222223,1.031630962731482,lead_dependent_anomaly_relaxation,1.0,True,0.4549841917343982,0.4549841917343982,136,3,2011|2012|2013,1f92aea4ca280fa03a06dc0d0ff819f311548e2ae969426691160c00482443ec,observation_time_proxy,historical data_available_time is unknown; observation_time is a pseudo-operational proxy
2014-04-15T00:00:00+00:00,2014-04-14,windermere,south,water_temperature,2.0,degC,month_2,2014-05-15,2014-06-13,13.963834349367527,13.898349281760856,1.031630962731482,lead_dependent_anomaly_relaxation,1.0,True,0.0634772219644174,0.0634772219644174,132,3,2011|2012|2013,9ecdafcc2b07353d035597db05217ac544c529b016bf14f95b937d38139b42bb,observation_time_proxy,historical data_available_time is unknown; observation_time is a pseudo-operational proxy
2014-04-15T00:00:00+00:00,2014-04-14,windermere,south,water_temperature,2.0,degC,month_3,2014-06-14,2014-07-13,16.770184480228004,16.770184480228004,1.031630962731482,lead_dependent_anomaly_relaxation,1.0,True,-0.13844483672249952,0.0,128,3,2011|2012|2013,2aa711ce2f2745d3225926f6cd344fc9ddef4ef2c841511b0cc1aa94ea53b00e,observation_time_proxy,historical data_available_time is unknown; observation_time is a pseudo-operational proxy
2014-04-22T00:00:00+00:00,2014-04-21,windermere,south,water_temperature,2.0,degC,month_1,2014-04-22,2014-05-21,10.823602524405187,10.367489455,1.0024811360291128,lead_dependent_anomaly_relaxation,1.0,True,0.4549841917343982,0.4549841917343982,136,3,2011|2012|2013,1f92aea4ca280fa03a06dc0d0ff819f311548e2ae969426691160c00482443ec,observation_time_proxy,historical data_available_time is unknown; observation_time is a pseudo-operational proxy
2014-04-22T00:00:00+00:00,2014-04-21,windermere,south,water_temperature,2.0,degC,month_2,2014-05-22,2014-06-20,14.945915706116555,14.882280988529693,1.0024811360291128,lead_dependent_anomaly_relaxation,1.0,True,0.0634772219644174,0.0634772219644174,132,3,2011|2012|2013,9ecdafcc2b07353d035597db05217ac544c529b016bf14f95b937d38139b42bb,observation_time_proxy,historical data_available_time is unknown; observation_time is a pseudo-operational proxy
2014-04-22T00:00:00+00:00,2014-04-21,windermere,south,water_temperature,2.0,degC,month_3,2014-06-21,2014-07-20,17.29711931819097,17.29711931819097,1.0024811360291128,lead_dependent_anomaly_relaxation,1.0,True,-0.13844483672249952,0.0,128,3,2011|2012|2013,2aa711ce2f2745d3225926f6cd344fc9ddef4ef2c841511b0cc1aa94ea53b00e,observation_time_proxy,historical data_available_time is unknown; observation_time is a pseudo-operational proxy
2014-04-29T00:00:00+00:00,2014-04-28,windermere,south,water_temperature,2.0,degC,month_1,2014-04-29,2014-05-28,11.805209857120516,11.349126128091932,1.002416649444445,lead_dependent_anomaly_relaxation,1.0,True,0.4549841917343982,0.4549841917343982,136,3,2011|2012|2013,1f92aea4ca280fa03a06dc0d0ff819f311548e2ae969426691160c00482443ec,observation_time_proxy,historical data_available_time is unknown; observation_time is a pseudo-operational proxy
2014-04-29T00:00:00+00:00,2014-04-28,windermere,south,water_temperature,2.0,degC,month_2,2014-05-29,2014-06-27,15.59801373431087,15.534383110153257,1.002416649444445,lead_dependent_anomaly_relaxation,1.0,True,0.0634772219644174,0.0634772219644174,132,3,2011|2012|2013,9ecdafcc2b07353d035597db05217ac544c529b016bf14f95b937d38139b42bb,observation_time_proxy,historical data_available_time is unknown; observation_time is a pseudo-operational proxy
2014-04-29T00:00:00+00:00,2014-04-28,windermere,south,water_temperature,2.0,degC,month_3,2014-06-28,2014-07-27,17.80378735291319,17.80378735291319,1.002416649444445,lead_dependent_anomaly_relaxation,1.0,True,-0.13844483672249952,0.0,128,3,2011|2012|2013,2aa711ce2f2745d3225926f6cd344fc9ddef4ef2c841511b0cc1aa94ea53b00e,observation_time_proxy,historical data_available_time is unknown; observation_time is a pseudo-operational proxy
2014-05-06T00:00:00+00:00,2014-05-05,windermere,south,water_temperature,2.0,degC,month_1,2014-05-06,2014-06-04,12.88316147505039,12.402808539655172,1.0557574177777784,lead_dependent_anomaly_relaxation,1.0,True,0.4549841917343982,0.4549841917343982,136,3,2011|2012|2013,1f92aea4ca280fa03a06dc0d0ff819f311548e2ae969426691160c00482443ec,observation_time_proxy,historical data_available_time is unknown; observation_time is a pseudo-operational proxy
2014-05-06T00:00:00+00:00,2014-05-05,windermere,south,water_temperature,2.0,degC,month_2,2014-06-05,2014-07-04,16.208732707671082,16.141716159722222,1.0557574177777784,lead_dependent_anomaly_relaxation,1.0,True,0.0634772219644174,0.0634772219644174,132,3,2011|2012|2013,9ecdafcc2b07353d035597db05217ac544c529b016bf14f95b937d38139b42bb,observation_time_proxy,historical data_available_time is unknown; observation_time is a pseudo-operational proxy
2014-05-06T00:00:00+00:00,2014-05-05,windermere,south,water_temperature,2.0,degC,month_3,2014-07-05,2014-08-03,18.11258162143171,18.11258162143171,1.0557574177777784,lead_dependent_anomaly_relaxation,1.0,True,-0.13844483672249952,0.0,128,3,2011|2012|2013,2aa711ce2f2745d3225926f6cd344fc9ddef4ef2c841511b0cc1aa94ea53b00e,observation_time_proxy,historical data_available_time is unknown; observation_time is a pseudo-operational proxy
2014-05-13T00:00:00+00:00,2014-05-12,windermere,south,water_temperature,2.0,degC,month_1,2014-05-13,2014-06-11,13.964464548207024,13.58525993471424,0.8334456897222218,lead_dependent_anomaly_relaxation,1.0,True,0.4549841917343982,0.4549841917343982,136,3,2011|2012|2013,1f92aea4ca280fa03a06dc0d0ff819f311548e2ae969426691160c00482443ec,observation_time_proxy,historical data_available_time is unknown; observation_time is a pseudo-operational proxy
2014-05-13T00:00:00+00:00,2014-05-12,windermere,south,water_temperature,2.0,degC,month_2,2014-06-12,2014-07-11,16.654355768229387,16.6014509511876,0.8334456897222218,lead_dependent_anomaly_relaxation,1.0,True,0.0634772219644174,0.0634772219644174,132,3,2011|2012|2013,9ecdafcc2b07353d035597db05217ac544c529b016bf14f95b937d38139b42bb,observation_time_proxy,historical data_available_time is unknown; observation_time is a pseudo-operational proxy
2014-05-13T00:00:00+00:00,2014-05-12,windermere,south,water_temperature,2.0,degC,month_3,2014-07-12,2014-08-10,18.230434651064215,18.230434651064215,0.8334456897222218,lead_dependent_anomaly_relaxation,1.0,True,-0.13844483672249952,0.0,128,3,2011|2012|2013,2aa711ce2f2745d3225926f6cd344fc9ddef4ef2c841511b0cc1aa94ea53b00e,observation_time_proxy,historical data_available_time is unknown; observation_time is a pseudo-operational proxy
2014-05-20T00:00:00+00:00,2014-05-19,windermere,south,water_temperature,2.0,degC,month_1,2014-05-20,2014-06-18,15.029527968318257,14.620927160863666,0.8980549541666658,lead_dependent_anomaly_relaxation,1.0,True,0.4549841917343982,0.4549841917343982,136,3,2011|2012|2013,1f92aea4ca280fa03a06dc0d0ff819f311548e2ae969426691160c00482443ec,observation_time_proxy,historical data_available_time is unknown; observation_time is a pseudo-operational proxy
2014-05-20T00:00:00+00:00,2014-05-19,windermere,south,water_temperature,2.0,degC,month_2,2014-06-19,2014-07-18,17.21608969907507,17.15908366541319,0.8980549541666658,lead_dependent_anomaly_relaxation,1.0,True,0.0634772219644174,0.0634772219644174,132,3,2011|2012|2013,9ecdafcc2b07353d035597db05217ac544c529b016bf14f95b937d38139b42bb,observation_time_proxy,historical data_available_time is unknown; observation_time is a pseudo-operational proxy
2014-05-20T00:00:00+00:00,2014-05-19,windermere,south,water_temperature,2.0,degC,month_3,2014-07-19,2014-08-17,18.178264744708994,18.178264744708994,0.8980549541666658,lead_dependent_anomaly_relaxation,1.0,True,-0.13844483672249952,0.0,128,3,2011|2012|2013,2aa711ce2f2745d3225926f6cd344fc9ddef4ef2c841511b0cc1aa94ea53b00e,observation_time_proxy,historical data_available_time is unknown; observation_time is a pseudo-operational proxy
2014-05-27T00:00:00+00:00,2014-05-26,windermere,south,water_temperature,2.0,degC,month_1,2014-05-27,2014-06-25,15.876684743183915,15.344129424042146,1.1704919177777793,lead_dependent_anomaly_relaxation,1.0,True,0.4549841917343982,0.4549841917343982,136,3,2011|2012|2013,1f92aea4ca280fa03a06dc0d0ff819f311548e2ae969426691160c00482443ec,observation_time_proxy,historical data_available_time is unknown; observation_time is a pseudo-operational proxy
2014-05-27T00:00:00+00:00,2014-05-26,windermere,south,water_temperature,2.0,degC,month_2,2014-06-26,2014-07-25,17.731187740685527,17.65688816541319,1.1704919177777793,lead_dependent_anomaly_relaxation,1.0,True,0.0634772219644174,0.0634772219644174,132,3,2011|2012|2013,9ecdafcc2b07353d035597db05217ac544c529b016bf14f95b937d38139b42bb,observation_time_proxy,historical data_available_time is unknown; observation_time is a pseudo-operational proxy
2014-05-27T00:00:00+00:00,2014-05-26,windermere,south,water_temperature,2.0,degC,month_3,2014-07-26,2014-08-24,18.026087159060847,18.026087159060847,1.1704919177777793,lead_dependent_anomaly_relaxation,1.0,True,-0.13844483672249952,0.0,128,3,2011|2012|2013,2aa711ce2f2745d3225926f6cd344fc9ddef4ef2c841511b0cc1aa94ea53b00e,observation_time_proxy,historical data_available_time is unknown; observation_time is a pseudo-operational proxy
2014-06-03T00:00:00+00:00,2014-06-02,windermere,south,water_temperature,2.0,degC,month_1,2014-06-03,2014-07-02,16.43952555881563,16.010443849537037,0.9430694891682627,lead_dependent_anomaly_relaxation,1.0,True,0.4549841917343982,0.4549841917343982,136,3,2011|2012|2013,1f92aea4ca280fa03a06dc0d0ff819f311548e2ae969426691160c00482443ec,observation_time_proxy,historical data_available_time is unknown; observation_time is a pseudo-operational proxy
2014-06-03T00:00:00+00:00,2014-06-02,windermere,south,water_temperature,2.0,degC,month_2,2014-07-03,2014-08-01,18.109584781890177,18.049721350598375,0.9430694891682627,lead_dependent_anomaly_relaxation,1.0,True,0.0634772219644174,0.0634772219644174,132,3,2011|2012|2013,9ecdafcc2b07353d035597db05217ac544c529b016bf14f95b937d38139b42bb,observation_time_proxy,historical data_available_time is unknown; observation_time is a pseudo-operational proxy
2014-06-03T00:00:00+00:00,2014-06-02,windermere,south,water_temperature,2.0,degC,month_3,2014-08-02,2014-08-31,17.715761221560847,17.715761221560847,0.9430694891682627,lead_dependent_anomaly_relaxation,1.0,True,-0.13844483672249952,0.0,128,3,2011|2012|2013,2aa711ce2f2745d3225926f6cd344fc9ddef4ef2c841511b0cc1aa94ea53b00e,observation_time_proxy,historical data_available_time is unknown; observation_time is a pseudo-operational proxy
2014-06-10T00:00:00+00:00,2014-06-09,windermere,south,water_temperature,2.0,degC,month_1,2014-06-10,2014-07-09,16.815615007260565,16.452293421095007,0.7985367244971258,lead_dependent_anomaly_relaxation,1.0,True,0.4549841917343982,0.4549841917343982,136,3,2011|2012|2013,1f92aea4ca280fa03a06dc0d0ff819f311548e2ae969426691160c00482443ec,observation_time_proxy,historical data_available_time is unknown; observation_time is a pseudo-operational proxy
2014-06-10T00:00:00+00:00,2014-06-09,windermere,south,water_temperature,2.0,degC,month_2,2014-07-10,2014-08-08,18.277329092582967,18.226640199675323,0.7985367244971258,lead_dependent_anomaly_relaxation,1.0,True,0.0634772219644174,0.0634772219644174,132,3,2011|2012|2013,9ecdafcc2b07353d035597db05217ac544c529b016bf14f95b937d38139b42bb,observation_time_proxy,historical data_available_time is unknown; observation_time is a pseudo-operational proxy
2014-06-10T00:00:00+00:00,2014-06-09,windermere,south,water_temperature,2.0,degC,month_3,2014-08-09,2014-09-07,17.324611108796297,17.324611108796297,0.7985367244971258,lead_dependent_anomaly_relaxation,1.0,True,-0.13844483672249952,0.0,128,3,2011|2012|2013,2aa711ce2f2745d3225926f6cd344fc9ddef4ef2c841511b0cc1aa94ea53b00e,observation_time_proxy,historical data_available_time is unknown; observation_time is a pseudo-operational proxy
2014-06-17T00:00:00+00:00,2014-06-16,windermere,south,water_temperature,2.0,degC,month_1,2014-06-17,2014-07-16,17.381359583986097,17.02010685754282,0.793989622070562,lead_dependent_anomaly_relaxation,1.0,True,0.4549841917343982,0.4549841917343982,136,3,2011|2012|2013,1f92aea4ca280fa03a06dc0d0ff819f311548e2ae969426691160c00482443ec,observation_time_proxy,historical data_available_time is unknown; observation_time is a pseudo-operational proxy
2014-06-17T00:00:00+00:00,2014-06-16,windermere,south,water_temperature,2.0,degC,month_2,2014-07-17,2014-08-15,18.24106881268661,18.190668557208994,0.793989622070562,lead_dependent_anomaly_relaxation,1.0,True,0.0634772219644174,0.0634772219644174,132,3,2011|2012|2013,9ecdafcc2b07353d035597db05217ac544c529b016bf14f95b937d38139b42bb,observation_time_proxy,historical data_available_time is unknown; observation_time is a pseudo-operational proxy
2014-06-17T00:00:00+00:00,2014-06-16,windermere,south,water_temperature,2.0,degC,month_3,2014-08-16,2014-09-14,16.853796002314816,16.853796002314816,0.793989622070562,lead_dependent_anomaly_relaxation,1.0,True,-0.13844483672249952,0.0,128,3,2011|2012|2013,2aa711ce2f2745d3225926f6cd344fc9ddef4ef2c841511b0cc1aa94ea53b00e,observation_time_proxy,historical data_available_time is unknown; observation_time is a pseudo-operational proxy
2014-06-24T00:00:00+00:00,2014-06-23,windermere,south,water_temperature,2.0,degC,month_1,2014-06-24,2014-07-23,18.017149612948838,17.510354700135412,1.113873673020434,lead_dependent_anomaly_relaxation,1.0,True,0.4549841917343982,0.4549841917343982,136,3,2011|2012|2013,1f92aea4ca280fa03a06dc0d0ff819f311548e2ae969426691160c00482443ec,observation_time_proxy,historical data_available_time is unknown; observation_time is a pseudo-operational proxy
2014-06-24T00:00:00+00:00,2014-06-23,windermere,south,water_temperature,2.0,degC,month_2,2014-07-24,2014-08-22,18.15405966359163,18.083354057208993,1.113873673020434,lead_dependent_anomaly_relaxation,1.0,True,0.0634772219644174,0.0634772219644174,132,3,2011|2012|2013,9ecdafcc2b07353d035597db05217ac544c529b016bf14f95b937d38139b42bb,observation_time_proxy,historical data_available_time is unknown; observation_time is a pseudo-operational proxy
2014-06-24T00:00:00+00:00,2014-06-23,windermere,south,water_temperature,2.0,degC,month_3,2014-08-23,2014-09-21,16.304171381944442,16.304171381944442,1.113873673020434,lead_dependent_anomaly_relaxation,1.0,True,-0.13844483672249952,0.0,128,3,2011|2012|2013,2aa711ce2f2745d3225926f6cd344fc9ddef4ef2c841511b0cc1aa94ea53b00e,observation_time_proxy,historical data_available_time is unknown; observation_time is a pseudo-operational proxy
2014-07-01T00:00:00+00:00,2014-06-30,windermere,south,water_temperature,2.0,degC,month_1,2014-07-01,2014-07-30,18.724736960963536,17.975490801987263,1.6467520687260553,lead_dependent_anomaly_relaxation,1.0,True,0.4549841917343982,0.4549841917343982,136,3,2011|2012|2013,1f92aea4ca280fa03a06dc0d0ff819f311548e2ae969426691160c00482443ec,observation_time_proxy,historical data_available_time is unknown; observation_time is a pseudo-operational proxy
2014-07-01T00:00:00+00:00,2014-06-30,windermere,south,water_temperature,2.0,degC,month_2,2014-07-31,2014-08-29,17.910042035277364,17.805510788690476,1.6467520687260553,lead_dependent_anomaly_relaxation,1.0,True,0.0634772219644174,0.0634772219644174,132,3,2011|2012|2013,9ecdafcc2b07353d035597db05217ac544c529b016bf14f95b937d38139b42bb,observation_time_proxy,historical data_available_time is unknown; observation_time is a pseudo-operational proxy
2014-07-01T00:00:00+00:00,2014-06-30,windermere,south,water_temperature,2.0,degC,month_3,2014-08-30,2014-09-28,15.673275474537038,15.673275474537038,1.6467520687260553,lead_dependent_anomaly_relaxation,1.0,True,-0.13844483672249952,0.0,128,3,2011|2012|2013,2aa711ce2f2745d3225926f6cd344fc9ddef4ef2c841511b0cc1aa94ea53b00e,observation_time_proxy,historical data_available_time is unknown; observation_time is a pseudo-operational proxy
2014-07-08T00:00:00+00:00,2014-07-07,windermere,south,water_temperature,2.0,degC,month_1,2014-07-08,2014-08-06,19.048624130655487,18.195823799873736,1.8743515627012854,lead_dependent_anomaly_relaxation,1.0,True,0.4549841917343982,0.4549841917343982,136,3,2011|2012|2013,1f92aea4ca280fa03a06dc0d0ff819f311548e2ae969426691160c00482443ec,observation_time_proxy,historical data_available_time is unknown; observation_time is a pseudo-operational proxy
2014-07-08T00:00:00+00:00,2014-07-07,windermere,south,water_temperature,2.0,degC,month_2,2014-08-07,2014-09-05,17.57631843970875,17.45733980952381,1.8743515627012854,lead_dependent_anomaly_relaxation,1.0,True,0.0634772219644174,0.0634772219644174,132,3,2011|2012|2013,9ecdafcc2b07353d035597db05217ac544c529b016bf14f95b937d38139b42bb,observation_time_proxy,historical data_available_time is unknown; observation_time is a pseudo-operational proxy
2014-07-08T00:00:00+00:00,2014-07-07,windermere,south,water_temperature,2.0,degC,month_3,2014-09-06,2014-10-05,15.05955749074074,15.05955749074074,1.8743515627012854,lead_dependent_anomaly_relaxation,1.0,True,-0.13844483672249952,0.0,128,3,2011|2012|2013,2aa711ce2f2745d3225926f6cd344fc9ddef4ef2c841511b0cc1aa94ea53b00e,observation_time_proxy,historical data_available_time is unknown; observation_time is a pseudo-operational proxy
2014-07-15T00:00:00+00:00,2014-07-14,windermere,south,water_temperature,2.0,degC,month_1,2014-07-15,2014-08-13,19.17868804956964,18.20466536276455,2.14078357995718,lead_dependent_anomaly_relaxation,1.0,True,0.4549841917343982,0.4549841917343982,136,3,2011|2012|2013,1f92aea4ca280fa03a06dc0d0ff819f311548e2ae969426691160c00482443ec,observation_time_proxy,historical data_available_time is unknown; observation_time is a pseudo-operational proxy
2014-07-15T00:00:00+00:00,2014-07-14,windermere,south,water_temperature,2.0,degC,month_2,2014-08-14,2014-09-12,17.125389364853092,16.98949837037037,2.14078357995718,lead_dependent_anomaly_relaxation,1.0,True,0.0634772219644174,0.0634772219644174,132,3,2011|2012|2013,9ecdafcc2b07353d035597db05217ac544c529b016bf14f95b937d38139b42bb,observation_time_proxy,historical data_available_time is unknown; observation_time is a pseudo-operational proxy
2014-07-15T00:00:00+00:00,2014-07-14,windermere,south,water_temperature,2.0,degC,month_3,2014-09-13,2014-10-12,14.442449949074074,14.442449949074074,2.14078357995718,lead_dependent_anomaly_relaxation,1.0,True,-0.13844483672249952,0.0,128,3,2011|2012|2013,2aa711ce2f2745d3225926f6cd344fc9ddef4ef2c841511b0cc1aa94ea53b00e,observation_time_proxy,historical data_available_time is unknown; observation_time is a pseudo-operational proxy
2014-07-22T00:00:00+00:00,2014-07-21,windermere,south,water_temperature,2.0,degC,month_1,2014-07-22,2014-08-20,18.999680299711162,18.12378131415344,1.9251196007905165,lead_dependent_anomaly_relaxation,1.0,True,0.4549841917343982,0.4549841917343982,136,3,2011|2012|2013,1f92aea4ca280fa03a06dc0d0ff819f311548e2ae969426691160c00482443ec,observation_time_proxy,historical data_available_time is unknown; observation_time is a pseudo-operational proxy
2014-07-22T00:00:00+00:00,2014-07-21,windermere,south,water_temperature,2.0,degC,month_2,2014-08-21,2014-09-19,16.593288746522248,16.471087502314816,1.9251196007905165,lead_dependent_anomaly_relaxation,1.0,True,0.0634772219644174,0.0634772219644174,132,3,2011|2012|2013,9ecdafcc2b07353d035597db05217ac544c529b016bf14f95b937d38139b42bb,observation_time_proxy,historical data_available_time is unknown; observation_time is a pseudo-operational proxy
2014-07-22T00:00:00+00:00,2014-07-21,windermere,south,water_temperature,2.0,degC,month_3,2014-09-20,2014-10-19,13.830544199074074,13.830544199074074,1.9251196007905165,lead_dependent_anomaly_relaxation,1.0,True,-0.13844483672249952,0.0,128,3,2011|2012|2013,2aa711ce2f2745d3225926f6cd344fc9ddef4ef2c841511b0cc1aa94ea53b00e,observation_time_proxy,historical data_available_time is unknown; observation_time is a pseudo-operational proxy
2014-07-29T00:00:00+00:00,2014-07-28,windermere,south,water_temperature,2.0,degC,month_1,2014-07-29,2014-08-27,18.768395439946605,17.898775513227513,1.911318991994218,lead_dependent_anomaly_relaxation,1.0,True,0.4549841917343982,0.4549841917343982,136,3,2011|2012|2013,1f92aea4ca280fa03a06dc0d0ff819f311548e2ae969426691160c00482443ec,observation_time_proxy,historical data_available_time is unknown; observation_time is a pseudo-operational proxy
2014-07-29T00:00:00+00:00,2014-07-28,windermere,south,water_temperature,2.0,degC,month_2,2014-08-28,2014-09-26,15.971450645825549,15.850125425925926,1.911318991994218,lead_dependent_anomaly_relaxation,1.0,True,0.0634772219644174,0.0634772219644174,132,3,2011|2012|2013,9ecdafcc2b07353d035597db05217ac544c529b016bf14f95b937d38139b42bb,observation_time_proxy,historical data_available_time is unknown; observation_time is a pseudo-operational proxy
2014-07-29T00:00:00+00:00,2014-07-28,windermere,south,water_temperature,2.0,degC,month_3,2014-09-27,2014-10-26,13.203335224537037,13.203335224537037,1.911318991994218,lead_dependent_anomaly_relaxation,1.0,True,-0.13844483672249952,0.0,128,3,2011|2012|2013,2aa711ce2f2745d3225926f6cd344fc9ddef4ef2c841511b0cc1aa94ea53b00e,observation_time_proxy,historical data_available_time is unknown; observation_time is a pseudo-operational proxy
2014-08-05T00:00:00+00:00,2014-08-04,windermere,south,water_temperature,2.0,degC,month_1,2014-08-05,2014-09-03,18.523375225091367,17.564538089616402,2.107407582271996,lead_dependent_anomaly_relaxation,1.0,True,0.4549841917343982,0.4549841917343982,136,3,2011|2012|2013,1f92aea4ca280fa03a06dc0d0ff819f311548e2ae969426691160c00482443ec,observation_time_proxy,historical data_available_time is unknown; observation_time is a pseudo-operational proxy
2014-08-05T00:00:00+00:00,2014-08-04,windermere,south,water_temperature,2.0,degC,month_2,2014-09-04,2014-10-03,15.382836601091597,15.249064222222222,2.107407582271996,lead_dependent_anomaly_relaxation,1.0,True,0.0634772219644174,0.0634772219644174,132,3,2011|2012|2013,9ecdafcc2b07353d035597db05217ac544c529b016bf14f95b937d38139b42bb,observation_time_proxy,historical data_available_time is unknown; observation_time is a pseudo-operational proxy
2014-08-05T00:00:00+00:00,2014-08-04,windermere,south,water_temperature,2.0,degC,month_3,2014-10-04,2014-11-02,12.497574878321256,12.497574878321256,2.107407582271996,lead_dependent_anomaly_relaxation,1.0,True,-0.13844483672249952,0.0,128,3,2011|2012|2013,2aa711ce2f2745d3225926f6cd344fc9ddef4ef2c841511b0cc1aa94ea53b00e,observation_time_proxy,historical data_available_time is unknown; observation_time is a pseudo-operational proxy
2014-08-12T00:00:00+00:00,2014-08-11,windermere,south,water_temperature,2.0,degC,month_1,2014-08-12,2014-09-10,18.041288477505653,17.122641627314813,2.0190742159391526,lead_dependent_anomaly_relaxation,1.0,True,0.4549841917343982,0.4549841917343982,136,3,2011|2012|2013,1f92aea4ca280fa03a06dc0d0ff819f311548e2ae969426691160c00482443ec,observation_time_proxy,historical data_available_time is unknown; observation_time is a pseudo-operational proxy
2014-08-12T00:00:00+00:00,2014-08-11,windermere,south,water_temperature,2.0,degC,month_2,2014-09-11,2014-10-10,14.75561574068632,14.627450518518518,2.0190742159391526,lead_dependent_anomaly_relaxation,1.0,True,0.0634772219644174,0.0634772219644174,132,3,2011|2012|2013,9ecdafcc2b07353d035597db05217ac544c529b016bf14f95b937d38139b42bb,observation_time_proxy,historical data_available_time is unknown; observation_time is a pseudo-operational proxy
2014-08-12T00:00:00+00:00,2014-08-11,windermere,south,water_temperature,2.0,degC,month_3,2014-10-11,2014-11-09,11.776196226700886,11.776196226700886,2.0190742159391526,lead_dependent_anomaly_relaxation,1.0,True,-0.13844483672249952,0.0,128,3,2011|2012|2013,2aa711ce2f2745d3225926f6cd344fc9ddef4ef2c841511b0cc1aa94ea53b00e,observation_time_proxy,historical data_available_time is unknown; observation_time is a pseudo-operational proxy
2014-08-19T00:00:00+00:00,2014-08-18,windermere,south,water_temperature,2.0,degC,month_1,2014-08-19,2014-09-17,17.37494112944579,16.62769512037037,1.6423559821428562,lead_dependent_anomaly_relaxation,1.0,True,0.4549841917343982,0.4549841917343982,136,3,2011|2012|2013,1f92aea4ca280fa03a06dc0d0ff819f311548e2ae969426691160c00482443ec,observation_time_proxy,historical data_available_time is unknown; observation_time is a pseudo-operational proxy
2014-08-19T00:00:00+00:00,2014-08-18,windermere,south,water_temperature,2.0,degC,month_2,2014-09-18,2014-10-17,14.106330848000848,14.002078652777778,1.6423559821428562,lead_dependent_anomaly_relaxation,1.0,True,0.0634772219644174,0.0634772219644174,132,3,2011|2012|2013,9ecdafcc2b07353d035597db05217ac544c529b016bf14f95b937d38139b42bb,observation_time_proxy,historical data_available_time is unknown; observation_time is a pseudo-operational proxy
2014-08-19T00:00:00+00:00,2014-08-18,windermere,south,water_temperature,2.0,degC,month_3,2014-10-18,2014-11-16,11.043649539432367,11.043649539432367,1.6423559821428562,lead_dependent_anomaly_relaxation,1.0,True,-0.13844483672249952,0.0,128,3,2011|2012|2013,2aa711ce2f2745d3225926f6cd344fc9ddef4ef2c841511b0cc1aa94ea53b00e,observation_time_proxy,historical data_available_time is unknown; observation_time is a pseudo-operational proxy
2014-08-26T00:00:00+00:00,2014-08-25,windermere,south,water_temperature,2.0,degC,month_1,2014-08-26,2014-09-24,16.391082437812667,16.038092425925925,0.7758291789021179,lead_dependent_anomaly_relaxation,1.0,True,0.4549841917343982,0.4549841917343982,136,3,2011|2012|2013,1f92aea4ca280fa03a06dc0d0ff819f311548e2ae969426691160c00482443ec,observation_time_proxy,historical data_available_time is unknown; observation_time is a pseudo-operational proxy
2014-08-26T00:00:00+00:00,2014-08-25,windermere,south,water_temperature,2.0,degC,month_2,2014-09-25,2014-10-24,13.434405916180827,13.385158435185186,0.7758291789021179,lead_dependent_anomaly_relaxation,1.0,True,0.0634772219644174,0.0634772219644174,132,3,2011|2012|2013,9ecdafcc2b07353d035597db05217ac544c529b016bf14f95b937d38139b42bb,observation_time_proxy,historical data_available_time is unknown; observation_time is a pseudo-operational proxy
2014-08-26T00:00:00+00:00,2014-08-25,windermere,south,water_temperature,2.0,degC,month_3,2014-10-25,2014-11-23,10.364877967441625,10.364877967441625,0.7758291789021179,lead_dependent_anomaly_relaxation,1.0,True,-0.13844483672249952,0.0,128,3,2011|2012|2013,2aa711ce2f2745d3225926f6cd344fc9ddef4ef2c841511b0cc1aa94ea53b00e,observation_time_proxy,historical data_available_time is unknown; observation_time is a pseudo-operational proxy
2014-09-02T00:00:00+00:00,2014-09-01,windermere,south,water_temperature,2.0,degC,month_1,2014-09-02,2014-10-01,15.428615913283709,15.422777921296296,0.012831197420634766,lead_dependent_anomaly_relaxation,1.0,True,0.4549841917343982,0.4549841917343982,136,3,2011|2012|2013,1f92aea4ca280fa03a06dc0d0ff819f311548e2ae969426691160c00482443ec,observation_time_proxy,historical data_available_time is unknown; observation_time is a pseudo-operational proxy
2014-09-02T00:00:00+00:00,2014-09-01,windermere,south,water_temperature,2.0,degC,month_2,2014-10-02,2014-10-31,12.703169621717624,12.702355132950885,0.012831197420634766,lead_dependent_anomaly_relaxation,1.0,True,0.0634772219644174,0.0634772219644174,132,3,2011|2012|2013,9ecdafcc2b07353d035597db05217ac544c529b016bf14f95b937d38139b42bb,observation_time_proxy,historical data_available_time is unknown; observation_time is a pseudo-operational proxy
2014-09-02T00:00:00+00:00,2014-09-01,windermere,south,water_temperature,2.0,degC,month_3,2014-11-01,2014-11-30,9.700829167592593,9.700829167592593,0.012831197420634766,lead_dependent_anomaly_relaxation,1.0,True,-0.13844483672249952,0.0,128,3,2011|2012|2013,2aa711ce2f2745d3225926f6cd344fc9ddef4ef2c841511b0cc1aa94ea53b00e,observation_time_proxy,historical data_available_time is unknown; observation_time is a pseudo-operational proxy
2014-09-09T00:00:00+00:00,2014-09-08,windermere,south,water_temperature,2.0,degC,month_1,2014-09-09,2014-10-08,14.81280996132661,14.805270703703703,0.01657037268518735,lead_dependent_anomaly_relaxation,1.0,True,0.4549841917343982,0.4549841917343982,136,3,2011|2012|2013,1f92aea4ca280fa03a06dc0d0ff819f311548e2ae969426691160c00482443ec,observation_time_proxy,historical data_available_time is unknown; observation_time is a pseudo-operational proxy
2014-09-09T00:00:00+00:00,2014-09-08,windermere,south,water_temperature,2.0,degC,month_2,2014-10-09,2014-11-07,11.986364829036969,11.985312987811998,0.01657037268518735,lead_dependent_anomaly_relaxation,1.0,True,0.0634772219644174,0.0634772219644174,132,3,2011|2012|2013,9ecdafcc2b07353d035597db05217ac544c529b016bf14f95b937d38139b42bb,observation_time_proxy,historical data_available_time is unknown; observation_time is a pseudo-operational proxy
2014-09-09T00:00:00+00:00,2014-09-08,windermere,south,water_temperature,2.0,degC,month_3,2014-11-08,2014-12-07,9.002830125623994,9.002830125623994,0.01657037268518735,lead_dependent_anomaly_relaxation,1.0,True,-0.13844483672249952,0.0,128,3,2011|2012|2013,2aa711ce2f2745d3225926f6cd344fc9ddef4ef2c841511b0cc1aa94ea53b00e,observation_time_proxy,historical data_available_time is unknown; observation_time is a pseudo-operational proxy
2014-09-16T00:00:00+00:00,2014-09-15,windermere,south,water_temperature,2.0,degC,month_1,2014-09-16,2014-10-15,14.327041283740932,14.170241293981482,0.34462733564814485,lead_dependent_anomaly_relaxation,1.0,True,0.4549841917343982,0.4549841917343982,136,3,2011|2012|2013,1f92aea4ca280fa03a06dc0d0ff819f311548e2ae969426691160c00482443ec,observation_time_proxy,historical data_available_time is unknown; observation_time is a pseudo-operational proxy
2014-09-16T00:00:00+00:00,2014-09-15,windermere,south,water_temperature,2.0,degC,month_2,2014-10-16,2014-11-14,11.27178511767342,11.249909131793478,0.34462733564814485,lead_dependent_anomaly_relaxation,1.0,True,0.0634772219644174,0.0634772219644174,132,3,2011|2012|2013,9ecdafcc2b07353d035597db05217ac544c529b016bf14f95b937d38139b42bb,observation_time_proxy,historical data_available_time is unknown; observation_time is a pseudo-operational proxy
2014-09-16T00:00:00+00:00,2014-09-15,windermere,south,water_temperature,2.0,degC,month_3,2014-11-15,2014-12-14,8.309285704327698,8.309285704327698,0.34462733564814485,lead_dependent_anomaly_relaxation,1.0,True,-0.13844483672249952,0.0,128,3,2011|2012|2013,2aa711ce2f2745d3225926f6cd344fc9ddef4ef2c841511b0cc1aa94ea53b00e,observation_time_proxy,historical data_available_time is unknown; observation_time is a pseudo-operational proxy
2014-09-23T00:00:00+00:00,2014-09-22,windermere,south,water_temperature,2.0,degC,month_1,2014-09-23,2014-10-22,14.001232732892014,13.56586187962963,0.9568922638888893,lead_dependent_anomaly_relaxation,1.0,True,0.4549841917343982,0.4549841917343982,136,3,2011|2012|2013,1f92aea4ca280fa03a06dc0d0ff819f311548e2ae969426691160c00482443ec,observation_time_proxy,historical data_available_time is unknown; observation_time is a pseudo-operational proxy
2014-09-23T00:00:00+00:00,2014-09-22,windermere,south,water_temperature,2.0,degC,month_2,2014-10-23,2014-11-21,10.61454945900772,10.553808596376811,0.9568922638888893,lead_dependent_anomaly_relaxation,1.0,True,0.0634772219644174,0.0634772219644174,132,3,2011|2012|2013,9ecdafcc2b07353d035597db05217ac544c529b016bf14f95b937d38139b42bb,observation_time_proxy,historical data_available_time is unknown; observation_time is a pseudo-operational proxy
2014-09-23T00:00:00+00:00,2014-09-22,windermere,south,water_temperature,2.0,degC,month_3,2014-11-22,2014-12-21,7.61654010317029,7.61654010317029,0.9568922638888893,lead_dependent_anomaly_relaxation,1.0,True,-0.13844483672249952,0.0,128,3,2011|2012|2013,2aa711ce2f2745d3225926f6cd344fc9ddef4ef2c841511b0cc1aa94ea53b00e,observation_time_proxy,historical data_available_time is unknown; observation_time is a pseudo-operational proxy
2014-09-30T00:00:00+00:00,2014-09-29,windermere,south,water_temperature,2.0,degC,month_1,2014-09-30,2014-10-29,13.639582371860097,12.910140395833333,1.6032248796296305,lead_dependent_anomaly_relaxation,1.0,True,0.4549841917343982,0.4549841917343982,136,3,2011|2012|2013,1f92aea4ca280fa03a06dc0d0ff819f311548e2ae969426691160c00482443ec,observation_time_proxy,historical data_available_time is unknown; observation_time is a pseudo-operational proxy
2014-09-30T00:00:00+00:00,2014-09-29,windermere,south,water_temperature,2.0,degC,month_2,2014-10-30,2014-11-28,9.993828326438456,9.892060064895329,1.6032248796296305,lead_dependent_anomaly_relaxation,1.0,True,0.0634772219644174,0.0634772219644174,132,3,2011|2012|2013,9ecdafcc2b07353d035597db05217ac544c529b016bf14f95b937d38139b42bb,observation_time_proxy,historical data_available_time is unknown; observation_time is a pseudo-operational proxy
2014-09-30T00:00:00+00:00,2014-09-29,windermere,south,water_temperature,2.0,degC,month_3,2014-11-29,2014-12-28,6.954709623772142,6.954709623772142,1.6032248796296305,lead_dependent_anomaly_relaxation,1.0,True,-0.13844483672249952,0.0,128,3,2011|2012|2013,2aa711ce2f2745d3225926f6cd344fc9ddef4ef2c841511b0cc1aa94ea53b00e,observation_time_proxy,historical data_available_time is unknown; observation_time is a pseudo-operational proxy
2014-10-07T00:00:00+00:00,2014-10-06,windermere,south,water_temperature,2.0,degC,month_1,2014-10-07,2014-11-05,13.063058636615994,12.193930196608292,1.9102387638888878,lead_dependent_anomaly_relaxation,1.0,True,0.4549841917343982,0.4549841917343982,136,3,2011|2012|2013,1f92aea4ca280fa03a06dc0d0ff819f311548e2ae969426691160c00482443ec,observation_time_proxy,historical data_available_time is unknown; observation_time is a pseudo-operational proxy
2014-10-07T00:00:00+00:00,2014-10-06,windermere,south,water_temperature,2.0,degC,month_2,2014-11-06,2014-12-05,9.324023838144402,9.202767188123993,1.9102387638888878,lead_dependent_anomaly_relaxation,1.0,True,0.0634772219644174,0.0634772219644174,132,3,2011|2012|2013,9ecdafcc2b07353d035597db05217ac544c529b016bf14f95b937d38139b42bb,observation_time_proxy,historical data_available_time is unknown; observation_time is a pseudo-operational proxy
2014-10-07T00:00:00+00:00,2014-10-06,windermere,south,water_temperature,2.0,degC,month_3,2014-12-06,2015-01-04,6.269453112137681,6.269453112137681,1.9102387638888878,lead_dependent_anomaly_relaxation,1.0,True,-0.13844483672249952,0.0,128,3,2011|2012|2013,2aa711ce2f2745d3225926f6cd344fc9ddef4ef2c841511b0cc1aa94ea53b00e,observation_time_proxy,historical data_available_time is unknown; observation_time is a pseudo-operational proxy
2014-10-14T00:00:00+00:00,2014-10-13,windermere,south,water_temperature,2.0,degC,month_1,2014-10-14,2014-11-12,12.26011990209129,11.461908681099034,1.7543713287037015,lead_dependent_anomaly_relaxation,1.0,True,0.4549841917343982,0.4549841917343982,136,3,2011|2012|2013,1f92aea4ca280fa03a06dc0d0ff819f311548e2ae969426691160c00482443ec,observation_time_proxy,historical data_available_time is unknown; observation_time is a pseudo-operational proxy
2014-10-14T00:00:00+00:00,2014-10-13,windermere,south,water_temperature,2.0,degC,month_2,2014-11-13,2014-12-12,8.616703398956721,8.505340780716587,1.7543713287037015,lead_dependent_anomaly_relaxation,1.0,True,0.0634772219644174,0.0634772219644174,132,3,2011|2012|2013,9ecdafcc2b07353d035597db05217ac544c529b016bf14f95b937d38139b42bb,observation_time_proxy,historical data_available_time is unknown; observation_time is a pseudo-operational proxy
2014-10-14T00:00:00+00:00,2014-10-13,windermere,south,water_temperature,2.0,degC,month_3,2014-12-13,2015-01-11,5.804032265471014,5.804032265471014,1.7543713287037015,lead_dependent_anomaly_relaxation,1.0,True,-0.13844483672249952,0.0,128,3,2011|2012|2013,2aa711ce2f2745d3225926f6cd344fc9ddef4ef2c841511b0cc1aa94ea53b00e,observation_time_proxy,historical data_available_time is unknown; observation_time is a pseudo-operational proxy
2014-10-21T00:00:00+00:00,2014-10-20,windermere,south,water_temperature,2.0,degC,month_1,2014-10-21,2014-11-19,11.40332872663082,10.746122507487922,1.4444594583333323,lead_dependent_anomaly_relaxation,1.0,True,0.4549841917343982,0.4549841917343982,136,3,2011|2012|2013,1f92aea4ca280fa03a06dc0d0ff819f311548e2ae969426691160c00482443ec,observation_time_proxy,historical data_available_time is unknown; observation_time is a pseudo-operational proxy
2014-10-21T00:00:00+00:00,2014-10-20,windermere,south,water_temperature,2.0,degC,month_2,2014-11-20,2014-12-19,7.907001250436628,7.815310976781401,1.4444594583333323,lead_dependent_anomaly_relaxation,1.0,True,0.0634772219644174,0.0634772219644174,132,3,2011|2012|2013,9ecdafcc2b07353d035597db05217ac544c529b016bf14f95b937d38139b42bb,observation_time_proxy,historical data_available_time is unknown; observation_time is a pseudo-operational proxy
2014-10-21T00:00:00+00:00,2014-10-20,windermere,south,water_temperature,2.0,degC,month_3,2014-12-20,2015-01-18,5.450859372137681,5.450859372137681,1.4444594583333323,lead_dependent_anomaly_relaxation,1.0,True,-0.13844483672249952,0.0,128,3,2011|2012|2013,2aa711ce2f2745d3225926f6cd344fc9ddef4ef2c841511b0cc1aa94ea53b00e,observation_time_proxy,historical data_available_time is unknown; observation_time is a pseudo-operational proxy
2014-10-28T00:00:00+00:00,2014-10-27,windermere,south,water_temperature,2.0,degC,month_1,2014-10-28,2014-11-26,10.561227631498138,10.083331447997182,1.0503577754629614,lead_dependent_anomaly_relaxation,1.0,True,0.4549841917343982,0.4549841917343982,136,3,2011|2012|2013,1f92aea4ca280fa03a06dc0d0ff819f311548e2ae969426691160c00482443ec,observation_time_proxy,historical data_available_time is unknown; observation_time is a pseudo-operational proxy
2014-10-28T00:00:00+00:00,2014-10-27,windermere,south,water_temperature,2.0,degC,month_2,2014-11-27,2014-12-26,7.197460194279107,7.130786400623993,1.0503577754629614,lead_dependent_anomaly_relaxation,1.0,True,0.0634772219644174,0.0634772219644174,132,3,2011|2012|2013,9ecdafcc2b07353d035597db05217ac544c529b016bf14f95b937d38139b42bb,observation_time_proxy,historical data_available_time is unknown; observation_time is a pseudo-operational proxy
2014-10-28T00:00:00+00:00,2014-10-27,windermere,south,water_temperature,2.0,degC,month_3,2014-12-27,2015-01-25,5.147673668824189,5.147673668824189,1.0503577754629614,lead_dependent_anomaly_relaxation,1.0,True,-0.13844483672249952,0.0,128,3,2011|2012|2013,2aa711ce2f2745d3225926f6cd344fc9ddef4ef2c841511b0cc1aa94ea53b00e,observation_time_proxy,historical data_available_time is unknown; observation_time is a pseudo-operational proxy
2014-11-04T00:00:00+00:00,2014-11-03,windermere,south,water_temperature,2.0,degC,month_1,2014-11-04,2014-12-03,9.766651592514751,9.404594740670289,0.7957569920491157,lead_dependent_anomaly_relaxation,1.0,True,0.4549841917343982,0.4549841917343982,136,3,2011|2012|2013,1f92aea4ca280fa03a06dc0d0ff819f311548e2ae969426691160c00482443ec,observation_time_proxy,historical data_available_time is unknown; observation_time is a pseudo-operational proxy
2014-11-04T00:00:00+00:00,2014-11-03,windermere,south,water_temperature,2.0,degC,month_2,2014-12-04,2015-01-02,6.609868741209064,6.559356297995025,0.7957569920491157,lead_dependent_anomaly_relaxation,1.0,True,0.0634772219644174,0.0634772219644174,132,3,2011|2012|2013,9ecdafcc2b07353d035597db05217ac544c529b016bf14f95b937d38139b42bb,observation_time_proxy,historical data_available_time is unknown; observation_time is a pseudo-operational proxy
2014-11-04T00:00:00+00:00,2014-11-03,windermere,south,water_temperature,2.0,degC,month_3,2015-01-03,2015-02-01,4.984961108217592,4.984961108217592,0.7957569920491157,lead_dependent_anomaly_relaxation,1.0,True,-0.13844483672249952,0.0,128,3,2011|2012|2013,2aa711ce2f2745d3225926f6cd344fc9ddef4ef2c841511b0cc1aa94ea53b00e,observation_time_proxy,historical data_available_time is unknown; observation_time is a pseudo-operational proxy
2014-11-11T00:00:00+00:00,2014-11-10,windermere,south,water_temperature,2.0,degC,month_1,2014-11-11,2014-12-10,9.019869696322365,8.701738933494363,0.6992127827898553,lead_dependent_anomaly_relaxation,1.0,True,0.4549841917343982,0.4549841917343982,136,3,2011|2012|2013,1f92aea4ca280fa03a06dc0d0ff819f311548e2ae969426691160c00482443ec,observation_time_proxy,historical data_available_time is unknown; observation_time is a pseudo-operational proxy
2014-11-11T00:00:00+00:00,2014-11-10,windermere,south,water_temperature,2.0,degC,month_2,2014-12-11,2015-01-09,5.974587912984524,5.930203827971014,0.6992127827898553,lead_dependent_anomaly_relaxation,1.0,True,0.0634772219644174,0.0634772219644174,132,3,2011|2012|2013,9ecdafcc2b07353d035597db05217ac544c529b016bf14f95b937d38139b42bb,observation_time_proxy,historical data_available_time is unknown; observation_time is a pseudo-operational proxy
2014-11-11T00:00:00+00:00,2014-11-10,windermere,south,water_temperature,2.0,degC,month_3,2015-01-10,2015-02-08,4.784489628852513,4.784489628852513,0.6992127827898553,lead_dependent_anomaly_relaxation,1.0,True,-0.13844483672249952,0.0,128,3,2011|2012|2013,2aa711ce2f2745d3225926f6cd344fc9ddef4ef2c841511b0cc1aa94ea53b00e,observation_time_proxy,historical data_available_time is unknown; observation_time is a pseudo-operational proxy
2014-11-18T00:00:00+00:00,2014-11-17,windermere,south,water_temperature,2.0,degC,month_1,2014-11-18,2014-12-17,8.342352399458925,8.011819945994365,0.7264701927435588,lead_dependent_anomaly_relaxation,1.0,True,0.4549841917343982,0.4549841917343982,136,3,2011|2012|2013,1f92aea4ca280fa03a06dc0d0ff819f311548e2ae969426691160c00482443ec,observation_time_proxy,historical data_available_time is unknown; observation_time is a pseudo-operational proxy
2014-11-18T00:00:00+00:00,2014-11-17,windermere,south,water_temperature,2.0,degC,month_2,2014-12-18,2015-01-16,5.584303414312997,5.538189104637681,0.7264701927435588,lead_dependent_anomaly_relaxation,1.0,True,0.0634772219644174,0.0634772219644174,132,3,2011|2012|2013,9ecdafcc2b07353d035597db05217ac544c529b016bf14f95b937d38139b42bb,observation_time_proxy,historical data_available_time is unknown; observation_time is a pseudo-operational proxy
2014-11-18T00:00:00+00:00,2014-11-17,windermere,south,water_temperature,2.0,degC,month_3,2015-01-17,2015-02-15,4.623070745006614,4.623070745006614,0.7264701927435588,lead_dependent_anomaly_relaxation,1.0,True,-0.13844483672249952,0.0,128,3,2011|2012|2013,2aa711ce2f2745d3225926f6cd344fc9ddef4ef2c841511b0cc1aa94ea53b00e,observation_time_proxy,historical data_available_time is unknown; observation_time is a pseudo-operational proxy
2014-11-25T00:00:00+00:00,2014-11-24,windermere,south,water_temperature,2.0,degC,month_1,2014-11-25,2014-12-24,7.672483769513071,7.3196986809480675,0.775378782326893,lead_dependent_anomaly_relaxation,1.0,True,0.4549841917343982,0.4549841917343982,136,3,2011|2012|2013,1f92aea4ca280fa03a06dc0d0ff819f311548e2ae969426691160c00482443ec,observation_time_proxy,historical data_available_time is unknown; observation_time is a pseudo-operational proxy
2014-11-25T00:00:00+00:00,2014-11-24,windermere,south,water_temperature,2.0,degC,month_2,2014-12-25,2015-01-23,5.279495947495659,5.230277056423395,0.775378782326893,lead_dependent_anomaly_relaxation,1.0,True,0.0634772219644174,0.0634772219644174,132,3,2011|2012|2013,9ecdafcc2b07353d035597db05217ac544c529b016bf14f95b937d38139b42bb,observation_time_proxy,historical data_available_time is unknown; observation_time is a pseudo-operational proxy
2014-11-25T00:00:00+00:00,2014-11-24,windermere,south,water_temperature,2.0,degC,month_3,2015-01-24,2015-02-22,4.503461230324074,4.503461230324074,0.775378782326893,lead_dependent_anomaly_relaxation,1.0,True,-0.13844483672249952,0.0,128,3,2011|2012|2013,2aa711ce2f2745d3225926f6cd344fc9ddef4ef2c841511b0cc1aa94ea53b00e,observation_time_proxy,historical data_available_time is unknown; observation_time is a pseudo-operational proxy
2014-12-02T00:00:00+00:00,2014-12-01,windermere,south,water_temperature,2.0,degC,month_1,2014-12-02,2014-12-31,7.1031222434984205,6.70308138708736,0.8792412212962972,lead_dependent_anomaly_relaxation,1.0,True,0.4549841917343982,0.4549841917343982,136,3,2011|2012|2013,1f92aea4ca280fa03a06dc0d0ff819f311548e2ae969426691160c00482443ec,observation_time_proxy,historical data_available_time is unknown; observation_time is a pseudo-operational proxy
2014-12-02T00:00:00+00:00,2014-12-01,windermere,south,water_temperature,2.0,degC,month_2,2015-01-01,2015-01-30,5.111527881604708,5.0557160914402175,0.8792412212962972,lead_dependent_anomaly_relaxation,1.0,True,0.0634772219644174,0.0634772219644174,132,3,2011|2012|2013,9ecdafcc2b07353d035597db05217ac544c529b016bf14f95b937d38139b42bb,observation_time_proxy,historical data_available_time is unknown; observation_time is a pseudo-operational proxy
2014-12-02T00:00:00+00:00,2014-12-01,windermere,south,water_temperature,2.0,degC,month_3,2015-01-31,2015-03-01,4.435112518981482,4.435112518981482,0.8792412212962972,lead_dependent_anomaly_relaxation,1.0,True,-0.13844483672249952,0.0,128,3,2011|2012|2013,2aa711ce2f2745d3225926f6cd344fc9ddef4ef2c841511b0cc1aa94ea53b00e,observation_time_proxy,historical data_available_time is unknown; observation_time is a pseudo-operational proxy
2014-12-09T00:00:00+00:00,2014-12-08,windermere,south,water_temperature,2.0,degC,month_1,2014-12-09,2015-01-07,6.526636200461939,6.059212141304347,1.0273413178945248,lead_dependent_anomaly_relaxation,1.0,True,0.4549841917343982,0.4549841917343982,136,3,2011|2012|2013,1f92aea4ca280fa03a06dc0d0ff819f311548e2ae969426691160c00482443ec,observation_time_proxy,historical data_available_time is unknown; observation_time is a pseudo-operational proxy
2014-12-09T00:00:00+00:00,2014-12-08,windermere,south,water_temperature,2.0,degC,month_2,2015-01-08,2015-02-06,4.901015962386404,4.835803189517196,1.0273413178945248,lead_dependent_anomaly_relaxation,1.0,True,0.0634772219644174,0.0634772219644174,132,3,2011|2012|2013,9ecdafcc2b07353d035597db05217ac544c529b016bf14f95b937d38139b42bb,observation_time_proxy,historical data_available_time is unknown; observation_time is a pseudo-operational proxy
2014-12-09T00:00:00+00:00,2014-12-08,windermere,south,water_temperature,2.0,degC,month_3,2015-02-07,2015-03-08,4.462162656944445,4.462162656944445,1.0273413178945248,lead_dependent_anomaly_relaxation,1.0,True,-0.13844483672249952,0.0,128,3,2011|2012|2013,2aa711ce2f2745d3225926f6cd344fc9ddef4ef2c841511b0cc1aa94ea53b00e,observation_time_proxy,historical data_available_time is unknown; observation_time is a pseudo-operational proxy
2014-12-16T00:00:00+00:00,2014-12-15,windermere,south,water_temperature,2.0,degC,month_1,2014-12-16,2015-01-14,6.149223283806096,5.639627506859903,1.1200296322463767,lead_dependent_anomaly_relaxation,1.0,True,0.4549841917343982,0.4549841917343982,136,3,2011|2012|2013,1f92aea4ca280fa03a06dc0d0ff819f311548e2ae969426691160c00482443ec,observation_time_proxy,historical data_available_time is unknown; observation_time is a pseudo-operational proxy
2014-12-16T00:00:00+00:00,2014-12-15,windermere,south,water_temperature,2.0,degC,month_2,2015-01-15,2015-02-13,4.742366576633013,4.671270207060185,1.1200296322463767,lead_dependent_anomaly_relaxation,1.0,True,0.0634772219644174,0.0634772219644174,132,3,2011|2012|2013,9ecdafcc2b07353d035597db05217ac544c529b016bf14f95b937d38139b42bb,observation_time_proxy,historical data_available_time is unknown; observation_time is a pseudo-operational proxy
2014-12-16T00:00:00+00:00,2014-12-15,windermere,south,water_temperature,2.0,degC,month_3,2015-02-14,2015-03-15,4.554412205324074,4.554412205324074,1.1200296322463767,lead_dependent_anomaly_relaxation,1.0,True,-0.13844483672249952,0.0,128,3,2011|2012|2013,2aa711ce2f2745d3225926f6cd344fc9ddef4ef2c841511b0cc1aa94ea53b00e,observation_time_proxy,historical data_available_time is unknown; observation_time is a pseudo-operational proxy
2014-12-23T00:00:00+00:00,2014-12-22,windermere,south,water_temperature,2.0,degC,month_1,2014-12-23,2015-01-21,5.864717091632127,5.316240654062284,1.2054846026167478,lead_dependent_anomaly_relaxation,1.0,True,0.4549841917343982,0.4549841917343982,136,3,2011|2012|2013,1f92aea4ca280fa03a06dc0d0ff819f311548e2ae969426691160c00482443ec,observation_time_proxy,historical data_available_time is unknown; observation_time is a pseudo-operational proxy
2014-12-23T00:00:00+00:00,2014-12-22,windermere,south,water_temperature,2.0,degC,month_2,2015-01-22,2015-02-20,4.611247318093139,4.534726504398148,1.2054846026167478,lead_dependent_anomaly_relaxation,1.0,True,0.0634772219644174,0.0634772219644174,132,3,2011|2012|2013,9ecdafcc2b07353d035597db05217ac544c529b016bf14f95b937d38139b42bb,observation_time_proxy,historical data_available_time is unknown; observation_time is a pseudo-operational proxy
2014-12-23T00:00:00+00:00,2014-12-22,windermere,south,water_temperature,2.0,degC,month_3,2015-02-21,2015-03-22,4.767804195138889,4.767804195138889,1.2054846026167478,lead_dependent_anomaly_relaxation,1.0,True,-0.13844483672249952,0.0,128,3,2011|2012|2013,2aa711ce2f2745d3225926f6cd344fc9ddef4ef2c841511b0cc1aa94ea53b00e,observation_time_proxy,historical data_available_time is unknown; observation_time is a pseudo-operational proxy
2014-12-30T00:00:00+00:00,2014-12-29,windermere,south,water_temperature,2.0,degC,month_1,2014-12-30,2015-01-28,5.6379120679050585,5.027404578129745,1.3418213222926738,lead_dependent_anomaly_relaxation,1.0,True,0.4549841917343982,0.4549841917343982,136,3,2011|2012|2013,1f92aea4ca280fa03a06dc0d0ff819f311548e2ae969426691160c00482443ec,observation_time_proxy,historical data_available_time is unknown; observation_time is a pseudo-operational proxy
2014-12-30T00:00:00+00:00,2014-12-29,windermere,south,water_temperature,2.0,degC,month_2,2015-01-29,2015-02-27,4.530413169772872,4.445238079861111,1.3418213222926738,lead_dependent_anomaly_relaxation,1.0,True,0.0634772219644174,0.0634772219644174,132,3,2011|2012|2013,9ecdafcc2b07353d035597db05217ac544c529b016bf14f95b937d38139b42bb,observation_time_proxy,historical data_available_time is unknown; observation_time is a pseudo-operational proxy
2014-12-30T00:00:00+00:00,2014-12-29,windermere,south,water_temperature,2.0,degC,month_3,2015-02-28,2015-03-29,5.105579477083333,5.105579477083333,1.3418213222926738,lead_dependent_anomaly_relaxation,1.0,True,-0.13844483672249952,0.0,128,3,2011|2012|2013,2aa711ce2f2745d3225926f6cd344fc9ddef4ef2c841511b0cc1aa94ea53b00e,observation_time_proxy,historical data_available_time is unknown; observation_time is a pseudo-operational proxy
2015-01-06T00:00:00+00:00,2015-01-05,windermere,south,water_temperature,2.0,degC,month_1,2015-01-06,2015-02-04,5.774458679445982,5.041879689087302,1.3515788840982284,lead_dependent_anomaly_relaxation,1.0,True,0.5420171911367618,0.5420171911367618,189,4,2011|2012|2013|2014,b05342239154ab1a01bba34d74f6dce57a3b40abd2fa3044ce10a5cbf6be95cf,observation_time_proxy,historical data_available_time is unknown; observation_time is a pseudo-operational proxy
2015-01-06T00:00:00+00:00,2015-01-05,windermere,south,water_temperature,2.0,degC,month_2,2015-02-05,2015-03-06,4.911117589563165,4.591985384126984,1.3515788840982284,lead_dependent_anomaly_relaxation,1.0,True,0.2361180758229335,0.2361180758229335,184,4,2011|2012|2013|2014,07e6e1f90210f0b967629dda95bdfb3552a0e0025d0eef416489cec48cfe4c51,observation_time_proxy,historical data_available_time is unknown; observation_time is a pseudo-operational proxy
2015-01-06T00:00:00+00:00,2015-01-05,windermere,south,water_temperature,2.0,degC,month_3,2015-03-07,2015-04-05,5.75651215114036,5.662219915674603,1.3515788840982284,lead_dependent_anomaly_relaxation,1.0,True,0.06976450769920721,0.06976450769920721,180,4,2011|2012|2013|2014,1b47f2c0080299c15fc2d8212482d6fad5cc035678b47add584dd04d0dfd6d40,observation_time_proxy,historical data_available_time is unknown; observation_time is a pseudo-operational proxy
2015-01-13T00:00:00+00:00,2015-01-12,windermere,south,water_temperature,2.0,degC,month_1,2015-01-13,2015-02-11,5.6178379503712055,4.864836916709184,1.3892567357185985,lead_dependent_anomaly_relaxation,1.0,True,0.5420171911367618,0.5420171911367618,189,4,2011|2012|2013|2014,b05342239154ab1a01bba34d74f6dce57a3b40abd2fa3044ce10a5cbf6be95cf,observation_time_proxy,historical data_available_time is unknown; observation_time is a pseudo-operational proxy
2015-01-13T00:00:00+00:00,2015-01-12,windermere,south,water_temperature,2.0,degC,month_2,2015-02-12,2015-03-13,4.997698449880972,4.669669822619047,1.3892567357185985,lead_dependent_anomaly_relaxation,1.0,True,0.2361180758229335,0.2361180758229335,184,4,2011|2012|2013|2014,07e6e1f90210f0b967629dda95bdfb3552a0e0025d0eef416489cec48cfe4c51,observation_time_proxy,historical data_available_time is unknown; observation_time is a pseudo-operational proxy
2015-01-13T00:00:00+00:00,2015-01-12,windermere,south,water_temperature,2.0,degC,month_3,2015-03-14,2015-04-12,6.233521686639977,6.1366008744047615,1.3892567357185985,lead_dependent_anomaly_relaxation,1.0,True,0.06976450769920721,0.06976450769920721,180,4,2011|2012|2013|2014,1b47f2c0080299c15fc2d8212482d6fad5cc035678b47add584dd04d0dfd6d40,observation_time_proxy,historical data_available_time is unknown; observation_time is a pseudo-operational proxy
2015-01-20T00:00:00+00:00,2015-01-19,windermere,south,water_temperature,2.0,degC,month_1,2015-01-20,2015-02-18,5.4683481541210135,4.71130505734127,1.3967141802126468,lead_dependent_anomaly_relaxation,1.0,True,0.5420171911367618,0.5420171911367618,189,4,2011|2012|2013|2014,b05342239154ab1a01bba34d74f6dce57a3b40abd2fa3044ce10a5cbf6be95cf,observation_time_proxy,historical data_available_time is unknown; observation_time is a pseudo-operational proxy
2015-01-20T00:00:00+00:00,2015-01-19,windermere,south,water_temperature,2.0,degC,month_2,2015-02-19,2015-03-20,5.188408801412765,4.858619336706349,1.3967141802126468,lead_dependent_anomaly_relaxation,1.0,True,0.2361180758229335,0.2361180758229335,184,4,2011|2012|2013|2014,07e6e1f90210f0b967629dda95bdfb3552a0e0025d0eef416489cec48cfe4c51,observation_time_proxy,historical data_available_time is unknown; observation_time is a pseudo-operational proxy
2015-01-20T00:00:00+00:00,2015-01-19,windermere,south,water_temperature,2.0,degC,month_3,2015-03-21,2015-04-19,6.846976694242529,6.749535617063492,1.3967141802126468,lead_dependent_anomaly_relaxation,1.0,True,0.06976450769920721,0.06976450769920721,180,4,2011|2012|2013|2014,1b47f2c0080299c15fc2d8212482d6fad5cc035678b47add584dd04d0dfd6d40,observation_time_proxy,historical data_available_time is unknown; observation_time is a pseudo-operational proxy
2015-01-27T00:00:00+00:00,2015-01-26,windermere,south,water_temperature,2.0,degC,month_1,2015-01-27,2015-02-25,5.277516543496606,4.6033433,1.2438226213502128,lead_dependent_anomaly_relaxation,1.0,True,0.5420171911367618,0.5420171911367618,189,4,2011|2012|2013|2014,b05342239154ab1a01bba34d74f6dce57a3b40abd2fa3044ce10a5cbf6be95cf,observation_time_proxy,historical data_available_time is unknown; observation_time is a pseudo-operational proxy
2015-01-27T00:00:00+00:00,2015-01-26,windermere,south,water_temperature,2.0,degC,month_2,2015-02-26,2015-03-27,5.451156016518249,5.1574670125,1.2438226213502128,lead_dependent_anomaly_relaxation,1.0,True,0.2361180758229335,0.2361180758229335,184,4,2011|2012|2013|2014,07e6e1f90210f0b967629dda95bdfb3552a0e0025d0eef416489cec48cfe4c51,observation_time_proxy,historical data_available_time is unknown; observation_time is a pseudo-operational proxy
2015-01-27T00:00:00+00:00,2015-01-26,windermere,south,water_temperature,2.0,degC,month_3,2015-03-28,2015-04-26,7.624325684417709,7.537551011574074,1.2438226213502128,lead_dependent_anomaly_relaxation,1.0,True,0.06976450769920721,0.06976450769920721,180,4,2011|2012|2013|2014,1b47f2c0080299c15fc2d8212482d6fad5cc035678b47add584dd04d0dfd6d40,observation_time_proxy,historical data_available_time is unknown; observation_time is a pseudo-operational proxy
2015-02-03T00:00:00+00:00,2015-02-02,windermere,south,water_temperature,2.0,degC,month_1,2015-02-03,2015-03-04,5.119395700708451,4.582935807738095,0.9897470075538548,lead_dependent_anomaly_relaxation,1.0,True,0.5420171911367618,0.5420171911367618,189,4,2011|2012|2013|2014,b05342239154ab1a01bba34d74f6dce57a3b40abd2fa3044ce10a5cbf6be95cf,observation_time_proxy,historical data_available_time is unknown; observation_time is a pseudo-operational proxy
2015-02-03T00:00:00+00:00,2015-02-02,windermere,south,water_temperature,2.0,degC,month_2,2015-03-05,2015-04-03,5.790988740125916,5.5572915811507935,0.9897470075538548,lead_dependent_anomaly_relaxation,1.0,True,0.2361180758229335,0.2361180758229335,184,4,2011|2012|2013|2014,07e6e1f90210f0b967629dda95bdfb3552a0e0025d0eef416489cec48cfe4c51,observation_time_proxy,historical data_available_time is unknown; observation_time is a pseudo-operational proxy
2015-02-03T00:00:00+00:00,2015-02-02,windermere,south,water_temperature,2.0,degC,month_3,2015-04-04,2015-05-03,8.34892416434913,8.279874951620371,0.9897470075538548,lead_dependent_anomaly_relaxation,1.0,True,0.06976450769920721,0.06976450769920721,180,4,2011|2012|2013|2014,1b47f2c0080299c15fc2d8212482d6fad5cc035678b47add584dd04d0dfd6d40,observation_time_proxy,historical data_available_time is unknown; observation_time is a pseudo-operational proxy
2015-02-10T00:00:00+00:00,2015-02-09,windermere,south,water_temperature,2.0,degC,month_1,2015-02-10,2015-03-11,5.034110383219362,4.638632569642857,0.7296407199688213,lead_dependent_anomaly_relaxation,1.0,True,0.5420171911367618,0.5420171911367618,189,4,2011|2012|2013|2014,b05342239154ab1a01bba34d74f6dce57a3b40abd2fa3044ce10a5cbf6be95cf,observation_time_proxy,historical data_available_time is unknown; observation_time is a pseudo-operational proxy
2015-02-10T00:00:00+00:00,2015-02-09,windermere,south,water_temperature,2.0,degC,month_2,2015-03-12,2015-04-10,6.140847459666494,5.968566096825397,0.7296407199688213,lead_dependent_anomaly_relaxation,1.0,True,0.2361180758229335,0.2361180758229335,184,4,2011|2012|2013|2014,07e6e1f90210f0b967629dda95bdfb3552a0e0025d0eef416489cec48cfe4c51,observation_time_proxy,historical data_available_time is unknown; observation_time is a pseudo-operational proxy
2015-02-10T00:00:00+00:00,2015-02-09,windermere,south,water_temperature,2.0,degC,month_3,2015-04-11,2015-05-10,9.231245403635178,9.180342378009259,0.7296407199688213,lead_dependent_anomaly_relaxation,1.0,True,0.06976450769920721,0.06976450769920721,180,4,2011|2012|2013|2014,1b47f2c0080299c15fc2d8212482d6fad5cc035678b47add584dd04d0dfd6d40,observation_time_proxy,historical data_available_time is unknown; observation_time is a pseudo-operational proxy
2015-02-17T00:00:00+00:00,2015-02-16,windermere,south,water_temperature,2.0,degC,month_1,2015-02-17,2015-03-18,5.052954652978349,4.7906717202380955,0.48390150170361323,lead_dependent_anomaly_relaxation,1.0,True,0.5420171911367618,0.5420171911367618,189,4,2011|2012|2013|2014,b05342239154ab1a01bba34d74f6dce57a3b40abd2fa3044ce10a5cbf6be95cf,observation_time_proxy,historical data_available_time is unknown; observation_time is a pseudo-operational proxy
2015-02-17T00:00:00+00:00,2015-02-16,windermere,south,water_temperature,2.0,degC,month_2,2015-03-19,2015-04-17,6.674869075398657,6.560611183928572,0.48390150170361323,lead_dependent_anomaly_relaxation,1.0,True,0.2361180758229335,0.2361180758229335,184,4,2011|2012|2013|2014,07e6e1f90210f0b967629dda95bdfb3552a0e0025d0eef416489cec48cfe4c51,observation_time_proxy,historical data_available_time is unknown; observation_time is a pseudo-operational proxy
2015-02-17T00:00:00+00:00,2015-02-16,windermere,south,water_temperature,2.0,degC,month_3,2015-04-18,2015-05-17,10.09028921115237,10.056530061111111,0.48390150170361323,lead_dependent_anomaly_relaxation,1.0,True,0.06976450769920721,0.06976450769920721,180,4,2011|2012|2013|2014,1b47f2c0080299c15fc2d8212482d6fad5cc035678b47add584dd04d0dfd6d40,observation_time_proxy,historical data_available_time is unknown; observation_time is a pseudo-operational proxy
2015-02-24T00:00:00+00:00,2015-02-23,windermere,south,water_temperature,2.0,degC,month_1,2015-02-24,2015-03-25,5.247439730642288,5.062003312103175,0.34212276210317416,lead_dependent_anomaly_relaxation,1.0,True,0.5420171911367618,0.5420171911367618,189,4,2011|2012|2013|2014,b05342239154ab1a01bba34d74f6dce57a3b40abd2fa3044ce10a5cbf6be95cf,observation_time_proxy,historical data_available_time is unknown; observation_time is a pseudo-operational proxy
2015-02-24T00:00:00+00:00,2015-02-23,windermere,south,water_temperature,2.0,degC,month_2,2015-03-26,2015-04-24,7.412971718745992,7.332190350462963,0.34212276210317416,lead_dependent_anomaly_relaxation,1.0,True,0.2361180758229335,0.2361180758229335,184,4,2011|2012|2013|2014,07e6e1f90210f0b967629dda95bdfb3552a0e0025d0eef416489cec48cfe4c51,observation_time_proxy,historical data_available_time is unknown; observation_time is a pseudo-operational proxy
2015-02-24T00:00:00+00:00,2015-02-23,windermere,south,water_temperature,2.0,degC,month_3,2015-04-25,2015-05-24,10.93933766218193,10.91546963611111,0.34212276210317416,lead_dependent_anomaly_relaxation,1.0,True,0.06976450769920721,0.06976450769920721,180,4,2011|2012|2013|2014,1b47f2c0080299c15fc2d8212482d6fad5cc035678b47add584dd04d0dfd6d40,observation_time_proxy,historical data_available_time is unknown; observation_time is a pseudo-operational proxy
2015-03-03T00:00:00+00:00,2015-03-02,windermere,south,water_temperature,2.0,degC,month_1,2015-03-03,2015-04-01,5.562506720627893,5.441656266269841,0.22296424603174536,lead_dependent_anomaly_relaxation,1.0,True,0.5420171911367618,0.5420171911367618,189,4,2011|2012|2013|2014,b05342239154ab1a01bba34d74f6dce57a3b40abd2fa3044ce10a5cbf6be95cf,observation_time_proxy,historical data_available_time is unknown; observation_time is a pseudo-operational proxy
2015-03-03T00:00:00+00:00,2015-03-02,windermere,south,water_temperature,2.0,degC,month_2,2015-04-02,2015-05-01,8.11393943481514,8.061293546064814,0.22296424603174536,lead_dependent_anomaly_relaxation,1.0,True,0.2361180758229335,0.2361180758229335,184,4,2011|2012|2013|2014,07e6e1f90210f0b967629dda95bdfb3552a0e0025d0eef416489cec48cfe4c51,observation_time_proxy,historical data_available_time is unknown; observation_time is a pseudo-operational proxy
2015-03-03T00:00:00+00:00,2015-03-02,windermere,south,water_temperature,2.0,degC,month_3,2015-05-02,2015-05-31,11.914643452962103,11.899088462103174,0.22296424603174536,lead_dependent_anomaly_relaxation,1.0,True,0.06976450769920721,0.06976450769920721,180,4,2011|2012|2013|2014,1b47f2c0080299c15fc2d8212482d6fad5cc035678b47add584dd04d0dfd6d40,observation_time_proxy,historical data_available_time is unknown; observation_time is a pseudo-operational proxy
2015-03-10T00:00:00+00:00,2015-03-09,windermere,south,water_temperature,2.0,degC,month_1,2015-03-10,2015-04-08,5.929560565646194,5.834254703769841,0.1758354964285722,lead_dependent_anomaly_relaxation,1.0,True,0.5420171911367618,0.5420171911367618,189,4,2011|2012|2013|2014,b05342239154ab1a01bba34d74f6dce57a3b40abd2fa3044ce10a5cbf6be95cf,observation_time_proxy,historical data_available_time is unknown; observation_time is a pseudo-operational proxy
2015-03-10T00:00:00+00:00,2015-03-09,windermere,south,water_temperature,2.0,degC,month_2,2015-04-09,2015-05-08,8.969421219865122,8.927903280787037,0.1758354964285722,lead_dependent_anomaly_relaxation,1.0,True,0.2361180758229335,0.2361180758229335,184,4,2011|2012|2013|2014,07e6e1f90210f0b967629dda95bdfb3552a0e0025d0eef416489cec48cfe4c51,observation_time_proxy,historical data_available_time is unknown; observation_time is a pseudo-operational proxy
2015-03-10T00:00:00+00:00,2015-03-09,windermere,south,water_temperature,2.0,degC,month_3,2015-05-09,2015-06-07,13.042955590801691,13.030688513957307,0.1758354964285722,lead_dependent_anomaly_relaxation,1.0,True,0.06976450769920721,0.06976450769920721,180,4,2011|2012|2013|2014,1b47f2c0080299c15fc2d8212482d6fad5cc035678b47add584dd04d0dfd6d40,observation_time_proxy,historical data_available_time is unknown; observation_time is a pseudo-operational proxy
2015-03-17T00:00:00+00:00,2015-03-16,windermere,south,water_temperature,2.0,degC,month_1,2015-03-17,2015-04-15,6.464842243670594,6.385740240277777,0.1459400267857136,lead_dependent_anomaly_relaxation,1.0,True,0.5420171911367618,0.5420171911367618,189,4,2011|2012|2013|2014,b05342239154ab1a01bba34d74f6dce57a3b40abd2fa3044ce10a5cbf6be95cf,observation_time_proxy,historical data_available_time is unknown; observation_time is a pseudo-operational proxy
2015-03-17T00:00:00+00:00,2015-03-16,windermere,south,water_temperature,2.0,degC,month_2,2015-04-16,2015-05-15,9.837602430162042,9.803143351851851,0.1459400267857136,lead_dependent_anomaly_relaxation,1.0,True,0.2361180758229335,0.2361180758229335,184,4,2011|2012|2013|2014,07e6e1f90210f0b967629dda95bdfb3552a0e0025d0eef416489cec48cfe4c51,observation_time_proxy,historical data_available_time is unknown; observation_time is a pseudo-operational proxy
2015-03-17T00:00:00+00:00,2015-03-16,windermere,south,water_temperature,2.0,degC,month_3,2015-05-16,2015-06-14,14.16547576000491,14.155294325882595,0.1459400267857136,lead_dependent_anomaly_relaxation,1.0,True,0.06976450769920721,0.06976450769920721,180,4,2011|2012|2013|2014,1b47f2c0080299c15fc2d8212482d6fad5cc035678b47add584dd04d0dfd6d40,observation_time_proxy,historical data_available_time is unknown; observation_time is a pseudo-operational proxy
2015-03-24T00:00:00+00:00,2015-03-23,windermere,south,water_temperature,2.0,degC,month_1,2015-03-24,2015-04-22,7.094021984849756,7.039119782506184,0.10129236349206394,lead_dependent_anomaly_relaxation,1.0,True,0.5420171911367618,0.5420171911367618,189,4,2011|2012|2013|2014,b05342239154ab1a01bba34d74f6dce57a3b40abd2fa3044ce10a5cbf6be95cf,observation_time_proxy,historical data_available_time is unknown; observation_time is a pseudo-operational proxy
2015-03-24T00:00:00+00:00,2015-03-23,windermere,south,water_temperature,2.0,degC,month_2,2015-04-23,2015-05-22,10.692760674861452,10.668843716898149,0.10129236349206394,lead_dependent_anomaly_relaxation,1.0,True,0.2361180758229335,0.2361180758229335,184,4,2011|2012|2013|2014,07e6e1f90210f0b967629dda95bdfb3552a0e0025d0eef416489cec48cfe4c51,observation_time_proxy,historical data_available_time is unknown; observation_time is a pseudo-operational proxy
2015-03-24T00:00:00+00:00,2015-03-23,windermere,south,water_temperature,2.0,degC,month_3,2015-05-23,2015-06-21,15.140464194268716,15.133397582396004,0.10129236349206394,lead_dependent_anomaly_relaxation,1.0,True,0.06976450769920721,0.06976450769920721,180,4,2011|2012|2013|2014,1b47f2c0080299c15fc2d8212482d6fad5cc035678b47add584dd04d0dfd6d40,observation_time_proxy,historical data_available_time is unknown; observation_time is a pseudo-operational proxy
2015-03-31T00:00:00+00:00,2015-03-30,windermere,south,water_temperature,2.0,degC,month_1,2015-03-31,2015-04-29,7.831313156433626,7.845602078935185,-0.02636248948412767,lead_dependent_anomaly_relaxation,1.0,True,0.5420171911367618,0.5420171911367618,189,4,2011|2012|2013|2014,b05342239154ab1a01bba34d74f6dce57a3b40abd2fa3044ce10a5cbf6be95cf,observation_time_proxy,historical data_available_time is unknown; observation_time is a pseudo-operational proxy
2015-03-31T00:00:00+00:00,2015-03-30,windermere,south,water_temperature,2.0,degC,month_2,2015-04-30,2015-05-29,11.618383449643423,11.624608109934318,-0.02636248948412767,lead_dependent_anomaly_relaxation,1.0,True,0.2361180758229335,0.2361180758229335,184,4,2011|2012|2013|2014,07e6e1f90210f0b967629dda95bdfb3552a0e0025d0eef416489cec48cfe4c51,observation_time_proxy,historical data_available_time is unknown; observation_time is a pseudo-operational proxy
2015-03-31T00:00:00+00:00,2015-03-30,windermere,south,water_temperature,2.0,degC,month_3,2015-05-30,2015-06-28,15.860472263565534,15.86231142966612,-0.02636248948412767,lead_dependent_anomaly_relaxation,1.0,True,0.06976450769920721,0.06976450769920721,180,4,2011|2012|2013|2014,1b47f2c0080299c15fc2d8212482d6fad5cc035678b47add584dd04d0dfd6d40,observation_time_proxy,historical data_available_time is unknown; observation_time is a pseudo-operational proxy
2015-04-07T00:00:00+00:00,2015-04-06,windermere,south,water_temperature,2.0,degC,month_1,2015-04-07,2015-05-06,8.620110205539442,8.656635921990741,-0.06738848333333358,lead_dependent_anomaly_relaxation,1.0,True,0.5420171911367618,0.5420171911367618,189,4,2011|2012|2013|2014,b05342239154ab1a01bba34d74f6dce57a3b40abd2fa3044ce10a5cbf6be95cf,observation_time_proxy,historical data_available_time is unknown; observation_time is a pseudo-operational proxy
2015-04-07T00:00:00+00:00,2015-04-06,windermere,south,water_temperature,2.0,degC,month_2,2015-05-07,2015-06-05,12.681021570910184,12.696933209927478,-0.06738848333333358,lead_dependent_anomaly_relaxation,1.0,True,0.2361180758229335,0.2361180758229335,184,4,2011|2012|2013|2014,07e6e1f90210f0b967629dda95bdfb3552a0e0025d0eef416489cec48cfe4c51,observation_time_proxy,historical data_available_time is unknown; observation_time is a pseudo-operational proxy
2015-04-07T00:00:00+00:00,2015-04-06,windermere,south,water_temperature,2.0,degC,month_3,2015-06-06,2015-07-05,16.453502280794382,16.45820360515873,-0.06738848333333358,lead_dependent_anomaly_relaxation,1.0,True,0.06976450769920721,0.06976450769920721,180,4,2011|2012|2013|2014,1b47f2c0080299c15fc2d8212482d6fad5cc035678b47add584dd04d0dfd6d40,observation_time_proxy,historical data_available_time is unknown; observation_time is a pseudo-operational proxy
2015-04-14T00:00:00+00:00,2015-04-13,windermere,south,water_temperature,2.0,degC,month_1,2015-04-14,2015-05-13,9.59597221483097,9.549736784027777,0.08530251726190485,lead_dependent_anomaly_relaxation,1.0,True,0.5420171911367618,0.5420171911367618,189,4,2011|2012|2013|2014,b05342239154ab1a01bba34d74f6dce57a3b40abd2fa3044ce10a5cbf6be95cf,observation_time_proxy,historical data_available_time is unknown; observation_time is a pseudo-operational proxy
2015-04-14T00:00:00+00:00,2015-04-13,windermere,south,water_temperature,2.0,degC,month_2,2015-05-14,2015-06-12,13.873528496397464,13.85338703015873,0.08530251726190485,lead_dependent_anomaly_relaxation,1.0,True,0.2361180758229335,0.2361180758229335,184,4,2011|2012|2013|2014,07e6e1f90210f0b967629dda95bdfb3552a0e0025d0eef416489cec48cfe4c51,observation_time_proxy,historical data_available_time is unknown; observation_time is a pseudo-operational proxy
2015-04-14T00:00:00+00:00,2015-04-13,windermere,south,water_temperature,2.0,degC,month_3,2015-06-13,2015-07-12,16.99244048387327,16.98648939575099,0.08530251726190485,lead_dependent_anomaly_relaxation,1.0,True,0.06976450769920721,0.06976450769920721,180,4,2011|2012|2013|2014,1b47f2c0080299c15fc2d8212482d6fad5cc035678b47add584dd04d0dfd6d40,observation_time_proxy,historical data_available_time is unknown; observation_time is a pseudo-operational proxy
2015-04-21T00:00:00+00:00,2015-04-20,windermere,south,water_temperature,2.0,degC,month_1,2015-04-21,2015-05-20,10.475882869556953,10.413740564814814,0.11465006231962516,lead_dependent_anomaly_relaxation,1.0,True,0.5420171911367618,0.5420171911367618,189,4,2011|2012|2013|2014,b05342239154ab1a01bba34d74f6dce57a3b40abd2fa3044ce10a5cbf6be95cf,observation_time_proxy,historical data_available_time is unknown; observation_time is a pseudo-operational proxy
2015-04-21T00:00:00+00:00,2015-04-20,windermere,south,water_temperature,2.0,degC,month_2,2015-05-21,2015-06-19,14.90047754909749,14.8734065969896,0.11465006231962516,lead_dependent_anomaly_relaxation,1.0,True,0.2361180758229335,0.2361180758229335,184,4,2011|2012|2013|2014,07e6e1f90210f0b967629dda95bdfb3552a0e0025d0eef416489cec48cfe4c51,observation_time_proxy,historical data_available_time is unknown; observation_time is a pseudo-operational proxy
2015-04-21T00:00:00+00:00,2015-04-20,windermere,south,water_temperature,2.0,degC,month_3,2015-06-20,2015-07-19,17.525449887017512,17.5174513818621,0.11465006231962516,lead_dependent_anomaly_relaxation,1.0,True,0.06976450769920721,0.06976450769920721,180,4,2011|2012|2013|2014,1b47f2c0080299c15fc2d8212482d6fad5cc035678b47add584dd04d0dfd6d40,observation_time_proxy,historical data_available_time is unknown; observation_time is a pseudo-operational proxy
2015-04-28T00:00:00+00:00,2015-04-27,windermere,south,water_temperature,2.0,degC,month_1,2015-04-28,2015-05-27,11.532256979848409,11.377970264351852,0.28465280810185245,lead_dependent_anomaly_relaxation,1.0,True,0.5420171911367618,0.5420171911367618,189,4,2011|2012|2013|2014,b05342239154ab1a01bba34d74f6dce57a3b40abd2fa3044ce10a5cbf6be95cf,observation_time_proxy,historical data_available_time is unknown; observation_time is a pseudo-operational proxy
2015-04-28T00:00:00+00:00,2015-04-27,windermere,south,water_temperature,2.0,degC,month_2,2015-05-28,2015-06-26,15.70528166465118,15.638069991324576,0.28465280810185245,lead_dependent_anomaly_relaxation,1.0,True,0.2361180758229335,0.2361180758229335,184,4,2011|2012|2013|2014,07e6e1f90210f0b967629dda95bdfb3552a0e0025d0eef416489cec48cfe4c51,observation_time_proxy,historical data_available_time is unknown; observation_time is a pseudo-operational proxy
2015-04-28T00:00:00+00:00,2015-04-27,windermere,south,water_temperature,2.0,degC,month_3,2015-06-27,2015-07-26,18.018564161948014,17.99870549892559,0.28465280810185245,lead_dependent_anomaly_relaxation,1.0,True,0.06976450769920721,0.06976450769920721,180,4,2011|2012|2013|2014,1b47f2c0080299c15fc2d8212482d6fad5cc035678b47add584dd04d0dfd6d40,observation_time_proxy,historical data_available_time is unknown; observation_time is a pseudo-operational proxy
2015-05-05T00:00:00+00:00,2015-05-04,windermere,south,water_temperature,2.0,degC,month_1,2015-05-05,2015-06-03,12.471628303192894,12.352510663724685,0.2197672719907402,lead_dependent_anomaly_relaxation,1.0,True,0.5420171911367618,0.5420171911367618,189,4,2011|2012|2013|2014,b05342239154ab1a01bba34d74f6dce57a3b40abd2fa3044ce10a5cbf6be95cf,observation_time_proxy,historical data_available_time is unknown; observation_time is a pseudo-operational proxy
2015-05-05T00:00:00+00:00,2015-05-04,windermere,south,water_temperature,2.0,degC,month_2,2015-06-04,2015-07-03,16.388264422216707,16.336373396825397,0.2197672719907402,lead_dependent_anomaly_relaxation,1.0,True,0.2361180758229335,0.2361180758229335,184,4,2011|2012|2013|2014,07e6e1f90210f0b967629dda95bdfb3552a0e0025d0eef416489cec48cfe4c51,observation_time_proxy,historical data_available_time is unknown; observation_time is a pseudo-operational proxy
2015-05-05T00:00:00+00:00,2015-05-04,windermere,south,water_temperature,2.0,degC,month_3,2015-07-04,2015-08-02,18.389195765972357,18.373863810433527,0.2197672719907402,lead_dependent_anomaly_relaxation,1.0,True,0.06976450769920721,0.06976450769920721,180,4,2011|2012|2013|2014,1b47f2c0080299c15fc2d8212482d6fad5cc035678b47add584dd04d0dfd6d40,observation_time_proxy,historical data_available_time is unknown; observation_time is a pseudo-operational proxy
2015-05-12T00:00:00+00:00,2015-05-11,windermere,south,water_temperature,2.0,degC,month_1,2015-05-12,2015-06-10,13.383889343491546,13.5383159829844,-0.2849109622685173,lead_dependent_anomaly_relaxation,1.0,True,0.5420171911367618,0.5420171911367618,189,4,2011|2012|2013|2014,b05342239154ab1a01bba34d74f6dce57a3b40abd2fa3044ce10a5cbf6be95cf,observation_time_proxy,historical data_available_time is unknown; observation_time is a pseudo-operational proxy
2015-05-12T00:00:00+00:00,2015-05-11,windermere,south,water_temperature,2.0,degC,month_2,2015-06-11,2015-07-10,16.742721701000843,16.809994329192545,-0.2849109622685173,lead_dependent_anomaly_relaxation,1.0,True,0.2361180758229335,0.2361180758229335,184,4,2011|2012|2013|2014,07e6e1f90210f0b967629dda95bdfb3552a0e0025d0eef416489cec48cfe4c51,observation_time_proxy,historical data_available_time is unknown; observation_time is a pseudo-operational proxy
2015-05-12T00:00:00+00:00,2015-05-11,windermere,south,water_temperature,2.0,degC,month_3,2015-07-11,2015-08-09,18.513441025907284,18.533317698928055,-0.2849109622685173,lead_dependent_anomaly_relaxation,1.0,True,0.06976450769920721,0.06976450769920721,180,4,2011|2012|2013|2014,1b47f2c0080299c15fc2d8212482d6fad5cc035678b47add584dd04d0dfd6d40,observation_time_proxy,historical data_available_time is unknown; observation_time is a pseudo-operational proxy
2015-05-19T00:00:00+00:00,2015-05-18,windermere,south,water_temperature,2.0,degC,month_1,2015-05-19,2015-06-17,14.2506840035195,14.594906674787904,-0.6350770361111095,lead_dependent_anomaly_relaxation,1.0,True,0.5420171911367618,0.5420171911367618,189,4,2011|2012|2013|2014,b05342239154ab1a01bba34d74f6dce57a3b40abd2fa3044ce10a5cbf6be95cf,observation_time_proxy,historical data_available_time is unknown; observation_time is a pseudo-operational proxy
2015-05-19T00:00:00+00:00,2015-05-18,windermere,south,water_temperature,2.0,degC,month_2,2015-06-18,2015-07-17,17.239916428381928,17.389869596147815,-0.6350770361111095,lead_dependent_anomaly_relaxation,1.0,True,0.2361180758229335,0.2361180758229335,184,4,2011|2012|2013|2014,07e6e1f90210f0b967629dda95bdfb3552a0e0025d0eef416489cec48cfe4c51,observation_time_proxy,historical data_available_time is unknown; observation_time is a pseudo-operational proxy
2015-05-19T00:00:00+00:00,2015-05-18,windermere,south,water_temperature,2.0,degC,month_3,2015-07-18,2015-08-16,18.3963818650387,18.44068770181406,-0.6350770361111095,lead_dependent_anomaly_relaxation,1.0,True,0.06976450769920721,0.06976450769920721,180,4,2011|2012|2013|2014,1b47f2c0080299c15fc2d8212482d6fad5cc035678b47add584dd04d0dfd6d40,observation_time_proxy,historical data_available_time is unknown; observation_time is a pseudo-operational proxy
2015-05-26T00:00:00+00:00,2015-05-25,windermere,south,water_temperature,2.0,degC,month_1,2015-05-26,2015-06-24,14.842738297299112,15.440282219512863,-1.102444593981481,lead_dependent_anomaly_relaxation,1.0,True,0.5420171911367618,0.5420171911367618,189,4,2011|2012|2013|2014,b05342239154ab1a01bba34d74f6dce57a3b40abd2fa3044ce10a5cbf6be95cf,observation_time_proxy,historical data_available_time is unknown; observation_time is a pseudo-operational proxy
2015-05-26T00:00:00+00:00,2015-05-25,windermere,south,water_temperature,2.0,degC,month_2,2015-06-25,2015-07-24,17.581681293566305,17.84198838979861,-1.102444593981481,lead_dependent_anomaly_relaxation,1.0,True,0.2361180758229335,0.2361180758229335,184,4,2011|2012|2013|2014,07e6e1f90210f0b967629dda95bdfb3552a0e0025d0eef416489cec48cfe4c51,observation_time_proxy,historical data_available_time is unknown; observation_time is a pseudo-operational proxy
2015-05-26T00:00:00+00:00,2015-05-25,windermere,south,water_temperature,2.0,degC,month_3,2015-07-25,2015-08-23,18.139092758957226,18.216004263321995,-1.102444593981481,lead_dependent_anomaly_relaxation,1.0,True,0.06976450769920721,0.06976450769920721,180,4,2011|2012|2013|2014,1b47f2c0080299c15fc2d8212482d6fad5cc035678b47add584dd04d0dfd6d40,observation_time_proxy,historical data_available_time is unknown; observation_time is a pseudo-operational proxy
2015-06-02T00:00:00+00:00,2015-06-01,windermere,south,water_temperature,2.0,degC,month_1,2015-06-02,2015-07-01,15.424053078994183,16.170366847222223,-1.3769189989395176,lead_dependent_anomaly_relaxation,1.0,True,0.5420171911367618,0.5420171911367618,189,4,2011|2012|2013|2014,b05342239154ab1a01bba34d74f6dce57a3b40abd2fa3044ce10a5cbf6be95cf,observation_time_proxy,historical data_available_time is unknown; observation_time is a pseudo-operational proxy
2015-06-02T00:00:00+00:00,2015-06-01,windermere,south,water_temperature,2.0,degC,month_2,2015-07-02,2015-07-31,17.978595464887505,18.303710929481145,-1.3769189989395176,lead_dependent_anomaly_relaxation,1.0,True,0.2361180758229335,0.2361180758229335,184,4,2011|2012|2013|2014,07e6e1f90210f0b967629dda95bdfb3552a0e0025d0eef416489cec48cfe4c51,observation_time_proxy,historical data_available_time is unknown; observation_time is a pseudo-operational proxy
2015-06-02T00:00:00+00:00,2015-06-01,windermere,south,water_temperature,2.0,degC,month_3,2015-08-01,2015-08-30,17.687182770552628,17.78324284665533,-1.3769189989395176,lead_dependent_anomaly_relaxation,1.0,True,0.06976450769920721,0.06976450769920721,180,4,2011|2012|2013|2014,1b47f2c0080299c15fc2d8212482d6fad5cc035678b47add584dd04d0dfd6d40,observation_time_proxy,historical data_available_time is unknown; observation_time is a pseudo-operational proxy
2015-06-09T00:00:00+00:00,2015-06-08,windermere,south,water_temperature,2.0,degC,month_1,2015-06-09,2015-07-08,15.662985972889206,16.655351672446514,-1.830874953386699,lead_dependent_anomaly_relaxation,1.0,True,0.5420171911367618,0.5420171911367618,189,4,2011|2012|2013|2014,b05342239154ab1a01bba34d74f6dce57a3b40abd2fa3044ce10a5cbf6be95cf,observation_time_proxy,historical data_available_time is unknown; observation_time is a pseudo-operational proxy
2015-06-09T00:00:00+00:00,2015-06-08,windermere,south,water_temperature,2.0,degC,month_2,2015-07-09,2015-08-07,18.08634255563976,18.518645226705832,-1.830874953386699,lead_dependent_anomaly_relaxation,1.0,True,0.2361180758229335,0.2361180758229335,184,4,2011|2012|2013|2014,07e6e1f90210f0b967629dda95bdfb3552a0e0025d0eef416489cec48cfe4c51,observation_time_proxy,historical data_available_time is unknown; observation_time is a pseudo-operational proxy
2015-06-09T00:00:00+00:00,2015-06-08,windermere,south,water_temperature,2.0,degC,month_3,2015-08-08,2015-09-06,17.26336004712293,17.39109013690476,-1.830874953386699,lead_dependent_anomaly_relaxation,1.0,True,0.06976450769920721,0.06976450769920721,180,4,2011|2012|2013|2014,1b47f2c0080299c15fc2d8212482d6fad5cc035678b47add584dd04d0dfd6d40,observation_time_proxy,historical data_available_time is unknown; observation_time is a pseudo-operational proxy
2015-06-16T00:00:00+00:00,2015-06-15,windermere,south,water_temperature,2.0,degC,month_1,2015-06-16,2015-07-15,16.243920231329476,17.252639167576383,-1.8610460198344274,lead_dependent_anomaly_relaxation,1.0,True,0.5420171911367618,0.5420171911367618,189,4,2011|2012|2013|2014,b05342239154ab1a01bba34d74f6dce57a3b40abd2fa3044ce10a5cbf6be95cf,observation_time_proxy,historical data_available_time is unknown; observation_time is a pseudo-operational proxy
2015-06-16T00:00:00+00:00,2015-06-15,windermere,south,water_temperature,2.0,degC,month_2,2015-07-16,2015-08-14,18.021960181910288,18.46138678713152,-1.8610460198344274,lead_dependent_anomaly_relaxation,1.0,True,0.2361180758229335,0.2361180758229335,184,4,2011|2012|2013|2014,07e6e1f90210f0b967629dda95bdfb3552a0e0025d0eef416489cec48cfe4c51,observation_time_proxy,historical data_available_time is unknown; observation_time is a pseudo-operational proxy
2015-06-16T00:00:00+00:00,2015-06-15,windermere,south,water_temperature,2.0,degC,month_3,2015-08-15,2015-09-13,16.827285354112746,16.957120313492062,-1.8610460198344274,lead_dependent_anomaly_relaxation,1.0,True,0.06976450769920721,0.06976450769920721,180,4,2011|2012|2013|2014,1b47f2c0080299c15fc2d8212482d6fad5cc035678b47add584dd04d0dfd6d40,observation_time_proxy,historical data_available_time is unknown; observation_time is a pseudo-operational proxy
2015-06-23T00:00:00+00:00,2015-06-22,windermere,south,water_temperature,2.0,degC,month_1,2015-06-23,2015-07-22,16.721157283107274,17.706023687417655,-1.8170390541393004,lead_dependent_anomaly_relaxation,1.0,True,0.5420171911367618,0.5420171911367618,189,4,2011|2012|2013|2014,b05342239154ab1a01bba34d74f6dce57a3b40abd2fa3044ce10a5cbf6be95cf,observation_time_proxy,historical data_available_time is unknown; observation_time is a pseudo-operational proxy
2015-06-23T00:00:00+00:00,2015-06-22,windermere,south,water_temperature,2.0,degC,month_2,2015-07-23,2015-08-21,17.87009475610001,18.299130521258505,-1.8170390541393004,lead_dependent_anomaly_relaxation,1.0,True,0.2361180758229335,0.2361180758229335,184,4,2011|2012|2013|2014,07e6e1f90210f0b967629dda95bdfb3552a0e0025d0eef416489cec48cfe4c51,observation_time_proxy,historical data_available_time is unknown; observation_time is a pseudo-operational proxy
2015-06-23T00:00:00+00:00,2015-06-22,windermere,south,water_temperature,2.0,degC,month_3,2015-08-22,2015-09-20,16.370929712536785,16.497694547619048,-1.8170390541393004,lead_dependent_anomaly_relaxation,1.0,True,0.06976450769920721,0.06976450769920721,180,4,2011|2012|2013|2014,1b47f2c0080299c15fc2d8212482d6fad5cc035678b47add584dd04d0dfd6d40,observation_time_proxy,historical data_available_time is unknown; observation_time is a pseudo-operational proxy
2015-06-30T00:00:00+00:00,2015-06-29,windermere,south,water_temperature,2.0,degC,month_1,2015-06-30,2015-07-29,17.248451057349175,18.205803943370036,-1.766277715311988,lead_dependent_anomaly_relaxation,1.0,True,0.5420171911367618,0.5420171911367618,189,4,2011|2012|2013|2014,b05342239154ab1a01bba34d74f6dce57a3b40abd2fa3044ce10a5cbf6be95cf,observation_time_proxy,historical data_available_time is unknown; observation_time is a pseudo-operational proxy
2015-06-30T00:00:00+00:00,2015-06-29,windermere,south,water_temperature,2.0,degC,month_2,2015-07-30,2015-08-28,17.490612933686617,17.90766302919501,-1.766277715311988,lead_dependent_anomaly_relaxation,1.0,True,0.2361180758229335,0.2361180758229335,184,4,2011|2012|2013|2014,07e6e1f90210f0b967629dda95bdfb3552a0e0025d0eef416489cec48cfe4c51,observation_time_proxy,historical data_available_time is unknown; observation_time is a pseudo-operational proxy
2015-06-30T00:00:00+00:00,2015-06-29,windermere,south,water_temperature,2.0,degC,month_3,2015-08-29,2015-09-27,15.840455677350228,15.963679172619049,-1.766277715311988,lead_dependent_anomaly_relaxation,1.0,True,0.06976450769920721,0.06976450769920721,180,4,2011|2012|2013|2014,1b47f2c0080299c15fc2d8212482d6fad5cc035678b47add584dd04d0dfd6d40,observation_time_proxy,historical data_available_time is unknown; observation_time is a pseudo-operational proxy
2015-07-07T00:00:00+00:00,2015-07-06,windermere,south,water_temperature,2.0,degC,month_1,2015-07-07,2015-08-05,17.876916042807398,18.47252185624098,-1.0988688609385786,lead_dependent_anomaly_relaxation,1.0,True,0.5420171911367618,0.5420171911367618,189,4,2011|2012|2013|2014,b05342239154ab1a01bba34d74f6dce57a3b40abd2fa3044ce10a5cbf6be95cf,observation_time_proxy,historical data_available_time is unknown; observation_time is a pseudo-operational proxy
2015-07-07T00:00:00+00:00,2015-07-06,windermere,south,water_temperature,2.0,degC,month_2,2015-08-06,2015-09-04,17.24499393650179,17.504456737528344,-1.0988688609385786,lead_dependent_anomaly_relaxation,1.0,True,0.2361180758229335,0.2361180758229335,184,4,2011|2012|2013|2014,07e6e1f90210f0b967629dda95bdfb3552a0e0025d0eef416489cec48cfe4c51,observation_time_proxy,historical data_available_time is unknown; observation_time is a pseudo-operational proxy
2015-07-07T00:00:00+00:00,2015-07-06,windermere,south,water_temperature,2.0,degC,month_3,2015-09-05,2015-10-04,15.348884810049361,15.42554685515873,-1.0988688609385786,lead_dependent_anomaly_relaxation,1.0,True,0.06976450769920721,0.06976450769920721,180,4,2011|2012|2013|2014,1b47f2c0080299c15fc2d8212482d6fad5cc035678b47add584dd04d0dfd6d40,observation_time_proxy,historical data_available_time is unknown; observation_time is a pseudo-operational proxy
2015-07-14T00:00:00+00:00,2015-07-13,windermere,south,water_temperature,2.0,degC,month_1,2015-07-14,2015-08-12,18.031334103277985,18.496878681972788,-0.8589110941636875,lead_dependent_anomaly_relaxation,1.0,True,0.5420171911367618,0.5420171911367618,189,4,2011|2012|2013|2014,b05342239154ab1a01bba34d74f6dce57a3b40abd2fa3044ce10a5cbf6be95cf,observation_time_proxy,historical data_available_time is unknown; observation_time is a pseudo-operational proxy
2015-07-14T00:00:00+00:00,2015-07-13,windermere,south,water_temperature,2.0,degC,month_2,2015-08-13,2015-09-11,16.869908626651036,17.072713061507937,-0.8589110941636875,lead_dependent_anomaly_relaxation,1.0,True,0.2361180758229335,0.2361180758229335,184,4,2011|2012|2013|2014,07e6e1f90210f0b967629dda95bdfb3552a0e0025d0eef416489cec48cfe4c51,observation_time_proxy,historical data_available_time is unknown; observation_time is a pseudo-operational proxy
2015-07-14T00:00:00+00:00,2015-07-13,windermere,south,water_temperature,2.0,degC,month_3,2015-09-12,2015-10-11,14.734864579643999,14.794786089285715,-0.8589110941636875,lead_dependent_anomaly_relaxation,1.0,True,0.06976450769920721,0.06976450769920721,180,4,2011|2012|2013|2014,1b47f2c0080299c15fc2d8212482d6fad5cc035678b47add584dd04d0dfd6d40,observation_time_proxy,historical data_available_time is unknown; observation_time is a pseudo-operational proxy
2015-07-21T00:00:00+00:00,2015-07-20,windermere,south,water_temperature,2.0,degC,month_1,2015-07-21,2015-08-19,17.949470879317172,18.371071604591837,-0.7778364453541613,lead_dependent_anomaly_relaxation,1.0,True,0.5420171911367618,0.5420171911367618,189,4,2011|2012|2013|2014,b05342239154ab1a01bba34d74f6dce57a3b40abd2fa3044ce10a5cbf6be95cf,observation_time_proxy,historical data_available_time is unknown; observation_time is a pseudo-operational proxy
2015-07-21T00:00:00+00:00,2015-07-20,windermere,south,water_temperature,2.0,degC,month_2,2015-08-20,2015-09-18,16.44779860839263,16.631459853174604,-0.7778364453541613,lead_dependent_anomaly_relaxation,1.0,True,0.2361180758229335,0.2361180758229335,184,4,2011|2012|2013|2014,07e6e1f90210f0b967629dda95bdfb3552a0e0025d0eef416489cec48cfe4c51,observation_time_proxy,historical data_available_time is unknown; observation_time is a pseudo-operational proxy
2015-07-21T00:00:00+00:00,2015-07-20,windermere,south,water_temperature,2.0,degC,month_3,2015-09-19,2015-10-18,14.083835244351112,14.138100621031747,-0.7778364453541613,lead_dependent_anomaly_relaxation,1.0,True,0.06976450769920721,0.06976450769920721,180,4,2011|2012|2013|2014,1b47f2c0080299c15fc2d8212482d6fad5cc035678b47add584dd04d0dfd6d40,observation_time_proxy,historical data_available_time is unknown; observation_time is a pseudo-operational proxy
2015-08-04T00:00:00+00:00,2015-08-03,windermere,south,water_temperature,2.0,degC,month_1,2015-08-04,2015-09-02,16.90320310796134,17.61210490419501,-1.307895409639876,lead_dependent_anomaly_relaxation,1.0,True,0.5420171911367618,0.5420171911367618,189,4,2011|2012|2013|2014,b05342239154ab1a01bba34d74f6dce57a3b40abd2fa3044ce10a5cbf6be95cf,observation_time_proxy,historical data_available_time is unknown; observation_time is a pseudo-operational proxy
2015-08-04T00:00:00+00:00,2015-08-03,windermere,south,water_temperature,2.0,degC,month_2,2015-09-03,2015-10-02,15.291393720752152,15.600211468253967,-1.307895409639876,lead_dependent_anomaly_relaxation,1.0,True,0.2361180758229335,0.2361180758229335,184,4,2011|2012|2013|2014,07e6e1f90210f0b967629dda95bdfb3552a0e0025d0eef416489cec48cfe4c51,observation_time_proxy,historical data_available_time is unknown; observation_time is a pseudo-operational proxy
2015-08-04T00:00:00+00:00,2015-08-03,windermere,south,water_temperature,2.0,degC,month_3,2015-10-03,2015-11-01,12.62855104172518,12.719795721100759,-1.307895409639876,lead_dependent_anomaly_relaxation,1.0,True,0.06976450769920721,0.06976450769920721,180,4,2011|2012|2013|2014,1b47f2c0080299c15fc2d8212482d6fad5cc035678b47add584dd04d0dfd6d40,observation_time_proxy,historical data_available_time is unknown; observation_time is a pseudo-operational proxy
2015-08-11T00:00:00+00:00,2015-08-10,windermere,south,water_temperature,2.0,degC,month_1,2015-08-11,2015-09-09,16.346927413904957,17.19599750595238,-1.5665002991264672,lead_dependent_anomaly_relaxation,1.0,True,0.5420171911367618,0.5420171911367618,189,4,2011|2012|2013|2014,b05342239154ab1a01bba34d74f6dce57a3b40abd2fa3044ce10a5cbf6be95cf,observation_time_proxy,historical data_available_time is unknown; observation_time is a pseudo-operational proxy
2015-08-11T00:00:00+00:00,2015-08-10,windermere,south,water_temperature,2.0,degC,month_2,2015-09-10,2015-10-09,14.612222507245002,14.982101543650794,-1.5665002991264672,lead_dependent_anomaly_relaxation,1.0,True,0.2361180758229335,0.2361180758229335,184,4,2011|2012|2013|2014,07e6e1f90210f0b967629dda95bdfb3552a0e0025d0eef416489cec48cfe4c51,observation_time_proxy,historical data_available_time is unknown; observation_time is a pseudo-operational proxy
2015-08-11T00:00:00+00:00,2015-08-10,windermere,south,water_temperature,2.0,degC,month_3,2015-10-10,2015-11-08,11.872748166183445,11.982034288362664,-1.5665002991264672,lead_dependent_anomaly_relaxation,1.0,True,0.06976450769920721,0.06976450769920721,180,4,2011|2012|2013|2014,1b47f2c0080299c15fc2d8212482d6fad5cc035678b47add584dd04d0dfd6d40,observation_time_proxy,historical data_available_time is unknown; observation_time is a pseudo-operational proxy
2015-08-18T00:00:00+00:00,2015-08-17,windermere,south,water_temperature,2.0,degC,month_1,2015-08-18,2015-09-16,15.944171228840498,16.764521589285714,-1.5135135450680295,lead_dependent_anomaly_relaxation,1.0,True,0.5420171911367618,0.5420171911367618,189,4,2011|2012|2013|2014,b05342239154ab1a01bba34d74f6dce57a3b40abd2fa3044ce10a5cbf6be95cf,observation_time_proxy,historical data_available_time is unknown; observation_time is a pseudo-operational proxy
2015-08-18T00:00:00+00:00,2015-08-17,windermere,south,water_temperature,2.0,degC,month_2,2015-09-17,2015-10-16,13.962593649562146,14.319961555555556,-1.5135135450680295,lead_dependent_anomaly_relaxation,1.0,True,0.2361180758229335,0.2361180758229335,184,4,2011|2012|2013|2014,07e6e1f90210f0b967629dda95bdfb3552a0e0025d0eef416489cec48cfe4c51,observation_time_proxy,historical data_available_time is unknown; observation_time is a pseudo-operational proxy
2015-08-18T00:00:00+00:00,2015-08-17,windermere,south,water_temperature,2.0,degC,month_3,2015-10-17,2015-11-15,11.143299320121894,11.248888847489647,-1.5135135450680295,lead_dependent_anomaly_relaxation,1.0,True,0.06976450769920721,0.06976450769920721,180,4,2011|2012|2013|2014,1b47f2c0080299c15fc2d8212482d6fad5cc035678b47add584dd04d0dfd6d40,observation_time_proxy,historical data_available_time is unknown; observation_time is a pseudo-operational proxy
2015-08-25T00:00:00+00:00,2015-08-24,windermere,south,water_temperature,2.0,degC,month_1,2015-08-25,2015-09-23,15.691832603662025,16.279712,-1.0846139309807263,lead_dependent_anomaly_relaxation,1.0,True,0.5420171911367618,0.5420171911367618,189,4,2011|2012|2013|2014,b05342239154ab1a01bba34d74f6dce57a3b40abd2fa3044ce10a5cbf6be95cf,observation_time_proxy,historical data_available_time is unknown; observation_time is a pseudo-operational proxy
2015-08-25T00:00:00+00:00,2015-08-24,windermere,south,water_temperature,2.0,degC,month_2,2015-09-24,2015-10-23,13.398732305526718,13.654829259920636,-1.0846139309807263,lead_dependent_anomaly_relaxation,1.0,True,0.2361180758229335,0.2361180758229335,184,4,2011|2012|2013|2014,07e6e1f90210f0b967629dda95bdfb3552a0e0025d0eef416489cec48cfe4c51,observation_time_proxy,historical data_available_time is unknown; observation_time is a pseudo-operational proxy
2015-08-25T00:00:00+00:00,2015-08-24,windermere,south,water_temperature,2.0,degC,month_3,2015-10-24,2015-11-22,10.49103567031298,10.566703227251553,-1.0846139309807263,lead_dependent_anomaly_relaxation,1.0,True,0.06976450769920721,0.06976450769920721,180,4,2011|2012|2013|2014,1b47f2c0080299c15fc2d8212482d6fad5cc035678b47add584dd04d0dfd6d40,observation_time_proxy,historical data_available_time is unknown; observation_time is a pseudo-operational proxy
2015-09-01T00:00:00+00:00,2015-08-31,windermere,south,water_temperature,2.0,degC,month_1,2015-09-01,2015-09-30,15.426065763485838,15.743535253968254,-0.5857184895124696,lead_dependent_anomaly_relaxation,1.0,True,0.5420171911367618,0.5420171911367618,189,4,2011|2012|2013|2014,b05342239154ab1a01bba34d74f6dce57a3b40abd2fa3044ce10a5cbf6be95cf,observation_time_proxy,historical data_available_time is unknown; observation_time is a pseudo-operational proxy
2015-09-01T00:00:00+00:00,2015-08-31,windermere,south,water_temperature,2.0,degC,month_2,2015-10-01,2015-10-30,12.8025505788697,12.940849301587301,-0.5857184895124696,lead_dependent_anomaly_relaxation,1.0,True,0.2361180758229335,0.2361180758229335,184,4,2011|2012|2013|2014,07e6e1f90210f0b967629dda95bdfb3552a0e0025d0eef416489cec48cfe4c51,observation_time_proxy,historical data_available_time is unknown; observation_time is a pseudo-operational proxy
2015-09-01T00:00:00+00:00,2015-08-31,windermere,south,water_temperature,2.0,degC,month_3,2015-10-31,2015-11-29,9.876740133831184,9.917602495902345,-0.5857184895124696,lead_dependent_anomaly_relaxation,1.0,True,0.06976450769920721,0.06976450769920721,180,4,2011|2012|2013|2014,1b47f2c0080299c15fc2d8212482d6fad5cc035678b47add584dd04d0dfd6d40,observation_time_proxy,historical data_available_time is unknown; observation_time is a pseudo-operational proxy
2015-09-08T00:00:00+00:00,2015-09-07,windermere,south,water_temperature,2.0,degC,month_1,2015-09-08,2015-10-07,15.100028720157917,15.159643341269842,-0.10998658730158795,lead_dependent_anomaly_relaxation,1.0,True,0.5420171911367618,0.5420171911367618,189,4,2011|2012|2013|2014,b05342239154ab1a01bba34d74f6dce57a3b40abd2fa3044ce10a5cbf6be95cf,observation_time_proxy,historical data_available_time is unknown; observation_time is a pseudo-operational proxy
2015-09-08T00:00:00+00:00,2015-09-07,windermere,south,water_temperature,2.0,degC,month_2,2015-10-08,2015-11-06,12.169996793193157,12.19596661455314,-0.10998658730158795,lead_dependent_anomaly_relaxation,1.0,True,0.2361180758229335,0.2361180758229335,184,4,2011|2012|2013|2014,07e6e1f90210f0b967629dda95bdfb3552a0e0025d0eef416489cec48cfe4c51,observation_time_proxy,historical data_available_time is unknown; observation_time is a pseudo-operational proxy
2015-09-08T00:00:00+00:00,2015-09-07,windermere,south,water_temperature,2.0,degC,month_3,2015-11-07,2015-12-06,9.23562286621189,9.243296026328503,-0.10998658730158795,lead_dependent_anomaly_relaxation,1.0,True,0.06976450769920721,0.06976450769920721,180,4,2011|2012|2013|2014,1b47f2c0080299c15fc2d8212482d6fad5cc035678b47add584dd04d0dfd6d40,observation_time_proxy,historical data_available_time is unknown; observation_time is a pseudo-operational proxy
2015-09-15T00:00:00+00:00,2015-09-14,windermere,south,water_temperature,2.0,degC,month_1,2015-09-15,2015-10-14,14.614420159856968,14.503549253968254,0.20455237896825196,lead_dependent_anomaly_relaxation,1.0,True,0.5420171911367618,0.5420171911367618,189,4,2011|2012|2013|2014,b05342239154ab1a01bba34d74f6dce57a3b40abd2fa3044ce10a5cbf6be95cf,observation_time_proxy,historical data_available_time is unknown; observation_time is a pseudo-operational proxy
2015-09-15T00:00:00+00:00,2015-09-14,windermere,south,water_temperature,2.0,degC,month_2,2015-10-15,2015-11-13,11.50512401796584,11.456825503838854,0.20455237896825196,lead_dependent_anomaly_relaxation,1.0,True,0.2361180758229335,0.2361180758229335,184,4,2011|2012|2013|2014,07e6e1f90210f0b967629dda95bdfb3552a0e0025d0eef416489cec48cfe4c51,observation_time_proxy,historical data_available_time is unknown; observation_time is a pseudo-operational proxy
2015-09-15T00:00:00+00:00,2015-09-14,windermere,south,water_temperature,2.0,degC,month_3,2015-11-14,2015-12-13,8.579099626115767,8.564829130098344,0.20455237896825196,lead_dependent_anomaly_relaxation,1.0,True,0.06976450769920721,0.06976450769920721,180,4,2011|2012|2013|2014,1b47f2c0080299c15fc2d8212482d6fad5cc035678b47add584dd04d0dfd6d40,observation_time_proxy,historical data_available_time is unknown; observation_time is a pseudo-operational proxy
2015-09-22T00:00:00+00:00,2015-09-21,windermere,south,water_temperature,2.0,degC,month_1,2015-09-22,2015-10-21,14.076899840532535,13.854320726190476,0.41064954761904815,lead_dependent_anomaly_relaxation,1.0,True,0.5420171911367618,0.5420171911367618,189,4,2011|2012|2013|2014,b05342239154ab1a01bba34d74f6dce57a3b40abd2fa3044ce10a5cbf6be95cf,observation_time_proxy,historical data_available_time is unknown; observation_time is a pseudo-operational proxy
2015-09-22T00:00:00+00:00,2015-09-21,windermere,south,water_temperature,2.0,degC,month_2,2015-10-22,2015-11-20,10.85066042374911,10.753698642727743,0.41064954761904815,lead_dependent_anomaly_relaxation,1.0,True,0.2361180758229335,0.2361180758229335,184,4,2011|2012|2013|2014,07e6e1f90210f0b967629dda95bdfb3552a0e0025d0eef416489cec48cfe4c51,observation_time_proxy,historical data_available_time is unknown; observation_time is a pseudo-operational proxy
2015-09-22T00:00:00+00:00,2015-09-21,windermere,south,water_temperature,2.0,degC,month_3,2015-11-21,2015-12-20,7.911612634299492,7.882963870772947,0.41064954761904815,lead_dependent_anomaly_relaxation,1.0,True,0.06976450769920721,0.06976450769920721,180,4,2011|2012|2013|2014,1b47f2c0080299c15fc2d8212482d6fad5cc035678b47add584dd04d0dfd6d40,observation_time_proxy,historical data_available_time is unknown; observation_time is a pseudo-operational proxy
2015-09-29T00:00:00+00:00,2015-09-28,windermere,south,water_temperature,2.0,degC,month_1,2015-09-29,2015-10-28,13.454084735657364,13.153901869047619,0.5538253611111088,lead_dependent_anomaly_relaxation,1.0,True,0.5420171911367618,0.5420171911367618,189,4,2011|2012|2013|2014,b05342239154ab1a01bba34d74f6dce57a3b40abd2fa3044ce10a5cbf6be95cf,observation_time_proxy,historical data_available_time is unknown; observation_time is a pseudo-operational proxy
2015-09-29T00:00:00+00:00,2015-09-28,windermere,south,water_temperature,2.0,degC,month_2,2015-10-29,2015-11-27,10.235155351692383,10.104387173084886,0.5538253611111088,lead_dependent_anomaly_relaxation,1.0,True,0.2361180758229335,0.2361180758229335,184,4,2011|2012|2013|2014,07e6e1f90210f0b967629dda95bdfb3552a0e0025d0eef416489cec48cfe4c51,observation_time_proxy,historical data_available_time is unknown; observation_time is a pseudo-operational proxy
2015-09-29T00:00:00+00:00,2015-09-28,windermere,south,water_temperature,2.0,degC,month_3,2015-11-28,2015-12-27,7.269089300632675,7.230451946963423,0.5538253611111088,lead_dependent_anomaly_relaxation,1.0,True,0.06976450769920721,0.06976450769920721,180,4,2011|2012|2013|2014,1b47f2c0080299c15fc2d8212482d6fad5cc035678b47add584dd04d0dfd6d40,observation_time_proxy,historical data_available_time is unknown; observation_time is a pseudo-operational proxy
2015-10-06T00:00:00+00:00,2015-10-05,windermere,south,water_temperature,2.0,degC,month_1,2015-10-06,2015-11-04,12.794354183964323,12.404744549473774,0.7188141646825414,lead_dependent_anomaly_relaxation,1.0,True,0.5420171911367618,0.5420171911367618,189,4,2011|2012|2013|2014,b05342239154ab1a01bba34d74f6dce57a3b40abd2fa3044ce10a5cbf6be95cf,observation_time_proxy,historical data_available_time is unknown; observation_time is a pseudo-operational proxy
2015-10-06T00:00:00+00:00,2015-10-05,windermere,south,water_temperature,2.0,degC,month_2,2015-11-05,2015-12-04,9.607948665196185,9.438223647757074,0.7188141646825414,lead_dependent_anomaly_relaxation,1.0,True,0.2361180758229335,0.2361180758229335,184,4,2011|2012|2013|2014,07e6e1f90210f0b967629dda95bdfb3552a0e0025d0eef416489cec48cfe4c51,observation_time_proxy,historical data_available_time is unknown; observation_time is a pseudo-operational proxy
2015-10-06T00:00:00+00:00,2015-10-05,windermere,south,water_temperature,2.0,degC,month_3,2015-12-05,2016-01-03,6.729646644087778,6.679498927761483,0.7188141646825414,lead_dependent_anomaly_relaxation,1.0,True,0.06976450769920721,0.06976450769920721,180,4,2011|2012|2013|2014,1b47f2c0080299c15fc2d8212482d6fad5cc035678b47add584dd04d0dfd6d40,observation_time_proxy,historical data_available_time is unknown; observation_time is a pseudo-operational proxy
2015-10-13T00:00:00+00:00,2015-10-12,windermere,south,water_temperature,2.0,degC,month_1,2015-10-13,2015-11-11,12.134684919640064,11.66617661832298,0.8643790436507928,lead_dependent_anomaly_relaxation,1.0,True,0.5420171911367618,0.5420171911367618,189,4,2011|2012|2013|2014,b05342239154ab1a01bba34d74f6dce57a3b40abd2fa3044ce10a5cbf6be95cf,observation_time_proxy,historical data_available_time is unknown; observation_time is a pseudo-operational proxy
2015-10-13T00:00:00+00:00,2015-10-12,windermere,south,water_temperature,2.0,degC,month_2,2015-11-12,2015-12-11,8.960866680992234,8.756771164423741,0.8643790436507928,lead_dependent_anomaly_relaxation,1.0,True,0.2361180758229335,0.2361180758229335,184,4,2011|2012|2013|2014,07e6e1f90210f0b967629dda95bdfb3552a0e0025d0eef416489cec48cfe4c51,observation_time_proxy,historical data_available_time is unknown; observation_time is a pseudo-operational proxy
2015-10-13T00:00:00+00:00,2015-10-12,windermere,south,water_temperature,2.0,degC,month_3,2015-12-12,2016-01-10,6.0809347367086914,6.0206317582628825,0.8643790436507928,lead_dependent_anomaly_relaxation,1.0,True,0.06976450769920721,0.06976450769920721,180,4,2011|2012|2013|2014,1b47f2c0080299c15fc2d8212482d6fad5cc035678b47add584dd04d0dfd6d40,observation_time_proxy,historical data_available_time is unknown; observation_time is a pseudo-operational proxy
2015-10-20T00:00:00+00:00,2015-10-19,windermere,south,water_temperature,2.0,degC,month_1,2015-10-20,2015-11-18,11.46115823547846,10.947876270703933,0.9469846587301589,lead_dependent_anomaly_relaxation,1.0,True,0.5420171911367618,0.5420171911367618,189,4,2011|2012|2013|2014,b05342239154ab1a01bba34d74f6dce57a3b40abd2fa3044ce10a5cbf6be95cf,observation_time_proxy,historical data_available_time is unknown; observation_time is a pseudo-operational proxy
2015-10-20T00:00:00+00:00,2015-10-19,windermere,south,water_temperature,2.0,degC,month_2,2015-11-19,2015-12-18,8.301683280908689,8.078083085455486,0.9469846587301589,lead_dependent_anomaly_relaxation,1.0,True,0.2361180758229335,0.2361180758229335,184,4,2011|2012|2013|2014,07e6e1f90210f0b967629dda95bdfb3552a0e0025d0eef416489cec48cfe4c51,observation_time_proxy,historical data_available_time is unknown; observation_time is a pseudo-operational proxy
2015-10-20T00:00:00+00:00,2015-10-19,windermere,south,water_temperature,2.0,degC,month_3,2015-12-19,2016-01-17,5.720449766872083,5.654383848357071,0.9469846587301589,lead_dependent_anomaly_relaxation,1.0,True,0.06976450769920721,0.06976450769920721,180,4,2011|2012|2013|2014,1b47f2c0080299c15fc2d8212482d6fad5cc035678b47add584dd04d0dfd6d40,observation_time_proxy,historical data_available_time is unknown; observation_time is a pseudo-operational proxy
2015-10-27T00:00:00+00:00,2015-10-26,windermere,south,water_temperature,2.0,degC,month_1,2015-10-27,2015-11-25,10.824266404617582,10.288994293719806,0.9875555972222223,lead_dependent_anomaly_relaxation,1.0,True,0.5420171911367618,0.5420171911367618,189,4,2011|2012|2013|2014,b05342239154ab1a01bba34d74f6dce57a3b40abd2fa3044ce10a5cbf6be95cf,observation_time_proxy,historical data_available_time is unknown; observation_time is a pseudo-operational proxy
2015-10-27T00:00:00+00:00,2015-10-26,windermere,south,water_temperature,2.0,degC,month_2,2015-11-26,2015-12-25,7.638616304903257,7.405436577518978,0.9875555972222223,lead_dependent_anomaly_relaxation,1.0,True,0.2361180758229335,0.2361180758229335,184,4,2011|2012|2013|2014,07e6e1f90210f0b967629dda95bdfb3552a0e0025d0eef416489cec48cfe4c51,observation_time_proxy,historical data_available_time is unknown; observation_time is a pseudo-operational proxy
2015-10-27T00:00:00+00:00,2015-10-26,windermere,south,water_temperature,2.0,degC,month_3,2015-12-26,2016-01-24,5.42948095874866,5.360584628682855,0.9875555972222223,lead_dependent_anomaly_relaxation,1.0,True,0.06976450769920721,0.06976450769920721,180,4,2011|2012|2013|2014,1b47f2c0080299c15fc2d8212482d6fad5cc035678b47add584dd04d0dfd6d40,observation_time_proxy,historical data_available_time is unknown; observation_time is a pseudo-operational proxy
2015-11-03T00:00:00+00:00,2015-11-02,windermere,south,water_temperature,2.0,degC,month_1,2015-11-03,2015-12-02,10.199891818297472,9.631477787103174,1.0487011122325747,lead_dependent_anomaly_relaxation,1.0,True,0.5420171911367618,0.5420171911367618,189,4,2011|2012|2013|2014,b05342239154ab1a01bba34d74f6dce57a3b40abd2fa3044ce10a5cbf6be95cf,observation_time_proxy,historical data_available_time is unknown; observation_time is a pseudo-operational proxy
2015-11-03T00:00:00+00:00,2015-11-02,windermere,south,water_temperature,2.0,degC,month_2,2015-12-03,2016-01-01,7.07049168939292,6.822874400659194,1.0487011122325747,lead_dependent_anomaly_relaxation,1.0,True,0.2361180758229335,0.2361180758229335,184,4,2011|2012|2013|2014,07e6e1f90210f0b967629dda95bdfb3552a0e0025d0eef416489cec48cfe4c51,observation_time_proxy,historical data_available_time is unknown; observation_time is a pseudo-operational proxy
2015-11-03T00:00:00+00:00,2015-11-02,windermere,south,water_temperature,2.0,degC,month_3,2016-01-02,2016-01-31,5.240137413360467,5.16697529654195,1.0487011122325747,lead_dependent_anomaly_relaxation,1.0,True,0.06976450769920721,0.06976450769920721,180,4,2011|2012|2013|2014,1b47f2c0080299c15fc2d8212482d6fad5cc035678b47add584dd04d0dfd6d40,observation_time_proxy,historical data_available_time is unknown; observation_time is a pseudo-operational proxy
2015-11-10T00:00:00+00:00,2015-11-09,windermere,south,water_temperature,2.0,degC,month_1,2015-11-10,2015-12-09,9.555429664351195,8.951641705495168,1.11396459139924,lead_dependent_anomaly_relaxation,1.0,True,0.5420171911367618,0.5420171911367618,189,4,2011|2012|2013|2014,b05342239154ab1a01bba34d74f6dce57a3b40abd2fa3044ce10a5cbf6be95cf,observation_time_proxy,historical data_available_time is unknown; observation_time is a pseudo-operational proxy
2015-11-10T00:00:00+00:00,2015-11-09,windermere,south,water_temperature,2.0,degC,month_2,2015-12-10,2016-01-08,6.403777345693025,6.140750169836957,1.11396459139924,lead_dependent_anomaly_relaxation,1.0,True,0.2361180758229335,0.2361180758229335,184,4,2011|2012|2013|2014,07e6e1f90210f0b967629dda95bdfb3552a0e0025d0eef416489cec48cfe4c51,observation_time_proxy,historical data_available_time is unknown; observation_time is a pseudo-operational proxy
2015-11-10T00:00:00+00:00,2015-11-09,windermere,south,water_temperature,2.0,degC,month_3,2016-01-09,2016-02-07,5.037463559326355,4.959748368013038,1.11396459139924,lead_dependent_anomaly_relaxation,1.0,True,0.06976450769920721,0.06976450769920721,180,4,2011|2012|2013|2014,1b47f2c0080299c15fc2d8212482d6fad5cc035678b47add584dd04d0dfd6d40,observation_time_proxy,historical data_available_time is unknown; observation_time is a pseudo-operational proxy
2015-11-17T00:00:00+00:00,2015-11-16,windermere,south,water_temperature,2.0,degC,month_1,2015-11-17,2015-12-16,8.91810199608146,8.270363646368185,1.195051301518287,lead_dependent_anomaly_relaxation,1.0,True,0.5420171911367618,0.5420171911367618,189,4,2011|2012|2013|2014,b05342239154ab1a01bba34d74f6dce57a3b40abd2fa3044ce10a5cbf6be95cf,observation_time_proxy,historical data_available_time is unknown; observation_time is a pseudo-operational proxy
2015-11-17T00:00:00+00:00,2015-11-16,windermere,south,water_temperature,2.0,degC,month_2,2015-12-17,2016-01-15,6.031091151022258,5.748917937198067,1.195051301518287,lead_dependent_anomaly_relaxation,1.0,True,0.2361180758229335,0.2361180758229335,184,4,2011|2012|2013|2014,07e6e1f90210f0b967629dda95bdfb3552a0e0025d0eef416489cec48cfe4c51,observation_time_proxy,historical data_available_time is unknown; observation_time is a pseudo-operational proxy
2015-11-17T00:00:00+00:00,2015-11-16,windermere,south,water_temperature,2.0,degC,month_3,2016-01-16,2016-02-14,4.875983807945108,4.792611642219388,1.195051301518287,lead_dependent_anomaly_relaxation,1.0,True,0.06976450769920721,0.06976450769920721,180,4,2011|2012|2013|2014,1b47f2c0080299c15fc2d8212482d6fad5cc035678b47add584dd04d0dfd6d40,observation_time_proxy,historical data_available_time is unknown; observation_time is a pseudo-operational proxy
2015-11-24T00:00:00+00:00,2015-11-23,windermere,south,water_temperature,2.0,degC,month_1,2015-11-24,2015-12-23,8.246928548308285,7.592447641209455,1.2074910497325728,lead_dependent_anomaly_relaxation,1.0,True,0.5420171911367618,0.5420171911367618,189,4,2011|2012|2013|2014,b05342239154ab1a01bba34d74f6dce57a3b40abd2fa3044ce10a5cbf6be95cf,observation_time_proxy,historical data_available_time is unknown; observation_time is a pseudo-operational proxy
2015-11-24T00:00:00+00:00,2015-11-23,windermere,south,water_temperature,2.0,degC,month_2,2015-12-24,2016-01-22,5.725446124012379,5.4403356607761095,1.2074910497325728,lead_dependent_anomaly_relaxation,1.0,True,0.2361180758229335,0.2361180758229335,184,4,2011|2012|2013|2014,07e6e1f90210f0b967629dda95bdfb3552a0e0025d0eef416489cec48cfe4c51,observation_time_proxy,historical data_available_time is unknown; observation_time is a pseudo-operational proxy
2015-11-24T00:00:00+00:00,2015-11-23,windermere,south,water_temperature,2.0,degC,month_3,2016-01-23,2016-02-21,4.74258214423103,4.658342125595238,1.2074910497325728,lead_dependent_anomaly_relaxation,1.0,True,0.06976450769920721,0.06976450769920721,180,4,2011|2012|2013|2014,1b47f2c0080299c15fc2d8212482d6fad5cc035678b47add584dd04d0dfd6d40,observation_time_proxy,historical data_available_time is unknown; observation_time is a pseudo-operational proxy
2015-12-01T00:00:00+00:00,2015-11-30,windermere,south,water_temperature,2.0,degC,month_1,2015-12-01,2015-12-30,7.605905131296558,6.97713588128882,1.1600540726190491,lead_dependent_anomaly_relaxation,1.0,True,0.5420171911367618,0.5420171911367618,189,4,2011|2012|2013|2014,b05342239154ab1a01bba34d74f6dce57a3b40abd2fa3044ce10a5cbf6be95cf,observation_time_proxy,historical data_available_time is unknown; observation_time is a pseudo-operational proxy
2015-12-01T00:00:00+00:00,2015-11-30,windermere,south,water_temperature,2.0,degC,month_2,2015-12-31,2016-01-29,5.446703416756123,5.172793681278756,1.1600540726190491,lead_dependent_anomaly_relaxation,1.0,True,0.2361180758229335,0.2361180758229335,184,4,2011|2012|2013|2014,07e6e1f90210f0b967629dda95bdfb3552a0e0025d0eef416489cec48cfe4c51,observation_time_proxy,historical data_available_time is unknown; observation_time is a pseudo-operational proxy
2015-12-01T00:00:00+00:00,2015-11-30,windermere,south,water_temperature,2.0,degC,month_3,2016-01-30,2016-02-28,4.65862964552676,4.577699044246032,1.1600540726190491,lead_dependent_anomaly_relaxation,1.0,True,0.06976450769920721,0.06976450769920721,180,4,2011|2012|2013|2014,1b47f2c0080299c15fc2d8212482d6fad5cc035678b47add584dd04d0dfd6d40,observation_time_proxy,historical data_available_time is unknown; observation_time is a pseudo-operational proxy
2015-12-08T00:00:00+00:00,2015-12-07,windermere,south,water_temperature,2.0,degC,month_1,2015-12-08,2016-01-06,6.850561194282713,6.2663115865036225,1.0779171165286403,lead_dependent_anomaly_relaxation,1.0,True,0.5420171911367618,0.5420171911367618,189,4,2011|2012|2013|2014,b05342239154ab1a01bba34d74f6dce57a3b40abd2fa3044ce10a5cbf6be95cf,observation_time_proxy,historical data_available_time is unknown; observation_time is a pseudo-operational proxy
2015-12-08T00:00:00+00:00,2015-12-07,windermere,south,water_temperature,2.0,degC,month_2,2016-01-07,2016-02-05,5.268246878277311,5.013731162825963,1.0779171165286403,lead_dependent_anomaly_relaxation,1.0,True,0.2361180758229335,0.2361180758229335,184,4,2011|2012|2013|2014,07e6e1f90210f0b967629dda95bdfb3552a0e0025d0eef416489cec48cfe4c51,observation_time_proxy,historical data_available_time is unknown; observation_time is a pseudo-operational proxy
2015-12-08T00:00:00+00:00,2015-12-07,windermere,south,water_temperature,2.0,degC,month_3,2016-02-06,2016-03-06,4.673612376419614,4.598412019444445,1.0779171165286403,lead_dependent_anomaly_relaxation,1.0,True,0.06976450769920721,0.06976450769920721,180,4,2011|2012|2013|2014,1b47f2c0080299c15fc2d8212482d6fad5cc035678b47add584dd04d0dfd6d40,observation_time_proxy,historical data_available_time is unknown; observation_time is a pseudo-operational proxy
2015-12-15T00:00:00+00:00,2015-12-14,windermere,south,water_temperature,2.0,degC,month_1,2015-12-15,2016-01-13,6.4037358599251,5.85084777979066,1.020056354623879,lead_dependent_anomaly_relaxation,1.0,True,0.5420171911367618,0.5420171911367618,189,4,2011|2012|2013|2014,b05342239154ab1a01bba34d74f6dce57a3b40abd2fa3044ce10a5cbf6be95cf,observation_time_proxy,historical data_available_time is unknown; observation_time is a pseudo-operational proxy
2015-12-15T00:00:00+00:00,2015-12-14,windermere,south,water_temperature,2.0,degC,month_2,2016-01-14,2016-02-12,5.082371725515812,4.841517981831066,1.020056354623879,lead_dependent_anomaly_relaxation,1.0,True,0.2361180758229335,0.2361180758229335,184,4,2011|2012|2013|2014,07e6e1f90210f0b967629dda95bdfb3552a0e0025d0eef416489cec48cfe4c51,observation_time_proxy,historical data_available_time is unknown; observation_time is a pseudo-operational proxy
2015-12-15T00:00:00+00:00,2015-12-14,windermere,south,water_temperature,2.0,degC,month_3,2016-02-13,2016-03-13,4.760400327421656,4.689236598015873,1.020056354623879,lead_dependent_anomaly_relaxation,1.0,True,0.06976450769920721,0.06976450769920721,180,4,2011|2012|2013|2014,1b47f2c0080299c15fc2d8212482d6fad5cc035678b47add584dd04d0dfd6d40,observation_time_proxy,historical data_available_time is unknown; observation_time is a pseudo-operational proxy
2015-12-22T00:00:00+00:00,2015-12-21,windermere,south,water_temperature,2.0,degC,month_1,2015-12-22,2016-01-20,6.13404945152404,5.525759876037354,1.12226989371118,lead_dependent_anomaly_relaxation,1.0,True,0.5420171911367618,0.5420171911367618,189,4,2011|2012|2013|2014,b05342239154ab1a01bba34d74f6dce57a3b40abd2fa3044ce10a5cbf6be95cf,observation_time_proxy,historical data_available_time is unknown; observation_time is a pseudo-operational proxy
2015-12-22T00:00:00+00:00,2015-12-21,windermere,south,water_temperature,2.0,degC,month_2,2016-01-21,2016-02-19,4.958357398928521,4.693369191071429,1.12226989371118,lead_dependent_anomaly_relaxation,1.0,True,0.2361180758229335,0.2361180758229335,184,4,2011|2012|2013|2014,07e6e1f90210f0b967629dda95bdfb3552a0e0025d0eef416489cec48cfe4c51,observation_time_proxy,historical data_available_time is unknown; observation_time is a pseudo-operational proxy
2015-12-22T00:00:00+00:00,2015-12-21,windermere,south,water_temperature,2.0,degC,month_3,2016-02-20,2016-03-20,4.971723724894371,4.893429118253969,1.12226989371118,lead_dependent_anomaly_relaxation,1.0,True,0.06976450769920721,0.06976450769920721,180,4,2011|2012|2013|2014,1b47f2c0080299c15fc2d8212482d6fad5cc035678b47add584dd04d0dfd6d40,observation_time_proxy,historical data_available_time is unknown; observation_time is a pseudo-operational proxy
2015-12-29T00:00:00+00:00,2015-12-28,windermere,south,water_temperature,2.0,degC,month_1,2015-12-29,2016-01-27,5.992982923978222,5.244990342389866,1.3800163423222909,lead_dependent_anomaly_relaxation,1.0,True,0.5420171911367618,0.5420171911367618,189,4,2011|2012|2013|2014,b05342239154ab1a01bba34d74f6dce57a3b40abd2fa3044ce10a5cbf6be95cf,observation_time_proxy,historical data_available_time is unknown; observation_time is a pseudo-operational proxy
2015-12-29T00:00:00+00:00,2015-12-28,windermere,south,water_temperature,2.0,degC,month_2,2016-01-28,2016-02-26,4.919238349781914,4.593391546428571,1.3800163423222909,lead_dependent_anomaly_relaxation,1.0,True,0.2361180758229335,0.2361180758229335,184,4,2011|2012|2013|2014,07e6e1f90210f0b967629dda95bdfb3552a0e0025d0eef416489cec48cfe4c51,observation_time_proxy,historical data_available_time is unknown; observation_time is a pseudo-operational proxy
2015-12-29T00:00:00+00:00,2015-12-28,windermere,south,water_temperature,2.0,degC,month_3,2016-02-27,2016-03-27,5.304126334746912,5.207850174007937,1.3800163423222909,lead_dependent_anomaly_relaxation,1.0,True,0.06976450769920721,0.06976450769920721,180,4,2011|2012|2013|2014,1b47f2c0080299c15fc2d8212482d6fad5cc035678b47add584dd04d0dfd6d40,observation_time_proxy,historical data_available_time is unknown; observation_time is a pseudo-operational proxy
2016-01-05T00:00:00+00:00,2016-01-04,windermere,south,water_temperature,2.0,degC,month_1,2016-01-05,2016-02-03,6.125182459517265,5.192564004972718,1.6455387260524494,lead_dependent_anomaly_relaxation,1.0,True,0.5667557012054306,0.5667557012054306,240,5,2011|2012|2013|2014|2015,9d0925aa8a4153bc8a5d333f8c35a74a4369f5fc0bf47fa0617250070ab9f2b4,observation_time_proxy,historical data_available_time is unknown; observation_time is a pseudo-operational proxy
2016-01-05T00:00:00+00:00,2016-01-04,windermere,south,water_temperature,2.0,degC,month_2,2016-02-04,2016-03-04,5.040191553259743,4.609708015277778,1.6455387260524494,lead_dependent_anomaly_relaxation,1.0,True,0.261606446063211,0.261606446063211,235,5,2011|2012|2013|2014|2015,efb4db56f7100937e103bc3a5cc2196888aa13894b9155dd4424eff796346f64,observation_time_proxy,historical data_available_time is unknown; observation_time is a pseudo-operational proxy
2016-01-05T00:00:00+00:00,2016-01-04,windermere,south,water_temperature,2.0,degC,month_3,2016-03-05,2016-04-03,5.669768223813651,5.546459277604167,1.6455387260524494,lead_dependent_anomaly_relaxation,1.0,True,0.0749353049291614,0.0749353049291614,231,5,2011|2012|2013|2014|2015,ad3109ae99180bb0cecf8063525ab003eb4f28e243c536e7774573ceb191c29c,observation_time_proxy,historical data_available_time is unknown; observation_time is a pseudo-operational proxy
2016-01-12T00:00:00+00:00,2016-01-11,windermere,south,water_temperature,2.0,degC,month_1,2016-01-12,2016-02-10,6.012916462843218,4.97481474016617,1.8316564270445141,lead_dependent_anomaly_relaxation,1.0,True,0.5667557012054306,0.5667557012054306,240,5,2011|2012|2013|2014|2015,9d0925aa8a4153bc8a5d333f8c35a74a4369f5fc0bf47fa0617250070ab9f2b4,observation_time_proxy,historical data_available_time is unknown; observation_time is a pseudo-operational proxy
2016-01-12T00:00:00+00:00,2016-01-11,windermere,south,water_temperature,2.0,degC,month_2,2016-02-11,2016-03-11,5.15299638228101,4.6738232539930555,1.8316564270445141,lead_dependent_anomaly_relaxation,1.0,True,0.261606446063211,0.261606446063211,235,5,2011|2012|2013|2014|2015,efb4db56f7100937e103bc3a5cc2196888aa13894b9155dd4424eff796346f64,observation_time_proxy,historical data_available_time is unknown; observation_time is a pseudo-operational proxy
2016-01-12T00:00:00+00:00,2016-01-11,windermere,south,water_temperature,2.0,degC,month_3,2016-03-12,2016-04-10,6.117535751636039,5.98028001875,1.8316564270445141,lead_dependent_anomaly_relaxation,1.0,True,0.0749353049291614,0.0749353049291614,231,5,2011|2012|2013|2014|2015,ad3109ae99180bb0cecf8063525ab003eb4f28e243c536e7774573ceb191c29c,observation_time_proxy,historical data_available_time is unknown; observation_time is a pseudo-operational proxy
2016-01-19T00:00:00+00:00,2016-01-18,windermere,south,water_temperature,2.0,degC,month_1,2016-01-19,2016-02-17,5.85735794777557,4.789276841145833,1.8845529111714976,lead_dependent_anomaly_relaxation,1.0,True,0.5667557012054306,0.5667557012054306,240,5,2011|2012|2013|2014|2015,9d0925aa8a4153bc8a5d333f8c35a74a4369f5fc0bf47fa0617250070ab9f2b4,observation_time_proxy,historical data_available_time is unknown; observation_time is a pseudo-operational proxy
2016-01-19T00:00:00+00:00,2016-01-18,windermere,south,water_temperature,2.0,degC,month_2,2016-02-18,2016-03-18,5.332778617634654,4.8397674281250005,1.8845529111714976,lead_dependent_anomaly_relaxation,1.0,True,0.261606446063211,0.261606446063211,235,5,2011|2012|2013|2014|2015,efb4db56f7100937e103bc3a5cc2196888aa13894b9155dd4424eff796346f64,observation_time_proxy,historical data_available_time is unknown; observation_time is a pseudo-operational proxy
2016-01-19T00:00:00+00:00,2016-01-18,windermere,south,water_temperature,2.0,degC,month_3,2016-03-19,2016-04-17,6.714933857296831,6.573714310243056,1.8845529111714976,lead_dependent_anomaly_relaxation,1.0,True,0.0749353049291614,0.0749353049291614,231,5,2011|2012|2013|2014|2015,ad3109ae99180bb0cecf8063525ab003eb4f28e243c536e7774573ceb191c29c,observation_time_proxy,historical data_available_time is unknown; observation_time is a pseudo-operational proxy
2016-01-26T00:00:00+00:00,2016-01-25,windermere,south,water_temperature,2.0,degC,month_1,2016-01-26,2016-02-24,5.670568400724733,4.6554486942708335,1.7911062990541504,lead_dependent_anomaly_relaxation,1.0,True,0.5667557012054306,0.5667557012054306,240,5,2011|2012|2013|2014|2015,9d0925aa8a4153bc8a5d333f8c35a74a4369f5fc0bf47fa0617250070ab9f2b4,observation_time_proxy,historical data_available_time is unknown; observation_time is a pseudo-operational proxy
2016-01-26T00:00:00+00:00,2016-01-25,windermere,south,water_temperature,2.0,degC,month_2,2016-02-25,2016-03-25,5.5858257212989315,5.117260767881945,1.7911062990541504,lead_dependent_anomaly_relaxation,1.0,True,0.261606446063211,0.261606446063211,235,5,2011|2012|2013|2014|2015,efb4db56f7100937e103bc3a5cc2196888aa13894b9155dd4424eff796346f64,observation_time_proxy,historical data_available_time is unknown; observation_time is a pseudo-operational proxy
2016-01-26T00:00:00+00:00,2016-01-25,windermere,south,water_temperature,2.0,degC,month_3,2016-03-26,2016-04-24,7.496655962553181,7.362438865873016,1.7911062990541504,lead_dependent_anomaly_relaxation,1.0,True,0.0749353049291614,0.0749353049291614,231,5,2011|2012|2013|2014|2015,ad3109ae99180bb0cecf8063525ab003eb4f28e243c536e7774573ceb191c29c,observation_time_proxy,historical data_available_time is unknown; observation_time is a pseudo-operational proxy
2016-02-02T00:00:00+00:00,2016-02-01,windermere,south,water_temperature,2.0,degC,month_1,2016-02-02,2016-03-02,5.5677259769856855,4.606345293402778,1.6962876271701388,lead_dependent_anomaly_relaxation,1.0,True,0.5667557012054306,0.5667557012054306,240,5,2011|2012|2013|2014|2015,9d0925aa8a4153bc8a5d333f8c35a74a4369f5fc0bf47fa0617250070ab9f2b4,observation_time_proxy,historical data_available_time is unknown; observation_time is a pseudo-operational proxy
2016-02-02T00:00:00+00:00,2016-02-01,windermere,south,water_temperature,2.0,degC,month_2,2016-03-03,2016-04-01,5.877897566186643,5.434137788541666,1.6962876271701388,lead_dependent_anomaly_relaxation,1.0,True,0.261606446063211,0.261606446063211,235,5,2011|2012|2013|2014|2015,efb4db56f7100937e103bc3a5cc2196888aa13894b9155dd4424eff796346f64,observation_time_proxy,historical data_available_time is unknown; observation_time is a pseudo-operational proxy
2016-02-02T00:00:00+00:00,2016-02-01,windermere,south,water_temperature,2.0,degC,month_3,2016-04-02,2016-05-01,8.227600512930827,8.10048868234127,1.6962876271701388,lead_dependent_anomaly_relaxation,1.0,True,0.0749353049291614,0.0749353049291614,231,5,2011|2012|2013|2014|2015,ad3109ae99180bb0cecf8063525ab003eb4f28e243c536e7774573ceb191c29c,observation_time_proxy,historical data_available_time is unknown; observation_time is a pseudo-operational proxy
2016-02-09T00:00:00+00:00,2016-02-08,windermere,south,water_temperature,2.0,degC,month_1,2016-02-09,2016-03-09,5.57836751031611,4.6477451003472225,1.6420168478050599,lead_dependent_anomaly_relaxation,1.0,True,0.5667557012054306,0.5667557012054306,240,5,2011|2012|2013|2014|2015,9d0925aa8a4153bc8a5d333f8c35a74a4369f5fc0bf47fa0617250070ab9f2b4,observation_time_proxy,historical data_available_time is unknown; observation_time is a pseudo-operational proxy
2016-02-09T00:00:00+00:00,2016-02-08,windermere,south,water_temperature,2.0,degC,month_2,2016-03-10,2016-04-08,6.262706182728809,5.833143990798611,1.6420168478050599,lead_dependent_anomaly_relaxation,1.0,True,0.261606446063211,0.261606446063211,235,5,2011|2012|2013|2014|2015,efb4db56f7100937e103bc3a5cc2196888aa13894b9155dd4424eff796346f64,observation_time_proxy,historical data_available_time is unknown; observation_time is a pseudo-operational proxy
2016-02-09T00:00:00+00:00,2016-02-08,windermere,south,water_temperature,2.0,degC,month_3,2016-04-09,2016-05-08,9.042945817514488,8.919900784325396,1.6420168478050599,lead_dependent_anomaly_relaxation,1.0,True,0.0749353049291614,0.0749353049291614,231,5,2011|2012|2013|2014|2015,ad3109ae99180bb0cecf8063525ab003eb4f28e243c536e7774573ceb191c29c,observation_time_proxy,historical data_available_time is unknown; observation_time is a pseudo-operational proxy
2016-02-16T00:00:00+00:00,2016-02-15,windermere,south,water_temperature,2.0,degC,month_1,2016-02-16,2016-03-16,5.698079462009416,4.778769093576389,1.6220575575644842,lead_dependent_anomaly_relaxation,1.0,True,0.5667557012054306,0.5667557012054306,240,5,2011|2012|2013|2014|2015,9d0925aa8a4153bc8a5d333f8c35a74a4369f5fc0bf47fa0617250070ab9f2b4,observation_time_proxy,historical data_available_time is unknown; observation_time is a pseudo-operational proxy
2016-02-16T00:00:00+00:00,2016-02-15,windermere,south,water_temperature,2.0,degC,month_2,2016-03-17,2016-04-15,6.819240187076362,6.394899474131945,1.6220575575644842,lead_dependent_anomaly_relaxation,1.0,True,0.261606446063211,0.261606446063211,235,5,2011|2012|2013|2014|2015,efb4db56f7100937e103bc3a5cc2196888aa13894b9155dd4424eff796346f64,observation_time_proxy,historical data_available_time is unknown; observation_time is a pseudo-operational proxy
2016-02-16T00:00:00+00:00,2016-02-15,windermere,south,water_temperature,2.0,degC,month_3,2016-04-16,2016-05-15,9.859609796339539,9.738060418650793,1.6220575575644842,lead_dependent_anomaly_relaxation,1.0,True,0.0749353049291614,0.0749353049291614,231,5,2011|2012|2013|2014|2015,ad3109ae99180bb0cecf8063525ab003eb4f28e243c536e7774573ceb191c29c,observation_time_proxy,historical data_available_time is unknown; observation_time is a pseudo-operational proxy
2016-02-23T00:00:00+00:00,2016-02-22,windermere,south,water_temperature,2.0,degC,month_1,2016-02-23,2016-03-23,5.925425096850205,5.026228821006945,1.586567676215278,lead_dependent_anomaly_relaxation,1.0,True,0.5667557012054306,0.5667557012054306,240,5,2011|2012|2013|2014|2015,9d0925aa8a4153bc8a5d333f8c35a74a4369f5fc0bf47fa0617250070ab9f2b4,observation_time_proxy,historical data_available_time is unknown; observation_time is a pseudo-operational proxy
2016-02-23T00:00:00+00:00,2016-02-22,windermere,south,water_temperature,2.0,degC,month_2,2016-03-24,2016-04-22,7.476470574934135,7.061414243720689,1.586567676215278,lead_dependent_anomaly_relaxation,1.0,True,0.261606446063211,0.261606446063211,235,5,2011|2012|2013|2014|2015,efb4db56f7100937e103bc3a5cc2196888aa13894b9155dd4424eff796346f64,observation_time_proxy,historical data_available_time is unknown; observation_time is a pseudo-operational proxy
2016-02-23T00:00:00+00:00,2016-02-22,windermere,south,water_temperature,2.0,degC,month_3,2016-04-23,2016-05-22,10.658733249473022,10.53984331686508,1.586567676215278,lead_dependent_anomaly_relaxation,1.0,True,0.0749353049291614,0.0749353049291614,231,5,2011|2012|2013|2014|2015,ad3109ae99180bb0cecf8063525ab003eb4f28e243c536e7774573ceb191c29c,observation_time_proxy,historical data_available_time is unknown; observation_time is a pseudo-operational proxy
2016-03-01T00:00:00+00:00,2016-02-29,windermere,south,water_temperature,2.0,degC,month_1,2016-03-01,2016-03-30,6.169787569631099,5.3367075671875,1.4699102288194448,lead_dependent_anomaly_relaxation,1.0,True,0.5667557012054306,0.5667557012054306,240,5,2011|2012|2013|2014|2015,9d0925aa8a4153bc8a5d333f8c35a74a4369f5fc0bf47fa0617250070ab9f2b4,observation_time_proxy,historical data_available_time is unknown; observation_time is a pseudo-operational proxy
2016-03-01T00:00:00+00:00,2016-02-29,windermere,south,water_temperature,2.0,degC,month_2,2016-03-31,2016-04-29,8.270523612223576,7.885985621230159,1.4699102288194448,lead_dependent_anomaly_relaxation,1.0,True,0.261606446063211,0.261606446063211,235,5,2011|2012|2013|2014|2015,efb4db56f7100937e103bc3a5cc2196888aa13894b9155dd4424eff796346f64,observation_time_proxy,historical data_available_time is unknown; observation_time is a pseudo-operational proxy
2016-03-01T00:00:00+00:00,2016-02-29,windermere,south,water_temperature,2.0,degC,month_3,2016-04-30,2016-05-29,11.572344786504829,11.46219661528975,1.4699102288194448,lead_dependent_anomaly_relaxation,1.0,True,0.0749353049291614,0.0749353049291614,231,5,2011|2012|2013|2014|2015,ad3109ae99180bb0cecf8063525ab003eb4f28e243c536e7774573ceb191c29c,observation_time_proxy,historical data_available_time is unknown; observation_time is a pseudo-operational proxy
2016-03-08T00:00:00+00:00,2016-03-07,windermere,south,water_temperature,2.0,degC,month_1,2016-03-08,2016-04-06,6.399230502926309,5.7074368812500005,1.220620489930556,lead_dependent_anomaly_relaxation,1.0,True,0.5667557012054306,0.5667557012054306,240,5,2011|2012|2013|2014|2015,9d0925aa8a4153bc8a5d333f8c35a74a4369f5fc0bf47fa0617250070ab9f2b4,observation_time_proxy,historical data_available_time is unknown; observation_time is a pseudo-operational proxy
2016-03-08T00:00:00+00:00,2016-03-07,windermere,south,water_temperature,2.0,degC,month_2,2016-04-07,2016-05-06,8.989920667132509,8.670598478769842,1.220620489930556,lead_dependent_anomaly_relaxation,1.0,True,0.261606446063211,0.261606446063211,235,5,2011|2012|2013|2014|2015,efb4db56f7100937e103bc3a5cc2196888aa13894b9155dd4424eff796346f64,observation_time_proxy,historical data_available_time is unknown; observation_time is a pseudo-operational proxy
2016-03-08T00:00:00+00:00,2016-03-07,windermere,south,water_temperature,2.0,degC,month_3,2016-05-07,2016-06-05,12.587218780080049,12.49575121146432,1.220620489930556,lead_dependent_anomaly_relaxation,1.0,True,0.0749353049291614,0.0749353049291614,231,5,2011|2012|2013|2014|2015,ad3109ae99180bb0cecf8063525ab003eb4f28e243c536e7774573ceb191c29c,observation_time_proxy,historical data_available_time is unknown; observation_time is a pseudo-operational proxy
2016-03-15T00:00:00+00:00,2016-03-14,windermere,south,water_temperature,2.0,degC,month_1,2016-03-15,2016-04-13,6.75758414844304,6.226480005729167,0.9370953685763883,lead_dependent_anomaly_relaxation,1.0,True,0.5667557012054306,0.5667557012054306,240,5,2011|2012|2013|2014|2015,9d0925aa8a4153bc8a5d333f8c35a74a4369f5fc0bf47fa0617250070ab9f2b4,observation_time_proxy,historical data_available_time is unknown; observation_time is a pseudo-operational proxy
2016-03-15T00:00:00+00:00,2016-03-14,windermere,south,water_temperature,2.0,degC,month_2,2016-04-14,2016-05-13,9.739039204273341,9.493889015277778,0.9370953685763883,lead_dependent_anomaly_relaxation,1.0,True,0.261606446063211,0.261606446063211,235,5,2011|2012|2013|2014|2015,efb4db56f7100937e103bc3a5cc2196888aa13894b9155dd4424eff796346f64,observation_time_proxy,historical data_available_time is unknown; observation_time is a pseudo-operational proxy
2016-03-15T00:00:00+00:00,2016-03-14,windermere,south,water_temperature,2.0,degC,month_3,2016-05-14,2016-06-12,13.684247520594756,13.614025993402779,0.9370953685763883,lead_dependent_anomaly_relaxation,1.0,True,0.0749353049291614,0.0749353049291614,231,5,2011|2012|2013|2014|2015,ad3109ae99180bb0cecf8063525ab003eb4f28e243c536e7774573ceb191c29c,observation_time_proxy,historical data_available_time is unknown; observation_time is a pseudo-operational proxy
2016-03-22T00:00:00+00:00,2016-03-21,windermere,south,water_temperature,2.0,degC,month_1,2016-03-22,2016-04-20,7.300712726693209,6.866050806581439,0.7669299473958331,lead_dependent_anomaly_relaxation,1.0,True,0.5667557012054306,0.5667557012054306,240,5,2011|2012|2013|2014|2015,9d0925aa8a4153bc8a5d333f8c35a74a4369f5fc0bf47fa0617250070ab9f2b4,observation_time_proxy,historical data_available_time is unknown; observation_time is a pseudo-operational proxy
2016-03-22T00:00:00+00:00,2016-03-21,windermere,south,water_temperature,2.0,degC,month_2,2016-04-21,2016-05-20,10.507301661171638,10.306667843253969,0.7669299473958331,lead_dependent_anomaly_relaxation,1.0,True,0.261606446063211,0.261606446063211,235,5,2011|2012|2013|2014|2015,efb4db56f7100937e103bc3a5cc2196888aa13894b9155dd4424eff796346f64,observation_time_proxy,historical data_available_time is unknown; observation_time is a pseudo-operational proxy
2016-03-22T00:00:00+00:00,2016-03-21,windermere,south,water_temperature,2.0,degC,month_3,2016-05-21,2016-06-19,14.702893653569424,14.64542352410201,0.7669299473958331,lead_dependent_anomaly_relaxation,1.0,True,0.0749353049291614,0.0749353049291614,231,5,2011|2012|2013|2014|2015,ad3109ae99180bb0cecf8063525ab003eb4f28e243c536e7774573ceb191c29c,observation_time_proxy,historical data_available_time is unknown; observation_time is a pseudo-operational proxy
2016-03-29T00:00:00+00:00,2016-03-28,windermere,south,water_temperature,2.0,degC,month_1,2016-03-29,2016-04-27,8.022919878745551,7.678782184325397,0.6072064095486107,lead_dependent_anomaly_relaxation,1.0,True,0.5667557012054306,0.5667557012054306,240,5,2011|2012|2013|2014|2015,9d0925aa8a4153bc8a5d333f8c35a74a4369f5fc0bf47fa0617250070ab9f2b4,observation_time_proxy,historical data_available_time is unknown; observation_time is a pseudo-operational proxy
2016-03-29T00:00:00+00:00,2016-03-28,windermere,south,water_temperature,2.0,degC,month_2,2016-04-28,2016-05-27,11.378384425470019,11.219535314641204,0.6072064095486107,lead_dependent_anomaly_relaxation,1.0,True,0.261606446063211,0.261606446063211,235,5,2011|2012|2013|2014|2015,efb4db56f7100937e103bc3a5cc2196888aa13894b9155dd4424eff796346f64,observation_time_proxy,historical data_available_time is unknown; observation_time is a pseudo-operational proxy
2016-03-29T00:00:00+00:00,2016-03-28,windermere,south,water_temperature,2.0,degC,month_3,2016-05-28,2016-06-26,15.459358636044026,15.41385743858956,0.6072064095486107,lead_dependent_anomaly_relaxation,1.0,True,0.0749353049291614,0.0749353049291614,231,5,2011|2012|2013|2014|2015,ad3109ae99180bb0cecf8063525ab003eb4f28e243c536e7774573ceb191c29c,observation_time_proxy,historical data_available_time is unknown; observation_time is a pseudo-operational proxy
2016-04-05T00:00:00+00:00,2016-04-04,windermere,south,water_temperature,2.0,degC,month_1,2016-04-05,2016-05-04,8.736565912774678,8.432166330357143,0.5370913460069442,lead_dependent_anomaly_relaxation,1.0,True,0.5667557012054306,0.5667557012054306,240,5,2011|2012|2013|2014|2015,9d0925aa8a4153bc8a5d333f8c35a74a4369f5fc0bf47fa0617250070ab9f2b4,observation_time_proxy,historical data_available_time is unknown; observation_time is a pseudo-operational proxy
2016-04-05T00:00:00+00:00,2016-04-04,windermere,south,water_temperature,2.0,degC,month_2,2016-05-05,2016-06-03,12.304128731013172,12.163622172772989,0.5370913460069442,lead_dependent_anomaly_relaxation,1.0,True,0.261606446063211,0.261606446063211,235,5,2011|2012|2013|2014|2015,efb4db56f7100937e103bc3a5cc2196888aa13894b9155dd4424eff796346f64,observation_time_proxy,historical data_available_time is unknown; observation_time is a pseudo-operational proxy
2016-04-05T00:00:00+00:00,2016-04-04,windermere,south,water_temperature,2.0,degC,month_3,2016-06-04,2016-07-03,16.199548294760067,16.159301190972222,0.5370913460069442,lead_dependent_anomaly_relaxation,1.0,True,0.0749353049291614,0.0749353049291614,231,5,2011|2012|2013|2014|2015,ad3109ae99180bb0cecf8063525ab003eb4f28e243c536e7774573ceb191c29c,observation_time_proxy,historical data_available_time is unknown; observation_time is a pseudo-operational proxy
2016-04-12T00:00:00+00:00,2016-04-11,windermere,south,water_temperature,2.0,degC,month_1,2016-04-12,2016-05-11,9.543589054563187,9.262069604563491,0.4967209847222218,lead_dependent_anomaly_relaxation,1.0,True,0.5667557012054306,0.5667557012054306,240,5,2011|2012|2013|2014|2015,9d0925aa8a4153bc8a5d333f8c35a74a4369f5fc0bf47fa0617250070ab9f2b4,observation_time_proxy,historical data_available_time is unknown; observation_time is a pseudo-operational proxy
2016-04-12T00:00:00+00:00,2016-04-11,windermere,south,water_temperature,2.0,degC,month_2,2016-05-12,2016-06-10,13.42759295910955,13.297647547611351,0.4967209847222218,lead_dependent_anomaly_relaxation,1.0,True,0.261606446063211,0.261606446063211,235,5,2011|2012|2013|2014|2015,efb4db56f7100937e103bc3a5cc2196888aa13894b9155dd4424eff796346f64,observation_time_proxy,historical data_available_time is unknown; observation_time is a pseudo-operational proxy
2016-04-12T00:00:00+00:00,2016-04-11,windermere,south,water_temperature,2.0,degC,month_3,2016-06-11,2016-07-10,16.742847578928906,16.705625640474032,0.4967209847222218,lead_dependent_anomaly_relaxation,1.0,True,0.0749353049291614,0.0749353049291614,231,5,2011|2012|2013|2014|2015,ad3109ae99180bb0cecf8063525ab003eb4f28e243c536e7774573ceb191c29c,observation_time_proxy,historical data_available_time is unknown; observation_time is a pseudo-operational proxy
2016-04-19T00:00:00+00:00,2016-04-18,windermere,south,water_temperature,2.0,degC,month_1,2016-04-19,2016-05-18,10.27901878659559,10.08662692579365,0.339461712326389,lead_dependent_anomaly_relaxation,1.0,True,0.5667557012054306,0.5667557012054306,240,5,2011|2012|2013|2014|2015,9d0925aa8a4153bc8a5d333f8c35a74a4369f5fc0bf47fa0617250070ab9f2b4,observation_time_proxy,historical data_available_time is unknown; observation_time is a pseudo-operational proxy
2016-04-19T00:00:00+00:00,2016-04-18,windermere,south,water_temperature,2.0,degC,month_2,2016-05-19,2016-06-17,14.454382651811766,14.365577279675527,0.339461712326389,lead_dependent_anomaly_relaxation,1.0,True,0.261606446063211,0.261606446063211,235,5,2011|2012|2013|2014|2015,efb4db56f7100937e103bc3a5cc2196888aa13894b9155dd4424eff796346f64,observation_time_proxy,historical data_available_time is unknown; observation_time is a pseudo-operational proxy
2016-04-19T00:00:00+00:00,2016-04-18,windermere,south,water_temperature,2.0,degC,month_3,2016-06-18,2016-07-17,17.315798134734848,17.290360467809894,0.339461712326389,lead_dependent_anomaly_relaxation,1.0,True,0.0749353049291614,0.0749353049291614,231,5,2011|2012|2013|2014|2015,ad3109ae99180bb0cecf8063525ab003eb4f28e243c536e7774573ceb191c29c,observation_time_proxy,historical data_available_time is unknown; observation_time is a pseudo-operational proxy
2016-04-26T00:00:00+00:00,2016-04-25,windermere,south,water_temperature,2.0,degC,month_1,2016-04-26,2016-05-25,10.948624158451684,10.887971467460318,0.10701734603174629,lead_dependent_anomaly_relaxation,1.0,True,0.5667557012054306,0.5667557012054306,240,5,2011|2012|2013|2014|2015,9d0925aa8a4153bc8a5d333f8c35a74a4369f5fc0bf47fa0617250070ab9f2b4,observation_time_proxy,historical data_available_time is unknown; observation_time is a pseudo-operational proxy
2016-04-26T00:00:00+00:00,2016-04-25,windermere,south,water_temperature,2.0,degC,month_2,2016-05-26,2016-06-24,15.24346050158068,15.215464074018199,0.10701734603174629,lead_dependent_anomaly_relaxation,1.0,True,0.261606446063211,0.261606446063211,235,5,2011|2012|2013|2014|2015,efb4db56f7100937e103bc3a5cc2196888aa13894b9155dd4424eff796346f64,observation_time_proxy,historical data_available_time is unknown; observation_time is a pseudo-operational proxy
2016-04-26T00:00:00+00:00,2016-04-25,windermere,south,water_temperature,2.0,degC,month_3,2016-06-25,2016-07-24,17.746074289711935,17.738054912254338,0.10701734603174629,lead_dependent_anomaly_relaxation,1.0,True,0.0749353049291614,0.0749353049291614,231,5,2011|2012|2013|2014|2015,ad3109ae99180bb0cecf8063525ab003eb4f28e243c536e7774573ceb191c29c,observation_time_proxy,historical data_available_time is unknown; observation_time is a pseudo-operational proxy
2016-05-03T00:00:00+00:00,2016-05-02,windermere,south,water_temperature,2.0,degC,month_1,2016-05-03,2016-06-01,11.763563106833908,11.857142915738745,-0.16511489642857136,lead_dependent_anomaly_relaxation,1.0,True,0.5667557012054306,0.5667557012054306,240,5,2011|2012|2013|2014|2015,9d0925aa8a4153bc8a5d333f8c35a74a4369f5fc0bf47fa0617250070ab9f2b4,observation_time_proxy,historical data_available_time is unknown; observation_time is a pseudo-operational proxy
2016-05-03T00:00:00+00:00,2016-05-02,windermere,south,water_temperature,2.0,degC,month_2,2016-06-02,2016-07-01,15.92271058535045,15.965905706597223,-0.16511489642857136,lead_dependent_anomaly_relaxation,1.0,True,0.261606446063211,0.261606446063211,235,5,2011|2012|2013|2014|2015,efb4db56f7100937e103bc3a5cc2196888aa13894b9155dd4424eff796346f64,observation_time_proxy,historical data_available_time is unknown; observation_time is a pseudo-operational proxy
2016-05-03T00:00:00+00:00,2016-05-02,windermere,south,water_temperature,2.0,degC,month_3,2016-07-02,2016-07-31,18.156278638972474,18.168651574084695,-0.16511489642857136,lead_dependent_anomaly_relaxation,1.0,True,0.0749353049291614,0.0749353049291614,231,5,2011|2012|2013|2014|2015,ad3109ae99180bb0cecf8063525ab003eb4f28e243c536e7774573ceb191c29c,observation_time_proxy,historical data_available_time is unknown; observation_time is a pseudo-operational proxy
2016-05-10T00:00:00+00:00,2016-05-09,windermere,south,water_temperature,2.0,degC,month_1,2016-05-10,2016-06-08,12.75545232107966,12.972609903657807,-0.38315906150793744,lead_dependent_anomaly_relaxation,1.0,True,0.5667557012054306,0.5667557012054306,240,5,2011|2012|2013|2014|2015,9d0925aa8a4153bc8a5d333f8c35a74a4369f5fc0bf47fa0617250070ab9f2b4,observation_time_proxy,historical data_available_time is unknown; observation_time is a pseudo-operational proxy
2016-05-10T00:00:00+00:00,2016-05-09,windermere,south,water_temperature,2.0,degC,month_2,2016-06-09,2016-07-08,16.435919819143802,16.53615669950181,-0.38315906150793744,lead_dependent_anomaly_relaxation,1.0,True,0.261606446063211,0.261606446063211,235,5,2011|2012|2013|2014|2015,efb4db56f7100937e103bc3a5cc2196888aa13894b9155dd4424eff796346f64,observation_time_proxy,historical data_available_time is unknown; observation_time is a pseudo-operational proxy
2016-05-10T00:00:00+00:00,2016-05-09,windermere,south,water_temperature,2.0,degC,month_3,2016-07-09,2016-08-07,18.3028646550994,18.331576796209866,-0.38315906150793744,lead_dependent_anomaly_relaxation,1.0,True,0.0749353049291614,0.0749353049291614,231,5,2011|2012|2013|2014|2015,ad3109ae99180bb0cecf8063525ab003eb4f28e243c536e7774573ceb191c29c,observation_time_proxy,historical data_available_time is unknown; observation_time is a pseudo-operational proxy
2016-05-17T00:00:00+00:00,2016-05-16,windermere,south,water_temperature,2.0,degC,month_1,2016-05-17,2016-06-15,14.059742883056984,14.06749708679957,-0.013681739285715366,lead_dependent_anomaly_relaxation,1.0,True,0.5667557012054306,0.5667557012054306,240,5,2011|2012|2013|2014|2015,9d0925aa8a4153bc8a5d333f8c35a74a4369f5fc0bf47fa0617250070ab9f2b4,observation_time_proxy,historical data_available_time is unknown; observation_time is a pseudo-operational proxy
2016-05-17T00:00:00+00:00,2016-05-16,windermere,south,water_temperature,2.0,degC,month_2,2016-06-16,2016-07-15,17.14226199877217,17.14584122996267,-0.013681739285715366,lead_dependent_anomaly_relaxation,1.0,True,0.261606446063211,0.261606446063211,235,5,2011|2012|2013|2014|2015,efb4db56f7100937e103bc3a5cc2196888aa13894b9155dd4424eff796346f64,observation_time_proxy,historical data_available_time is unknown; observation_time is a pseudo-operational proxy
2016-05-17T00:00:00+00:00,2016-05-16,windermere,south,water_temperature,2.0,degC,month_3,2016-07-16,2016-08-14,18.270218954223434,18.27124419952877,-0.013681739285715366,lead_dependent_anomaly_relaxation,1.0,True,0.0749353049291614,0.0749353049291614,231,5,2011|2012|2013|2014|2015,ad3109ae99180bb0cecf8063525ab003eb4f28e243c536e7774573ceb191c29c,observation_time_proxy,historical data_available_time is unknown; observation_time is a pseudo-operational proxy
2016-05-24T00:00:00+00:00,2016-05-23,windermere,south,water_temperature,2.0,degC,month_1,2016-05-24,2016-06-22,15.187688594135414,15.009912686260776,0.31367290615079213,lead_dependent_anomaly_relaxation,1.0,True,0.5667557012054306,0.5667557012054306,240,5,2011|2012|2013|2014|2015,9d0925aa8a4153bc8a5d333f8c35a74a4369f5fc0bf47fa0617250070ab9f2b4,observation_time_proxy,historical data_available_time is unknown; observation_time is a pseudo-operational proxy
2016-05-24T00:00:00+00:00,2016-05-23,windermere,south,water_temperature,2.0,degC,month_2,2016-06-23,2016-07-22,17.689270875833763,17.607212021629337,0.31367290615079213,lead_dependent_anomaly_relaxation,1.0,True,0.261606446063211,0.261606446063211,235,5,2011|2012|2013|2014|2015,efb4db56f7100937e103bc3a5cc2196888aa13894b9155dd4424eff796346f64,observation_time_proxy,historical data_available_time is unknown; observation_time is a pseudo-operational proxy
2016-05-24T00:00:00+00:00,2016-05-23,windermere,south,water_temperature,2.0,degC,month_3,2016-07-23,2016-08-21,18.158432215793045,18.13492704092262,0.31367290615079213,lead_dependent_anomaly_relaxation,1.0,True,0.0749353049291614,0.0749353049291614,231,5,2011|2012|2013|2014|2015,ad3109ae99180bb0cecf8063525ab003eb4f28e243c536e7774573ceb191c29c,observation_time_proxy,historical data_available_time is unknown; observation_time is a pseudo-operational proxy
2016-05-31T00:00:00+00:00,2016-05-30,windermere,south,water_temperature,2.0,degC,month_1,2016-05-31,2016-06-29,16.156223223576863,15.74755870923132,0.7210593796874996,lead_dependent_anomaly_relaxation,1.0,True,0.5667557012054306,0.5667557012054306,240,5,2011|2012|2013|2014|2015,9d0925aa8a4153bc8a5d333f8c35a74a4369f5fc0bf47fa0617250070ab9f2b4,observation_time_proxy,historical data_available_time is unknown; observation_time is a pseudo-operational proxy
2016-05-31T00:00:00+00:00,2016-05-30,windermere,south,water_temperature,2.0,degC,month_2,2016-06-30,2016-07-29,18.274983173389607,18.086349391669017,0.7210593796874996,lead_dependent_anomaly_relaxation,1.0,True,0.261606446063211,0.261606446063211,235,5,2011|2012|2013|2014|2015,efb4db56f7100937e103bc3a5cc2196888aa13894b9155dd4424eff796346f64,observation_time_proxy,historical data_available_time is unknown; observation_time is a pseudo-operational proxy
2016-05-31T00:00:00+00:00,2016-05-30,windermere,south,water_temperature,2.0,degC,month_3,2016-07-30,2016-08-28,17.86248271718733,17.808449912698414,0.7210593796874996,lead_dependent_anomaly_relaxation,1.0,True,0.0749353049291614,0.0749353049291614,231,5,2011|2012|2013|2014|2015,ad3109ae99180bb0cecf8063525ab003eb4f28e243c536e7774573ceb191c29c,observation_time_proxy,historical data_available_time is unknown; observation_time is a pseudo-operational proxy
2016-06-07T00:00:00+00:00,2016-06-06,windermere,south,water_temperature,2.0,degC,month_1,2016-06-07,2016-07-06,17.229283322412275,16.387765003321256,1.484799036518199,lead_dependent_anomaly_relaxation,1.0,True,0.5667557012054306,0.5667557012054306,240,5,2011|2012|2013|2014|2015,9d0925aa8a4153bc8a5d333f8c35a74a4369f5fc0bf47fa0617250070ab9f2b4,observation_time_proxy,historical data_available_time is unknown; observation_time is a pseudo-operational proxy
2016-06-07T00:00:00+00:00,2016-06-06,windermere,south,water_temperature,2.0,degC,month_2,2016-07-07,2016-08-05,18.681502538079013,18.293069539017406,1.484799036518199,lead_dependent_anomaly_relaxation,1.0,True,0.261606446063211,0.261606446063211,235,5,2011|2012|2013|2014|2015,efb4db56f7100937e103bc3a5cc2196888aa13894b9155dd4424eff796346f64,observation_time_proxy,historical data_available_time is unknown; observation_time is a pseudo-operational proxy
2016-06-07T00:00:00+00:00,2016-06-06,windermere,south,water_temperature,2.0,degC,month_3,2016-08-06,2016-09-04,17.578595493063986,17.46733162450397,1.484799036518199,lead_dependent_anomaly_relaxation,1.0,True,0.0749353049291614,0.0749353049291614,231,5,2011|2012|2013|2014|2015,ad3109ae99180bb0cecf8063525ab003eb4f28e243c536e7774573ceb191c29c,observation_time_proxy,historical data_available_time is unknown; observation_time is a pseudo-operational proxy
2016-06-14T00:00:00+00:00,2016-06-13,windermere,south,water_temperature,2.0,degC,month_1,2016-06-14,2016-07-13,18.265824987833614,16.968453318504338,2.2891197504849146,lead_dependent_anomaly_relaxation,1.0,True,0.5667557012054306,0.5667557012054306,240,5,2011|2012|2013|2014|2015,9d0925aa8a4153bc8a5d333f8c35a74a4369f5fc0bf47fa0617250070ab9f2b4,observation_time_proxy,historical data_available_time is unknown; observation_time is a pseudo-operational proxy
2016-06-14T00:00:00+00:00,2016-06-13,windermere,south,water_temperature,2.0,degC,month_2,2016-07-14,2016-08-12,18.90083974183806,18.301991259300596,2.2891197504849146,lead_dependent_anomaly_relaxation,1.0,True,0.261606446063211,0.261606446063211,235,5,2011|2012|2013|2014|2015,efb4db56f7100937e103bc3a5cc2196888aa13894b9155dd4424eff796346f64,observation_time_proxy,historical data_available_time is unknown; observation_time is a pseudo-operational proxy
2016-06-14T00:00:00+00:00,2016-06-13,windermere,south,water_temperature,2.0,degC,month_3,2016-08-13,2016-09-11,17.264168004577506,17.092632118055555,2.2891197504849146,lead_dependent_anomaly_relaxation,1.0,True,0.0749353049291614,0.0749353049291614,231,5,2011|2012|2013|2014|2015,ad3109ae99180bb0cecf8063525ab003eb4f28e243c536e7774573ceb191c29c,observation_time_proxy,historical data_available_time is unknown; observation_time is a pseudo-operational proxy
2016-06-21T00:00:00+00:00,2016-06-20,windermere,south,water_temperature,2.0,degC,month_1,2016-06-21,2016-07-20,18.98107464358577,17.479546834129337,2.6493386943666177,lead_dependent_anomaly_relaxation,1.0,True,0.5667557012054306,0.5667557012054306,240,5,2011|2012|2013|2014|2015,9d0925aa8a4153bc8a5d333f8c35a74a4369f5fc0bf47fa0617250070ab9f2b4,observation_time_proxy,historical data_available_time is unknown; observation_time is a pseudo-operational proxy
2016-06-21T00:00:00+00:00,2016-06-20,windermere,south,water_temperature,2.0,degC,month_2,2016-07-21,2016-08-19,18.886829409120047,18.19374532886905,2.6493386943666177,lead_dependent_anomaly_relaxation,1.0,True,0.261606446063211,0.261606446063211,235,5,2011|2012|2013|2014|2015,efb4db56f7100937e103bc3a5cc2196888aa13894b9155dd4424eff796346f64,observation_time_proxy,historical data_available_time is unknown; observation_time is a pseudo-operational proxy
2016-06-21T00:00:00+00:00,2016-06-20,windermere,south,water_temperature,2.0,degC,month_3,2016-08-20,2016-09-18,16.8692781609091,16.670749157986112,2.6493386943666177,lead_dependent_anomaly_relaxation,1.0,True,0.0749353049291614,0.0749353049291614,231,5,2011|2012|2013|2014|2015,ad3109ae99180bb0cecf8063525ab003eb4f28e243c536e7774573ceb191c29c,observation_time_proxy,historical data_available_time is unknown; observation_time is a pseudo-operational proxy
2016-06-28T00:00:00+00:00,2016-06-27,windermere,south,water_temperature,2.0,degC,month_1,2016-06-28,2016-07-27,19.574528276165,17.959287548928188,2.8499770250239465,lead_dependent_anomaly_relaxation,1.0,True,0.5667557012054306,0.5667557012054306,240,5,2011|2012|2013|2014|2015,9d0925aa8a4153bc8a5d333f8c35a74a4369f5fc0bf47fa0617250070ab9f2b4,observation_time_proxy,historical data_available_time is unknown; observation_time is a pseudo-operational proxy
2016-06-28T00:00:00+00:00,2016-06-27,windermere,south,water_temperature,2.0,degC,month_2,2016-07-28,2016-08-26,18.662969599007763,17.917397238129446,2.8499770250239465,lead_dependent_anomaly_relaxation,1.0,True,0.261606446063211,0.261606446063211,235,5,2011|2012|2013|2014|2015,efb4db56f7100937e103bc3a5cc2196888aa13894b9155dd4424eff796346f64,observation_time_proxy,historical data_available_time is unknown; observation_time is a pseudo-operational proxy
2016-06-28T00:00:00+00:00,2016-06-27,windermere,south,water_temperature,2.0,degC,month_3,2016-08-27,2016-09-25,16.396402963383494,16.18283906597222,2.8499770250239465,lead_dependent_anomaly_relaxation,1.0,True,0.0749353049291614,0.0749353049291614,231,5,2011|2012|2013|2014|2015,ad3109ae99180bb0cecf8063525ab003eb4f28e243c536e7774573ceb191c29c,observation_time_proxy,historical data_available_time is unknown; observation_time is a pseudo-operational proxy
2016-07-05T00:00:00+00:00,2016-07-04,windermere,south,water_temperature,2.0,degC,month_1,2016-07-05,2016-08-03,19.636433305115702,18.24790452510156,2.449959968750001,lead_dependent_anomaly_relaxation,1.0,True,0.5667557012054306,0.5667557012054306,240,5,2011|2012|2013|2014|2015,9d0925aa8a4153bc8a5d333f8c35a74a4369f5fc0bf47fa0617250070ab9f2b4,observation_time_proxy,historical data_available_time is unknown; observation_time is a pseudo-operational proxy
2016-07-05T00:00:00+00:00,2016-07-04,windermere,south,water_temperature,2.0,degC,month_2,2016-08-04,2016-09-02,18.197307658467455,17.556382338045633,2.449959968750001,lead_dependent_anomaly_relaxation,1.0,True,0.261606446063211,0.261606446063211,235,5,2011|2012|2013|2014|2015,efb4db56f7100937e103bc3a5cc2196888aa13894b9155dd4424eff796346f64,observation_time_proxy,historical data_available_time is unknown; observation_time is a pseudo-operational proxy
2016-07-05T00:00:00+00:00,2016-07-04,windermere,south,water_temperature,2.0,degC,month_3,2016-09-03,2016-10-02,15.862119137947518,15.678530640624999,2.449959968750001,lead_dependent_anomaly_relaxation,1.0,True,0.0749353049291614,0.0749353049291614,231,5,2011|2012|2013|2014|2015,ad3109ae99180bb0cecf8063525ab003eb4f28e243c536e7774573ceb191c29c,observation_time_proxy,historical data_available_time is unknown; observation_time is a pseudo-operational proxy
2016-07-12T00:00:00+00:00,2016-07-11,windermere,south,water_temperature,2.0,degC,month_1,2016-07-12,2016-08-10,18.973402789488134,18.330045217092803,1.1351585366092962,lead_dependent_anomaly_relaxation,1.0,True,0.5667557012054306,0.5667557012054306,240,5,2011|2012|2013|2014|2015,9d0925aa8a4153bc8a5d333f8c35a74a4369f5fc0bf47fa0617250070ab9f2b4,observation_time_proxy,historical data_available_time is unknown; observation_time is a pseudo-operational proxy
2016-07-12T00:00:00+00:00,2016-07-11,windermere,south,water_temperature,2.0,degC,month_2,2016-08-11,2016-09-09,17.49890194499456,17.20193715451389,1.1351585366092962,lead_dependent_anomaly_relaxation,1.0,True,0.261606446063211,0.261606446063211,235,5,2011|2012|2013|2014|2015,efb4db56f7100937e103bc3a5cc2196888aa13894b9155dd4424eff796346f64,observation_time_proxy,historical data_available_time is unknown; observation_time is a pseudo-operational proxy
2016-07-12T00:00:00+00:00,2016-07-11,windermere,south,water_temperature,2.0,degC,month_3,2016-09-10,2016-10-09,15.167370272264314,15.082306821180556,1.1351585366092962,lead_dependent_anomaly_relaxation,1.0,True,0.0749353049291614,0.0749353049291614,231,5,2011|2012|2013|2014|2015,ad3109ae99180bb0cecf8063525ab003eb4f28e243c536e7774573ceb191c29c,observation_time_proxy,historical data_available_time is unknown; observation_time is a pseudo-operational proxy
2016-07-19T00:00:00+00:00,2016-07-18,windermere,south,water_temperature,2.0,degC,month_1,2016-07-19,2016-08-17,18.199887189393902,18.233969590029762,-0.060135964337671766,lead_dependent_anomaly_relaxation,1.0,True,0.5667557012054306,0.5667557012054306,240,5,2011|2012|2013|2014|2015,9d0925aa8a4153bc8a5d333f8c35a74a4369f5fc0bf47fa0617250070ab9f2b4,observation_time_proxy,historical data_available_time is unknown; observation_time is a pseudo-operational proxy
2016-07-19T00:00:00+00:00,2016-07-18,windermere,south,water_temperature,2.0,degC,month_2,2016-08-18,2016-09-16,16.782146004158484,16.797877960069446,-0.060135964337671766,lead_dependent_anomaly_relaxation,1.0,True,0.261606446063211,0.261606446063211,235,5,2011|2012|2013|2014|2015,efb4db56f7100937e103bc3a5cc2196888aa13894b9155dd4424eff796346f64,observation_time_proxy,historical data_available_time is unknown; observation_time is a pseudo-operational proxy
2016-07-19T00:00:00+00:00,2016-07-18,windermere,south,water_temperature,2.0,degC,month_3,2016-09-17,2016-10-16,14.43232049525848,14.436826802083333,-0.060135964337671766,lead_dependent_anomaly_relaxation,1.0,True,0.0749353049291614,0.0749353049291614,231,5,2011|2012|2013|2014|2015,ad3109ae99180bb0cecf8063525ab003eb4f28e243c536e7774573ceb191c29c,observation_time_proxy,historical data_available_time is unknown; observation_time is a pseudo-operational proxy
2016-07-26T00:00:00+00:00,2016-07-25,windermere,south,water_temperature,2.0,degC,month_1,2016-07-26,2016-08-24,17.84506195617916,18.024789198536705,-0.3171158966293355,lead_dependent_anomaly_relaxation,1.0,True,0.5667557012054306,0.5667557012054306,240,5,2011|2012|2013|2014|2015,9d0925aa8a4153bc8a5d333f8c35a74a4369f5fc0bf47fa0617250070ab9f2b4,observation_time_proxy,historical data_available_time is unknown; observation_time is a pseudo-operational proxy
2016-07-26T00:00:00+00:00,2016-07-25,windermere,south,water_temperature,2.0,degC,month_2,2016-08-25,2016-09-23,16.251178881737097,16.334138444444445,-0.3171158966293355,lead_dependent_anomaly_relaxation,1.0,True,0.261606446063211,0.261606446063211,235,5,2011|2012|2013|2014|2015,efb4db56f7100937e103bc3a5cc2196888aa13894b9155dd4424eff796346f64,observation_time_proxy,historical data_available_time is unknown; observation_time is a pseudo-operational proxy
2016-07-26T00:00:00+00:00,2016-07-25,windermere,south,water_temperature,2.0,degC,month_3,2016-09-24,2016-10-23,13.75230806143542,13.776071237847223,-0.3171158966293355,lead_dependent_anomaly_relaxation,1.0,True,0.0749353049291614,0.0749353049291614,231,5,2011|2012|2013|2014|2015,ad3109ae99180bb0cecf8063525ab003eb4f28e243c536e7774573ceb191c29c,observation_time_proxy,historical data_available_time is unknown; observation_time is a pseudo-operational proxy
2016-08-02T00:00:00+00:00,2016-08-01,windermere,south,water_temperature,2.0,degC,month_1,2016-08-02,2016-08-31,17.44335219173557,17.654852775545635,-0.3731776907761599,lead_dependent_anomaly_relaxation,1.0,True,0.5667557012054306,0.5667557012054306,240,5,2011|2012|2013|2014|2015,9d0925aa8a4153bc8a5d333f8c35a74a4369f5fc0bf47fa0617250070ab9f2b4,observation_time_proxy,historical data_available_time is unknown; observation_time is a pseudo-operational proxy
2016-08-02T00:00:00+00:00,2016-08-01,windermere,south,water_temperature,2.0,degC,month_2,2016-09-01,2016-09-30,15.72057944598264,15.818205135416667,-0.3731776907761599,lead_dependent_anomaly_relaxation,1.0,True,0.261606446063211,0.261606446063211,235,5,2011|2012|2013|2014|2015,efb4db56f7100937e103bc3a5cc2196888aa13894b9155dd4424eff796346f64,observation_time_proxy,historical data_available_time is unknown; observation_time is a pseudo-operational proxy
2016-08-02T00:00:00+00:00,2016-08-01,windermere,south,water_temperature,2.0,degC,month_3,2016-10-01,2016-10-30,13.039161980879484,13.067126164930556,-0.3731776907761599,lead_dependent_anomaly_relaxation,1.0,True,0.0749353049291614,0.0749353049291614,231,5,2011|2012|2013|2014|2015,ad3109ae99180bb0cecf8063525ab003eb4f28e243c536e7774573ceb191c29c,observation_time_proxy,historical data_available_time is unknown; observation_time is a pseudo-operational proxy
2016-08-09T00:00:00+00:00,2016-08-08,windermere,south,water_temperature,2.0,degC,month_1,2016-08-09,2016-09-07,17.197622519584137,17.3096995,-0.19775183589240797,lead_dependent_anomaly_relaxation,1.0,True,0.5667557012054306,0.5667557012054306,240,5,2011|2012|2013|2014|2015,9d0925aa8a4153bc8a5d333f8c35a74a4369f5fc0bf47fa0617250070ab9f2b4,observation_time_proxy,historical data_available_time is unknown; observation_time is a pseudo-operational proxy
2016-08-09T00:00:00+00:00,2016-08-08,windermere,south,water_temperature,2.0,degC,month_2,2016-09-08,2016-10-07,15.204725110634712,15.256458265625,-0.19775183589240797,lead_dependent_anomaly_relaxation,1.0,True,0.261606446063211,0.261606446063211,235,5,2011|2012|2013|2014|2015,efb4db56f7100937e103bc3a5cc2196888aa13894b9155dd4424eff796346f64,observation_time_proxy,historical data_available_time is unknown; observation_time is a pseudo-operational proxy
2016-08-09T00:00:00+00:00,2016-08-08,windermere,south,water_temperature,2.0,degC,month_3,2016-10-08,2016-11-06,12.316854624166655,12.331673218289554,-0.19775183589240797,lead_dependent_anomaly_relaxation,1.0,True,0.0749353049291614,0.0749353049291614,231,5,2011|2012|2013|2014|2015,ad3109ae99180bb0cecf8063525ab003eb4f28e243c536e7774573ceb191c29c,observation_time_proxy,historical data_available_time is unknown; observation_time is a pseudo-operational proxy
2016-08-16T00:00:00+00:00,2016-08-15,windermere,south,water_temperature,2.0,degC,month_1,2016-08-16,2016-09-14,16.942155156553135,16.92060416840278,0.038025181051587253,lead_dependent_anomaly_relaxation,1.0,True,0.5667557012054306,0.5667557012054306,240,5,2011|2012|2013|2014|2015,9d0925aa8a4153bc8a5d333f8c35a74a4369f5fc0bf47fa0617250070ab9f2b4,observation_time_proxy,historical data_available_time is unknown; observation_time is a pseudo-operational proxy
2016-08-16T00:00:00+00:00,2016-08-15,windermere,south,water_temperature,2.0,degC,month_2,2016-09-15,2016-10-14,14.627596910253594,14.617649277777778,0.038025181051587253,lead_dependent_anomaly_relaxation,1.0,True,0.261606446063211,0.261606446063211,235,5,2011|2012|2013|2014|2015,efb4db56f7100937e103bc3a5cc2196888aa13894b9155dd4424eff796346f64,observation_time_proxy,historical data_available_time is unknown; observation_time is a pseudo-operational proxy
2016-08-16T00:00:00+00:00,2016-08-15,windermere,south,water_temperature,2.0,degC,month_3,2016-10-15,2016-11-13,11.60512226870164,11.602272840164552,0.038025181051587253,lead_dependent_anomaly_relaxation,1.0,True,0.0749353049291614,0.0749353049291614,231,5,2011|2012|2013|2014|2015,ad3109ae99180bb0cecf8063525ab003eb4f28e243c536e7774573ceb191c29c,observation_time_proxy,historical data_available_time is unknown; observation_time is a pseudo-operational proxy
2016-08-23T00:00:00+00:00,2016-08-22,windermere,south,water_temperature,2.0,degC,month_1,2016-08-23,2016-09-21,16.540802335557018,16.477823729166666,0.11112125781249915,lead_dependent_anomaly_relaxation,1.0,True,0.5667557012054306,0.5667557012054306,240,5,2011|2012|2013|2014|2015,9d0925aa8a4153bc8a5d333f8c35a74a4369f5fc0bf47fa0617250070ab9f2b4,observation_time_proxy,historical data_available_time is unknown; observation_time is a pseudo-operational proxy
2016-08-23T00:00:00+00:00,2016-08-22,windermere,south,water_temperature,2.0,degC,month_2,2016-09-22,2016-10-21,14.003430414074513,13.974360376736112,0.11112125781249915,lead_dependent_anomaly_relaxation,1.0,True,0.261606446063211,0.261606446063211,235,5,2011|2012|2013|2014|2015,efb4db56f7100937e103bc3a5cc2196888aa13894b9155dd4424eff796346f64,observation_time_proxy,historical data_available_time is unknown; observation_time is a pseudo-operational proxy
2016-08-23T00:00:00+00:00,2016-08-22,windermere,south,water_temperature,2.0,degC,month_3,2016-10-22,2016-11-20,10.9141690198084,10.905842114470108,0.11112125781249915,lead_dependent_anomaly_relaxation,1.0,True,0.0749353049291614,0.0749353049291614,231,5,2011|2012|2013|2014|2015,ad3109ae99180bb0cecf8063525ab003eb4f28e243c536e7774573ceb191c29c,observation_time_proxy,historical data_available_time is unknown; observation_time is a pseudo-operational proxy
2016-08-30T00:00:00+00:00,2016-08-29,windermere,south,water_temperature,2.0,degC,month_1,2016-08-30,2016-09-28,16.133027107024354,15.95973565625,0.30576040153770023,lead_dependent_anomaly_relaxation,1.0,True,0.5667557012054306,0.5667557012054306,240,5,2011|2012|2013|2014|2015,9d0925aa8a4153bc8a5d333f8c35a74a4369f5fc0bf47fa0617250070ab9f2b4,observation_time_proxy,historical data_available_time is unknown; observation_time is a pseudo-operational proxy
2016-08-30T00:00:00+00:00,2016-08-29,windermere,south,water_temperature,2.0,degC,month_2,2016-09-29,2016-10-28,13.358873126368136,13.278884234374999,0.30576040153770023,lead_dependent_anomaly_relaxation,1.0,True,0.261606446063211,0.261606446063211,235,5,2011|2012|2013|2014|2015,efb4db56f7100937e103bc3a5cc2196888aa13894b9155dd4424eff796346f64,observation_time_proxy,historical data_available_time is unknown; observation_time is a pseudo-operational proxy
2016-08-30T00:00:00+00:00,2016-08-29,windermere,south,water_temperature,2.0,degC,month_3,2016-10-29,2016-11-27,10.275619961137654,10.252707712213164,0.30576040153770023,lead_dependent_anomaly_relaxation,1.0,True,0.0749353049291614,0.0749353049291614,231,5,2011|2012|2013|2014|2015,ad3109ae99180bb0cecf8063525ab003eb4f28e243c536e7774573ceb191c29c,observation_time_proxy,historical data_available_time is unknown; observation_time is a pseudo-operational proxy
2016-09-06T00:00:00+00:00,2016-09-05,windermere,south,water_temperature,2.0,degC,month_1,2016-09-06,2016-10-05,15.690426192301869,15.423245661458333,0.4714209848710311,lead_dependent_anomaly_relaxation,1.0,True,0.5667557012054306,0.5667557012054306,240,5,2011|2012|2013|2014|2015,9d0925aa8a4153bc8a5d333f8c35a74a4369f5fc0bf47fa0617250070ab9f2b4,observation_time_proxy,historical data_available_time is unknown; observation_time is a pseudo-operational proxy
2016-09-06T00:00:00+00:00,2016-09-05,windermere,south,water_temperature,2.0,degC,month_2,2016-10-06,2016-11-04,12.662214889866283,12.538888121414553,0.4714209848710311,lead_dependent_anomaly_relaxation,1.0,True,0.261606446063211,0.261606446063211,235,5,2011|2012|2013|2014|2015,efb4db56f7100937e103bc3a5cc2196888aa13894b9155dd4424eff796346f64,observation_time_proxy,historical data_available_time is unknown; observation_time is a pseudo-operational proxy
2016-09-06T00:00:00+00:00,2016-09-05,windermere,south,water_temperature,2.0,degC,month_3,2016-11-05,2016-12-04,9.612428444122088,9.577102368870772,0.4714209848710311,lead_dependent_anomaly_relaxation,1.0,True,0.0749353049291614,0.0749353049291614,231,5,2011|2012|2013|2014|2015,ad3109ae99180bb0cecf8063525ab003eb4f28e243c536e7774573ceb191c29c,observation_time_proxy,historical data_available_time is unknown; observation_time is a pseudo-operational proxy
2016-09-13T00:00:00+00:00,2016-09-12,windermere,south,water_temperature,2.0,degC,month_1,2016-09-13,2016-10-12,15.282481606096718,14.805519684027779,0.8415652829861102,lead_dependent_anomaly_relaxation,1.0,True,0.5667557012054306,0.5667557012054306,240,5,2011|2012|2013|2014|2015,9d0925aa8a4153bc8a5d333f8c35a74a4369f5fc0bf47fa0617250070ab9f2b4,observation_time_proxy,historical data_available_time is unknown; observation_time is a pseudo-operational proxy
2016-09-13T00:00:00+00:00,2016-09-12,windermere,south,water_temperature,2.0,degC,month_2,2016-10-13,2016-11-11,12.028481101830897,11.80832219901872,0.8415652829861102,lead_dependent_anomaly_relaxation,1.0,True,0.261606446063211,0.261606446063211,235,5,2011|2012|2013|2014|2015,efb4db56f7100937e103bc3a5cc2196888aa13894b9155dd4424eff796346f64,observation_time_proxy,historical data_available_time is unknown; observation_time is a pseudo-operational proxy
2016-09-13T00:00:00+00:00,2016-09-12,windermere,south,water_temperature,2.0,degC,month_3,2016-11-12,2016-12-11,8.950865322399688,8.887802371301328,0.8415652829861102,lead_dependent_anomaly_relaxation,1.0,True,0.0749353049291614,0.0749353049291614,231,5,2011|2012|2013|2014|2015,ad3109ae99180bb0cecf8063525ab003eb4f28e243c536e7774573ceb191c29c,observation_time_proxy,historical data_available_time is unknown; observation_time is a pseudo-operational proxy
2016-09-20T00:00:00+00:00,2016-09-19,windermere,south,water_temperature,2.0,degC,month_1,2016-09-20,2016-10-19,14.81060116021958,14.16303557638889,1.1425832725694427,lead_dependent_anomaly_relaxation,1.0,True,0.5667557012054306,0.5667557012054306,240,5,2011|2012|2013|2014|2015,9d0925aa8a4153bc8a5d333f8c35a74a4369f5fc0bf47fa0617250070ab9f2b4,observation_time_proxy,historical data_available_time is unknown; observation_time is a pseudo-operational proxy
2016-09-20T00:00:00+00:00,2016-09-19,windermere,south,water_temperature,2.0,degC,month_2,2016-10-20,2016-11-18,11.398309959050774,11.099402809782609,1.1425832725694427,lead_dependent_anomaly_relaxation,1.0,True,0.261606446063211,0.261606446063211,235,5,2011|2012|2013|2014|2015,efb4db56f7100937e103bc3a5cc2196888aa13894b9155dd4424eff796346f64,observation_time_proxy,historical data_available_time is unknown; observation_time is a pseudo-operational proxy
2016-09-20T00:00:00+00:00,2016-09-19,windermere,south,water_temperature,2.0,degC,month_3,2016-11-19,2016-12-18,8.295196583002168,8.209576757065218,1.1425832725694427,lead_dependent_anomaly_relaxation,1.0,True,0.0749353049291614,0.0749353049291614,231,5,2011|2012|2013|2014|2015,ad3109ae99180bb0cecf8063525ab003eb4f28e243c536e7774573ceb191c29c,observation_time_proxy,historical data_available_time is unknown; observation_time is a pseudo-operational proxy
2016-09-27T00:00:00+00:00,2016-09-26,windermere,south,water_temperature,2.0,degC,month_1,2016-09-27,2016-10-26,14.277140819293159,13.483554338541667,1.4002267274305567,lead_dependent_anomaly_relaxation,1.0,True,0.5667557012054306,0.5667557012054306,240,5,2011|2012|2013|2014|2015,9d0925aa8a4153bc8a5d333f8c35a74a4369f5fc0bf47fa0617250070ab9f2b4,observation_time_proxy,historical data_available_time is unknown; observation_time is a pseudo-operational proxy
2016-09-27T00:00:00+00:00,2016-09-26,windermere,south,water_temperature,2.0,degC,month_2,2016-10-27,2016-11-25,10.80536823721177,10.439059899365942,1.4002267274305567,lead_dependent_anomaly_relaxation,1.0,True,0.261606446063211,0.261606446063211,235,5,2011|2012|2013|2014|2015,efb4db56f7100937e103bc3a5cc2196888aa13894b9155dd4424eff796346f64,observation_time_proxy,historical data_available_time is unknown; observation_time is a pseudo-operational proxy
2016-09-27T00:00:00+00:00,2016-09-26,windermere,south,water_temperature,2.0,degC,month_3,2016-11-26,2016-12-25,7.669599731146855,7.5646733143568845,1.4002267274305567,lead_dependent_anomaly_relaxation,1.0,True,0.0749353049291614,0.0749353049291614,231,5,2011|2012|2013|2014|2015,ad3109ae99180bb0cecf8063525ab003eb4f28e243c536e7774573ceb191c29c,observation_time_proxy,historical data_available_time is unknown; observation_time is a pseudo-operational proxy
2016-10-04T00:00:00+00:00,2016-10-03,windermere,south,water_temperature,2.0,degC,month_1,2016-10-04,2016-11-02,13.52115005119278,12.746537915685387,1.3667478489583313,lead_dependent_anomaly_relaxation,1.0,True,0.5667557012054306,0.5667557012054306,240,5,2011|2012|2013|2014|2015,9d0925aa8a4153bc8a5d333f8c35a74a4369f5fc0bf47fa0617250070ab9f2b4,observation_time_proxy,historical data_available_time is unknown; observation_time is a pseudo-operational proxy
2016-10-04T00:00:00+00:00,2016-10-03,windermere,south,water_temperature,2.0,degC,month_2,2016-11-03,2016-12-02,10.130734732673583,9.773184685243056,1.3667478489583313,lead_dependent_anomaly_relaxation,1.0,True,0.261606446063211,0.261606446063211,235,5,2011|2012|2013|2014|2015,efb4db56f7100937e103bc3a5cc2196888aa13894b9155dd4424eff796346f64,observation_time_proxy,historical data_available_time is unknown; observation_time is a pseudo-operational proxy
2016-10-04T00:00:00+00:00,2016-10-03,windermere,south,water_temperature,2.0,degC,month_3,2016-12-03,2017-01-01,7.115579738664131,7.013162071841163,1.3667478489583313,lead_dependent_anomaly_relaxation,1.0,True,0.0749353049291614,0.0749353049291614,231,5,2011|2012|2013|2014|2015,ad3109ae99180bb0cecf8063525ab003eb4f28e243c536e7774573ceb191c29c,observation_time_proxy,historical data_available_time is unknown; observation_time is a pseudo-operational proxy
2016-10-11T00:00:00+00:00,2016-10-10,windermere,south,water_temperature,2.0,degC,month_1,2016-10-11,2016-11-09,12.752809279560784,12.016237621414554,1.299628140624998,lead_dependent_anomaly_relaxation,1.0,True,0.5667557012054306,0.5667557012054306,240,5,2011|2012|2013|2014|2015,9d0925aa8a4153bc8a5d333f8c35a74a4369f5fc0bf47fa0617250070ab9f2b4,observation_time_proxy,historical data_available_time is unknown; observation_time is a pseudo-operational proxy
2016-10-11T00:00:00+00:00,2016-10-10,windermere,south,water_temperature,2.0,degC,month_2,2016-11-10,2016-12-09,9.425031374367029,9.085040275294384,1.299628140624998,lead_dependent_anomaly_relaxation,1.0,True,0.261606446063211,0.261606446063211,235,5,2011|2012|2013|2014|2015,efb4db56f7100937e103bc3a5cc2196888aa13894b9155dd4424eff796346f64,observation_time_proxy,historical data_available_time is unknown; observation_time is a pseudo-operational proxy
2016-10-11T00:00:00+00:00,2016-10-10,windermere,south,water_temperature,2.0,degC,month_3,2016-12-10,2017-01-08,6.4312924007931365,6.333904369780883,1.299628140624998,lead_dependent_anomaly_relaxation,1.0,True,0.0749353049291614,0.0749353049291614,231,5,2011|2012|2013|2014|2015,ad3109ae99180bb0cecf8063525ab003eb4f28e243c536e7774573ceb191c29c,observation_time_proxy,historical data_available_time is unknown; observation_time is a pseudo-operational proxy
2016-10-18T00:00:00+00:00,2016-10-17,windermere,south,water_temperature,2.0,degC,month_1,2016-10-18,2016-11-16,11.92707074366812,11.296811944504832,1.1120466857638878,lead_dependent_anomaly_relaxation,1.0,True,0.5667557012054306,0.5667557012054306,240,5,2011|2012|2013|2014|2015,9d0925aa8a4153bc8a5d333f8c35a74a4369f5fc0bf47fa0617250070ab9f2b4,observation_time_proxy,historical data_available_time is unknown; observation_time is a pseudo-operational proxy
2016-10-18T00:00:00+00:00,2016-10-17,windermere,south,water_temperature,2.0,degC,month_2,2016-11-17,2016-12-16,8.690282020155115,8.399363438836051,1.1120466857638878,lead_dependent_anomaly_relaxation,1.0,True,0.261606446063211,0.261606446063211,235,5,2011|2012|2013|2014|2015,efb4db56f7100937e103bc3a5cc2196888aa13894b9155dd4424eff796346f64,observation_time_proxy,historical data_available_time is unknown; observation_time is a pseudo-operational proxy
2016-10-18T00:00:00+00:00,2016-10-17,windermere,south,water_temperature,2.0,degC,month_3,2016-12-17,2017-01-15,6.03469984096454,5.95136828347136,1.1120466857638878,lead_dependent_anomaly_relaxation,1.0,True,0.0749353049291614,0.0749353049291614,231,5,2011|2012|2013|2014|2015,ad3109ae99180bb0cecf8063525ab003eb4f28e243c536e7774573ceb191c29c,observation_time_proxy,historical data_available_time is unknown; observation_time is a pseudo-operational proxy
2016-10-25T00:00:00+00:00,2016-10-24,windermere,south,water_temperature,2.0,degC,month_1,2016-10-25,2016-11-23,11.081392848033788,10.624725373150664,0.8057571788194444,lead_dependent_anomaly_relaxation,1.0,True,0.5667557012054306,0.5667557012054306,240,5,2011|2012|2013|2014|2015,9d0925aa8a4153bc8a5d333f8c35a74a4369f5fc0bf47fa0617250070ab9f2b4,observation_time_proxy,historical data_available_time is unknown; observation_time is a pseudo-operational proxy
2016-10-25T00:00:00+00:00,2016-10-24,windermere,south,water_temperature,2.0,degC,month_2,2016-11-24,2016-12-23,7.952869079526924,7.742077807586051,0.8057571788194444,lead_dependent_anomaly_relaxation,1.0,True,0.261606446063211,0.261606446063211,235,5,2011|2012|2013|2014|2015,efb4db56f7100937e103bc3a5cc2196888aa13894b9155dd4424eff796346f64,observation_time_proxy,historical data_available_time is unknown; observation_time is a pseudo-operational proxy
2016-10-25T00:00:00+00:00,2016-10-24,windermere,south,water_temperature,2.0,degC,month_3,2016-12-24,2017-01-22,5.6929792322256,5.632599572331904,0.8057571788194444,lead_dependent_anomaly_relaxation,1.0,True,0.0749353049291614,0.0749353049291614,231,5,2011|2012|2013|2014|2015,ad3109ae99180bb0cecf8063525ab003eb4f28e243c536e7774573ceb191c29c,observation_time_proxy,historical data_available_time is unknown; observation_time is a pseudo-operational proxy
2016-11-01T00:00:00+00:00,2016-10-31,windermere,south,water_temperature,2.0,degC,month_1,2016-11-01,2016-11-30,10.35534866608264,9.968959117013888,0.6817567926479473,lead_dependent_anomaly_relaxation,1.0,True,0.5667557012054306,0.5667557012054306,240,5,2011|2012|2013|2014|2015,9d0925aa8a4153bc8a5d333f8c35a74a4369f5fc0bf47fa0617250070ab9f2b4,observation_time_proxy,historical data_available_time is unknown; observation_time is a pseudo-operational proxy
2016-11-01T00:00:00+00:00,2016-10-31,windermere,south,water_temperature,2.0,degC,month_2,2016-12-01,2016-12-30,7.3383224892595775,7.159970517655495,0.6817567926479473,lead_dependent_anomaly_relaxation,1.0,True,0.261606446063211,0.261606446063211,235,5,2011|2012|2013|2014|2015,efb4db56f7100937e103bc3a5cc2196888aa13894b9155dd4424eff796346f64,observation_time_proxy,historical data_available_time is unknown; observation_time is a pseudo-operational proxy
2016-11-01T00:00:00+00:00,2016-10-31,windermere,south,water_temperature,2.0,degC,month_3,2016-12-31,2017-01-29,5.390785118050201,5.3396974649055995,0.6817567926479473,lead_dependent_anomaly_relaxation,1.0,True,0.0749353049291614,0.0749353049291614,231,5,2011|2012|2013|2014|2015,ad3109ae99180bb0cecf8063525ab003eb4f28e243c536e7774573ceb191c29c,observation_time_proxy,historical data_available_time is unknown; observation_time is a pseudo-operational proxy
2016-11-08T00:00:00+00:00,2016-11-07,windermere,south,water_temperature,2.0,degC,month_1,2016-11-08,2016-12-07,9.631042064725333,9.280640995259661,0.6182576879604476,lead_dependent_anomaly_relaxation,1.0,True,0.5667557012054306,0.5667557012054306,240,5,2011|2012|2013|2014|2015,9d0925aa8a4153bc8a5d333f8c35a74a4369f5fc0bf47fa0617250070ab9f2b4,observation_time_proxy,historical data_available_time is unknown; observation_time is a pseudo-operational proxy
2016-11-08T00:00:00+00:00,2016-11-07,windermere,south,water_temperature,2.0,degC,month_2,2016-12-08,2017-01-06,6.621336379771537,6.4595961832729465,0.6182576879604476,lead_dependent_anomaly_relaxation,1.0,True,0.261606446063211,0.261606446063211,235,5,2011|2012|2013|2014|2015,efb4db56f7100937e103bc3a5cc2196888aa13894b9155dd4424eff796346f64,observation_time_proxy,historical data_available_time is unknown; observation_time is a pseudo-operational proxy
2016-11-08T00:00:00+00:00,2016-11-07,windermere,south,water_temperature,2.0,degC,month_3,2017-01-07,2017-02-05,5.170459090636499,5.124129762264385,0.6182576879604476,lead_dependent_anomaly_relaxation,1.0,True,0.0749353049291614,0.0749353049291614,231,5,2011|2012|2013|2014|2015,ad3109ae99180bb0cecf8063525ab003eb4f28e243c536e7774573ceb191c29c,observation_time_proxy,historical data_available_time is unknown; observation_time is a pseudo-operational proxy
2016-11-15T00:00:00+00:00,2016-11-14,windermere,south,water_temperature,2.0,degC,month_1,2016-11-15,2016-12-14,8.816609994685356,8.595469398037439,0.3901868056687796,lead_dependent_anomaly_relaxation,1.0,True,0.5667557012054306,0.5667557012054306,240,5,2011|2012|2013|2014|2015,9d0925aa8a4153bc8a5d333f8c35a74a4369f5fc0bf47fa0617250070ab9f2b4,observation_time_proxy,historical data_available_time is unknown; observation_time is a pseudo-operational proxy
2016-11-15T00:00:00+00:00,2016-11-14,windermere,south,water_temperature,2.0,degC,month_2,2016-12-15,2017-01-13,6.152907456685665,6.050832073153899,0.3901868056687796,lead_dependent_anomaly_relaxation,1.0,True,0.261606446063211,0.261606446063211,235,5,2011|2012|2013|2014|2015,efb4db56f7100937e103bc3a5cc2196888aa13894b9155dd4424eff796346f64,observation_time_proxy,historical data_available_time is unknown; observation_time is a pseudo-operational proxy
2016-11-15T00:00:00+00:00,2016-11-14,windermere,south,water_temperature,2.0,degC,month_3,2017-01-14,2017-02-12,4.94638020796153,4.917141440699405,0.3901868056687796,lead_dependent_anomaly_relaxation,1.0,True,0.0749353049291614,0.0749353049291614,231,5,2011|2012|2013|2014|2015,ad3109ae99180bb0cecf8063525ab003eb4f28e243c536e7774573ceb191c29c,observation_time_proxy,historical data_available_time is unknown; observation_time is a pseudo-operational proxy
2016-11-22T00:00:00+00:00,2016-11-21,windermere,south,water_temperature,2.0,degC,month_1,2016-11-22,2016-12-21,8.025923892804455,7.926513648558273,0.17540228362016919,lead_dependent_anomaly_relaxation,1.0,True,0.5667557012054306,0.5667557012054306,240,5,2011|2012|2013|2014|2015,9d0925aa8a4153bc8a5d333f8c35a74a4369f5fc0bf47fa0617250070ab9f2b4,observation_time_proxy,historical data_available_time is unknown; observation_time is a pseudo-operational proxy
2016-11-22T00:00:00+00:00,2016-11-21,windermere,south,water_temperature,2.0,degC,month_2,2016-12-22,2017-01-20,5.769282505843166,5.723396137793922,0.17540228362016919,lead_dependent_anomaly_relaxation,1.0,True,0.261606446063211,0.261606446063211,235,5,2011|2012|2013|2014|2015,efb4db56f7100937e103bc3a5cc2196888aa13894b9155dd4424eff796346f64,observation_time_proxy,historical data_available_time is unknown; observation_time is a pseudo-operational proxy
2016-11-22T00:00:00+00:00,2016-11-21,windermere,south,water_temperature,2.0,degC,month_3,2017-01-21,2017-02-19,4.758032167879183,4.744888344270834,0.17540228362016919,lead_dependent_anomaly_relaxation,1.0,True,0.0749353049291614,0.0749353049291614,231,5,2011|2012|2013|2014|2015,ad3109ae99180bb0cecf8063525ab003eb4f28e243c536e7774573ceb191c29c,observation_time_proxy,historical data_available_time is unknown; observation_time is a pseudo-operational proxy
2016-11-29T00:00:00+00:00,2016-11-28,windermere,south,water_temperature,2.0,degC,month_1,2016-11-29,2016-12-28,7.262482148480467,7.317171450467995,-0.09649537158816379,lead_dependent_anomaly_relaxation,1.0,True,0.5667557012054306,0.5667557012054306,240,5,2011|2012|2013|2014|2015,9d0925aa8a4153bc8a5d333f8c35a74a4369f5fc0bf47fa0617250070ab9f2b4,observation_time_proxy,historical data_available_time is unknown; observation_time is a pseudo-operational proxy
2016-11-29T00:00:00+00:00,2016-11-28,windermere,south,water_temperature,2.0,degC,month_2,2016-12-29,2017-01-27,5.394061125111443,5.419304936334171,-0.09649537158816379,lead_dependent_anomaly_relaxation,1.0,True,0.261606446063211,0.261606446063211,235,5,2011|2012|2013|2014|2015,efb4db56f7100937e103bc3a5cc2196888aa13894b9155dd4424eff796346f64,observation_time_proxy,historical data_available_time is unknown; observation_time is a pseudo-operational proxy
2016-11-29T00:00:00+00:00,2016-11-28,windermere,south,water_temperature,2.0,degC,month_3,2017-01-28,2017-02-26,4.622381571503011,4.629612481597222,-0.09649537158816379,lead_dependent_anomaly_relaxation,1.0,True,0.0749353049291614,0.0749353049291614,231,5,2011|2012|2013|2014|2015,ad3109ae99180bb0cecf8063525ab003eb4f28e243c536e7774573ceb191c29c,observation_time_proxy,historical data_available_time is unknown; observation_time is a pseudo-operational proxy
2016-12-06T00:00:00+00:00,2016-12-05,windermere,south,water_temperature,2.0,degC,month_1,2016-12-06,2017-01-04,6.3901764325891826,6.596667787836439,-0.36433926435688413,lead_dependent_anomaly_relaxation,1.0,True,0.5667557012054306,0.5667557012054306,240,5,2011|2012|2013|2014|2015,9d0925aa8a4153bc8a5d333f8c35a74a4369f5fc0bf47fa0617250070ab9f2b4,observation_time_proxy,historical data_available_time is unknown; observation_time is a pseudo-operational proxy
2016-12-06T00:00:00+00:00,2016-12-05,windermere,south,water_temperature,2.0,degC,month_2,2017-01-05,2017-02-03,5.097250504863029,5.192564004972718,-0.36433926435688413,lead_dependent_anomaly_relaxation,1.0,True,0.261606446063211,0.261606446063211,235,5,2011|2012|2013|2014|2015,efb4db56f7100937e103bc3a5cc2196888aa13894b9155dd4424eff796346f64,observation_time_proxy,historical data_available_time is unknown; observation_time is a pseudo-operational proxy
2016-12-06T00:00:00+00:00,2016-12-05,windermere,south,water_temperature,2.0,degC,month_3,2017-02-04,2017-03-05,4.582406141405528,4.609708015277778,-0.36433926435688413,lead_dependent_anomaly_relaxation,1.0,True,0.0749353049291614,0.0749353049291614,231,5,2011|2012|2013|2014|2015,ad3109ae99180bb0cecf8063525ab003eb4f28e243c536e7774573ceb191c29c,observation_time_proxy,historical data_available_time is unknown; observation_time is a pseudo-operational proxy
2016-12-13T00:00:00+00:00,2016-12-12,windermere,south,water_temperature,2.0,degC,month_1,2016-12-13,2017-01-11,5.972509472447807,6.157363447955486,-0.32616165150966125,lead_dependent_anomaly_relaxation,1.0,True,0.5667557012054306,0.5667557012054306,240,5,2011|2012|2013|2014|2015,9d0925aa8a4153bc8a5d333f8c35a74a4369f5fc0bf47fa0617250070ab9f2b4,observation_time_proxy,historical data_available_time is unknown; observation_time is a pseudo-operational proxy
2016-12-13T00:00:00+00:00,2016-12-12,windermere,south,water_temperature,2.0,degC,month_2,2017-01-12,2017-02-10,4.88948874967262,4.97481474016617,-0.32616165150966125,lead_dependent_anomaly_relaxation,1.0,True,0.261606446063211,0.261606446063211,235,5,2011|2012|2013|2014|2015,efb4db56f7100937e103bc3a5cc2196888aa13894b9155dd4424eff796346f64,observation_time_proxy,historical data_available_time is unknown; observation_time is a pseudo-operational proxy
2016-12-13T00:00:00+00:00,2016-12-12,windermere,south,water_temperature,2.0,degC,month_3,2017-02-11,2017-03-12,4.64938223118098,4.6738232539930555,-0.32616165150966125,lead_dependent_anomaly_relaxation,1.0,True,0.0749353049291614,0.0749353049291614,231,5,2011|2012|2013|2014|2015,ad3109ae99180bb0cecf8063525ab003eb4f28e243c536e7774573ceb191c29c,observation_time_proxy,historical data_available_time is unknown; observation_time is a pseudo-operational proxy
2016-12-20T00:00:00+00:00,2016-12-19,windermere,south,water_temperature,2.0,degC,month_1,2016-12-20,2017-01-18,5.736906673603498,5.813393213828502,-0.13495504334993935,lead_dependent_anomaly_relaxation,1.0,True,0.5667557012054306,0.5667557012054306,240,5,2011|2012|2013|2014|2015,9d0925aa8a4153bc8a5d333f8c35a74a4369f5fc0bf47fa0617250070ab9f2b4,observation_time_proxy,historical data_available_time is unknown; observation_time is a pseudo-operational proxy
2016-12-20T00:00:00+00:00,2016-12-19,windermere,south,water_temperature,2.0,degC,month_2,2017-01-19,2017-02-17,4.7539717318767485,4.789276841145833,-0.13495504334993935,lead_dependent_anomaly_relaxation,1.0,True,0.261606446063211,0.261606446063211,235,5,2011|2012|2013|2014|2015,efb4db56f7100937e103bc3a5cc2196888aa13894b9155dd4424eff796346f64,observation_time_proxy,historical data_available_time is unknown; observation_time is a pseudo-operational proxy
2016-12-20T00:00:00+00:00,2016-12-19,windermere,south,water_temperature,2.0,degC,month_3,2017-02-18,2017-03-19,4.829654530799845,4.8397674281250005,-0.13495504334993935,lead_dependent_anomaly_relaxation,1.0,True,0.0749353049291614,0.0749353049291614,231,5,2011|2012|2013|2014|2015,ad3109ae99180bb0cecf8063525ab003eb4f28e243c536e7774573ceb191c29c,observation_time_proxy,historical data_available_time is unknown; observation_time is a pseudo-operational proxy
2016-12-27T00:00:00+00:00,2016-12-26,windermere,south,water_temperature,2.0,degC,month_1,2016-12-27,2017-01-25,5.588068237066084,5.502707200945849,0.1506134582125611,lead_dependent_anomaly_relaxation,1.0,True,0.5667557012054306,0.5667557012054306,240,5,2011|2012|2013|2014|2015,9d0925aa8a4153bc8a5d333f8c35a74a4369f5fc0bf47fa0617250070ab9f2b4,observation_time_proxy,historical data_available_time is unknown; observation_time is a pseudo-operational proxy
2016-12-27T00:00:00+00:00,2016-12-26,windermere,south,water_temperature,2.0,degC,month_2,2017-01-26,2017-02-24,4.6948501458031116,4.6554486942708335,0.1506134582125611,lead_dependent_anomaly_relaxation,1.0,True,0.261606446063211,0.261606446063211,235,5,2011|2012|2013|2014|2015,efb4db56f7100937e103bc3a5cc2196888aa13894b9155dd4424eff796346f64,observation_time_proxy,historical data_available_time is unknown; observation_time is a pseudo-operational proxy
2016-12-27T00:00:00+00:00,2016-12-26,windermere,south,water_temperature,2.0,degC,month_3,2017-02-25,2017-03-26,5.128547033299538,5.117260767881945,0.1506134582125611,lead_dependent_anomaly_relaxation,1.0,True,0.0749353049291614,0.0749353049291614,231,5,2011|2012|2013|2014|2015,ad3109ae99180bb0cecf8063525ab003eb4f28e243c536e7774573ceb191c29c,observation_time_proxy,historical data_available_time is unknown; observation_time is a pseudo-operational proxy
2017-01-03T00:00:00+00:00,2017-01-02,windermere,south,water_temperature,2.0,degC,month_1,2017-01-03,2017-02-01,5.664041932693657,5.450334525848765,0.38267008121980695,lead_dependent_anomaly_relaxation,1.0,True,0.5584638500184641,0.5584638500184641,292,6,2011|2012|2013|2014|2015|2016,6f0cf4a7b894ccdd8564f1499d9529d7280224ee89408eca5739b5cba943ab74,observation_time_proxy,historical data_available_time is unknown; observation_time is a pseudo-operational proxy
2017-01-03T00:00:00+00:00,2017-01-02,windermere,south,water_temperature,2.0,degC,month_2,2017-02-02,2017-03-03,4.870828561654772,4.762593791666666,0.38267008121980695,lead_dependent_anomaly_relaxation,1.0,True,0.28284095177520596,0.28284095177520596,288,6,2011|2012|2013|2014|2015|2016,ca5b78da3dc0859594e53c21e4c703ddf12121ad3de824537dd1f711431e16c6,observation_time_proxy,historical data_available_time is unknown; observation_time is a pseudo-operational proxy
2017-01-03T00:00:00+00:00,2017-01-02,windermere,south,water_temperature,2.0,degC,month_3,2017-03-04,2017-04-02,5.613859316765581,5.550046321450617,0.38267008121980695,lead_dependent_anomaly_relaxation,1.0,True,0.16675721057562612,0.16675721057562612,283,6,2011|2012|2013|2014|2015|2016,b80d6e6d5fe9eaf74079477e0d286cb6f8eabcaa5a28af8b7d8723fbd54ba2b8,observation_time_proxy,historical data_available_time is unknown; observation_time is a pseudo-operational proxy
2017-01-10T00:00:00+00:00,2017-01-09,windermere,south,water_temperature,2.0,degC,month_1,2017-01-10,2017-02-08,5.570311278738287,5.212838038062169,0.6401009495320045,lead_dependent_anomaly_relaxation,1.0,True,0.5584638500184641,0.5584638500184641,292,6,2011|2012|2013|2014|2015|2016,6f0cf4a7b894ccdd8564f1499d9529d7280224ee89408eca5739b5cba943ab74,observation_time_proxy,historical data_available_time is unknown; observation_time is a pseudo-operational proxy
2017-01-10T00:00:00+00:00,2017-01-09,windermere,south,water_temperature,2.0,degC,month_2,2017-02-09,2017-03-10,4.954750287723772,4.773703525925926,0.6401009495320045,lead_dependent_anomaly_relaxation,1.0,True,0.28284095177520596,0.28284095177520596,288,6,2011|2012|2013|2014|2015|2016,ca5b78da3dc0859594e53c21e4c703ddf12121ad3de824537dd1f711431e16c6,observation_time_proxy,historical data_available_time is unknown; observation_time is a pseudo-operational proxy
2017-01-10T00:00:00+00:00,2017-01-09,windermere,south,water_temperature,2.0,degC,month_3,2017-03-11,2017-04-09,6.070204489262865,5.9634630404320985,0.6401009495320045,lead_dependent_anomaly_relaxation,1.0,True,0.16675721057562612,0.16675721057562612,283,6,2011|2012|2013|2014|2015|2016,b80d6e6d5fe9eaf74079477e0d286cb6f8eabcaa5a28af8b7d8723fbd54ba2b8,observation_time_proxy,historical data_available_time is unknown; observation_time is a pseudo-operational proxy
2017-01-17T00:00:00+00:00,2017-01-16,windermere,south,water_temperature,2.0,degC,month_1,2017-01-17,2017-02-15,5.399651535932246,5.012561018276014,0.6931344215806154,lead_dependent_anomaly_relaxation,1.0,True,0.5584638500184641,0.5584638500184641,292,6,2011|2012|2013|2014|2015|2016,6f0cf4a7b894ccdd8564f1499d9529d7280224ee89408eca5739b5cba943ab74,observation_time_proxy,historical data_available_time is unknown; observation_time is a pseudo-operational proxy
2017-01-17T00:00:00+00:00,2017-01-16,windermere,south,water_temperature,2.0,degC,month_2,2017-02-16,2017-03-17,5.0700790138598695,4.8740322143518515,0.6931344215806154,lead_dependent_anomaly_relaxation,1.0,True,0.28284095177520596,0.28284095177520596,288,6,2011|2012|2013|2014|2015|2016,ca5b78da3dc0859594e53c21e4c703ddf12121ad3de824537dd1f711431e16c6,observation_time_proxy,historical data_available_time is unknown; observation_time is a pseudo-operational proxy
2017-01-17T00:00:00+00:00,2017-01-16,windermere,south,water_temperature,2.0,degC,month_3,2017-03-18,2017-04-16,6.646681446184388,6.5310962834876545,0.6931344215806154,lead_dependent_anomaly_relaxation,1.0,True,0.16675721057562612,0.16675721057562612,283,6,2011|2012|2013|2014|2015|2016,b80d6e6d5fe9eaf74079477e0d286cb6f8eabcaa5a28af8b7d8723fbd54ba2b8,observation_time_proxy,historical data_available_time is unknown; observation_time is a pseudo-operational proxy
2017-01-24T00:00:00+00:00,2017-01-23,windermere,south,water_temperature,2.0,degC,month_1,2017-01-24,2017-02-22,5.260613434508927,4.863609107253087,0.7108863487631556,lead_dependent_anomaly_relaxation,1.0,True,0.5584638500184641,0.5584638500184641,292,6,2011|2012|2013|2014|2015|2016,6f0cf4a7b894ccdd8564f1499d9529d7280224ee89408eca5739b5cba943ab74,observation_time_proxy,historical data_available_time is unknown; observation_time is a pseudo-operational proxy
2017-01-24T00:00:00+00:00,2017-01-23,windermere,south,water_temperature,2.0,degC,month_2,2017-02-23,2017-03-24,5.309984317630147,5.108916546141975,0.7108863487631556,lead_dependent_anomaly_relaxation,1.0,True,0.28284095177520596,0.28284095177520596,288,6,2011|2012|2013|2014|2015|2016,ca5b78da3dc0859594e53c21e4c703ddf12121ad3de824537dd1f711431e16c6,observation_time_proxy,historical data_available_time is unknown; observation_time is a pseudo-operational proxy
2017-01-24T00:00:00+00:00,2017-01-23,windermere,south,water_temperature,2.0,degC,month_3,2017-03-25,2017-04-23,7.309422992921792,7.190877568365757,0.7108863487631556,lead_dependent_anomaly_relaxation,1.0,True,0.16675721057562612,0.16675721057562612,283,6,2011|2012|2013|2014|2015|2016,b80d6e6d5fe9eaf74079477e0d286cb6f8eabcaa5a28af8b7d8723fbd54ba2b8,observation_time_proxy,historical data_available_time is unknown; observation_time is a pseudo-operational proxy
2017-01-31T00:00:00+00:00,2017-01-30,windermere,south,water_temperature,2.0,degC,month_1,2017-01-31,2017-03-01,5.152238464326986,4.768566782716049,0.687012564194176,lead_dependent_anomaly_relaxation,1.0,True,0.5584638500184641,0.5584638500184641,292,6,2011|2012|2013|2014|2015|2016,6f0cf4a7b894ccdd8564f1499d9529d7280224ee89408eca5739b5cba943ab74,observation_time_proxy,historical data_available_time is unknown; observation_time is a pseudo-operational proxy
2017-01-31T00:00:00+00:00,2017-01-30,windermere,south,water_temperature,2.0,degC,month_2,2017-03-02,2017-03-31,5.644484486766601,5.450169199228395,0.687012564194176,lead_dependent_anomaly_relaxation,1.0,True,0.28284095177520596,0.28284095177520596,288,6,2011|2012|2013|2014|2015|2016,ca5b78da3dc0859594e53c21e4c703ddf12121ad3de824537dd1f711431e16c6,observation_time_proxy,historical data_available_time is unknown; observation_time is a pseudo-operational proxy
2017-01-31T00:00:00+00:00,2017-01-30,windermere,south,water_temperature,2.0,degC,month_3,2017-04-01,2017-04-30,8.10078372105765,7.986219422222222,0.687012564194176,lead_dependent_anomaly_relaxation,1.0,True,0.16675721057562612,0.16675721057562612,283,6,2011|2012|2013|2014|2015|2016,b80d6e6d5fe9eaf74079477e0d286cb6f8eabcaa5a28af8b7d8723fbd54ba2b8,observation_time_proxy,historical data_available_time is unknown; observation_time is a pseudo-operational proxy
2017-02-07T00:00:00+00:00,2017-02-06,windermere,south,water_temperature,2.0,degC,month_1,2017-02-07,2017-03-08,5.149726583219744,4.7632621061728395,0.6920134168650796,lead_dependent_anomaly_relaxation,1.0,True,0.5584638500184641,0.5584638500184641,292,6,2011|2012|2013|2014|2015|2016,6f0cf4a7b894ccdd8564f1499d9529d7280224ee89408eca5739b5cba943ab74,observation_time_proxy,historical data_available_time is unknown; observation_time is a pseudo-operational proxy
2017-02-07T00:00:00+00:00,2017-02-06,windermere,south,water_temperature,2.0,degC,month_2,2017-03-09,2017-04-07,6.021086996121652,5.825357262654321,0.6920134168650796,lead_dependent_anomaly_relaxation,1.0,True,0.28284095177520596,0.28284095177520596,288,6,2011|2012|2013|2014|2015|2016,ca5b78da3dc0859594e53c21e4c703ddf12121ad3de824537dd1f711431e16c6,observation_time_proxy,historical data_available_time is unknown; observation_time is a pseudo-operational proxy
2017-02-07T00:00:00+00:00,2017-02-06,windermere,south,water_temperature,2.0,degC,month_3,2017-04-08,2017-05-07,8.861467066834273,8.746068839756944,0.6920134168650796,lead_dependent_anomaly_relaxation,1.0,True,0.16675721057562612,0.16675721057562612,283,6,2011|2012|2013|2014|2015|2016,b80d6e6d5fe9eaf74079477e0d286cb6f8eabcaa5a28af8b7d8723fbd54ba2b8,observation_time_proxy,historical data_available_time is unknown; observation_time is a pseudo-operational proxy
2017-02-14T00:00:00+00:00,2017-02-13,windermere,south,water_temperature,2.0,degC,month_1,2017-02-14,2017-03-15,5.217253055554571,4.8358353945987655,0.6829764557601985,lead_dependent_anomaly_relaxation,1.0,True,0.5584638500184641,0.5584638500184641,292,6,2011|2012|2013|2014|2015|2016,6f0cf4a7b894ccdd8564f1499d9529d7280224ee89408eca5739b5cba943ab74,observation_time_proxy,historical data_available_time is unknown; observation_time is a pseudo-operational proxy
2017-02-14T00:00:00+00:00,2017-02-13,windermere,south,water_temperature,2.0,degC,month_2,2017-03-16,2017-04-14,6.553066760324309,6.359893049537037,0.6829764557601985,lead_dependent_anomaly_relaxation,1.0,True,0.28284095177520596,0.28284095177520596,288,6,2011|2012|2013|2014|2015|2016,ca5b78da3dc0859594e53c21e4c703ddf12121ad3de824537dd1f711431e16c6,observation_time_proxy,historical data_available_time is unknown; observation_time is a pseudo-operational proxy
2017-02-14T00:00:00+00:00,2017-02-13,windermere,south,water_temperature,2.0,degC,month_3,2017-04-15,2017-05-14,9.710202743443066,9.596311494791667,0.6829764557601985,lead_dependent_anomaly_relaxation,1.0,True,0.16675721057562612,0.16675721057562612,283,6,2011|2012|2013|2014|2015|2016,b80d6e6d5fe9eaf74079477e0d286cb6f8eabcaa5a28af8b7d8723fbd54ba2b8,observation_time_proxy,historical data_available_time is unknown; observation_time is a pseudo-operational proxy
2017-02-21T00:00:00+00:00,2017-02-20,windermere,south,water_temperature,2.0,degC,month_1,2017-02-21,2017-03-22,5.396269509828384,5.031496602314815,0.6531719242015566,lead_dependent_anomaly_relaxation,1.0,True,0.5584638500184641,0.5584638500184641,292,6,2011|2012|2013|2014|2015|2016,6f0cf4a7b894ccdd8564f1499d9529d7280224ee89408eca5739b5cba943ab74,observation_time_proxy,historical data_available_time is unknown; observation_time is a pseudo-operational proxy
2017-02-21T00:00:00+00:00,2017-02-20,windermere,south,water_temperature,2.0,degC,month_2,2017-03-23,2017-04-21,7.175800765990898,6.991056997276887,0.6531719242015566,lead_dependent_anomaly_relaxation,1.0,True,0.28284095177520596,0.28284095177520596,288,6,2011|2012|2013|2014|2015|2016,ca5b78da3dc0859594e53c21e4c703ddf12121ad3de824537dd1f711431e16c6,observation_time_proxy,historical data_available_time is unknown; observation_time is a pseudo-operational proxy
2017-02-21T00:00:00+00:00,2017-02-20,windermere,south,water_temperature,2.0,degC,month_3,2017-04-22,2017-05-21,10.559140584356166,10.45021945625,0.6531719242015566,lead_dependent_anomaly_relaxation,1.0,True,0.16675721057562612,0.16675721057562612,283,6,2011|2012|2013|2014|2015|2016,b80d6e6d5fe9eaf74079477e0d286cb6f8eabcaa5a28af8b7d8723fbd54ba2b8,observation_time_proxy,historical data_available_time is unknown; observation_time is a pseudo-operational proxy
2017-02-28T00:00:00+00:00,2017-02-27,windermere,south,water_temperature,2.0,degC,month_1,2017-02-28,2017-03-29,5.735315124601164,5.330831330401234,0.7242792782139018,lead_dependent_anomaly_relaxation,1.0,True,0.5584638500184641,0.5584638500184641,292,6,2011|2012|2013|2014|2015|2016,6f0cf4a7b894ccdd8564f1499d9529d7280224ee89408eca5739b5cba943ab74,observation_time_proxy,historical data_available_time is unknown; observation_time is a pseudo-operational proxy
2017-02-28T00:00:00+00:00,2017-02-27,windermere,south,water_temperature,2.0,degC,month_2,2017-03-30,2017-04-28,7.988650915401079,7.7837950750000005,0.7242792782139018,lead_dependent_anomaly_relaxation,1.0,True,0.28284095177520596,0.28284095177520596,288,6,2011|2012|2013|2014|2015|2016,ca5b78da3dc0859594e53c21e4c703ddf12121ad3de824537dd1f711431e16c6,observation_time_proxy,historical data_available_time is unknown; observation_time is a pseudo-operational proxy
2017-02-28T00:00:00+00:00,2017-02-27,windermere,south,water_temperature,2.0,degC,month_3,2017-04-29,2017-05-28,11.519595840470261,11.398817048357584,0.7242792782139018,lead_dependent_anomaly_relaxation,1.0,True,0.16675721057562612,0.16675721057562612,283,6,2011|2012|2013|2014|2015|2016,b80d6e6d5fe9eaf74079477e0d286cb6f8eabcaa5a28af8b7d8723fbd54ba2b8,observation_time_proxy,historical data_available_time is unknown; observation_time is a pseudo-operational proxy
2017-03-07T00:00:00+00:00,2017-03-06,windermere,south,water_temperature,2.0,degC,month_1,2017-03-07,2017-04-05,6.151376732203972,5.711157891203704,0.7882673891706933,lead_dependent_anomaly_relaxation,1.0,True,0.5584638500184641,0.5584638500184641,292,6,2011|2012|2013|2014|2015|2016,6f0cf4a7b894ccdd8564f1499d9529d7280224ee89408eca5739b5cba943ab74,observation_time_proxy,historical data_available_time is unknown; observation_time is a pseudo-operational proxy
2017-03-07T00:00:00+00:00,2017-03-06,windermere,south,water_temperature,2.0,degC,month_2,2017-04-06,2017-05-05,8.729552724995285,8.506598426388889,0.7882673891706933,lead_dependent_anomaly_relaxation,1.0,True,0.28284095177520596,0.28284095177520596,288,6,2011|2012|2013|2014|2015|2016,ca5b78da3dc0859594e53c21e4c703ddf12121ad3de824537dd1f711431e16c6,observation_time_proxy,historical data_available_time is unknown; observation_time is a pseudo-operational proxy
2017-03-07T00:00:00+00:00,2017-03-06,windermere,south,water_temperature,2.0,degC,month_3,2017-05-06,2017-06-04,12.597894820590767,12.46644554958493,0.7882673891706933,lead_dependent_anomaly_relaxation,1.0,True,0.16675721057562612,0.16675721057562612,283,6,2011|2012|2013|2014|2015|2016,b80d6e6d5fe9eaf74079477e0d286cb6f8eabcaa5a28af8b7d8723fbd54ba2b8,observation_time_proxy,historical data_available_time is unknown; observation_time is a pseudo-operational proxy
2017-03-14T00:00:00+00:00,2017-03-13,windermere,south,water_temperature,2.0,degC,month_1,2017-03-14,2017-04-12,6.7024396532703845,6.197688266512346,0.9038210561728395,lead_dependent_anomaly_relaxation,1.0,True,0.5584638500184641,0.5584638500184641,292,6,2011|2012|2013|2014|2015|2016,6f0cf4a7b894ccdd8564f1499d9529d7280224ee89408eca5739b5cba943ab74,observation_time_proxy,historical data_available_time is unknown; observation_time is a pseudo-operational proxy
2017-03-14T00:00:00+00:00,2017-03-13,windermere,south,water_temperature,2.0,degC,month_2,2017-04-13,2017-05-12,9.60163564890823,9.345998041145833,0.9038210561728395,lead_dependent_anomaly_relaxation,1.0,True,0.28284095177520596,0.28284095177520596,288,6,2011|2012|2013|2014|2015|2016,ca5b78da3dc0859594e53c21e4c703ddf12121ad3de824537dd1f711431e16c6,observation_time_proxy,historical data_available_time is unknown; observation_time is a pseudo-operational proxy
2017-03-14T00:00:00+00:00,2017-03-13,windermere,south,water_temperature,2.0,degC,month_3,2017-05-13,2017-06-11,13.843474586823554,13.692755908636654,0.9038210561728395,lead_dependent_anomaly_relaxation,1.0,True,0.16675721057562612,0.16675721057562612,283,6,2011|2012|2013|2014|2015|2016,b80d6e6d5fe9eaf74079477e0d286cb6f8eabcaa5a28af8b7d8723fbd54ba2b8,observation_time_proxy,historical data_available_time is unknown; observation_time is a pseudo-operational proxy
2017-03-21T00:00:00+00:00,2017-03-20,windermere,south,water_temperature,2.0,degC,month_1,2017-03-21,2017-04-19,7.3660257288234074,6.795641091049383,1.021345674845679,lead_dependent_anomaly_relaxation,1.0,True,0.5584638500184641,0.5584638500184641,292,6,2011|2012|2013|2014|2015|2016,6f0cf4a7b894ccdd8564f1499d9529d7280224ee89408eca5739b5cba943ab74,observation_time_proxy,historical data_available_time is unknown; observation_time is a pseudo-operational proxy
2017-03-21T00:00:00+00:00,2017-03-20,windermere,south,water_temperature,2.0,degC,month_2,2017-04-20,2017-05-19,10.50819596523012,10.219317582465278,1.021345674845679,lead_dependent_anomaly_relaxation,1.0,True,0.28284095177520596,0.28284095177520596,288,6,2011|2012|2013|2014|2015|2016,ca5b78da3dc0859594e53c21e4c703ddf12121ad3de824537dd1f711431e16c6,observation_time_proxy,historical data_available_time is unknown; observation_time is a pseudo-operational proxy
2017-03-21T00:00:00+00:00,2017-03-20,windermere,south,water_temperature,2.0,degC,month_3,2017-05-20,2017-06-18,14.96609021795146,14.795773462180716,1.021345674845679,lead_dependent_anomaly_relaxation,1.0,True,0.16675721057562612,0.16675721057562612,283,6,2011|2012|2013|2014|2015|2016,b80d6e6d5fe9eaf74079477e0d286cb6f8eabcaa5a28af8b7d8723fbd54ba2b8,observation_time_proxy,historical data_available_time is unknown; observation_time is a pseudo-operational proxy
2017-03-28T00:00:00+00:00,2017-03-27,windermere,south,water_temperature,2.0,degC,month_1,2017-03-28,2017-04-26,8.181597361116618,7.583702480902778,1.0706062356481478,lead_dependent_anomaly_relaxation,1.0,True,0.5584638500184641,0.5584638500184641,292,6,2011|2012|2013|2014|2015|2016,6f0cf4a7b894ccdd8564f1499d9529d7280224ee89408eca5739b5cba943ab74,observation_time_proxy,historical data_available_time is unknown; observation_time is a pseudo-operational proxy
2017-03-28T00:00:00+00:00,2017-03-27,windermere,south,water_temperature,2.0,degC,month_2,2017-04-27,2017-05-26,11.372583721736637,11.069772435069444,1.0706062356481478,lead_dependent_anomaly_relaxation,1.0,True,0.28284095177520596,0.28284095177520596,288,6,2011|2012|2013|2014|2015|2016,ca5b78da3dc0859594e53c21e4c703ddf12121ad3de824537dd1f711431e16c6,observation_time_proxy,historical data_available_time is unknown; observation_time is a pseudo-operational proxy
2017-03-28T00:00:00+00:00,2017-03-27,windermere,south,water_temperature,2.0,degC,month_3,2017-05-27,2017-06-25,15.803902399275085,15.625371089793529,1.0706062356481478,lead_dependent_anomaly_relaxation,1.0,True,0.16675721057562612,0.16675721057562612,283,6,2011|2012|2013|2014|2015|2016,b80d6e6d5fe9eaf74079477e0d286cb6f8eabcaa5a28af8b7d8723fbd54ba2b8,observation_time_proxy,historical data_available_time is unknown; observation_time is a pseudo-operational proxy
2017-04-04T00:00:00+00:00,2017-04-03,windermere,south,water_temperature,2.0,degC,month_1,2017-04-04,2017-05-03,8.958056859211599,8.288091722395833,1.1996571251543209,lead_dependent_anomaly_relaxation,1.0,True,0.5584638500184641,0.5584638500184641,292,6,2011|2012|2013|2014|2015|2016,6f0cf4a7b894ccdd8564f1499d9529d7280224ee89408eca5739b5cba943ab74,observation_time_proxy,historical data_available_time is unknown; observation_time is a pseudo-operational proxy
2017-04-04T00:00:00+00:00,2017-04-03,windermere,south,water_temperature,2.0,degC,month_2,2017-05-04,2017-06-02,12.456597823081491,12.117285659998936,1.1996571251543209,lead_dependent_anomaly_relaxation,1.0,True,0.28284095177520596,0.28284095177520596,288,6,2011|2012|2013|2014|2015|2016,ca5b78da3dc0859594e53c21e4c703ddf12121ad3de824537dd1f711431e16c6,observation_time_proxy,historical data_available_time is unknown; observation_time is a pseudo-operational proxy
2017-04-04T00:00:00+00:00,2017-04-03,windermere,south,water_temperature,2.0,degC,month_3,2017-06-03,2017-07-02,16.559114048368773,16.359062572530863,1.1996571251543209,lead_dependent_anomaly_relaxation,1.0,True,0.16675721057562612,0.16675721057562612,283,6,2011|2012|2013|2014|2015|2016,b80d6e6d5fe9eaf74079477e0d286cb6f8eabcaa5a28af8b7d8723fbd54ba2b8,observation_time_proxy,historical data_available_time is unknown; observation_time is a pseudo-operational proxy
2017-04-11T00:00:00+00:00,2017-04-10,windermere,south,water_temperature,2.0,degC,month_1,2017-04-11,2017-05-10,9.918365669324457,9.104199405034722,1.4578674416666662,lead_dependent_anomaly_relaxation,1.0,True,0.5584638500184641,0.5584638500184641,292,6,2011|2012|2013|2014|2015|2016,6f0cf4a7b894ccdd8564f1499d9529d7280224ee89408eca5739b5cba943ab74,observation_time_proxy,historical data_available_time is unknown; observation_time is a pseudo-operational proxy
2017-04-11T00:00:00+00:00,2017-04-10,windermere,south,water_temperature,2.0,degC,month_2,2017-05-11,2017-06-09,13.755417585468704,13.34307297070562,1.4578674416666662,lead_dependent_anomaly_relaxation,1.0,True,0.28284095177520596,0.28284095177520596,288,6,2011|2012|2013|2014|2015|2016,ca5b78da3dc0859594e53c21e4c703ddf12121ad3de824537dd1f711431e16c6,observation_time_proxy,historical data_available_time is unknown; observation_time is a pseudo-operational proxy
2017-04-11T00:00:00+00:00,2017-04-10,windermere,south,water_temperature,2.0,degC,month_3,2017-06-10,2017-07-09,17.040299023567908,16.79718911560655,1.4578674416666662,lead_dependent_anomaly_relaxation,1.0,True,0.16675721057562612,0.16675721057562612,283,6,2011|2012|2013|2014|2015|2016,b80d6e6d5fe9eaf74079477e0d286cb6f8eabcaa5a28af8b7d8723fbd54ba2b8,observation_time_proxy,historical data_available_time is unknown; observation_time is a pseudo-operational proxy
2017-04-18T00:00:00+00:00,2017-04-17,windermere,south,water_temperature,2.0,degC,month_1,2017-04-18,2017-05-17,10.854309175962864,9.980473318402778,1.5647133785493823,lead_dependent_anomaly_relaxation,1.0,True,0.5584638500184641,0.5584638500184641,292,6,2011|2012|2013|2014|2015|2016,6f0cf4a7b894ccdd8564f1499d9529d7280224ee89408eca5739b5cba943ab74,observation_time_proxy,historical data_available_time is unknown; observation_time is a pseudo-operational proxy
2017-04-18T00:00:00+00:00,2017-04-17,windermere,south,water_temperature,2.0,degC,month_2,2017-05-18,2017-06-16,14.938324655913314,14.495759634669009,1.5647133785493823,lead_dependent_anomaly_relaxation,1.0,True,0.28284095177520596,0.28284095177520596,288,6,2011|2012|2013|2014|2015|2016,ca5b78da3dc0859594e53c21e4c703ddf12121ad3de824537dd1f711431e16c6,observation_time_proxy,historical data_available_time is unknown; observation_time is a pseudo-operational proxy
2017-04-18T00:00:00+00:00,2017-04-17,windermere,south,water_temperature,2.0,degC,month_3,2017-06-17,2017-07-16,17.50130544585494,17.24037820749768,1.5647133785493823,lead_dependent_anomaly_relaxation,1.0,True,0.16675721057562612,0.16675721057562612,283,6,2011|2012|2013|2014|2015|2016,b80d6e6d5fe9eaf74079477e0d286cb6f8eabcaa5a28af8b7d8723fbd54ba2b8,observation_time_proxy,historical data_available_time is unknown; observation_time is a pseudo-operational proxy
2017-04-25T00:00:00+00:00,2017-04-24,windermere,south,water_temperature,2.0,degC,month_1,2017-04-25,2017-05-24,11.675949436647608,10.809144846875,1.5521230062499995,lead_dependent_anomaly_relaxation,1.0,True,0.5584638500184641,0.5584638500184641,292,6,2011|2012|2013|2014|2015|2016,6f0cf4a7b894ccdd8564f1499d9529d7280224ee89408eca5739b5cba943ab74,observation_time_proxy,historical data_available_time is unknown; observation_time is a pseudo-operational proxy
2017-04-25T00:00:00+00:00,2017-04-24,windermere,south,water_temperature,2.0,degC,month_2,2017-05-25,2017-06-23,15.857450099988297,15.418446151628354,1.5521230062499995,lead_dependent_anomaly_relaxation,1.0,True,0.28284095177520596,0.28284095177520596,288,6,2011|2012|2013|2014|2015|2016,ca5b78da3dc0859594e53c21e4c703ddf12121ad3de824537dd1f711431e16c6,observation_time_proxy,historical data_available_time is unknown; observation_time is a pseudo-operational proxy
2017-04-25T00:00:00+00:00,2017-04-24,windermere,south,water_temperature,2.0,degC,month_3,2017-06-24,2017-07-23,17.906039325613644,17.64721162262114,1.5521230062499995,lead_dependent_anomaly_relaxation,1.0,True,0.16675721057562612,0.16675721057562612,283,6,2011|2012|2013|2014|2015|2016,b80d6e6d5fe9eaf74079477e0d286cb6f8eabcaa5a28af8b7d8723fbd54ba2b8,observation_time_proxy,historical data_available_time is unknown; observation_time is a pseudo-operational proxy
2017-05-02T00:00:00+00:00,2017-05-01,windermere,south,water_temperature,2.0,degC,month_1,2017-05-02,2017-05-31,12.615539293783566,11.82015923595679,1.4242283682291674,lead_dependent_anomaly_relaxation,1.0,True,0.5584638500184641,0.5584638500184641,292,6,2011|2012|2013|2014|2015|2016,6f0cf4a7b894ccdd8564f1499d9529d7280224ee89408eca5739b5cba943ab74,observation_time_proxy,historical data_available_time is unknown; observation_time is a pseudo-operational proxy
2017-05-02T00:00:00+00:00,2017-05-01,windermere,south,water_temperature,2.0,degC,month_2,2017-06-01,2017-06-30,16.559033473434855,16.156203366219668,1.4242283682291674,lead_dependent_anomaly_relaxation,1.0,True,0.28284095177520596,0.28284095177520596,288,6,2011|2012|2013|2014|2015|2016,ca5b78da3dc0859594e53c21e4c703ddf12121ad3de824537dd1f711431e16c6,observation_time_proxy,historical data_available_time is unknown; observation_time is a pseudo-operational proxy
2017-05-02T00:00:00+00:00,2017-05-01,windermere,south,water_temperature,2.0,degC,month_3,2017-07-01,2017-07-30,18.32342557779867,18.085925227890097,1.4242283682291674,lead_dependent_anomaly_relaxation,1.0,True,0.16675721057562612,0.16675721057562612,283,6,2011|2012|2013|2014|2015|2016,b80d6e6d5fe9eaf74079477e0d286cb6f8eabcaa5a28af8b7d8723fbd54ba2b8,observation_time_proxy,historical data_available_time is unknown; observation_time is a pseudo-operational proxy
2017-05-09T00:00:00+00:00,2017-05-08,windermere,south,water_temperature,2.0,degC,month_1,2017-05-09,2017-06-07,13.608793666032339,12.991255626596423,1.1057797911458334,lead_dependent_anomaly_relaxation,1.0,True,0.5584638500184641,0.5584638500184641,292,6,2011|2012|2013|2014|2015|2016,6f0cf4a7b894ccdd8564f1499d9529d7280224ee89408eca5739b5cba943ab74,observation_time_proxy,historical data_available_time is unknown; observation_time is a pseudo-operational proxy
2017-05-09T00:00:00+00:00,2017-05-08,windermere,south,water_temperature,2.0,degC,month_2,2017-06-08,2017-07-07,16.997225143323828,16.684465334742352,1.1057797911458334,lead_dependent_anomaly_relaxation,1.0,True,0.28284095177520596,0.28284095177520596,288,6,2011|2012|2013|2014|2015|2016,ca5b78da3dc0859594e53c21e4c703ddf12121ad3de824537dd1f711431e16c6,observation_time_proxy,historical data_available_time is unknown; observation_time is a pseudo-operational proxy
2017-05-09T00:00:00+00:00,2017-05-08,windermere,south,water_temperature,2.0,degC,month_3,2017-07-08,2017-08-06,18.472743447115135,18.288346693632757,1.1057797911458334,lead_dependent_anomaly_relaxation,1.0,True,0.16675721057562612,0.16675721057562612,283,6,2011|2012|2013|2014|2015|2016,b80d6e6d5fe9eaf74079477e0d286cb6f8eabcaa5a28af8b7d8723fbd54ba2b8,observation_time_proxy,historical data_available_time is unknown; observation_time is a pseudo-operational proxy
2017-05-16T00:00:00+00:00,2017-05-15,windermere,south,water_temperature,2.0,degC,month_1,2017-05-16,2017-06-14,14.692331227467037,14.182912279698808,0.9121789131944453,lead_dependent_anomaly_relaxation,1.0,True,0.5584638500184641,0.5584638500184641,292,6,2011|2012|2013|2014|2015|2016,6f0cf4a7b894ccdd8564f1499d9529d7280224ee89408eca5739b5cba943ab74,observation_time_proxy,historical data_available_time is unknown; observation_time is a pseudo-operational proxy
2017-05-16T00:00:00+00:00,2017-05-15,windermere,south,water_temperature,2.0,degC,month_2,2017-06-15,2017-07-14,17.3784292949887,17.12042774299151,0.9121789131944453,lead_dependent_anomaly_relaxation,1.0,True,0.28284095177520596,0.28284095177520596,288,6,2011|2012|2013|2014|2015|2016,ca5b78da3dc0859594e53c21e4c703ddf12121ad3de824537dd1f711431e16c6,observation_time_proxy,historical data_available_time is unknown; observation_time is a pseudo-operational proxy
2017-05-16T00:00:00+00:00,2017-05-15,windermere,south,water_temperature,2.0,degC,month_3,2017-07-15,2017-08-13,18.434031733530848,18.281919322420634,0.9121789131944453,lead_dependent_anomaly_relaxation,1.0,True,0.16675721057562612,0.16675721057562612,283,6,2011|2012|2013|2014|2015|2016,b80d6e6d5fe9eaf74079477e0d286cb6f8eabcaa5a28af8b7d8723fbd54ba2b8,observation_time_proxy,historical data_available_time is unknown; observation_time is a pseudo-operational proxy
2017-05-23T00:00:00+00:00,2017-05-22,windermere,south,water_temperature,2.0,degC,month_1,2017-05-23,2017-06-21,15.641436009339687,15.202591760073435,0.7858060092013872,lead_dependent_anomaly_relaxation,1.0,True,0.5584638500184641,0.5584638500184641,292,6,2011|2012|2013|2014|2015|2016,6f0cf4a7b894ccdd8564f1499d9529d7280224ee89408eca5739b5cba943ab74,observation_time_proxy,historical data_available_time is unknown; observation_time is a pseudo-operational proxy
2017-05-23T00:00:00+00:00,2017-05-22,windermere,south,water_temperature,2.0,degC,month_2,2017-06-22,2017-07-21,17.741766127976803,17.519508008423607,0.7858060092013872,lead_dependent_anomaly_relaxation,1.0,True,0.28284095177520596,0.28284095177520596,288,6,2011|2012|2013|2014|2015|2016,ca5b78da3dc0859594e53c21e4c703ddf12121ad3de824537dd1f711431e16c6,observation_time_proxy,historical data_available_time is unknown; observation_time is a pseudo-operational proxy
2017-05-23T00:00:00+00:00,2017-05-22,windermere,south,water_temperature,2.0,degC,month_3,2017-07-22,2017-08-20,18.314609031992784,18.183570213844796,0.7858060092013872,lead_dependent_anomaly_relaxation,1.0,True,0.16675721057562612,0.16675721057562612,283,6,2011|2012|2013|2014|2015|2016,b80d6e6d5fe9eaf74079477e0d286cb6f8eabcaa5a28af8b7d8723fbd54ba2b8,observation_time_proxy,historical data_available_time is unknown; observation_time is a pseudo-operational proxy
2017-05-30T00:00:00+00:00,2017-05-29,windermere,south,water_temperature,2.0,degC,month_1,2017-05-30,2017-06-28,16.536862071946015,15.953159102703278,1.045193828075778,lead_dependent_anomaly_relaxation,1.0,True,0.5584638500184641,0.5584638500184641,292,6,2011|2012|2013|2014|2015|2016,6f0cf4a7b894ccdd8564f1499d9529d7280224ee89408eca5739b5cba943ab74,observation_time_proxy,historical data_available_time is unknown; observation_time is a pseudo-operational proxy
2017-05-30T00:00:00+00:00,2017-05-29,windermere,south,water_temperature,2.0,degC,month_2,2017-06-29,2017-07-28,18.272451794196925,17.976828177074403,1.045193828075778,lead_dependent_anomaly_relaxation,1.0,True,0.28284095177520596,0.28284095177520596,288,6,2011|2012|2013|2014|2015|2016,ca5b78da3dc0859594e53c21e4c703ddf12121ad3de824537dd1f711431e16c6,observation_time_proxy,historical data_available_time is unknown; observation_time is a pseudo-operational proxy
2017-05-30T00:00:00+00:00,2017-05-29,windermere,south,water_temperature,2.0,degC,month_3,2017-07-29,2017-08-27,18.063730055913936,17.88943644863316,1.045193828075778,lead_dependent_anomaly_relaxation,1.0,True,0.16675721057562612,0.16675721057562612,283,6,2011|2012|2013|2014|2015|2016,b80d6e6d5fe9eaf74079477e0d286cb6f8eabcaa5a28af8b7d8723fbd54ba2b8,observation_time_proxy,historical data_available_time is unknown; observation_time is a pseudo-operational proxy
2017-06-06T00:00:00+00:00,2017-06-05,windermere,south,water_temperature,2.0,degC,month_1,2017-06-06,2017-07-05,17.355851672137156,16.568057052469136,1.4106456839452957,lead_dependent_anomaly_relaxation,1.0,True,0.5584638500184641,0.5584638500184641,292,6,2011|2012|2013|2014|2015|2016,6f0cf4a7b894ccdd8564f1499d9529d7280224ee89408eca5739b5cba943ab74,observation_time_proxy,historical data_available_time is unknown; observation_time is a pseudo-operational proxy
2017-06-06T00:00:00+00:00,2017-06-05,windermere,south,water_temperature,2.0,degC,month_2,2017-07-06,2017-08-04,18.63794132646465,18.238952958599974,1.4106456839452957,lead_dependent_anomaly_relaxation,1.0,True,0.28284095177520596,0.28284095177520596,288,6,2011|2012|2013|2014|2015|2016,ca5b78da3dc0859594e53c21e4c703ddf12121ad3de824537dd1f711431e16c6,observation_time_proxy,historical data_available_time is unknown; observation_time is a pseudo-operational proxy
2017-06-06T00:00:00+00:00,2017-06-05,windermere,south,water_temperature,2.0,degC,month_3,2017-08-05,2017-09-03,17.79297981268978,17.557744473324515,1.4106456839452957,lead_dependent_anomaly_relaxation,1.0,True,0.16675721057562612,0.16675721057562612,283,6,2011|2012|2013|2014|2015|2016,b80d6e6d5fe9eaf74079477e0d286cb6f8eabcaa5a28af8b7d8723fbd54ba2b8,observation_time_proxy,historical data_available_time is unknown; observation_time is a pseudo-operational proxy
2017-06-13T00:00:00+00:00,2017-06-12,windermere,south,water_temperature,2.0,degC,month_1,2017-06-13,2017-07-12,17.56644098366953,16.98552484021373,1.0402036648148147,lead_dependent_anomaly_relaxation,1.0,True,0.5584638500184641,0.5584638500184641,292,6,2011|2012|2013|2014|2015|2016,6f0cf4a7b894ccdd8564f1499d9529d7280224ee89408eca5739b5cba943ab74,observation_time_proxy,historical data_available_time is unknown; observation_time is a pseudo-operational proxy
2017-06-13T00:00:00+00:00,2017-06-12,windermere,south,water_temperature,2.0,degC,month_2,2017-07-13,2017-08-11,18.602689576761183,18.308477382164902,1.0402036648148147,lead_dependent_anomaly_relaxation,1.0,True,0.28284095177520596,0.28284095177520596,288,6,2011|2012|2013|2014|2015|2016,ca5b78da3dc0859594e53c21e4c703ddf12121ad3de824537dd1f711431e16c6,observation_time_proxy,historical data_available_time is unknown; observation_time is a pseudo-operational proxy
2017-06-13T00:00:00+00:00,2017-06-12,windermere,south,water_temperature,2.0,degC,month_3,2017-08-12,2017-09-10,17.40325548935284,17.22979402777778,1.0402036648148147,lead_dependent_anomaly_relaxation,1.0,True,0.16675721057562612,0.16675721057562612,283,6,2011|2012|2013|2014|2015|2016,b80d6e6d5fe9eaf74079477e0d286cb6f8eabcaa5a28af8b7d8723fbd54ba2b8,observation_time_proxy,historical data_available_time is unknown; observation_time is a pseudo-operational proxy
2017-06-20T00:00:00+00:00,2017-06-19,windermere,south,water_temperature,2.0,degC,month_1,2017-06-20,2017-07-19,17.81110871109639,17.404975388053238,0.7272329677735208,lead_dependent_anomaly_relaxation,1.0,True,0.5584638500184641,0.5584638500184641,292,6,2011|2012|2013|2014|2015|2016,6f0cf4a7b894ccdd8564f1499d9529d7280224ee89408eca5739b5cba943ab74,observation_time_proxy,historical data_available_time is unknown; observation_time is a pseudo-operational proxy
2017-06-20T00:00:00+00:00,2017-06-19,windermere,south,water_temperature,2.0,degC,month_2,2017-07-20,2017-08-18,18.441584631059257,18.235893366291887,0.7272329677735208,lead_dependent_anomaly_relaxation,1.0,True,0.28284095177520596,0.28284095177520596,288,6,2011|2012|2013|2014|2015|2016,ca5b78da3dc0859594e53c21e4c703ddf12121ad3de824537dd1f711431e16c6,observation_time_proxy,historical data_available_time is unknown; observation_time is a pseudo-operational proxy
2017-06-20T00:00:00+00:00,2017-06-19,windermere,south,water_temperature,2.0,degC,month_3,2017-08-19,2017-09-17,16.973302836514915,16.85203149537037,0.7272329677735208,lead_dependent_anomaly_relaxation,1.0,True,0.16675721057562612,0.16675721057562612,283,6,2011|2012|2013|2014|2015|2016,b80d6e6d5fe9eaf74079477e0d286cb6f8eabcaa5a28af8b7d8723fbd54ba2b8,observation_time_proxy,historical data_available_time is unknown; observation_time is a pseudo-operational proxy
2017-06-27T00:00:00+00:00,2017-06-26,windermere,south,water_temperature,2.0,degC,month_1,2017-06-27,2017-07-26,18.31220198678871,17.846178923547065,0.8344731055129859,lead_dependent_anomaly_relaxation,1.0,True,0.5584638500184641,0.5584638500184641,292,6,2011|2012|2013|2014|2015|2016,6f0cf4a7b894ccdd8564f1499d9529d7280224ee89408eca5739b5cba943ab74,observation_time_proxy,historical data_available_time is unknown; observation_time is a pseudo-operational proxy
2017-06-27T00:00:00+00:00,2017-06-26,windermere,south,water_temperature,2.0,degC,month_2,2017-07-27,2017-08-25,18.229470045480525,17.99344687808642,0.8344731055129859,lead_dependent_anomaly_relaxation,1.0,True,0.28284095177520596,0.28284095177520596,288,6,2011|2012|2013|2014|2015|2016,ca5b78da3dc0859594e53c21e4c703ddf12121ad3de824537dd1f711431e16c6,observation_time_proxy,historical data_available_time is unknown; observation_time is a pseudo-operational proxy
2017-06-27T00:00:00+00:00,2017-06-26,windermere,south,water_temperature,2.0,degC,month_3,2017-08-26,2017-09-24,16.54920615891894,16.41005175154321,0.8344731055129859,lead_dependent_anomaly_relaxation,1.0,True,0.16675721057562612,0.16675721057562612,283,6,2011|2012|2013|2014|2015|2016,b80d6e6d5fe9eaf74079477e0d286cb6f8eabcaa5a28af8b7d8723fbd54ba2b8,observation_time_proxy,historical data_available_time is unknown; observation_time is a pseudo-operational proxy
2017-07-04T00:00:00+00:00,2017-07-03,windermere,south,water_temperature,2.0,degC,month_1,2017-07-04,2017-08-02,18.231083584582027,18.18399682830897,0.0843147793209873,lead_dependent_anomaly_relaxation,1.0,True,0.5584638500184641,0.5584638500184641,292,6,2011|2012|2013|2014|2015|2016,6f0cf4a7b894ccdd8564f1499d9529d7280224ee89408eca5739b5cba943ab74,observation_time_proxy,historical data_available_time is unknown; observation_time is a pseudo-operational proxy
2017-07-04T00:00:00+00:00,2017-07-03,windermere,south,water_temperature,2.0,degC,month_2,2017-08-03,2017-09-01,17.669613088657613,17.64576541622575,0.0843147793209873,lead_dependent_anomaly_relaxation,1.0,True,0.28284095177520596,0.28284095177520596,288,6,2011|2012|2013|2014|2015|2016,ca5b78da3dc0859594e53c21e4c703ddf12121ad3de824537dd1f711431e16c6,observation_time_proxy,historical data_available_time is unknown; observation_time is a pseudo-operational proxy
2017-07-04T00:00:00+00:00,2017-07-03,windermere,south,water_temperature,2.0,degC,month_3,2017-09-02,2017-10-01,15.9161065711753,15.902046473765433,0.0843147793209873,lead_dependent_anomaly_relaxation,1.0,True,0.16675721057562612,0.16675721057562612,283,6,2011|2012|2013|2014|2015|2016,b80d6e6d5fe9eaf74079477e0d286cb6f8eabcaa5a28af8b7d8723fbd54ba2b8,observation_time_proxy,historical data_available_time is unknown; observation_time is a pseudo-operational proxy
2017-07-11T00:00:00+00:00,2017-07-10,windermere,south,water_temperature,2.0,degC,month_1,2017-07-11,2017-08-09,18.255761890585283,18.322764916406125,-0.11997737332259817,lead_dependent_anomaly_relaxation,1.0,True,0.5584638500184641,0.5584638500184641,292,6,2011|2012|2013|2014|2015|2016,6f0cf4a7b894ccdd8564f1499d9529d7280224ee89408eca5739b5cba943ab74,observation_time_proxy,historical data_available_time is unknown; observation_time is a pseudo-operational proxy
2017-07-11T00:00:00+00:00,2017-07-10,windermere,south,water_temperature,2.0,degC,month_2,2017-08-10,2017-09-08,17.291342338933006,17.32527685339506,-0.11997737332259817,lead_dependent_anomaly_relaxation,1.0,True,0.28284095177520596,0.28284095177520596,288,6,2011|2012|2013|2014|2015|2016,ca5b78da3dc0859594e53c21e4c703ddf12121ad3de824537dd1f711431e16c6,observation_time_proxy,historical data_available_time is unknown; observation_time is a pseudo-operational proxy
2017-07-11T00:00:00+00:00,2017-07-10,windermere,south,water_temperature,2.0,degC,month_3,2017-09-09,2017-10-08,15.296713346164138,15.316720438271604,-0.11997737332259817,lead_dependent_anomaly_relaxation,1.0,True,0.16675721057562612,0.16675721057562612,283,6,2011|2012|2013|2014|2015|2016,b80d6e6d5fe9eaf74079477e0d286cb6f8eabcaa5a28af8b7d8723fbd54ba2b8,observation_time_proxy,historical data_available_time is unknown; observation_time is a pseudo-operational proxy
2017-07-18T00:00:00+00:00,2017-07-17,windermere,south,water_temperature,2.0,degC,month_1,2017-07-18,2017-08-16,18.292734434198287,18.256542968474427,0.06480538663812041,lead_dependent_anomaly_relaxation,1.0,True,0.5584638500184641,0.5584638500184641,292,6,2011|2012|2013|2014|2015|2016,6f0cf4a7b894ccdd8564f1499d9529d7280224ee89408eca5739b5cba943ab74,observation_time_proxy,historical data_available_time is unknown; observation_time is a pseudo-operational proxy
2017-07-18T00:00:00+00:00,2017-07-17,windermere,south,water_temperature,2.0,degC,month_2,2017-08-17,2017-09-15,16.98909716970602,16.970767552469134,0.06480538663812041,lead_dependent_anomaly_relaxation,1.0,True,0.28284095177520596,0.28284095177520596,288,6,2011|2012|2013|2014|2015|2016,ca5b78da3dc0859594e53c21e4c703ddf12121ad3de824537dd1f711431e16c6,observation_time_proxy,historical data_available_time is unknown; observation_time is a pseudo-operational proxy
2017-07-18T00:00:00+00:00,2017-07-17,windermere,south,water_temperature,2.0,degC,month_3,2017-09-16,2017-10-15,14.672180674456666,14.661373908950617,0.06480538663812041,lead_dependent_anomaly_relaxation,1.0,True,0.16675721057562612,0.16675721057562612,283,6,2011|2012|2013|2014|2015|2016,b80d6e6d5fe9eaf74079477e0d286cb6f8eabcaa5a28af8b7d8723fbd54ba2b8,observation_time_proxy,historical data_available_time is unknown; observation_time is a pseudo-operational proxy
2017-07-25T00:00:00+00:00,2017-07-24,windermere,south,water_temperature,2.0,degC,month_1,2017-07-25,2017-08-23,17.990212565436543,18.079280374338623,-0.15948715194212681,lead_dependent_anomaly_relaxation,1.0,True,0.5584638500184641,0.5584638500184641,292,6,2011|2012|2013|2014|2015|2016,6f0cf4a7b894ccdd8564f1499d9529d7280224ee89408eca5739b5cba943ab74,observation_time_proxy,historical data_available_time is unknown; observation_time is a pseudo-operational proxy
2017-07-25T00:00:00+00:00,2017-07-24,windermere,south,water_temperature,2.0,degC,month_2,2017-08-24,2017-09-22,16.510016358630253,16.55512585648148,-0.15948715194212681,lead_dependent_anomaly_relaxation,1.0,True,0.28284095177520596,0.28284095177520596,288,6,2011|2012|2013|2014|2015|2016,ca5b78da3dc0859594e53c21e4c703ddf12121ad3de824537dd1f711431e16c6,observation_time_proxy,historical data_available_time is unknown; observation_time is a pseudo-operational proxy
2017-07-25T00:00:00+00:00,2017-07-24,windermere,south,water_temperature,2.0,degC,month_3,2017-09-23,2017-10-22,13.947461111246641,13.97405674382716,-0.15948715194212681,lead_dependent_anomaly_relaxation,1.0,True,0.16675721057562612,0.16675721057562612,283,6,2011|2012|2013|2014|2015|2016,b80d6e6d5fe9eaf74079477e0d286cb6f8eabcaa5a28af8b7d8723fbd54ba2b8,observation_time_proxy,historical data_available_time is unknown; observation_time is a pseudo-operational proxy
2017-08-01T00:00:00+00:00,2017-07-31,windermere,south,water_temperature,2.0,degC,month_1,2017-08-01,2017-08-30,17.559257699851536,17.737668845238094,-0.3194676707913331,lead_dependent_anomaly_relaxation,1.0,True,0.5584638500184641,0.5584638500184641,292,6,2011|2012|2013|2014|2015|2016,6f0cf4a7b894ccdd8564f1499d9529d7280224ee89408eca5739b5cba943ab74,observation_time_proxy,historical data_available_time is unknown; observation_time is a pseudo-operational proxy
2017-08-01T00:00:00+00:00,2017-07-31,windermere,south,water_temperature,2.0,degC,month_2,2017-08-31,2017-09-29,15.953422909006045,16.043781449074075,-0.3194676707913331,lead_dependent_anomaly_relaxation,1.0,True,0.28284095177520596,0.28284095177520596,288,6,2011|2012|2013|2014|2015|2016,ca5b78da3dc0859594e53c21e4c703ddf12121ad3de824537dd1f711431e16c6,observation_time_proxy,historical data_available_time is unknown; observation_time is a pseudo-operational proxy
2017-08-01T00:00:00+00:00,2017-07-31,windermere,south,water_temperature,2.0,degC,month_3,2017-09-30,2017-10-29,13.19695875710283,13.250232294753086,-0.3194676707913331,lead_dependent_anomaly_relaxation,1.0,True,0.16675721057562612,0.16675721057562612,283,6,2011|2012|2013|2014|2015|2016,b80d6e6d5fe9eaf74079477e0d286cb6f8eabcaa5a28af8b7d8723fbd54ba2b8,observation_time_proxy,historical data_available_time is unknown; observation_time is a pseudo-operational proxy
2017-08-08T00:00:00+00:00,2017-08-07,windermere,south,water_temperature,2.0,degC,month_1,2017-08-08,2017-09-06,17.22728376397372,17.426506353395062,-0.3567331876803763,lead_dependent_anomaly_relaxation,1.0,True,0.5584638500184641,0.5584638500184641,292,6,2011|2012|2013|2014|2015|2016,6f0cf4a7b894ccdd8564f1499d9529d7280224ee89408eca5739b5cba943ab74,observation_time_proxy,historical data_available_time is unknown; observation_time is a pseudo-operational proxy
2017-08-08T00:00:00+00:00,2017-08-07,windermere,south,water_temperature,2.0,degC,month_2,2017-09-07,2017-10-06,15.388867068197543,15.489765822530863,-0.3567331876803763,lead_dependent_anomaly_relaxation,1.0,True,0.28284095177520596,0.28284095177520596,288,6,2011|2012|2013|2014|2015|2016,ca5b78da3dc0859594e53c21e4c703ddf12121ad3de824537dd1f711431e16c6,observation_time_proxy,historical data_available_time is unknown; observation_time is a pseudo-operational proxy
2017-08-08T00:00:00+00:00,2017-08-07,windermere,south,water_temperature,2.0,degC,month_3,2017-10-07,2017-11-05,12.450380960268692,12.509868791566022,-0.3567331876803763,lead_dependent_anomaly_relaxation,1.0,True,0.16675721057562612,0.16675721057562612,283,6,2011|2012|2013|2014|2015|2016,b80d6e6d5fe9eaf74079477e0d286cb6f8eabcaa5a28af8b7d8723fbd54ba2b8,observation_time_proxy,historical data_available_time is unknown; observation_time is a pseudo-operational proxy
2017-08-15T00:00:00+00:00,2017-08-14,windermere,south,water_temperature,2.0,degC,month_1,2017-08-15,2017-09-13,16.849916000924722,17.07915636728395,-0.4104838054453275,lead_dependent_anomaly_relaxation,1.0,True,0.5584638500184641,0.5584638500184641,292,6,2011|2012|2013|2014|2015|2016,6f0cf4a7b894ccdd8564f1499d9529d7280224ee89408eca5739b5cba943ab74,observation_time_proxy,historical data_available_time is unknown; observation_time is a pseudo-operational proxy
2017-08-15T00:00:00+00:00,2017-08-14,windermere,south,water_temperature,2.0,degC,month_2,2017-09-14,2017-10-13,14.73821506422398,14.854316694444444,-0.4104838054453275,lead_dependent_anomaly_relaxation,1.0,True,0.28284095177520596,0.28284095177520596,288,6,2011|2012|2013|2014|2015|2016,ca5b78da3dc0859594e53c21e4c703ddf12121ad3de824537dd1f711431e16c6,observation_time_proxy,historical data_available_time is unknown; observation_time is a pseudo-operational proxy
2017-08-15T00:00:00+00:00,2017-08-14,windermere,south,water_temperature,2.0,degC,month_3,2017-10-14,2017-11-12,11.68712757894275,11.755578713325281,-0.4104838054453275,lead_dependent_anomaly_relaxation,1.0,True,0.16675721057562612,0.16675721057562612,283,6,2011|2012|2013|2014|2015|2016,b80d6e6d5fe9eaf74079477e0d286cb6f8eabcaa5a28af8b7d8723fbd54ba2b8,observation_time_proxy,historical data_available_time is unknown; observation_time is a pseudo-operational proxy
2017-08-22T00:00:00+00:00,2017-08-21,windermere,south,water_temperature,2.0,degC,month_1,2017-08-22,2017-09-20,16.299705012609486,16.680465686728393,-0.6818000379188689,lead_dependent_anomaly_relaxation,1.0,True,0.5584638500184641,0.5584638500184641,292,6,2011|2012|2013|2014|2015|2016,6f0cf4a7b894ccdd8564f1499d9529d7280224ee89408eca5739b5cba943ab74,observation_time_proxy,historical data_available_time is unknown; observation_time is a pseudo-operational proxy
2017-08-22T00:00:00+00:00,2017-08-21,windermere,south,water_temperature,2.0,degC,month_2,2017-09-21,2017-10-20,13.98398410242873,14.176825074074074,-0.6818000379188689,lead_dependent_anomaly_relaxation,1.0,True,0.28284095177520596,0.28284095177520596,288,6,2011|2012|2013|2014|2015|2016,ca5b78da3dc0859594e53c21e4c703ddf12121ad3de824537dd1f711431e16c6,observation_time_proxy,historical data_available_time is unknown; observation_time is a pseudo-operational proxy
2017-08-22T00:00:00+00:00,2017-08-21,windermere,south,water_temperature,2.0,degC,month_3,2017-10-21,2017-11-19,10.915692778177254,11.029387850670961,-0.6818000379188689,lead_dependent_anomaly_relaxation,1.0,True,0.16675721057562612,0.16675721057562612,283,6,2011|2012|2013|2014|2015|2016,b80d6e6d5fe9eaf74079477e0d286cb6f8eabcaa5a28af8b7d8723fbd54ba2b8,observation_time_proxy,historical data_available_time is unknown; observation_time is a pseudo-operational proxy
2017-08-29T00:00:00+00:00,2017-08-28,windermere,south,water_temperature,2.0,degC,month_1,2017-08-29,2017-09-27,15.855871362630998,16.185540638888888,-0.5903144424603148,lead_dependent_anomaly_relaxation,1.0,True,0.5584638500184641,0.5584638500184641,292,6,2011|2012|2013|2014|2015|2016,6f0cf4a7b894ccdd8564f1499d9529d7280224ee89408eca5739b5cba943ab74,observation_time_proxy,historical data_available_time is unknown; observation_time is a pseudo-operational proxy
2017-08-29T00:00:00+00:00,2017-08-28,windermere,south,water_temperature,2.0,degC,month_2,2017-09-28,2017-10-27,13.294398674396023,13.461363773148149,-0.5903144424603148,lead_dependent_anomaly_relaxation,1.0,True,0.28284095177520596,0.28284095177520596,288,6,2011|2012|2013|2014|2015|2016,ca5b78da3dc0859594e53c21e4c703ddf12121ad3de824537dd1f711431e16c6,observation_time_proxy,historical data_available_time is unknown; observation_time is a pseudo-operational proxy
2017-08-29T00:00:00+00:00,2017-08-28,windermere,south,water_temperature,2.0,degC,month_3,2017-10-28,2017-11-26,10.247484204556613,10.345923394343801,-0.5903144424603148,lead_dependent_anomaly_relaxation,1.0,True,0.16675721057562612,0.16675721057562612,283,6,2011|2012|2013|2014|2015|2016,b80d6e6d5fe9eaf74079477e0d286cb6f8eabcaa5a28af8b7d8723fbd54ba2b8,observation_time_proxy,historical data_available_time is unknown; observation_time is a pseudo-operational proxy
2017-09-05T00:00:00+00:00,2017-09-04,windermere,south,water_temperature,2.0,degC,month_1,2017-09-05,2017-10-04,15.47920854171525,15.663230925925927,-0.32951530202822,lead_dependent_anomaly_relaxation,1.0,True,0.5584638500184641,0.5584638500184641,292,6,2011|2012|2013|2014|2015|2016,6f0cf4a7b894ccdd8564f1499d9529d7280224ee89408eca5739b5cba943ab74,observation_time_proxy,historical data_available_time is unknown; observation_time is a pseudo-operational proxy
2017-09-05T00:00:00+00:00,2017-09-04,windermere,south,water_temperature,2.0,degC,month_2,2017-10-05,2017-11-03,12.624925852168953,12.71812627381911,-0.32951530202822,lead_dependent_anomaly_relaxation,1.0,True,0.28284095177520596,0.28284095177520596,288,6,2011|2012|2013|2014|2015|2016,ca5b78da3dc0859594e53c21e4c703ddf12121ad3de824537dd1f711431e16c6,observation_time_proxy,historical data_available_time is unknown; observation_time is a pseudo-operational proxy
2017-09-05T00:00:00+00:00,2017-09-04,windermere,south,water_temperature,2.0,degC,month_3,2017-11-04,2017-12-03,9.587094416480623,9.642043469088835,-0.32951530202822,lead_dependent_anomaly_relaxation,1.0,True,0.16675721057562612,0.16675721057562612,283,6,2011|2012|2013|2014|2015|2016,b80d6e6d5fe9eaf74079477e0d286cb6f8eabcaa5a28af8b7d8723fbd54ba2b8,observation_time_proxy,historical data_available_time is unknown; observation_time is a pseudo-operational proxy
2017-09-12T00:00:00+00:00,2017-09-11,windermere,south,water_temperature,2.0,degC,month_1,2017-09-12,2017-10-11,14.964272362242653,15.043430401234568,-0.14174245833333288,lead_dependent_anomaly_relaxation,1.0,True,0.5584638500184641,0.5584638500184641,292,6,2011|2012|2013|2014|2015|2016,6f0cf4a7b894ccdd8564f1499d9529d7280224ee89408eca5739b5cba943ab74,observation_time_proxy,historical data_available_time is unknown; observation_time is a pseudo-operational proxy
2017-09-12T00:00:00+00:00,2017-09-11,windermere,south,water_temperature,2.0,degC,month_2,2017-10-12,2017-11-10,11.931244056009497,11.971334627831455,-0.14174245833333288,lead_dependent_anomaly_relaxation,1.0,True,0.28284095177520596,0.28284095177520596,288,6,2011|2012|2013|2014|2015|2016,ca5b78da3dc0859594e53c21e4c703ddf12121ad3de824537dd1f711431e16c6,observation_time_proxy,historical data_available_time is unknown; observation_time is a pseudo-operational proxy
2017-09-12T00:00:00+00:00,2017-09-11,windermere,south,water_temperature,2.0,degC,month_3,2017-11-11,2017-12-10,8.922238750604691,8.94587532757649,-0.14174245833333288,lead_dependent_anomaly_relaxation,1.0,True,0.16675721057562612,0.16675721057562612,283,6,2011|2012|2013|2014|2015|2016,b80d6e6d5fe9eaf74079477e0d286cb6f8eabcaa5a28af8b7d8723fbd54ba2b8,observation_time_proxy,historical data_available_time is unknown; observation_time is a pseudo-operational proxy
2017-09-19T00:00:00+00:00,2017-09-18,windermere,south,water_temperature,2.0,degC,month_1,2017-09-19,2017-10-18,14.300036407309529,14.37435037654321,-0.1330685401234568,lead_dependent_anomaly_relaxation,1.0,True,0.5584638500184641,0.5584638500184641,292,6,2011|2012|2013|2014|2015|2016,6f0cf4a7b894ccdd8564f1499d9529d7280224ee89408eca5739b5cba943ab74,observation_time_proxy,historical data_available_time is unknown; observation_time is a pseudo-operational proxy
2017-09-19T00:00:00+00:00,2017-09-18,windermere,south,water_temperature,2.0,degC,month_2,2017-10-19,2017-11-17,11.194284041742216,11.231921274282072,-0.1330685401234568,lead_dependent_anomaly_relaxation,1.0,True,0.28284095177520596,0.28284095177520596,288,6,2011|2012|2013|2014|2015|2016,ca5b78da3dc0859594e53c21e4c703ddf12121ad3de824537dd1f711431e16c6,observation_time_proxy,historical data_available_time is unknown; observation_time is a pseudo-operational proxy
2017-09-19T00:00:00+00:00,2017-09-18,windermere,south,water_temperature,2.0,degC,month_3,2017-11-18,2017-12-17,8.259475509071859,8.281665647638217,-0.1330685401234568,lead_dependent_anomaly_relaxation,1.0,True,0.16675721057562612,0.16675721057562612,283,6,2011|2012|2013|2014|2015|2016,b80d6e6d5fe9eaf74079477e0d286cb6f8eabcaa5a28af8b7d8723fbd54ba2b8,observation_time_proxy,historical data_available_time is unknown; observation_time is a pseudo-operational proxy
2017-09-26T00:00:00+00:00,2017-09-25,windermere,south,water_temperature,2.0,degC,month_1,2017-09-26,2017-10-25,13.57261680186649,13.668154549382717,-0.17107239351852144,lead_dependent_anomaly_relaxation,1.0,True,0.5584638500184641,0.5584638500184641,292,6,2011|2012|2013|2014|2015|2016,6f0cf4a7b894ccdd8564f1499d9529d7280224ee89408eca5739b5cba943ab74,observation_time_proxy,historical data_available_time is unknown; observation_time is a pseudo-operational proxy
2017-09-26T00:00:00+00:00,2017-09-25,windermere,south,water_temperature,2.0,degC,month_2,2017-10-26,2017-11-24,10.489795519287942,10.538181797893182,-0.17107239351852144,lead_dependent_anomaly_relaxation,1.0,True,0.28284095177520596,0.28284095177520596,288,6,2011|2012|2013|2014|2015|2016,ca5b78da3dc0859594e53c21e4c703ddf12121ad3de824537dd1f711431e16c6,observation_time_proxy,historical data_available_time is unknown; observation_time is a pseudo-operational proxy
2017-09-26T00:00:00+00:00,2017-09-25,windermere,south,water_temperature,2.0,degC,month_3,2017-11-25,2017-12-24,7.631854148815734,7.6603817039653785,-0.17107239351852144,lead_dependent_anomaly_relaxation,1.0,True,0.16675721057562612,0.16675721057562612,283,6,2011|2012|2013|2014|2015|2016,b80d6e6d5fe9eaf74079477e0d286cb6f8eabcaa5a28af8b7d8723fbd54ba2b8,observation_time_proxy,historical data_available_time is unknown; observation_time is a pseudo-operational proxy
2017-10-03T00:00:00+00:00,2017-10-02,windermere,south,water_temperature,2.0,degC,month_1,2017-10-03,2017-11-01,12.79812789273979,12.925503810856146,-0.22808265586419552,lead_dependent_anomaly_relaxation,1.0,True,0.5584638500184641,0.5584638500184641,292,6,2011|2012|2013|2014|2015|2016,6f0cf4a7b894ccdd8564f1499d9529d7280224ee89408eca5739b5cba943ab74,observation_time_proxy,historical data_available_time is unknown; observation_time is a pseudo-operational proxy
2017-10-03T00:00:00+00:00,2017-10-02,windermere,south,water_temperature,2.0,degC,month_2,2017-11-02,2017-12-01,9.782056190704793,9.846567306172838,-0.22808265586419552,lead_dependent_anomaly_relaxation,1.0,True,0.28284095177520596,0.28284095177520596,288,6,2011|2012|2013|2014|2015|2016,ca5b78da3dc0859594e53c21e4c703ddf12121ad3de824537dd1f711431e16c6,observation_time_proxy,historical data_available_time is unknown; observation_time is a pseudo-operational proxy
2017-10-03T00:00:00+00:00,2017-10-02,windermere,south,water_temperature,2.0,degC,month_3,2017-12-02,2017-12-31,7.086349327499226,7.12438375497182,-0.22808265586419552,lead_dependent_anomaly_relaxation,1.0,True,0.16675721057562612,0.16675721057562612,283,6,2011|2012|2013|2014|2015|2016,b80d6e6d5fe9eaf74079477e0d286cb6f8eabcaa5a28af8b7d8723fbd54ba2b8,observation_time_proxy,historical data_available_time is unknown; observation_time is a pseudo-operational proxy
2017-10-10T00:00:00+00:00,2017-10-09,windermere,south,water_temperature,2.0,degC,month_1,2017-10-10,2017-11-08,12.004997126711283,12.186541923356145,-0.32507886882716086,lead_dependent_anomaly_relaxation,1.0,True,0.5584638500184641,0.5584638500184641,292,6,2011|2012|2013|2014|2015|2016,6f0cf4a7b894ccdd8564f1499d9529d7280224ee89408eca5739b5cba943ab74,observation_time_proxy,historical data_available_time is unknown; observation_time is a pseudo-operational proxy
2017-10-10T00:00:00+00:00,2017-10-09,windermere,south,water_temperature,2.0,degC,month_2,2017-11-09,2017-12-08,9.047503047952445,9.139448664613527,-0.32507886882716086,lead_dependent_anomaly_relaxation,1.0,True,0.28284095177520596,0.28284095177520596,288,6,2011|2012|2013|2014|2015|2016,ca5b78da3dc0859594e53c21e4c703ddf12121ad3de824537dd1f711431e16c6,observation_time_proxy,historical data_available_time is unknown; observation_time is a pseudo-operational proxy
2017-10-10T00:00:00+00:00,2017-10-09,windermere,south,water_temperature,2.0,degC,month_3,2017-12-09,2018-01-07,6.558860834946409,6.6130700803291065,-0.32507886882716086,lead_dependent_anomaly_relaxation,1.0,True,0.16675721057562612,0.16675721057562612,283,6,2011|2012|2013|2014|2015|2016,b80d6e6d5fe9eaf74079477e0d286cb6f8eabcaa5a28af8b7d8723fbd54ba2b8,observation_time_proxy,historical data_available_time is unknown; observation_time is a pseudo-operational proxy
2017-10-17T00:00:00+00:00,2017-10-16,windermere,south,water_temperature,2.0,degC,month_1,2017-10-17,2017-11-15,11.295221628520455,11.437394571195652,-0.2545785956790141,lead_dependent_anomaly_relaxation,1.0,True,0.5584638500184641,0.5584638500184641,292,6,2011|2012|2013|2014|2015|2016,6f0cf4a7b894ccdd8564f1499d9529d7280224ee89408eca5739b5cba943ab74,observation_time_proxy,historical data_available_time is unknown; observation_time is a pseudo-operational proxy
2017-10-17T00:00:00+00:00,2017-10-16,windermere,south,water_temperature,2.0,degC,month_2,2017-11-16,2017-12-15,8.397011120952053,8.469016373255501,-0.2545785956790141,lead_dependent_anomaly_relaxation,1.0,True,0.28284095177520596,0.28284095177520596,288,6,2011|2012|2013|2014|2015|2016,ca5b78da3dc0859594e53c21e4c703ddf12121ad3de824537dd1f711431e16c6,observation_time_proxy,historical data_available_time is unknown; observation_time is a pseudo-operational proxy
2017-10-17T00:00:00+00:00,2017-10-16,windermere,south,water_temperature,2.0,degC,month_3,2017-12-16,2018-01-14,6.193944187278914,6.236397003766607,-0.2545785956790141,lead_dependent_anomaly_relaxation,1.0,True,0.16675721057562612,0.16675721057562612,283,6,2011|2012|2013|2014|2015|2016,b80d6e6d5fe9eaf74079477e0d286cb6f8eabcaa5a28af8b7d8723fbd54ba2b8,observation_time_proxy,historical data_available_time is unknown; observation_time is a pseudo-operational proxy
2017-10-24T00:00:00+00:00,2017-10-23,windermere,south,water_temperature,2.0,degC,month_1,2017-10-24,2017-11-22,10.661968956137548,10.733836128911701,-0.12868724228395045,lead_dependent_anomaly_relaxation,1.0,True,0.5584638500184641,0.5584638500184641,292,6,2011|2012|2013|2014|2015|2016,6f0cf4a7b894ccdd8564f1499d9529d7280224ee89408eca5739b5cba943ab74,observation_time_proxy,historical data_available_time is unknown; observation_time is a pseudo-operational proxy
2017-10-24T00:00:00+00:00,2017-10-23,windermere,south,water_temperature,2.0,degC,month_2,2017-11-23,2017-12-22,7.795563400240657,7.831961422329576,-0.12868724228395045,lead_dependent_anomaly_relaxation,1.0,True,0.28284095177520596,0.28284095177520596,288,6,2011|2012|2013|2014|2015|2016,ca5b78da3dc0859594e53c21e4c703ddf12121ad3de824537dd1f711431e16c6,observation_time_proxy,historical data_available_time is unknown; observation_time is a pseudo-operational proxy
2017-10-24T00:00:00+00:00,2017-10-23,windermere,south,water_temperature,2.0,degC,month_3,2017-12-23,2018-01-21,5.887049283923431,5.908508809483372,-0.12868724228395045,lead_dependent_anomaly_relaxation,1.0,True,0.16675721057562612,0.16675721057562612,283,6,2011|2012|2013|2014|2015|2016,b80d6e6d5fe9eaf74079477e0d286cb6f8eabcaa5a28af8b7d8723fbd54ba2b8,observation_time_proxy,historical data_available_time is unknown; observation_time is a pseudo-operational proxy
2017-10-31T00:00:00+00:00,2017-10-30,windermere,south,water_temperature,2.0,degC,month_1,2017-10-31,2017-11-29,10.035240108448319,10.048600857924047,-0.02392410802469236,lead_dependent_anomaly_relaxation,1.0,True,0.5584638500184641,0.5584638500184641,292,6,2011|2012|2013|2014|2015|2016,6f0cf4a7b894ccdd8564f1499d9529d7280224ee89408eca5739b5cba943ab74,observation_time_proxy,historical data_available_time is unknown; observation_time is a pseudo-operational proxy
2017-10-31T00:00:00+00:00,2017-10-30,windermere,south,water_temperature,2.0,degC,month_2,2017-11-30,2017-12-29,7.261520820740562,7.268287538224638,-0.02392410802469236,lead_dependent_anomaly_relaxation,1.0,True,0.28284095177520596,0.28284095177520596,288,6,2011|2012|2013|2014|2015|2016,ca5b78da3dc0859594e53c21e4c703ddf12121ad3de824537dd1f711431e16c6,observation_time_proxy,historical data_available_time is unknown; observation_time is a pseudo-operational proxy
2017-10-31T00:00:00+00:00,2017-10-30,windermere,south,water_temperature,2.0,degC,month_3,2017-12-30,2018-01-28,5.596042938776661,5.600032456296368,-0.02392410802469236,lead_dependent_anomaly_relaxation,1.0,True,0.16675721057562612,0.16675721057562612,283,6,2011|2012|2013|2014|2015|2016,b80d6e6d5fe9eaf74079477e0d286cb6f8eabcaa5a28af8b7d8723fbd54ba2b8,observation_time_proxy,historical data_available_time is unknown; observation_time is a pseudo-operational proxy
2017-11-07T00:00:00+00:00,2017-11-06,windermere,south,water_temperature,2.0,degC,month_1,2017-11-07,2017-12-06,9.436453959743016,9.337300048255502,0.17754759145866927,lead_dependent_anomaly_relaxation,1.0,True,0.5584638500184641,0.5584638500184641,292,6,2011|2012|2013|2014|2015|2016,6f0cf4a7b894ccdd8564f1499d9529d7280224ee89408eca5739b5cba943ab74,observation_time_proxy,historical data_available_time is unknown; observation_time is a pseudo-operational proxy
2017-11-07T00:00:00+00:00,2017-11-06,windermere,south,water_temperature,2.0,degC,month_2,2017-12-07,2018-01-05,6.78711363959656,6.736895909842995,0.17754759145866927,lead_dependent_anomaly_relaxation,1.0,True,0.28284095177520596,0.28284095177520596,288,6,2011|2012|2013|2014|2015|2016,ca5b78da3dc0859594e53c21e4c703ddf12121ad3de824537dd1f711431e16c6,observation_time_proxy,historical data_available_time is unknown; observation_time is a pseudo-operational proxy
2017-11-07T00:00:00+00:00,2017-11-06,windermere,south,water_temperature,2.0,degC,month_3,2018-01-06,2018-02-04,5.372011873966438,5.34240453287037,0.17754759145866927,lead_dependent_anomaly_relaxation,1.0,True,0.16675721057562612,0.16675721057562612,283,6,2011|2012|2013|2014|2015|2016,b80d6e6d5fe9eaf74079477e0d286cb6f8eabcaa5a28af8b7d8723fbd54ba2b8,observation_time_proxy,historical data_available_time is unknown; observation_time is a pseudo-operational proxy
2017-11-14T00:00:00+00:00,2017-11-13,windermere,south,water_temperature,2.0,degC,month_1,2017-11-14,2017-12-13,8.866611385615172,8.659223801804885,0.37135364053274245,lead_dependent_anomaly_relaxation,1.0,True,0.5584638500184641,0.5584638500184641,292,6,2011|2012|2013|2014|2015|2016,6f0cf4a7b894ccdd8564f1499d9529d7280224ee89408eca5739b5cba943ab74,observation_time_proxy,historical data_available_time is unknown; observation_time is a pseudo-operational proxy
2017-11-14T00:00:00+00:00,2017-11-13,windermere,south,water_temperature,2.0,degC,month_2,2017-12-14,2018-01-12,6.43941301221952,6.334378995086051,0.37135364053274245,lead_dependent_anomaly_relaxation,1.0,True,0.28284095177520596,0.28284095177520596,288,6,2011|2012|2013|2014|2015|2016,ca5b78da3dc0859594e53c21e4c703ddf12121ad3de824537dd1f711431e16c6,observation_time_proxy,historical data_available_time is unknown; observation_time is a pseudo-operational proxy
2017-11-14T00:00:00+00:00,2017-11-13,windermere,south,water_temperature,2.0,degC,month_3,2018-01-13,2018-02-11,5.187797199734549,5.125871302502205,0.37135364053274245,lead_dependent_anomaly_relaxation,1.0,True,0.16675721057562612,0.16675721057562612,283,6,2011|2012|2013|2014|2015|2016,b80d6e6d5fe9eaf74079477e0d286cb6f8eabcaa5a28af8b7d8723fbd54ba2b8,observation_time_proxy,historical data_available_time is unknown; observation_time is a pseudo-operational proxy
2017-11-21T00:00:00+00:00,2017-11-20,windermere,south,water_temperature,2.0,degC,month_1,2017-11-21,2017-12-20,8.27330385267567,8.008892816156736,0.47346132880434766,lead_dependent_anomaly_relaxation,1.0,True,0.5584638500184641,0.5584638500184641,292,6,2011|2012|2013|2014|2015|2016,6f0cf4a7b894ccdd8564f1499d9529d7280224ee89408eca5739b5cba943ab74,observation_time_proxy,historical data_available_time is unknown; observation_time is a pseudo-operational proxy
2017-11-21T00:00:00+00:00,2017-11-20,windermere,south,water_temperature,2.0,degC,month_2,2017-12-21,2018-01-19,6.137990088194401,6.004075835326626,0.47346132880434766,lead_dependent_anomaly_relaxation,1.0,True,0.28284095177520596,0.28284095177520596,288,6,2011|2012|2013|2014|2015|2016,ca5b78da3dc0859594e53c21e4c703ddf12121ad3de824537dd1f711431e16c6,observation_time_proxy,historical data_available_time is unknown; observation_time is a pseudo-operational proxy
2017-11-21T00:00:00+00:00,2017-11-20,windermere,south,water_temperature,2.0,degC,month_3,2018-01-20,2018-02-18,5.0228496705994345,4.943896580092592,0.47346132880434766,lead_dependent_anomaly_relaxation,1.0,True,0.16675721057562612,0.16675721057562612,283,6,2011|2012|2013|2014|2015|2016,b80d6e6d5fe9eaf74079477e0d286cb6f8eabcaa5a28af8b7d8723fbd54ba2b8,observation_time_proxy,historical data_available_time is unknown; observation_time is a pseudo-operational proxy
2017-11-28T00:00:00+00:00,2017-11-27,windermere,south,water_temperature,2.0,degC,month_1,2017-11-28,2017-12-27,7.715959431161828,7.419869398564144,0.5301865690821259,lead_dependent_anomaly_relaxation,1.0,True,0.5584638500184641,0.5584638500184641,292,6,2011|2012|2013|2014|2015|2016,6f0cf4a7b894ccdd8564f1499d9529d7280224ee89408eca5739b5cba943ab74,observation_time_proxy,historical data_available_time is unknown; observation_time is a pseudo-operational proxy
2017-11-28T00:00:00+00:00,2017-11-27,windermere,south,water_temperature,2.0,degC,month_2,2017-12-28,2018-01-26,5.832552934888294,5.682594461070674,0.5301865690821259,lead_dependent_anomaly_relaxation,1.0,True,0.28284095177520596,0.28284095177520596,288,6,2011|2012|2013|2014|2015|2016,ca5b78da3dc0859594e53c21e4c703ddf12121ad3de824537dd1f711431e16c6,observation_time_proxy,historical data_available_time is unknown; observation_time is a pseudo-operational proxy
2017-11-28T00:00:00+00:00,2017-11-27,windermere,south,water_temperature,2.0,degC,month_3,2018-01-27,2018-02-25,4.903476966060846,4.8150645327160495,0.5301865690821259,lead_dependent_anomaly_relaxation,1.0,True,0.16675721057562612,0.16675721057562612,283,6,2011|2012|2013|2014|2015|2016,b80d6e6d5fe9eaf74079477e0d286cb6f8eabcaa5a28af8b7d8723fbd54ba2b8,observation_time_proxy,historical data_available_time is unknown; observation_time is a pseudo-operational proxy
2017-12-05T00:00:00+00:00,2017-12-04,windermere,south,water_temperature,2.0,degC,month_1,2017-12-05,2018-01-03,7.200360376167225,6.928545754685543,0.4867183819914125,lead_dependent_anomaly_relaxation,1.0,True,0.5584638500184641,0.5584638500184641,292,6,2011|2012|2013|2014|2015|2016,6f0cf4a7b894ccdd8564f1499d9529d7280224ee89408eca5739b5cba943ab74,observation_time_proxy,historical data_available_time is unknown; observation_time is a pseudo-operational proxy
2017-12-05T00:00:00+00:00,2017-12-04,windermere,south,water_temperature,2.0,degC,month_2,2018-01-04,2018-02-02,5.552981816632484,5.415317926223545,0.4867183819914125,lead_dependent_anomaly_relaxation,1.0,True,0.28284095177520596,0.28284095177520596,288,6,2011|2012|2013|2014|2015|2016,ca5b78da3dc0859594e53c21e4c703ddf12121ad3de824537dd1f711431e16c6,observation_time_proxy,historical data_available_time is unknown; observation_time is a pseudo-operational proxy
2017-12-05T00:00:00+00:00,2017-12-04,windermere,south,water_temperature,2.0,degC,month_3,2018-02-03,2018-03-04,4.841256878574795,4.7600930788580245,0.4867183819914125,lead_dependent_anomaly_relaxation,1.0,True,0.16675721057562612,0.16675721057562612,283,6,2011|2012|2013|2014|2015|2016,b80d6e6d5fe9eaf74079477e0d286cb6f8eabcaa5a28af8b7d8723fbd54ba2b8,observation_time_proxy,historical data_available_time is unknown; observation_time is a pseudo-operational proxy
2017-12-12T00:00:00+00:00,2017-12-11,windermere,south,water_temperature,2.0,degC,month_1,2017-12-12,2018-01-10,6.659149898248763,6.441486398558273,0.38975396470746126,lead_dependent_anomaly_relaxation,1.0,True,0.5584638500184641,0.5584638500184641,292,6,2011|2012|2013|2014|2015|2016,6f0cf4a7b894ccdd8564f1499d9529d7280224ee89408eca5739b5cba943ab74,observation_time_proxy,historical data_available_time is unknown; observation_time is a pseudo-operational proxy
2017-12-12T00:00:00+00:00,2017-12-11,windermere,south,water_temperature,2.0,degC,month_2,2018-01-11,2018-02-09,5.294208430384961,5.183970048048942,0.38975396470746126,lead_dependent_anomaly_relaxation,1.0,True,0.28284095177520596,0.28284095177520596,288,6,2011|2012|2013|2014|2015|2016,ca5b78da3dc0859594e53c21e4c703ddf12121ad3de824537dd1f711431e16c6,observation_time_proxy,historical data_available_time is unknown; observation_time is a pseudo-operational proxy
2017-12-12T00:00:00+00:00,2017-12-11,windermere,south,water_temperature,2.0,degC,month_3,2018-02-10,2018-03-11,4.846703867453061,4.781709583487654,0.38975396470746126,lead_dependent_anomaly_relaxation,1.0,True,0.16675721057562612,0.16675721057562612,283,6,2011|2012|2013|2014|2015|2016,b80d6e6d5fe9eaf74079477e0d286cb6f8eabcaa5a28af8b7d8723fbd54ba2b8,observation_time_proxy,historical data_available_time is unknown; observation_time is a pseudo-operational proxy
2017-12-19T00:00:00+00:00,2017-12-18,windermere,south,water_temperature,2.0,degC,month_1,2017-12-19,2018-01-17,6.225795595888712,6.093082863698359,0.23763889495437418,lead_dependent_anomaly_relaxation,1.0,True,0.5584638500184641,0.5584638500184641,292,6,2011|2012|2013|2014|2015|2016,6f0cf4a7b894ccdd8564f1499d9529d7280224ee89408eca5739b5cba943ab74,observation_time_proxy,historical data_available_time is unknown; observation_time is a pseudo-operational proxy
2017-12-19T00:00:00+00:00,2017-12-18,windermere,south,water_temperature,2.0,degC,month_2,2018-01-18,2018-02-16,5.057339942001437,4.990125930773734,0.23763889495437418,lead_dependent_anomaly_relaxation,1.0,True,0.28284095177520596,0.28284095177520596,288,6,2011|2012|2013|2014|2015|2016,ca5b78da3dc0859594e53c21e4c703ddf12121ad3de824537dd1f711431e16c6,observation_time_proxy,historical data_available_time is unknown; observation_time is a pseudo-operational proxy
2017-12-19T00:00:00+00:00,2017-12-18,windermere,south,water_temperature,2.0,degC,month_3,2018-02-17,2018-03-18,4.938303420543162,4.898675421296296,0.23763889495437418,lead_dependent_anomaly_relaxation,1.0,True,0.16675721057562612,0.16675721057562612,283,6,2011|2012|2013|2014|2015|2016,b80d6e6d5fe9eaf74079477e0d286cb6f8eabcaa5a28af8b7d8723fbd54ba2b8,observation_time_proxy,historical data_available_time is unknown; observation_time is a pseudo-operational proxy
2017-12-26T00:00:00+00:00,2017-12-25,windermere,south,water_temperature,2.0,degC,month_1,2017-12-26,2018-01-24,5.82878966870934,5.771491132970475,0.10260025915190596,lead_dependent_anomaly_relaxation,1.0,True,0.5584638500184641,0.5584638500184641,292,6,2011|2012|2013|2014|2015|2016,6f0cf4a7b894ccdd8564f1499d9529d7280224ee89408eca5739b5cba943ab74,observation_time_proxy,historical data_available_time is unknown; observation_time is a pseudo-operational proxy
2017-12-26T00:00:00+00:00,2017-12-25,windermere,south,water_temperature,2.0,degC,month_2,2018-01-25,2018-02-23,4.874445385043501,4.8454258300925925,0.10260025915190596,lead_dependent_anomaly_relaxation,1.0,True,0.28284095177520596,0.28284095177520596,288,6,2011|2012|2013|2014|2015|2016,ca5b78da3dc0859594e53c21e4c703ddf12121ad3de824537dd1f711431e16c6,observation_time_proxy,historical data_available_time is unknown; observation_time is a pseudo-operational proxy
2017-12-26T00:00:00+00:00,2017-12-25,windermere,south,water_temperature,2.0,degC,month_3,2018-02-24,2018-03-25,5.1694069445945825,5.152297611574074,0.10260025915190596,lead_dependent_anomaly_relaxation,1.0,True,0.16675721057562612,0.16675721057562612,283,6,2011|2012|2013|2014|2015|2016,b80d6e6d5fe9eaf74079477e0d286cb6f8eabcaa5a28af8b7d8723fbd54ba2b8,observation_time_proxy,historical data_available_time is unknown; observation_time is a pseudo-operational proxy
2018-01-02T00:00:00+00:00,2018-01-01,windermere,south,water_temperature,2.0,degC,month_1,2018-01-02,2018-01-31,5.570103190332695,5.55611830063492,0.02450855373396621,lead_dependent_anomaly_relaxation,1.0,True,0.57061260527964,0.57061260527964,344,7,2011|2012|2013|2014|2015|2016|2017,7048d4492b80625e029a83da1b5be4b4a09e79a3783d8ec6bc5d37fe1faa5731,observation_time_proxy,historical data_available_time is unknown; observation_time is a pseudo-operational proxy
2018-01-02T00:00:00+00:00,2018-01-01,windermere,south,water_temperature,2.0,degC,month_2,2018-02-01,2018-03-02,4.84675912551212,4.83943880428744,0.02450855373396621,lead_dependent_anomaly_relaxation,1.0,True,0.2986843411545474,0.2986843411545474,340,7,2011|2012|2013|2014|2015|2016|2017,17bdca03b9e941b9e6faf1f39693b5c692788296ce440ecf83b641c0fb2af8ca,observation_time_proxy,historical data_available_time is unknown; observation_time is a pseudo-operational proxy
2018-01-02T00:00:00+00:00,2018-01-01,windermere,south,water_temperature,2.0,degC,month_3,2018-03-03,2018-04-01,5.616636920437918,5.612278950277778,0.02450855373396621,lead_dependent_anomaly_relaxation,1.0,True,0.17781425242157836,0.17781425242157836,336,7,2011|2012|2013|2014|2015|2016|2017,ccf32aba3ebed52c2d4dcedc302b21afeda65d304e51e0f1e65b4c977ed96528,observation_time_proxy,historical data_available_time is unknown; observation_time is a pseudo-operational proxy
2018-01-09T00:00:00+00:00,2018-01-08,windermere,south,water_temperature,2.0,degC,month_1,2018-01-09,2018-02-07,5.29774961430305,5.313057661775794,-0.02682739100241527,lead_dependent_anomaly_relaxation,1.0,True,0.57061260527964,0.57061260527964,344,7,2011|2012|2013|2014|2015|2016|2017,7048d4492b80625e029a83da1b5be4b4a09e79a3783d8ec6bc5d37fe1faa5731,observation_time_proxy,historical data_available_time is unknown; observation_time is a pseudo-operational proxy
2018-01-09T00:00:00+00:00,2018-01-08,windermere,south,water_temperature,2.0,degC,month_2,2018-02-08,2018-03-09,4.840484137958766,4.848497059565218,-0.02682739100241527,lead_dependent_anomaly_relaxation,1.0,True,0.2986843411545474,0.2986843411545474,340,7,2011|2012|2013|2014|2015|2016|2017,17bdca03b9e941b9e6faf1f39693b5c692788296ce440ecf83b641c0fb2af8ca,observation_time_proxy,historical data_available_time is unknown; observation_time is a pseudo-operational proxy
2018-01-09T00:00:00+00:00,2018-01-08,windermere,south,water_temperature,2.0,degC,month_3,2018-03-10,2018-04-08,6.027967105718929,6.0327373981944445,-0.02682739100241527,lead_dependent_anomaly_relaxation,1.0,True,0.17781425242157836,0.17781425242157836,336,7,2011|2012|2013|2014|2015|2016|2017,ccf32aba3ebed52c2d4dcedc302b21afeda65d304e51e0f1e65b4c977ed96528,observation_time_proxy,historical data_available_time is unknown; observation_time is a pseudo-operational proxy
2018-01-16T00:00:00+00:00,2018-01-15,windermere,south,water_temperature,2.0,degC,month_1,2018-01-16,2018-02-14,5.087395923690654,5.1086579927299,-0.037261828502415995,lead_dependent_anomaly_relaxation,1.0,True,0.57061260527964,0.57061260527964,344,7,2011|2012|2013|2014|2015|2016|2017,7048d4492b80625e029a83da1b5be4b4a09e79a3783d8ec6bc5d37fe1faa5731,observation_time_proxy,historical data_available_time is unknown; observation_time is a pseudo-operational proxy
2018-01-16T00:00:00+00:00,2018-01-15,windermere,south,water_temperature,2.0,degC,month_2,2018-02-15,2018-03-16,4.937894667664653,4.949024192361112,-0.037261828502415995,lead_dependent_anomaly_relaxation,1.0,True,0.2986843411545474,0.2986843411545474,340,7,2011|2012|2013|2014|2015|2016|2017,17bdca03b9e941b9e6faf1f39693b5c692788296ce440ecf83b641c0fb2af8ca,observation_time_proxy,historical data_available_time is unknown; observation_time is a pseudo-operational proxy
2018-01-16T00:00:00+00:00,2018-01-15,windermere,south,water_temperature,2.0,degC,month_3,2018-03-17,2018-04-15,6.592954110404316,6.599579794583334,-0.037261828502415995,lead_dependent_anomaly_relaxation,1.0,True,0.17781425242157836,0.17781425242157836,336,7,2011|2012|2013|2014|2015|2016|2017,ccf32aba3ebed52c2d4dcedc302b21afeda65d304e51e0f1e65b4c977ed96528,observation_time_proxy,historical data_available_time is unknown; observation_time is a pseudo-operational proxy
2018-01-23T00:00:00+00:00,2018-01-22,windermere,south,water_temperature,2.0,degC,month_1,2018-01-23,2018-02-21,4.9152740316202,4.9481763755374395,-0.057661438974196955,lead_dependent_anomaly_relaxation,1.0,True,0.57061260527964,0.57061260527964,344,7,2011|2012|2013|2014|2015|2016|2017,7048d4492b80625e029a83da1b5be4b4a09e79a3783d8ec6bc5d37fe1faa5731,observation_time_proxy,historical data_available_time is unknown; observation_time is a pseudo-operational proxy
2018-01-23T00:00:00+00:00,2018-01-22,windermere,south,water_temperature,2.0,degC,month_2,2018-02-22,2018-03-23,5.155777941923302,5.173000510833333,-0.057661438974196955,lead_dependent_anomaly_relaxation,1.0,True,0.2986843411545474,0.2986843411545474,340,7,2011|2012|2013|2014|2015|2016|2017,17bdca03b9e941b9e6faf1f39693b5c692788296ce440ecf83b641c0fb2af8ca,observation_time_proxy,historical data_available_time is unknown; observation_time is a pseudo-operational proxy
2018-01-23T00:00:00+00:00,2018-01-22,windermere,south,water_temperature,2.0,degC,month_3,2018-03-24,2018-04-22,7.2359154901451355,7.2461685158098845,-0.057661438974196955,lead_dependent_anomaly_relaxation,1.0,True,0.17781425242157836,0.17781425242157836,336,7,2011|2012|2013|2014|2015|2016|2017,ccf32aba3ebed52c2d4dcedc302b21afeda65d304e51e0f1e65b4c977ed96528,observation_time_proxy,historical data_available_time is unknown; observation_time is a pseudo-operational proxy
2018-01-30T00:00:00+00:00,2018-01-29,windermere,south,water_temperature,2.0,degC,month_1,2018-01-30,2018-02-28,4.793796067867248,4.8500676783152175,-0.09861613628460297,lead_dependent_anomaly_relaxation,1.0,True,0.57061260527964,0.57061260527964,344,7,2011|2012|2013|2014|2015|2016|2017,7048d4492b80625e029a83da1b5be4b4a09e79a3783d8ec6bc5d37fe1faa5731,observation_time_proxy,historical data_available_time is unknown; observation_time is a pseudo-operational proxy
2018-01-30T00:00:00+00:00,2018-01-29,windermere,south,water_temperature,2.0,degC,month_2,2018-03-01,2018-03-30,5.483495894167738,5.512950989861111,-0.09861613628460297,lead_dependent_anomaly_relaxation,1.0,True,0.2986843411545474,0.2986843411545474,340,7,2011|2012|2013|2014|2015|2016|2017,17bdca03b9e941b9e6faf1f39693b5c692788296ce440ecf83b641c0fb2af8ca,observation_time_proxy,historical data_available_time is unknown; observation_time is a pseudo-operational proxy
2018-01-30T00:00:00+00:00,2018-01-29,windermere,south,water_temperature,2.0,degC,month_3,2018-03-31,2018-04-29,8.029011435727627,8.046546790277779,-0.09861613628460297,lead_dependent_anomaly_relaxation,1.0,True,0.17781425242157836,0.17781425242157836,336,7,2011|2012|2013|2014|2015|2016|2017,ccf32aba3ebed52c2d4dcedc302b21afeda65d304e51e0f1e65b4c977ed96528,observation_time_proxy,historical data_available_time is unknown; observation_time is a pseudo-operational proxy
2018-02-06T00:00:00+00:00,2018-02-05,windermere,south,water_temperature,2.0,degC,month_1,2018-02-06,2018-03-07,4.801102661885482,4.840466823454107,-0.06898579036706387,lead_dependent_anomaly_relaxation,1.0,True,0.57061260527964,0.57061260527964,344,7,2011|2012|2013|2014|2015|2016|2017,7048d4492b80625e029a83da1b5be4b4a09e79a3783d8ec6bc5d37fe1faa5731,observation_time_proxy,historical data_available_time is unknown; observation_time is a pseudo-operational proxy
2018-02-06T00:00:00+00:00,2018-02-05,windermere,south,water_temperature,2.0,degC,month_2,2018-03-08,2018-04-06,5.876992349099632,5.897597324444445,-0.06898579036706387,lead_dependent_anomaly_relaxation,1.0,True,0.2986843411545474,0.2986843411545474,340,7,2011|2012|2013|2014|2015|2016|2017,17bdca03b9e941b9e6faf1f39693b5c692788296ce440ecf83b641c0fb2af8ca,observation_time_proxy,historical data_available_time is unknown; observation_time is a pseudo-operational proxy
2018-02-06T00:00:00+00:00,2018-02-05,windermere,south,water_temperature,2.0,degC,month_3,2018-04-07,2018-05-06,8.747888749585329,8.76015540632716,-0.06898579036706387,lead_dependent_anomaly_relaxation,1.0,True,0.17781425242157836,0.17781425242157836,336,7,2011|2012|2013|2014|2015|2016|2017,ccf32aba3ebed52c2d4dcedc302b21afeda65d304e51e0f1e65b4c977ed96528,observation_time_proxy,historical data_available_time is unknown; observation_time is a pseudo-operational proxy
2018-02-13T00:00:00+00:00,2018-02-12,windermere,south,water_temperature,2.0,degC,month_1,2018-02-13,2018-03-14,4.877319432350787,4.910386206111111,-0.057949602680296586,lead_dependent_anomaly_relaxation,1.0,True,0.57061260527964,0.57061260527964,344,7,2011|2012|2013|2014|2015|2016|2017,7048d4492b80625e029a83da1b5be4b4a09e79a3783d8ec6bc5d37fe1faa5731,observation_time_proxy,historical data_available_time is unknown; observation_time is a pseudo-operational proxy
2018-02-13T00:00:00+00:00,2018-02-12,windermere,south,water_temperature,2.0,degC,month_2,2018-03-15,2018-04-13,6.413498186519935,6.430806825416667,-0.057949602680296586,lead_dependent_anomaly_relaxation,1.0,True,0.2986843411545474,0.2986843411545474,340,7,2011|2012|2013|2014|2015|2016|2017,17bdca03b9e941b9e6faf1f39693b5c692788296ce440ecf83b641c0fb2af8ca,observation_time_proxy,historical data_available_time is unknown; observation_time is a pseudo-operational proxy
2018-02-13T00:00:00+00:00,2018-02-12,windermere,south,water_temperature,2.0,degC,month_3,2018-04-14,2018-05-13,9.567883947221276,9.5781882125,-0.057949602680296586,lead_dependent_anomaly_relaxation,1.0,True,0.17781425242157836,0.17781425242157836,336,7,2011|2012|2013|2014|2015|2016|2017,ccf32aba3ebed52c2d4dcedc302b21afeda65d304e51e0f1e65b4c977ed96528,observation_time_proxy,historical data_available_time is unknown; observation_time is a pseudo-operational proxy
2018-02-20T00:00:00+00:00,2018-02-19,windermere,south,water_temperature,2.0,degC,month_1,2018-02-20,2018-03-21,5.065438212673892,5.098045964722222,-0.05714516599637687,lead_dependent_anomaly_relaxation,1.0,True,0.57061260527964,0.57061260527964,344,7,2011|2012|2013|2014|2015|2016|2017,7048d4492b80625e029a83da1b5be4b4a09e79a3783d8ec6bc5d37fe1faa5731,observation_time_proxy,historical data_available_time is unknown; observation_time is a pseudo-operational proxy
2018-02-20T00:00:00+00:00,2018-02-19,windermere,south,water_temperature,2.0,degC,month_2,2018-03-22,2018-04-20,7.036819298453802,7.053887664709596,-0.05714516599637687,lead_dependent_anomaly_relaxation,1.0,True,0.2986843411545474,0.2986843411545474,340,7,2011|2012|2013|2014|2015|2016|2017,17bdca03b9e941b9e6faf1f39693b5c692788296ce440ecf83b641c0fb2af8ca,observation_time_proxy,historical data_available_time is unknown; observation_time is a pseudo-operational proxy
2018-02-20T00:00:00+00:00,2018-02-19,windermere,south,water_temperature,2.0,degC,month_3,2018-04-21,2018-05-20,10.41350360064613,10.423664825617283,-0.05714516599637687,lead_dependent_anomaly_relaxation,1.0,True,0.17781425242157836,0.17781425242157836,336,7,2011|2012|2013|2014|2015|2016|2017,ccf32aba3ebed52c2d4dcedc302b21afeda65d304e51e0f1e65b4c977ed96528,observation_time_proxy,historical data_available_time is unknown; observation_time is a pseudo-operational proxy
2018-02-27T00:00:00+00:00,2018-02-26,windermere,south,water_temperature,2.0,degC,month_1,2018-02-27,2018-03-28,5.367060570910676,5.3926361329166665,-0.044821235579710184,lead_dependent_anomaly_relaxation,1.0,True,0.57061260527964,0.57061260527964,344,7,2011|2012|2013|2014|2015|2016|2017,7048d4492b80625e029a83da1b5be4b4a09e79a3783d8ec6bc5d37fe1faa5731,observation_time_proxy,historical data_available_time is unknown; observation_time is a pseudo-operational proxy
2018-02-27T00:00:00+00:00,2018-02-26,windermere,south,water_temperature,2.0,degC,month_2,2018-03-29,2018-04-27,7.836132373318178,7.849519774537037,-0.044821235579710184,lead_dependent_anomaly_relaxation,1.0,True,0.2986843411545474,0.2986843411545474,340,7,2011|2012|2013|2014|2015|2016|2017,17bdca03b9e941b9e6faf1f39693b5c692788296ce440ecf83b641c0fb2af8ca,observation_time_proxy,historical data_available_time is unknown; observation_time is a pseudo-operational proxy
2018-02-27T00:00:00+00:00,2018-02-26,windermere,south,water_temperature,2.0,degC,month_3,2018-04-28,2018-05-27,11.349498549993523,11.35746840449074,-0.044821235579710184,lead_dependent_anomaly_relaxation,1.0,True,0.17781425242157836,0.17781425242157836,336,7,2011|2012|2013|2014|2015|2016|2017,ccf32aba3ebed52c2d4dcedc302b21afeda65d304e51e0f1e65b4c977ed96528,observation_time_proxy,historical data_available_time is unknown; observation_time is a pseudo-operational proxy
2018-03-06T00:00:00+00:00,2018-03-05,windermere,south,water_temperature,2.0,degC,month_1,2018-03-06,2018-04-04,5.633023047037759,5.781987864861112,-0.26106121113526637,lead_dependent_anomaly_relaxation,1.0,True,0.57061260527964,0.57061260527964,344,7,2011|2012|2013|2014|2015|2016|2017,7048d4492b80625e029a83da1b5be4b4a09e79a3783d8ec6bc5d37fe1faa5731,observation_time_proxy,historical data_available_time is unknown; observation_time is a pseudo-operational proxy
2018-03-06T00:00:00+00:00,2018-03-05,windermere,south,water_temperature,2.0,degC,month_2,2018-04-05,2018-05-04,8.465388876527598,8.543363772376543,-0.26106121113526637,lead_dependent_anomaly_relaxation,1.0,True,0.2986843411545474,0.2986843411545474,340,7,2011|2012|2013|2014|2015|2016|2017,17bdca03b9e941b9e6faf1f39693b5c692788296ce440ecf83b641c0fb2af8ca,observation_time_proxy,historical data_available_time is unknown; observation_time is a pseudo-operational proxy
2018-03-06T00:00:00+00:00,2018-03-05,windermere,south,water_temperature,2.0,degC,month_3,2018-05-05,2018-06-03,12.377519050790767,12.423939454885057,-0.26106121113526637,lead_dependent_anomaly_relaxation,1.0,True,0.17781425242157836,0.17781425242157836,336,7,2011|2012|2013|2014|2015|2016|2017,ccf32aba3ebed52c2d4dcedc302b21afeda65d304e51e0f1e65b4c977ed96528,observation_time_proxy,historical data_available_time is unknown; observation_time is a pseudo-operational proxy
2018-03-13T00:00:00+00:00,2018-03-12,windermere,south,water_temperature,2.0,degC,month_1,2018-03-13,2018-04-11,5.958002744339039,6.261098958055555,-0.5311768630978255,lead_dependent_anomaly_relaxation,1.0,True,0.57061260527964,0.57061260527964,344,7,2011|2012|2013|2014|2015|2016|2017,7048d4492b80625e029a83da1b5be4b4a09e79a3783d8ec6bc5d37fe1faa5731,observation_time_proxy,historical data_available_time is unknown; observation_time is a pseudo-operational proxy
2018-03-13T00:00:00+00:00,2018-03-12,windermere,south,water_temperature,2.0,degC,month_2,2018-04-12,2018-05-11,9.179640967158468,9.338295178549382,-0.5311768630978255,lead_dependent_anomaly_relaxation,1.0,True,0.2986843411545474,0.2986843411545474,340,7,2011|2012|2013|2014|2015|2016|2017,17bdca03b9e941b9e6faf1f39693b5c692788296ce440ecf83b641c0fb2af8ca,observation_time_proxy,historical data_available_time is unknown; observation_time is a pseudo-operational proxy
2018-03-13T00:00:00+00:00,2018-03-12,windermere,south,water_temperature,2.0,degC,month_3,2018-05-12,2018-06-10,13.548191915718146,13.642642732533524,-0.5311768630978255,lead_dependent_anomaly_relaxation,1.0,True,0.17781425242157836,0.17781425242157836,336,7,2011|2012|2013|2014|2015|2016|2017,ccf32aba3ebed52c2d4dcedc302b21afeda65d304e51e0f1e65b4c977ed96528,observation_time_proxy,historical data_available_time is unknown; observation_time is a pseudo-operational proxy
2018-03-20T00:00:00+00:00,2018-03-19,windermere,south,water_temperature,2.0,degC,month_1,2018-03-20,2018-04-18,6.400474114778246,6.86008639125,-0.8054716496256038,lead_dependent_anomaly_relaxation,1.0,True,0.57061260527964,0.57061260527964,344,7,2011|2012|2013|2014|2015|2016|2017,7048d4492b80625e029a83da1b5be4b4a09e79a3783d8ec6bc5d37fe1faa5731,observation_time_proxy,historical data_available_time is unknown; observation_time is a pseudo-operational proxy
2018-03-20T00:00:00+00:00,2018-03-19,windermere,south,water_temperature,2.0,degC,month_2,2018-04-19,2018-05-18,9.953759866198096,10.194341635185186,-0.8054716496256038,lead_dependent_anomaly_relaxation,1.0,True,0.2986843411545474,0.2986843411545474,340,7,2011|2012|2013|2014|2015|2016|2017,17bdca03b9e941b9e6faf1f39693b5c692788296ce440ecf83b641c0fb2af8ca,observation_time_proxy,historical data_available_time is unknown; observation_time is a pseudo-operational proxy
2018-03-20T00:00:00+00:00,2018-03-19,windermere,south,water_temperature,2.0,degC,month_3,2018-05-19,2018-06-17,14.579893903959913,14.723118243184866,-0.8054716496256038,lead_dependent_anomaly_relaxation,1.0,True,0.17781425242157836,0.17781425242157836,336,7,2011|2012|2013|2014|2015|2016|2017,ccf32aba3ebed52c2d4dcedc302b21afeda65d304e51e0f1e65b4c977ed96528,observation_time_proxy,historical data_available_time is unknown; observation_time is a pseudo-operational proxy
2018-03-27T00:00:00+00:00,2018-03-26,windermere,south,water_temperature,2.0,degC,month_1,2018-03-27,2018-04-25,6.999707413411398,7.65136644537037,-1.1420340629166672,lead_dependent_anomaly_relaxation,1.0,True,0.57061260527964,0.57061260527964,344,7,2011|2012|2013|2014|2015|2016|2017,7048d4492b80625e029a83da1b5be4b4a09e79a3783d8ec6bc5d37fe1faa5731,observation_time_proxy,historical data_available_time is unknown; observation_time is a pseudo-operational proxy
2018-03-27T00:00:00+00:00,2018-03-26,windermere,south,water_temperature,2.0,degC,month_2,2018-04-26,2018-05-25,10.685885800008352,11.026993491666667,-1.1420340629166672,lead_dependent_anomaly_relaxation,1.0,True,0.2986843411545474,0.2986843411545474,340,7,2011|2012|2013|2014|2015|2016|2017,17bdca03b9e941b9e6faf1f39693b5c692788296ce440ecf83b641c0fb2af8ca,observation_time_proxy,historical data_available_time is unknown; observation_time is a pseudo-operational proxy
2018-03-27T00:00:00+00:00,2018-03-26,windermere,south,water_temperature,2.0,degC,month_3,2018-05-26,2018-06-24,15.416408530243721,15.619478463381226,-1.1420340629166672,lead_dependent_anomaly_relaxation,1.0,True,0.17781425242157836,0.17781425242157836,336,7,2011|2012|2013|2014|2015|2016|2017,ccf32aba3ebed52c2d4dcedc302b21afeda65d304e51e0f1e65b4c977ed96528,observation_time_proxy,historical data_available_time is unknown; observation_time is a pseudo-operational proxy
2018-04-03T00:00:00+00:00,2018-04-02,windermere,south,water_temperature,2.0,degC,month_1,2018-04-03,2018-05-02,7.5450219295271195,8.339926319135802,-1.3930719059722216,lead_dependent_anomaly_relaxation,1.0,True,0.57061260527964,0.57061260527964,344,7,2011|2012|2013|2014|2015|2016|2017,7048d4492b80625e029a83da1b5be4b4a09e79a3783d8ec6bc5d37fe1faa5731,observation_time_proxy,historical data_available_time is unknown; observation_time is a pseudo-operational proxy
2018-04-03T00:00:00+00:00,2018-04-02,windermere,south,water_temperature,2.0,degC,month_2,2018-05-03,2018-06-01,11.667708150119218,12.08379691453544,-1.3930719059722216,lead_dependent_anomaly_relaxation,1.0,True,0.2986843411545474,0.2986843411545474,340,7,2011|2012|2013|2014|2015|2016|2017,17bdca03b9e941b9e6faf1f39693b5c692788296ce440ecf83b641c0fb2af8ca,observation_time_proxy,historical data_available_time is unknown; observation_time is a pseudo-operational proxy
2018-04-03T00:00:00+00:00,2018-04-02,windermere,south,water_temperature,2.0,degC,month_3,2018-06-02,2018-07-01,16.047758161858937,16.29546620138889,-1.3930719059722216,lead_dependent_anomaly_relaxation,1.0,True,0.17781425242157836,0.17781425242157836,336,7,2011|2012|2013|2014|2015|2016|2017,ccf32aba3ebed52c2d4dcedc302b21afeda65d304e51e0f1e65b4c977ed96528,observation_time_proxy,historical data_available_time is unknown; observation_time is a pseudo-operational proxy
2018-04-10T00:00:00+00:00,2018-04-09,windermere,south,water_temperature,2.0,degC,month_1,2018-04-10,2018-05-09,8.245154224391884,9.104811581790123,-1.5065516419444442,lead_dependent_anomaly_relaxation,1.0,True,0.57061260527964,0.57061260527964,344,7,2011|2012|2013|2014|2015|2016|2017,7048d4492b80625e029a83da1b5be4b4a09e79a3783d8ec6bc5d37fe1faa5731,observation_time_proxy,historical data_available_time is unknown; observation_time is a pseudo-operational proxy
2018-04-10T00:00:00+00:00,2018-04-09,windermere,south,water_temperature,2.0,degC,month_2,2018-05-10,2018-06-08,12.852866603614546,13.302849988204024,-1.5065516419444442,lead_dependent_anomaly_relaxation,1.0,True,0.2986843411545474,0.2986843411545474,340,7,2011|2012|2013|2014|2015|2016|2017,17bdca03b9e941b9e6faf1f39693b5c692788296ce440ecf83b641c0fb2af8ca,observation_time_proxy,historical data_available_time is unknown; observation_time is a pseudo-operational proxy
2018-04-10T00:00:00+00:00,2018-04-09,windermere,south,water_temperature,2.0,degC,month_3,2018-06-09,2018-07-08,16.457618784821264,16.725505138768117,-1.5065516419444442,lead_dependent_anomaly_relaxation,1.0,True,0.17781425242157836,0.17781425242157836,336,7,2011|2012|2013|2014|2015|2016|2017,ccf32aba3ebed52c2d4dcedc302b21afeda65d304e51e0f1e65b4c977ed96528,observation_time_proxy,historical data_available_time is unknown; observation_time is a pseudo-operational proxy
2018-04-17T00:00:00+00:00,2018-04-16,windermere,south,water_temperature,2.0,degC,month_1,2018-04-17,2018-05-16,9.015038914064382,9.952605903703704,-1.643088464861111,lead_dependent_anomaly_relaxation,1.0,True,0.57061260527964,0.57061260527964,344,7,2011|2012|2013|2014|2015|2016|2017,7048d4492b80625e029a83da1b5be4b4a09e79a3783d8ec6bc5d37fe1faa5731,observation_time_proxy,historical data_available_time is unknown; observation_time is a pseudo-operational proxy
2018-04-17T00:00:00+00:00,2018-04-16,windermere,south,water_temperature,2.0,degC,month_2,2018-05-17,2018-06-15,13.934605329409534,14.425370124995212,-1.643088464861111,lead_dependent_anomaly_relaxation,1.0,True,0.2986843411545474,0.2986843411545474,340,7,2011|2012|2013|2014|2015|2016|2017,17bdca03b9e941b9e6faf1f39693b5c692788296ce440ecf83b641c0fb2af8ca,observation_time_proxy,historical data_available_time is unknown; observation_time is a pseudo-operational proxy
2018-04-17T00:00:00+00:00,2018-04-16,windermere,south,water_temperature,2.0,degC,month_3,2018-06-16,2018-07-15,16.891882464706118,17.184047011747914,-1.643088464861111,lead_dependent_anomaly_relaxation,1.0,True,0.17781425242157836,0.17781425242157836,336,7,2011|2012|2013|2014|2015|2016|2017,ccf32aba3ebed52c2d4dcedc302b21afeda65d304e51e0f1e65b4c977ed96528,observation_time_proxy,historical data_available_time is unknown; observation_time is a pseudo-operational proxy
2018-04-24T00:00:00+00:00,2018-04-23,windermere,south,water_temperature,2.0,degC,month_1,2018-04-24,2018-05-23,9.90052937752403,10.775705057561728,-1.5337475406958472,lead_dependent_anomaly_relaxation,1.0,True,0.57061260527964,0.57061260527964,344,7,2011|2012|2013|2014|2015|2016|2017,7048d4492b80625e029a83da1b5be4b4a09e79a3783d8ec6bc5d37fe1faa5731,observation_time_proxy,historical data_available_time is unknown; observation_time is a pseudo-operational proxy
2018-04-24T00:00:00+00:00,2018-04-23,windermere,south,water_temperature,2.0,degC,month_2,2018-05-24,2018-06-22,14.948773640596253,15.406880014286399,-1.5337475406958472,lead_dependent_anomaly_relaxation,1.0,True,0.2986843411545474,0.2986843411545474,340,7,2011|2012|2013|2014|2015|2016|2017,17bdca03b9e941b9e6faf1f39693b5c692788296ce440ecf83b641c0fb2af8ca,observation_time_proxy,historical data_available_time is unknown; observation_time is a pseudo-operational proxy
2018-04-24T00:00:00+00:00,2018-04-23,windermere,south,water_temperature,2.0,degC,month_3,2018-06-23,2018-07-22,17.301621839395647,17.574344011747915,-1.5337475406958472,lead_dependent_anomaly_relaxation,1.0,True,0.17781425242157836,0.17781425242157836,336,7,2011|2012|2013|2014|2015|2016|2017,ccf32aba3ebed52c2d4dcedc302b21afeda65d304e51e0f1e65b4c977ed96528,observation_time_proxy,historical data_available_time is unknown; observation_time is a pseudo-operational proxy
2018-05-01T00:00:00+00:00,2018-04-30,windermere,south,water_temperature,2.0,degC,month_1,2018-05-01,2018-05-30,10.975458942334537,11.780229592083334,-1.4103625512345674,lead_dependent_anomaly_relaxation,1.0,True,0.57061260527964,0.57061260527964,344,7,2011|2012|2013|2014|2015|2016|2017,7048d4492b80625e029a83da1b5be4b4a09e79a3783d8ec6bc5d37fe1faa5731,observation_time_proxy,historical data_available_time is unknown; observation_time is a pseudo-operational proxy
2018-05-01T00:00:00+00:00,2018-04-30,windermere,south,water_temperature,2.0,degC,month_2,2018-05-31,2018-06-29,15.688561007980514,16.109814217385058,-1.4103625512345674,lead_dependent_anomaly_relaxation,1.0,True,0.2986843411545474,0.2986843411545474,340,7,2011|2012|2013|2014|2015|2016|2017,17bdca03b9e941b9e6faf1f39693b5c692788296ce440ecf83b641c0fb2af8ca,observation_time_proxy,historical data_available_time is unknown; observation_time is a pseudo-operational proxy
2018-05-01T00:00:00+00:00,2018-04-30,windermere,south,water_temperature,2.0,degC,month_3,2018-06-30,2018-07-29,17.753483913144052,18.004266475835216,-1.4103625512345674,lead_dependent_anomaly_relaxation,1.0,True,0.17781425242157836,0.17781425242157836,336,7,2011|2012|2013|2014|2015|2016|2017,ccf32aba3ebed52c2d4dcedc302b21afeda65d304e51e0f1e65b4c977ed96528,observation_time_proxy,historical data_available_time is unknown; observation_time is a pseudo-operational proxy
2018-05-08T00:00:00+00:00,2018-05-07,windermere,south,water_temperature,2.0,degC,month_1,2018-05-08,2018-06-06,12.285503693309916,12.957412390229885,-1.177521650771606,lead_dependent_anomaly_relaxation,1.0,True,0.57061260527964,0.57061260527964,344,7,2011|2012|2013|2014|2015|2016|2017,7048d4492b80625e029a83da1b5be4b4a09e79a3783d8ec6bc5d37fe1faa5731,observation_time_proxy,historical data_available_time is unknown; observation_time is a pseudo-operational proxy
2018-05-08T00:00:00+00:00,2018-05-07,windermere,south,water_temperature,2.0,degC,month_2,2018-06-07,2018-07-06,16.269358997812184,16.621066276268117,-1.177521650771606,lead_dependent_anomaly_relaxation,1.0,True,0.2986843411545474,0.2986843411545474,340,7,2011|2012|2013|2014|2015|2016|2017,17bdca03b9e941b9e6faf1f39693b5c692788296ce440ecf83b641c0fb2af8ca,observation_time_proxy,historical data_available_time is unknown; observation_time is a pseudo-operational proxy
2018-05-08T00:00:00+00:00,2018-05-07,windermere,south,water_temperature,2.0,degC,month_3,2018-07-07,2018-08-05,18.022507654727303,18.23188778676948,-1.177521650771606,lead_dependent_anomaly_relaxation,1.0,True,0.17781425242157836,0.17781425242157836,336,7,2011|2012|2013|2014|2015|2016|2017,ccf32aba3ebed52c2d4dcedc302b21afeda65d304e51e0f1e65b4c977ed96528,observation_time_proxy,historical data_available_time is unknown; observation_time is a pseudo-operational proxy
2018-05-15T00:00:00+00:00,2018-05-14,windermere,south,water_temperature,2.0,degC,month_1,2018-05-15,2018-06-13,13.711219904164107,14.123951887112069,-0.723313819444444,lead_dependent_anomaly_relaxation,1.0,True,0.57061260527964,0.57061260527964,344,7,2011|2012|2013|2014|2015|2016|2017,7048d4492b80625e029a83da1b5be4b4a09e79a3783d8ec6bc5d37fe1faa5731,observation_time_proxy,historical data_available_time is unknown; observation_time is a pseudo-operational proxy
2018-05-15T00:00:00+00:00,2018-05-14,windermere,south,water_temperature,2.0,degC,month_2,2018-06-14,2018-07-13,16.83095356263917,17.046996074247915,-0.723313819444444,lead_dependent_anomaly_relaxation,1.0,True,0.2986843411545474,0.2986843411545474,340,7,2011|2012|2013|2014|2015|2016|2017,17bdca03b9e941b9e6faf1f39693b5c692788296ce440ecf83b641c0fb2af8ca,observation_time_proxy,historical data_available_time is unknown; observation_time is a pseudo-operational proxy
2018-05-15T00:00:00+00:00,2018-05-14,windermere,south,water_temperature,2.0,degC,month_3,2018-07-14,2018-08-12,18.125068716647544,18.253684222718253,-0.723313819444444,lead_dependent_anomaly_relaxation,1.0,True,0.17781425242157836,0.17781425242157836,336,7,2011|2012|2013|2014|2015|2016|2017,ccf32aba3ebed52c2d4dcedc302b21afeda65d304e51e0f1e65b4c977ed96528,observation_time_proxy,historical data_available_time is unknown; observation_time is a pseudo-operational proxy
2018-05-22T00:00:00+00:00,2018-05-21,windermere,south,water_temperature,2.0,degC,month_1,2018-05-22,2018-06-20,15.216366341418649,15.152004043117817,0.11279508672839533,lead_dependent_anomaly_relaxation,1.0,True,0.57061260527964,0.57061260527964,344,7,2011|2012|2013|2014|2015|2016|2017,7048d4492b80625e029a83da1b5be4b4a09e79a3783d8ec6bc5d37fe1faa5731,observation_time_proxy,historical data_available_time is unknown; observation_time is a pseudo-operational proxy
2018-05-22T00:00:00+00:00,2018-05-21,windermere,south,water_temperature,2.0,degC,month_2,2018-06-21,2018-07-20,17.50448288096841,17.47079275480347,0.11279508672839533,lead_dependent_anomaly_relaxation,1.0,True,0.2986843411545474,0.2986843411545474,340,7,2011|2012|2013|2014|2015|2016|2017,17bdca03b9e941b9e6faf1f39693b5c692788296ce440ecf83b641c0fb2af8ca,observation_time_proxy,historical data_available_time is unknown; observation_time is a pseudo-operational proxy
2018-05-22T00:00:00+00:00,2018-05-21,windermere,south,water_temperature,2.0,degC,month_3,2018-07-21,2018-08-19,18.17029668017423,18.150240106150793,0.11279508672839533,lead_dependent_anomaly_relaxation,1.0,True,0.17781425242157836,0.17781425242157836,336,7,2011|2012|2013|2014|2015|2016|2017,ccf32aba3ebed52c2d4dcedc302b21afeda65d304e51e0f1e65b4c977ed96528,observation_time_proxy,historical data_available_time is unknown; observation_time is a pseudo-operational proxy
2018-05-29T00:00:00+00:00,2018-05-28,windermere,south,water_temperature,2.0,degC,month_1,2018-05-29,2018-06-27,16.46048421227005,15.918339521647509,0.9501099092559517,lead_dependent_anomaly_relaxation,1.0,True,0.57061260527964,0.57061260527964,344,7,2011|2012|2013|2014|2015|2016|2017,7048d4492b80625e029a83da1b5be4b4a09e79a3783d8ec6bc5d37fe1faa5731,observation_time_proxy,historical data_available_time is unknown; observation_time is a pseudo-operational proxy
2018-05-29T00:00:00+00:00,2018-05-28,windermere,south,water_temperature,2.0,degC,month_2,2018-06-28,2018-07-27,18.169941952524184,17.886159000253663,0.9501099092559517,lead_dependent_anomaly_relaxation,1.0,True,0.2986843411545474,0.2986843411545474,340,7,2011|2012|2013|2014|2015|2016|2017,17bdca03b9e941b9e6faf1f39693b5c692788296ce440ecf83b641c0fb2af8ca,observation_time_proxy,historical data_available_time is unknown; observation_time is a pseudo-operational proxy
2018-05-29T00:00:00+00:00,2018-05-28,windermere,south,water_temperature,2.0,degC,month_3,2018-07-28,2018-08-26,18.04362333068068,17.874680247448,0.9501099092559517,lead_dependent_anomaly_relaxation,1.0,True,0.17781425242157836,0.17781425242157836,336,7,2011|2012|2013|2014|2015|2016|2017,ccf32aba3ebed52c2d4dcedc302b21afeda65d304e51e0f1e65b4c977ed96528,observation_time_proxy,historical data_available_time is unknown; observation_time is a pseudo-operational proxy
2018-06-05T00:00:00+00:00,2018-06-04,windermere,south,water_temperature,2.0,degC,month_1,2018-06-05,2018-07-04,17.700764286492426,16.507332070833332,2.0914929053735634,lead_dependent_anomaly_relaxation,1.0,True,0.57061260527964,0.57061260527964,344,7,2011|2012|2013|2014|2015|2016|2017,7048d4492b80625e029a83da1b5be4b4a09e79a3783d8ec6bc5d37fe1faa5731,observation_time_proxy,historical data_available_time is unknown; observation_time is a pseudo-operational proxy
2018-06-05T00:00:00+00:00,2018-06-04,windermere,south,water_temperature,2.0,degC,month_2,2018-07-05,2018-08-03,18.808117672774383,18.18342149230347,2.0914929053735634,lead_dependent_anomaly_relaxation,1.0,True,0.2986843411545474,0.2986843411545474,340,7,2011|2012|2013|2014|2015|2016|2017,17bdca03b9e941b9e6faf1f39693b5c692788296ce440ecf83b641c0fb2af8ca,observation_time_proxy,historical data_available_time is unknown; observation_time is a pseudo-operational proxy
2018-06-05T00:00:00+00:00,2018-06-04,windermere,south,water_temperature,2.0,degC,month_3,2018-08-04,2018-09-02,17.932717127572765,17.56081988015873,2.0914929053735634,lead_dependent_anomaly_relaxation,1.0,True,0.17781425242157836,0.17781425242157836,336,7,2011|2012|2013|2014|2015|2016|2017,ccf32aba3ebed52c2d4dcedc302b21afeda65d304e51e0f1e65b4c977ed96528,observation_time_proxy,historical data_available_time is unknown; observation_time is a pseudo-operational proxy
2018-06-12T00:00:00+00:00,2018-06-11,windermere,south,water_temperature,2.0,degC,month_1,2018-06-12,2018-07-11,18.69407898531951,16.90885172210145,3.128615187782568,lead_dependent_anomaly_relaxation,1.0,True,0.57061260527964,0.57061260527964,344,7,2011|2012|2013|2014|2015|2016|2017,7048d4492b80625e029a83da1b5be4b4a09e79a3783d8ec6bc5d37fe1faa5731,observation_time_proxy,historical data_available_time is unknown; observation_time is a pseudo-operational proxy
2018-06-12T00:00:00+00:00,2018-06-11,windermere,south,water_temperature,2.0,degC,month_2,2018-07-12,2018-08-10,19.21329673698541,18.278828370896463,3.128615187782568,lead_dependent_anomaly_relaxation,1.0,True,0.2986843411545474,0.2986843411545474,340,7,2011|2012|2013|2014|2015|2016|2017,17bdca03b9e941b9e6faf1f39693b5c692788296ce440ecf83b641c0fb2af8ca,observation_time_proxy,historical data_available_time is unknown; observation_time is a pseudo-operational proxy
2018-06-12T00:00:00+00:00,2018-06-11,windermere,south,water_temperature,2.0,degC,month_3,2018-08-11,2018-09-09,17.816923216563687,17.260610845833334,3.128615187782568,lead_dependent_anomaly_relaxation,1.0,True,0.17781425242157836,0.17781425242157836,336,7,2011|2012|2013|2014|2015|2016|2017,ccf32aba3ebed52c2d4dcedc302b21afeda65d304e51e0f1e65b4c977ed96528,observation_time_proxy,historical data_available_time is unknown; observation_time is a pseudo-operational proxy
2018-06-19T00:00:00+00:00,2018-06-18,windermere,south,water_temperature,2.0,degC,month_1,2018-06-19,2018-07-18,19.21338823983171,17.357605636747913,3.2522635951484666,lead_dependent_anomaly_relaxation,1.0,True,0.57061260527964,0.57061260527964,344,7,2011|2012|2013|2014|2015|2016|2017,7048d4492b80625e029a83da1b5be4b4a09e79a3783d8ec6bc5d37fe1faa5731,observation_time_proxy,historical data_available_time is unknown; observation_time is a pseudo-operational proxy
2018-06-19T00:00:00+00:00,2018-06-18,windermere,south,water_temperature,2.0,degC,month_2,2018-07-19,2018-08-17,19.16826659370165,18.19686638452381,3.2522635951484666,lead_dependent_anomaly_relaxation,1.0,True,0.2986843411545474,0.2986843411545474,340,7,2011|2012|2013|2014|2015|2016|2017,17bdca03b9e941b9e6faf1f39693b5c692788296ce440ecf83b641c0fb2af8ca,observation_time_proxy,historical data_available_time is unknown; observation_time is a pseudo-operational proxy
2018-06-19T00:00:00+00:00,2018-06-18,windermere,south,water_temperature,2.0,degC,month_3,2018-08-18,2018-09-16,17.477645382349237,16.8993465625,3.2522635951484666,lead_dependent_anomaly_relaxation,1.0,True,0.17781425242157836,0.17781425242157836,336,7,2011|2012|2013|2014|2015|2016|2017,ccf32aba3ebed52c2d4dcedc302b21afeda65d304e51e0f1e65b4c977ed96528,observation_time_proxy,historical data_available_time is unknown; observation_time is a pseudo-operational proxy
2018-06-26T00:00:00+00:00,2018-06-25,windermere,south,water_temperature,2.0,degC,month_1,2018-06-26,2018-07-25,19.38331929663084,17.75909211591458,2.846462145574712,lead_dependent_anomaly_relaxation,1.0,True,0.57061260527964,0.57061260527964,344,7,2011|2012|2013|2014|2015|2016|2017,7048d4492b80625e029a83da1b5be4b4a09e79a3783d8ec6bc5d37fe1faa5731,observation_time_proxy,historical data_available_time is unknown; observation_time is a pseudo-operational proxy
2018-06-26T00:00:00+00:00,2018-06-25,windermere,south,water_temperature,2.0,degC,month_2,2018-07-26,2018-08-24,18.817863529401706,17.967669858829364,2.846462145574712,lead_dependent_anomaly_relaxation,1.0,True,0.2986843411545474,0.2986843411545474,340,7,2011|2012|2013|2014|2015|2016|2017,17bdca03b9e941b9e6faf1f39693b5c692788296ce440ecf83b641c0fb2af8ca,observation_time_proxy,historical data_available_time is unknown; observation_time is a pseudo-operational proxy
2018-06-26T00:00:00+00:00,2018-06-25,windermere,south,water_temperature,2.0,degC,month_3,2018-08-25,2018-09-23,16.9743002870728,16.46815874861111,2.846462145574712,lead_dependent_anomaly_relaxation,1.0,True,0.17781425242157836,0.17781425242157836,336,7,2011|2012|2013|2014|2015|2016|2017,ccf32aba3ebed52c2d4dcedc302b21afeda65d304e51e0f1e65b4c977ed96528,observation_time_proxy,historical data_available_time is unknown; observation_time is a pseudo-operational proxy
2018-07-03T00:00:00+00:00,2018-07-02,windermere,south,water_temperature,2.0,degC,month_1,2018-07-03,2018-08-01,19.890948364929123,18.12207220262093,3.0999598430555544,lead_dependent_anomaly_relaxation,1.0,True,0.57061260527964,0.57061260527964,344,7,2011|2012|2013|2014|2015|2016|2017,7048d4492b80625e029a83da1b5be4b4a09e79a3783d8ec6bc5d37fe1faa5731,observation_time_proxy,historical data_available_time is unknown; observation_time is a pseudo-operational proxy
2018-07-03T00:00:00+00:00,2018-07-02,windermere,south,water_temperature,2.0,degC,month_2,2018-08-02,2018-08-31,18.57175213376511,17.645842670436508,3.0999598430555544,lead_dependent_anomaly_relaxation,1.0,True,0.2986843411545474,0.2986843411545474,340,7,2011|2012|2013|2014|2015|2016|2017,17bdca03b9e941b9e6faf1f39693b5c692788296ce440ecf83b641c0fb2af8ca,observation_time_proxy,historical data_available_time is unknown; observation_time is a pseudo-operational proxy
2018-07-03T00:00:00+00:00,2018-07-02,windermere,south,water_temperature,2.0,degC,month_3,2018-09-01,2018-09-30,16.504857619807616,15.953640577777778,3.0999598430555544,lead_dependent_anomaly_relaxation,1.0,True,0.17781425242157836,0.17781425242157836,336,7,2011|2012|2013|2014|2015|2016|2017,ccf32aba3ebed52c2d4dcedc302b21afeda65d304e51e0f1e65b4c977ed96528,observation_time_proxy,historical data_available_time is unknown; observation_time is a pseudo-operational proxy
2018-07-10T00:00:00+00:00,2018-07-09,windermere,south,water_temperature,2.0,degC,month_1,2018-07-10,2018-08-08,20.222910569869036,18.28131537288059,3.402650377898553,lead_dependent_anomaly_relaxation,1.0,True,0.57061260527964,0.57061260527964,344,7,2011|2012|2013|2014|2015|2016|2017,7048d4492b80625e029a83da1b5be4b4a09e79a3783d8ec6bc5d37fe1faa5731,observation_time_proxy,historical data_available_time is unknown; observation_time is a pseudo-operational proxy
2018-07-10T00:00:00+00:00,2018-07-09,windermere,south,water_temperature,2.0,degC,month_2,2018-08-09,2018-09-07,18.36838543352412,17.35206704722222,3.402650377898553,lead_dependent_anomaly_relaxation,1.0,True,0.2986843411545474,0.2986843411545474,340,7,2011|2012|2013|2014|2015|2016|2017,17bdca03b9e941b9e6faf1f39693b5c692788296ce440ecf83b641c0fb2af8ca,observation_time_proxy,historical data_available_time is unknown; observation_time is a pseudo-operational proxy
2018-07-10T00:00:00+00:00,2018-07-09,windermere,south,water_temperature,2.0,degC,month_3,2018-09-08,2018-10-07,15.978602901253588,15.373563168055556,3.402650377898553,lead_dependent_anomaly_relaxation,1.0,True,0.17781425242157836,0.17781425242157836,336,7,2011|2012|2013|2014|2015|2016|2017,ccf32aba3ebed52c2d4dcedc302b21afeda65d304e51e0f1e65b4c977ed96528,observation_time_proxy,historical data_available_time is unknown; observation_time is a pseudo-operational proxy
2018-07-17T00:00:00+00:00,2018-07-16,windermere,south,water_temperature,2.0,degC,month_1,2018-07-17,2018-08-15,20.259975181915127,18.22103479126984,3.573248070196531,lead_dependent_anomaly_relaxation,1.0,True,0.57061260527964,0.57061260527964,344,7,2011|2012|2013|2014|2015|2016|2017,7048d4492b80625e029a83da1b5be4b4a09e79a3783d8ec6bc5d37fe1faa5731,observation_time_proxy,historical data_available_time is unknown; observation_time is a pseudo-operational proxy
2018-07-17T00:00:00+00:00,2018-07-16,windermere,south,water_temperature,2.0,degC,month_2,2018-08-16,2018-09-14,18.079043290072853,17.011770044444443,3.573248070196531,lead_dependent_anomaly_relaxation,1.0,True,0.2986843411545474,0.2986843411545474,340,7,2011|2012|2013|2014|2015|2016|2017,17bdca03b9e941b9e6faf1f39693b5c692788296ce440ecf83b641c0fb2af8ca,observation_time_proxy,historical data_available_time is unknown; observation_time is a pseudo-operational proxy
2018-07-17T00:00:00+00:00,2018-07-16,windermere,south,water_temperature,2.0,degC,month_3,2018-09-15,2018-10-14,15.363950646818843,14.7285762125,3.573248070196531,lead_dependent_anomaly_relaxation,1.0,True,0.17781425242157836,0.17781425242157836,336,7,2011|2012|2013|2014|2015|2016|2017,ccf32aba3ebed52c2d4dcedc302b21afeda65d304e51e0f1e65b4c977ed96528,observation_time_proxy,historical data_available_time is unknown; observation_time is a pseudo-operational proxy
2018-07-24T00:00:00+00:00,2018-07-23,windermere,south,water_temperature,2.0,degC,month_1,2018-07-24,2018-08-22,20.378922429234674,18.046525549305557,4.087531292418753,lead_dependent_anomaly_relaxation,1.0,True,0.57061260527964,0.57061260527964,344,7,2011|2012|2013|2014|2015|2016|2017,7048d4492b80625e029a83da1b5be4b4a09e79a3783d8ec6bc5d37fe1faa5731,observation_time_proxy,historical data_available_time is unknown; observation_time is a pseudo-operational proxy
2018-07-24T00:00:00+00:00,2018-07-23,windermere,south,water_temperature,2.0,degC,month_2,2018-08-23,2018-09-21,17.82584078685802,16.60495919583333,4.087531292418753,lead_dependent_anomaly_relaxation,1.0,True,0.2986843411545474,0.2986843411545474,340,7,2011|2012|2013|2014|2015|2016|2017,17bdca03b9e941b9e6faf1f39693b5c692788296ce440ecf83b641c0fb2af8ca,observation_time_proxy,historical data_available_time is unknown; observation_time is a pseudo-operational proxy
2018-07-24T00:00:00+00:00,2018-07-23,windermere,south,water_temperature,2.0,degC,month_3,2018-09-22,2018-10-21,14.786950365455693,14.060129044444444,4.087531292418753,lead_dependent_anomaly_relaxation,1.0,True,0.17781425242157836,0.17781425242157836,336,7,2011|2012|2013|2014|2015|2016|2017,ccf32aba3ebed52c2d4dcedc302b21afeda65d304e51e0f1e65b4c977ed96528,observation_time_proxy,historical data_available_time is unknown; observation_time is a pseudo-operational proxy
2018-07-31T00:00:00+00:00,2018-07-30,windermere,south,water_temperature,2.0,degC,month_1,2018-07-31,2018-08-29,19.85293294336904,17.73042269126984,3.719704458787799,lead_dependent_anomaly_relaxation,1.0,True,0.57061260527964,0.57061260527964,344,7,2011|2012|2013|2014|2015|2016|2017,7048d4492b80625e029a83da1b5be4b4a09e79a3783d8ec6bc5d37fe1faa5731,observation_time_proxy,historical data_available_time is unknown; observation_time is a pseudo-operational proxy
2018-07-31T00:00:00+00:00,2018-07-30,windermere,south,water_temperature,2.0,degC,month_2,2018-08-30,2018-09-28,17.209587700562665,16.098570225,3.719704458787799,lead_dependent_anomaly_relaxation,1.0,True,0.2986843411545474,0.2986843411545474,340,7,2011|2012|2013|2014|2015|2016|2017,17bdca03b9e941b9e6faf1f39693b5c692788296ce440ecf83b641c0fb2af8ca,observation_time_proxy,historical data_available_time is unknown; observation_time is a pseudo-operational proxy
2018-07-31T00:00:00+00:00,2018-07-30,windermere,south,water_temperature,2.0,degC,month_3,2018-09-29,2018-10-28,14.012136591179676,13.350720123611111,3.719704458787799,lead_dependent_anomaly_relaxation,1.0,True,0.17781425242157836,0.17781425242157836,336,7,2011|2012|2013|2014|2015|2016|2017,ccf32aba3ebed52c2d4dcedc302b21afeda65d304e51e0f1e65b4c977ed96528,observation_time_proxy,historical data_available_time is unknown; observation_time is a pseudo-operational proxy
2018-08-07T00:00:00+00:00,2018-08-06,windermere,south,water_temperature,2.0,degC,month_1,2018-08-07,2018-09-05,19.002928861533228,17.44438269404762,2.7313560076749646,lead_dependent_anomaly_relaxation,1.0,True,0.57061260527964,0.57061260527964,344,7,2011|2012|2013|2014|2015|2016|2017,7048d4492b80625e029a83da1b5be4b4a09e79a3783d8ec6bc5d37fe1faa5731,observation_time_proxy,historical data_available_time is unknown; observation_time is a pseudo-operational proxy
2018-08-07T00:00:00+00:00,2018-08-06,windermere,south,water_temperature,2.0,degC,month_2,2018-09-06,2018-10-05,16.363098866833134,15.547285597222222,2.7313560076749646,lead_dependent_anomaly_relaxation,1.0,True,0.2986843411545474,0.2986843411545474,340,7,2011|2012|2013|2014|2015|2016|2017,17bdca03b9e941b9e6faf1f39693b5c692788296ce440ecf83b641c0fb2af8ca,observation_time_proxy,historical data_available_time is unknown; observation_time is a pseudo-operational proxy
2018-08-07T00:00:00+00:00,2018-08-06,windermere,south,water_temperature,2.0,degC,month_3,2018-10-06,2018-11-04,13.110312291789109,12.624638265187198,2.7313560076749646,lead_dependent_anomaly_relaxation,1.0,True,0.17781425242157836,0.17781425242157836,336,7,2011|2012|2013|2014|2015|2016|2017,ccf32aba3ebed52c2d4dcedc302b21afeda65d304e51e0f1e65b4c977ed96528,observation_time_proxy,historical data_available_time is unknown; observation_time is a pseudo-operational proxy
2018-08-14T00:00:00+00:00,2018-08-13,windermere,south,water_temperature,2.0,degC,month_1,2018-08-14,2018-09-12,18.213445236635412,17.117365030555554,1.9208832681547605,lead_dependent_anomaly_relaxation,1.0,True,0.57061260527964,0.57061260527964,344,7,2011|2012|2013|2014|2015|2016|2017,7048d4492b80625e029a83da1b5be4b4a09e79a3783d8ec6bc5d37fe1faa5731,observation_time_proxy,historical data_available_time is unknown; observation_time is a pseudo-operational proxy
2018-08-14T00:00:00+00:00,2018-08-13,windermere,south,water_temperature,2.0,degC,month_2,2018-09-13,2018-10-12,15.491256754772488,14.91751900138889,1.9208832681547605,lead_dependent_anomaly_relaxation,1.0,True,0.2986843411545474,0.2986843411545474,340,7,2011|2012|2013|2014|2015|2016|2017,17bdca03b9e941b9e6faf1f39693b5c692788296ce440ecf83b641c0fb2af8ca,observation_time_proxy,historical data_available_time is unknown; observation_time is a pseudo-operational proxy
2018-08-14T00:00:00+00:00,2018-08-13,windermere,south,water_temperature,2.0,degC,month_3,2018-10-13,2018-11-11,12.2372758731977,11.895715450881642,1.9208832681547605,lead_dependent_anomaly_relaxation,1.0,True,0.17781425242157836,0.17781425242157836,336,7,2011|2012|2013|2014|2015|2016|2017,ccf32aba3ebed52c2d4dcedc302b21afeda65d304e51e0f1e65b4c977ed96528,observation_time_proxy,historical data_available_time is unknown; observation_time is a pseudo-operational proxy
2018-08-21T00:00:00+00:00,2018-08-20,windermere,south,water_temperature,2.0,degC,month_1,2018-08-21,2018-09-19,17.50006593840762,16.7225196,1.3626518783730148,lead_dependent_anomaly_relaxation,1.0,True,0.57061260527964,0.57061260527964,344,7,2011|2012|2013|2014|2015|2016|2017,7048d4492b80625e029a83da1b5be4b4a09e79a3783d8ec6bc5d37fe1faa5731,observation_time_proxy,historical data_available_time is unknown; observation_time is a pseudo-operational proxy
2018-08-21T00:00:00+00:00,2018-08-20,windermere,south,water_temperature,2.0,degC,month_2,2018-09-20,2018-10-19,14.662150431292629,14.255147652777778,1.3626518783730148,lead_dependent_anomaly_relaxation,1.0,True,0.2986843411545474,0.2986843411545474,340,7,2011|2012|2013|2014|2015|2016|2017,17bdca03b9e941b9e6faf1f39693b5c692788296ce440ecf83b641c0fb2af8ca,observation_time_proxy,historical data_available_time is unknown; observation_time is a pseudo-operational proxy
2018-08-21T00:00:00+00:00,2018-08-20,windermere,south,water_temperature,2.0,degC,month_3,2018-10-20,2018-11-18,11.417941707612066,11.175642782548309,1.3626518783730148,lead_dependent_anomaly_relaxation,1.0,True,0.17781425242157836,0.17781425242157836,336,7,2011|2012|2013|2014|2015|2016|2017,ccf32aba3ebed52c2d4dcedc302b21afeda65d304e51e0f1e65b4c977ed96528,observation_time_proxy,historical data_available_time is unknown; observation_time is a pseudo-operational proxy
2018-08-28T00:00:00+00:00,2018-08-27,windermere,south,water_temperature,2.0,degC,month_1,2018-08-28,2018-09-26,16.76980026645964,16.24337950416667,0.9225536860248447,lead_dependent_anomaly_relaxation,1.0,True,0.57061260527964,0.57061260527964,344,7,2011|2012|2013|2014|2015|2016|2017,7048d4492b80625e029a83da1b5be4b4a09e79a3783d8ec6bc5d37fe1faa5731,observation_time_proxy,historical data_available_time is unknown; observation_time is a pseudo-operational proxy
2018-08-28T00:00:00+00:00,2018-08-27,windermere,south,water_temperature,2.0,degC,month_2,2018-09-27,2018-10-26,13.833238919056697,13.557686579166667,0.9225536860248447,lead_dependent_anomaly_relaxation,1.0,True,0.2986843411545474,0.2986843411545474,340,7,2011|2012|2013|2014|2015|2016|2017,17bdca03b9e941b9e6faf1f39693b5c692788296ce440ecf83b641c0fb2af8ca,observation_time_proxy,historical data_available_time is unknown; observation_time is a pseudo-operational proxy
2018-08-28T00:00:00+00:00,2018-08-27,windermere,south,water_temperature,2.0,degC,month_3,2018-10-27,2018-11-25,10.659148885714256,10.495105691714976,0.9225536860248447,lead_dependent_anomaly_relaxation,1.0,True,0.17781425242157836,0.17781425242157836,336,7,2011|2012|2013|2014|2015|2016|2017,ccf32aba3ebed52c2d4dcedc302b21afeda65d304e51e0f1e65b4c977ed96528,observation_time_proxy,historical data_available_time is unknown; observation_time is a pseudo-operational proxy
2018-09-04T00:00:00+00:00,2018-09-03,windermere,south,water_temperature,2.0,degC,month_1,2018-09-04,2018-10-03,16.15497744699305,15.725159343055555,0.7532572886763589,lead_dependent_anomaly_relaxation,1.0,True,0.57061260527964,0.57061260527964,344,7,2011|2012|2013|2014|2015|2016|2017,7048d4492b80625e029a83da1b5be4b4a09e79a3783d8ec6bc5d37fe1faa5731,observation_time_proxy,historical data_available_time is unknown; observation_time is a pseudo-operational proxy
2018-09-04T00:00:00+00:00,2018-09-03,windermere,south,water_temperature,2.0,degC,month_2,2018-10-04,2018-11-02,13.051838728425357,12.826852571437199,0.7532572886763589,lead_dependent_anomaly_relaxation,1.0,True,0.2986843411545474,0.2986843411545474,340,7,2011|2012|2013|2014|2015|2016|2017,17bdca03b9e941b9e6faf1f39693b5c692788296ce440ecf83b641c0fb2af8ca,observation_time_proxy,historical data_available_time is unknown; observation_time is a pseudo-operational proxy
2018-09-04T00:00:00+00:00,2018-09-03,windermere,south,water_temperature,2.0,degC,month_3,2018-11-03,2018-12-02,9.92814633680598,9.79420645513889,0.7532572886763589,lead_dependent_anomaly_relaxation,1.0,True,0.17781425242157836,0.17781425242157836,336,7,2011|2012|2013|2014|2015|2016|2017,ccf32aba3ebed52c2d4dcedc302b21afeda65d304e51e0f1e65b4c977ed96528,observation_time_proxy,historical data_available_time is unknown; observation_time is a pseudo-operational proxy
2018-09-11T00:00:00+00:00,2018-09-10,windermere,south,water_temperature,2.0,degC,month_1,2018-09-11,2018-10-10,15.41777253224761,15.104099111111111,0.5497134452239756,lead_dependent_anomaly_relaxation,1.0,True,0.57061260527964,0.57061260527964,344,7,2011|2012|2013|2014|2015|2016|2017,7048d4492b80625e029a83da1b5be4b4a09e79a3783d8ec6bc5d37fe1faa5731,observation_time_proxy,historical data_available_time is unknown; observation_time is a pseudo-operational proxy
2018-09-11T00:00:00+00:00,2018-09-10,windermere,south,water_temperature,2.0,degC,month_2,2018-10-11,2018-11-09,12.270026163397718,12.105835365187199,0.5497134452239756,lead_dependent_anomaly_relaxation,1.0,True,0.2986843411545474,0.2986843411545474,340,7,2011|2012|2013|2014|2015|2016|2017,17bdca03b9e941b9e6faf1f39693b5c692788296ce440ecf83b641c0fb2af8ca,observation_time_proxy,historical data_available_time is unknown; observation_time is a pseudo-operational proxy
2018-09-11T00:00:00+00:00,2018-09-10,windermere,south,water_temperature,2.0,degC,month_3,2018-11-10,2018-12-09,9.182544220821876,9.084797335513285,0.5497134452239756,lead_dependent_anomaly_relaxation,1.0,True,0.17781425242157836,0.17781425242157836,336,7,2011|2012|2013|2014|2015|2016|2017,ccf32aba3ebed52c2d4dcedc302b21afeda65d304e51e0f1e65b4c977ed96528,observation_time_proxy,historical data_available_time is unknown; observation_time is a pseudo-operational proxy
2018-09-18T00:00:00+00:00,2018-09-17,windermere,south,water_temperature,2.0,degC,month_1,2018-09-18,2018-10-17,14.59772379776631,14.446916180555556,0.26429072161286626,lead_dependent_anomaly_relaxation,1.0,True,0.57061260527964,0.57061260527964,344,7,2011|2012|2013|2014|2015|2016|2017,7048d4492b80625e029a83da1b5be4b4a09e79a3783d8ec6bc5d37fe1faa5731,observation_time_proxy,historical data_available_time is unknown; observation_time is a pseudo-operational proxy
2018-09-18T00:00:00+00:00,2018-09-17,windermere,south,water_temperature,2.0,degC,month_2,2018-10-18,2018-11-16,11.455738394550954,11.376798894492754,0.26429072161286626,lead_dependent_anomaly_relaxation,1.0,True,0.2986843411545474,0.2986843411545474,340,7,2011|2012|2013|2014|2015|2016|2017,17bdca03b9e941b9e6faf1f39693b5c692788296ce440ecf83b641c0fb2af8ca,observation_time_proxy,historical data_available_time is unknown; observation_time is a pseudo-operational proxy
2018-09-18T00:00:00+00:00,2018-09-17,windermere,south,water_temperature,2.0,degC,month_3,2018-11-17,2018-12-16,8.449873640098836,8.402878983013284,0.26429072161286626,lead_dependent_anomaly_relaxation,1.0,True,0.17781425242157836,0.17781425242157836,336,7,2011|2012|2013|2014|2015|2016|2017,ccf32aba3ebed52c2d4dcedc302b21afeda65d304e51e0f1e65b4c977ed96528,observation_time_proxy,historical data_available_time is unknown; observation_time is a pseudo-operational proxy
2018-09-25T00:00:00+00:00,2018-09-24,windermere,south,water_temperature,2.0,degC,month_1,2018-09-25,2018-10-24,13.737695792117881,13.758269909722223,-0.036056191913704794,lead_dependent_anomaly_relaxation,1.0,True,0.57061260527964,0.57061260527964,344,7,2011|2012|2013|2014|2015|2016|2017,7048d4492b80625e029a83da1b5be4b4a09e79a3783d8ec6bc5d37fe1faa5731,observation_time_proxy,historical data_available_time is unknown; observation_time is a pseudo-operational proxy
2018-09-25T00:00:00+00:00,2018-09-24,windermere,south,water_temperature,2.0,degC,month_2,2018-10-25,2018-11-23,10.677067589705356,10.687837009631643,-0.036056191913704794,lead_dependent_anomaly_relaxation,1.0,True,0.2986843411545474,0.2986843411545474,340,7,2011|2012|2013|2014|2015|2016|2017,17bdca03b9e941b9e6faf1f39693b5c692788296ce440ecf83b641c0fb2af8ca,observation_time_proxy,historical data_available_time is unknown; observation_time is a pseudo-operational proxy
2018-09-25T00:00:00+00:00,2018-09-24,windermere,south,water_temperature,2.0,degC,month_3,2018-11-24,2018-12-23,7.751973313480759,7.758384618291063,-0.036056191913704794,lead_dependent_anomaly_relaxation,1.0,True,0.17781425242157836,0.17781425242157836,336,7,2011|2012|2013|2014|2015|2016|2017,ccf32aba3ebed52c2d4dcedc302b21afeda65d304e51e0f1e65b4c977ed96528,observation_time_proxy,historical data_available_time is unknown; observation_time is a pseudo-operational proxy
2018-10-02T00:00:00+00:00,2018-10-01,windermere,south,water_temperature,2.0,degC,month_1,2018-10-02,2018-10-31,12.84359727341098,13.033201039492754,-0.3322810683245496,lead_dependent_anomaly_relaxation,1.0,True,0.57061260527964,0.57061260527964,344,7,2011|2012|2013|2014|2015|2016|2017,7048d4492b80625e029a83da1b5be4b4a09e79a3783d8ec6bc5d37fe1faa5731,observation_time_proxy,historical data_available_time is unknown; observation_time is a pseudo-operational proxy
2018-10-02T00:00:00+00:00,2018-10-01,windermere,south,water_temperature,2.0,degC,month_2,2018-11-01,2018-11-30,9.901235794418241,10.000482946388889,-0.3322810683245496,lead_dependent_anomaly_relaxation,1.0,True,0.2986843411545474,0.2986843411545474,340,7,2011|2012|2013|2014|2015|2016|2017,17bdca03b9e941b9e6faf1f39693b5c692788296ce440ecf83b641c0fb2af8ca,observation_time_proxy,historical data_available_time is unknown; observation_time is a pseudo-operational proxy
2018-10-02T00:00:00+00:00,2018-10-01,windermere,south,water_temperature,2.0,degC,month_3,2018-12-01,2018-12-30,7.140925939088645,7.200010248846619,-0.3322810683245496,lead_dependent_anomaly_relaxation,1.0,True,0.17781425242157836,0.17781425242157836,336,7,2011|2012|2013|2014|2015|2016|2017,ccf32aba3ebed52c2d4dcedc302b21afeda65d304e51e0f1e65b4c977ed96528,observation_time_proxy,historical data_available_time is unknown; observation_time is a pseudo-operational proxy
2018-10-09T00:00:00+00:00,2018-10-08,windermere,south,water_temperature,2.0,degC,month_1,2018-10-09,2018-11-07,11.916434630380062,12.316127106576086,-0.7004620516578814,lead_dependent_anomaly_relaxation,1.0,True,0.57061260527964,0.57061260527964,344,7,2011|2012|2013|2014|2015|2016|2017,7048d4492b80625e029a83da1b5be4b4a09e79a3783d8ec6bc5d37fe1faa5731,observation_time_proxy,historical data_available_time is unknown; observation_time is a pseudo-operational proxy
2018-10-09T00:00:00+00:00,2018-10-08,windermere,south,water_temperature,2.0,degC,month_2,2018-11-08,2018-12-07,9.073793247026755,9.283010293429951,-0.7004620516578814,lead_dependent_anomaly_relaxation,1.0,True,0.2986843411545474,0.2986843411545474,340,7,2011|2012|2013|2014|2015|2016|2017,17bdca03b9e941b9e6faf1f39693b5c692788296ce440ecf83b641c0fb2af8ca,observation_time_proxy,historical data_available_time is unknown; observation_time is a pseudo-operational proxy
2018-10-09T00:00:00+00:00,2018-10-08,windermere,south,water_temperature,2.0,degC,month_3,2018-12-08,2019-01-06,6.612147773455702,6.736699909520934,-0.7004620516578814,lead_dependent_anomaly_relaxation,1.0,True,0.17781425242157836,0.17781425242157836,336,7,2011|2012|2013|2014|2015|2016|2017,ccf32aba3ebed52c2d4dcedc302b21afeda65d304e51e0f1e65b4c977ed96528,observation_time_proxy,historical data_available_time is unknown; observation_time is a pseudo-operational proxy
2018-10-16T00:00:00+00:00,2018-10-15,windermere,south,water_temperature,2.0,degC,month_1,2018-10-16,2018-11-14,11.095468040024574,11.581122291576087,-0.8511102752689936,lead_dependent_anomaly_relaxation,1.0,True,0.57061260527964,0.57061260527964,344,7,2011|2012|2013|2014|2015|2016|2017,7048d4492b80625e029a83da1b5be4b4a09e79a3783d8ec6bc5d37fe1faa5731,observation_time_proxy,historical data_available_time is unknown; observation_time is a pseudo-operational proxy
2018-10-16T00:00:00+00:00,2018-10-15,windermere,south,water_temperature,2.0,degC,month_2,2018-11-15,2018-12-14,8.343932059389145,8.59814537120773,-0.8511102752689936,lead_dependent_anomaly_relaxation,1.0,True,0.2986843411545474,0.2986843411545474,340,7,2011|2012|2013|2014|2015|2016|2017,17bdca03b9e941b9e6faf1f39693b5c692788296ce440ecf83b641c0fb2af8ca,observation_time_proxy,historical data_available_time is unknown; observation_time is a pseudo-operational proxy
2018-10-16T00:00:00+00:00,2018-10-15,windermere,south,water_temperature,2.0,degC,month_3,2018-12-15,2019-01-13,6.20975035599195,6.36108989331723,-0.8511102752689936,lead_dependent_anomaly_relaxation,1.0,True,0.17781425242157836,0.17781425242157836,336,7,2011|2012|2013|2014|2015|2016|2017,ccf32aba3ebed52c2d4dcedc302b21afeda65d304e51e0f1e65b4c977ed96528,observation_time_proxy,historical data_available_time is unknown; observation_time is a pseudo-operational proxy
2018-10-23T00:00:00+00:00,2018-10-22,windermere,south,water_temperature,2.0,degC,month_1,2018-10-23,2018-11-21,10.40020960813486,10.87983001754831,-0.8405359520202023,lead_dependent_anomaly_relaxation,1.0,True,0.57061260527964,0.57061260527964,344,7,2011|2012|2013|2014|2015|2016|2017,7048d4492b80625e029a83da1b5be4b4a09e79a3783d8ec6bc5d37fe1faa5731,observation_time_proxy,historical data_available_time is unknown; observation_time is a pseudo-operational proxy
2018-10-23T00:00:00+00:00,2018-10-22,windermere,south,water_temperature,2.0,degC,month_2,2018-11-22,2018-12-21,7.686257375134088,7.937312302179952,-0.8405359520202023,lead_dependent_anomaly_relaxation,1.0,True,0.2986843411545474,0.2986843411545474,340,7,2011|2012|2013|2014|2015|2016|2017,17bdca03b9e941b9e6faf1f39693b5c692788296ce440ecf83b641c0fb2af8ca,observation_time_proxy,historical data_available_time is unknown; observation_time is a pseudo-operational proxy
2018-10-23T00:00:00+00:00,2018-10-22,windermere,south,water_temperature,2.0,degC,month_3,2018-12-22,2019-01-20,5.885852992638525,6.035312264580457,-0.8405359520202023,lead_dependent_anomaly_relaxation,1.0,True,0.17781425242157836,0.17781425242157836,336,7,2011|2012|2013|2014|2015|2016|2017,ccf32aba3ebed52c2d4dcedc302b21afeda65d304e51e0f1e65b4c977ed96528,observation_time_proxy,historical data_available_time is unknown; observation_time is a pseudo-operational proxy
2018-10-30T00:00:00+00:00,2018-10-29,windermere,south,water_temperature,2.0,degC,month_1,2018-10-30,2018-11-28,9.803682414966817,10.20059658615942,-0.6955930652777784,lead_dependent_anomaly_relaxation,1.0,True,0.57061260527964,0.57061260527964,344,7,2011|2012|2013|2014|2015|2016|2017,7048d4492b80625e029a83da1b5be4b4a09e79a3783d8ec6bc5d37fe1faa5731,observation_time_proxy,historical data_available_time is unknown; observation_time is a pseudo-operational proxy
2018-10-30T00:00:00+00:00,2018-10-29,windermere,south,water_temperature,2.0,degC,month_2,2018-11-29,2018-12-28,7.141930480349119,7.349693236763285,-0.6955930652777784,lead_dependent_anomaly_relaxation,1.0,True,0.2986843411545474,0.2986843411545474,340,7,2011|2012|2013|2014|2015|2016|2017,17bdca03b9e941b9e6faf1f39693b5c692788296ce440ecf83b641c0fb2af8ca,observation_time_proxy,historical data_available_time is unknown; observation_time is a pseudo-operational proxy
2018-10-30T00:00:00+00:00,2018-10-29,windermere,south,water_temperature,2.0,degC,month_3,2018-12-29,2019-01-27,5.595847655948155,5.719534016840158,-0.6955930652777784,lead_dependent_anomaly_relaxation,1.0,True,0.17781425242157836,0.17781425242157836,336,7,2011|2012|2013|2014|2015|2016|2017,ccf32aba3ebed52c2d4dcedc302b21afeda65d304e51e0f1e65b4c977ed96528,observation_time_proxy,historical data_available_time is unknown; observation_time is a pseudo-operational proxy
2018-11-06T00:00:00+00:00,2018-11-05,windermere,south,water_temperature,2.0,degC,month_1,2018-11-06,2018-12-05,9.119202688090382,9.48432085870773,-0.6398704957427537,lead_dependent_anomaly_relaxation,1.0,True,0.57061260527964,0.57061260527964,344,7,2011|2012|2013|2014|2015|2016|2017,7048d4492b80625e029a83da1b5be4b4a09e79a3783d8ec6bc5d37fe1faa5731,observation_time_proxy,historical data_available_time is unknown; observation_time is a pseudo-operational proxy
2018-11-06T00:00:00+00:00,2018-11-05,windermere,south,water_temperature,2.0,degC,month_2,2018-12-06,2019-01-04,6.667629211921455,6.858748509366613,-0.6398704957427537,lead_dependent_anomaly_relaxation,1.0,True,0.2986843411545474,0.2986843411545474,340,7,2011|2012|2013|2014|2015|2016|2017,17bdca03b9e941b9e6faf1f39693b5c692788296ce440ecf83b641c0fb2af8ca,observation_time_proxy,historical data_available_time is unknown; observation_time is a pseudo-operational proxy
2018-11-06T00:00:00+00:00,2018-11-05,windermere,south,water_temperature,2.0,degC,month_3,2019-01-05,2019-02-03,5.333295886519941,5.447073980367064,-0.6398704957427537,lead_dependent_anomaly_relaxation,1.0,True,0.17781425242157836,0.17781425242157836,336,7,2011|2012|2013|2014|2015|2016|2017,ccf32aba3ebed52c2d4dcedc302b21afeda65d304e51e0f1e65b4c977ed96528,observation_time_proxy,historical data_available_time is unknown; observation_time is a pseudo-operational proxy
2018-11-13T00:00:00+00:00,2018-11-12,windermere,south,water_temperature,2.0,degC,month_1,2018-11-13,2018-12-12,8.47774602197468,8.791323161485508,-0.5495447114371999,lead_dependent_anomaly_relaxation,1.0,True,0.57061260527964,0.57061260527964,344,7,2011|2012|2013|2014|2015|2016|2017,7048d4492b80625e029a83da1b5be4b4a09e79a3783d8ec6bc5d37fe1faa5731,observation_time_proxy,historical data_available_time is unknown; observation_time is a pseudo-operational proxy
2018-11-13T00:00:00+00:00,2018-11-12,windermere,south,water_temperature,2.0,degC,month_2,2018-12-13,2019-01-11,6.297042846487385,6.4611832465579715,-0.5495447114371999,lead_dependent_anomaly_relaxation,1.0,True,0.2986843411545474,0.2986843411545474,340,7,2011|2012|2013|2014|2015|2016|2017,17bdca03b9e941b9e6faf1f39693b5c692788296ce440ecf83b641c0fb2af8ca,observation_time_proxy,historical data_available_time is unknown; observation_time is a pseudo-operational proxy
2018-11-13T00:00:00+00:00,2018-11-12,windermere,south,water_temperature,2.0,degC,month_3,2019-01-12,2019-02-10,5.1262384879950496,5.223955370031487,-0.5495447114371999,lead_dependent_anomaly_relaxation,1.0,True,0.17781425242157836,0.17781425242157836,336,7,2011|2012|2013|2014|2015|2016|2017,ccf32aba3ebed52c2d4dcedc302b21afeda65d304e51e0f1e65b4c977ed96528,observation_time_proxy,historical data_available_time is unknown; observation_time is a pseudo-operational proxy
2018-11-20T00:00:00+00:00,2018-11-19,windermere,south,water_temperature,2.0,degC,month_1,2018-11-20,2018-12-19,7.83657084172033,8.120909451346618,-0.4983041156038652,lead_dependent_anomaly_relaxation,1.0,True,0.57061260527964,0.57061260527964,344,7,2011|2012|2013|2014|2015|2016|2017,7048d4492b80625e029a83da1b5be4b4a09e79a3783d8ec6bc5d37fe1faa5731,observation_time_proxy,historical data_available_time is unknown; observation_time is a pseudo-operational proxy
2018-11-20T00:00:00+00:00,2018-11-19,windermere,south,water_temperature,2.0,degC,month_2,2018-12-20,2019-01-18,5.9776936857115155,6.126529322175255,-0.4983041156038652,lead_dependent_anomaly_relaxation,1.0,True,0.2986843411545474,0.2986843411545474,340,7,2011|2012|2013|2014|2015|2016|2017,17bdca03b9e941b9e6faf1f39693b5c692788296ce440ecf83b641c0fb2af8ca,observation_time_proxy,historical data_available_time is unknown; observation_time is a pseudo-operational proxy
2018-11-20T00:00:00+00:00,2018-11-19,windermere,south,water_temperature,2.0,degC,month_3,2019-01-19,2019-02-17,4.946380397853853,5.034985971648551,-0.4983041156038652,lead_dependent_anomaly_relaxation,1.0,True,0.17781425242157836,0.17781425242157836,336,7,2011|2012|2013|2014|2015|2016|2017,ccf32aba3ebed52c2d4dcedc302b21afeda65d304e51e0f1e65b4c977ed96528,observation_time_proxy,historical data_available_time is unknown; observation_time is a pseudo-operational proxy
2018-11-27T00:00:00+00:00,2018-11-26,windermere,south,water_temperature,2.0,degC,month_1,2018-11-27,2018-12-26,7.208108781350607,7.505921890374396,-0.5219182090760874,lead_dependent_anomaly_relaxation,1.0,True,0.57061260527964,0.57061260527964,344,7,2011|2012|2013|2014|2015|2016|2017,7048d4492b80625e029a83da1b5be4b4a09e79a3783d8ec6bc5d37fe1faa5731,observation_time_proxy,historical data_available_time is unknown; observation_time is a pseudo-operational proxy
2018-11-27T00:00:00+00:00,2018-11-26,windermere,south,water_temperature,2.0,degC,month_2,2018-12-27,2019-01-25,5.649751454012566,5.805640250427019,-0.5219182090760874,lead_dependent_anomaly_relaxation,1.0,True,0.2986843411545474,0.2986843411545474,340,7,2011|2012|2013|2014|2015|2016|2017,17bdca03b9e941b9e6faf1f39693b5c692788296ce440ecf83b641c0fb2af8ca,observation_time_proxy,historical data_available_time is unknown; observation_time is a pseudo-operational proxy
2018-11-27T00:00:00+00:00,2018-11-26,windermere,south,water_temperature,2.0,degC,month_3,2019-01-26,2019-02-24,4.806224856587589,4.899029352759662,-0.5219182090760874,lead_dependent_anomaly_relaxation,1.0,True,0.17781425242157836,0.17781425242157836,336,7,2011|2012|2013|2014|2015|2016|2017,ccf32aba3ebed52c2d4dcedc302b21afeda65d304e51e0f1e65b4c977ed96528,observation_time_proxy,historical data_available_time is unknown; observation_time is a pseudo-operational proxy
2018-12-04T00:00:00+00:00,2018-12-03,windermere,south,water_temperature,2.0,degC,month_1,2018-12-04,2019-01-02,6.79729733030591,6.995963090096619,-0.3481622346799522,lead_dependent_anomaly_relaxation,1.0,True,0.57061260527964,0.57061260527964,344,7,2011|2012|2013|2014|2015|2016|2017,7048d4492b80625e029a83da1b5be4b4a09e79a3783d8ec6bc5d37fe1faa5731,observation_time_proxy,historical data_available_time is unknown; observation_time is a pseudo-operational proxy
2018-12-04T00:00:00+00:00,2018-12-03,windermere,south,water_temperature,2.0,degC,month_2,2019-01-03,2019-02-01,5.414596512805835,5.518587120486111,-0.3481622346799522,lead_dependent_anomaly_relaxation,1.0,True,0.2986843411545474,0.2986843411545474,340,7,2011|2012|2013|2014|2015|2016|2017,17bdca03b9e941b9e6faf1f39693b5c692788296ce440ecf83b641c0fb2af8ca,observation_time_proxy,historical data_available_time is unknown; observation_time is a pseudo-operational proxy
2018-12-04T00:00:00+00:00,2018-12-03,windermere,south,water_temperature,2.0,degC,month_3,2019-02-02,2019-03-03,4.776504380139731,4.838412587620773,-0.3481622346799522,lead_dependent_anomaly_relaxation,1.0,True,0.17781425242157836,0.17781425242157836,336,7,2011|2012|2013|2014|2015|2016|2017,ccf32aba3ebed52c2d4dcedc302b21afeda65d304e51e0f1e65b4c977ed96528,observation_time_proxy,historical data_available_time is unknown; observation_time is a pseudo-operational proxy
2018-12-11T00:00:00+00:00,2018-12-10,windermere,south,water_temperature,2.0,degC,month_1,2018-12-11,2019-01-09,6.493529038088065,6.56816904486044,-0.13080679620772884,lead_dependent_anomaly_relaxation,1.0,True,0.57061260527964,0.57061260527964,344,7,2011|2012|2013|2014|2015|2016|2017,7048d4492b80625e029a83da1b5be4b4a09e79a3783d8ec6bc5d37fe1faa5731,observation_time_proxy,historical data_available_time is unknown; observation_time is a pseudo-operational proxy
2018-12-11T00:00:00+00:00,2018-12-10,windermere,south,water_temperature,2.0,degC,month_2,2019-01-10,2019-02-08,5.2429552633454435,5.282025205089286,-0.13080679620772884,lead_dependent_anomaly_relaxation,1.0,True,0.2986843411545474,0.2986843411545474,340,7,2011|2012|2013|2014|2015|2016|2017,17bdca03b9e941b9e6faf1f39693b5c692788296ce440ecf83b641c0fb2af8ca,observation_time_proxy,historical data_available_time is unknown; observation_time is a pseudo-operational proxy
2018-12-11T00:00:00+00:00,2018-12-10,windermere,south,water_temperature,2.0,degC,month_3,2019-02-09,2019-03-10,4.83333524549699,4.856594558176329,-0.13080679620772884,lead_dependent_anomaly_relaxation,1.0,True,0.17781425242157836,0.17781425242157836,336,7,2011|2012|2013|2014|2015|2016|2017,ccf32aba3ebed52c2d4dcedc302b21afeda65d304e51e0f1e65b4c977ed96528,observation_time_proxy,historical data_available_time is unknown; observation_time is a pseudo-operational proxy
2018-12-18T00:00:00+00:00,2018-12-17,windermere,south,water_temperature,2.0,degC,month_1,2018-12-18,2019-01-16,6.244151280369739,6.216389875261674,0.0486519310144935,lead_dependent_anomaly_relaxation,1.0,True,0.57061260527964,0.57061260527964,344,7,2011|2012|2013|2014|2015|2016|2017,7048d4492b80625e029a83da1b5be4b4a09e79a3783d8ec6bc5d37fe1faa5731,observation_time_proxy,historical data_available_time is unknown; observation_time is a pseudo-operational proxy
2018-12-18T00:00:00+00:00,2018-12-17,windermere,south,water_temperature,2.0,degC,month_2,2019-01-17,2019-02-15,5.095307575419034,5.080776005458074,0.0486519310144935,lead_dependent_anomaly_relaxation,1.0,True,0.2986843411545474,0.2986843411545474,340,7,2011|2012|2013|2014|2015|2016|2017,17bdca03b9e941b9e6faf1f39693b5c692788296ce440ecf83b641c0fb2af8ca,observation_time_proxy,historical data_available_time is unknown; observation_time is a pseudo-operational proxy
2018-12-18T00:00:00+00:00,2018-12-17,windermere,south,water_temperature,2.0,degC,month_3,2019-02-16,2019-03-17,4.979435798269986,4.970784791527778,0.0486519310144935,lead_dependent_anomaly_relaxation,1.0,True,0.17781425242157836,0.17781425242157836,336,7,2011|2012|2013|2014|2015|2016|2017,ccf32aba3ebed52c2d4dcedc302b21afeda65d304e51e0f1e65b4c977ed96528,observation_time_proxy,historical data_available_time is unknown; observation_time is a pseudo-operational proxy
2018-12-25T00:00:00+00:00,2018-12-24,windermere,south,water_temperature,2.0,degC,month_1,2018-12-25,2019-01-23,6.014836933513432,5.894981731654973,0.21004653726449263,lead_dependent_anomaly_relaxation,1.0,True,0.57061260527964,0.57061260527964,344,7,2011|2012|2013|2014|2015|2016|2017,7048d4492b80625e029a83da1b5be4b4a09e79a3783d8ec6bc5d37fe1faa5731,observation_time_proxy,historical data_available_time is unknown; observation_time is a pseudo-operational proxy
2018-12-25T00:00:00+00:00,2018-12-24,windermere,south,water_temperature,2.0,degC,month_2,2019-01-24,2019-02-22,4.993466581854301,4.930728970259662,0.21004653726449263,lead_dependent_anomaly_relaxation,1.0,True,0.2986843411545474,0.2986843411545474,340,7,2011|2012|2013|2014|2015|2016|2017,17bdca03b9e941b9e6faf1f39693b5c692788296ce440ecf83b641c0fb2af8ca,observation_time_proxy,historical data_available_time is unknown; observation_time is a pseudo-operational proxy
2018-12-25T00:00:00+00:00,2018-12-24,windermere,south,water_temperature,2.0,degC,month_3,2019-02-23,2019-03-24,5.250627198414094,5.213277930416667,0.21004653726449263,lead_dependent_anomaly_relaxation,1.0,True,0.17781425242157836,0.17781425242157836,336,7,2011|2012|2013|2014|2015|2016|2017,ccf32aba3ebed52c2d4dcedc302b21afeda65d304e51e0f1e65b4c977ed96528,observation_time_proxy,historical data_available_time is unknown; observation_time is a pseudo-operational proxy
