forecast_issue_time,forecast_state_date,lake_id,basin,variable,depth_m,unit,target_name,target_window_start,target_window_end,predicted_mean_temperature,target_climatology_mean,current_anomaly,model_identifier,model_version,is_valid_forecast,raw_beta,constrained_beta,beta_training_rows,n_distinct_beta_training_years,beta_training_years,beta_training_cases_sha256,availability_mode,availability_assumption,observed_mean_temperature,observed_valid_days,climatology_forecast,full_persistence_forecast,relaxation_forecast,issue_month,issue_season
2014-01-07T00:00:00+00:00,2014-01-06,windermere,south,water_temperature,2.0,degC,month_1,2014-01-07,2014-02-05,5.247526674803385,4.8633135279265876,0.8444538378623196,lead_dependent_anomaly_relaxation,1.0,True,0.4549841917343982,0.4549841917343982,136,3,2011|2012|2013,1f92aea4ca280fa03a06dc0d0ff819f311548e2ae969426691160c00482443ec,observation_time_proxy,historical data_available_time is unknown; observation_time is a pseudo-operational proxy,5.916236972222222,30,4.8633135279265876,5.707767365788907,5.247526674803385,1,DJF
2014-01-07T00:00:00+00:00,2014-01-06,windermere,south,water_temperature,2.0,degC,month_2,2014-02-06,2014-03-07,4.509793828612098,4.456190244907408,0.8444538378623196,lead_dependent_anomaly_relaxation,1.0,True,0.0634772219644174,0.0634772219644174,132,3,2011|2012|2013,9ecdafcc2b07353d035597db05217ac544c529b016bf14f95b937d38139b42bb,observation_time_proxy,historical data_available_time is unknown; observation_time is a pseudo-operational proxy,5.451742666666667,30,4.456190244907408,5.300644082769727,4.509793828612098,1,DJF
2014-01-07T00:00:00+00:00,2014-01-06,windermere,south,water_temperature,2.0,degC,month_3,2014-03-08,2014-04-06,5.555689070833333,5.555689070833333,0.8444538378623196,lead_dependent_anomaly_relaxation,1.0,True,-0.13844483672249952,0.0,128,3,2011|2012|2013,2aa711ce2f2745d3225926f6cd344fc9ddef4ef2c841511b0cc1aa94ea53b00e,observation_time_proxy,historical data_available_time is unknown; observation_time is a pseudo-operational proxy,6.676888666666667,30,5.555689070833333,6.400142908695653,5.555689070833333,1,DJF
2014-01-14T00:00:00+00:00,2014-01-13,windermere,south,water_temperature,2.0,degC,month_1,2014-01-14,2014-02-12,5.129817537261982,4.695041643154762,0.9555846159178749,lead_dependent_anomaly_relaxation,1.0,True,0.4549841917343982,0.4549841917343982,136,3,2011|2012|2013,1f92aea4ca280fa03a06dc0d0ff819f311548e2ae969426691160c00482443ec,observation_time_proxy,historical data_available_time is unknown; observation_time is a pseudo-operational proxy,5.720376013888889,30,4.695041643154762,5.650626259072637,5.129817537261982,1,DJF
2014-01-14T00:00:00+00:00,2014-01-13,windermere,south,water_temperature,2.0,degC,month_2,2014-02-13,2014-03-14,4.593476413251882,4.532818556481481,0.9555846159178749,lead_dependent_anomaly_relaxation,1.0,True,0.0634772219644174,0.0634772219644174,132,3,2011|2012|2013,9ecdafcc2b07353d035597db05217ac544c529b016bf14f95b937d38139b42bb,observation_time_proxy,historical data_available_time is unknown; observation_time is a pseudo-operational proxy,5.627744847222222,30,4.532818556481481,5.488403172399356,4.593476413251882,1,DJF
2014-01-14T00:00:00+00:00,2014-01-13,windermere,south,water_temperature,2.0,degC,month_3,2014-03-15,2014-04-13,6.066234590972222,6.066234590972222,0.9555846159178749,lead_dependent_anomaly_relaxation,1.0,True,-0.13844483672249952,0.0,128,3,2011|2012|2013,2aa711ce2f2745d3225926f6cd344fc9ddef4ef2c841511b0cc1aa94ea53b00e,observation_time_proxy,historical data_available_time is unknown; observation_time is a pseudo-operational proxy,7.113312791666667,30,6.066234590972222,7.021819206890097,6.066234590972222,1,DJF
2014-01-21T00:00:00+00:00,2014-01-20,windermere,south,water_temperature,2.0,degC,month_1,2014-01-21,2014-02-19,4.999428654036485,4.552755759953704,0.9817327770885091,lead_dependent_anomaly_relaxation,1.0,True,0.4549841917343982,0.4549841917343982,136,3,2011|2012|2013,1f92aea4ca280fa03a06dc0d0ff819f311548e2ae969426691160c00482443ec,observation_time_proxy,historical data_available_time is unknown; observation_time is a pseudo-operational proxy,5.537049777777778,30,4.552755759953704,5.534488537042213,4.999428654036485,1,DJF
2014-01-21T00:00:00+00:00,2014-01-20,windermere,south,water_temperature,2.0,degC,month_2,2014-02-20,2014-03-21,4.790738599030621,4.72842092962963,0.9817327770885091,lead_dependent_anomaly_relaxation,1.0,True,0.0634772219644174,0.0634772219644174,132,3,2011|2012|2013,9ecdafcc2b07353d035597db05217ac544c529b016bf14f95b937d38139b42bb,observation_time_proxy,historical data_available_time is unknown; observation_time is a pseudo-operational proxy,5.88347825,30,4.72842092962963,5.710153706718139,4.790738599030621,1,DJF
2014-01-21T00:00:00+00:00,2014-01-20,windermere,south,water_temperature,2.0,degC,month_3,2014-03-22,2014-04-20,6.708369950441919,6.708369950441919,0.9817327770885091,lead_dependent_anomaly_relaxation,1.0,True,-0.13844483672249952,0.0,128,3,2011|2012|2013,2aa711ce2f2745d3225926f6cd344fc9ddef4ef2c841511b0cc1aa94ea53b00e,observation_time_proxy,historical data_available_time is unknown; observation_time is a pseudo-operational proxy,7.711817138888889,30,6.708369950441919,7.690102727530428,6.708369950441919,1,DJF
2014-01-28T00:00:00+00:00,2014-01-27,windermere,south,water_temperature,2.0,degC,month_1,2014-01-28,2014-02-26,4.943728600172901,4.4541845171296295,1.0759584441321604,lead_dependent_anomaly_relaxation,1.0,True,0.4549841917343982,0.4549841917343982,136,3,2011|2012|2013,1f92aea4ca280fa03a06dc0d0ff819f311548e2ae969426691160c00482443ec,observation_time_proxy,historical data_available_time is unknown; observation_time is a pseudo-operational proxy,5.428633722222222,30,4.4541845171296295,5.53014296126179,4.943728600172901,1,DJF
2014-01-28T00:00:00+00:00,2014-01-27,windermere,south,water_temperature,2.0,degC,month_2,2014-02-27,2014-03-28,5.117999481917852,5.049700628935185,1.0759584441321604,lead_dependent_anomaly_relaxation,1.0,True,0.0634772219644174,0.0634772219644174,132,3,2011|2012|2013,9ecdafcc2b07353d035597db05217ac544c529b016bf14f95b937d38139b42bb,observation_time_proxy,historical data_available_time is unknown; observation_time is a pseudo-operational proxy,6.156747444444444,30,5.049700628935185,6.125659073067346,5.117999481917852,1,DJF
2014-01-28T00:00:00+00:00,2014-01-27,windermere,south,water_temperature,2.0,degC,month_3,2014-03-29,2014-04-27,7.474577355277778,7.474577355277778,1.0759584441321604,lead_dependent_anomaly_relaxation,1.0,True,-0.13844483672249952,0.0,128,3,2011|2012|2013,2aa711ce2f2745d3225926f6cd344fc9ddef4ef2c841511b0cc1aa94ea53b00e,observation_time_proxy,historical data_available_time is unknown; observation_time is a pseudo-operational proxy,8.455818208333334,30,7.474577355277778,8.55053579940994,7.474577355277778,1,DJF
2014-02-04T00:00:00+00:00,2014-02-03,windermere,south,water_temperature,2.0,degC,month_1,2014-02-04,2014-03-05,4.925822470793461,4.446511775,1.0534667017030426,lead_dependent_anomaly_relaxation,1.0,True,0.4549841917343982,0.4549841917343982,136,3,2011|2012|2013,1f92aea4ca280fa03a06dc0d0ff819f311548e2ae969426691160c00482443ec,observation_time_proxy,historical data_available_time is unknown; observation_time is a pseudo-operational proxy,5.425955861111111,30,4.446511775,5.499978476703043,4.925822470793461,2,DJF
2014-02-04T00:00:00+00:00,2014-02-03,windermere,south,water_temperature,2.0,degC,month_2,2014-03-06,2014-04-04,5.521397067202423,5.454525927546296,1.0534667017030426,lead_dependent_anomaly_relaxation,1.0,True,0.0634772219644174,0.0634772219644174,132,3,2011|2012|2013,9ecdafcc2b07353d035597db05217ac544c529b016bf14f95b937d38139b42bb,observation_time_proxy,historical data_available_time is unknown; observation_time is a pseudo-operational proxy,6.546473375,30,5.454525927546296,6.507992629249339,5.521397067202423,2,DJF
2014-02-04T00:00:00+00:00,2014-02-03,windermere,south,water_temperature,2.0,degC,month_3,2014-04-05,2014-05-04,8.220323781944444,8.220323781944444,1.0534667017030426,lead_dependent_anomaly_relaxation,1.0,True,-0.13844483672249952,0.0,128,3,2011|2012|2013,2aa711ce2f2745d3225926f6cd344fc9ddef4ef2c841511b0cc1aa94ea53b00e,observation_time_proxy,historical data_available_time is unknown; observation_time is a pseudo-operational proxy,9.303007125,30,8.220323781944444,9.273790483647486,8.220323781944444,2,DJF
2014-02-11T00:00:00+00:00,2014-02-10,windermere,south,water_temperature,2.0,degC,month_1,2014-02-11,2014-03-12,4.970375294055923,4.500709294675926,1.032268830241402,lead_dependent_anomaly_relaxation,1.0,True,0.4549841917343982,0.4549841917343982,136,3,2011|2012|2013,1f92aea4ca280fa03a06dc0d0ff819f311548e2ae969426691160c00482443ec,observation_time_proxy,historical data_available_time is unknown; observation_time is a pseudo-operational proxy,5.560653722222222,30,4.500709294675926,5.532978124917328,4.970375294055923,2,DJF
2014-02-11T00:00:00+00:00,2014-02-10,windermere,south,water_temperature,2.0,degC,month_2,2014-03-13,2014-04-11,5.955335959978998,5.889810402314815,1.032268830241402,lead_dependent_anomaly_relaxation,1.0,True,0.0634772219644174,0.0634772219644174,132,3,2011|2012|2013,9ecdafcc2b07353d035597db05217ac544c529b016bf14f95b937d38139b42bb,observation_time_proxy,historical data_available_time is unknown; observation_time is a pseudo-operational proxy,6.99936475,30,5.889810402314815,6.922079232556217,5.955335959978998,2,DJF
2014-02-11T00:00:00+00:00,2014-02-10,windermere,south,water_temperature,2.0,degC,month_3,2014-04-12,2014-05-11,9.161881624166666,9.161881624166666,1.032268830241402,lead_dependent_anomaly_relaxation,1.0,True,-0.13844483672249952,0.0,128,3,2011|2012|2013,2aa711ce2f2745d3225926f6cd344fc9ddef4ef2c841511b0cc1aa94ea53b00e,observation_time_proxy,historical data_available_time is unknown; observation_time is a pseudo-operational proxy,10.007218902777778,30,9.161881624166666,10.194150454408067,9.161881624166666,2,DJF
2014-02-18T00:00:00+00:00,2014-02-17,windermere,south,water_temperature,2.0,degC,month_1,2014-02-18,2014-03-19,5.113519318845126,4.660761311574074,0.995107116898148,lead_dependent_anomaly_relaxation,1.0,True,0.4549841917343982,0.4549841917343982,136,3,2011|2012|2013,1f92aea4ca280fa03a06dc0d0ff819f311548e2ae969426691160c00482443ec,observation_time_proxy,historical data_available_time is unknown; observation_time is a pseudo-operational proxy,5.803922125,30,4.660761311574074,5.655868428472222,5.113519318845126,2,DJF
2014-02-18T00:00:00+00:00,2014-02-17,windermere,south,water_temperature,2.0,degC,month_2,2014-03-20,2014-04-18,6.571553722606234,6.508387087268519,0.995107116898148,lead_dependent_anomaly_relaxation,1.0,True,0.0634772219644174,0.0634772219644174,132,3,2011|2012|2013,9ecdafcc2b07353d035597db05217ac544c529b016bf14f95b937d38139b42bb,observation_time_proxy,historical data_available_time is unknown; observation_time is a pseudo-operational proxy,7.510875111111111,30,6.508387087268519,7.503494204166667,6.571553722606234,2,DJF
2014-02-18T00:00:00+00:00,2014-02-17,windermere,south,water_temperature,2.0,degC,month_3,2014-04-19,2014-05-18,10.031496157222222,10.031496157222222,0.995107116898148,lead_dependent_anomaly_relaxation,1.0,True,-0.13844483672249952,0.0,128,3,2011|2012|2013,2aa711ce2f2745d3225926f6cd344fc9ddef4ef2c841511b0cc1aa94ea53b00e,observation_time_proxy,historical data_available_time is unknown; observation_time is a pseudo-operational proxy,10.906632513888889,30,10.031496157222222,11.026603274120369,10.031496157222222,2,DJF
2014-02-25T00:00:00+00:00,2014-02-24,windermere,south,water_temperature,2.0,degC,month_1,2014-02-25,2014-03-26,5.386793573136063,4.944773009953703,0.9715075187500002,lead_dependent_anomaly_relaxation,1.0,True,0.4549841917343982,0.4549841917343982,136,3,2011|2012|2013,1f92aea4ca280fa03a06dc0d0ff819f311548e2ae969426691160c00482443ec,observation_time_proxy,historical data_available_time is unknown; observation_time is a pseudo-operational proxy,6.088960569444445,30,4.944773009953703,5.9162805287037035,5.386793573136063,2,DJF
2014-02-25T00:00:00+00:00,2014-02-24,windermere,south,water_temperature,2.0,degC,month_2,2014-03-27,2014-04-25,7.341272436185572,7.279603837777778,0.9715075187500002,lead_dependent_anomaly_relaxation,1.0,True,0.0634772219644174,0.0634772219644174,132,3,2011|2012|2013,9ecdafcc2b07353d035597db05217ac544c529b016bf14f95b937d38139b42bb,observation_time_proxy,historical data_available_time is unknown; observation_time is a pseudo-operational proxy,8.214481125,30,7.279603837777778,8.251111356527778,7.341272436185572,2,DJF
2014-02-25T00:00:00+00:00,2014-02-24,windermere,south,water_temperature,2.0,degC,month_3,2014-04-26,2014-05-25,10.85117367111111,10.85117367111111,0.9715075187500002,lead_dependent_anomaly_relaxation,1.0,True,-0.13844483672249952,0.0,128,3,2011|2012|2013,2aa711ce2f2745d3225926f6cd344fc9ddef4ef2c841511b0cc1aa94ea53b00e,observation_time_proxy,historical data_available_time is unknown; observation_time is a pseudo-operational proxy,12.016912958333334,30,10.85117367111111,11.822681189861111,10.85117367111111,2,DJF
2014-03-04T00:00:00+00:00,2014-03-03,windermere,south,water_temperature,2.0,degC,month_1,2014-03-04,2014-04-02,5.788884493344647,5.345591792361111,0.9743035231481478,lead_dependent_anomaly_relaxation,1.0,True,0.4549841917343982,0.4549841917343982,136,3,2011|2012|2013,1f92aea4ca280fa03a06dc0d0ff819f311548e2ae969426691160c00482443ec,observation_time_proxy,historical data_available_time is unknown; observation_time is a pseudo-operational proxy,6.410047930555556,30,5.345591792361111,6.3198953155092585,5.788884493344647,3,MAM
2014-03-04T00:00:00+00:00,2014-03-03,windermere,south,water_temperature,2.0,degC,month_2,2014-04-03,2014-05-02,8.047207949888477,7.985361868888889,0.9743035231481478,lead_dependent_anomaly_relaxation,1.0,True,0.0634772219644174,0.0634772219644174,132,3,2011|2012|2013,9ecdafcc2b07353d035597db05217ac544c529b016bf14f95b937d38139b42bb,observation_time_proxy,historical data_available_time is unknown; observation_time is a pseudo-operational proxy,9.079287625,30,7.985361868888889,8.959665392037037,8.047207949888477,3,MAM
2014-03-04T00:00:00+00:00,2014-03-03,windermere,south,water_temperature,2.0,degC,month_3,2014-05-03,2014-06-01,11.88870238765166,11.88870238765166,0.9743035231481478,lead_dependent_anomaly_relaxation,1.0,True,-0.13844483672249952,0.0,128,3,2011|2012|2013,2aa711ce2f2745d3225926f6cd344fc9ddef4ef2c841511b0cc1aa94ea53b00e,observation_time_proxy,historical data_available_time is unknown; observation_time is a pseudo-operational proxy,12.872590208333333,30,11.88870238765166,12.863005910799808,11.88870238765166,3,MAM
2014-03-11T00:00:00+00:00,2014-03-10,windermere,south,water_temperature,2.0,degC,month_1,2014-03-11,2014-04-09,6.203217933277274,5.737399773611111,1.0238117458333331,lead_dependent_anomaly_relaxation,1.0,True,0.4549841917343982,0.4549841917343982,136,3,2011|2012|2013,1f92aea4ca280fa03a06dc0d0ff819f311548e2ae969426691160c00482443ec,observation_time_proxy,historical data_available_time is unknown; observation_time is a pseudo-operational proxy,6.868272055555556,30,5.737399773611111,6.761211519444444,6.203217933277274,3,MAM
2014-03-11T00:00:00+00:00,2014-03-10,windermere,south,water_temperature,2.0,degC,month_2,2014-04-10,2014-05-09,8.968810105995596,8.903821380555556,1.0238117458333331,lead_dependent_anomaly_relaxation,1.0,True,0.0634772219644174,0.0634772219644174,132,3,2011|2012|2013,9ecdafcc2b07353d035597db05217ac544c529b016bf14f95b937d38139b42bb,observation_time_proxy,historical data_available_time is unknown; observation_time is a pseudo-operational proxy,9.820372430555555,30,8.903821380555556,9.927633126388889,8.968810105995596,3,MAM
2014-03-11T00:00:00+00:00,2014-03-10,windermere,south,water_temperature,2.0,degC,month_3,2014-05-10,2014-06-08,13.085951288210408,13.085951288210408,1.0238117458333331,lead_dependent_anomaly_relaxation,1.0,True,-0.13844483672249952,0.0,128,3,2011|2012|2013,2aa711ce2f2745d3225926f6cd344fc9ddef4ef2c841511b0cc1aa94ea53b00e,observation_time_proxy,historical data_available_time is unknown; observation_time is a pseudo-operational proxy,13.894577180555556,30,13.085951288210408,14.109763034043741,13.085951288210408,3,MAM
2014-03-18T00:00:00+00:00,2014-03-17,windermere,south,water_temperature,2.0,degC,month_1,2014-03-18,2014-04-16,6.840873851253461,6.328136742361111,1.1269338983796295,lead_dependent_anomaly_relaxation,1.0,True,0.4549841917343982,0.4549841917343982,136,3,2011|2012|2013,1f92aea4ca280fa03a06dc0d0ff819f311548e2ae969426691160c00482443ec,observation_time_proxy,historical data_available_time is unknown; observation_time is a pseudo-operational proxy,7.343570986111111,30,6.328136742361111,7.4550706407407406,6.840873851253461,3,MAM
2014-03-18T00:00:00+00:00,2014-03-17,windermere,south,water_temperature,2.0,degC,month_2,2014-04-17,2014-05-16,9.863282795984448,9.791748162777779,1.1269338983796295,lead_dependent_anomaly_relaxation,1.0,True,0.0634772219644174,0.0634772219644174,132,3,2011|2012|2013,9ecdafcc2b07353d035597db05217ac544c529b016bf14f95b937d38139b42bb,observation_time_proxy,historical data_available_time is unknown; observation_time is a pseudo-operational proxy,10.627516875,30,9.791748162777779,10.918682061157408,9.863282795984448,3,MAM
2014-03-18T00:00:00+00:00,2014-03-17,windermere,south,water_temperature,2.0,degC,month_3,2014-05-17,2014-06-15,14.1871542314735,14.1871542314735,1.1269338983796295,lead_dependent_anomaly_relaxation,1.0,True,-0.13844483672249952,0.0,128,3,2011|2012|2013,2aa711ce2f2745d3225926f6cd344fc9ddef4ef2c841511b0cc1aa94ea53b00e,observation_time_proxy,historical data_available_time is unknown; observation_time is a pseudo-operational proxy,14.97796948611111,30,14.1871542314735,15.314088129853129,14.1871542314735,3,MAM
2014-03-25T00:00:00+00:00,2014-03-24,windermere,south,water_temperature,2.0,degC,month_1,2014-03-25,2014-04-23,7.519812684803282,6.99289290347456,1.1581056900462956,lead_dependent_anomaly_relaxation,1.0,True,0.4549841917343982,0.4549841917343982,136,3,2011|2012|2013,1f92aea4ca280fa03a06dc0d0ff819f311548e2ae969426691160c00482443ec,observation_time_proxy,historical data_available_time is unknown; observation_time is a pseudo-operational proxy,7.994870986111111,30,6.99289290347456,8.150998593520857,7.519812684803282,3,MAM
2014-03-25T00:00:00+00:00,2014-03-24,windermere,south,water_temperature,2.0,degC,month_2,2014-04-24,2014-05-23,10.679187874445322,10.6056745425,1.1581056900462956,lead_dependent_anomaly_relaxation,1.0,True,0.0634772219644174,0.0634772219644174,132,3,2011|2012|2013,9ecdafcc2b07353d035597db05217ac544c529b016bf14f95b937d38139b42bb,observation_time_proxy,historical data_available_time is unknown; observation_time is a pseudo-operational proxy,11.74229075,30,10.6056745425,11.763780232546296,10.679187874445322,3,MAM
2014-03-25T00:00:00+00:00,2014-03-24,windermere,south,water_temperature,2.0,degC,month_3,2014-05-24,2014-06-22,15.094541743718072,15.094541743718072,1.1581056900462956,lead_dependent_anomaly_relaxation,1.0,True,-0.13844483672249952,0.0,128,3,2011|2012|2013,2aa711ce2f2745d3225926f6cd344fc9ddef4ef2c841511b0cc1aa94ea53b00e,observation_time_proxy,historical data_available_time is unknown; observation_time is a pseudo-operational proxy,16.09204751388889,30,15.094541743718072,16.252647433764366,15.094541743718072,3,MAM
2014-04-01T00:00:00+00:00,2014-03-31,windermere,south,water_temperature,2.0,degC,month_1,2014-04-01,2014-04-30,8.24902350786943,7.776791178333333,1.0379093122685186,lead_dependent_anomaly_relaxation,1.0,True,0.4549841917343982,0.4549841917343982,136,3,2011|2012|2013,1f92aea4ca280fa03a06dc0d0ff819f311548e2ae969426691160c00482443ec,observation_time_proxy,historical data_available_time is unknown; observation_time is a pseudo-operational proxy,8.851160805555555,30,7.776791178333333,8.814700490601851,8.24902350786943,4,MAM
2014-04-01T00:00:00+00:00,2014-03-31,windermere,south,water_temperature,2.0,degC,month_2,2014-05-01,2014-05-30,11.670032774099361,11.604149174305556,1.0379093122685186,lead_dependent_anomaly_relaxation,1.0,True,0.0634772219644174,0.0634772219644174,132,3,2011|2012|2013,9ecdafcc2b07353d035597db05217ac544c529b016bf14f95b937d38139b42bb,observation_time_proxy,historical data_available_time is unknown; observation_time is a pseudo-operational proxy,12.638856777777779,30,11.604149174305556,12.642058486574076,11.670032774099361,4,MAM
2014-04-01T00:00:00+00:00,2014-03-31,windermere,south,water_temperature,2.0,degC,month_3,2014-05-31,2014-06-29,15.739875880826947,15.739875880826947,1.0379093122685186,lead_dependent_anomaly_relaxation,1.0,True,-0.13844483672249952,0.0,128,3,2011|2012|2013,2aa711ce2f2745d3225926f6cd344fc9ddef4ef2c841511b0cc1aa94ea53b00e,observation_time_proxy,historical data_available_time is unknown; observation_time is a pseudo-operational proxy,17.339148680555557,30,15.739875880826947,16.777785193095465,15.739875880826947,4,MAM
2014-04-08T00:00:00+00:00,2014-04-07,windermere,south,water_temperature,2.0,degC,month_1,2014-04-08,2014-05-07,9.141965055482126,8.628285440833334,1.1290054115740737,lead_dependent_anomaly_relaxation,1.0,True,0.4549841917343982,0.4549841917343982,136,3,2011|2012|2013,1f92aea4ca280fa03a06dc0d0ff819f311548e2ae969426691160c00482443ec,observation_time_proxy,historical data_available_time is unknown; observation_time is a pseudo-operational proxy,9.615451986111111,30,8.628285440833334,9.757290852407408,9.141965055482126,4,MAM
2014-04-08T00:00:00+00:00,2014-04-07,windermere,south,water_temperature,2.0,degC,month_2,2014-05-08,2014-06-06,12.815761548325991,12.744095421216475,1.1290054115740737,lead_dependent_anomaly_relaxation,1.0,True,0.0634772219644174,0.0634772219644174,132,3,2011|2012|2013,9ecdafcc2b07353d035597db05217ac544c529b016bf14f95b937d38139b42bb,observation_time_proxy,historical data_available_time is unknown; observation_time is a pseudo-operational proxy,13.569918069444444,30,12.744095421216475,13.873100832790549,12.815761548325991,4,MAM
2014-04-08T00:00:00+00:00,2014-04-07,windermere,south,water_temperature,2.0,degC,month_3,2014-06-07,2014-07-06,16.26086483544686,16.26086483544686,1.1290054115740737,lead_dependent_anomaly_relaxation,1.0,True,-0.13844483672249952,0.0,128,3,2011|2012|2013,2aa711ce2f2745d3225926f6cd344fc9ddef4ef2c841511b0cc1aa94ea53b00e,observation_time_proxy,historical data_available_time is unknown; observation_time is a pseudo-operational proxy,18.110676263888887,30,16.26086483544686,17.389870247020934,16.26086483544686,4,MAM
2014-04-15T00:00:00+00:00,2014-04-14,windermere,south,water_temperature,2.0,degC,month_1,2014-04-15,2014-05-14,10.006600276968785,9.537224497222223,1.031630962731482,lead_dependent_anomaly_relaxation,1.0,True,0.4549841917343982,0.4549841917343982,136,3,2011|2012|2013,1f92aea4ca280fa03a06dc0d0ff819f311548e2ae969426691160c00482443ec,observation_time_proxy,historical data_available_time is unknown; observation_time is a pseudo-operational proxy,10.363523319444445,30,9.537224497222223,10.568855459953705,10.006600276968785,4,MAM
2014-04-15T00:00:00+00:00,2014-04-14,windermere,south,water_temperature,2.0,degC,month_2,2014-05-15,2014-06-13,13.963834349367527,13.898349281760856,1.031630962731482,lead_dependent_anomaly_relaxation,1.0,True,0.0634772219644174,0.0634772219644174,132,3,2011|2012|2013,9ecdafcc2b07353d035597db05217ac544c529b016bf14f95b937d38139b42bb,observation_time_proxy,historical data_available_time is unknown; observation_time is a pseudo-operational proxy,14.671877166666667,30,13.898349281760856,14.929980244492338,13.963834349367527,4,MAM
2014-04-15T00:00:00+00:00,2014-04-14,windermere,south,water_temperature,2.0,degC,month_3,2014-06-14,2014-07-13,16.770184480228004,16.770184480228004,1.031630962731482,lead_dependent_anomaly_relaxation,1.0,True,-0.13844483672249952,0.0,128,3,2011|2012|2013,2aa711ce2f2745d3225926f6cd344fc9ddef4ef2c841511b0cc1aa94ea53b00e,observation_time_proxy,historical data_available_time is unknown; observation_time is a pseudo-operational proxy,18.909613555555556,30,16.770184480228004,17.801815442959487,16.770184480228004,4,MAM
2014-04-22T00:00:00+00:00,2014-04-21,windermere,south,water_temperature,2.0,degC,month_1,2014-04-22,2014-05-21,10.823602524405187,10.367489455,1.0024811360291128,lead_dependent_anomaly_relaxation,1.0,True,0.4549841917343982,0.4549841917343982,136,3,2011|2012|2013,1f92aea4ca280fa03a06dc0d0ff819f311548e2ae969426691160c00482443ec,observation_time_proxy,historical data_available_time is unknown; observation_time is a pseudo-operational proxy,11.411927597222222,30,10.367489455,11.369970591029112,10.823602524405187,4,MAM
2014-04-22T00:00:00+00:00,2014-04-21,windermere,south,water_temperature,2.0,degC,month_2,2014-05-22,2014-06-20,14.945915706116555,14.882280988529693,1.0024811360291128,lead_dependent_anomaly_relaxation,1.0,True,0.0634772219644174,0.0634772219644174,132,3,2011|2012|2013,9ecdafcc2b07353d035597db05217ac544c529b016bf14f95b937d38139b42bb,observation_time_proxy,historical data_available_time is unknown; observation_time is a pseudo-operational proxy,15.744293625000001,30,14.882280988529693,15.884762124558806,14.945915706116555,4,MAM
2014-04-22T00:00:00+00:00,2014-04-21,windermere,south,water_temperature,2.0,degC,month_3,2014-06-21,2014-07-20,17.29711931819097,17.29711931819097,1.0024811360291128,lead_dependent_anomaly_relaxation,1.0,True,-0.13844483672249952,0.0,128,3,2011|2012|2013,2aa711ce2f2745d3225926f6cd344fc9ddef4ef2c841511b0cc1aa94ea53b00e,observation_time_proxy,historical data_available_time is unknown; observation_time is a pseudo-operational proxy,19.254718819444445,30,17.29711931819097,18.299600454220084,17.29711931819097,4,MAM
2014-04-29T00:00:00+00:00,2014-04-28,windermere,south,water_temperature,2.0,degC,month_1,2014-04-29,2014-05-28,11.805209857120516,11.349126128091932,1.002416649444445,lead_dependent_anomaly_relaxation,1.0,True,0.4549841917343982,0.4549841917343982,136,3,2011|2012|2013,1f92aea4ca280fa03a06dc0d0ff819f311548e2ae969426691160c00482443ec,observation_time_proxy,historical data_available_time is unknown; observation_time is a pseudo-operational proxy,12.43062586111111,30,11.349126128091932,12.351542777536377,11.805209857120516,4,MAM
2014-04-29T00:00:00+00:00,2014-04-28,windermere,south,water_temperature,2.0,degC,month_2,2014-05-29,2014-06-27,15.59801373431087,15.534383110153257,1.002416649444445,lead_dependent_anomaly_relaxation,1.0,True,0.0634772219644174,0.0634772219644174,132,3,2011|2012|2013,9ecdafcc2b07353d035597db05217ac544c529b016bf14f95b937d38139b42bb,observation_time_proxy,historical data_available_time is unknown; observation_time is a pseudo-operational proxy,17.035077069444444,30,15.534383110153257,16.536799759597702,15.59801373431087,4,MAM
2014-04-29T00:00:00+00:00,2014-04-28,windermere,south,water_temperature,2.0,degC,month_3,2014-06-28,2014-07-27,17.80378735291319,17.80378735291319,1.002416649444445,lead_dependent_anomaly_relaxation,1.0,True,-0.13844483672249952,0.0,128,3,2011|2012|2013,2aa711ce2f2745d3225926f6cd344fc9ddef4ef2c841511b0cc1aa94ea53b00e,observation_time_proxy,historical data_available_time is unknown; observation_time is a pseudo-operational proxy,19.68527138888889,30,17.80378735291319,18.806204002357635,17.80378735291319,4,MAM
2014-05-06T00:00:00+00:00,2014-05-05,windermere,south,water_temperature,2.0,degC,month_1,2014-05-06,2014-06-04,12.88316147505039,12.402808539655172,1.0557574177777784,lead_dependent_anomaly_relaxation,1.0,True,0.4549841917343982,0.4549841917343982,136,3,2011|2012|2013,1f92aea4ca280fa03a06dc0d0ff819f311548e2ae969426691160c00482443ec,observation_time_proxy,historical data_available_time is unknown; observation_time is a pseudo-operational proxy,13.275732722222223,30,12.402808539655172,13.45856595743295,12.88316147505039,5,MAM
2014-05-06T00:00:00+00:00,2014-05-05,windermere,south,water_temperature,2.0,degC,month_2,2014-06-05,2014-07-04,16.208732707671082,16.141716159722222,1.0557574177777784,lead_dependent_anomaly_relaxation,1.0,True,0.0634772219644174,0.0634772219644174,132,3,2011|2012|2013,9ecdafcc2b07353d035597db05217ac544c529b016bf14f95b937d38139b42bb,observation_time_proxy,historical data_available_time is unknown; observation_time is a pseudo-operational proxy,17.927322902777778,30,16.141716159722222,17.1974735775,16.208732707671082,5,MAM
2014-05-06T00:00:00+00:00,2014-05-05,windermere,south,water_temperature,2.0,degC,month_3,2014-07-05,2014-08-03,18.11258162143171,18.11258162143171,1.0557574177777784,lead_dependent_anomaly_relaxation,1.0,True,-0.13844483672249952,0.0,128,3,2011|2012|2013,2aa711ce2f2745d3225926f6cd344fc9ddef4ef2c841511b0cc1aa94ea53b00e,observation_time_proxy,historical data_available_time is unknown; observation_time is a pseudo-operational proxy,20.204250430555554,30,18.11258162143171,19.168339039209485,18.11258162143171,5,MAM
2014-05-13T00:00:00+00:00,2014-05-12,windermere,south,water_temperature,2.0,degC,month_1,2014-05-13,2014-06-11,13.964464548207024,13.58525993471424,0.8334456897222218,lead_dependent_anomaly_relaxation,1.0,True,0.4549841917343982,0.4549841917343982,136,3,2011|2012|2013,1f92aea4ca280fa03a06dc0d0ff819f311548e2ae969426691160c00482443ec,observation_time_proxy,historical data_available_time is unknown; observation_time is a pseudo-operational proxy,14.370619611111112,30,13.58525993471424,14.418705624436463,13.964464548207024,5,MAM
2014-05-13T00:00:00+00:00,2014-05-12,windermere,south,water_temperature,2.0,degC,month_2,2014-06-12,2014-07-11,16.654355768229387,16.6014509511876,0.8334456897222218,lead_dependent_anomaly_relaxation,1.0,True,0.0634772219644174,0.0634772219644174,132,3,2011|2012|2013,9ecdafcc2b07353d035597db05217ac544c529b016bf14f95b937d38139b42bb,observation_time_proxy,historical data_available_time is unknown; observation_time is a pseudo-operational proxy,18.659799069444443,30,16.6014509511876,17.434896640909823,16.654355768229387,5,MAM
2014-05-13T00:00:00+00:00,2014-05-12,windermere,south,water_temperature,2.0,degC,month_3,2014-07-12,2014-08-10,18.230434651064215,18.230434651064215,0.8334456897222218,lead_dependent_anomaly_relaxation,1.0,True,-0.13844483672249952,0.0,128,3,2011|2012|2013,2aa711ce2f2745d3225926f6cd344fc9ddef4ef2c841511b0cc1aa94ea53b00e,observation_time_proxy,historical data_available_time is unknown; observation_time is a pseudo-operational proxy,20.298396375,30,18.230434651064215,19.063880340786437,18.230434651064215,5,MAM
2014-05-20T00:00:00+00:00,2014-05-19,windermere,south,water_temperature,2.0,degC,month_1,2014-05-20,2014-06-18,15.029527968318257,14.620927160863666,0.8980549541666658,lead_dependent_anomaly_relaxation,1.0,True,0.4549841917343982,0.4549841917343982,136,3,2011|2012|2013,1f92aea4ca280fa03a06dc0d0ff819f311548e2ae969426691160c00482443ec,observation_time_proxy,historical data_available_time is unknown; observation_time is a pseudo-operational proxy,15.437781416666667,30,14.620927160863666,15.518982115030331,15.029527968318257,5,MAM
2014-05-20T00:00:00+00:00,2014-05-19,windermere,south,water_temperature,2.0,degC,month_2,2014-06-19,2014-07-18,17.21608969907507,17.15908366541319,0.8980549541666658,lead_dependent_anomaly_relaxation,1.0,True,0.0634772219644174,0.0634772219644174,132,3,2011|2012|2013,9ecdafcc2b07353d035597db05217ac544c529b016bf14f95b937d38139b42bb,observation_time_proxy,historical data_available_time is unknown; observation_time is a pseudo-operational proxy,19.218912555555555,30,17.15908366541319,18.057138619579852,17.21608969907507,5,MAM
2014-05-20T00:00:00+00:00,2014-05-19,windermere,south,water_temperature,2.0,degC,month_3,2014-07-19,2014-08-17,18.178264744708994,18.178264744708994,0.8980549541666658,lead_dependent_anomaly_relaxation,1.0,True,-0.13844483672249952,0.0,128,3,2011|2012|2013,2aa711ce2f2745d3225926f6cd344fc9ddef4ef2c841511b0cc1aa94ea53b00e,observation_time_proxy,historical data_available_time is unknown; observation_time is a pseudo-operational proxy,19.89252301388889,30,18.178264744708994,19.076319698875658,18.178264744708994,5,MAM
2014-05-27T00:00:00+00:00,2014-05-26,windermere,south,water_temperature,2.0,degC,month_1,2014-05-27,2014-06-25,15.876684743183915,15.344129424042146,1.1704919177777793,lead_dependent_anomaly_relaxation,1.0,True,0.4549841917343982,0.4549841917343982,136,3,2011|2012|2013,1f92aea4ca280fa03a06dc0d0ff819f311548e2ae969426691160c00482443ec,observation_time_proxy,historical data_available_time is unknown; observation_time is a pseudo-operational proxy,16.69214611111111,30,15.344129424042146,16.514621341819925,15.876684743183915,5,MAM
2014-05-27T00:00:00+00:00,2014-05-26,windermere,south,water_temperature,2.0,degC,month_2,2014-06-26,2014-07-25,17.731187740685527,17.65688816541319,1.1704919177777793,lead_dependent_anomaly_relaxation,1.0,True,0.0634772219644174,0.0634772219644174,132,3,2011|2012|2013,9ecdafcc2b07353d035597db05217ac544c529b016bf14f95b937d38139b42bb,observation_time_proxy,historical data_available_time is unknown; observation_time is a pseudo-operational proxy,19.496126736111112,30,17.65688816541319,18.827380083190967,17.731187740685527,5,MAM
2014-05-27T00:00:00+00:00,2014-05-26,windermere,south,water_temperature,2.0,degC,month_3,2014-07-26,2014-08-24,18.026087159060847,18.026087159060847,1.1704919177777793,lead_dependent_anomaly_relaxation,1.0,True,-0.13844483672249952,0.0,128,3,2011|2012|2013,2aa711ce2f2745d3225926f6cd344fc9ddef4ef2c841511b0cc1aa94ea53b00e,observation_time_proxy,historical data_available_time is unknown; observation_time is a pseudo-operational proxy,18.966038625,30,18.026087159060847,19.196579076838624,18.026087159060847,5,MAM
2014-06-03T00:00:00+00:00,2014-06-02,windermere,south,water_temperature,2.0,degC,month_1,2014-06-03,2014-07-02,16.43952555881563,16.010443849537037,0.9430694891682627,lead_dependent_anomaly_relaxation,1.0,True,0.4549841917343982,0.4549841917343982,136,3,2011|2012|2013,1f92aea4ca280fa03a06dc0d0ff819f311548e2ae969426691160c00482443ec,observation_time_proxy,historical data_available_time is unknown; observation_time is a pseudo-operational proxy,17.74654263888889,30,16.010443849537037,16.9535133387053,16.43952555881563,6,JJA
2014-06-03T00:00:00+00:00,2014-06-02,windermere,south,water_temperature,2.0,degC,month_2,2014-07-03,2014-08-01,18.109584781890177,18.049721350598375,0.9430694891682627,lead_dependent_anomaly_relaxation,1.0,True,0.0634772219644174,0.0634772219644174,132,3,2011|2012|2013,9ecdafcc2b07353d035597db05217ac544c529b016bf14f95b937d38139b42bb,observation_time_proxy,historical data_available_time is unknown; observation_time is a pseudo-operational proxy,20.07570176388889,30,18.049721350598375,18.992790839766638,18.109584781890177,6,JJA
2014-06-03T00:00:00+00:00,2014-06-02,windermere,south,water_temperature,2.0,degC,month_3,2014-08-02,2014-08-31,17.715761221560847,17.715761221560847,0.9430694891682627,lead_dependent_anomaly_relaxation,1.0,True,-0.13844483672249952,0.0,128,3,2011|2012|2013,2aa711ce2f2745d3225926f6cd344fc9ddef4ef2c841511b0cc1aa94ea53b00e,observation_time_proxy,historical data_available_time is unknown; observation_time is a pseudo-operational proxy,17.801905777777776,30,17.715761221560847,18.65883071072911,17.715761221560847,6,JJA
2014-06-10T00:00:00+00:00,2014-06-09,windermere,south,water_temperature,2.0,degC,month_1,2014-06-10,2014-07-09,16.815615007260565,16.452293421095007,0.7985367244971258,lead_dependent_anomaly_relaxation,1.0,True,0.4549841917343982,0.4549841917343982,136,3,2011|2012|2013,1f92aea4ca280fa03a06dc0d0ff819f311548e2ae969426691160c00482443ec,observation_time_proxy,historical data_available_time is unknown; observation_time is a pseudo-operational proxy,18.407969125,30,16.452293421095007,17.250830145592133,16.815615007260565,6,JJA
2014-06-10T00:00:00+00:00,2014-06-09,windermere,south,water_temperature,2.0,degC,month_2,2014-07-10,2014-08-08,18.277329092582967,18.226640199675323,0.7985367244971258,lead_dependent_anomaly_relaxation,1.0,True,0.0634772219644174,0.0634772219644174,132,3,2011|2012|2013,9ecdafcc2b07353d035597db05217ac544c529b016bf14f95b937d38139b42bb,observation_time_proxy,historical data_available_time is unknown; observation_time is a pseudo-operational proxy,20.343843291666666,30,18.226640199675323,19.02517692417245,18.277329092582967,6,JJA
2014-06-10T00:00:00+00:00,2014-06-09,windermere,south,water_temperature,2.0,degC,month_3,2014-08-09,2014-09-07,17.324611108796297,17.324611108796297,0.7985367244971258,lead_dependent_anomaly_relaxation,1.0,True,-0.13844483672249952,0.0,128,3,2011|2012|2013,2aa711ce2f2745d3225926f6cd344fc9ddef4ef2c841511b0cc1aa94ea53b00e,observation_time_proxy,historical data_available_time is unknown; observation_time is a pseudo-operational proxy,17.31646811111111,30,17.324611108796297,18.123147833293423,17.324611108796297,6,JJA
2014-06-17T00:00:00+00:00,2014-06-16,windermere,south,water_temperature,2.0,degC,month_1,2014-06-17,2014-07-16,17.381359583986097,17.02010685754282,0.793989622070562,lead_dependent_anomaly_relaxation,1.0,True,0.4549841917343982,0.4549841917343982,136,3,2011|2012|2013,1f92aea4ca280fa03a06dc0d0ff819f311548e2ae969426691160c00482443ec,observation_time_proxy,historical data_available_time is unknown; observation_time is a pseudo-operational proxy,19.127528388888887,30,17.02010685754282,17.814096479613383,17.381359583986097,6,JJA
2014-06-17T00:00:00+00:00,2014-06-16,windermere,south,water_temperature,2.0,degC,month_2,2014-07-17,2014-08-15,18.24106881268661,18.190668557208994,0.793989622070562,lead_dependent_anomaly_relaxation,1.0,True,0.0634772219644174,0.0634772219644174,132,3,2011|2012|2013,9ecdafcc2b07353d035597db05217ac544c529b016bf14f95b937d38139b42bb,observation_time_proxy,historical data_available_time is unknown; observation_time is a pseudo-operational proxy,20.02394511111111,30,18.190668557208994,18.984658179279556,18.24106881268661,6,JJA
2014-06-17T00:00:00+00:00,2014-06-16,windermere,south,water_temperature,2.0,degC,month_3,2014-08-16,2014-09-14,16.853796002314816,16.853796002314816,0.793989622070562,lead_dependent_anomaly_relaxation,1.0,True,-0.13844483672249952,0.0,128,3,2011|2012|2013,2aa711ce2f2745d3225926f6cd344fc9ddef4ef2c841511b0cc1aa94ea53b00e,observation_time_proxy,historical data_available_time is unknown; observation_time is a pseudo-operational proxy,17.142469833333333,30,16.853796002314816,17.647785624385378,16.853796002314816,6,JJA
2014-06-24T00:00:00+00:00,2014-06-23,windermere,south,water_temperature,2.0,degC,month_1,2014-06-24,2014-07-23,18.017149612948838,17.510354700135412,1.113873673020434,lead_dependent_anomaly_relaxation,1.0,True,0.4549841917343982,0.4549841917343982,136,3,2011|2012|2013,1f92aea4ca280fa03a06dc0d0ff819f311548e2ae969426691160c00482443ec,observation_time_proxy,historical data_available_time is unknown; observation_time is a pseudo-operational proxy,19.355761986111112,30,17.510354700135412,18.624228373155844,18.017149612948838,6,JJA
2014-06-24T00:00:00+00:00,2014-06-23,windermere,south,water_temperature,2.0,degC,month_2,2014-07-24,2014-08-22,18.15405966359163,18.083354057208993,1.113873673020434,lead_dependent_anomaly_relaxation,1.0,True,0.0634772219644174,0.0634772219644174,132,3,2011|2012|2013,9ecdafcc2b07353d035597db05217ac544c529b016bf14f95b937d38139b42bb,observation_time_proxy,historical data_available_time is unknown; observation_time is a pseudo-operational proxy,19.32368334722222,30,18.083354057208993,19.19722773022943,18.15405966359163,6,JJA
2014-06-24T00:00:00+00:00,2014-06-23,windermere,south,water_temperature,2.0,degC,month_3,2014-08-23,2014-09-21,16.304171381944442,16.304171381944442,1.113873673020434,lead_dependent_anomaly_relaxation,1.0,True,-0.13844483672249952,0.0,128,3,2011|2012|2013,2aa711ce2f2745d3225926f6cd344fc9ddef4ef2c841511b0cc1aa94ea53b00e,observation_time_proxy,historical data_available_time is unknown; observation_time is a pseudo-operational proxy,17.160419458333333,30,16.304171381944442,17.418045054964878,16.304171381944442,6,JJA
2014-07-01T00:00:00+00:00,2014-06-30,windermere,south,water_temperature,2.0,degC,month_1,2014-07-01,2014-07-30,18.724736960963536,17.975490801987263,1.6467520687260553,lead_dependent_anomaly_relaxation,1.0,True,0.4549841917343982,0.4549841917343982,136,3,2011|2012|2013,1f92aea4ca280fa03a06dc0d0ff819f311548e2ae969426691160c00482443ec,observation_time_proxy,historical data_available_time is unknown; observation_time is a pseudo-operational proxy,19.965414305555555,30,17.975490801987263,19.62224287071332,18.724736960963536,7,JJA
2014-07-01T00:00:00+00:00,2014-06-30,windermere,south,water_temperature,2.0,degC,month_2,2014-07-31,2014-08-29,17.910042035277364,17.805510788690476,1.6467520687260553,lead_dependent_anomaly_relaxation,1.0,True,0.0634772219644174,0.0634772219644174,132,3,2011|2012|2013,9ecdafcc2b07353d035597db05217ac544c529b016bf14f95b937d38139b42bb,observation_time_proxy,historical data_available_time is unknown; observation_time is a pseudo-operational proxy,18.07106715277778,30,17.805510788690476,19.45226285741653,17.910042035277364,7,JJA
2014-07-01T00:00:00+00:00,2014-06-30,windermere,south,water_temperature,2.0,degC,month_3,2014-08-30,2014-09-28,15.673275474537038,15.673275474537038,1.6467520687260553,lead_dependent_anomaly_relaxation,1.0,True,-0.13844483672249952,0.0,128,3,2011|2012|2013,2aa711ce2f2745d3225926f6cd344fc9ddef4ef2c841511b0cc1aa94ea53b00e,observation_time_proxy,historical data_available_time is unknown; observation_time is a pseudo-operational proxy,17.193899555555557,30,15.673275474537038,17.320027543263095,15.673275474537038,7,JJA
2014-07-08T00:00:00+00:00,2014-07-07,windermere,south,water_temperature,2.0,degC,month_1,2014-07-08,2014-08-06,19.048624130655487,18.195823799873736,1.8743515627012854,lead_dependent_anomaly_relaxation,1.0,True,0.4549841917343982,0.4549841917343982,136,3,2011|2012|2013,1f92aea4ca280fa03a06dc0d0ff819f311548e2ae969426691160c00482443ec,observation_time_proxy,historical data_available_time is unknown; observation_time is a pseudo-operational proxy,20.313493333333334,30,18.195823799873736,20.07017536257502,19.048624130655487,7,JJA
2014-07-08T00:00:00+00:00,2014-07-07,windermere,south,water_temperature,2.0,degC,month_2,2014-08-07,2014-09-05,17.57631843970875,17.45733980952381,1.8743515627012854,lead_dependent_anomaly_relaxation,1.0,True,0.0634772219644174,0.0634772219644174,132,3,2011|2012|2013,9ecdafcc2b07353d035597db05217ac544c529b016bf14f95b937d38139b42bb,observation_time_proxy,historical data_available_time is unknown; observation_time is a pseudo-operational proxy,17.41327151388889,30,17.45733980952381,19.331691372225094,17.57631843970875,7,JJA
2014-07-08T00:00:00+00:00,2014-07-07,windermere,south,water_temperature,2.0,degC,month_3,2014-09-06,2014-10-05,15.05955749074074,15.05955749074074,1.8743515627012854,lead_dependent_anomaly_relaxation,1.0,True,-0.13844483672249952,0.0,128,3,2011|2012|2013,2aa711ce2f2745d3225926f6cd344fc9ddef4ef2c841511b0cc1aa94ea53b00e,observation_time_proxy,historical data_available_time is unknown; observation_time is a pseudo-operational proxy,16.976412291666666,30,15.05955749074074,16.933909053442026,15.05955749074074,7,JJA
2014-07-15T00:00:00+00:00,2014-07-14,windermere,south,water_temperature,2.0,degC,month_1,2014-07-15,2014-08-13,19.17868804956964,18.20466536276455,2.14078357995718,lead_dependent_anomaly_relaxation,1.0,True,0.4549841917343982,0.4549841917343982,136,3,2011|2012|2013,1f92aea4ca280fa03a06dc0d0ff819f311548e2ae969426691160c00482443ec,observation_time_proxy,historical data_available_time is unknown; observation_time is a pseudo-operational proxy,20.113695027777776,30,18.20466536276455,20.34544894272173,19.17868804956964,7,JJA
2014-07-15T00:00:00+00:00,2014-07-14,windermere,south,water_temperature,2.0,degC,month_2,2014-08-14,2014-09-12,17.125389364853092,16.98949837037037,2.14078357995718,lead_dependent_anomaly_relaxation,1.0,True,0.0634772219644174,0.0634772219644174,132,3,2011|2012|2013,9ecdafcc2b07353d035597db05217ac544c529b016bf14f95b937d38139b42bb,observation_time_proxy,historical data_available_time is unknown; observation_time is a pseudo-operational proxy,17.174467472222222,30,16.98949837037037,19.13028195032755,17.125389364853092,7,JJA
2014-07-15T00:00:00+00:00,2014-07-14,windermere,south,water_temperature,2.0,degC,month_3,2014-09-13,2014-10-12,14.442449949074074,14.442449949074074,2.14078357995718,lead_dependent_anomaly_relaxation,1.0,True,-0.13844483672249952,0.0,128,3,2011|2012|2013,2aa711ce2f2745d3225926f6cd344fc9ddef4ef2c841511b0cc1aa94ea53b00e,observation_time_proxy,historical data_available_time is unknown; observation_time is a pseudo-operational proxy,16.227606430555557,30,14.442449949074074,16.583233529031254,14.442449949074074,7,JJA
2014-07-22T00:00:00+00:00,2014-07-21,windermere,south,water_temperature,2.0,degC,month_1,2014-07-22,2014-08-20,18.999680299711162,18.12378131415344,1.9251196007905165,lead_dependent_anomaly_relaxation,1.0,True,0.4549841917343982,0.4549841917343982,136,3,2011|2012|2013,1f92aea4ca280fa03a06dc0d0ff819f311548e2ae969426691160c00482443ec,observation_time_proxy,historical data_available_time is unknown; observation_time is a pseudo-operational proxy,19.601946930555556,30,18.12378131415344,20.048900914943957,18.999680299711162,7,JJA
2014-07-22T00:00:00+00:00,2014-07-21,windermere,south,water_temperature,2.0,degC,month_2,2014-08-21,2014-09-19,16.593288746522248,16.471087502314816,1.9251196007905165,lead_dependent_anomaly_relaxation,1.0,True,0.0634772219644174,0.0634772219644174,132,3,2011|2012|2013,9ecdafcc2b07353d035597db05217ac544c529b016bf14f95b937d38139b42bb,observation_time_proxy,historical data_available_time is unknown; observation_time is a pseudo-operational proxy,17.127495763888888,30,16.471087502314816,18.396207103105333,16.593288746522248,7,JJA
2014-07-22T00:00:00+00:00,2014-07-21,windermere,south,water_temperature,2.0,degC,month_3,2014-09-20,2014-10-19,13.830544199074074,13.830544199074074,1.9251196007905165,lead_dependent_anomaly_relaxation,1.0,True,-0.13844483672249952,0.0,128,3,2011|2012|2013,2aa711ce2f2745d3225926f6cd344fc9ddef4ef2c841511b0cc1aa94ea53b00e,observation_time_proxy,historical data_available_time is unknown; observation_time is a pseudo-operational proxy,15.329372263888889,30,13.830544199074074,15.75566379986459,13.830544199074074,7,JJA
2014-07-29T00:00:00+00:00,2014-07-28,windermere,south,water_temperature,2.0,degC,month_1,2014-07-29,2014-08-27,18.768395439946605,17.898775513227513,1.911318991994218,lead_dependent_anomaly_relaxation,1.0,True,0.4549841917343982,0.4549841917343982,136,3,2011|2012|2013,1f92aea4ca280fa03a06dc0d0ff819f311548e2ae969426691160c00482443ec,observation_time_proxy,historical data_available_time is unknown; observation_time is a pseudo-operational proxy,18.402762194444445,30,17.898775513227513,19.81009450522173,18.768395439946605,7,JJA
2014-07-29T00:00:00+00:00,2014-07-28,windermere,south,water_temperature,2.0,degC,month_2,2014-08-28,2014-09-26,15.971450645825549,15.850125425925926,1.911318991994218,lead_dependent_anomaly_relaxation,1.0,True,0.0634772219644174,0.0634772219644174,132,3,2011|2012|2013,9ecdafcc2b07353d035597db05217ac544c529b016bf14f95b937d38139b42bb,observation_time_proxy,historical data_available_time is unknown; observation_time is a pseudo-operational proxy,17.19909009722222,30,15.850125425925926,17.761444417920146,15.971450645825549,7,JJA
2014-07-29T00:00:00+00:00,2014-07-28,windermere,south,water_temperature,2.0,degC,month_3,2014-09-27,2014-10-26,13.203335224537037,13.203335224537037,1.911318991994218,lead_dependent_anomaly_relaxation,1.0,True,-0.13844483672249952,0.0,128,3,2011|2012|2013,2aa711ce2f2745d3225926f6cd344fc9ddef4ef2c841511b0cc1aa94ea53b00e,observation_time_proxy,historical data_available_time is unknown; observation_time is a pseudo-operational proxy,14.300757875,30,13.203335224537037,15.114654216531255,13.203335224537037,7,JJA
2014-08-05T00:00:00+00:00,2014-08-04,windermere,south,water_temperature,2.0,degC,month_1,2014-08-05,2014-09-03,18.523375225091367,17.564538089616402,2.107407582271996,lead_dependent_anomaly_relaxation,1.0,True,0.4549841917343982,0.4549841917343982,136,3,2011|2012|2013,1f92aea4ca280fa03a06dc0d0ff819f311548e2ae969426691160c00482443ec,observation_time_proxy,historical data_available_time is unknown; observation_time is a pseudo-operational proxy,17.514598625,30,17.564538089616402,19.6719456718884,18.523375225091367,8,JJA
2014-08-05T00:00:00+00:00,2014-08-04,windermere,south,water_temperature,2.0,degC,month_2,2014-09-04,2014-10-03,15.382836601091597,15.249064222222222,2.107407582271996,lead_dependent_anomaly_relaxation,1.0,True,0.0634772219644174,0.0634772219644174,132,3,2011|2012|2013,9ecdafcc2b07353d035597db05217ac544c529b016bf14f95b937d38139b42bb,observation_time_proxy,historical data_available_time is unknown; observation_time is a pseudo-operational proxy,17.12002490277778,30,15.249064222222222,17.35647180449422,15.382836601091597,8,JJA
2014-08-05T00:00:00+00:00,2014-08-04,windermere,south,water_temperature,2.0,degC,month_3,2014-10-04,2014-11-02,12.497574878321256,12.497574878321256,2.107407582271996,lead_dependent_anomaly_relaxation,1.0,True,-0.13844483672249952,0.0,128,3,2011|2012|2013,2aa711ce2f2745d3225926f6cd344fc9ddef4ef2c841511b0cc1aa94ea53b00e,observation_time_proxy,historical data_available_time is unknown; observation_time is a pseudo-operational proxy,13.322702666666666,30,12.497574878321256,14.604982460593252,12.497574878321256,8,JJA
2014-08-12T00:00:00+00:00,2014-08-11,windermere,south,water_temperature,2.0,degC,month_1,2014-08-12,2014-09-10,18.041288477505653,17.122641627314813,2.0190742159391526,lead_dependent_anomaly_relaxation,1.0,True,0.4549841917343982,0.4549841917343982,136,3,2011|2012|2013,1f92aea4ca280fa03a06dc0d0ff819f311548e2ae969426691160c00482443ec,observation_time_proxy,historical data_available_time is unknown; observation_time is a pseudo-operational proxy,17.194972944444444,30,17.122641627314813,19.141715843253966,18.041288477505653,8,JJA
2014-08-12T00:00:00+00:00,2014-08-11,windermere,south,water_temperature,2.0,degC,month_2,2014-09-11,2014-10-10,14.75561574068632,14.627450518518518,2.0190742159391526,lead_dependent_anomaly_relaxation,1.0,True,0.0634772219644174,0.0634772219644174,132,3,2011|2012|2013,9ecdafcc2b07353d035597db05217ac544c529b016bf14f95b937d38139b42bb,observation_time_proxy,historical data_available_time is unknown; observation_time is a pseudo-operational proxy,16.463740444444444,30,14.627450518518518,16.64652473445767,14.75561574068632,8,JJA
2014-08-12T00:00:00+00:00,2014-08-11,windermere,south,water_temperature,2.0,degC,month_3,2014-10-11,2014-11-09,11.776196226700886,11.776196226700886,2.0190742159391526,lead_dependent_anomaly_relaxation,1.0,True,-0.13844483672249952,0.0,128,3,2011|2012|2013,2aa711ce2f2745d3225926f6cd344fc9ddef4ef2c841511b0cc1aa94ea53b00e,observation_time_proxy,historical data_available_time is unknown; observation_time is a pseudo-operational proxy,12.481766972222223,30,11.776196226700886,13.795270442640039,11.776196226700886,8,JJA
2014-08-19T00:00:00+00:00,2014-08-18,windermere,south,water_temperature,2.0,degC,month_1,2014-08-19,2014-09-17,17.37494112944579,16.62769512037037,1.6423559821428562,lead_dependent_anomaly_relaxation,1.0,True,0.4549841917343982,0.4549841917343982,136,3,2011|2012|2013,1f92aea4ca280fa03a06dc0d0ff819f311548e2ae969426691160c00482443ec,observation_time_proxy,historical data_available_time is unknown; observation_time is a pseudo-operational proxy,17.117457972222223,30,16.62769512037037,18.270051102513225,17.37494112944579,8,JJA
2014-08-19T00:00:00+00:00,2014-08-18,windermere,south,water_temperature,2.0,degC,month_2,2014-09-18,2014-10-17,14.106330848000848,14.002078652777778,1.6423559821428562,lead_dependent_anomaly_relaxation,1.0,True,0.0634772219644174,0.0634772219644174,132,3,2011|2012|2013,9ecdafcc2b07353d035597db05217ac544c529b016bf14f95b937d38139b42bb,observation_time_proxy,historical data_available_time is unknown; observation_time is a pseudo-operational proxy,15.599404430555555,30,14.002078652777778,15.644434634920634,14.106330848000848,8,JJA
2014-08-19T00:00:00+00:00,2014-08-18,windermere,south,water_temperature,2.0,degC,month_3,2014-10-18,2014-11-16,11.043649539432367,11.043649539432367,1.6423559821428562,lead_dependent_anomaly_relaxation,1.0,True,-0.13844483672249952,0.0,128,3,2011|2012|2013,2aa711ce2f2745d3225926f6cd344fc9ddef4ef2c841511b0cc1aa94ea53b00e,observation_time_proxy,historical data_available_time is unknown; observation_time is a pseudo-operational proxy,11.770116486111112,30,11.043649539432367,12.686005521575224,11.043649539432367,8,JJA
2014-08-26T00:00:00+00:00,2014-08-25,windermere,south,water_temperature,2.0,degC,month_1,2014-08-26,2014-09-24,16.391082437812667,16.038092425925925,0.7758291789021179,lead_dependent_anomaly_relaxation,1.0,True,0.4549841917343982,0.4549841917343982,136,3,2011|2012|2013,1f92aea4ca280fa03a06dc0d0ff819f311548e2ae969426691160c00482443ec,observation_time_proxy,historical data_available_time is unknown; observation_time is a pseudo-operational proxy,17.1903345,30,16.038092425925925,16.813921604828042,16.391082437812667,8,JJA
2014-08-26T00:00:00+00:00,2014-08-25,windermere,south,water_temperature,2.0,degC,month_2,2014-09-25,2014-10-24,13.434405916180827,13.385158435185186,0.7758291789021179,lead_dependent_anomaly_relaxation,1.0,True,0.0634772219644174,0.0634772219644174,132,3,2011|2012|2013,9ecdafcc2b07353d035597db05217ac544c529b016bf14f95b937d38139b42bb,observation_time_proxy,historical data_available_time is unknown; observation_time is a pseudo-operational proxy,14.590573722222222,30,13.385158435185186,14.160987614087304,13.434405916180827,8,JJA
2014-08-26T00:00:00+00:00,2014-08-25,windermere,south,water_temperature,2.0,degC,month_3,2014-10-25,2014-11-23,10.364877967441625,10.364877967441625,0.7758291789021179,lead_dependent_anomaly_relaxation,1.0,True,-0.13844483672249952,0.0,128,3,2011|2012|2013,2aa711ce2f2745d3225926f6cd344fc9ddef4ef2c841511b0cc1aa94ea53b00e,observation_time_proxy,historical data_available_time is unknown; observation_time is a pseudo-operational proxy,11.12725513888889,30,10.364877967441625,11.140707146343743,10.364877967441625,8,JJA
2014-09-02T00:00:00+00:00,2014-09-01,windermere,south,water_temperature,2.0,degC,month_1,2014-09-02,2014-10-01,15.428615913283709,15.422777921296296,0.012831197420634766,lead_dependent_anomaly_relaxation,1.0,True,0.4549841917343982,0.4549841917343982,136,3,2011|2012|2013,1f92aea4ca280fa03a06dc0d0ff819f311548e2ae969426691160c00482443ec,observation_time_proxy,historical data_available_time is unknown; observation_time is a pseudo-operational proxy,17.178285958333333,30,15.422777921296296,15.43560911871693,15.428615913283709,9,SON
2014-09-02T00:00:00+00:00,2014-09-01,windermere,south,water_temperature,2.0,degC,month_2,2014-10-02,2014-10-31,12.703169621717624,12.702355132950885,0.012831197420634766,lead_dependent_anomaly_relaxation,1.0,True,0.0634772219644174,0.0634772219644174,132,3,2011|2012|2013,9ecdafcc2b07353d035597db05217ac544c529b016bf14f95b937d38139b42bb,observation_time_proxy,historical data_available_time is unknown; observation_time is a pseudo-operational proxy,13.595942180555555,30,12.702355132950885,12.71518633037152,12.703169621717624,9,SON
2014-09-02T00:00:00+00:00,2014-09-01,windermere,south,water_temperature,2.0,degC,month_3,2014-11-01,2014-11-30,9.700829167592593,9.700829167592593,0.012831197420634766,lead_dependent_anomaly_relaxation,1.0,True,-0.13844483672249952,0.0,128,3,2011|2012|2013,2aa711ce2f2745d3225926f6cd344fc9ddef4ef2c841511b0cc1aa94ea53b00e,observation_time_proxy,historical data_available_time is unknown; observation_time is a pseudo-operational proxy,10.5626915,30,9.700829167592593,9.713660365013228,9.700829167592593,9,SON
2014-09-09T00:00:00+00:00,2014-09-08,windermere,south,water_temperature,2.0,degC,month_1,2014-09-09,2014-10-08,14.81280996132661,14.805270703703703,0.01657037268518735,lead_dependent_anomaly_relaxation,1.0,True,0.4549841917343982,0.4549841917343982,136,3,2011|2012|2013,1f92aea4ca280fa03a06dc0d0ff819f311548e2ae969426691160c00482443ec,observation_time_proxy,historical data_available_time is unknown; observation_time is a pseudo-operational proxy,16.67892448611111,30,14.805270703703703,14.82184107638889,14.81280996132661,9,SON
2014-09-09T00:00:00+00:00,2014-09-08,windermere,south,water_temperature,2.0,degC,month_2,2014-10-09,2014-11-07,11.986364829036969,11.985312987811998,0.01657037268518735,lead_dependent_anomaly_relaxation,1.0,True,0.0634772219644174,0.0634772219644174,132,3,2011|2012|2013,9ecdafcc2b07353d035597db05217ac544c529b016bf14f95b937d38139b42bb,observation_time_proxy,historical data_available_time is unknown; observation_time is a pseudo-operational proxy,12.709478291666667,30,11.985312987811998,12.001883360497185,11.986364829036969,9,SON
2014-09-09T00:00:00+00:00,2014-09-08,windermere,south,water_temperature,2.0,degC,month_3,2014-11-08,2014-12-07,9.002830125623994,9.002830125623994,0.01657037268518735,lead_dependent_anomaly_relaxation,1.0,True,-0.13844483672249952,0.0,128,3,2011|2012|2013,2aa711ce2f2745d3225926f6cd344fc9ddef4ef2c841511b0cc1aa94ea53b00e,observation_time_proxy,historical data_available_time is unknown; observation_time is a pseudo-operational proxy,10.00432873611111,30,9.002830125623994,9.019400498309182,9.002830125623994,9,SON
2014-09-16T00:00:00+00:00,2014-09-15,windermere,south,water_temperature,2.0,degC,month_1,2014-09-16,2014-10-15,14.327041283740932,14.170241293981482,0.34462733564814485,lead_dependent_anomaly_relaxation,1.0,True,0.4549841917343982,0.4549841917343982,136,3,2011|2012|2013,1f92aea4ca280fa03a06dc0d0ff819f311548e2ae969426691160c00482443ec,observation_time_proxy,historical data_available_time is unknown; observation_time is a pseudo-operational proxy,15.851240833333334,30,14.170241293981482,14.514868629629627,14.327041283740932,9,SON
2014-09-16T00:00:00+00:00,2014-09-15,windermere,south,water_temperature,2.0,degC,month_2,2014-10-16,2014-11-14,11.27178511767342,11.249909131793478,0.34462733564814485,lead_dependent_anomaly_relaxation,1.0,True,0.0634772219644174,0.0634772219644174,132,3,2011|2012|2013,9ecdafcc2b07353d035597db05217ac544c529b016bf14f95b937d38139b42bb,observation_time_proxy,historical data_available_time is unknown; observation_time is a pseudo-operational proxy,11.964908958333334,30,11.249909131793478,11.594536467441623,11.27178511767342,9,SON
2014-09-16T00:00:00+00:00,2014-09-15,windermere,south,water_temperature,2.0,degC,month_3,2014-11-15,2014-12-14,8.309285704327698,8.309285704327698,0.34462733564814485,lead_dependent_anomaly_relaxation,1.0,True,-0.13844483672249952,0.0,128,3,2011|2012|2013,2aa711ce2f2745d3225926f6cd344fc9ddef4ef2c841511b0cc1aa94ea53b00e,observation_time_proxy,historical data_available_time is unknown; observation_time is a pseudo-operational proxy,9.42002225,30,8.309285704327698,8.653913039975842,8.309285704327698,9,SON
2014-09-23T00:00:00+00:00,2014-09-22,windermere,south,water_temperature,2.0,degC,month_1,2014-09-23,2014-10-22,14.001232732892014,13.56586187962963,0.9568922638888893,lead_dependent_anomaly_relaxation,1.0,True,0.4549841917343982,0.4549841917343982,136,3,2011|2012|2013,1f92aea4ca280fa03a06dc0d0ff819f311548e2ae969426691160c00482443ec,observation_time_proxy,historical data_available_time is unknown; observation_time is a pseudo-operational proxy,14.889995222222222,30,13.56586187962963,14.522754143518519,14.001232732892014,9,SON
2014-09-23T00:00:00+00:00,2014-09-22,windermere,south,water_temperature,2.0,degC,month_2,2014-10-23,2014-11-21,10.61454945900772,10.553808596376811,0.9568922638888893,lead_dependent_anomaly_relaxation,1.0,True,0.0634772219644174,0.0634772219644174,132,3,2011|2012|2013,9ecdafcc2b07353d035597db05217ac544c529b016bf14f95b937d38139b42bb,observation_time_proxy,historical data_available_time is unknown; observation_time is a pseudo-operational proxy,11.291927263888889,30,10.553808596376811,11.5107008602657,10.61454945900772,9,SON
2014-09-23T00:00:00+00:00,2014-09-22,windermere,south,water_temperature,2.0,degC,month_3,2014-11-22,2014-12-21,7.61654010317029,7.61654010317029,0.9568922638888893,lead_dependent_anomaly_relaxation,1.0,True,-0.13844483672249952,0.0,128,3,2011|2012|2013,2aa711ce2f2745d3225926f6cd344fc9ddef4ef2c841511b0cc1aa94ea53b00e,observation_time_proxy,historical data_available_time is unknown; observation_time is a pseudo-operational proxy,8.804368763888888,30,7.61654010317029,8.57343236705918,7.61654010317029,9,SON
2014-09-30T00:00:00+00:00,2014-09-29,windermere,south,water_temperature,2.0,degC,month_1,2014-09-30,2014-10-29,13.639582371860097,12.910140395833333,1.6032248796296305,lead_dependent_anomaly_relaxation,1.0,True,0.4549841917343982,0.4549841917343982,136,3,2011|2012|2013,1f92aea4ca280fa03a06dc0d0ff819f311548e2ae969426691160c00482443ec,observation_time_proxy,historical data_available_time is unknown; observation_time is a pseudo-operational proxy,13.881135055555555,30,12.910140395833333,14.513365275462963,13.639582371860097,9,SON
2014-09-30T00:00:00+00:00,2014-09-29,windermere,south,water_temperature,2.0,degC,month_2,2014-10-30,2014-11-28,9.993828326438456,9.892060064895329,1.6032248796296305,lead_dependent_anomaly_relaxation,1.0,True,0.0634772219644174,0.0634772219644174,132,3,2011|2012|2013,9ecdafcc2b07353d035597db05217ac544c529b016bf14f95b937d38139b42bb,observation_time_proxy,historical data_available_time is unknown; observation_time is a pseudo-operational proxy,10.721813347222222,30,9.892060064895329,11.49528494452496,9.993828326438456,9,SON
2014-09-30T00:00:00+00:00,2014-09-29,windermere,south,water_temperature,2.0,degC,month_3,2014-11-29,2014-12-28,6.954709623772142,6.954709623772142,1.6032248796296305,lead_dependent_anomaly_relaxation,1.0,True,-0.13844483672249952,0.0,128,3,2011|2012|2013,2aa711ce2f2745d3225926f6cd344fc9ddef4ef2c841511b0cc1aa94ea53b00e,observation_time_proxy,historical data_available_time is unknown; observation_time is a pseudo-operational proxy,8.284428111111112,30,6.954709623772142,8.557934503401771,6.954709623772142,9,SON
2014-10-07T00:00:00+00:00,2014-10-06,windermere,south,water_temperature,2.0,degC,month_1,2014-10-07,2014-11-05,13.063058636615994,12.193930196608292,1.9102387638888878,lead_dependent_anomaly_relaxation,1.0,True,0.4549841917343982,0.4549841917343982,136,3,2011|2012|2013,1f92aea4ca280fa03a06dc0d0ff819f311548e2ae969426691160c00482443ec,observation_time_proxy,historical data_available_time is unknown; observation_time is a pseudo-operational proxy,12.942660541666667,30,12.193930196608292,14.10416896049718,13.063058636615994,10,SON
2014-10-07T00:00:00+00:00,2014-10-06,windermere,south,water_temperature,2.0,degC,month_2,2014-11-06,2014-12-05,9.324023838144402,9.202767188123993,1.9102387638888878,lead_dependent_anomaly_relaxation,1.0,True,0.0634772219644174,0.0634772219644174,132,3,2011|2012|2013,9ecdafcc2b07353d035597db05217ac544c529b016bf14f95b937d38139b42bb,observation_time_proxy,historical data_available_time is unknown; observation_time is a pseudo-operational proxy,10.160347027777778,30,9.202767188123993,11.11300595201288,9.324023838144402,10,SON
2014-10-07T00:00:00+00:00,2014-10-06,windermere,south,water_temperature,2.0,degC,month_3,2014-12-06,2015-01-04,6.269453112137681,6.269453112137681,1.9102387638888878,lead_dependent_anomaly_relaxation,1.0,True,-0.13844483672249952,0.0,128,3,2011|2012|2013,2aa711ce2f2745d3225926f6cd344fc9ddef4ef2c841511b0cc1aa94ea53b00e,observation_time_proxy,historical data_available_time is unknown; observation_time is a pseudo-operational proxy,7.757254277777778,30,6.269453112137681,8.179691876026569,6.269453112137681,10,SON
2014-10-14T00:00:00+00:00,2014-10-13,windermere,south,water_temperature,2.0,degC,month_1,2014-10-14,2014-11-12,12.26011990209129,11.461908681099034,1.7543713287037015,lead_dependent_anomaly_relaxation,1.0,True,0.4549841917343982,0.4549841917343982,136,3,2011|2012|2013,1f92aea4ca280fa03a06dc0d0ff819f311548e2ae969426691160c00482443ec,observation_time_proxy,historical data_available_time is unknown; observation_time is a pseudo-operational proxy,12.154709194444445,30,11.461908681099034,13.216280009802736,12.26011990209129,10,SON
2014-10-14T00:00:00+00:00,2014-10-13,windermere,south,water_temperature,2.0,degC,month_2,2014-11-13,2014-12-12,8.616703398956721,8.505340780716587,1.7543713287037015,lead_dependent_anomaly_relaxation,1.0,True,0.0634772219644174,0.0634772219644174,132,3,2011|2012|2013,9ecdafcc2b07353d035597db05217ac544c529b016bf14f95b937d38139b42bb,observation_time_proxy,historical data_available_time is unknown; observation_time is a pseudo-operational proxy,9.594950194444445,30,8.505340780716587,10.259712109420288,8.616703398956721,10,SON
2014-10-14T00:00:00+00:00,2014-10-13,windermere,south,water_temperature,2.0,degC,month_3,2014-12-13,2015-01-11,5.804032265471014,5.804032265471014,1.7543713287037015,lead_dependent_anomaly_relaxation,1.0,True,-0.13844483672249952,0.0,128,3,2011|2012|2013,2aa711ce2f2745d3225926f6cd344fc9ddef4ef2c841511b0cc1aa94ea53b00e,observation_time_proxy,historical data_available_time is unknown; observation_time is a pseudo-operational proxy,7.340199791666667,30,5.804032265471014,7.558403594174716,5.804032265471014,10,SON
2014-10-21T00:00:00+00:00,2014-10-20,windermere,south,water_temperature,2.0,degC,month_1,2014-10-21,2014-11-19,11.40332872663082,10.746122507487922,1.4444594583333323,lead_dependent_anomaly_relaxation,1.0,True,0.4549841917343982,0.4549841917343982,136,3,2011|2012|2013,1f92aea4ca280fa03a06dc0d0ff819f311548e2ae969426691160c00482443ec,observation_time_proxy,historical data_available_time is unknown; observation_time is a pseudo-operational proxy,11.472634722222223,30,10.746122507487922,12.190581965821254,11.40332872663082,10,SON
2014-10-21T00:00:00+00:00,2014-10-20,windermere,south,water_temperature,2.0,degC,month_2,2014-11-20,2014-12-19,7.907001250436628,7.815310976781401,1.4444594583333323,lead_dependent_anomaly_relaxation,1.0,True,0.0634772219644174,0.0634772219644174,132,3,2011|2012|2013,9ecdafcc2b07353d035597db05217ac544c529b016bf14f95b937d38139b42bb,observation_time_proxy,historical data_available_time is unknown; observation_time is a pseudo-operational proxy,8.97190475,30,7.815310976781401,9.259770435114733,7.907001250436628,10,SON
2014-10-21T00:00:00+00:00,2014-10-20,windermere,south,water_temperature,2.0,degC,month_3,2014-12-20,2015-01-18,5.450859372137681,5.450859372137681,1.4444594583333323,lead_dependent_anomaly_relaxation,1.0,True,-0.13844483672249952,0.0,128,3,2011|2012|2013,2aa711ce2f2745d3225926f6cd344fc9ddef4ef2c841511b0cc1aa94ea53b00e,observation_time_proxy,historical data_available_time is unknown; observation_time is a pseudo-operational proxy,7.019312236111111,30,5.450859372137681,6.895318830471013,5.450859372137681,10,SON
2014-10-28T00:00:00+00:00,2014-10-27,windermere,south,water_temperature,2.0,degC,month_1,2014-10-28,2014-11-26,10.561227631498138,10.083331447997182,1.0503577754629614,lead_dependent_anomaly_relaxation,1.0,True,0.4549841917343982,0.4549841917343982,136,3,2011|2012|2013,1f92aea4ca280fa03a06dc0d0ff819f311548e2ae969426691160c00482443ec,observation_time_proxy,historical data_available_time is unknown; observation_time is a pseudo-operational proxy,10.887165,30,10.083331447997182,11.133689223460143,10.561227631498138,10,SON
2014-10-28T00:00:00+00:00,2014-10-27,windermere,south,water_temperature,2.0,degC,month_2,2014-11-27,2014-12-26,7.197460194279107,7.130786400623993,1.0503577754629614,lead_dependent_anomaly_relaxation,1.0,True,0.0634772219644174,0.0634772219644174,132,3,2011|2012|2013,9ecdafcc2b07353d035597db05217ac544c529b016bf14f95b937d38139b42bb,observation_time_proxy,historical data_available_time is unknown; observation_time is a pseudo-operational proxy,8.427570666666666,30,7.130786400623993,8.181144176086955,7.197460194279107,10,SON
2014-10-28T00:00:00+00:00,2014-10-27,windermere,south,water_temperature,2.0,degC,month_3,2014-12-27,2015-01-25,5.147673668824189,5.147673668824189,1.0503577754629614,lead_dependent_anomaly_relaxation,1.0,True,-0.13844483672249952,0.0,128,3,2011|2012|2013,2aa711ce2f2745d3225926f6cd344fc9ddef4ef2c841511b0cc1aa94ea53b00e,observation_time_proxy,historical data_available_time is unknown; observation_time is a pseudo-operational proxy,6.590291486111111,30,5.147673668824189,6.1980314442871505,5.147673668824189,10,SON
2014-11-04T00:00:00+00:00,2014-11-03,windermere,south,water_temperature,2.0,degC,month_1,2014-11-04,2014-12-03,9.766651592514751,9.404594740670289,0.7957569920491157,lead_dependent_anomaly_relaxation,1.0,True,0.4549841917343982,0.4549841917343982,136,3,2011|2012|2013,1f92aea4ca280fa03a06dc0d0ff819f311548e2ae969426691160c00482443ec,observation_time_proxy,historical data_available_time is unknown; observation_time is a pseudo-operational proxy,10.321351319444444,30,9.404594740670289,10.200351732719405,9.766651592514751,11,SON
2014-11-04T00:00:00+00:00,2014-11-03,windermere,south,water_temperature,2.0,degC,month_2,2014-12-04,2015-01-02,6.609868741209064,6.559356297995025,0.7957569920491157,lead_dependent_anomaly_relaxation,1.0,True,0.0634772219644174,0.0634772219644174,132,3,2011|2012|2013,9ecdafcc2b07353d035597db05217ac544c529b016bf14f95b937d38139b42bb,observation_time_proxy,historical data_available_time is unknown; observation_time is a pseudo-operational proxy,7.903130222222222,30,6.559356297995025,7.355113290044141,6.609868741209064,11,SON
2014-11-04T00:00:00+00:00,2014-11-03,windermere,south,water_temperature,2.0,degC,month_3,2015-01-03,2015-02-01,4.984961108217592,4.984961108217592,0.7957569920491157,lead_dependent_anomaly_relaxation,1.0,True,-0.13844483672249952,0.0,128,3,2011|2012|2013,2aa711ce2f2745d3225926f6cd344fc9ddef4ef2c841511b0cc1aa94ea53b00e,observation_time_proxy,historical data_available_time is unknown; observation_time is a pseudo-operational proxy,6.158576472222222,30,4.984961108217592,5.780718100266708,4.984961108217592,11,SON
2014-11-11T00:00:00+00:00,2014-11-10,windermere,south,water_temperature,2.0,degC,month_1,2014-11-11,2014-12-10,9.019869696322365,8.701738933494363,0.6992127827898553,lead_dependent_anomaly_relaxation,1.0,True,0.4549841917343982,0.4549841917343982,136,3,2011|2012|2013,1f92aea4ca280fa03a06dc0d0ff819f311548e2ae969426691160c00482443ec,observation_time_proxy,historical data_available_time is unknown; observation_time is a pseudo-operational proxy,9.767886166666667,30,8.701738933494363,9.400951716284219,9.019869696322365,11,SON
2014-11-11T00:00:00+00:00,2014-11-10,windermere,south,water_temperature,2.0,degC,month_2,2014-12-11,2015-01-09,5.974587912984524,5.930203827971014,0.6992127827898553,lead_dependent_anomaly_relaxation,1.0,True,0.0634772219644174,0.0634772219644174,132,3,2011|2012|2013,9ecdafcc2b07353d035597db05217ac544c529b016bf14f95b937d38139b42bb,observation_time_proxy,historical data_available_time is unknown; observation_time is a pseudo-operational proxy,7.436323541666667,30,5.930203827971014,6.629416610760869,5.974587912984524,11,SON
2014-11-11T00:00:00+00:00,2014-11-10,windermere,south,water_temperature,2.0,degC,month_3,2015-01-10,2015-02-08,4.784489628852513,4.784489628852513,0.6992127827898553,lead_dependent_anomaly_relaxation,1.0,True,-0.13844483672249952,0.0,128,3,2011|2012|2013,2aa711ce2f2745d3225926f6cd344fc9ddef4ef2c841511b0cc1aa94ea53b00e,observation_time_proxy,historical data_available_time is unknown; observation_time is a pseudo-operational proxy,5.705795236111111,30,4.784489628852513,5.483702411642368,4.784489628852513,11,SON
2014-11-18T00:00:00+00:00,2014-11-17,windermere,south,water_temperature,2.0,degC,month_1,2014-11-18,2014-12-17,8.342352399458925,8.011819945994365,0.7264701927435588,lead_dependent_anomaly_relaxation,1.0,True,0.4549841917343982,0.4549841917343982,136,3,2011|2012|2013,1f92aea4ca280fa03a06dc0d0ff819f311548e2ae969426691160c00482443ec,observation_time_proxy,historical data_available_time is unknown; observation_time is a pseudo-operational proxy,9.146957763888889,30,8.011819945994365,8.738290138737923,8.342352399458925,11,SON
2014-11-18T00:00:00+00:00,2014-11-17,windermere,south,water_temperature,2.0,degC,month_2,2014-12-18,2015-01-16,5.584303414312997,5.538189104637681,0.7264701927435588,lead_dependent_anomaly_relaxation,1.0,True,0.0634772219644174,0.0634772219644174,132,3,2011|2012|2013,9ecdafcc2b07353d035597db05217ac544c529b016bf14f95b937d38139b42bb,observation_time_proxy,historical data_available_time is unknown; observation_time is a pseudo-operational proxy,7.117582791666667,30,5.538189104637681,6.26465929738124,5.584303414312997,11,SON
2014-11-18T00:00:00+00:00,2014-11-17,windermere,south,water_temperature,2.0,degC,month_3,2015-01-17,2015-02-15,4.623070745006614,4.623070745006614,0.7264701927435588,lead_dependent_anomaly_relaxation,1.0,True,-0.13844483672249952,0.0,128,3,2011|2012|2013,2aa711ce2f2745d3225926f6cd344fc9ddef4ef2c841511b0cc1aa94ea53b00e,observation_time_proxy,historical data_available_time is unknown; observation_time is a pseudo-operational proxy,5.282385430555555,30,4.623070745006614,5.349540937750173,4.623070745006614,11,SON
2014-11-25T00:00:00+00:00,2014-11-24,windermere,south,water_temperature,2.0,degC,month_1,2014-11-25,2014-12-24,7.672483769513071,7.3196986809480675,0.775378782326893,lead_dependent_anomaly_relaxation,1.0,True,0.4549841917343982,0.4549841917343982,136,3,2011|2012|2013,1f92aea4ca280fa03a06dc0d0ff819f311548e2ae969426691160c00482443ec,observation_time_proxy,historical data_available_time is unknown; observation_time is a pseudo-operational proxy,8.572504361111111,30,7.3196986809480675,8.095077463274961,7.672483769513071,11,SON
2014-11-25T00:00:00+00:00,2014-11-24,windermere,south,water_temperature,2.0,degC,month_2,2014-12-25,2015-01-23,5.279495947495659,5.230277056423395,0.775378782326893,lead_dependent_anomaly_relaxation,1.0,True,0.0634772219644174,0.0634772219644174,132,3,2011|2012|2013,9ecdafcc2b07353d035597db05217ac544c529b016bf14f95b937d38139b42bb,observation_time_proxy,historical data_available_time is unknown; observation_time is a pseudo-operational proxy,6.723091541666667,30,5.230277056423395,6.005655838750288,5.279495947495659,11,SON
2014-11-25T00:00:00+00:00,2014-11-24,windermere,south,water_temperature,2.0,degC,month_3,2015-01-24,2015-02-22,4.503461230324074,4.503461230324074,0.775378782326893,lead_dependent_anomaly_relaxation,1.0,True,-0.13844483672249952,0.0,128,3,2011|2012|2013,2aa711ce2f2745d3225926f6cd344fc9ddef4ef2c841511b0cc1aa94ea53b00e,observation_time_proxy,historical data_available_time is unknown; observation_time is a pseudo-operational proxy,4.999646861111112,30,4.503461230324074,5.278840012650967,4.503461230324074,11,SON
2014-12-02T00:00:00+00:00,2014-12-01,windermere,south,water_temperature,2.0,degC,month_1,2014-12-02,2014-12-31,7.1031222434984205,6.70308138708736,0.8792412212962972,lead_dependent_anomaly_relaxation,1.0,True,0.4549841917343982,0.4549841917343982,136,3,2011|2012|2013,1f92aea4ca280fa03a06dc0d0ff819f311548e2ae969426691160c00482443ec,observation_time_proxy,historical data_available_time is unknown; observation_time is a pseudo-operational proxy,8.053412777777778,30,6.70308138708736,7.582322608383657,7.1031222434984205,12,DJF
2014-12-02T00:00:00+00:00,2014-12-01,windermere,south,water_temperature,2.0,degC,month_2,2015-01-01,2015-01-30,5.111527881604708,5.0557160914402175,0.8792412212962972,lead_dependent_anomaly_relaxation,1.0,True,0.0634772219644174,0.0634772219644174,132,3,2011|2012|2013,9ecdafcc2b07353d035597db05217ac544c529b016bf14f95b937d38139b42bb,observation_time_proxy,historical data_available_time is unknown; observation_time is a pseudo-operational proxy,6.282284930555556,30,5.0557160914402175,5.934957312736515,5.111527881604708,12,DJF
2014-12-02T00:00:00+00:00,2014-12-01,windermere,south,water_temperature,2.0,degC,month_3,2015-01-31,2015-03-01,4.435112518981482,4.435112518981482,0.8792412212962972,lead_dependent_anomaly_relaxation,1.0,True,-0.13844483672249952,0.0,128,3,2011|2012|2013,2aa711ce2f2745d3225926f6cd344fc9ddef4ef2c841511b0cc1aa94ea53b00e,observation_time_proxy,historical data_available_time is unknown; observation_time is a pseudo-operational proxy,4.817938597222223,30,4.435112518981482,5.314353740277779,4.435112518981482,12,DJF
2014-12-09T00:00:00+00:00,2014-12-08,windermere,south,water_temperature,2.0,degC,month_1,2014-12-09,2015-01-07,6.526636200461939,6.059212141304347,1.0273413178945248,lead_dependent_anomaly_relaxation,1.0,True,0.4549841917343982,0.4549841917343982,136,3,2011|2012|2013,1f92aea4ca280fa03a06dc0d0ff819f311548e2ae969426691160c00482443ec,observation_time_proxy,historical data_available_time is unknown; observation_time is a pseudo-operational proxy,7.555504375,30,6.059212141304347,7.086553459198872,6.526636200461939,12,DJF
2014-12-09T00:00:00+00:00,2014-12-08,windermere,south,water_temperature,2.0,degC,month_2,2015-01-08,2015-02-06,4.901015962386404,4.835803189517196,1.0273413178945248,lead_dependent_anomaly_relaxation,1.0,True,0.0634772219644174,0.0634772219644174,132,3,2011|2012|2013,9ecdafcc2b07353d035597db05217ac544c529b016bf14f95b937d38139b42bb,observation_time_proxy,historical data_available_time is unknown; observation_time is a pseudo-operational proxy,5.832898055555556,30,4.835803189517196,5.863144507411721,4.901015962386404,12,DJF
2014-12-09T00:00:00+00:00,2014-12-08,windermere,south,water_temperature,2.0,degC,month_3,2015-02-07,2015-03-08,4.462162656944445,4.462162656944445,1.0273413178945248,lead_dependent_anomaly_relaxation,1.0,True,-0.13844483672249952,0.0,128,3,2011|2012|2013,2aa711ce2f2745d3225926f6cd344fc9ddef4ef2c841511b0cc1aa94ea53b00e,observation_time_proxy,historical data_available_time is unknown; observation_time is a pseudo-operational proxy,4.783031111111111,30,4.462162656944445,5.48950397483897,4.462162656944445,12,DJF
2014-12-16T00:00:00+00:00,2014-12-15,windermere,south,water_temperature,2.0,degC,month_1,2014-12-16,2015-01-14,6.149223283806096,5.639627506859903,1.1200296322463767,lead_dependent_anomaly_relaxation,1.0,True,0.4549841917343982,0.4549841917343982,136,3,2011|2012|2013,1f92aea4ca280fa03a06dc0d0ff819f311548e2ae969426691160c00482443ec,observation_time_proxy,historical data_available_time is unknown; observation_time is a pseudo-operational proxy,7.207022388888889,30,5.639627506859903,6.75965713910628,6.149223283806096,12,DJF
2014-12-16T00:00:00+00:00,2014-12-15,windermere,south,water_temperature,2.0,degC,month_2,2015-01-15,2015-02-13,4.742366576633013,4.671270207060185,1.1200296322463767,lead_dependent_anomaly_relaxation,1.0,True,0.0634772219644174,0.0634772219644174,132,3,2011|2012|2013,9ecdafcc2b07353d035597db05217ac544c529b016bf14f95b937d38139b42bb,observation_time_proxy,historical data_available_time is unknown; observation_time is a pseudo-operational proxy,5.387159083333334,30,4.671270207060185,5.791299839306562,4.742366576633013,12,DJF
2014-12-16T00:00:00+00:00,2014-12-15,windermere,south,water_temperature,2.0,degC,month_3,2015-02-14,2015-03-15,4.554412205324074,4.554412205324074,1.1200296322463767,lead_dependent_anomaly_relaxation,1.0,True,-0.13844483672249952,0.0,128,3,2011|2012|2013,2aa711ce2f2745d3225926f6cd344fc9ddef4ef2c841511b0cc1aa94ea53b00e,observation_time_proxy,historical data_available_time is unknown; observation_time is a pseudo-operational proxy,4.868689138888889,30,4.554412205324074,5.674441837570451,4.554412205324074,12,DJF
2014-12-23T00:00:00+00:00,2014-12-22,windermere,south,water_temperature,2.0,degC,month_1,2014-12-23,2015-01-21,5.864717091632127,5.316240654062284,1.2054846026167478,lead_dependent_anomaly_relaxation,1.0,True,0.4549841917343982,0.4549841917343982,136,3,2011|2012|2013,1f92aea4ca280fa03a06dc0d0ff819f311548e2ae969426691160c00482443ec,observation_time_proxy,historical data_available_time is unknown; observation_time is a pseudo-operational proxy,6.849909305555555,30,5.316240654062284,6.521725256679032,5.864717091632127,12,DJF
2014-12-23T00:00:00+00:00,2014-12-22,windermere,south,water_temperature,2.0,degC,month_2,2015-01-22,2015-02-20,4.611247318093139,4.534726504398148,1.2054846026167478,lead_dependent_anomaly_relaxation,1.0,True,0.0634772219644174,0.0634772219644174,132,3,2011|2012|2013,9ecdafcc2b07353d035597db05217ac544c529b016bf14f95b937d38139b42bb,observation_time_proxy,historical data_available_time is unknown; observation_time is a pseudo-operational proxy,5.069379138888889,30,4.534726504398148,5.740211107014896,4.611247318093139,12,DJF
2014-12-23T00:00:00+00:00,2014-12-22,windermere,south,water_temperature,2.0,degC,month_3,2015-02-21,2015-03-22,4.767804195138889,4.767804195138889,1.2054846026167478,lead_dependent_anomaly_relaxation,1.0,True,-0.13844483672249952,0.0,128,3,2011|2012|2013,2aa711ce2f2745d3225926f6cd344fc9ddef4ef2c841511b0cc1aa94ea53b00e,observation_time_proxy,historical data_available_time is unknown; observation_time is a pseudo-operational proxy,5.042699805555555,30,4.767804195138889,5.973288797755637,4.767804195138889,12,DJF
2014-12-30T00:00:00+00:00,2014-12-29,windermere,south,water_temperature,2.0,degC,month_1,2014-12-30,2015-01-28,5.6379120679050585,5.027404578129745,1.3418213222926738,lead_dependent_anomaly_relaxation,1.0,True,0.4549841917343982,0.4549841917343982,136,3,2011|2012|2013,1f92aea4ca280fa03a06dc0d0ff819f311548e2ae969426691160c00482443ec,observation_time_proxy,historical data_available_time is unknown; observation_time is a pseudo-operational proxy,6.403398875,30,5.027404578129745,6.3692259004224185,5.6379120679050585,12,DJF
2014-12-30T00:00:00+00:00,2014-12-29,windermere,south,water_temperature,2.0,degC,month_2,2015-01-29,2015-02-27,4.530413169772872,4.445238079861111,1.3418213222926738,lead_dependent_anomaly_relaxation,1.0,True,0.0634772219644174,0.0634772219644174,132,3,2011|2012|2013,9ecdafcc2b07353d035597db05217ac544c529b016bf14f95b937d38139b42bb,observation_time_proxy,historical data_available_time is unknown; observation_time is a pseudo-operational proxy,4.85740575,30,4.445238079861111,5.787059402153785,4.530413169772872,12,DJF
2014-12-30T00:00:00+00:00,2014-12-29,windermere,south,water_temperature,2.0,degC,month_3,2015-02-28,2015-03-29,5.105579477083333,5.105579477083333,1.3418213222926738,lead_dependent_anomaly_relaxation,1.0,True,-0.13844483672249952,0.0,128,3,2011|2012|2013,2aa711ce2f2745d3225926f6cd344fc9ddef4ef2c841511b0cc1aa94ea53b00e,observation_time_proxy,historical data_available_time is unknown; observation_time is a pseudo-operational proxy,5.279928083333333,30,5.105579477083333,6.447400799376007,5.105579477083333,12,DJF
2015-01-06T00:00:00+00:00,2015-01-05,windermere,south,water_temperature,2.0,degC,month_1,2015-01-06,2015-02-04,5.774458679445982,5.041879689087302,1.3515788840982284,lead_dependent_anomaly_relaxation,1.0,True,0.5420171911367618,0.5420171911367618,189,4,2011|2012|2013|2014,b05342239154ab1a01bba34d74f6dce57a3b40abd2fa3044ce10a5cbf6be95cf,observation_time_proxy,historical data_available_time is unknown; observation_time is a pseudo-operational proxy,5.963864986111111,30,5.041879689087302,6.39345857318553,5.774458679445982,1,DJF
2015-01-06T00:00:00+00:00,2015-01-05,windermere,south,water_temperature,2.0,degC,month_2,2015-02-05,2015-03-06,4.911117589563165,4.591985384126984,1.3515788840982284,lead_dependent_anomaly_relaxation,1.0,True,0.2361180758229335,0.2361180758229335,184,4,2011|2012|2013|2014,07e6e1f90210f0b967629dda95bdfb3552a0e0025d0eef416489cec48cfe4c51,observation_time_proxy,historical data_available_time is unknown; observation_time is a pseudo-operational proxy,4.772624819444444,30,4.591985384126984,5.943564268225212,4.911117589563165,1,DJF
2015-01-06T00:00:00+00:00,2015-01-05,windermere,south,water_temperature,2.0,degC,month_3,2015-03-07,2015-04-05,5.75651215114036,5.662219915674603,1.3515788840982284,lead_dependent_anomaly_relaxation,1.0,True,0.06976450769920721,0.06976450769920721,180,4,2011|2012|2013|2014,1b47f2c0080299c15fc2d8212482d6fad5cc035678b47add584dd04d0dfd6d40,observation_time_proxy,historical data_available_time is unknown; observation_time is a pseudo-operational proxy,5.579026652777777,30,5.662219915674603,7.0137987997728315,5.75651215114036,1,DJF
2015-01-13T00:00:00+00:00,2015-01-12,windermere,south,water_temperature,2.0,degC,month_1,2015-01-13,2015-02-11,5.6178379503712055,4.864836916709184,1.3892567357185985,lead_dependent_anomaly_relaxation,1.0,True,0.5420171911367618,0.5420171911367618,189,4,2011|2012|2013|2014,b05342239154ab1a01bba34d74f6dce57a3b40abd2fa3044ce10a5cbf6be95cf,observation_time_proxy,historical data_available_time is unknown; observation_time is a pseudo-operational proxy,5.5095711666666665,30,4.864836916709184,6.254093652427782,5.6178379503712055,1,DJF
2015-01-13T00:00:00+00:00,2015-01-12,windermere,south,water_temperature,2.0,degC,month_2,2015-02-12,2015-03-13,4.997698449880972,4.669669822619047,1.3892567357185985,lead_dependent_anomaly_relaxation,1.0,True,0.2361180758229335,0.2361180758229335,184,4,2011|2012|2013|2014,07e6e1f90210f0b967629dda95bdfb3552a0e0025d0eef416489cec48cfe4c51,observation_time_proxy,historical data_available_time is unknown; observation_time is a pseudo-operational proxy,4.841382513888889,30,4.669669822619047,6.058926558337646,4.997698449880972,1,DJF
2015-01-13T00:00:00+00:00,2015-01-12,windermere,south,water_temperature,2.0,degC,month_3,2015-03-14,2015-04-12,6.233521686639977,6.1366008744047615,1.3892567357185985,lead_dependent_anomaly_relaxation,1.0,True,0.06976450769920721,0.06976450769920721,180,4,2011|2012|2013|2014,1b47f2c0080299c15fc2d8212482d6fad5cc035678b47add584dd04d0dfd6d40,observation_time_proxy,historical data_available_time is unknown; observation_time is a pseudo-operational proxy,6.204862013888889,30,6.1366008744047615,7.52585761012336,6.233521686639977,1,DJF
2015-01-20T00:00:00+00:00,2015-01-19,windermere,south,water_temperature,2.0,degC,month_1,2015-01-20,2015-02-18,5.4683481541210135,4.71130505734127,1.3967141802126468,lead_dependent_anomaly_relaxation,1.0,True,0.5420171911367618,0.5420171911367618,189,4,2011|2012|2013|2014,b05342239154ab1a01bba34d74f6dce57a3b40abd2fa3044ce10a5cbf6be95cf,observation_time_proxy,historical data_available_time is unknown; observation_time is a pseudo-operational proxy,5.143198694444445,30,4.71130505734127,6.108019237553917,5.4683481541210135,1,DJF
2015-01-20T00:00:00+00:00,2015-01-19,windermere,south,water_temperature,2.0,degC,month_2,2015-02-19,2015-03-20,5.188408801412765,4.858619336706349,1.3967141802126468,lead_dependent_anomaly_relaxation,1.0,True,0.2361180758229335,0.2361180758229335,184,4,2011|2012|2013|2014,07e6e1f90210f0b967629dda95bdfb3552a0e0025d0eef416489cec48cfe4c51,observation_time_proxy,historical data_available_time is unknown; observation_time is a pseudo-operational proxy,4.98284925,30,4.858619336706349,6.255333516918996,5.188408801412765,1,DJF
2015-01-20T00:00:00+00:00,2015-01-19,windermere,south,water_temperature,2.0,degC,month_3,2015-03-21,2015-04-19,6.846976694242529,6.749535617063492,1.3967141802126468,lead_dependent_anomaly_relaxation,1.0,True,0.06976450769920721,0.06976450769920721,180,4,2011|2012|2013|2014,1b47f2c0080299c15fc2d8212482d6fad5cc035678b47add584dd04d0dfd6d40,observation_time_proxy,historical data_available_time is unknown; observation_time is a pseudo-operational proxy,6.852479652777778,30,6.749535617063492,8.146249797276138,6.846976694242529,1,DJF
2015-01-27T00:00:00+00:00,2015-01-26,windermere,south,water_temperature,2.0,degC,month_1,2015-01-27,2015-02-25,5.277516543496606,4.6033433,1.2438226213502128,lead_dependent_anomaly_relaxation,1.0,True,0.5420171911367618,0.5420171911367618,189,4,2011|2012|2013|2014,b05342239154ab1a01bba34d74f6dce57a3b40abd2fa3044ce10a5cbf6be95cf,observation_time_proxy,historical data_available_time is unknown; observation_time is a pseudo-operational proxy,4.9103944861111115,30,4.6033433,5.8471659213502125,5.277516543496606,1,DJF
2015-01-27T00:00:00+00:00,2015-01-26,windermere,south,water_temperature,2.0,degC,month_2,2015-02-26,2015-03-27,5.451156016518249,5.1574670125,1.2438226213502128,lead_dependent_anomaly_relaxation,1.0,True,0.2361180758229335,0.2361180758229335,184,4,2011|2012|2013|2014,07e6e1f90210f0b967629dda95bdfb3552a0e0025d0eef416489cec48cfe4c51,observation_time_proxy,historical data_available_time is unknown; observation_time is a pseudo-operational proxy,5.2139575972222225,30,5.1574670125,6.4012896338502125,5.451156016518249,1,DJF
2015-01-27T00:00:00+00:00,2015-01-26,windermere,south,water_temperature,2.0,degC,month_3,2015-03-28,2015-04-26,7.624325684417709,7.537551011574074,1.2438226213502128,lead_dependent_anomaly_relaxation,1.0,True,0.06976450769920721,0.06976450769920721,180,4,2011|2012|2013|2014,1b47f2c0080299c15fc2d8212482d6fad5cc035678b47add584dd04d0dfd6d40,observation_time_proxy,historical data_available_time is unknown; observation_time is a pseudo-operational proxy,7.791644319444445,30,7.537551011574074,8.781373632924286,7.624325684417709,1,DJF
2015-02-03T00:00:00+00:00,2015-02-02,windermere,south,water_temperature,2.0,degC,month_1,2015-02-03,2015-03-04,5.119395700708451,4.582935807738095,0.9897470075538548,lead_dependent_anomaly_relaxation,1.0,True,0.5420171911367618,0.5420171911367618,189,4,2011|2012|2013|2014,b05342239154ab1a01bba34d74f6dce57a3b40abd2fa3044ce10a5cbf6be95cf,observation_time_proxy,historical data_available_time is unknown; observation_time is a pseudo-operational proxy,4.778225916666667,30,4.582935807738095,5.57268281529195,5.119395700708451,2,DJF
2015-02-03T00:00:00+00:00,2015-02-02,windermere,south,water_temperature,2.0,degC,month_2,2015-03-05,2015-04-03,5.790988740125916,5.5572915811507935,0.9897470075538548,lead_dependent_anomaly_relaxation,1.0,True,0.2361180758229335,0.2361180758229335,184,4,2011|2012|2013|2014,07e6e1f90210f0b967629dda95bdfb3552a0e0025d0eef416489cec48cfe4c51,observation_time_proxy,historical data_available_time is unknown; observation_time is a pseudo-operational proxy,5.470633152777777,30,5.5572915811507935,6.547038588704648,5.790988740125916,2,DJF
2015-02-03T00:00:00+00:00,2015-02-02,windermere,south,water_temperature,2.0,degC,month_3,2015-04-04,2015-05-03,8.34892416434913,8.279874951620371,0.9897470075538548,lead_dependent_anomaly_relaxation,1.0,True,0.06976450769920721,0.06976450769920721,180,4,2011|2012|2013|2014,1b47f2c0080299c15fc2d8212482d6fad5cc035678b47add584dd04d0dfd6d40,observation_time_proxy,historical data_available_time is unknown; observation_time is a pseudo-operational proxy,8.52976276388889,30,8.279874951620371,9.269621959174227,8.34892416434913,2,DJF
2015-02-10T00:00:00+00:00,2015-02-09,windermere,south,water_temperature,2.0,degC,month_1,2015-02-10,2015-03-11,5.034110383219362,4.638632569642857,0.7296407199688213,lead_dependent_anomaly_relaxation,1.0,True,0.5420171911367618,0.5420171911367618,189,4,2011|2012|2013|2014,b05342239154ab1a01bba34d74f6dce57a3b40abd2fa3044ce10a5cbf6be95cf,observation_time_proxy,historical data_available_time is unknown; observation_time is a pseudo-operational proxy,4.813784194444445,30,4.638632569642857,5.368273289611678,5.034110383219362,2,DJF
2015-02-10T00:00:00+00:00,2015-02-09,windermere,south,water_temperature,2.0,degC,month_2,2015-03-12,2015-04-10,6.140847459666494,5.968566096825397,0.7296407199688213,lead_dependent_anomaly_relaxation,1.0,True,0.2361180758229335,0.2361180758229335,184,4,2011|2012|2013|2014,07e6e1f90210f0b967629dda95bdfb3552a0e0025d0eef416489cec48cfe4c51,observation_time_proxy,historical data_available_time is unknown; observation_time is a pseudo-operational proxy,6.062277472222222,30,5.968566096825397,6.698206816794218,6.140847459666494,2,DJF
2015-02-10T00:00:00+00:00,2015-02-09,windermere,south,water_temperature,2.0,degC,month_3,2015-04-11,2015-05-10,9.231245403635178,9.180342378009259,0.7296407199688213,lead_dependent_anomaly_relaxation,1.0,True,0.06976450769920721,0.06976450769920721,180,4,2011|2012|2013|2014,1b47f2c0080299c15fc2d8212482d6fad5cc035678b47add584dd04d0dfd6d40,observation_time_proxy,historical data_available_time is unknown; observation_time is a pseudo-operational proxy,8.94694673611111,30,9.180342378009259,9.909983097978081,9.231245403635178,2,DJF
2015-02-17T00:00:00+00:00,2015-02-16,windermere,south,water_temperature,2.0,degC,month_1,2015-02-17,2015-03-18,5.052954652978349,4.7906717202380955,0.48390150170361323,lead_dependent_anomaly_relaxation,1.0,True,0.5420171911367618,0.5420171911367618,189,4,2011|2012|2013|2014,b05342239154ab1a01bba34d74f6dce57a3b40abd2fa3044ce10a5cbf6be95cf,observation_time_proxy,historical data_available_time is unknown; observation_time is a pseudo-operational proxy,4.919310347222222,30,4.7906717202380955,5.274573221941709,5.052954652978349,2,DJF
2015-02-17T00:00:00+00:00,2015-02-16,windermere,south,water_temperature,2.0,degC,month_2,2015-03-19,2015-04-17,6.674869075398657,6.560611183928572,0.48390150170361323,lead_dependent_anomaly_relaxation,1.0,True,0.2361180758229335,0.2361180758229335,184,4,2011|2012|2013|2014,07e6e1f90210f0b967629dda95bdfb3552a0e0025d0eef416489cec48cfe4c51,observation_time_proxy,historical data_available_time is unknown; observation_time is a pseudo-operational proxy,6.665436194444444,30,6.560611183928572,7.044512685632185,6.674869075398657,2,DJF
2015-02-17T00:00:00+00:00,2015-02-16,windermere,south,water_temperature,2.0,degC,month_3,2015-04-18,2015-05-17,10.09028921115237,10.056530061111111,0.48390150170361323,lead_dependent_anomaly_relaxation,1.0,True,0.06976450769920721,0.06976450769920721,180,4,2011|2012|2013|2014,1b47f2c0080299c15fc2d8212482d6fad5cc035678b47add584dd04d0dfd6d40,observation_time_proxy,historical data_available_time is unknown; observation_time is a pseudo-operational proxy,9.475393805555555,30,10.056530061111111,10.540431562814724,10.09028921115237,2,DJF
2015-02-24T00:00:00+00:00,2015-02-23,windermere,south,water_temperature,2.0,degC,month_1,2015-02-24,2015-03-25,5.247439730642288,5.062003312103175,0.34212276210317416,lead_dependent_anomaly_relaxation,1.0,True,0.5420171911367618,0.5420171911367618,189,4,2011|2012|2013|2014,b05342239154ab1a01bba34d74f6dce57a3b40abd2fa3044ce10a5cbf6be95cf,observation_time_proxy,historical data_available_time is unknown; observation_time is a pseudo-operational proxy,5.1447029861111115,30,5.062003312103175,5.404126074206349,5.247439730642288,2,DJF
2015-02-24T00:00:00+00:00,2015-02-23,windermere,south,water_temperature,2.0,degC,month_2,2015-03-26,2015-04-24,7.412971718745992,7.332190350462963,0.34212276210317416,lead_dependent_anomaly_relaxation,1.0,True,0.2361180758229335,0.2361180758229335,184,4,2011|2012|2013|2014,07e6e1f90210f0b967629dda95bdfb3552a0e0025d0eef416489cec48cfe4c51,observation_time_proxy,historical data_available_time is unknown; observation_time is a pseudo-operational proxy,7.543929958333333,30,7.332190350462963,7.6743131125661375,7.412971718745992,2,DJF
2015-02-24T00:00:00+00:00,2015-02-23,windermere,south,water_temperature,2.0,degC,month_3,2015-04-25,2015-05-24,10.93933766218193,10.91546963611111,0.34212276210317416,lead_dependent_anomaly_relaxation,1.0,True,0.06976450769920721,0.06976450769920721,180,4,2011|2012|2013|2014,1b47f2c0080299c15fc2d8212482d6fad5cc035678b47add584dd04d0dfd6d40,observation_time_proxy,historical data_available_time is unknown; observation_time is a pseudo-operational proxy,9.839421722222221,30,10.91546963611111,11.257592398214285,10.93933766218193,2,DJF
2015-03-03T00:00:00+00:00,2015-03-02,windermere,south,water_temperature,2.0,degC,month_1,2015-03-03,2015-04-01,5.562506720627893,5.441656266269841,0.22296424603174536,lead_dependent_anomaly_relaxation,1.0,True,0.5420171911367618,0.5420171911367618,189,4,2011|2012|2013|2014,b05342239154ab1a01bba34d74f6dce57a3b40abd2fa3044ce10a5cbf6be95cf,observation_time_proxy,historical data_available_time is unknown; observation_time is a pseudo-operational proxy,5.381508444444444,30,5.441656266269841,5.664620512301586,5.562506720627893,3,MAM
2015-03-03T00:00:00+00:00,2015-03-02,windermere,south,water_temperature,2.0,degC,month_2,2015-04-02,2015-05-01,8.11393943481514,8.061293546064814,0.22296424603174536,lead_dependent_anomaly_relaxation,1.0,True,0.2361180758229335,0.2361180758229335,184,4,2011|2012|2013|2014,07e6e1f90210f0b967629dda95bdfb3552a0e0025d0eef416489cec48cfe4c51,observation_time_proxy,historical data_available_time is unknown; observation_time is a pseudo-operational proxy,8.3356595,30,8.061293546064814,8.28425779209656,8.11393943481514,3,MAM
2015-03-03T00:00:00+00:00,2015-03-02,windermere,south,water_temperature,2.0,degC,month_3,2015-05-02,2015-05-31,11.914643452962103,11.899088462103174,0.22296424603174536,lead_dependent_anomaly_relaxation,1.0,True,0.06976450769920721,0.06976450769920721,180,4,2011|2012|2013|2014,1b47f2c0080299c15fc2d8212482d6fad5cc035678b47add584dd04d0dfd6d40,observation_time_proxy,historical data_available_time is unknown; observation_time is a pseudo-operational proxy,10.555186222222222,30,11.899088462103174,12.12205270813492,11.914643452962103,3,MAM
2015-03-10T00:00:00+00:00,2015-03-09,windermere,south,water_temperature,2.0,degC,month_1,2015-03-10,2015-04-08,5.929560565646194,5.834254703769841,0.1758354964285722,lead_dependent_anomaly_relaxation,1.0,True,0.5420171911367618,0.5420171911367618,189,4,2011|2012|2013|2014,b05342239154ab1a01bba34d74f6dce57a3b40abd2fa3044ce10a5cbf6be95cf,observation_time_proxy,historical data_available_time is unknown; observation_time is a pseudo-operational proxy,5.825369,30,5.834254703769841,6.010090200198413,5.929560565646194,3,MAM
2015-03-10T00:00:00+00:00,2015-03-09,windermere,south,water_temperature,2.0,degC,month_2,2015-04-09,2015-05-08,8.969421219865122,8.927903280787037,0.1758354964285722,lead_dependent_anomaly_relaxation,1.0,True,0.2361180758229335,0.2361180758229335,184,4,2011|2012|2013|2014,07e6e1f90210f0b967629dda95bdfb3552a0e0025d0eef416489cec48cfe4c51,observation_time_proxy,historical data_available_time is unknown; observation_time is a pseudo-operational proxy,8.871885805555555,30,8.927903280787037,9.103738777215609,8.969421219865122,3,MAM
2015-03-10T00:00:00+00:00,2015-03-09,windermere,south,water_temperature,2.0,degC,month_3,2015-05-09,2015-06-07,13.042955590801691,13.030688513957307,0.1758354964285722,lead_dependent_anomaly_relaxation,1.0,True,0.06976450769920721,0.06976450769920721,180,4,2011|2012|2013|2014,1b47f2c0080299c15fc2d8212482d6fad5cc035678b47add584dd04d0dfd6d40,observation_time_proxy,historical data_available_time is unknown; observation_time is a pseudo-operational proxy,11.270032847222222,30,13.030688513957307,13.206524010385879,13.042955590801691,3,MAM
2015-03-17T00:00:00+00:00,2015-03-16,windermere,south,water_temperature,2.0,degC,month_1,2015-03-17,2015-04-15,6.464842243670594,6.385740240277777,0.1459400267857136,lead_dependent_anomaly_relaxation,1.0,True,0.5420171911367618,0.5420171911367618,189,4,2011|2012|2013|2014,b05342239154ab1a01bba34d74f6dce57a3b40abd2fa3044ce10a5cbf6be95cf,observation_time_proxy,historical data_available_time is unknown; observation_time is a pseudo-operational proxy,6.459014111111111,30,6.385740240277777,6.531680267063491,6.464842243670594,3,MAM
2015-03-17T00:00:00+00:00,2015-03-16,windermere,south,water_temperature,2.0,degC,month_2,2015-04-16,2015-05-15,9.837602430162042,9.803143351851851,0.1459400267857136,lead_dependent_anomaly_relaxation,1.0,True,0.2361180758229335,0.2361180758229335,184,4,2011|2012|2013|2014,07e6e1f90210f0b967629dda95bdfb3552a0e0025d0eef416489cec48cfe4c51,observation_time_proxy,historical data_available_time is unknown; observation_time is a pseudo-operational proxy,9.347562819444445,30,9.803143351851851,9.949083378637564,9.837602430162042,3,MAM
2015-03-17T00:00:00+00:00,2015-03-16,windermere,south,water_temperature,2.0,degC,month_3,2015-05-16,2015-06-14,14.16547576000491,14.155294325882595,0.1459400267857136,lead_dependent_anomaly_relaxation,1.0,True,0.06976450769920721,0.06976450769920721,180,4,2011|2012|2013|2014,1b47f2c0080299c15fc2d8212482d6fad5cc035678b47add584dd04d0dfd6d40,observation_time_proxy,historical data_available_time is unknown; observation_time is a pseudo-operational proxy,12.280973694444445,30,14.155294325882595,14.30123435266831,14.16547576000491,3,MAM
2015-03-24T00:00:00+00:00,2015-03-23,windermere,south,water_temperature,2.0,degC,month_1,2015-03-24,2015-04-22,7.094021984849756,7.039119782506184,0.10129236349206394,lead_dependent_anomaly_relaxation,1.0,True,0.5420171911367618,0.5420171911367618,189,4,2011|2012|2013|2014,b05342239154ab1a01bba34d74f6dce57a3b40abd2fa3044ce10a5cbf6be95cf,observation_time_proxy,historical data_available_time is unknown; observation_time is a pseudo-operational proxy,7.2174754722222225,30,7.039119782506184,7.140412145998248,7.094021984849756,3,MAM
2015-03-24T00:00:00+00:00,2015-03-23,windermere,south,water_temperature,2.0,degC,month_2,2015-04-23,2015-05-22,10.692760674861452,10.668843716898149,0.10129236349206394,lead_dependent_anomaly_relaxation,1.0,True,0.2361180758229335,0.2361180758229335,184,4,2011|2012|2013|2014,07e6e1f90210f0b967629dda95bdfb3552a0e0025d0eef416489cec48cfe4c51,observation_time_proxy,historical data_available_time is unknown; observation_time is a pseudo-operational proxy,9.765840916666667,30,10.668843716898149,10.770136080390213,10.692760674861452,3,MAM
2015-03-24T00:00:00+00:00,2015-03-23,windermere,south,water_temperature,2.0,degC,month_3,2015-05-23,2015-06-21,15.140464194268716,15.133397582396004,0.10129236349206394,lead_dependent_anomaly_relaxation,1.0,True,0.06976450769920721,0.06976450769920721,180,4,2011|2012|2013|2014,1b47f2c0080299c15fc2d8212482d6fad5cc035678b47add584dd04d0dfd6d40,observation_time_proxy,historical data_available_time is unknown; observation_time is a pseudo-operational proxy,13.309884027777777,30,15.133397582396004,15.234689945888068,15.140464194268716,3,MAM
2015-03-31T00:00:00+00:00,2015-03-30,windermere,south,water_temperature,2.0,degC,month_1,2015-03-31,2015-04-29,7.831313156433626,7.845602078935185,-0.02636248948412767,lead_dependent_anomaly_relaxation,1.0,True,0.5420171911367618,0.5420171911367618,189,4,2011|2012|2013|2014,b05342239154ab1a01bba34d74f6dce57a3b40abd2fa3044ce10a5cbf6be95cf,observation_time_proxy,historical data_available_time is unknown; observation_time is a pseudo-operational proxy,8.128286875,30,7.845602078935185,7.819239589451057,7.831313156433626,3,MAM
2015-03-31T00:00:00+00:00,2015-03-30,windermere,south,water_temperature,2.0,degC,month_2,2015-04-30,2015-05-29,11.618383449643423,11.624608109934318,-0.02636248948412767,lead_dependent_anomaly_relaxation,1.0,True,0.2361180758229335,0.2361180758229335,184,4,2011|2012|2013|2014,07e6e1f90210f0b967629dda95bdfb3552a0e0025d0eef416489cec48cfe4c51,observation_time_proxy,historical data_available_time is unknown; observation_time is a pseudo-operational proxy,10.325316152777777,30,11.624608109934318,11.59824562045019,11.618383449643423,3,MAM
2015-03-31T00:00:00+00:00,2015-03-30,windermere,south,water_temperature,2.0,degC,month_3,2015-05-30,2015-06-28,15.860472263565534,15.86231142966612,-0.02636248948412767,lead_dependent_anomaly_relaxation,1.0,True,0.06976450769920721,0.06976450769920721,180,4,2011|2012|2013|2014,1b47f2c0080299c15fc2d8212482d6fad5cc035678b47add584dd04d0dfd6d40,observation_time_proxy,historical data_available_time is unknown; observation_time is a pseudo-operational proxy,14.080565305555556,30,15.86231142966612,15.835948940181993,15.860472263565534,3,MAM
2015-04-07T00:00:00+00:00,2015-04-06,windermere,south,water_temperature,2.0,degC,month_1,2015-04-07,2015-05-06,8.620110205539442,8.656635921990741,-0.06738848333333358,lead_dependent_anomaly_relaxation,1.0,True,0.5420171911367618,0.5420171911367618,189,4,2011|2012|2013|2014,b05342239154ab1a01bba34d74f6dce57a3b40abd2fa3044ce10a5cbf6be95cf,observation_time_proxy,historical data_available_time is unknown; observation_time is a pseudo-operational proxy,8.754373819444444,30,8.656635921990741,8.589247438657408,8.620110205539442,4,MAM
2015-04-07T00:00:00+00:00,2015-04-06,windermere,south,water_temperature,2.0,degC,month_2,2015-05-07,2015-06-05,12.681021570910184,12.696933209927478,-0.06738848333333358,lead_dependent_anomaly_relaxation,1.0,True,0.2361180758229335,0.2361180758229335,184,4,2011|2012|2013|2014,07e6e1f90210f0b967629dda95bdfb3552a0e0025d0eef416489cec48cfe4c51,observation_time_proxy,historical data_available_time is unknown; observation_time is a pseudo-operational proxy,11.087477222222223,30,12.696933209927478,12.629544726594144,12.681021570910184,4,MAM
2015-04-07T00:00:00+00:00,2015-04-06,windermere,south,water_temperature,2.0,degC,month_3,2015-06-06,2015-07-05,16.453502280794382,16.45820360515873,-0.06738848333333358,lead_dependent_anomaly_relaxation,1.0,True,0.06976450769920721,0.06976450769920721,180,4,2011|2012|2013|2014,1b47f2c0080299c15fc2d8212482d6fad5cc035678b47add584dd04d0dfd6d40,observation_time_proxy,historical data_available_time is unknown; observation_time is a pseudo-operational proxy,15.256385819444445,30,16.45820360515873,16.390815121825398,16.453502280794382,4,MAM
2015-04-14T00:00:00+00:00,2015-04-13,windermere,south,water_temperature,2.0,degC,month_1,2015-04-14,2015-05-13,9.59597221483097,9.549736784027777,0.08530251726190485,lead_dependent_anomaly_relaxation,1.0,True,0.5420171911367618,0.5420171911367618,189,4,2011|2012|2013|2014,b05342239154ab1a01bba34d74f6dce57a3b40abd2fa3044ce10a5cbf6be95cf,observation_time_proxy,historical data_available_time is unknown; observation_time is a pseudo-operational proxy,9.158802402777777,30,9.549736784027777,9.635039301289682,9.59597221483097,4,MAM
2015-04-14T00:00:00+00:00,2015-04-13,windermere,south,water_temperature,2.0,degC,month_2,2015-05-14,2015-06-12,13.873528496397464,13.85338703015873,0.08530251726190485,lead_dependent_anomaly_relaxation,1.0,True,0.2361180758229335,0.2361180758229335,184,4,2011|2012|2013|2014,07e6e1f90210f0b967629dda95bdfb3552a0e0025d0eef416489cec48cfe4c51,observation_time_proxy,historical data_available_time is unknown; observation_time is a pseudo-operational proxy,11.93849873611111,30,13.85338703015873,13.938689547420635,13.873528496397464,4,MAM
2015-04-14T00:00:00+00:00,2015-04-13,windermere,south,water_temperature,2.0,degC,month_3,2015-06-13,2015-07-12,16.99244048387327,16.98648939575099,0.08530251726190485,lead_dependent_anomaly_relaxation,1.0,True,0.06976450769920721,0.06976450769920721,180,4,2011|2012|2013|2014,1b47f2c0080299c15fc2d8212482d6fad5cc035678b47add584dd04d0dfd6d40,observation_time_proxy,historical data_available_time is unknown; observation_time is a pseudo-operational proxy,16.154388402777776,30,16.98648939575099,17.071791913012895,16.99244048387327,4,MAM
2015-04-21T00:00:00+00:00,2015-04-20,windermere,south,water_temperature,2.0,degC,month_1,2015-04-21,2015-05-20,10.475882869556953,10.413740564814814,0.11465006231962516,lead_dependent_anomaly_relaxation,1.0,True,0.5420171911367618,0.5420171911367618,189,4,2011|2012|2013|2014,b05342239154ab1a01bba34d74f6dce57a3b40abd2fa3044ce10a5cbf6be95cf,observation_time_proxy,historical data_available_time is unknown; observation_time is a pseudo-operational proxy,9.66423151388889,30,10.413740564814814,10.528390627134439,10.475882869556953,4,MAM
2015-04-21T00:00:00+00:00,2015-04-20,windermere,south,water_temperature,2.0,degC,month_2,2015-05-21,2015-06-19,14.90047754909749,14.8734065969896,0.11465006231962516,lead_dependent_anomaly_relaxation,1.0,True,0.2361180758229335,0.2361180758229335,184,4,2011|2012|2013|2014,07e6e1f90210f0b967629dda95bdfb3552a0e0025d0eef416489cec48cfe4c51,observation_time_proxy,historical data_available_time is unknown; observation_time is a pseudo-operational proxy,13.049542013888889,30,14.8734065969896,14.988056659309226,14.90047754909749,4,MAM
2015-04-21T00:00:00+00:00,2015-04-20,windermere,south,water_temperature,2.0,degC,month_3,2015-06-20,2015-07-19,17.525449887017512,17.5174513818621,0.11465006231962516,lead_dependent_anomaly_relaxation,1.0,True,0.06976450769920721,0.06976450769920721,180,4,2011|2012|2013|2014,1b47f2c0080299c15fc2d8212482d6fad5cc035678b47add584dd04d0dfd6d40,observation_time_proxy,historical data_available_time is unknown; observation_time is a pseudo-operational proxy,16.729199083333334,30,17.5174513818621,17.632101444181725,17.525449887017512,4,MAM
2015-04-28T00:00:00+00:00,2015-04-27,windermere,south,water_temperature,2.0,degC,month_1,2015-04-28,2015-05-27,11.532256979848409,11.377970264351852,0.28465280810185245,lead_dependent_anomaly_relaxation,1.0,True,0.5420171911367618,0.5420171911367618,189,4,2011|2012|2013|2014,b05342239154ab1a01bba34d74f6dce57a3b40abd2fa3044ce10a5cbf6be95cf,observation_time_proxy,historical data_available_time is unknown; observation_time is a pseudo-operational proxy,10.110490666666667,30,11.377970264351852,11.662623072453705,11.532256979848409,4,MAM
2015-04-28T00:00:00+00:00,2015-04-27,windermere,south,water_temperature,2.0,degC,month_2,2015-05-28,2015-06-26,15.70528166465118,15.638069991324576,0.28465280810185245,lead_dependent_anomaly_relaxation,1.0,True,0.2361180758229335,0.2361180758229335,184,4,2011|2012|2013|2014,07e6e1f90210f0b967629dda95bdfb3552a0e0025d0eef416489cec48cfe4c51,observation_time_proxy,historical data_available_time is unknown; observation_time is a pseudo-operational proxy,13.844369569444444,30,15.638069991324576,15.922722799426428,15.70528166465118,4,MAM
2015-04-28T00:00:00+00:00,2015-04-27,windermere,south,water_temperature,2.0,degC,month_3,2015-06-27,2015-07-26,18.018564161948014,17.99870549892559,0.28465280810185245,lead_dependent_anomaly_relaxation,1.0,True,0.06976450769920721,0.06976450769920721,180,4,2011|2012|2013|2014,1b47f2c0080299c15fc2d8212482d6fad5cc035678b47add584dd04d0dfd6d40,observation_time_proxy,historical data_available_time is unknown; observation_time is a pseudo-operational proxy,17.114629916666665,30,17.99870549892559,18.283358307027445,18.018564161948014,4,MAM
2015-05-05T00:00:00+00:00,2015-05-04,windermere,south,water_temperature,2.0,degC,month_1,2015-05-05,2015-06-03,12.471628303192894,12.352510663724685,0.2197672719907402,lead_dependent_anomaly_relaxation,1.0,True,0.5420171911367618,0.5420171911367618,189,4,2011|2012|2013|2014,b05342239154ab1a01bba34d74f6dce57a3b40abd2fa3044ce10a5cbf6be95cf,observation_time_proxy,historical data_available_time is unknown; observation_time is a pseudo-operational proxy,10.84140273611111,30,12.352510663724685,12.572277935715425,12.471628303192894,5,MAM
2015-05-05T00:00:00+00:00,2015-05-04,windermere,south,water_temperature,2.0,degC,month_2,2015-06-04,2015-07-03,16.388264422216707,16.336373396825397,0.2197672719907402,lead_dependent_anomaly_relaxation,1.0,True,0.2361180758229335,0.2361180758229335,184,4,2011|2012|2013|2014,07e6e1f90210f0b967629dda95bdfb3552a0e0025d0eef416489cec48cfe4c51,observation_time_proxy,historical data_available_time is unknown; observation_time is a pseudo-operational proxy,14.91979575,30,16.336373396825397,16.556140668816138,16.388264422216707,5,MAM
2015-05-05T00:00:00+00:00,2015-05-04,windermere,south,water_temperature,2.0,degC,month_3,2015-07-04,2015-08-02,18.389195765972357,18.373863810433527,0.2197672719907402,lead_dependent_anomaly_relaxation,1.0,True,0.06976450769920721,0.06976450769920721,180,4,2011|2012|2013|2014,1b47f2c0080299c15fc2d8212482d6fad5cc035678b47add584dd04d0dfd6d40,observation_time_proxy,historical data_available_time is unknown; observation_time is a pseudo-operational proxy,17.146777142857143,28,18.373863810433527,18.593631082424267,18.389195765972357,5,MAM
2015-05-12T00:00:00+00:00,2015-05-11,windermere,south,water_temperature,2.0,degC,month_1,2015-05-12,2015-06-10,13.383889343491546,13.5383159829844,-0.2849109622685173,lead_dependent_anomaly_relaxation,1.0,True,0.5420171911367618,0.5420171911367618,189,4,2011|2012|2013|2014,b05342239154ab1a01bba34d74f6dce57a3b40abd2fa3044ce10a5cbf6be95cf,observation_time_proxy,historical data_available_time is unknown; observation_time is a pseudo-operational proxy,11.6129685,30,13.5383159829844,13.253405020715883,13.383889343491546,5,MAM
2015-05-12T00:00:00+00:00,2015-05-11,windermere,south,water_temperature,2.0,degC,month_2,2015-06-11,2015-07-10,16.742721701000843,16.809994329192545,-0.2849109622685173,lead_dependent_anomaly_relaxation,1.0,True,0.2361180758229335,0.2361180758229335,184,4,2011|2012|2013|2014,07e6e1f90210f0b967629dda95bdfb3552a0e0025d0eef416489cec48cfe4c51,observation_time_proxy,historical data_available_time is unknown; observation_time is a pseudo-operational proxy,15.975044819444445,30,16.809994329192545,16.52508336692403,16.742721701000843,5,MAM
2015-05-12T00:00:00+00:00,2015-05-11,windermere,south,water_temperature,2.0,degC,month_3,2015-07-11,2015-08-09,18.513441025907284,18.533317698928055,-0.2849109622685173,lead_dependent_anomaly_relaxation,1.0,True,0.06976450769920721,0.06976450769920721,180,4,2011|2012|2013|2014,1b47f2c0080299c15fc2d8212482d6fad5cc035678b47add584dd04d0dfd6d40,observation_time_proxy,historical data_available_time is unknown; observation_time is a pseudo-operational proxy,16.988689910714285,28,18.533317698928055,18.24840673665954,18.513441025907284,5,MAM
2015-05-19T00:00:00+00:00,2015-05-18,windermere,south,water_temperature,2.0,degC,month_1,2015-05-19,2015-06-17,14.2506840035195,14.594906674787904,-0.6350770361111095,lead_dependent_anomaly_relaxation,1.0,True,0.5420171911367618,0.5420171911367618,189,4,2011|2012|2013|2014,b05342239154ab1a01bba34d74f6dce57a3b40abd2fa3044ce10a5cbf6be95cf,observation_time_proxy,historical data_available_time is unknown; observation_time is a pseudo-operational proxy,12.760271513888888,30,14.594906674787904,13.959829638676794,14.2506840035195,5,MAM
2015-05-19T00:00:00+00:00,2015-05-18,windermere,south,water_temperature,2.0,degC,month_2,2015-06-18,2015-07-17,17.239916428381928,17.389869596147815,-0.6350770361111095,lead_dependent_anomaly_relaxation,1.0,True,0.2361180758229335,0.2361180758229335,184,4,2011|2012|2013|2014,07e6e1f90210f0b967629dda95bdfb3552a0e0025d0eef416489cec48cfe4c51,observation_time_proxy,historical data_available_time is unknown; observation_time is a pseudo-operational proxy,16.593796569444443,30,17.389869596147815,16.754792560036705,17.239916428381928,5,MAM
2015-05-19T00:00:00+00:00,2015-05-18,windermere,south,water_temperature,2.0,degC,month_3,2015-07-18,2015-08-16,18.3963818650387,18.44068770181406,-0.6350770361111095,lead_dependent_anomaly_relaxation,1.0,True,0.06976450769920721,0.06976450769920721,180,4,2011|2012|2013|2014,1b47f2c0080299c15fc2d8212482d6fad5cc035678b47add584dd04d0dfd6d40,observation_time_proxy,historical data_available_time is unknown; observation_time is a pseudo-operational proxy,16.891816845238097,28,18.44068770181406,17.80561066570295,18.3963818650387,5,MAM
2015-05-26T00:00:00+00:00,2015-05-25,windermere,south,water_temperature,2.0,degC,month_1,2015-05-26,2015-06-24,14.842738297299112,15.440282219512863,-1.102444593981481,lead_dependent_anomaly_relaxation,1.0,True,0.5420171911367618,0.5420171911367618,189,4,2011|2012|2013|2014,b05342239154ab1a01bba34d74f6dce57a3b40abd2fa3044ce10a5cbf6be95cf,observation_time_proxy,historical data_available_time is unknown; observation_time is a pseudo-operational proxy,13.641737055555556,30,15.440282219512863,14.337837625531382,14.842738297299112,5,MAM
2015-05-26T00:00:00+00:00,2015-05-25,windermere,south,water_temperature,2.0,degC,month_2,2015-06-25,2015-07-24,17.581681293566305,17.84198838979861,-1.102444593981481,lead_dependent_anomaly_relaxation,1.0,True,0.2361180758229335,0.2361180758229335,184,4,2011|2012|2013|2014,07e6e1f90210f0b967629dda95bdfb3552a0e0025d0eef416489cec48cfe4c51,observation_time_proxy,historical data_available_time is unknown; observation_time is a pseudo-operational proxy,17.010520569444445,30,17.84198838979861,16.739543795817127,17.581681293566305,5,MAM
2015-05-26T00:00:00+00:00,2015-05-25,windermere,south,water_temperature,2.0,degC,month_3,2015-07-25,2015-08-23,18.139092758957226,18.216004263321995,-1.102444593981481,lead_dependent_anomaly_relaxation,1.0,True,0.06976450769920721,0.06976450769920721,180,4,2011|2012|2013|2014,1b47f2c0080299c15fc2d8212482d6fad5cc035678b47add584dd04d0dfd6d40,observation_time_proxy,historical data_available_time is unknown; observation_time is a pseudo-operational proxy,17.042615178571427,28,18.216004263321995,17.113559669340514,18.139092758957226,5,MAM
2015-06-02T00:00:00+00:00,2015-06-01,windermere,south,water_temperature,2.0,degC,month_1,2015-06-02,2015-07-01,15.424053078994183,16.170366847222223,-1.3769189989395176,lead_dependent_anomaly_relaxation,1.0,True,0.5420171911367618,0.5420171911367618,189,4,2011|2012|2013|2014,b05342239154ab1a01bba34d74f6dce57a3b40abd2fa3044ce10a5cbf6be95cf,observation_time_proxy,historical data_available_time is unknown; observation_time is a pseudo-operational proxy,14.534677722222222,30,16.170366847222223,14.793447848282705,15.424053078994183,6,JJA
2015-06-02T00:00:00+00:00,2015-06-01,windermere,south,water_temperature,2.0,degC,month_2,2015-07-02,2015-07-31,17.978595464887505,18.303710929481145,-1.3769189989395176,lead_dependent_anomaly_relaxation,1.0,True,0.2361180758229335,0.2361180758229335,184,4,2011|2012|2013|2014,07e6e1f90210f0b967629dda95bdfb3552a0e0025d0eef416489cec48cfe4c51,observation_time_proxy,historical data_available_time is unknown; observation_time is a pseudo-operational proxy,17.223236086309523,28,18.303710929481145,16.926791930541626,17.978595464887505,6,JJA
2015-06-02T00:00:00+00:00,2015-06-01,windermere,south,water_temperature,2.0,degC,month_3,2015-08-01,2015-08-30,17.687182770552628,17.78324284665533,-1.3769189989395176,lead_dependent_anomaly_relaxation,1.0,True,0.06976450769920721,0.06976450769920721,180,4,2011|2012|2013|2014,1b47f2c0080299c15fc2d8212482d6fad5cc035678b47add584dd04d0dfd6d40,observation_time_proxy,historical data_available_time is unknown; observation_time is a pseudo-operational proxy,17.122694708333334,30,17.78324284665533,16.40632384771581,17.687182770552628,6,JJA
2015-06-09T00:00:00+00:00,2015-06-08,windermere,south,water_temperature,2.0,degC,month_1,2015-06-09,2015-07-08,15.662985972889206,16.655351672446514,-1.830874953386699,lead_dependent_anomaly_relaxation,1.0,True,0.5420171911367618,0.5420171911367618,189,4,2011|2012|2013|2014,b05342239154ab1a01bba34d74f6dce57a3b40abd2fa3044ce10a5cbf6be95cf,observation_time_proxy,historical data_available_time is unknown; observation_time is a pseudo-operational proxy,15.701791888888888,30,16.655351672446514,14.824476719059815,15.662985972889206,6,JJA
2015-06-09T00:00:00+00:00,2015-06-08,windermere,south,water_temperature,2.0,degC,month_2,2015-07-09,2015-08-07,18.08634255563976,18.518645226705832,-1.830874953386699,lead_dependent_anomaly_relaxation,1.0,True,0.2361180758229335,0.2361180758229335,184,4,2011|2012|2013|2014,07e6e1f90210f0b967629dda95bdfb3552a0e0025d0eef416489cec48cfe4c51,observation_time_proxy,historical data_available_time is unknown; observation_time is a pseudo-operational proxy,17.022097782738093,28,18.518645226705832,16.68777027331913,18.08634255563976,6,JJA
2015-06-09T00:00:00+00:00,2015-06-08,windermere,south,water_temperature,2.0,degC,month_3,2015-08-08,2015-09-06,17.26336004712293,17.39109013690476,-1.830874953386699,lead_dependent_anomaly_relaxation,1.0,True,0.06976450769920721,0.06976450769920721,180,4,2011|2012|2013|2014,1b47f2c0080299c15fc2d8212482d6fad5cc035678b47add584dd04d0dfd6d40,observation_time_proxy,historical data_available_time is unknown; observation_time is a pseudo-operational proxy,17.216728708333335,30,17.39109013690476,15.560215183518062,17.26336004712293,6,JJA
2015-06-16T00:00:00+00:00,2015-06-15,windermere,south,water_temperature,2.0,degC,month_1,2015-06-16,2015-07-15,16.243920231329476,17.252639167576383,-1.8610460198344274,lead_dependent_anomaly_relaxation,1.0,True,0.5420171911367618,0.5420171911367618,189,4,2011|2012|2013|2014,b05342239154ab1a01bba34d74f6dce57a3b40abd2fa3044ce10a5cbf6be95cf,observation_time_proxy,historical data_available_time is unknown; observation_time is a pseudo-operational proxy,16.398255666666667,30,17.252639167576383,15.391593147741956,16.243920231329476,6,JJA
2015-06-16T00:00:00+00:00,2015-06-15,windermere,south,water_temperature,2.0,degC,month_2,2015-07-16,2015-08-14,18.021960181910288,18.46138678713152,-1.8610460198344274,lead_dependent_anomaly_relaxation,1.0,True,0.2361180758229335,0.2361180758229335,184,4,2011|2012|2013|2014,07e6e1f90210f0b967629dda95bdfb3552a0e0025d0eef416489cec48cfe4c51,observation_time_proxy,historical data_available_time is unknown; observation_time is a pseudo-operational proxy,16.940246086309525,28,18.46138678713152,16.60034076729709,18.021960181910288,6,JJA
2015-06-16T00:00:00+00:00,2015-06-15,windermere,south,water_temperature,2.0,degC,month_3,2015-08-15,2015-09-13,16.827285354112746,16.957120313492062,-1.8610460198344274,lead_dependent_anomaly_relaxation,1.0,True,0.06976450769920721,0.06976450769920721,180,4,2011|2012|2013|2014,1b47f2c0080299c15fc2d8212482d6fad5cc035678b47add584dd04d0dfd6d40,observation_time_proxy,historical data_available_time is unknown; observation_time is a pseudo-operational proxy,17.140355708333335,30,16.957120313492062,15.096074293657635,16.827285354112746,6,JJA
2015-06-23T00:00:00+00:00,2015-06-22,windermere,south,water_temperature,2.0,degC,month_1,2015-06-23,2015-07-22,16.721157283107274,17.706023687417655,-1.8170390541393004,lead_dependent_anomaly_relaxation,1.0,True,0.5420171911367618,0.5420171911367618,189,4,2011|2012|2013|2014,b05342239154ab1a01bba34d74f6dce57a3b40abd2fa3044ce10a5cbf6be95cf,observation_time_proxy,historical data_available_time is unknown; observation_time is a pseudo-operational proxy,16.91553036111111,30,17.706023687417655,15.888984633278355,16.721157283107274,6,JJA
2015-06-23T00:00:00+00:00,2015-06-22,windermere,south,water_temperature,2.0,degC,month_2,2015-07-23,2015-08-21,17.87009475610001,18.299130521258505,-1.8170390541393004,lead_dependent_anomaly_relaxation,1.0,True,0.2361180758229335,0.2361180758229335,184,4,2011|2012|2013|2014,07e6e1f90210f0b967629dda95bdfb3552a0e0025d0eef416489cec48cfe4c51,observation_time_proxy,historical data_available_time is unknown; observation_time is a pseudo-operational proxy,16.98550267857143,28,18.299130521258505,16.482091467119204,17.87009475610001,6,JJA
2015-06-23T00:00:00+00:00,2015-06-22,windermere,south,water_temperature,2.0,degC,month_3,2015-08-22,2015-09-20,16.370929712536785,16.497694547619048,-1.8170390541393004,lead_dependent_anomaly_relaxation,1.0,True,0.06976450769920721,0.06976450769920721,180,4,2011|2012|2013|2014,1b47f2c0080299c15fc2d8212482d6fad5cc035678b47add584dd04d0dfd6d40,observation_time_proxy,historical data_available_time is unknown; observation_time is a pseudo-operational proxy,16.88246286111111,30,16.497694547619048,14.680655493479748,16.370929712536785,6,JJA
2015-06-30T00:00:00+00:00,2015-06-29,windermere,south,water_temperature,2.0,degC,month_1,2015-06-30,2015-07-29,17.248451057349175,18.205803943370036,-1.766277715311988,lead_dependent_anomaly_relaxation,1.0,True,0.5420171911367618,0.5420171911367618,189,4,2011|2012|2013|2014,b05342239154ab1a01bba34d74f6dce57a3b40abd2fa3044ce10a5cbf6be95cf,observation_time_proxy,historical data_available_time is unknown; observation_time is a pseudo-operational proxy,17.250167529761903,28,18.205803943370036,16.43952622805805,17.248451057349175,6,JJA
2015-06-30T00:00:00+00:00,2015-06-29,windermere,south,water_temperature,2.0,degC,month_2,2015-07-30,2015-08-28,17.490612933686617,17.90766302919501,-1.766277715311988,lead_dependent_anomaly_relaxation,1.0,True,0.2361180758229335,0.2361180758229335,184,4,2011|2012|2013|2014,07e6e1f90210f0b967629dda95bdfb3552a0e0025d0eef416489cec48cfe4c51,observation_time_proxy,historical data_available_time is unknown; observation_time is a pseudo-operational proxy,17.113958097222223,30,17.90766302919501,16.14138531388302,17.490612933686617,6,JJA
2015-06-30T00:00:00+00:00,2015-06-29,windermere,south,water_temperature,2.0,degC,month_3,2015-08-29,2015-09-27,15.840455677350228,15.963679172619049,-1.766277715311988,lead_dependent_anomaly_relaxation,1.0,True,0.06976450769920721,0.06976450769920721,180,4,2011|2012|2013|2014,1b47f2c0080299c15fc2d8212482d6fad5cc035678b47add584dd04d0dfd6d40,observation_time_proxy,historical data_available_time is unknown; observation_time is a pseudo-operational proxy,16.489491166666667,30,15.963679172619049,14.19740145730706,15.840455677350228,6,JJA
2015-07-07T00:00:00+00:00,2015-07-06,windermere,south,water_temperature,2.0,degC,month_1,2015-07-07,2015-08-05,17.876916042807398,18.47252185624098,-1.0988688609385786,lead_dependent_anomaly_relaxation,1.0,True,0.5420171911367618,0.5420171911367618,189,4,2011|2012|2013|2014,b05342239154ab1a01bba34d74f6dce57a3b40abd2fa3044ce10a5cbf6be95cf,observation_time_proxy,historical data_available_time is unknown; observation_time is a pseudo-operational proxy,17.03690331845238,28,18.47252185624098,17.3736529953024,17.876916042807398,7,JJA
2015-07-07T00:00:00+00:00,2015-07-06,windermere,south,water_temperature,2.0,degC,month_2,2015-08-06,2015-09-04,17.24499393650179,17.504456737528344,-1.0988688609385786,lead_dependent_anomaly_relaxation,1.0,True,0.2361180758229335,0.2361180758229335,184,4,2011|2012|2013|2014,07e6e1f90210f0b967629dda95bdfb3552a0e0025d0eef416489cec48cfe4c51,observation_time_proxy,historical data_available_time is unknown; observation_time is a pseudo-operational proxy,17.207455833333334,30,17.504456737528344,16.405587876589763,17.24499393650179,7,JJA
2015-07-07T00:00:00+00:00,2015-07-06,windermere,south,water_temperature,2.0,degC,month_3,2015-09-05,2015-10-04,15.348884810049361,15.42554685515873,-1.0988688609385786,lead_dependent_anomaly_relaxation,1.0,True,0.06976450769920721,0.06976450769920721,180,4,2011|2012|2013|2014,1b47f2c0080299c15fc2d8212482d6fad5cc035678b47add584dd04d0dfd6d40,observation_time_proxy,historical data_available_time is unknown; observation_time is a pseudo-operational proxy,16.110726458333332,30,15.42554685515873,14.326677994220152,15.348884810049361,7,JJA
2015-07-14T00:00:00+00:00,2015-07-13,windermere,south,water_temperature,2.0,degC,month_1,2015-07-14,2015-08-12,18.031334103277985,18.496878681972788,-0.8589110941636875,lead_dependent_anomaly_relaxation,1.0,True,0.5420171911367618,0.5420171911367618,189,4,2011|2012|2013|2014,b05342239154ab1a01bba34d74f6dce57a3b40abd2fa3044ce10a5cbf6be95cf,observation_time_proxy,historical data_available_time is unknown; observation_time is a pseudo-operational proxy,16.93777930059524,28,18.496878681972788,17.6379675878091,18.031334103277985,7,JJA
2015-07-14T00:00:00+00:00,2015-07-13,windermere,south,water_temperature,2.0,degC,month_2,2015-08-13,2015-09-11,16.869908626651036,17.072713061507937,-0.8589110941636875,lead_dependent_anomaly_relaxation,1.0,True,0.2361180758229335,0.2361180758229335,184,4,2011|2012|2013|2014,07e6e1f90210f0b967629dda95bdfb3552a0e0025d0eef416489cec48cfe4c51,observation_time_proxy,historical data_available_time is unknown; observation_time is a pseudo-operational proxy,17.232065513888887,30,17.072713061507937,16.21380196734425,16.869908626651036,7,JJA
2015-07-14T00:00:00+00:00,2015-07-13,windermere,south,water_temperature,2.0,degC,month_3,2015-09-12,2015-10-11,14.734864579643999,14.794786089285715,-0.8589110941636875,lead_dependent_anomaly_relaxation,1.0,True,0.06976450769920721,0.06976450769920721,180,4,2011|2012|2013|2014,1b47f2c0080299c15fc2d8212482d6fad5cc035678b47add584dd04d0dfd6d40,observation_time_proxy,historical data_available_time is unknown; observation_time is a pseudo-operational proxy,15.633126069444444,30,14.794786089285715,13.935874995122028,14.734864579643999,7,JJA
2015-07-21T00:00:00+00:00,2015-07-20,windermere,south,water_temperature,2.0,degC,month_1,2015-07-21,2015-08-19,17.949470879317172,18.371071604591837,-0.7778364453541613,lead_dependent_anomaly_relaxation,1.0,True,0.5420171911367618,0.5420171911367618,189,4,2011|2012|2013|2014,b05342239154ab1a01bba34d74f6dce57a3b40abd2fa3044ce10a5cbf6be95cf,observation_time_proxy,historical data_available_time is unknown; observation_time is a pseudo-operational proxy,16.952461398809525,28,18.371071604591837,17.593235159237675,17.949470879317172,7,JJA
2015-07-21T00:00:00+00:00,2015-07-20,windermere,south,water_temperature,2.0,degC,month_2,2015-08-20,2015-09-18,16.44779860839263,16.631459853174604,-0.7778364453541613,lead_dependent_anomaly_relaxation,1.0,True,0.2361180758229335,0.2361180758229335,184,4,2011|2012|2013|2014,07e6e1f90210f0b967629dda95bdfb3552a0e0025d0eef416489cec48cfe4c51,observation_time_proxy,historical data_available_time is unknown; observation_time is a pseudo-operational proxy,16.945774291666666,30,16.631459853174604,15.853623407820443,16.44779860839263,7,JJA
2015-07-21T00:00:00+00:00,2015-07-20,windermere,south,water_temperature,2.0,degC,month_3,2015-09-19,2015-10-18,14.083835244351112,14.138100621031747,-0.7778364453541613,lead_dependent_anomaly_relaxation,1.0,True,0.06976450769920721,0.06976450769920721,180,4,2011|2012|2013|2014,1b47f2c0080299c15fc2d8212482d6fad5cc035678b47add584dd04d0dfd6d40,observation_time_proxy,historical data_available_time is unknown; observation_time is a pseudo-operational proxy,15.081412652777777,30,14.138100621031747,13.360264175677585,14.083835244351112,7,JJA
2015-08-04T00:00:00+00:00,2015-08-03,windermere,south,water_temperature,2.0,degC,month_1,2015-08-04,2015-09-02,16.90320310796134,17.61210490419501,-1.307895409639876,lead_dependent_anomaly_relaxation,1.0,True,0.5420171911367618,0.5420171911367618,189,4,2011|2012|2013|2014,b05342239154ab1a01bba34d74f6dce57a3b40abd2fa3044ce10a5cbf6be95cf,observation_time_proxy,historical data_available_time is unknown; observation_time is a pseudo-operational proxy,17.166324375000002,30,17.61210490419501,16.304209494555135,16.90320310796134,8,JJA
2015-08-04T00:00:00+00:00,2015-08-03,windermere,south,water_temperature,2.0,degC,month_2,2015-09-03,2015-10-02,15.291393720752152,15.600211468253967,-1.307895409639876,lead_dependent_anomaly_relaxation,1.0,True,0.2361180758229335,0.2361180758229335,184,4,2011|2012|2013|2014,07e6e1f90210f0b967629dda95bdfb3552a0e0025d0eef416489cec48cfe4c51,observation_time_proxy,historical data_available_time is unknown; observation_time is a pseudo-operational proxy,16.22676484722222,30,15.600211468253967,14.292316058614091,15.291393720752152,8,JJA
2015-08-04T00:00:00+00:00,2015-08-03,windermere,south,water_temperature,2.0,degC,month_3,2015-10-03,2015-11-01,12.62855104172518,12.719795721100759,-1.307895409639876,lead_dependent_anomaly_relaxation,1.0,True,0.06976450769920721,0.06976450769920721,180,4,2011|2012|2013|2014,1b47f2c0080299c15fc2d8212482d6fad5cc035678b47add584dd04d0dfd6d40,observation_time_proxy,historical data_available_time is unknown; observation_time is a pseudo-operational proxy,13.758001680555555,30,12.719795721100759,11.411900311460883,12.62855104172518,8,JJA
2015-08-11T00:00:00+00:00,2015-08-10,windermere,south,water_temperature,2.0,degC,month_1,2015-08-11,2015-09-09,16.346927413904957,17.19599750595238,-1.5665002991264672,lead_dependent_anomaly_relaxation,1.0,True,0.5420171911367618,0.5420171911367618,189,4,2011|2012|2013|2014,b05342239154ab1a01bba34d74f6dce57a3b40abd2fa3044ce10a5cbf6be95cf,observation_time_proxy,historical data_available_time is unknown; observation_time is a pseudo-operational proxy,17.243514694444446,30,17.19599750595238,15.629497206825913,16.346927413904957,8,JJA
2015-08-11T00:00:00+00:00,2015-08-10,windermere,south,water_temperature,2.0,degC,month_2,2015-09-10,2015-10-09,14.612222507245002,14.982101543650794,-1.5665002991264672,lead_dependent_anomaly_relaxation,1.0,True,0.2361180758229335,0.2361180758229335,184,4,2011|2012|2013|2014,07e6e1f90210f0b967629dda95bdfb3552a0e0025d0eef416489cec48cfe4c51,observation_time_proxy,historical data_available_time is unknown; observation_time is a pseudo-operational proxy,15.78374376388889,30,14.982101543650794,13.415601244524327,14.612222507245002,8,JJA
2015-08-11T00:00:00+00:00,2015-08-10,windermere,south,water_temperature,2.0,degC,month_3,2015-10-10,2015-11-08,11.872748166183445,11.982034288362664,-1.5665002991264672,lead_dependent_anomaly_relaxation,1.0,True,0.06976450769920721,0.06976450769920721,180,4,2011|2012|2013|2014,1b47f2c0080299c15fc2d8212482d6fad5cc035678b47add584dd04d0dfd6d40,observation_time_proxy,historical data_available_time is unknown; observation_time is a pseudo-operational proxy,13.0910725,30,11.982034288362664,10.415533989236197,11.872748166183445,8,JJA
2015-08-18T00:00:00+00:00,2015-08-17,windermere,south,water_temperature,2.0,degC,month_1,2015-08-18,2015-09-16,15.944171228840498,16.764521589285714,-1.5135135450680295,lead_dependent_anomaly_relaxation,1.0,True,0.5420171911367618,0.5420171911367618,189,4,2011|2012|2013|2014,b05342239154ab1a01bba34d74f6dce57a3b40abd2fa3044ce10a5cbf6be95cf,observation_time_proxy,historical data_available_time is unknown; observation_time is a pseudo-operational proxy,17.031372555555556,30,16.764521589285714,15.251008044217684,15.944171228840498,8,JJA
2015-08-18T00:00:00+00:00,2015-08-17,windermere,south,water_temperature,2.0,degC,month_2,2015-09-17,2015-10-16,13.962593649562146,14.319961555555556,-1.5135135450680295,lead_dependent_anomaly_relaxation,1.0,True,0.2361180758229335,0.2361180758229335,184,4,2011|2012|2013|2014,07e6e1f90210f0b967629dda95bdfb3552a0e0025d0eef416489cec48cfe4c51,observation_time_proxy,historical data_available_time is unknown; observation_time is a pseudo-operational proxy,15.254883527777778,30,14.319961555555556,12.806448010487527,13.962593649562146,8,JJA
2015-08-18T00:00:00+00:00,2015-08-17,windermere,south,water_temperature,2.0,degC,month_3,2015-10-17,2015-11-15,11.143299320121894,11.248888847489647,-1.5135135450680295,lead_dependent_anomaly_relaxation,1.0,True,0.06976450769920721,0.06976450769920721,180,4,2011|2012|2013|2014,1b47f2c0080299c15fc2d8212482d6fad5cc035678b47add584dd04d0dfd6d40,observation_time_proxy,historical data_available_time is unknown; observation_time is a pseudo-operational proxy,12.432718541666667,30,11.248888847489647,9.735375302421618,11.143299320121894,8,JJA
2015-08-25T00:00:00+00:00,2015-08-24,windermere,south,water_temperature,2.0,degC,month_1,2015-08-25,2015-09-23,15.691832603662025,16.279712,-1.0846139309807263,lead_dependent_anomaly_relaxation,1.0,True,0.5420171911367618,0.5420171911367618,189,4,2011|2012|2013|2014,b05342239154ab1a01bba34d74f6dce57a3b40abd2fa3044ce10a5cbf6be95cf,observation_time_proxy,historical data_available_time is unknown; observation_time is a pseudo-operational proxy,16.715123555555554,30,16.279712,15.195098069019274,15.691832603662025,8,JJA
2015-08-25T00:00:00+00:00,2015-08-24,windermere,south,water_temperature,2.0,degC,month_2,2015-09-24,2015-10-23,13.398732305526718,13.654829259920636,-1.0846139309807263,lead_dependent_anomaly_relaxation,1.0,True,0.2361180758229335,0.2361180758229335,184,4,2011|2012|2013|2014,07e6e1f90210f0b967629dda95bdfb3552a0e0025d0eef416489cec48cfe4c51,observation_time_proxy,historical data_available_time is unknown; observation_time is a pseudo-operational proxy,14.624765083333333,30,13.654829259920636,12.57021532893991,13.398732305526718,8,JJA
2015-08-25T00:00:00+00:00,2015-08-24,windermere,south,water_temperature,2.0,degC,month_3,2015-10-24,2015-11-22,10.49103567031298,10.566703227251553,-1.0846139309807263,lead_dependent_anomaly_relaxation,1.0,True,0.06976450769920721,0.06976450769920721,180,4,2011|2012|2013|2014,1b47f2c0080299c15fc2d8212482d6fad5cc035678b47add584dd04d0dfd6d40,observation_time_proxy,historical data_available_time is unknown; observation_time is a pseudo-operational proxy,11.779380222222223,30,10.566703227251553,9.482089296270827,10.49103567031298,8,JJA
2015-09-01T00:00:00+00:00,2015-08-31,windermere,south,water_temperature,2.0,degC,month_1,2015-09-01,2015-09-30,15.426065763485838,15.743535253968254,-0.5857184895124696,lead_dependent_anomaly_relaxation,1.0,True,0.5420171911367618,0.5420171911367618,189,4,2011|2012|2013|2014,b05342239154ab1a01bba34d74f6dce57a3b40abd2fa3044ce10a5cbf6be95cf,observation_time_proxy,historical data_available_time is unknown; observation_time is a pseudo-operational proxy,16.340894305555555,30,15.743535253968254,15.157816764455784,15.426065763485838,9,SON
2015-09-01T00:00:00+00:00,2015-08-31,windermere,south,water_temperature,2.0,degC,month_2,2015-10-01,2015-10-30,12.8025505788697,12.940849301587301,-0.5857184895124696,lead_dependent_anomaly_relaxation,1.0,True,0.2361180758229335,0.2361180758229335,184,4,2011|2012|2013|2014,07e6e1f90210f0b967629dda95bdfb3552a0e0025d0eef416489cec48cfe4c51,observation_time_proxy,historical data_available_time is unknown; observation_time is a pseudo-operational proxy,13.951064208333333,30,12.940849301587301,12.355130812074831,12.8025505788697,9,SON
2015-09-01T00:00:00+00:00,2015-08-31,windermere,south,water_temperature,2.0,degC,month_3,2015-10-31,2015-11-29,9.876740133831184,9.917602495902345,-0.5857184895124696,lead_dependent_anomaly_relaxation,1.0,True,0.06976450769920721,0.06976450769920721,180,4,2011|2012|2013|2014,1b47f2c0080299c15fc2d8212482d6fad5cc035678b47add584dd04d0dfd6d40,observation_time_proxy,historical data_available_time is unknown; observation_time is a pseudo-operational proxy,11.090933,30,9.917602495902345,9.331884006389876,9.876740133831184,9,SON
2015-09-08T00:00:00+00:00,2015-09-07,windermere,south,water_temperature,2.0,degC,month_1,2015-09-08,2015-10-07,15.100028720157917,15.159643341269842,-0.10998658730158795,lead_dependent_anomaly_relaxation,1.0,True,0.5420171911367618,0.5420171911367618,189,4,2011|2012|2013|2014,b05342239154ab1a01bba34d74f6dce57a3b40abd2fa3044ce10a5cbf6be95cf,observation_time_proxy,historical data_available_time is unknown; observation_time is a pseudo-operational proxy,15.93416273611111,30,15.159643341269842,15.049656753968254,15.100028720157917,9,SON
2015-09-08T00:00:00+00:00,2015-09-07,windermere,south,water_temperature,2.0,degC,month_2,2015-10-08,2015-11-06,12.169996793193157,12.19596661455314,-0.10998658730158795,lead_dependent_anomaly_relaxation,1.0,True,0.2361180758229335,0.2361180758229335,184,4,2011|2012|2013|2014,07e6e1f90210f0b967629dda95bdfb3552a0e0025d0eef416489cec48cfe4c51,observation_time_proxy,historical data_available_time is unknown; observation_time is a pseudo-operational proxy,13.281619444444445,30,12.19596661455314,12.085980027251551,12.169996793193157,9,SON
2015-09-08T00:00:00+00:00,2015-09-07,windermere,south,water_temperature,2.0,degC,month_3,2015-11-07,2015-12-06,9.23562286621189,9.243296026328503,-0.10998658730158795,lead_dependent_anomaly_relaxation,1.0,True,0.06976450769920721,0.06976450769920721,180,4,2011|2012|2013|2014,1b47f2c0080299c15fc2d8212482d6fad5cc035678b47add584dd04d0dfd6d40,observation_time_proxy,historical data_available_time is unknown; observation_time is a pseudo-operational proxy,10.331974152777779,30,9.243296026328503,9.133309439026915,9.23562286621189,9,SON
2015-09-15T00:00:00+00:00,2015-09-14,windermere,south,water_temperature,2.0,degC,month_1,2015-09-15,2015-10-14,14.614420159856968,14.503549253968254,0.20455237896825196,lead_dependent_anomaly_relaxation,1.0,True,0.5420171911367618,0.5420171911367618,189,4,2011|2012|2013|2014,b05342239154ab1a01bba34d74f6dce57a3b40abd2fa3044ce10a5cbf6be95cf,observation_time_proxy,historical data_available_time is unknown; observation_time is a pseudo-operational proxy,15.416349444444444,30,14.503549253968254,14.708101632936506,14.614420159856968,9,SON
2015-09-15T00:00:00+00:00,2015-09-14,windermere,south,water_temperature,2.0,degC,month_2,2015-10-15,2015-11-13,11.50512401796584,11.456825503838854,0.20455237896825196,lead_dependent_anomaly_relaxation,1.0,True,0.2361180758229335,0.2361180758229335,184,4,2011|2012|2013|2014,07e6e1f90210f0b967629dda95bdfb3552a0e0025d0eef416489cec48cfe4c51,observation_time_proxy,historical data_available_time is unknown; observation_time is a pseudo-operational proxy,12.620404194444445,30,11.456825503838854,11.661377882807106,11.50512401796584,9,SON
2015-09-15T00:00:00+00:00,2015-09-14,windermere,south,water_temperature,2.0,degC,month_3,2015-11-14,2015-12-13,8.579099626115767,8.564829130098344,0.20455237896825196,lead_dependent_anomaly_relaxation,1.0,True,0.06976450769920721,0.06976450769920721,180,4,2011|2012|2013|2014,1b47f2c0080299c15fc2d8212482d6fad5cc035678b47add584dd04d0dfd6d40,observation_time_proxy,historical data_available_time is unknown; observation_time is a pseudo-operational proxy,9.588908375,30,8.564829130098344,8.769381509066596,8.579099626115767,9,SON
2015-09-22T00:00:00+00:00,2015-09-21,windermere,south,water_temperature,2.0,degC,month_1,2015-09-22,2015-10-21,14.076899840532535,13.854320726190476,0.41064954761904815,lead_dependent_anomaly_relaxation,1.0,True,0.5420171911367618,0.5420171911367618,189,4,2011|2012|2013|2014,b05342239154ab1a01bba34d74f6dce57a3b40abd2fa3044ce10a5cbf6be95cf,observation_time_proxy,historical data_available_time is unknown; observation_time is a pseudo-operational proxy,14.814637930555556,30,13.854320726190476,14.264970273809524,14.076899840532535,9,SON
2015-09-22T00:00:00+00:00,2015-09-21,windermere,south,water_temperature,2.0,degC,month_2,2015-10-22,2015-11-20,10.85066042374911,10.753698642727743,0.41064954761904815,lead_dependent_anomaly_relaxation,1.0,True,0.2361180758229335,0.2361180758229335,184,4,2011|2012|2013|2014,07e6e1f90210f0b967629dda95bdfb3552a0e0025d0eef416489cec48cfe4c51,observation_time_proxy,historical data_available_time is unknown; observation_time is a pseudo-operational proxy,11.970846416666667,30,10.753698642727743,11.164348190346791,10.85066042374911,9,SON
2015-09-22T00:00:00+00:00,2015-09-21,windermere,south,water_temperature,2.0,degC,month_3,2015-11-21,2015-12-20,7.911612634299492,7.882963870772947,0.41064954761904815,lead_dependent_anomaly_relaxation,1.0,True,0.06976450769920721,0.06976450769920721,180,4,2011|2012|2013|2014,1b47f2c0080299c15fc2d8212482d6fad5cc035678b47add584dd04d0dfd6d40,observation_time_proxy,historical data_available_time is unknown; observation_time is a pseudo-operational proxy,8.977076805555555,30,7.882963870772947,8.293613418391995,7.911612634299492,9,SON
2015-09-29T00:00:00+00:00,2015-09-28,windermere,south,water_temperature,2.0,degC,month_1,2015-09-29,2015-10-28,13.454084735657364,13.153901869047619,0.5538253611111088,lead_dependent_anomaly_relaxation,1.0,True,0.5420171911367618,0.5420171911367618,189,4,2011|2012|2013|2014,b05342239154ab1a01bba34d74f6dce57a3b40abd2fa3044ce10a5cbf6be95cf,observation_time_proxy,historical data_available_time is unknown; observation_time is a pseudo-operational proxy,14.153760791666667,30,13.153901869047619,13.707727230158728,13.454084735657364,9,SON
2015-09-29T00:00:00+00:00,2015-09-28,windermere,south,water_temperature,2.0,degC,month_2,2015-10-29,2015-11-27,10.235155351692383,10.104387173084886,0.5538253611111088,lead_dependent_anomaly_relaxation,1.0,True,0.2361180758229335,0.2361180758229335,184,4,2011|2012|2013|2014,07e6e1f90210f0b967629dda95bdfb3552a0e0025d0eef416489cec48cfe4c51,observation_time_proxy,historical data_available_time is unknown; observation_time is a pseudo-operational proxy,11.290951486111112,30,10.104387173084886,10.658212534195995,10.235155351692383,9,SON
2015-09-29T00:00:00+00:00,2015-09-28,windermere,south,water_temperature,2.0,degC,month_3,2015-11-28,2015-12-27,7.269089300632675,7.230451946963423,0.5538253611111088,lead_dependent_anomaly_relaxation,1.0,True,0.06976450769920721,0.06976450769920721,180,4,2011|2012|2013|2014,1b47f2c0080299c15fc2d8212482d6fad5cc035678b47add584dd04d0dfd6d40,observation_time_proxy,historical data_available_time is unknown; observation_time is a pseudo-operational proxy,8.573177388888888,30,7.230451946963423,7.7842773080745316,7.269089300632675,9,SON
2015-10-06T00:00:00+00:00,2015-10-05,windermere,south,water_temperature,2.0,degC,month_1,2015-10-06,2015-11-04,12.794354183964323,12.404744549473774,0.7188141646825414,lead_dependent_anomaly_relaxation,1.0,True,0.5420171911367618,0.5420171911367618,189,4,2011|2012|2013|2014,b05342239154ab1a01bba34d74f6dce57a3b40abd2fa3044ce10a5cbf6be95cf,observation_time_proxy,historical data_available_time is unknown; observation_time is a pseudo-operational proxy,13.477893125,30,12.404744549473774,13.123558714156315,12.794354183964323,10,SON
2015-10-06T00:00:00+00:00,2015-10-05,windermere,south,water_temperature,2.0,degC,month_2,2015-11-05,2015-12-04,9.607948665196185,9.438223647757074,0.7188141646825414,lead_dependent_anomaly_relaxation,1.0,True,0.2361180758229335,0.2361180758229335,184,4,2011|2012|2013|2014,07e6e1f90210f0b967629dda95bdfb3552a0e0025d0eef416489cec48cfe4c51,observation_time_proxy,historical data_available_time is unknown; observation_time is a pseudo-operational proxy,10.549253416666666,30,9.438223647757074,10.157037812439615,9.607948665196185,10,SON
2015-10-06T00:00:00+00:00,2015-10-05,windermere,south,water_temperature,2.0,degC,month_3,2015-12-05,2016-01-03,6.729646644087778,6.679498927761483,0.7188141646825414,lead_dependent_anomaly_relaxation,1.0,True,0.06976450769920721,0.06976450769920721,180,4,2011|2012|2013|2014,1b47f2c0080299c15fc2d8212482d6fad5cc035678b47add584dd04d0dfd6d40,observation_time_proxy,historical data_available_time is unknown; observation_time is a pseudo-operational proxy,8.279057097222221,30,6.679498927761483,7.398313092444025,6.729646644087778,10,SON
2015-10-13T00:00:00+00:00,2015-10-12,windermere,south,water_temperature,2.0,degC,month_1,2015-10-13,2015-11-11,12.134684919640064,11.66617661832298,0.8643790436507928,lead_dependent_anomaly_relaxation,1.0,True,0.5420171911367618,0.5420171911367618,189,4,2011|2012|2013|2014,b05342239154ab1a01bba34d74f6dce57a3b40abd2fa3044ce10a5cbf6be95cf,observation_time_proxy,historical data_available_time is unknown; observation_time is a pseudo-operational proxy,12.803341263888889,30,11.66617661832298,12.530555661973773,12.134684919640064,10,SON
2015-10-13T00:00:00+00:00,2015-10-12,windermere,south,water_temperature,2.0,degC,month_2,2015-11-12,2015-12-11,8.960866680992234,8.756771164423741,0.8643790436507928,lead_dependent_anomaly_relaxation,1.0,True,0.2361180758229335,0.2361180758229335,184,4,2011|2012|2013|2014,07e6e1f90210f0b967629dda95bdfb3552a0e0025d0eef416489cec48cfe4c51,observation_time_proxy,historical data_available_time is unknown; observation_time is a pseudo-operational proxy,9.805020819444444,30,8.756771164423741,9.621150208074534,8.960866680992234,10,SON
2015-10-13T00:00:00+00:00,2015-10-12,windermere,south,water_temperature,2.0,degC,month_3,2015-12-12,2016-01-10,6.0809347367086914,6.0206317582628825,0.8643790436507928,lead_dependent_anomaly_relaxation,1.0,True,0.06976450769920721,0.06976450769920721,180,4,2011|2012|2013|2014,1b47f2c0080299c15fc2d8212482d6fad5cc035678b47add584dd04d0dfd6d40,observation_time_proxy,historical data_available_time is unknown; observation_time is a pseudo-operational proxy,8.020700097222223,30,6.0206317582628825,6.885010801913675,6.0809347367086914,10,SON
2015-10-20T00:00:00+00:00,2015-10-19,windermere,south,water_temperature,2.0,degC,month_1,2015-10-20,2015-11-18,11.46115823547846,10.947876270703933,0.9469846587301589,lead_dependent_anomaly_relaxation,1.0,True,0.5420171911367618,0.5420171911367618,189,4,2011|2012|2013|2014,b05342239154ab1a01bba34d74f6dce57a3b40abd2fa3044ce10a5cbf6be95cf,observation_time_proxy,historical data_available_time is unknown; observation_time is a pseudo-operational proxy,12.160088583333334,30,10.947876270703933,11.894860929434092,11.46115823547846,10,SON
2015-10-20T00:00:00+00:00,2015-10-19,windermere,south,water_temperature,2.0,degC,month_2,2015-11-19,2015-12-18,8.301683280908689,8.078083085455486,0.9469846587301589,lead_dependent_anomaly_relaxation,1.0,True,0.2361180758229335,0.2361180758229335,184,4,2011|2012|2013|2014,07e6e1f90210f0b967629dda95bdfb3552a0e0025d0eef416489cec48cfe4c51,observation_time_proxy,historical data_available_time is unknown; observation_time is a pseudo-operational proxy,9.130032458333334,30,8.078083085455486,9.025067744185645,8.301683280908689,10,SON
2015-10-20T00:00:00+00:00,2015-10-19,windermere,south,water_temperature,2.0,degC,month_3,2015-12-19,2016-01-17,5.720449766872083,5.654383848357071,0.9469846587301589,lead_dependent_anomaly_relaxation,1.0,True,0.06976450769920721,0.06976450769920721,180,4,2011|2012|2013|2014,1b47f2c0080299c15fc2d8212482d6fad5cc035678b47add584dd04d0dfd6d40,observation_time_proxy,historical data_available_time is unknown; observation_time is a pseudo-operational proxy,7.749391583333333,30,5.654383848357071,6.60136850708723,5.720449766872083,10,SON
2015-10-27T00:00:00+00:00,2015-10-26,windermere,south,water_temperature,2.0,degC,month_1,2015-10-27,2015-11-25,10.824266404617582,10.288994293719806,0.9875555972222223,lead_dependent_anomaly_relaxation,1.0,True,0.5420171911367618,0.5420171911367618,189,4,2011|2012|2013|2014,b05342239154ab1a01bba34d74f6dce57a3b40abd2fa3044ce10a5cbf6be95cf,observation_time_proxy,historical data_available_time is unknown; observation_time is a pseudo-operational proxy,11.48951913888889,30,10.288994293719806,11.276549890942029,10.824266404617582,10,SON
2015-10-27T00:00:00+00:00,2015-10-26,windermere,south,water_temperature,2.0,degC,month_2,2015-11-26,2015-12-25,7.638616304903257,7.405436577518978,0.9875555972222223,lead_dependent_anomaly_relaxation,1.0,True,0.2361180758229335,0.2361180758229335,184,4,2011|2012|2013|2014,07e6e1f90210f0b967629dda95bdfb3552a0e0025d0eef416489cec48cfe4c51,observation_time_proxy,historical data_available_time is unknown; observation_time is a pseudo-operational proxy,8.679330472222222,30,7.405436577518978,8.3929921747412,7.638616304903257,10,SON
2015-10-27T00:00:00+00:00,2015-10-26,windermere,south,water_temperature,2.0,degC,month_3,2015-12-26,2016-01-24,5.42948095874866,5.360584628682855,0.9875555972222223,lead_dependent_anomaly_relaxation,1.0,True,0.06976450769920721,0.06976450769920721,180,4,2011|2012|2013|2014,1b47f2c0080299c15fc2d8212482d6fad5cc035678b47add584dd04d0dfd6d40,observation_time_proxy,historical data_available_time is unknown; observation_time is a pseudo-operational proxy,7.351441013888889,30,5.360584628682855,6.348140225905078,5.42948095874866,10,SON
2015-11-03T00:00:00+00:00,2015-11-02,windermere,south,water_temperature,2.0,degC,month_1,2015-11-03,2015-12-02,10.199891818297472,9.631477787103174,1.0487011122325747,lead_dependent_anomaly_relaxation,1.0,True,0.5420171911367618,0.5420171911367618,189,4,2011|2012|2013|2014,b05342239154ab1a01bba34d74f6dce57a3b40abd2fa3044ce10a5cbf6be95cf,observation_time_proxy,historical data_available_time is unknown; observation_time is a pseudo-operational proxy,10.765132972222222,30,9.631477787103174,10.680178899335749,10.199891818297472,11,SON
2015-11-03T00:00:00+00:00,2015-11-02,windermere,south,water_temperature,2.0,degC,month_2,2015-12-03,2016-01-01,7.07049168939292,6.822874400659194,1.0487011122325747,lead_dependent_anomaly_relaxation,1.0,True,0.2361180758229335,0.2361180758229335,184,4,2011|2012|2013|2014,07e6e1f90210f0b967629dda95bdfb3552a0e0025d0eef416489cec48cfe4c51,observation_time_proxy,historical data_available_time is unknown; observation_time is a pseudo-operational proxy,8.356170263888888,30,6.822874400659194,7.871575512891769,7.07049168939292,11,SON
2015-11-03T00:00:00+00:00,2015-11-02,windermere,south,water_temperature,2.0,degC,month_3,2016-01-02,2016-01-31,5.240137413360467,5.16697529654195,1.0487011122325747,lead_dependent_anomaly_relaxation,1.0,True,0.06976450769920721,0.06976450769920721,180,4,2011|2012|2013|2014,1b47f2c0080299c15fc2d8212482d6fad5cc035678b47add584dd04d0dfd6d40,observation_time_proxy,historical data_available_time is unknown; observation_time is a pseudo-operational proxy,7.000421347222222,30,5.16697529654195,6.215676408774525,5.240137413360467,11,SON
2015-11-10T00:00:00+00:00,2015-11-09,windermere,south,water_temperature,2.0,degC,month_1,2015-11-10,2015-12-09,9.555429664351195,8.951641705495168,1.11396459139924,lead_dependent_anomaly_relaxation,1.0,True,0.5420171911367618,0.5420171911367618,189,4,2011|2012|2013|2014,b05342239154ab1a01bba34d74f6dce57a3b40abd2fa3044ce10a5cbf6be95cf,observation_time_proxy,historical data_available_time is unknown; observation_time is a pseudo-operational proxy,10.018830263888889,30,8.951641705495168,10.065606296894408,9.555429664351195,11,SON
2015-11-10T00:00:00+00:00,2015-11-09,windermere,south,water_temperature,2.0,degC,month_2,2015-12-10,2016-01-08,6.403777345693025,6.140750169836957,1.11396459139924,lead_dependent_anomaly_relaxation,1.0,True,0.2361180758229335,0.2361180758229335,184,4,2011|2012|2013|2014,07e6e1f90210f0b967629dda95bdfb3552a0e0025d0eef416489cec48cfe4c51,observation_time_proxy,historical data_available_time is unknown; observation_time is a pseudo-operational proxy,8.09230811111111,30,6.140750169836957,7.254714761236197,6.403777345693025,11,SON
2015-11-10T00:00:00+00:00,2015-11-09,windermere,south,water_temperature,2.0,degC,month_3,2016-01-09,2016-02-07,5.037463559326355,4.959748368013038,1.11396459139924,lead_dependent_anomaly_relaxation,1.0,True,0.06976450769920721,0.06976450769920721,180,4,2011|2012|2013|2014,1b47f2c0080299c15fc2d8212482d6fad5cc035678b47add584dd04d0dfd6d40,observation_time_proxy,historical data_available_time is unknown; observation_time is a pseudo-operational proxy,6.707458638888889,30,4.959748368013038,6.073712959412278,5.037463559326355,11,SON
2015-11-17T00:00:00+00:00,2015-11-16,windermere,south,water_temperature,2.0,degC,month_1,2015-11-17,2015-12-16,8.91810199608146,8.270363646368185,1.195051301518287,lead_dependent_anomaly_relaxation,1.0,True,0.5420171911367618,0.5420171911367618,189,4,2011|2012|2013|2014,b05342239154ab1a01bba34d74f6dce57a3b40abd2fa3044ce10a5cbf6be95cf,observation_time_proxy,historical data_available_time is unknown; observation_time is a pseudo-operational proxy,9.30236198611111,30,8.270363646368185,9.465414947886472,8.91810199608146,11,SON
2015-11-17T00:00:00+00:00,2015-11-16,windermere,south,water_temperature,2.0,degC,month_2,2015-12-17,2016-01-15,6.031091151022258,5.748917937198067,1.195051301518287,lead_dependent_anomaly_relaxation,1.0,True,0.2361180758229335,0.2361180758229335,184,4,2011|2012|2013|2014,07e6e1f90210f0b967629dda95bdfb3552a0e0025d0eef416489cec48cfe4c51,observation_time_proxy,historical data_available_time is unknown; observation_time is a pseudo-operational proxy,7.844474486111111,30,5.748917937198067,6.943969238716354,6.031091151022258,11,SON
2015-11-17T00:00:00+00:00,2015-11-16,windermere,south,water_temperature,2.0,degC,month_3,2016-01-16,2016-02-14,4.875983807945108,4.792611642219388,1.195051301518287,lead_dependent_anomaly_relaxation,1.0,True,0.06976450769920721,0.06976450769920721,180,4,2011|2012|2013|2014,1b47f2c0080299c15fc2d8212482d6fad5cc035678b47add584dd04d0dfd6d40,observation_time_proxy,historical data_available_time is unknown; observation_time is a pseudo-operational proxy,6.483519347222222,30,4.792611642219388,5.987662943737675,4.875983807945108,11,SON
2015-11-24T00:00:00+00:00,2015-11-23,windermere,south,water_temperature,2.0,degC,month_1,2015-11-24,2015-12-23,8.246928548308285,7.592447641209455,1.2074910497325728,lead_dependent_anomaly_relaxation,1.0,True,0.5420171911367618,0.5420171911367618,189,4,2011|2012|2013|2014,b05342239154ab1a01bba34d74f6dce57a3b40abd2fa3044ce10a5cbf6be95cf,observation_time_proxy,historical data_available_time is unknown; observation_time is a pseudo-operational proxy,8.789488972222221,30,7.592447641209455,8.799938690942028,8.246928548308285,11,SON
2015-11-24T00:00:00+00:00,2015-11-23,windermere,south,water_temperature,2.0,degC,month_2,2015-12-24,2016-01-22,5.725446124012379,5.4403356607761095,1.2074910497325728,lead_dependent_anomaly_relaxation,1.0,True,0.2361180758229335,0.2361180758229335,184,4,2011|2012|2013|2014,07e6e1f90210f0b967629dda95bdfb3552a0e0025d0eef416489cec48cfe4c51,observation_time_proxy,historical data_available_time is unknown; observation_time is a pseudo-operational proxy,7.468418680555556,30,5.4403356607761095,6.647826710508682,5.725446124012379,11,SON
2015-11-24T00:00:00+00:00,2015-11-23,windermere,south,water_temperature,2.0,degC,month_3,2016-01-23,2016-02-21,4.74258214423103,4.658342125595238,1.2074910497325728,lead_dependent_anomaly_relaxation,1.0,True,0.06976450769920721,0.06976450769920721,180,4,2011|2012|2013|2014,1b47f2c0080299c15fc2d8212482d6fad5cc035678b47add584dd04d0dfd6d40,observation_time_proxy,historical data_available_time is unknown; observation_time is a pseudo-operational proxy,6.296877236111111,30,4.658342125595238,5.865833175327811,4.74258214423103,11,SON
2015-12-01T00:00:00+00:00,2015-11-30,windermere,south,water_temperature,2.0,degC,month_1,2015-12-01,2015-12-30,7.605905131296558,6.97713588128882,1.1600540726190491,lead_dependent_anomaly_relaxation,1.0,True,0.5420171911367618,0.5420171911367618,189,4,2011|2012|2013|2014,b05342239154ab1a01bba34d74f6dce57a3b40abd2fa3044ce10a5cbf6be95cf,observation_time_proxy,historical data_available_time is unknown; observation_time is a pseudo-operational proxy,8.439812972222223,30,6.97713588128882,8.13718995390787,7.605905131296558,12,DJF
2015-12-01T00:00:00+00:00,2015-11-30,windermere,south,water_temperature,2.0,degC,month_2,2015-12-31,2016-01-29,5.446703416756123,5.172793681278756,1.1600540726190491,lead_dependent_anomaly_relaxation,1.0,True,0.2361180758229335,0.2361180758229335,184,4,2011|2012|2013|2014,07e6e1f90210f0b967629dda95bdfb3552a0e0025d0eef416489cec48cfe4c51,observation_time_proxy,historical data_available_time is unknown; observation_time is a pseudo-operational proxy,7.093656361111111,30,5.172793681278756,6.332847753897805,5.446703416756123,12,DJF
2015-12-01T00:00:00+00:00,2015-11-30,windermere,south,water_temperature,2.0,degC,month_3,2016-01-30,2016-02-28,4.65862964552676,4.577699044246032,1.1600540726190491,lead_dependent_anomaly_relaxation,1.0,True,0.06976450769920721,0.06976450769920721,180,4,2011|2012|2013|2014,1b47f2c0080299c15fc2d8212482d6fad5cc035678b47add584dd04d0dfd6d40,observation_time_proxy,historical data_available_time is unknown; observation_time is a pseudo-operational proxy,6.107745722222222,30,4.577699044246032,5.737753116865081,4.65862964552676,12,DJF
2015-12-08T00:00:00+00:00,2015-12-07,windermere,south,water_temperature,2.0,degC,month_1,2015-12-08,2016-01-06,6.850561194282713,6.2663115865036225,1.0779171165286403,lead_dependent_anomaly_relaxation,1.0,True,0.5420171911367618,0.5420171911367618,189,4,2011|2012|2013|2014,b05342239154ab1a01bba34d74f6dce57a3b40abd2fa3044ce10a5cbf6be95cf,observation_time_proxy,historical data_available_time is unknown; observation_time is a pseudo-operational proxy,8.169674125,30,6.2663115865036225,7.344228703032263,6.850561194282713,12,DJF
2015-12-08T00:00:00+00:00,2015-12-07,windermere,south,water_temperature,2.0,degC,month_2,2016-01-07,2016-02-05,5.268246878277311,5.013731162825963,1.0779171165286403,lead_dependent_anomaly_relaxation,1.0,True,0.2361180758229335,0.2361180758229335,184,4,2011|2012|2013|2014,07e6e1f90210f0b967629dda95bdfb3552a0e0025d0eef416489cec48cfe4c51,observation_time_proxy,historical data_available_time is unknown; observation_time is a pseudo-operational proxy,6.782442166666667,30,5.013731162825963,6.091648279354604,5.268246878277311,12,DJF
2015-12-08T00:00:00+00:00,2015-12-07,windermere,south,water_temperature,2.0,degC,month_3,2016-02-06,2016-03-06,4.673612376419614,4.598412019444445,1.0779171165286403,lead_dependent_anomaly_relaxation,1.0,True,0.06976450769920721,0.06976450769920721,180,4,2011|2012|2013|2014,1b47f2c0080299c15fc2d8212482d6fad5cc035678b47add584dd04d0dfd6d40,observation_time_proxy,historical data_available_time is unknown; observation_time is a pseudo-operational proxy,5.882755041666667,30,4.598412019444445,5.676329135973085,4.673612376419614,12,DJF
2015-12-15T00:00:00+00:00,2015-12-14,windermere,south,water_temperature,2.0,degC,month_1,2015-12-15,2016-01-13,6.4037358599251,5.85084777979066,1.020056354623879,lead_dependent_anomaly_relaxation,1.0,True,0.5420171911367618,0.5420171911367618,189,4,2011|2012|2013|2014,b05342239154ab1a01bba34d74f6dce57a3b40abd2fa3044ce10a5cbf6be95cf,observation_time_proxy,historical data_available_time is unknown; observation_time is a pseudo-operational proxy,7.923787944444444,30,5.85084777979066,6.870904134414539,6.4037358599251,12,DJF
2015-12-15T00:00:00+00:00,2015-12-14,windermere,south,water_temperature,2.0,degC,month_2,2016-01-14,2016-02-12,5.082371725515812,4.841517981831066,1.020056354623879,lead_dependent_anomaly_relaxation,1.0,True,0.2361180758229335,0.2361180758229335,184,4,2011|2012|2013|2014,07e6e1f90210f0b967629dda95bdfb3552a0e0025d0eef416489cec48cfe4c51,observation_time_proxy,historical data_available_time is unknown; observation_time is a pseudo-operational proxy,6.539500194444445,30,4.841517981831066,5.861574336454945,5.082371725515812,12,DJF
2015-12-15T00:00:00+00:00,2015-12-14,windermere,south,water_temperature,2.0,degC,month_3,2016-02-13,2016-03-13,4.760400327421656,4.689236598015873,1.020056354623879,lead_dependent_anomaly_relaxation,1.0,True,0.06976450769920721,0.06976450769920721,180,4,2011|2012|2013|2014,1b47f2c0080299c15fc2d8212482d6fad5cc035678b47add584dd04d0dfd6d40,observation_time_proxy,historical data_available_time is unknown; observation_time is a pseudo-operational proxy,5.6890593888888885,30,4.689236598015873,5.709292952639752,4.760400327421656,12,DJF
2015-12-22T00:00:00+00:00,2015-12-21,windermere,south,water_temperature,2.0,degC,month_1,2015-12-22,2016-01-20,6.13404945152404,5.525759876037354,1.12226989371118,lead_dependent_anomaly_relaxation,1.0,True,0.5420171911367618,0.5420171911367618,189,4,2011|2012|2013|2014,b05342239154ab1a01bba34d74f6dce57a3b40abd2fa3044ce10a5cbf6be95cf,observation_time_proxy,historical data_available_time is unknown; observation_time is a pseudo-operational proxy,7.588575402777778,30,5.525759876037354,6.6480297697485335,6.13404945152404,12,DJF
2015-12-22T00:00:00+00:00,2015-12-21,windermere,south,water_temperature,2.0,degC,month_2,2016-01-21,2016-02-19,4.958357398928521,4.693369191071429,1.12226989371118,lead_dependent_anomaly_relaxation,1.0,True,0.2361180758229335,0.2361180758229335,184,4,2011|2012|2013|2014,07e6e1f90210f0b967629dda95bdfb3552a0e0025d0eef416489cec48cfe4c51,observation_time_proxy,historical data_available_time is unknown; observation_time is a pseudo-operational proxy,6.347017916666666,30,4.693369191071429,5.8156390847826085,4.958357398928521,12,DJF
2015-12-22T00:00:00+00:00,2015-12-21,windermere,south,water_temperature,2.0,degC,month_3,2016-02-20,2016-03-20,4.971723724894371,4.893429118253969,1.12226989371118,lead_dependent_anomaly_relaxation,1.0,True,0.06976450769920721,0.06976450769920721,180,4,2011|2012|2013|2014,1b47f2c0080299c15fc2d8212482d6fad5cc035678b47add584dd04d0dfd6d40,observation_time_proxy,historical data_available_time is unknown; observation_time is a pseudo-operational proxy,5.687352736111111,30,4.893429118253969,6.015699011965149,4.971723724894371,12,DJF
2015-12-29T00:00:00+00:00,2015-12-28,windermere,south,water_temperature,2.0,degC,month_1,2015-12-29,2016-01-27,5.992982923978222,5.244990342389866,1.3800163423222909,lead_dependent_anomaly_relaxation,1.0,True,0.5420171911367618,0.5420171911367618,189,4,2011|2012|2013|2014,b05342239154ab1a01bba34d74f6dce57a3b40abd2fa3044ce10a5cbf6be95cf,observation_time_proxy,historical data_available_time is unknown; observation_time is a pseudo-operational proxy,7.1912515416666665,30,5.244990342389866,6.625006684712157,5.992982923978222,12,DJF
2015-12-29T00:00:00+00:00,2015-12-28,windermere,south,water_temperature,2.0,degC,month_2,2016-01-28,2016-02-26,4.919238349781914,4.593391546428571,1.3800163423222909,lead_dependent_anomaly_relaxation,1.0,True,0.2361180758229335,0.2361180758229335,184,4,2011|2012|2013|2014,07e6e1f90210f0b967629dda95bdfb3552a0e0025d0eef416489cec48cfe4c51,observation_time_proxy,historical data_available_time is unknown; observation_time is a pseudo-operational proxy,6.172206888888889,30,4.593391546428571,5.973407888750862,4.919238349781914,12,DJF
2015-12-29T00:00:00+00:00,2015-12-28,windermere,south,water_temperature,2.0,degC,month_3,2016-02-27,2016-03-27,5.304126334746912,5.207850174007937,1.3800163423222909,lead_dependent_anomaly_relaxation,1.0,True,0.06976450769920721,0.06976450769920721,180,4,2011|2012|2013|2014,1b47f2c0080299c15fc2d8212482d6fad5cc035678b47add584dd04d0dfd6d40,observation_time_proxy,historical data_available_time is unknown; observation_time is a pseudo-operational proxy,5.843053513888889,30,5.207850174007937,6.5878665163302275,5.304126334746912,12,DJF
2016-01-05T00:00:00+00:00,2016-01-04,windermere,south,water_temperature,2.0,degC,month_1,2016-01-05,2016-02-03,6.125182459517265,5.192564004972718,1.6455387260524494,lead_dependent_anomaly_relaxation,1.0,True,0.5667557012054306,0.5667557012054306,240,5,2011|2012|2013|2014|2015,9d0925aa8a4153bc8a5d333f8c35a74a4369f5fc0bf47fa0617250070ab9f2b4,observation_time_proxy,historical data_available_time is unknown; observation_time is a pseudo-operational proxy,6.869167222222222,30,5.192564004972718,6.838102731025168,6.125182459517265,1,DJF
2016-01-05T00:00:00+00:00,2016-01-04,windermere,south,water_temperature,2.0,degC,month_2,2016-02-04,2016-03-04,5.040191553259743,4.609708015277778,1.6455387260524494,lead_dependent_anomaly_relaxation,1.0,True,0.261606446063211,0.261606446063211,235,5,2011|2012|2013|2014|2015,efb4db56f7100937e103bc3a5cc2196888aa13894b9155dd4424eff796346f64,observation_time_proxy,historical data_available_time is unknown; observation_time is a pseudo-operational proxy,5.949753944444445,30,4.609708015277778,6.255246741330227,5.040191553259743,1,DJF
2016-01-05T00:00:00+00:00,2016-01-04,windermere,south,water_temperature,2.0,degC,month_3,2016-03-05,2016-04-03,5.669768223813651,5.546459277604167,1.6455387260524494,lead_dependent_anomaly_relaxation,1.0,True,0.0749353049291614,0.0749353049291614,231,5,2011|2012|2013|2014|2015,ad3109ae99180bb0cecf8063525ab003eb4f28e243c536e7774573ceb191c29c,observation_time_proxy,historical data_available_time is unknown; observation_time is a pseudo-operational proxy,6.0852947777777775,30,5.546459277604167,7.191998003656616,5.669768223813651,1,DJF
2016-01-12T00:00:00+00:00,2016-01-11,windermere,south,water_temperature,2.0,degC,month_1,2016-01-12,2016-02-10,6.012916462843218,4.97481474016617,1.8316564270445141,lead_dependent_anomaly_relaxation,1.0,True,0.5667557012054306,0.5667557012054306,240,5,2011|2012|2013|2014|2015,9d0925aa8a4153bc8a5d333f8c35a74a4369f5fc0bf47fa0617250070ab9f2b4,observation_time_proxy,historical data_available_time is unknown; observation_time is a pseudo-operational proxy,6.602524388888889,30,4.97481474016617,6.806471167210685,6.012916462843218,1,DJF
2016-01-12T00:00:00+00:00,2016-01-11,windermere,south,water_temperature,2.0,degC,month_2,2016-02-11,2016-03-11,5.15299638228101,4.6738232539930555,1.8316564270445141,lead_dependent_anomaly_relaxation,1.0,True,0.261606446063211,0.261606446063211,235,5,2011|2012|2013|2014|2015,efb4db56f7100937e103bc3a5cc2196888aa13894b9155dd4424eff796346f64,observation_time_proxy,historical data_available_time is unknown; observation_time is a pseudo-operational proxy,5.725268166666667,30,4.6738232539930555,6.50547968103757,5.15299638228101,1,DJF
2016-01-12T00:00:00+00:00,2016-01-11,windermere,south,water_temperature,2.0,degC,month_3,2016-03-12,2016-04-10,6.117535751636039,5.98028001875,1.8316564270445141,lead_dependent_anomaly_relaxation,1.0,True,0.0749353049291614,0.0749353049291614,231,5,2011|2012|2013|2014|2015,ad3109ae99180bb0cecf8063525ab003eb4f28e243c536e7774573ceb191c29c,observation_time_proxy,historical data_available_time is unknown; observation_time is a pseudo-operational proxy,6.496742125,30,5.98028001875,7.811936445794514,6.117535751636039,1,DJF
2016-01-19T00:00:00+00:00,2016-01-18,windermere,south,water_temperature,2.0,degC,month_1,2016-01-19,2016-02-17,5.85735794777557,4.789276841145833,1.8845529111714976,lead_dependent_anomaly_relaxation,1.0,True,0.5667557012054306,0.5667557012054306,240,5,2011|2012|2013|2014|2015,9d0925aa8a4153bc8a5d333f8c35a74a4369f5fc0bf47fa0617250070ab9f2b4,observation_time_proxy,historical data_available_time is unknown; observation_time is a pseudo-operational proxy,6.401209680555556,30,4.789276841145833,6.673829752317331,5.85735794777557,1,DJF
2016-01-19T00:00:00+00:00,2016-01-18,windermere,south,water_temperature,2.0,degC,month_2,2016-02-18,2016-03-18,5.332778617634654,4.8397674281250005,1.8845529111714976,lead_dependent_anomaly_relaxation,1.0,True,0.261606446063211,0.261606446063211,235,5,2011|2012|2013|2014|2015,efb4db56f7100937e103bc3a5cc2196888aa13894b9155dd4424eff796346f64,observation_time_proxy,historical data_available_time is unknown; observation_time is a pseudo-operational proxy,5.651544791666667,30,4.8397674281250005,6.724320339296498,5.332778617634654,1,DJF
2016-01-19T00:00:00+00:00,2016-01-18,windermere,south,water_temperature,2.0,degC,month_3,2016-03-19,2016-04-17,6.714933857296831,6.573714310243056,1.8845529111714976,lead_dependent_anomaly_relaxation,1.0,True,0.0749353049291614,0.0749353049291614,231,5,2011|2012|2013|2014|2015,ad3109ae99180bb0cecf8063525ab003eb4f28e243c536e7774573ceb191c29c,observation_time_proxy,historical data_available_time is unknown; observation_time is a pseudo-operational proxy,6.949160861111111,30,6.573714310243056,8.458267221414554,6.714933857296831,1,DJF
2016-01-26T00:00:00+00:00,2016-01-25,windermere,south,water_temperature,2.0,degC,month_1,2016-01-26,2016-02-24,5.670568400724733,4.6554486942708335,1.7911062990541504,lead_dependent_anomaly_relaxation,1.0,True,0.5667557012054306,0.5667557012054306,240,5,2011|2012|2013|2014|2015,9d0925aa8a4153bc8a5d333f8c35a74a4369f5fc0bf47fa0617250070ab9f2b4,observation_time_proxy,historical data_available_time is unknown; observation_time is a pseudo-operational proxy,6.227411861111111,30,4.6554486942708335,6.446554993324984,5.670568400724733,1,DJF
2016-01-26T00:00:00+00:00,2016-01-25,windermere,south,water_temperature,2.0,degC,month_2,2016-02-25,2016-03-25,5.5858257212989315,5.117260767881945,1.7911062990541504,lead_dependent_anomaly_relaxation,1.0,True,0.261606446063211,0.261606446063211,235,5,2011|2012|2013|2014|2015,efb4db56f7100937e103bc3a5cc2196888aa13894b9155dd4424eff796346f64,observation_time_proxy,historical data_available_time is unknown; observation_time is a pseudo-operational proxy,5.811344430555556,30,5.117260767881945,6.908367066936095,5.5858257212989315,1,DJF
2016-01-26T00:00:00+00:00,2016-01-25,windermere,south,water_temperature,2.0,degC,month_3,2016-03-26,2016-04-24,7.496655962553181,7.362438865873016,1.7911062990541504,lead_dependent_anomaly_relaxation,1.0,True,0.0749353049291614,0.0749353049291614,231,5,2011|2012|2013|2014|2015,ad3109ae99180bb0cecf8063525ab003eb4f28e243c536e7774573ceb191c29c,observation_time_proxy,historical data_available_time is unknown; observation_time is a pseudo-operational proxy,7.470030555555556,30,7.362438865873016,9.153545164927166,7.496655962553181,1,DJF
2016-02-02T00:00:00+00:00,2016-02-01,windermere,south,water_temperature,2.0,degC,month_1,2016-02-02,2016-03-02,5.5677259769856855,4.606345293402778,1.6962876271701388,lead_dependent_anomaly_relaxation,1.0,True,0.5667557012054306,0.5667557012054306,240,5,2011|2012|2013|2014|2015,9d0925aa8a4153bc8a5d333f8c35a74a4369f5fc0bf47fa0617250070ab9f2b4,observation_time_proxy,historical data_available_time is unknown; observation_time is a pseudo-operational proxy,6.012581777777778,30,4.606345293402778,6.302632920572917,5.5677259769856855,2,DJF
2016-02-02T00:00:00+00:00,2016-02-01,windermere,south,water_temperature,2.0,degC,month_2,2016-03-03,2016-04-01,5.877897566186643,5.434137788541666,1.6962876271701388,lead_dependent_anomaly_relaxation,1.0,True,0.261606446063211,0.261606446063211,235,5,2011|2012|2013|2014|2015,efb4db56f7100937e103bc3a5cc2196888aa13894b9155dd4424eff796346f64,observation_time_proxy,historical data_available_time is unknown; observation_time is a pseudo-operational proxy,6.012613708333333,30,5.434137788541666,7.130425415711805,5.877897566186643,2,DJF
2016-02-02T00:00:00+00:00,2016-02-01,windermere,south,water_temperature,2.0,degC,month_3,2016-04-02,2016-05-01,8.227600512930827,8.10048868234127,1.6962876271701388,lead_dependent_anomaly_relaxation,1.0,True,0.0749353049291614,0.0749353049291614,231,5,2011|2012|2013|2014|2015,ad3109ae99180bb0cecf8063525ab003eb4f28e243c536e7774573ceb191c29c,observation_time_proxy,historical data_available_time is unknown; observation_time is a pseudo-operational proxy,7.981674388888889,30,8.10048868234127,9.796776309511408,8.227600512930827,2,DJF
2016-02-09T00:00:00+00:00,2016-02-08,windermere,south,water_temperature,2.0,degC,month_1,2016-02-09,2016-03-09,5.57836751031611,4.6477451003472225,1.6420168478050599,lead_dependent_anomaly_relaxation,1.0,True,0.5667557012054306,0.5667557012054306,240,5,2011|2012|2013|2014|2015,9d0925aa8a4153bc8a5d333f8c35a74a4369f5fc0bf47fa0617250070ab9f2b4,observation_time_proxy,historical data_available_time is unknown; observation_time is a pseudo-operational proxy,5.781370930555555,30,4.6477451003472225,6.289761948152282,5.57836751031611,2,DJF
2016-02-09T00:00:00+00:00,2016-02-08,windermere,south,water_temperature,2.0,degC,month_2,2016-03-10,2016-04-08,6.262706182728809,5.833143990798611,1.6420168478050599,lead_dependent_anomaly_relaxation,1.0,True,0.261606446063211,0.261606446063211,235,5,2011|2012|2013|2014|2015,efb4db56f7100937e103bc3a5cc2196888aa13894b9155dd4424eff796346f64,observation_time_proxy,historical data_available_time is unknown; observation_time is a pseudo-operational proxy,6.366198902777778,30,5.833143990798611,7.475160838603671,6.262706182728809,2,DJF
2016-02-09T00:00:00+00:00,2016-02-08,windermere,south,water_temperature,2.0,degC,month_3,2016-04-09,2016-05-08,9.042945817514488,8.919900784325396,1.6420168478050599,lead_dependent_anomaly_relaxation,1.0,True,0.0749353049291614,0.0749353049291614,231,5,2011|2012|2013|2014|2015,ad3109ae99180bb0cecf8063525ab003eb4f28e243c536e7774573ceb191c29c,observation_time_proxy,historical data_available_time is unknown; observation_time is a pseudo-operational proxy,8.497722069444444,30,8.919900784325396,10.561917632130456,9.042945817514488,2,DJF
2016-02-16T00:00:00+00:00,2016-02-15,windermere,south,water_temperature,2.0,degC,month_1,2016-02-16,2016-03-16,5.698079462009416,4.778769093576389,1.6220575575644842,lead_dependent_anomaly_relaxation,1.0,True,0.5667557012054306,0.5667557012054306,240,5,2011|2012|2013|2014|2015,9d0925aa8a4153bc8a5d333f8c35a74a4369f5fc0bf47fa0617250070ab9f2b4,observation_time_proxy,historical data_available_time is unknown; observation_time is a pseudo-operational proxy,5.636137180555556,30,4.778769093576389,6.400826651140873,5.698079462009416,2,DJF
2016-02-16T00:00:00+00:00,2016-02-15,windermere,south,water_temperature,2.0,degC,month_2,2016-03-17,2016-04-15,6.819240187076362,6.394899474131945,1.6220575575644842,lead_dependent_anomaly_relaxation,1.0,True,0.261606446063211,0.261606446063211,235,5,2011|2012|2013|2014|2015,efb4db56f7100937e103bc3a5cc2196888aa13894b9155dd4424eff796346f64,observation_time_proxy,historical data_available_time is unknown; observation_time is a pseudo-operational proxy,6.844048444444445,30,6.394899474131945,8.016957031696428,6.819240187076362,2,DJF
2016-02-16T00:00:00+00:00,2016-02-15,windermere,south,water_temperature,2.0,degC,month_3,2016-04-16,2016-05-15,9.859609796339539,9.738060418650793,1.6220575575644842,lead_dependent_anomaly_relaxation,1.0,True,0.0749353049291614,0.0749353049291614,231,5,2011|2012|2013|2014|2015,ad3109ae99180bb0cecf8063525ab003eb4f28e243c536e7774573ceb191c29c,observation_time_proxy,historical data_available_time is unknown; observation_time is a pseudo-operational proxy,9.647561430555555,30,9.738060418650793,11.360117976215278,9.859609796339539,2,DJF
2016-02-23T00:00:00+00:00,2016-02-22,windermere,south,water_temperature,2.0,degC,month_1,2016-02-23,2016-03-23,5.925425096850205,5.026228821006945,1.586567676215278,lead_dependent_anomaly_relaxation,1.0,True,0.5667557012054306,0.5667557012054306,240,5,2011|2012|2013|2014|2015,9d0925aa8a4153bc8a5d333f8c35a74a4369f5fc0bf47fa0617250070ab9f2b4,observation_time_proxy,historical data_available_time is unknown; observation_time is a pseudo-operational proxy,5.770418347222222,30,5.026228821006945,6.612796497222223,5.925425096850205,2,DJF
2016-02-23T00:00:00+00:00,2016-02-22,windermere,south,water_temperature,2.0,degC,month_2,2016-03-24,2016-04-22,7.476470574934135,7.061414243720689,1.586567676215278,lead_dependent_anomaly_relaxation,1.0,True,0.261606446063211,0.261606446063211,235,5,2011|2012|2013|2014|2015,efb4db56f7100937e103bc3a5cc2196888aa13894b9155dd4424eff796346f64,observation_time_proxy,historical data_available_time is unknown; observation_time is a pseudo-operational proxy,7.2843079444444445,30,7.061414243720689,8.647981919935967,7.476470574934135,2,DJF
2016-02-23T00:00:00+00:00,2016-02-22,windermere,south,water_temperature,2.0,degC,month_3,2016-04-23,2016-05-22,10.658733249473022,10.53984331686508,1.586567676215278,lead_dependent_anomaly_relaxation,1.0,True,0.0749353049291614,0.0749353049291614,231,5,2011|2012|2013|2014|2015,ad3109ae99180bb0cecf8063525ab003eb4f28e243c536e7774573ceb191c29c,observation_time_proxy,historical data_available_time is unknown; observation_time is a pseudo-operational proxy,10.801426152777777,30,10.53984331686508,12.126410993080357,10.658733249473022,2,DJF
2016-03-01T00:00:00+00:00,2016-02-29,windermere,south,water_temperature,2.0,degC,month_1,2016-03-01,2016-03-30,6.169787569631099,5.3367075671875,1.4699102288194448,lead_dependent_anomaly_relaxation,1.0,True,0.5667557012054306,0.5667557012054306,240,5,2011|2012|2013|2014|2015,9d0925aa8a4153bc8a5d333f8c35a74a4369f5fc0bf47fa0617250070ab9f2b4,observation_time_proxy,historical data_available_time is unknown; observation_time is a pseudo-operational proxy,5.937674458333333,30,5.3367075671875,6.806617796006945,6.169787569631099,3,MAM
2016-03-01T00:00:00+00:00,2016-02-29,windermere,south,water_temperature,2.0,degC,month_2,2016-03-31,2016-04-29,8.270523612223576,7.885985621230159,1.4699102288194448,lead_dependent_anomaly_relaxation,1.0,True,0.261606446063211,0.261606446063211,235,5,2011|2012|2013|2014|2015,efb4db56f7100937e103bc3a5cc2196888aa13894b9155dd4424eff796346f64,observation_time_proxy,historical data_available_time is unknown; observation_time is a pseudo-operational proxy,7.866273972222222,30,7.885985621230159,9.355895850049603,8.270523612223576,3,MAM
2016-03-01T00:00:00+00:00,2016-02-29,windermere,south,water_temperature,2.0,degC,month_3,2016-04-30,2016-05-29,11.572344786504829,11.46219661528975,1.4699102288194448,lead_dependent_anomaly_relaxation,1.0,True,0.0749353049291614,0.0749353049291614,231,5,2011|2012|2013|2014|2015,ad3109ae99180bb0cecf8063525ab003eb4f28e243c536e7774573ceb191c29c,observation_time_proxy,historical data_available_time is unknown; observation_time is a pseudo-operational proxy,12.0729765,30,11.46219661528975,12.932106844109196,11.572344786504829,3,MAM
2016-03-08T00:00:00+00:00,2016-03-07,windermere,south,water_temperature,2.0,degC,month_1,2016-03-08,2016-04-06,6.399230502926309,5.7074368812500005,1.220620489930556,lead_dependent_anomaly_relaxation,1.0,True,0.5667557012054306,0.5667557012054306,240,5,2011|2012|2013|2014|2015,9d0925aa8a4153bc8a5d333f8c35a74a4369f5fc0bf47fa0617250070ab9f2b4,observation_time_proxy,historical data_available_time is unknown; observation_time is a pseudo-operational proxy,6.2326249166666665,30,5.7074368812500005,6.928057371180556,6.399230502926309,3,MAM
2016-03-08T00:00:00+00:00,2016-03-07,windermere,south,water_temperature,2.0,degC,month_2,2016-04-07,2016-05-06,8.989920667132509,8.670598478769842,1.220620489930556,lead_dependent_anomaly_relaxation,1.0,True,0.261606446063211,0.261606446063211,235,5,2011|2012|2013|2014|2015,efb4db56f7100937e103bc3a5cc2196888aa13894b9155dd4424eff796346f64,observation_time_proxy,historical data_available_time is unknown; observation_time is a pseudo-operational proxy,8.30488848611111,30,8.670598478769842,9.891218968700397,8.989920667132509,3,MAM
2016-03-08T00:00:00+00:00,2016-03-07,windermere,south,water_temperature,2.0,degC,month_3,2016-05-07,2016-06-05,12.587218780080049,12.49575121146432,1.220620489930556,lead_dependent_anomaly_relaxation,1.0,True,0.0749353049291614,0.0749353049291614,231,5,2011|2012|2013|2014|2015,ad3109ae99180bb0cecf8063525ab003eb4f28e243c536e7774573ceb191c29c,observation_time_proxy,historical data_available_time is unknown; observation_time is a pseudo-operational proxy,13.828640277777778,30,12.49575121146432,13.716371701394877,12.587218780080049,3,MAM
2016-03-15T00:00:00+00:00,2016-03-14,windermere,south,water_temperature,2.0,degC,month_1,2016-03-15,2016-04-13,6.75758414844304,6.226480005729167,0.9370953685763883,lead_dependent_anomaly_relaxation,1.0,True,0.5667557012054306,0.5667557012054306,240,5,2011|2012|2013|2014|2015,9d0925aa8a4153bc8a5d333f8c35a74a4369f5fc0bf47fa0617250070ab9f2b4,observation_time_proxy,historical data_available_time is unknown; observation_time is a pseudo-operational proxy,6.693650541666667,30,6.226480005729167,7.163575374305555,6.75758414844304,3,MAM
2016-03-15T00:00:00+00:00,2016-03-14,windermere,south,water_temperature,2.0,degC,month_2,2016-04-14,2016-05-13,9.739039204273341,9.493889015277778,0.9370953685763883,lead_dependent_anomaly_relaxation,1.0,True,0.261606446063211,0.261606446063211,235,5,2011|2012|2013|2014|2015,efb4db56f7100937e103bc3a5cc2196888aa13894b9155dd4424eff796346f64,observation_time_proxy,historical data_available_time is unknown; observation_time is a pseudo-operational proxy,9.289177902777778,30,9.493889015277778,10.430984383854167,9.739039204273341,3,MAM
2016-03-15T00:00:00+00:00,2016-03-14,windermere,south,water_temperature,2.0,degC,month_3,2016-05-14,2016-06-12,13.684247520594756,13.614025993402779,0.9370953685763883,lead_dependent_anomaly_relaxation,1.0,True,0.0749353049291614,0.0749353049291614,231,5,2011|2012|2013|2014|2015,ad3109ae99180bb0cecf8063525ab003eb4f28e243c536e7774573ceb191c29c,observation_time_proxy,historical data_available_time is unknown; observation_time is a pseudo-operational proxy,15.824151444444444,30,13.614025993402779,14.551121361979167,13.684247520594756,3,MAM
2016-03-22T00:00:00+00:00,2016-03-21,windermere,south,water_temperature,2.0,degC,month_1,2016-03-22,2016-04-20,7.300712726693209,6.866050806581439,0.7669299473958331,lead_dependent_anomaly_relaxation,1.0,True,0.5667557012054306,0.5667557012054306,240,5,2011|2012|2013|2014|2015,9d0925aa8a4153bc8a5d333f8c35a74a4369f5fc0bf47fa0617250070ab9f2b4,observation_time_proxy,historical data_available_time is unknown; observation_time is a pseudo-operational proxy,7.139847791666667,30,6.866050806581439,7.6329807539772725,7.300712726693209,3,MAM
2016-03-22T00:00:00+00:00,2016-03-21,windermere,south,water_temperature,2.0,degC,month_2,2016-04-21,2016-05-20,10.507301661171638,10.306667843253969,0.7669299473958331,lead_dependent_anomaly_relaxation,1.0,True,0.261606446063211,0.261606446063211,235,5,2011|2012|2013|2014|2015,efb4db56f7100937e103bc3a5cc2196888aa13894b9155dd4424eff796346f64,observation_time_proxy,historical data_available_time is unknown; observation_time is a pseudo-operational proxy,10.509973930555555,30,10.306667843253969,11.073597790649803,10.507301661171638,3,MAM
2016-03-22T00:00:00+00:00,2016-03-21,windermere,south,water_temperature,2.0,degC,month_3,2016-05-21,2016-06-19,14.702893653569424,14.64542352410201,0.7669299473958331,lead_dependent_anomaly_relaxation,1.0,True,0.0749353049291614,0.0749353049291614,231,5,2011|2012|2013|2014|2015,ad3109ae99180bb0cecf8063525ab003eb4f28e243c536e7774573ceb191c29c,observation_time_proxy,historical data_available_time is unknown; observation_time is a pseudo-operational proxy,17.268741847222223,30,14.64542352410201,15.412353471497845,14.702893653569424,3,MAM
2016-03-29T00:00:00+00:00,2016-03-28,windermere,south,water_temperature,2.0,degC,month_1,2016-03-29,2016-04-27,8.022919878745551,7.678782184325397,0.6072064095486107,lead_dependent_anomaly_relaxation,1.0,True,0.5667557012054306,0.5667557012054306,240,5,2011|2012|2013|2014|2015,9d0925aa8a4153bc8a5d333f8c35a74a4369f5fc0bf47fa0617250070ab9f2b4,observation_time_proxy,historical data_available_time is unknown; observation_time is a pseudo-operational proxy,7.730632208333334,30,7.678782184325397,8.285988593874007,8.022919878745551,3,MAM
2016-03-29T00:00:00+00:00,2016-03-28,windermere,south,water_temperature,2.0,degC,month_2,2016-04-28,2016-05-27,11.378384425470019,11.219535314641204,0.6072064095486107,lead_dependent_anomaly_relaxation,1.0,True,0.261606446063211,0.261606446063211,235,5,2011|2012|2013|2014|2015,efb4db56f7100937e103bc3a5cc2196888aa13894b9155dd4424eff796346f64,observation_time_proxy,historical data_available_time is unknown; observation_time is a pseudo-operational proxy,11.657071569444444,30,11.219535314641204,11.826741724189816,11.378384425470019,3,MAM
2016-03-29T00:00:00+00:00,2016-03-28,windermere,south,water_temperature,2.0,degC,month_3,2016-05-28,2016-06-26,15.459358636044026,15.41385743858956,0.6072064095486107,lead_dependent_anomaly_relaxation,1.0,True,0.0749353049291614,0.0749353049291614,231,5,2011|2012|2013|2014|2015,ad3109ae99180bb0cecf8063525ab003eb4f28e243c536e7774573ceb191c29c,observation_time_proxy,historical data_available_time is unknown; observation_time is a pseudo-operational proxy,18.262734791666666,30,15.41385743858956,16.02106384813817,15.459358636044026,3,MAM
2016-04-05T00:00:00+00:00,2016-04-04,windermere,south,water_temperature,2.0,degC,month_1,2016-04-05,2016-05-04,8.736565912774678,8.432166330357143,0.5370913460069442,lead_dependent_anomaly_relaxation,1.0,True,0.5667557012054306,0.5667557012054306,240,5,2011|2012|2013|2014|2015,9d0925aa8a4153bc8a5d333f8c35a74a4369f5fc0bf47fa0617250070ab9f2b4,observation_time_proxy,historical data_available_time is unknown; observation_time is a pseudo-operational proxy,8.145189625,30,8.432166330357143,8.969257676364087,8.736565912774678,4,MAM
2016-04-05T00:00:00+00:00,2016-04-04,windermere,south,water_temperature,2.0,degC,month_2,2016-05-05,2016-06-03,12.304128731013172,12.163622172772989,0.5370913460069442,lead_dependent_anomaly_relaxation,1.0,True,0.261606446063211,0.261606446063211,235,5,2011|2012|2013|2014|2015,efb4db56f7100937e103bc3a5cc2196888aa13894b9155dd4424eff796346f64,observation_time_proxy,historical data_available_time is unknown; observation_time is a pseudo-operational proxy,13.276756805555555,30,12.163622172772989,12.700713518779933,12.304128731013172,4,MAM
2016-04-05T00:00:00+00:00,2016-04-04,windermere,south,water_temperature,2.0,degC,month_3,2016-06-04,2016-07-03,16.199548294760067,16.159301190972222,0.5370913460069442,lead_dependent_anomaly_relaxation,1.0,True,0.0749353049291614,0.0749353049291614,231,5,2011|2012|2013|2014|2015,ad3109ae99180bb0cecf8063525ab003eb4f28e243c536e7774573ceb191c29c,observation_time_proxy,historical data_available_time is unknown; observation_time is a pseudo-operational proxy,18.696490208333334,30,16.159301190972222,16.696392536979168,16.199548294760067,4,MAM
2016-04-12T00:00:00+00:00,2016-04-11,windermere,south,water_temperature,2.0,degC,month_1,2016-04-12,2016-05-11,9.543589054563187,9.262069604563491,0.4967209847222218,lead_dependent_anomaly_relaxation,1.0,True,0.5667557012054306,0.5667557012054306,240,5,2011|2012|2013|2014|2015,9d0925aa8a4153bc8a5d333f8c35a74a4369f5fc0bf47fa0617250070ab9f2b4,observation_time_proxy,historical data_available_time is unknown; observation_time is a pseudo-operational proxy,8.966069319444445,30,9.262069604563491,9.758790589285713,9.543589054563187,4,MAM
2016-04-12T00:00:00+00:00,2016-04-11,windermere,south,water_temperature,2.0,degC,month_2,2016-05-12,2016-06-10,13.42759295910955,13.297647547611351,0.4967209847222218,lead_dependent_anomaly_relaxation,1.0,True,0.261606446063211,0.261606446063211,235,5,2011|2012|2013|2014|2015,efb4db56f7100937e103bc3a5cc2196888aa13894b9155dd4424eff796346f64,observation_time_proxy,historical data_available_time is unknown; observation_time is a pseudo-operational proxy,15.300795791666665,30,13.297647547611351,13.794368532333573,13.42759295910955,4,MAM
2016-04-12T00:00:00+00:00,2016-04-11,windermere,south,water_temperature,2.0,degC,month_3,2016-06-11,2016-07-10,16.742847578928906,16.705625640474032,0.4967209847222218,lead_dependent_anomaly_relaxation,1.0,True,0.0749353049291614,0.0749353049291614,231,5,2011|2012|2013|2014|2015,ad3109ae99180bb0cecf8063525ab003eb4f28e243c536e7774573ceb191c29c,observation_time_proxy,historical data_available_time is unknown; observation_time is a pseudo-operational proxy,18.06237298611111,30,16.705625640474032,17.202346625196256,16.742847578928906,4,MAM
2016-04-19T00:00:00+00:00,2016-04-18,windermere,south,water_temperature,2.0,degC,month_1,2016-04-19,2016-05-18,10.27901878659559,10.08662692579365,0.339461712326389,lead_dependent_anomaly_relaxation,1.0,True,0.5667557012054306,0.5667557012054306,240,5,2011|2012|2013|2014|2015,9d0925aa8a4153bc8a5d333f8c35a74a4369f5fc0bf47fa0617250070ab9f2b4,observation_time_proxy,historical data_available_time is unknown; observation_time is a pseudo-operational proxy,10.204435138888888,30,10.08662692579365,10.426088638120039,10.27901878659559,4,MAM
2016-04-19T00:00:00+00:00,2016-04-18,windermere,south,water_temperature,2.0,degC,month_2,2016-05-19,2016-06-17,14.454382651811766,14.365577279675527,0.339461712326389,lead_dependent_anomaly_relaxation,1.0,True,0.261606446063211,0.261606446063211,235,5,2011|2012|2013|2014|2015,efb4db56f7100937e103bc3a5cc2196888aa13894b9155dd4424eff796346f64,observation_time_proxy,historical data_available_time is unknown; observation_time is a pseudo-operational proxy,16.901639097222223,30,14.365577279675527,14.705038992001917,14.454382651811766,4,MAM
2016-04-19T00:00:00+00:00,2016-04-18,windermere,south,water_temperature,2.0,degC,month_3,2016-06-18,2016-07-17,17.315798134734848,17.290360467809894,0.339461712326389,lead_dependent_anomaly_relaxation,1.0,True,0.0749353049291614,0.0749353049291614,231,5,2011|2012|2013|2014|2015,ad3109ae99180bb0cecf8063525ab003eb4f28e243c536e7774573ceb191c29c,observation_time_proxy,historical data_available_time is unknown; observation_time is a pseudo-operational proxy,17.343846527777778,30,17.290360467809894,17.629822180136284,17.315798134734848,4,MAM
2016-04-26T00:00:00+00:00,2016-04-25,windermere,south,water_temperature,2.0,degC,month_1,2016-04-26,2016-05-25,10.948624158451684,10.887971467460318,0.10701734603174629,lead_dependent_anomaly_relaxation,1.0,True,0.5667557012054306,0.5667557012054306,240,5,2011|2012|2013|2014|2015,9d0925aa8a4153bc8a5d333f8c35a74a4369f5fc0bf47fa0617250070ab9f2b4,observation_time_proxy,historical data_available_time is unknown; observation_time is a pseudo-operational proxy,11.296150583333333,30,10.887971467460318,10.994988813492064,10.948624158451684,4,MAM
2016-04-26T00:00:00+00:00,2016-04-25,windermere,south,water_temperature,2.0,degC,month_2,2016-05-26,2016-06-24,15.24346050158068,15.215464074018199,0.10701734603174629,lead_dependent_anomaly_relaxation,1.0,True,0.261606446063211,0.261606446063211,235,5,2011|2012|2013|2014|2015,efb4db56f7100937e103bc3a5cc2196888aa13894b9155dd4424eff796346f64,observation_time_proxy,historical data_available_time is unknown; observation_time is a pseudo-operational proxy,17.98170615277778,30,15.215464074018199,15.322481420049945,15.24346050158068,4,MAM
2016-04-26T00:00:00+00:00,2016-04-25,windermere,south,water_temperature,2.0,degC,month_3,2016-06-25,2016-07-24,17.746074289711935,17.738054912254338,0.10701734603174629,lead_dependent_anomaly_relaxation,1.0,True,0.0749353049291614,0.0749353049291614,231,5,2011|2012|2013|2014|2015,ad3109ae99180bb0cecf8063525ab003eb4f28e243c536e7774573ceb191c29c,observation_time_proxy,historical data_available_time is unknown; observation_time is a pseudo-operational proxy,17.478833944444446,30,17.738054912254338,17.845072258286084,17.746074289711935,4,MAM
2016-05-03T00:00:00+00:00,2016-05-02,windermere,south,water_temperature,2.0,degC,month_1,2016-05-03,2016-06-01,11.763563106833908,11.857142915738745,-0.16511489642857136,lead_dependent_anomaly_relaxation,1.0,True,0.5667557012054306,0.5667557012054306,240,5,2011|2012|2013|2014|2015,9d0925aa8a4153bc8a5d333f8c35a74a4369f5fc0bf47fa0617250070ab9f2b4,observation_time_proxy,historical data_available_time is unknown; observation_time is a pseudo-operational proxy,12.761833263888889,30,11.857142915738745,11.692028019310174,11.763563106833908,5,MAM
2016-05-03T00:00:00+00:00,2016-05-02,windermere,south,water_temperature,2.0,degC,month_2,2016-06-02,2016-07-01,15.92271058535045,15.965905706597223,-0.16511489642857136,lead_dependent_anomaly_relaxation,1.0,True,0.261606446063211,0.261606446063211,235,5,2011|2012|2013|2014|2015,efb4db56f7100937e103bc3a5cc2196888aa13894b9155dd4424eff796346f64,observation_time_proxy,historical data_available_time is unknown; observation_time is a pseudo-operational proxy,18.65732048611111,30,15.965905706597223,15.800790810168651,15.92271058535045,5,MAM
2016-05-03T00:00:00+00:00,2016-05-02,windermere,south,water_temperature,2.0,degC,month_3,2016-07-02,2016-07-31,18.156278638972474,18.168651574084695,-0.16511489642857136,lead_dependent_anomaly_relaxation,1.0,True,0.0749353049291614,0.0749353049291614,231,5,2011|2012|2013|2014|2015,ad3109ae99180bb0cecf8063525ab003eb4f28e243c536e7774573ceb191c29c,observation_time_proxy,historical data_available_time is unknown; observation_time is a pseudo-operational proxy,17.755132569444445,30,18.168651574084695,18.003536677656122,18.156278638972474,5,MAM
2016-05-10T00:00:00+00:00,2016-05-09,windermere,south,water_temperature,2.0,degC,month_1,2016-05-10,2016-06-08,12.75545232107966,12.972609903657807,-0.38315906150793744,lead_dependent_anomaly_relaxation,1.0,True,0.5667557012054306,0.5667557012054306,240,5,2011|2012|2013|2014|2015,9d0925aa8a4153bc8a5d333f8c35a74a4369f5fc0bf47fa0617250070ab9f2b4,observation_time_proxy,historical data_available_time is unknown; observation_time is a pseudo-operational proxy,14.718851944444443,30,12.972609903657807,12.58945084214987,12.75545232107966,5,MAM
2016-05-10T00:00:00+00:00,2016-05-09,windermere,south,water_temperature,2.0,degC,month_2,2016-06-09,2016-07-08,16.435919819143802,16.53615669950181,-0.38315906150793744,lead_dependent_anomaly_relaxation,1.0,True,0.261606446063211,0.261606446063211,235,5,2011|2012|2013|2014|2015,efb4db56f7100937e103bc3a5cc2196888aa13894b9155dd4424eff796346f64,observation_time_proxy,historical data_available_time is unknown; observation_time is a pseudo-operational proxy,18.350065597222223,30,16.53615669950181,16.15299763799387,16.435919819143802,5,MAM
2016-05-10T00:00:00+00:00,2016-05-09,windermere,south,water_temperature,2.0,degC,month_3,2016-07-09,2016-08-07,18.3028646550994,18.331576796209866,-0.38315906150793744,lead_dependent_anomaly_relaxation,1.0,True,0.0749353049291614,0.0749353049291614,231,5,2011|2012|2013|2014|2015,ad3109ae99180bb0cecf8063525ab003eb4f28e243c536e7774573ceb191c29c,observation_time_proxy,historical data_available_time is unknown; observation_time is a pseudo-operational proxy,18.110969569444446,30,18.331576796209866,17.948417734701927,18.3028646550994,5,MAM
2016-05-17T00:00:00+00:00,2016-05-16,windermere,south,water_temperature,2.0,degC,month_1,2016-05-17,2016-06-15,14.059742883056984,14.06749708679957,-0.013681739285715366,lead_dependent_anomaly_relaxation,1.0,True,0.5667557012054306,0.5667557012054306,240,5,2011|2012|2013|2014|2015,9d0925aa8a4153bc8a5d333f8c35a74a4369f5fc0bf47fa0617250070ab9f2b4,observation_time_proxy,historical data_available_time is unknown; observation_time is a pseudo-operational proxy,16.49118825,30,14.06749708679957,14.053815347513854,14.059742883056984,5,MAM
2016-05-17T00:00:00+00:00,2016-05-16,windermere,south,water_temperature,2.0,degC,month_2,2016-06-16,2016-07-15,17.14226199877217,17.14584122996267,-0.013681739285715366,lead_dependent_anomaly_relaxation,1.0,True,0.261606446063211,0.261606446063211,235,5,2011|2012|2013|2014|2015,efb4db56f7100937e103bc3a5cc2196888aa13894b9155dd4424eff796346f64,observation_time_proxy,historical data_available_time is unknown; observation_time is a pseudo-operational proxy,17.502393541666667,30,17.14584122996267,17.132159490676955,17.14226199877217,5,MAM
2016-05-17T00:00:00+00:00,2016-05-16,windermere,south,water_temperature,2.0,degC,month_3,2016-07-16,2016-08-14,18.270218954223434,18.27124419952877,-0.013681739285715366,lead_dependent_anomaly_relaxation,1.0,True,0.0749353049291614,0.0749353049291614,231,5,2011|2012|2013|2014|2015,ad3109ae99180bb0cecf8063525ab003eb4f28e243c536e7774573ceb191c29c,observation_time_proxy,historical data_available_time is unknown; observation_time is a pseudo-operational proxy,18.274242277777777,30,18.27124419952877,18.257562460243054,18.270218954223434,5,MAM
2016-05-24T00:00:00+00:00,2016-05-23,windermere,south,water_temperature,2.0,degC,month_1,2016-05-24,2016-06-22,15.187688594135414,15.009912686260776,0.31367290615079213,lead_dependent_anomaly_relaxation,1.0,True,0.5667557012054306,0.5667557012054306,240,5,2011|2012|2013|2014|2015,9d0925aa8a4153bc8a5d333f8c35a74a4369f5fc0bf47fa0617250070ab9f2b4,observation_time_proxy,historical data_available_time is unknown; observation_time is a pseudo-operational proxy,17.708867125,30,15.009912686260776,15.323585592411568,15.187688594135414,5,MAM
2016-05-24T00:00:00+00:00,2016-05-23,windermere,south,water_temperature,2.0,degC,month_2,2016-06-23,2016-07-22,17.689270875833763,17.607212021629337,0.31367290615079213,lead_dependent_anomaly_relaxation,1.0,True,0.261606446063211,0.261606446063211,235,5,2011|2012|2013|2014|2015,efb4db56f7100937e103bc3a5cc2196888aa13894b9155dd4424eff796346f64,observation_time_proxy,historical data_available_time is unknown; observation_time is a pseudo-operational proxy,17.409904277777777,30,17.607212021629337,17.92088492778013,17.689270875833763,5,MAM
2016-05-24T00:00:00+00:00,2016-05-23,windermere,south,water_temperature,2.0,degC,month_3,2016-07-23,2016-08-21,18.158432215793045,18.13492704092262,0.31367290615079213,lead_dependent_anomaly_relaxation,1.0,True,0.0749353049291614,0.0749353049291614,231,5,2011|2012|2013|2014|2015,ad3109ae99180bb0cecf8063525ab003eb4f28e243c536e7774573ceb191c29c,observation_time_proxy,historical data_available_time is unknown; observation_time is a pseudo-operational proxy,18.28069813888889,30,18.13492704092262,18.44859994707341,18.158432215793045,5,MAM
2016-05-31T00:00:00+00:00,2016-05-30,windermere,south,water_temperature,2.0,degC,month_1,2016-05-31,2016-06-29,16.156223223576863,15.74755870923132,0.7210593796874996,lead_dependent_anomaly_relaxation,1.0,True,0.5667557012054306,0.5667557012054306,240,5,2011|2012|2013|2014|2015,9d0925aa8a4153bc8a5d333f8c35a74a4369f5fc0bf47fa0617250070ab9f2b4,observation_time_proxy,historical data_available_time is unknown; observation_time is a pseudo-operational proxy,18.524173194444444,30,15.74755870923132,16.46861808891882,16.156223223576863,5,MAM
2016-05-31T00:00:00+00:00,2016-05-30,windermere,south,water_temperature,2.0,degC,month_2,2016-06-30,2016-07-29,18.274983173389607,18.086349391669017,0.7210593796874996,lead_dependent_anomaly_relaxation,1.0,True,0.261606446063211,0.261606446063211,235,5,2011|2012|2013|2014|2015,efb4db56f7100937e103bc3a5cc2196888aa13894b9155dd4424eff796346f64,observation_time_proxy,historical data_available_time is unknown; observation_time is a pseudo-operational proxy,17.629864736111113,30,18.086349391669017,18.807408771356517,18.274983173389607,5,MAM
2016-05-31T00:00:00+00:00,2016-05-30,windermere,south,water_temperature,2.0,degC,month_3,2016-07-30,2016-08-28,17.86248271718733,17.808449912698414,0.7210593796874996,lead_dependent_anomaly_relaxation,1.0,True,0.0749353049291614,0.0749353049291614,231,5,2011|2012|2013|2014|2015,ad3109ae99180bb0cecf8063525ab003eb4f28e243c536e7774573ceb191c29c,observation_time_proxy,historical data_available_time is unknown; observation_time is a pseudo-operational proxy,18.080965305555555,30,17.808449912698414,18.529509292385914,17.86248271718733,5,MAM
2016-06-07T00:00:00+00:00,2016-06-06,windermere,south,water_temperature,2.0,degC,month_1,2016-06-07,2016-07-06,17.229283322412275,16.387765003321256,1.484799036518199,lead_dependent_anomaly_relaxation,1.0,True,0.5667557012054306,0.5667557012054306,240,5,2011|2012|2013|2014|2015,9d0925aa8a4153bc8a5d333f8c35a74a4369f5fc0bf47fa0617250070ab9f2b4,observation_time_proxy,historical data_available_time is unknown; observation_time is a pseudo-operational proxy,18.575704416666667,30,16.387765003321256,17.872564039839453,17.229283322412275,6,JJA
2016-06-07T00:00:00+00:00,2016-06-06,windermere,south,water_temperature,2.0,degC,month_2,2016-07-07,2016-08-05,18.681502538079013,18.293069539017406,1.484799036518199,lead_dependent_anomaly_relaxation,1.0,True,0.261606446063211,0.261606446063211,235,5,2011|2012|2013|2014|2015,efb4db56f7100937e103bc3a5cc2196888aa13894b9155dd4424eff796346f64,observation_time_proxy,historical data_available_time is unknown; observation_time is a pseudo-operational proxy,18.028397694444443,30,18.293069539017406,19.777868575535607,18.681502538079013,6,JJA
2016-06-07T00:00:00+00:00,2016-06-06,windermere,south,water_temperature,2.0,degC,month_3,2016-08-06,2016-09-04,17.578595493063986,17.46733162450397,1.484799036518199,lead_dependent_anomaly_relaxation,1.0,True,0.0749353049291614,0.0749353049291614,231,5,2011|2012|2013|2014|2015,ad3109ae99180bb0cecf8063525ab003eb4f28e243c536e7774573ceb191c29c,observation_time_proxy,historical data_available_time is unknown; observation_time is a pseudo-operational proxy,17.911600347222222,30,17.46733162450397,18.952130661022167,17.578595493063986,6,JJA
2016-06-14T00:00:00+00:00,2016-06-13,windermere,south,water_temperature,2.0,degC,month_1,2016-06-14,2016-07-13,18.265824987833614,16.968453318504338,2.2891197504849146,lead_dependent_anomaly_relaxation,1.0,True,0.5667557012054306,0.5667557012054306,240,5,2011|2012|2013|2014|2015,9d0925aa8a4153bc8a5d333f8c35a74a4369f5fc0bf47fa0617250070ab9f2b4,observation_time_proxy,historical data_available_time is unknown; observation_time is a pseudo-operational proxy,17.703625097222222,30,16.968453318504338,19.257573068989252,18.265824987833614,6,JJA
2016-06-14T00:00:00+00:00,2016-06-13,windermere,south,water_temperature,2.0,degC,month_2,2016-07-14,2016-08-12,18.90083974183806,18.301991259300596,2.2891197504849146,lead_dependent_anomaly_relaxation,1.0,True,0.261606446063211,0.261606446063211,235,5,2011|2012|2013|2014|2015,efb4db56f7100937e103bc3a5cc2196888aa13894b9155dd4424eff796346f64,observation_time_proxy,historical data_available_time is unknown; observation_time is a pseudo-operational proxy,18.243876930555555,30,18.301991259300596,20.59111100978551,18.90083974183806,6,JJA
2016-06-14T00:00:00+00:00,2016-06-13,windermere,south,water_temperature,2.0,degC,month_3,2016-08-13,2016-09-11,17.264168004577506,17.092632118055555,2.2891197504849146,lead_dependent_anomaly_relaxation,1.0,True,0.0749353049291614,0.0749353049291614,231,5,2011|2012|2013|2014|2015,ad3109ae99180bb0cecf8063525ab003eb4f28e243c536e7774573ceb191c29c,observation_time_proxy,historical data_available_time is unknown; observation_time is a pseudo-operational proxy,17.890375305555555,30,17.092632118055555,19.38175186854047,17.264168004577506,6,JJA
2016-06-21T00:00:00+00:00,2016-06-20,windermere,south,water_temperature,2.0,degC,month_1,2016-06-21,2016-07-20,18.98107464358577,17.479546834129337,2.6493386943666177,lead_dependent_anomaly_relaxation,1.0,True,0.5667557012054306,0.5667557012054306,240,5,2011|2012|2013|2014|2015,9d0925aa8a4153bc8a5d333f8c35a74a4369f5fc0bf47fa0617250070ab9f2b4,observation_time_proxy,historical data_available_time is unknown; observation_time is a pseudo-operational proxy,17.34302313888889,30,17.479546834129337,20.128885528495957,18.98107464358577,6,JJA
2016-06-21T00:00:00+00:00,2016-06-20,windermere,south,water_temperature,2.0,degC,month_2,2016-07-21,2016-08-19,18.886829409120047,18.19374532886905,2.6493386943666177,lead_dependent_anomaly_relaxation,1.0,True,0.261606446063211,0.261606446063211,235,5,2011|2012|2013|2014|2015,efb4db56f7100937e103bc3a5cc2196888aa13894b9155dd4424eff796346f64,observation_time_proxy,historical data_available_time is unknown; observation_time is a pseudo-operational proxy,18.376738333333332,30,18.19374532886905,20.84308402323567,18.886829409120047,6,JJA
2016-06-21T00:00:00+00:00,2016-06-20,windermere,south,water_temperature,2.0,degC,month_3,2016-08-20,2016-09-18,16.8692781609091,16.670749157986112,2.6493386943666177,lead_dependent_anomaly_relaxation,1.0,True,0.0749353049291614,0.0749353049291614,231,5,2011|2012|2013|2014|2015,ad3109ae99180bb0cecf8063525ab003eb4f28e243c536e7774573ceb191c29c,observation_time_proxy,historical data_available_time is unknown; observation_time is a pseudo-operational proxy,17.755154847222222,30,16.670749157986112,19.320087852352728,16.8692781609091,6,JJA
2016-06-28T00:00:00+00:00,2016-06-27,windermere,south,water_temperature,2.0,degC,month_1,2016-06-28,2016-07-27,19.574528276165,17.959287548928188,2.8499770250239465,lead_dependent_anomaly_relaxation,1.0,True,0.5667557012054306,0.5667557012054306,240,5,2011|2012|2013|2014|2015,9d0925aa8a4153bc8a5d333f8c35a74a4369f5fc0bf47fa0617250070ab9f2b4,observation_time_proxy,historical data_available_time is unknown; observation_time is a pseudo-operational proxy,17.54074276388889,30,17.959287548928188,20.809264573952134,19.574528276165,6,JJA
2016-06-28T00:00:00+00:00,2016-06-27,windermere,south,water_temperature,2.0,degC,month_2,2016-07-28,2016-08-26,18.662969599007763,17.917397238129446,2.8499770250239465,lead_dependent_anomaly_relaxation,1.0,True,0.261606446063211,0.261606446063211,235,5,2011|2012|2013|2014|2015,efb4db56f7100937e103bc3a5cc2196888aa13894b9155dd4424eff796346f64,observation_time_proxy,historical data_available_time is unknown; observation_time is a pseudo-operational proxy,18.130567902777777,30,17.917397238129446,20.767374263153393,18.662969599007763,6,JJA
2016-06-28T00:00:00+00:00,2016-06-27,windermere,south,water_temperature,2.0,degC,month_3,2016-08-27,2016-09-25,16.396402963383494,16.18283906597222,2.8499770250239465,lead_dependent_anomaly_relaxation,1.0,True,0.0749353049291614,0.0749353049291614,231,5,2011|2012|2013|2014|2015,ad3109ae99180bb0cecf8063525ab003eb4f28e243c536e7774573ceb191c29c,observation_time_proxy,historical data_available_time is unknown; observation_time is a pseudo-operational proxy,17.56345263888889,30,16.18283906597222,19.032816090996167,16.396402963383494,6,JJA
2016-07-05T00:00:00+00:00,2016-07-04,windermere,south,water_temperature,2.0,degC,month_1,2016-07-05,2016-08-03,19.636433305115702,18.24790452510156,2.449959968750001,lead_dependent_anomaly_relaxation,1.0,True,0.5667557012054306,0.5667557012054306,240,5,2011|2012|2013|2014|2015,9d0925aa8a4153bc8a5d333f8c35a74a4369f5fc0bf47fa0617250070ab9f2b4,observation_time_proxy,historical data_available_time is unknown; observation_time is a pseudo-operational proxy,17.94404548611111,30,18.24790452510156,20.69786449385156,19.636433305115702,7,JJA
2016-07-05T00:00:00+00:00,2016-07-04,windermere,south,water_temperature,2.0,degC,month_2,2016-08-04,2016-09-02,18.197307658467455,17.556382338045633,2.449959968750001,lead_dependent_anomaly_relaxation,1.0,True,0.261606446063211,0.261606446063211,235,5,2011|2012|2013|2014|2015,efb4db56f7100937e103bc3a5cc2196888aa13894b9155dd4424eff796346f64,observation_time_proxy,historical data_available_time is unknown; observation_time is a pseudo-operational proxy,17.95129123611111,30,17.556382338045633,20.006342306795634,18.197307658467455,7,JJA
2016-07-05T00:00:00+00:00,2016-07-04,windermere,south,water_temperature,2.0,degC,month_3,2016-09-03,2016-10-02,15.862119137947518,15.678530640624999,2.449959968750001,lead_dependent_anomaly_relaxation,1.0,True,0.0749353049291614,0.0749353049291614,231,5,2011|2012|2013|2014|2015,ad3109ae99180bb0cecf8063525ab003eb4f28e243c536e7774573ceb191c29c,observation_time_proxy,historical data_available_time is unknown; observation_time is a pseudo-operational proxy,17.04221652777778,30,15.678530640624999,18.128490609375,15.862119137947518,7,JJA
2016-07-12T00:00:00+00:00,2016-07-11,windermere,south,water_temperature,2.0,degC,month_1,2016-07-12,2016-08-10,18.973402789488134,18.330045217092803,1.1351585366092962,lead_dependent_anomaly_relaxation,1.0,True,0.5667557012054306,0.5667557012054306,240,5,2011|2012|2013|2014|2015,9d0925aa8a4153bc8a5d333f8c35a74a4369f5fc0bf47fa0617250070ab9f2b4,observation_time_proxy,historical data_available_time is unknown; observation_time is a pseudo-operational proxy,18.215981791666668,30,18.330045217092803,19.4652037537021,18.973402789488134,7,JJA
2016-07-12T00:00:00+00:00,2016-07-11,windermere,south,water_temperature,2.0,degC,month_2,2016-08-11,2016-09-09,17.49890194499456,17.20193715451389,1.1351585366092962,lead_dependent_anomaly_relaxation,1.0,True,0.261606446063211,0.261606446063211,235,5,2011|2012|2013|2014|2015,efb4db56f7100937e103bc3a5cc2196888aa13894b9155dd4424eff796346f64,observation_time_proxy,historical data_available_time is unknown; observation_time is a pseudo-operational proxy,17.888904666666665,30,17.20193715451389,18.337095691123185,17.49890194499456,7,JJA
2016-07-12T00:00:00+00:00,2016-07-11,windermere,south,water_temperature,2.0,degC,month_3,2016-09-10,2016-10-09,15.167370272264314,15.082306821180556,1.1351585366092962,lead_dependent_anomaly_relaxation,1.0,True,0.0749353049291614,0.0749353049291614,231,5,2011|2012|2013|2014|2015,ad3109ae99180bb0cecf8063525ab003eb4f28e243c536e7774573ceb191c29c,observation_time_proxy,historical data_available_time is unknown; observation_time is a pseudo-operational proxy,16.388445,30,15.082306821180556,16.21746535778985,15.167370272264314,7,JJA
2016-07-19T00:00:00+00:00,2016-07-18,windermere,south,water_temperature,2.0,degC,month_1,2016-07-19,2016-08-17,18.199887189393902,18.233969590029762,-0.060135964337671766,lead_dependent_anomaly_relaxation,1.0,True,0.5667557012054306,0.5667557012054306,240,5,2011|2012|2013|2014|2015,9d0925aa8a4153bc8a5d333f8c35a74a4369f5fc0bf47fa0617250070ab9f2b4,observation_time_proxy,historical data_available_time is unknown; observation_time is a pseudo-operational proxy,18.371260680555555,30,18.233969590029762,18.17383362569209,18.199887189393902,7,JJA
2016-07-19T00:00:00+00:00,2016-07-18,windermere,south,water_temperature,2.0,degC,month_2,2016-08-18,2016-09-16,16.782146004158484,16.797877960069446,-0.060135964337671766,lead_dependent_anomaly_relaxation,1.0,True,0.261606446063211,0.261606446063211,235,5,2011|2012|2013|2014|2015,efb4db56f7100937e103bc3a5cc2196888aa13894b9155dd4424eff796346f64,observation_time_proxy,historical data_available_time is unknown; observation_time is a pseudo-operational proxy,17.835806291666668,30,16.797877960069446,16.737741995731774,16.782146004158484,7,JJA
2016-07-19T00:00:00+00:00,2016-07-18,windermere,south,water_temperature,2.0,degC,month_3,2016-09-17,2016-10-16,14.43232049525848,14.436826802083333,-0.060135964337671766,lead_dependent_anomaly_relaxation,1.0,True,0.0749353049291614,0.0749353049291614,231,5,2011|2012|2013|2014|2015,ad3109ae99180bb0cecf8063525ab003eb4f28e243c536e7774573ceb191c29c,observation_time_proxy,historical data_available_time is unknown; observation_time is a pseudo-operational proxy,15.601197444444445,30,14.436826802083333,14.376690837745661,14.43232049525848,7,JJA
2016-07-26T00:00:00+00:00,2016-07-25,windermere,south,water_temperature,2.0,degC,month_1,2016-07-26,2016-08-24,17.84506195617916,18.024789198536705,-0.3171158966293355,lead_dependent_anomaly_relaxation,1.0,True,0.5667557012054306,0.5667557012054306,240,5,2011|2012|2013|2014|2015,9d0925aa8a4153bc8a5d333f8c35a74a4369f5fc0bf47fa0617250070ab9f2b4,observation_time_proxy,historical data_available_time is unknown; observation_time is a pseudo-operational proxy,18.142430805555556,30,18.024789198536705,17.70767330190737,17.84506195617916,7,JJA
2016-07-26T00:00:00+00:00,2016-07-25,windermere,south,water_temperature,2.0,degC,month_2,2016-08-25,2016-09-23,16.251178881737097,16.334138444444445,-0.3171158966293355,lead_dependent_anomaly_relaxation,1.0,True,0.261606446063211,0.261606446063211,235,5,2011|2012|2013|2014|2015,efb4db56f7100937e103bc3a5cc2196888aa13894b9155dd4424eff796346f64,observation_time_proxy,historical data_available_time is unknown; observation_time is a pseudo-operational proxy,17.694362375,30,16.334138444444445,16.01702254781511,16.251178881737097,7,JJA
2016-07-26T00:00:00+00:00,2016-07-25,windermere,south,water_temperature,2.0,degC,month_3,2016-09-24,2016-10-23,13.75230806143542,13.776071237847223,-0.3171158966293355,lead_dependent_anomaly_relaxation,1.0,True,0.0749353049291614,0.0749353049291614,231,5,2011|2012|2013|2014|2015,ad3109ae99180bb0cecf8063525ab003eb4f28e243c536e7774573ceb191c29c,observation_time_proxy,historical data_available_time is unknown; observation_time is a pseudo-operational proxy,14.621230027777777,30,13.776071237847223,13.458955341217887,13.75230806143542,7,JJA
2016-08-02T00:00:00+00:00,2016-08-01,windermere,south,water_temperature,2.0,degC,month_1,2016-08-02,2016-08-31,17.44335219173557,17.654852775545635,-0.3731776907761599,lead_dependent_anomaly_relaxation,1.0,True,0.5667557012054306,0.5667557012054306,240,5,2011|2012|2013|2014|2015,9d0925aa8a4153bc8a5d333f8c35a74a4369f5fc0bf47fa0617250070ab9f2b4,observation_time_proxy,historical data_available_time is unknown; observation_time is a pseudo-operational proxy,18.006847319444443,30,17.654852775545635,17.281675084769475,17.44335219173557,8,JJA
2016-08-02T00:00:00+00:00,2016-08-01,windermere,south,water_temperature,2.0,degC,month_2,2016-09-01,2016-09-30,15.72057944598264,15.818205135416667,-0.3731776907761599,lead_dependent_anomaly_relaxation,1.0,True,0.261606446063211,0.261606446063211,235,5,2011|2012|2013|2014|2015,efb4db56f7100937e103bc3a5cc2196888aa13894b9155dd4424eff796346f64,observation_time_proxy,historical data_available_time is unknown; observation_time is a pseudo-operational proxy,17.19945913888889,30,15.818205135416667,15.445027444640507,15.72057944598264,8,JJA
2016-08-02T00:00:00+00:00,2016-08-01,windermere,south,water_temperature,2.0,degC,month_3,2016-10-01,2016-10-30,13.039161980879484,13.067126164930556,-0.3731776907761599,lead_dependent_anomaly_relaxation,1.0,True,0.0749353049291614,0.0749353049291614,231,5,2011|2012|2013|2014|2015,ad3109ae99180bb0cecf8063525ab003eb4f28e243c536e7774573ceb191c29c,observation_time_proxy,historical data_available_time is unknown; observation_time is a pseudo-operational proxy,13.745337527777778,30,13.067126164930556,12.693948474154396,13.039161980879484,8,JJA
2016-08-09T00:00:00+00:00,2016-08-08,windermere,south,water_temperature,2.0,degC,month_1,2016-08-09,2016-09-07,17.197622519584137,17.3096995,-0.19775183589240797,lead_dependent_anomaly_relaxation,1.0,True,0.5667557012054306,0.5667557012054306,240,5,2011|2012|2013|2014|2015,9d0925aa8a4153bc8a5d333f8c35a74a4369f5fc0bf47fa0617250070ab9f2b4,observation_time_proxy,historical data_available_time is unknown; observation_time is a pseudo-operational proxy,17.891884291666667,30,17.3096995,17.111947664107593,17.197622519584137,8,JJA
2016-08-09T00:00:00+00:00,2016-08-08,windermere,south,water_temperature,2.0,degC,month_2,2016-09-08,2016-10-07,15.204725110634712,15.256458265625,-0.19775183589240797,lead_dependent_anomaly_relaxation,1.0,True,0.261606446063211,0.261606446063211,235,5,2011|2012|2013|2014|2015,efb4db56f7100937e103bc3a5cc2196888aa13894b9155dd4424eff796346f64,observation_time_proxy,historical data_available_time is unknown; observation_time is a pseudo-operational proxy,16.590402013888887,30,15.256458265625,15.058706429732592,15.204725110634712,8,JJA
2016-08-09T00:00:00+00:00,2016-08-08,windermere,south,water_temperature,2.0,degC,month_3,2016-10-08,2016-11-06,12.316854624166655,12.331673218289554,-0.19775183589240797,lead_dependent_anomaly_relaxation,1.0,True,0.0749353049291614,0.0749353049291614,231,5,2011|2012|2013|2014|2015,ad3109ae99180bb0cecf8063525ab003eb4f28e243c536e7774573ceb191c29c,observation_time_proxy,historical data_available_time is unknown; observation_time is a pseudo-operational proxy,12.976037680555555,30,12.331673218289554,12.133921382397146,12.316854624166655,8,JJA
2016-08-16T00:00:00+00:00,2016-08-15,windermere,south,water_temperature,2.0,degC,month_1,2016-08-16,2016-09-14,16.942155156553135,16.92060416840278,0.038025181051587253,lead_dependent_anomaly_relaxation,1.0,True,0.5667557012054306,0.5667557012054306,240,5,2011|2012|2013|2014|2015,9d0925aa8a4153bc8a5d333f8c35a74a4369f5fc0bf47fa0617250070ab9f2b4,observation_time_proxy,historical data_available_time is unknown; observation_time is a pseudo-operational proxy,17.86446252777778,30,16.92060416840278,16.958629349454366,16.942155156553135,8,JJA
2016-08-16T00:00:00+00:00,2016-08-15,windermere,south,water_temperature,2.0,degC,month_2,2016-09-15,2016-10-14,14.627596910253594,14.617649277777778,0.038025181051587253,lead_dependent_anomaly_relaxation,1.0,True,0.261606446063211,0.261606446063211,235,5,2011|2012|2013|2014|2015,efb4db56f7100937e103bc3a5cc2196888aa13894b9155dd4424eff796346f64,observation_time_proxy,historical data_available_time is unknown; observation_time is a pseudo-operational proxy,15.879086277777779,30,14.617649277777778,14.655674458829365,14.627596910253594,8,JJA
2016-08-16T00:00:00+00:00,2016-08-15,windermere,south,water_temperature,2.0,degC,month_3,2016-10-15,2016-11-13,11.60512226870164,11.602272840164552,0.038025181051587253,lead_dependent_anomaly_relaxation,1.0,True,0.0749353049291614,0.0749353049291614,231,5,2011|2012|2013|2014|2015,ad3109ae99180bb0cecf8063525ab003eb4f28e243c536e7774573ceb191c29c,observation_time_proxy,historical data_available_time is unknown; observation_time is a pseudo-operational proxy,12.02229313888889,30,11.602272840164552,11.64029802121614,11.60512226870164,8,JJA
2016-08-23T00:00:00+00:00,2016-08-22,windermere,south,water_temperature,2.0,degC,month_1,2016-08-23,2016-09-21,16.540802335557018,16.477823729166666,0.11112125781249915,lead_dependent_anomaly_relaxation,1.0,True,0.5667557012054306,0.5667557012054306,240,5,2011|2012|2013|2014|2015,9d0925aa8a4153bc8a5d333f8c35a74a4369f5fc0bf47fa0617250070ab9f2b4,observation_time_proxy,historical data_available_time is unknown; observation_time is a pseudo-operational proxy,17.757388958333333,30,16.477823729166666,16.588944986979165,16.540802335557018,8,JJA
2016-08-23T00:00:00+00:00,2016-08-22,windermere,south,water_temperature,2.0,degC,month_2,2016-09-22,2016-10-21,14.003430414074513,13.974360376736112,0.11112125781249915,lead_dependent_anomaly_relaxation,1.0,True,0.261606446063211,0.261606446063211,235,5,2011|2012|2013|2014|2015,efb4db56f7100937e103bc3a5cc2196888aa13894b9155dd4424eff796346f64,observation_time_proxy,historical data_available_time is unknown; observation_time is a pseudo-operational proxy,14.900473611111112,30,13.974360376736112,14.08548163454861,14.003430414074513,8,JJA
2016-08-23T00:00:00+00:00,2016-08-22,windermere,south,water_temperature,2.0,degC,month_3,2016-10-22,2016-11-20,10.9141690198084,10.905842114470108,0.11112125781249915,lead_dependent_anomaly_relaxation,1.0,True,0.0749353049291614,0.0749353049291614,231,5,2011|2012|2013|2014|2015,ad3109ae99180bb0cecf8063525ab003eb4f28e243c536e7774573ceb191c29c,observation_time_proxy,historical data_available_time is unknown; observation_time is a pseudo-operational proxy,11.11723675,30,10.905842114470108,11.016963372282607,10.9141690198084,8,JJA
2016-08-30T00:00:00+00:00,2016-08-29,windermere,south,water_temperature,2.0,degC,month_1,2016-08-30,2016-09-28,16.133027107024354,15.95973565625,0.30576040153770023,lead_dependent_anomaly_relaxation,1.0,True,0.5667557012054306,0.5667557012054306,240,5,2011|2012|2013|2014|2015,9d0925aa8a4153bc8a5d333f8c35a74a4369f5fc0bf47fa0617250070ab9f2b4,observation_time_proxy,historical data_available_time is unknown; observation_time is a pseudo-operational proxy,17.356842375,30,15.95973565625,16.2654960577877,16.133027107024354,8,JJA
2016-08-30T00:00:00+00:00,2016-08-29,windermere,south,water_temperature,2.0,degC,month_2,2016-09-29,2016-10-28,13.358873126368136,13.278884234374999,0.30576040153770023,lead_dependent_anomaly_relaxation,1.0,True,0.261606446063211,0.261606446063211,235,5,2011|2012|2013|2014|2015,efb4db56f7100937e103bc3a5cc2196888aa13894b9155dd4424eff796346f64,observation_time_proxy,historical data_available_time is unknown; observation_time is a pseudo-operational proxy,13.974720333333334,30,13.278884234374999,13.5846446359127,13.358873126368136,8,JJA
2016-08-30T00:00:00+00:00,2016-08-29,windermere,south,water_temperature,2.0,degC,month_3,2016-10-29,2016-11-27,10.275619961137654,10.252707712213164,0.30576040153770023,lead_dependent_anomaly_relaxation,1.0,True,0.0749353049291614,0.0749353049291614,231,5,2011|2012|2013|2014|2015,ad3109ae99180bb0cecf8063525ab003eb4f28e243c536e7774573ceb191c29c,observation_time_proxy,historical data_available_time is unknown; observation_time is a pseudo-operational proxy,10.197634305555555,30,10.252707712213164,10.558468113750864,10.275619961137654,8,JJA
2016-09-06T00:00:00+00:00,2016-09-05,windermere,south,water_temperature,2.0,degC,month_1,2016-09-06,2016-10-05,15.690426192301869,15.423245661458333,0.4714209848710311,lead_dependent_anomaly_relaxation,1.0,True,0.5667557012054306,0.5667557012054306,240,5,2011|2012|2013|2014|2015,9d0925aa8a4153bc8a5d333f8c35a74a4369f5fc0bf47fa0617250070ab9f2b4,observation_time_proxy,historical data_available_time is unknown; observation_time is a pseudo-operational proxy,16.789418652777776,30,15.423245661458333,15.894666646329364,15.690426192301869,9,SON
2016-09-06T00:00:00+00:00,2016-09-05,windermere,south,water_temperature,2.0,degC,month_2,2016-10-06,2016-11-04,12.662214889866283,12.538888121414553,0.4714209848710311,lead_dependent_anomaly_relaxation,1.0,True,0.261606446063211,0.261606446063211,235,5,2011|2012|2013|2014|2015,efb4db56f7100937e103bc3a5cc2196888aa13894b9155dd4424eff796346f64,observation_time_proxy,historical data_available_time is unknown; observation_time is a pseudo-operational proxy,13.215360041666667,30,12.538888121414553,13.010309106285584,12.662214889866283,9,SON
2016-09-06T00:00:00+00:00,2016-09-05,windermere,south,water_temperature,2.0,degC,month_3,2016-11-05,2016-12-04,9.612428444122088,9.577102368870772,0.4714209848710311,lead_dependent_anomaly_relaxation,1.0,True,0.0749353049291614,0.0749353049291614,231,5,2011|2012|2013|2014|2015,ad3109ae99180bb0cecf8063525ab003eb4f28e243c536e7774573ceb191c29c,observation_time_proxy,historical data_available_time is unknown; observation_time is a pseudo-operational proxy,9.238493861111111,30,9.577102368870772,10.048523353741803,9.612428444122088,9,SON
2016-09-13T00:00:00+00:00,2016-09-12,windermere,south,water_temperature,2.0,degC,month_1,2016-09-13,2016-10-12,15.282481606096718,14.805519684027779,0.8415652829861102,lead_dependent_anomaly_relaxation,1.0,True,0.5667557012054306,0.5667557012054306,240,5,2011|2012|2013|2014|2015,9d0925aa8a4153bc8a5d333f8c35a74a4369f5fc0bf47fa0617250070ab9f2b4,observation_time_proxy,historical data_available_time is unknown; observation_time is a pseudo-operational proxy,16.100457069444445,30,14.805519684027779,15.647084967013889,15.282481606096718,9,SON
2016-09-13T00:00:00+00:00,2016-09-12,windermere,south,water_temperature,2.0,degC,month_2,2016-10-13,2016-11-11,12.028481101830897,11.80832219901872,0.8415652829861102,lead_dependent_anomaly_relaxation,1.0,True,0.261606446063211,0.261606446063211,235,5,2011|2012|2013|2014|2015,efb4db56f7100937e103bc3a5cc2196888aa13894b9155dd4424eff796346f64,observation_time_proxy,historical data_available_time is unknown; observation_time is a pseudo-operational proxy,12.29918226388889,30,11.80832219901872,12.64988748200483,12.028481101830897,9,SON
2016-09-13T00:00:00+00:00,2016-09-12,windermere,south,water_temperature,2.0,degC,month_3,2016-11-12,2016-12-11,8.950865322399688,8.887802371301328,0.8415652829861102,lead_dependent_anomaly_relaxation,1.0,True,0.0749353049291614,0.0749353049291614,231,5,2011|2012|2013|2014|2015,ad3109ae99180bb0cecf8063525ab003eb4f28e243c536e7774573ceb191c29c,observation_time_proxy,historical data_available_time is unknown; observation_time is a pseudo-operational proxy,8.540049972222223,30,8.887802371301328,9.729367654287438,8.950865322399688,9,SON
2016-09-20T00:00:00+00:00,2016-09-19,windermere,south,water_temperature,2.0,degC,month_1,2016-09-20,2016-10-19,14.81060116021958,14.16303557638889,1.1425832725694427,lead_dependent_anomaly_relaxation,1.0,True,0.5667557012054306,0.5667557012054306,240,5,2011|2012|2013|2014|2015,9d0925aa8a4153bc8a5d333f8c35a74a4369f5fc0bf47fa0617250070ab9f2b4,observation_time_proxy,historical data_available_time is unknown; observation_time is a pseudo-operational proxy,15.18225651388889,30,14.16303557638889,15.305618848958332,14.81060116021958,9,SON
2016-09-20T00:00:00+00:00,2016-09-19,windermere,south,water_temperature,2.0,degC,month_2,2016-10-20,2016-11-18,11.398309959050774,11.099402809782609,1.1425832725694427,lead_dependent_anomaly_relaxation,1.0,True,0.261606446063211,0.261606446063211,235,5,2011|2012|2013|2014|2015,efb4db56f7100937e103bc3a5cc2196888aa13894b9155dd4424eff796346f64,observation_time_proxy,historical data_available_time is unknown; observation_time is a pseudo-operational proxy,11.376231680555556,30,11.099402809782609,12.241986082352051,11.398309959050774,9,SON
2016-09-20T00:00:00+00:00,2016-09-19,windermere,south,water_temperature,2.0,degC,month_3,2016-11-19,2016-12-18,8.295196583002168,8.209576757065218,1.1425832725694427,lead_dependent_anomaly_relaxation,1.0,True,0.0749353049291614,0.0749353049291614,231,5,2011|2012|2013|2014|2015,ad3109ae99180bb0cecf8063525ab003eb4f28e243c536e7774573ceb191c29c,observation_time_proxy,historical data_available_time is unknown; observation_time is a pseudo-operational proxy,8.041150388888889,30,8.209576757065218,9.35216002963466,8.295196583002168,9,SON
2016-09-27T00:00:00+00:00,2016-09-26,windermere,south,water_temperature,2.0,degC,month_1,2016-09-27,2016-10-26,14.277140819293159,13.483554338541667,1.4002267274305567,lead_dependent_anomaly_relaxation,1.0,True,0.5667557012054306,0.5667557012054306,240,5,2011|2012|2013|2014|2015,9d0925aa8a4153bc8a5d333f8c35a74a4369f5fc0bf47fa0617250070ab9f2b4,observation_time_proxy,historical data_available_time is unknown; observation_time is a pseudo-operational proxy,14.225118944444445,30,13.483554338541667,14.883781065972224,14.277140819293159,9,SON
2016-09-27T00:00:00+00:00,2016-09-26,windermere,south,water_temperature,2.0,degC,month_2,2016-10-27,2016-11-25,10.80536823721177,10.439059899365942,1.4002267274305567,lead_dependent_anomaly_relaxation,1.0,True,0.261606446063211,0.261606446063211,235,5,2011|2012|2013|2014|2015,efb4db56f7100937e103bc3a5cc2196888aa13894b9155dd4424eff796346f64,observation_time_proxy,historical data_available_time is unknown; observation_time is a pseudo-operational proxy,10.467078652777777,30,10.439059899365942,11.839286626796499,10.80536823721177,9,SON
2016-09-27T00:00:00+00:00,2016-09-26,windermere,south,water_temperature,2.0,degC,month_3,2016-11-26,2016-12-25,7.669599731146855,7.5646733143568845,1.4002267274305567,lead_dependent_anomaly_relaxation,1.0,True,0.0749353049291614,0.0749353049291614,231,5,2011|2012|2013|2014|2015,ad3109ae99180bb0cecf8063525ab003eb4f28e243c536e7774573ceb191c29c,observation_time_proxy,historical data_available_time is unknown; observation_time is a pseudo-operational proxy,7.670812652777777,30,7.5646733143568845,8.964900041787441,7.669599731146855,9,SON
2016-10-04T00:00:00+00:00,2016-10-03,windermere,south,water_temperature,2.0,degC,month_1,2016-10-04,2016-11-02,13.52115005119278,12.746537915685387,1.3667478489583313,lead_dependent_anomaly_relaxation,1.0,True,0.5667557012054306,0.5667557012054306,240,5,2011|2012|2013|2014|2015,9d0925aa8a4153bc8a5d333f8c35a74a4369f5fc0bf47fa0617250070ab9f2b4,observation_time_proxy,historical data_available_time is unknown; observation_time is a pseudo-operational proxy,13.427826541666667,30,12.746537915685387,14.113285764643718,13.52115005119278,10,SON
2016-10-04T00:00:00+00:00,2016-10-03,windermere,south,water_temperature,2.0,degC,month_2,2016-11-03,2016-12-02,10.130734732673583,9.773184685243056,1.3667478489583313,lead_dependent_anomaly_relaxation,1.0,True,0.261606446063211,0.261606446063211,235,5,2011|2012|2013|2014|2015,efb4db56f7100937e103bc3a5cc2196888aa13894b9155dd4424eff796346f64,observation_time_proxy,historical data_available_time is unknown; observation_time is a pseudo-operational proxy,9.507881,30,9.773184685243056,11.139932534201387,10.130734732673583,10,SON
2016-10-04T00:00:00+00:00,2016-10-03,windermere,south,water_temperature,2.0,degC,month_3,2016-12-03,2017-01-01,7.115579738664131,7.013162071841163,1.3667478489583313,lead_dependent_anomaly_relaxation,1.0,True,0.0749353049291614,0.0749353049291614,231,5,2011|2012|2013|2014|2015,ad3109ae99180bb0cecf8063525ab003eb4f28e243c536e7774573ceb191c29c,observation_time_proxy,historical data_available_time is unknown; observation_time is a pseudo-operational proxy,7.412564458333334,30,7.013162071841163,8.379909920799495,7.115579738664131,10,SON
2016-10-11T00:00:00+00:00,2016-10-10,windermere,south,water_temperature,2.0,degC,month_1,2016-10-11,2016-11-09,12.752809279560784,12.016237621414554,1.299628140624998,lead_dependent_anomaly_relaxation,1.0,True,0.5667557012054306,0.5667557012054306,240,5,2011|2012|2013|2014|2015,9d0925aa8a4153bc8a5d333f8c35a74a4369f5fc0bf47fa0617250070ab9f2b4,observation_time_proxy,historical data_available_time is unknown; observation_time is a pseudo-operational proxy,12.577595347222221,30,12.016237621414554,13.315865762039552,12.752809279560784,10,SON
2016-10-11T00:00:00+00:00,2016-10-10,windermere,south,water_temperature,2.0,degC,month_2,2016-11-10,2016-12-09,9.425031374367029,9.085040275294384,1.299628140624998,lead_dependent_anomaly_relaxation,1.0,True,0.261606446063211,0.261606446063211,235,5,2011|2012|2013|2014|2015,efb4db56f7100937e103bc3a5cc2196888aa13894b9155dd4424eff796346f64,observation_time_proxy,historical data_available_time is unknown; observation_time is a pseudo-operational proxy,8.705938597222222,30,9.085040275294384,10.384668415919382,9.425031374367029,10,SON
2016-10-11T00:00:00+00:00,2016-10-10,windermere,south,water_temperature,2.0,degC,month_3,2016-12-10,2017-01-08,6.4312924007931365,6.333904369780883,1.299628140624998,lead_dependent_anomaly_relaxation,1.0,True,0.0749353049291614,0.0749353049291614,231,5,2011|2012|2013|2014|2015,ad3109ae99180bb0cecf8063525ab003eb4f28e243c536e7774573ceb191c29c,observation_time_proxy,historical data_available_time is unknown; observation_time is a pseudo-operational proxy,7.173943569444444,30,6.333904369780883,7.633532510405881,6.4312924007931365,10,SON
2016-10-18T00:00:00+00:00,2016-10-17,windermere,south,water_temperature,2.0,degC,month_1,2016-10-18,2016-11-16,11.92707074366812,11.296811944504832,1.1120466857638878,lead_dependent_anomaly_relaxation,1.0,True,0.5667557012054306,0.5667557012054306,240,5,2011|2012|2013|2014|2015,9d0925aa8a4153bc8a5d333f8c35a74a4369f5fc0bf47fa0617250070ab9f2b4,observation_time_proxy,historical data_available_time is unknown; observation_time is a pseudo-operational proxy,11.631049847222222,30,11.296811944504832,12.40885863026872,11.92707074366812,10,SON
2016-10-18T00:00:00+00:00,2016-10-17,windermere,south,water_temperature,2.0,degC,month_2,2016-11-17,2016-12-16,8.690282020155115,8.399363438836051,1.1120466857638878,lead_dependent_anomaly_relaxation,1.0,True,0.261606446063211,0.261606446063211,235,5,2011|2012|2013|2014|2015,efb4db56f7100937e103bc3a5cc2196888aa13894b9155dd4424eff796346f64,observation_time_proxy,historical data_available_time is unknown; observation_time is a pseudo-operational proxy,8.173270652777777,30,8.399363438836051,9.511410124599939,8.690282020155115,10,SON
2016-10-18T00:00:00+00:00,2016-10-17,windermere,south,water_temperature,2.0,degC,month_3,2016-12-17,2017-01-15,6.03469984096454,5.95136828347136,1.1120466857638878,lead_dependent_anomaly_relaxation,1.0,True,0.0749353049291614,0.0749353049291614,231,5,2011|2012|2013|2014|2015,ad3109ae99180bb0cecf8063525ab003eb4f28e243c536e7774573ceb191c29c,observation_time_proxy,historical data_available_time is unknown; observation_time is a pseudo-operational proxy,6.875934986111111,30,5.95136828347136,7.0634149692352475,6.03469984096454,10,SON
2016-10-25T00:00:00+00:00,2016-10-24,windermere,south,water_temperature,2.0,degC,month_1,2016-10-25,2016-11-23,11.081392848033788,10.624725373150664,0.8057571788194444,lead_dependent_anomaly_relaxation,1.0,True,0.5667557012054306,0.5667557012054306,240,5,2011|2012|2013|2014|2015,9d0925aa8a4153bc8a5d333f8c35a74a4369f5fc0bf47fa0617250070ab9f2b4,observation_time_proxy,historical data_available_time is unknown; observation_time is a pseudo-operational proxy,10.729732694444444,30,10.624725373150664,11.430482551970108,11.081392848033788,10,SON
2016-10-25T00:00:00+00:00,2016-10-24,windermere,south,water_temperature,2.0,degC,month_2,2016-11-24,2016-12-23,7.952869079526924,7.742077807586051,0.8057571788194444,lead_dependent_anomaly_relaxation,1.0,True,0.261606446063211,0.261606446063211,235,5,2011|2012|2013|2014|2015,efb4db56f7100937e103bc3a5cc2196888aa13894b9155dd4424eff796346f64,observation_time_proxy,historical data_available_time is unknown; observation_time is a pseudo-operational proxy,7.765940375,30,7.742077807586051,8.547834986405494,7.952869079526924,10,SON
2016-10-25T00:00:00+00:00,2016-10-24,windermere,south,water_temperature,2.0,degC,month_3,2016-12-24,2017-01-22,5.6929792322256,5.632599572331904,0.8057571788194444,lead_dependent_anomaly_relaxation,1.0,True,0.0749353049291614,0.0749353049291614,231,5,2011|2012|2013|2014|2015,ad3109ae99180bb0cecf8063525ab003eb4f28e243c536e7774573ceb191c29c,observation_time_proxy,historical data_available_time is unknown; observation_time is a pseudo-operational proxy,6.571455763888889,30,5.632599572331904,6.438356751151348,5.6929792322256,10,SON
2016-11-01T00:00:00+00:00,2016-10-31,windermere,south,water_temperature,2.0,degC,month_1,2016-11-01,2016-11-30,10.35534866608264,9.968959117013888,0.6817567926479473,lead_dependent_anomaly_relaxation,1.0,True,0.5667557012054306,0.5667557012054306,240,5,2011|2012|2013|2014|2015,9d0925aa8a4153bc8a5d333f8c35a74a4369f5fc0bf47fa0617250070ab9f2b4,observation_time_proxy,historical data_available_time is unknown; observation_time is a pseudo-operational proxy,9.781305805555556,30,9.968959117013888,10.650715909661836,10.35534866608264,11,SON
2016-11-01T00:00:00+00:00,2016-10-31,windermere,south,water_temperature,2.0,degC,month_2,2016-12-01,2016-12-30,7.3383224892595775,7.159970517655495,0.6817567926479473,lead_dependent_anomaly_relaxation,1.0,True,0.261606446063211,0.261606446063211,235,5,2011|2012|2013|2014|2015,efb4db56f7100937e103bc3a5cc2196888aa13894b9155dd4424eff796346f64,observation_time_proxy,historical data_available_time is unknown; observation_time is a pseudo-operational proxy,7.4819564722222225,30,7.159970517655495,7.841727310303442,7.3383224892595775,11,SON
2016-11-01T00:00:00+00:00,2016-10-31,windermere,south,water_temperature,2.0,degC,month_3,2016-12-31,2017-01-29,5.390785118050201,5.3396974649055995,0.6817567926479473,lead_dependent_anomaly_relaxation,1.0,True,0.0749353049291614,0.0749353049291614,231,5,2011|2012|2013|2014|2015,ad3109ae99180bb0cecf8063525ab003eb4f28e243c536e7774573ceb191c29c,observation_time_proxy,historical data_available_time is unknown; observation_time is a pseudo-operational proxy,6.2606272361111115,30,5.3396974649055995,6.021454257553547,5.390785118050201,11,SON
2016-11-08T00:00:00+00:00,2016-11-07,windermere,south,water_temperature,2.0,degC,month_1,2016-11-08,2016-12-07,9.631042064725333,9.280640995259661,0.6182576879604476,lead_dependent_anomaly_relaxation,1.0,True,0.5667557012054306,0.5667557012054306,240,5,2011|2012|2013|2014|2015,9d0925aa8a4153bc8a5d333f8c35a74a4369f5fc0bf47fa0617250070ab9f2b4,observation_time_proxy,historical data_available_time is unknown; observation_time is a pseudo-operational proxy,8.898932944444445,30,9.280640995259661,9.898898683220109,9.631042064725333,11,SON
2016-11-08T00:00:00+00:00,2016-11-07,windermere,south,water_temperature,2.0,degC,month_2,2016-12-08,2017-01-06,6.621336379771537,6.4595961832729465,0.6182576879604476,lead_dependent_anomaly_relaxation,1.0,True,0.261606446063211,0.261606446063211,235,5,2011|2012|2013|2014|2015,efb4db56f7100937e103bc3a5cc2196888aa13894b9155dd4424eff796346f64,observation_time_proxy,historical data_available_time is unknown; observation_time is a pseudo-operational proxy,7.243451777777778,30,6.4595961832729465,7.077853871233394,6.621336379771537,11,SON
2016-11-08T00:00:00+00:00,2016-11-07,windermere,south,water_temperature,2.0,degC,month_3,2017-01-07,2017-02-05,5.170459090636499,5.124129762264385,0.6182576879604476,lead_dependent_anomaly_relaxation,1.0,True,0.0749353049291614,0.0749353049291614,231,5,2011|2012|2013|2014|2015,ad3109ae99180bb0cecf8063525ab003eb4f28e243c536e7774573ceb191c29c,observation_time_proxy,historical data_available_time is unknown; observation_time is a pseudo-operational proxy,5.999257361111111,30,5.124129762264385,5.742387450224832,5.170459090636499,11,SON
2016-11-15T00:00:00+00:00,2016-11-14,windermere,south,water_temperature,2.0,degC,month_1,2016-11-15,2016-12-14,8.816609994685356,8.595469398037439,0.3901868056687796,lead_dependent_anomaly_relaxation,1.0,True,0.5667557012054306,0.5667557012054306,240,5,2011|2012|2013|2014|2015,9d0925aa8a4153bc8a5d333f8c35a74a4369f5fc0bf47fa0617250070ab9f2b4,observation_time_proxy,historical data_available_time is unknown; observation_time is a pseudo-operational proxy,8.316527583333333,30,8.595469398037439,8.985656203706219,8.816609994685356,11,SON
2016-11-15T00:00:00+00:00,2016-11-14,windermere,south,water_temperature,2.0,degC,month_2,2016-12-15,2017-01-13,6.152907456685665,6.050832073153899,0.3901868056687796,lead_dependent_anomaly_relaxation,1.0,True,0.261606446063211,0.261606446063211,235,5,2011|2012|2013|2014|2015,efb4db56f7100937e103bc3a5cc2196888aa13894b9155dd4424eff796346f64,observation_time_proxy,historical data_available_time is unknown; observation_time is a pseudo-operational proxy,6.970196583333333,30,6.050832073153899,6.441018878822678,6.152907456685665,11,SON
2016-11-15T00:00:00+00:00,2016-11-14,windermere,south,water_temperature,2.0,degC,month_3,2017-01-14,2017-02-12,4.94638020796153,4.917141440699405,0.3901868056687796,lead_dependent_anomaly_relaxation,1.0,True,0.0749353049291614,0.0749353049291614,231,5,2011|2012|2013|2014|2015,ad3109ae99180bb0cecf8063525ab003eb4f28e243c536e7774573ceb191c29c,observation_time_proxy,historical data_available_time is unknown; observation_time is a pseudo-operational proxy,5.7794227789855075,30,4.917141440699405,5.307328246368185,4.94638020796153,11,SON
2016-11-22T00:00:00+00:00,2016-11-21,windermere,south,water_temperature,2.0,degC,month_1,2016-11-22,2016-12-21,8.025923892804455,7.926513648558273,0.17540228362016919,lead_dependent_anomaly_relaxation,1.0,True,0.5667557012054306,0.5667557012054306,240,5,2011|2012|2013|2014|2015,9d0925aa8a4153bc8a5d333f8c35a74a4369f5fc0bf47fa0617250070ab9f2b4,observation_time_proxy,historical data_available_time is unknown; observation_time is a pseudo-operational proxy,7.866451236111111,30,7.926513648558273,8.101915932178443,8.025923892804455,11,SON
2016-11-22T00:00:00+00:00,2016-11-21,windermere,south,water_temperature,2.0,degC,month_2,2016-12-22,2017-01-20,5.769282505843166,5.723396137793922,0.17540228362016919,lead_dependent_anomaly_relaxation,1.0,True,0.261606446063211,0.261606446063211,235,5,2011|2012|2013|2014|2015,efb4db56f7100937e103bc3a5cc2196888aa13894b9155dd4424eff796346f64,observation_time_proxy,historical data_available_time is unknown; observation_time is a pseudo-operational proxy,6.665462013888889,30,5.723396137793922,5.898798421414091,5.769282505843166,11,SON
2016-11-22T00:00:00+00:00,2016-11-21,windermere,south,water_temperature,2.0,degC,month_3,2017-01-21,2017-02-19,4.758032167879183,4.744888344270834,0.17540228362016919,lead_dependent_anomaly_relaxation,1.0,True,0.0749353049291614,0.0749353049291614,231,5,2011|2012|2013|2014|2015,ad3109ae99180bb0cecf8063525ab003eb4f28e243c536e7774573ceb191c29c,observation_time_proxy,historical data_available_time is unknown; observation_time is a pseudo-operational proxy,5.577827140096618,30,4.744888344270834,4.920290627891003,4.758032167879183,11,SON
2016-11-29T00:00:00+00:00,2016-11-28,windermere,south,water_temperature,2.0,degC,month_1,2016-11-29,2016-12-28,7.262482148480467,7.317171450467995,-0.09649537158816379,lead_dependent_anomaly_relaxation,1.0,True,0.5667557012054306,0.5667557012054306,240,5,2011|2012|2013|2014|2015,9d0925aa8a4153bc8a5d333f8c35a74a4369f5fc0bf47fa0617250070ab9f2b4,observation_time_proxy,historical data_available_time is unknown; observation_time is a pseudo-operational proxy,7.553271916666667,30,7.317171450467995,7.220676078879832,7.262482148480467,11,SON
2016-11-29T00:00:00+00:00,2016-11-28,windermere,south,water_temperature,2.0,degC,month_2,2016-12-29,2017-01-27,5.394061125111443,5.419304936334171,-0.09649537158816379,lead_dependent_anomaly_relaxation,1.0,True,0.261606446063211,0.261606446063211,235,5,2011|2012|2013|2014|2015,efb4db56f7100937e103bc3a5cc2196888aa13894b9155dd4424eff796346f64,observation_time_proxy,historical data_available_time is unknown; observation_time is a pseudo-operational proxy,6.349420055555556,30,5.419304936334171,5.322809564746008,5.394061125111443,11,SON
2016-11-29T00:00:00+00:00,2016-11-28,windermere,south,water_temperature,2.0,degC,month_3,2017-01-28,2017-02-26,4.622381571503011,4.629612481597222,-0.09649537158816379,lead_dependent_anomaly_relaxation,1.0,True,0.0749353049291614,0.0749353049291614,231,5,2011|2012|2013|2014|2015,ad3109ae99180bb0cecf8063525ab003eb4f28e243c536e7774573ceb191c29c,observation_time_proxy,historical data_available_time is unknown; observation_time is a pseudo-operational proxy,5.512180348429951,30,4.629612481597222,4.533117110009059,4.622381571503011,11,SON
2016-12-06T00:00:00+00:00,2016-12-05,windermere,south,water_temperature,2.0,degC,month_1,2016-12-06,2017-01-04,6.3901764325891826,6.596667787836439,-0.36433926435688413,lead_dependent_anomaly_relaxation,1.0,True,0.5667557012054306,0.5667557012054306,240,5,2011|2012|2013|2014|2015,9d0925aa8a4153bc8a5d333f8c35a74a4369f5fc0bf47fa0617250070ab9f2b4,observation_time_proxy,historical data_available_time is unknown; observation_time is a pseudo-operational proxy,7.309855555555556,30,6.596667787836439,6.232328523479555,6.3901764325891826,12,DJF
2016-12-06T00:00:00+00:00,2016-12-05,windermere,south,water_temperature,2.0,degC,month_2,2017-01-05,2017-02-03,5.097250504863029,5.192564004972718,-0.36433926435688413,lead_dependent_anomaly_relaxation,1.0,True,0.261606446063211,0.261606446063211,235,5,2011|2012|2013|2014|2015,efb4db56f7100937e103bc3a5cc2196888aa13894b9155dd4424eff796346f64,observation_time_proxy,historical data_available_time is unknown; observation_time is a pseudo-operational proxy,6.0610605416666665,30,5.192564004972718,4.828224740615834,5.097250504863029,12,DJF
2016-12-06T00:00:00+00:00,2016-12-05,windermere,south,water_temperature,2.0,degC,month_3,2017-02-04,2017-03-05,4.582406141405528,4.609708015277778,-0.36433926435688413,lead_dependent_anomaly_relaxation,1.0,True,0.0749353049291614,0.0749353049291614,231,5,2011|2012|2013|2014|2015,ad3109ae99180bb0cecf8063525ab003eb4f28e243c536e7774573ceb191c29c,observation_time_proxy,historical data_available_time is unknown; observation_time is a pseudo-operational proxy,5.535471278985507,30,4.609708015277778,4.2453687509208935,4.582406141405528,12,DJF
2016-12-13T00:00:00+00:00,2016-12-12,windermere,south,water_temperature,2.0,degC,month_1,2016-12-13,2017-01-11,5.972509472447807,6.157363447955486,-0.32616165150966125,lead_dependent_anomaly_relaxation,1.0,True,0.5667557012054306,0.5667557012054306,240,5,2011|2012|2013|2014|2015,9d0925aa8a4153bc8a5d333f8c35a74a4369f5fc0bf47fa0617250070ab9f2b4,observation_time_proxy,historical data_available_time is unknown; observation_time is a pseudo-operational proxy,7.060085208333334,30,6.157363447955486,5.831201796445825,5.972509472447807,12,DJF
2016-12-13T00:00:00+00:00,2016-12-12,windermere,south,water_temperature,2.0,degC,month_2,2017-01-12,2017-02-10,4.88948874967262,4.97481474016617,-0.32616165150966125,lead_dependent_anomaly_relaxation,1.0,True,0.261606446063211,0.261606446063211,235,5,2011|2012|2013|2014|2015,efb4db56f7100937e103bc3a5cc2196888aa13894b9155dd4424eff796346f64,observation_time_proxy,historical data_available_time is unknown; observation_time is a pseudo-operational proxy,5.838511390096619,30,4.97481474016617,4.648653088656509,4.88948874967262,12,DJF
2016-12-13T00:00:00+00:00,2016-12-12,windermere,south,water_temperature,2.0,degC,month_3,2017-02-11,2017-03-12,4.64938223118098,4.6738232539930555,-0.32616165150966125,lead_dependent_anomaly_relaxation,1.0,True,0.0749353049291614,0.0749353049291614,231,5,2011|2012|2013|2014|2015,ad3109ae99180bb0cecf8063525ab003eb4f28e243c536e7774573ceb191c29c,observation_time_proxy,historical data_available_time is unknown; observation_time is a pseudo-operational proxy,5.678050694444445,30,4.6738232539930555,4.347661602483394,4.64938223118098,12,DJF
2016-12-20T00:00:00+00:00,2016-12-19,windermere,south,water_temperature,2.0,degC,month_1,2016-12-20,2017-01-18,5.736906673603498,5.813393213828502,-0.13495504334993935,lead_dependent_anomaly_relaxation,1.0,True,0.5667557012054306,0.5667557012054306,240,5,2011|2012|2013|2014|2015,9d0925aa8a4153bc8a5d333f8c35a74a4369f5fc0bf47fa0617250070ab9f2b4,observation_time_proxy,historical data_available_time is unknown; observation_time is a pseudo-operational proxy,6.747065277777778,30,5.813393213828502,5.678438170478563,5.736906673603498,12,DJF
2016-12-20T00:00:00+00:00,2016-12-19,windermere,south,water_temperature,2.0,degC,month_2,2017-01-19,2017-02-17,4.7539717318767485,4.789276841145833,-0.13495504334993935,lead_dependent_anomaly_relaxation,1.0,True,0.261606446063211,0.261606446063211,235,5,2011|2012|2013|2014|2015,efb4db56f7100937e103bc3a5cc2196888aa13894b9155dd4424eff796346f64,observation_time_proxy,historical data_available_time is unknown; observation_time is a pseudo-operational proxy,5.634435306763285,30,4.789276841145833,4.654321797795894,4.7539717318767485,12,DJF
2016-12-20T00:00:00+00:00,2016-12-19,windermere,south,water_temperature,2.0,degC,month_3,2017-02-18,2017-03-19,4.829654530799845,4.8397674281250005,-0.13495504334993935,lead_dependent_anomaly_relaxation,1.0,True,0.0749353049291614,0.0749353049291614,231,5,2011|2012|2013|2014|2015,ad3109ae99180bb0cecf8063525ab003eb4f28e243c536e7774573ceb191c29c,observation_time_proxy,historical data_available_time is unknown; observation_time is a pseudo-operational proxy,5.9312000694444444,30,4.8397674281250005,4.704812384775061,4.829654530799845,12,DJF
2016-12-27T00:00:00+00:00,2016-12-26,windermere,south,water_temperature,2.0,degC,month_1,2016-12-27,2017-01-25,5.588068237066084,5.502707200945849,0.1506134582125611,lead_dependent_anomaly_relaxation,1.0,True,0.5667557012054306,0.5667557012054306,240,5,2011|2012|2013|2014|2015,9d0925aa8a4153bc8a5d333f8c35a74a4369f5fc0bf47fa0617250070ab9f2b4,observation_time_proxy,historical data_available_time is unknown; observation_time is a pseudo-operational proxy,6.437998347222222,30,5.502707200945849,5.65332065915841,5.588068237066084,12,DJF
2016-12-27T00:00:00+00:00,2016-12-26,windermere,south,water_temperature,2.0,degC,month_2,2017-01-26,2017-02-24,4.6948501458031116,4.6554486942708335,0.1506134582125611,lead_dependent_anomaly_relaxation,1.0,True,0.261606446063211,0.261606446063211,235,5,2011|2012|2013|2014|2015,efb4db56f7100937e103bc3a5cc2196888aa13894b9155dd4424eff796346f64,observation_time_proxy,historical data_available_time is unknown; observation_time is a pseudo-operational proxy,5.5192921123188405,30,4.6554486942708335,4.806062152483395,4.6948501458031116,12,DJF
2016-12-27T00:00:00+00:00,2016-12-26,windermere,south,water_temperature,2.0,degC,month_3,2017-02-25,2017-03-26,5.128547033299538,5.117260767881945,0.1506134582125611,lead_dependent_anomaly_relaxation,1.0,True,0.0749353049291614,0.0749353049291614,231,5,2011|2012|2013|2014|2015,ad3109ae99180bb0cecf8063525ab003eb4f28e243c536e7774573ceb191c29c,observation_time_proxy,historical data_available_time is unknown; observation_time is a pseudo-operational proxy,6.246471027777778,30,5.117260767881945,5.267874226094506,5.128547033299538,12,DJF
2017-01-03T00:00:00+00:00,2017-01-02,windermere,south,water_temperature,2.0,degC,month_1,2017-01-03,2017-02-01,5.664041932693657,5.450334525848765,0.38267008121980695,lead_dependent_anomaly_relaxation,1.0,True,0.5584638500184641,0.5584638500184641,292,6,2011|2012|2013|2014|2015|2016,6f0cf4a7b894ccdd8564f1499d9529d7280224ee89408eca5739b5cba943ab74,observation_time_proxy,historical data_available_time is unknown; observation_time is a pseudo-operational proxy,6.132860472222222,30,5.450334525848765,5.833004607068572,5.664041932693657,1,DJF
2017-01-03T00:00:00+00:00,2017-01-02,windermere,south,water_temperature,2.0,degC,month_2,2017-02-02,2017-03-03,4.870828561654772,4.762593791666666,0.38267008121980695,lead_dependent_anomaly_relaxation,1.0,True,0.28284095177520596,0.28284095177520596,288,6,2011|2012|2013|2014|2015|2016,ca5b78da3dc0859594e53c21e4c703ddf12121ad3de824537dd1f711431e16c6,observation_time_proxy,historical data_available_time is unknown; observation_time is a pseudo-operational proxy,5.520781751207729,30,4.762593791666666,5.145263872886473,4.870828561654772,1,DJF
2017-01-03T00:00:00+00:00,2017-01-02,windermere,south,water_temperature,2.0,degC,month_3,2017-03-04,2017-04-02,5.613859316765581,5.550046321450617,0.38267008121980695,lead_dependent_anomaly_relaxation,1.0,True,0.16675721057562612,0.16675721057562612,283,6,2011|2012|2013|2014|2015|2016,b80d6e6d5fe9eaf74079477e0d286cb6f8eabcaa5a28af8b7d8723fbd54ba2b8,observation_time_proxy,historical data_available_time is unknown; observation_time is a pseudo-operational proxy,6.725220083333333,30,5.550046321450617,5.932716402670424,5.613859316765581,1,DJF
2017-01-10T00:00:00+00:00,2017-01-09,windermere,south,water_temperature,2.0,degC,month_1,2017-01-10,2017-02-08,5.570311278738287,5.212838038062169,0.6401009495320045,lead_dependent_anomaly_relaxation,1.0,True,0.5584638500184641,0.5584638500184641,292,6,2011|2012|2013|2014|2015|2016,6f0cf4a7b894ccdd8564f1499d9529d7280224ee89408eca5739b5cba943ab74,observation_time_proxy,historical data_available_time is unknown; observation_time is a pseudo-operational proxy,5.904709708333334,30,5.212838038062169,5.8529389875941735,5.570311278738287,1,DJF
2017-01-10T00:00:00+00:00,2017-01-09,windermere,south,water_temperature,2.0,degC,month_2,2017-02-09,2017-03-10,4.954750287723772,4.773703525925926,0.6401009495320045,lead_dependent_anomaly_relaxation,1.0,True,0.28284095177520596,0.28284095177520596,288,6,2011|2012|2013|2014|2015|2016,ca5b78da3dc0859594e53c21e4c703ddf12121ad3de824537dd1f711431e16c6,observation_time_proxy,historical data_available_time is unknown; observation_time is a pseudo-operational proxy,5.602613848429952,30,4.773703525925926,5.413804475457931,4.954750287723772,1,DJF
2017-01-10T00:00:00+00:00,2017-01-09,windermere,south,water_temperature,2.0,degC,month_3,2017-03-11,2017-04-09,6.070204489262865,5.9634630404320985,0.6401009495320045,lead_dependent_anomaly_relaxation,1.0,True,0.16675721057562612,0.16675721057562612,283,6,2011|2012|2013|2014|2015|2016,b80d6e6d5fe9eaf74079477e0d286cb6f8eabcaa5a28af8b7d8723fbd54ba2b8,observation_time_proxy,historical data_available_time is unknown; observation_time is a pseudo-operational proxy,7.402894472222222,30,5.9634630404320985,6.603563989964103,6.070204489262865,1,DJF
2017-01-17T00:00:00+00:00,2017-01-16,windermere,south,water_temperature,2.0,degC,month_1,2017-01-17,2017-02-15,5.399651535932246,5.012561018276014,0.6931344215806154,lead_dependent_anomaly_relaxation,1.0,True,0.5584638500184641,0.5584638500184641,292,6,2011|2012|2013|2014|2015|2016,6f0cf4a7b894ccdd8564f1499d9529d7280224ee89408eca5739b5cba943ab74,observation_time_proxy,historical data_available_time is unknown; observation_time is a pseudo-operational proxy,5.694710890096618,30,5.012561018276014,5.70569543985663,5.399651535932246,1,DJF
2017-01-17T00:00:00+00:00,2017-01-16,windermere,south,water_temperature,2.0,degC,month_2,2017-02-16,2017-03-17,5.0700790138598695,4.8740322143518515,0.6931344215806154,lead_dependent_anomaly_relaxation,1.0,True,0.28284095177520596,0.28284095177520596,288,6,2011|2012|2013|2014|2015|2016,ca5b78da3dc0859594e53c21e4c703ddf12121ad3de824537dd1f711431e16c6,observation_time_proxy,historical data_available_time is unknown; observation_time is a pseudo-operational proxy,5.841557986111111,30,4.8740322143518515,5.567166635932467,5.0700790138598695,1,DJF
2017-01-17T00:00:00+00:00,2017-01-16,windermere,south,water_temperature,2.0,degC,month_3,2017-03-18,2017-04-16,6.646681446184388,6.5310962834876545,0.6931344215806154,lead_dependent_anomaly_relaxation,1.0,True,0.16675721057562612,0.16675721057562612,283,6,2011|2012|2013|2014|2015|2016,b80d6e6d5fe9eaf74079477e0d286cb6f8eabcaa5a28af8b7d8723fbd54ba2b8,observation_time_proxy,historical data_available_time is unknown; observation_time is a pseudo-operational proxy,8.087721569444444,30,6.5310962834876545,7.22423070506827,6.646681446184388,1,DJF
2017-01-24T00:00:00+00:00,2017-01-23,windermere,south,water_temperature,2.0,degC,month_1,2017-01-24,2017-02-22,5.260613434508927,4.863609107253087,0.7108863487631556,lead_dependent_anomaly_relaxation,1.0,True,0.5584638500184641,0.5584638500184641,292,6,2011|2012|2013|2014|2015|2016,6f0cf4a7b894ccdd8564f1499d9529d7280224ee89408eca5739b5cba943ab74,observation_time_proxy,historical data_available_time is unknown; observation_time is a pseudo-operational proxy,5.5348077373188405,30,4.863609107253087,5.574495456016242,5.260613434508927,1,DJF
2017-01-24T00:00:00+00:00,2017-01-23,windermere,south,water_temperature,2.0,degC,month_2,2017-02-23,2017-03-24,5.309984317630147,5.108916546141975,0.7108863487631556,lead_dependent_anomaly_relaxation,1.0,True,0.28284095177520596,0.28284095177520596,288,6,2011|2012|2013|2014|2015|2016,ca5b78da3dc0859594e53c21e4c703ddf12121ad3de824537dd1f711431e16c6,observation_time_proxy,historical data_available_time is unknown; observation_time is a pseudo-operational proxy,6.152530388888889,30,5.108916546141975,5.819802894905131,5.309984317630147,1,DJF
2017-01-24T00:00:00+00:00,2017-01-23,windermere,south,water_temperature,2.0,degC,month_3,2017-03-25,2017-04-23,7.309422992921792,7.190877568365757,0.7108863487631556,lead_dependent_anomaly_relaxation,1.0,True,0.16675721057562612,0.16675721057562612,283,6,2011|2012|2013|2014|2015|2016,b80d6e6d5fe9eaf74079477e0d286cb6f8eabcaa5a28af8b7d8723fbd54ba2b8,observation_time_proxy,historical data_available_time is unknown; observation_time is a pseudo-operational proxy,8.809134791666667,30,7.190877568365757,7.901763917128912,7.309422992921792,1,DJF
2017-01-31T00:00:00+00:00,2017-01-30,windermere,south,water_temperature,2.0,degC,month_1,2017-01-31,2017-03-01,5.152238464326986,4.768566782716049,0.687012564194176,lead_dependent_anomaly_relaxation,1.0,True,0.5584638500184641,0.5584638500184641,292,6,2011|2012|2013|2014|2015|2016,6f0cf4a7b894ccdd8564f1499d9529d7280224ee89408eca5739b5cba943ab74,observation_time_proxy,historical data_available_time is unknown; observation_time is a pseudo-operational proxy,5.513987584541063,30,4.768566782716049,5.455579346910225,5.152238464326986,1,DJF
2017-01-31T00:00:00+00:00,2017-01-30,windermere,south,water_temperature,2.0,degC,month_2,2017-03-02,2017-03-31,5.644484486766601,5.450169199228395,0.687012564194176,lead_dependent_anomaly_relaxation,1.0,True,0.28284095177520596,0.28284095177520596,288,6,2011|2012|2013|2014|2015|2016,ca5b78da3dc0859594e53c21e4c703ddf12121ad3de824537dd1f711431e16c6,observation_time_proxy,historical data_available_time is unknown; observation_time is a pseudo-operational proxy,6.561632125,30,5.450169199228395,6.137181763422571,5.644484486766601,1,DJF
2017-01-31T00:00:00+00:00,2017-01-30,windermere,south,water_temperature,2.0,degC,month_3,2017-04-01,2017-04-30,8.10078372105765,7.986219422222222,0.687012564194176,lead_dependent_anomaly_relaxation,1.0,True,0.16675721057562612,0.16675721057562612,283,6,2011|2012|2013|2014|2015|2016,b80d6e6d5fe9eaf74079477e0d286cb6f8eabcaa5a28af8b7d8723fbd54ba2b8,observation_time_proxy,historical data_available_time is unknown; observation_time is a pseudo-operational proxy,9.435956583333333,30,7.986219422222222,8.673231986416397,8.10078372105765,1,DJF
2017-02-07T00:00:00+00:00,2017-02-06,windermere,south,water_temperature,2.0,degC,month_1,2017-02-07,2017-03-08,5.149726583219744,4.7632621061728395,0.6920134168650796,lead_dependent_anomaly_relaxation,1.0,True,0.5584638500184641,0.5584638500184641,292,6,2011|2012|2013|2014|2015|2016,6f0cf4a7b894ccdd8564f1499d9529d7280224ee89408eca5739b5cba943ab74,observation_time_proxy,historical data_available_time is unknown; observation_time is a pseudo-operational proxy,5.566960792874396,30,4.7632621061728395,5.455275523037919,5.149726583219744,2,DJF
2017-02-07T00:00:00+00:00,2017-02-06,windermere,south,water_temperature,2.0,degC,month_2,2017-03-09,2017-04-07,6.021086996121652,5.825357262654321,0.6920134168650796,lead_dependent_anomaly_relaxation,1.0,True,0.28284095177520596,0.28284095177520596,288,6,2011|2012|2013|2014|2015|2016,ca5b78da3dc0859594e53c21e4c703ddf12121ad3de824537dd1f711431e16c6,observation_time_proxy,historical data_available_time is unknown; observation_time is a pseudo-operational proxy,7.189078944444445,30,5.825357262654321,6.5173706795194,6.021086996121652,2,DJF
2017-02-07T00:00:00+00:00,2017-02-06,windermere,south,water_temperature,2.0,degC,month_3,2017-04-08,2017-05-07,8.861467066834273,8.746068839756944,0.6920134168650796,lead_dependent_anomaly_relaxation,1.0,True,0.16675721057562612,0.16675721057562612,283,6,2011|2012|2013|2014|2015|2016,b80d6e6d5fe9eaf74079477e0d286cb6f8eabcaa5a28af8b7d8723fbd54ba2b8,observation_time_proxy,historical data_available_time is unknown; observation_time is a pseudo-operational proxy,9.912448888888889,30,8.746068839756944,9.438082256622025,8.861467066834273,2,DJF
2017-02-14T00:00:00+00:00,2017-02-13,windermere,south,water_temperature,2.0,degC,month_1,2017-02-14,2017-03-15,5.217253055554571,4.8358353945987655,0.6829764557601985,lead_dependent_anomaly_relaxation,1.0,True,0.5584638500184641,0.5584638500184641,292,6,2011|2012|2013|2014|2015|2016,6f0cf4a7b894ccdd8564f1499d9529d7280224ee89408eca5739b5cba943ab74,observation_time_proxy,historical data_available_time is unknown; observation_time is a pseudo-operational proxy,5.772459847222223,30,4.8358353945987655,5.518811850358964,5.217253055554571,2,DJF
2017-02-14T00:00:00+00:00,2017-02-13,windermere,south,water_temperature,2.0,degC,month_2,2017-03-16,2017-04-14,6.553066760324309,6.359893049537037,0.6829764557601985,lead_dependent_anomaly_relaxation,1.0,True,0.28284095177520596,0.28284095177520596,288,6,2011|2012|2013|2014|2015|2016,ca5b78da3dc0859594e53c21e4c703ddf12121ad3de824537dd1f711431e16c6,observation_time_proxy,historical data_available_time is unknown; observation_time is a pseudo-operational proxy,7.895531625,30,6.359893049537037,7.042869505297236,6.553066760324309,2,DJF
2017-02-14T00:00:00+00:00,2017-02-13,windermere,south,water_temperature,2.0,degC,month_3,2017-04-15,2017-05-14,9.710202743443066,9.596311494791667,0.6829764557601985,lead_dependent_anomaly_relaxation,1.0,True,0.16675721057562612,0.16675721057562612,283,6,2011|2012|2013|2014|2015|2016,b80d6e6d5fe9eaf74079477e0d286cb6f8eabcaa5a28af8b7d8723fbd54ba2b8,observation_time_proxy,historical data_available_time is unknown; observation_time is a pseudo-operational proxy,10.550248791666666,30,9.596311494791667,10.279287950551865,9.710202743443066,2,DJF
2017-02-21T00:00:00+00:00,2017-02-20,windermere,south,water_temperature,2.0,degC,month_1,2017-02-21,2017-03-22,5.396269509828384,5.031496602314815,0.6531719242015566,lead_dependent_anomaly_relaxation,1.0,True,0.5584638500184641,0.5584638500184641,292,6,2011|2012|2013|2014|2015|2016,6f0cf4a7b894ccdd8564f1499d9529d7280224ee89408eca5739b5cba943ab74,observation_time_proxy,historical data_available_time is unknown; observation_time is a pseudo-operational proxy,6.071947777777778,30,5.031496602314815,5.684668526516371,5.396269509828384,2,DJF
2017-02-21T00:00:00+00:00,2017-02-20,windermere,south,water_temperature,2.0,degC,month_2,2017-03-23,2017-04-21,7.175800765990898,6.991056997276887,0.6531719242015566,lead_dependent_anomaly_relaxation,1.0,True,0.28284095177520596,0.28284095177520596,288,6,2011|2012|2013|2014|2015|2016,ca5b78da3dc0859594e53c21e4c703ddf12121ad3de824537dd1f711431e16c6,observation_time_proxy,historical data_available_time is unknown; observation_time is a pseudo-operational proxy,8.571409694444444,30,6.991056997276887,7.644228921478444,7.175800765990898,2,DJF
2017-02-21T00:00:00+00:00,2017-02-20,windermere,south,water_temperature,2.0,degC,month_3,2017-04-22,2017-05-21,10.559140584356166,10.45021945625,0.6531719242015566,lead_dependent_anomaly_relaxation,1.0,True,0.16675721057562612,0.16675721057562612,283,6,2011|2012|2013|2014|2015|2016,b80d6e6d5fe9eaf74079477e0d286cb6f8eabcaa5a28af8b7d8723fbd54ba2b8,observation_time_proxy,historical data_available_time is unknown; observation_time is a pseudo-operational proxy,11.258143569444444,30,10.45021945625,11.103391380451557,10.559140584356166,2,DJF
2017-02-28T00:00:00+00:00,2017-02-27,windermere,south,water_temperature,2.0,degC,month_1,2017-02-28,2017-03-29,5.735315124601164,5.330831330401234,0.7242792782139018,lead_dependent_anomaly_relaxation,1.0,True,0.5584638500184641,0.5584638500184641,292,6,2011|2012|2013|2014|2015|2016,6f0cf4a7b894ccdd8564f1499d9529d7280224ee89408eca5739b5cba943ab74,observation_time_proxy,historical data_available_time is unknown; observation_time is a pseudo-operational proxy,6.446182986111111,30,5.330831330401234,6.055110608615136,5.735315124601164,2,DJF
2017-02-28T00:00:00+00:00,2017-02-27,windermere,south,water_temperature,2.0,degC,month_2,2017-03-30,2017-04-28,7.988650915401079,7.7837950750000005,0.7242792782139018,lead_dependent_anomaly_relaxation,1.0,True,0.28284095177520596,0.28284095177520596,288,6,2011|2012|2013|2014|2015|2016,ca5b78da3dc0859594e53c21e4c703ddf12121ad3de824537dd1f711431e16c6,observation_time_proxy,historical data_available_time is unknown; observation_time is a pseudo-operational proxy,9.249836083333333,30,7.7837950750000005,8.508074353213903,7.988650915401079,2,DJF
2017-02-28T00:00:00+00:00,2017-02-27,windermere,south,water_temperature,2.0,degC,month_3,2017-04-29,2017-05-28,11.519595840470261,11.398817048357584,0.7242792782139018,lead_dependent_anomaly_relaxation,1.0,True,0.16675721057562612,0.16675721057562612,283,6,2011|2012|2013|2014|2015|2016,b80d6e6d5fe9eaf74079477e0d286cb6f8eabcaa5a28af8b7d8723fbd54ba2b8,observation_time_proxy,historical data_available_time is unknown; observation_time is a pseudo-operational proxy,12.360250666666667,30,11.398817048357584,12.123096326571485,11.519595840470261,2,DJF
2017-03-07T00:00:00+00:00,2017-03-06,windermere,south,water_temperature,2.0,degC,month_1,2017-03-07,2017-04-05,6.151376732203972,5.711157891203704,0.7882673891706933,lead_dependent_anomaly_relaxation,1.0,True,0.5584638500184641,0.5584638500184641,292,6,2011|2012|2013|2014|2015|2016,6f0cf4a7b894ccdd8564f1499d9529d7280224ee89408eca5739b5cba943ab74,observation_time_proxy,historical data_available_time is unknown; observation_time is a pseudo-operational proxy,6.986968347222222,30,5.711157891203704,6.499425280374397,6.151376732203972,3,MAM
2017-03-07T00:00:00+00:00,2017-03-06,windermere,south,water_temperature,2.0,degC,month_2,2017-04-06,2017-05-05,8.729552724995285,8.506598426388889,0.7882673891706933,lead_dependent_anomaly_relaxation,1.0,True,0.28284095177520596,0.28284095177520596,288,6,2011|2012|2013|2014|2015|2016,ca5b78da3dc0859594e53c21e4c703ddf12121ad3de824537dd1f711431e16c6,observation_time_proxy,historical data_available_time is unknown; observation_time is a pseudo-operational proxy,9.779612847222221,30,8.506598426388889,9.294865815559582,8.729552724995285,3,MAM
2017-03-07T00:00:00+00:00,2017-03-06,windermere,south,water_temperature,2.0,degC,month_3,2017-05-06,2017-06-04,12.597894820590767,12.46644554958493,0.7882673891706933,lead_dependent_anomaly_relaxation,1.0,True,0.16675721057562612,0.16675721057562612,283,6,2011|2012|2013|2014|2015|2016,b80d6e6d5fe9eaf74079477e0d286cb6f8eabcaa5a28af8b7d8723fbd54ba2b8,observation_time_proxy,historical data_available_time is unknown; observation_time is a pseudo-operational proxy,13.864286694444445,30,12.46644554958493,13.254712938755624,12.597894820590767,3,MAM
2017-03-14T00:00:00+00:00,2017-03-13,windermere,south,water_temperature,2.0,degC,month_1,2017-03-14,2017-04-12,6.7024396532703845,6.197688266512346,0.9038210561728395,lead_dependent_anomaly_relaxation,1.0,True,0.5584638500184641,0.5584638500184641,292,6,2011|2012|2013|2014|2015|2016,6f0cf4a7b894ccdd8564f1499d9529d7280224ee89408eca5739b5cba943ab74,observation_time_proxy,historical data_available_time is unknown; observation_time is a pseudo-operational proxy,7.6938922638888885,30,6.197688266512346,7.101509322685185,6.7024396532703845,3,MAM
2017-03-14T00:00:00+00:00,2017-03-13,windermere,south,water_temperature,2.0,degC,month_2,2017-04-13,2017-05-12,9.60163564890823,9.345998041145833,0.9038210561728395,lead_dependent_anomaly_relaxation,1.0,True,0.28284095177520596,0.28284095177520596,288,6,2011|2012|2013|2014|2015|2016,ca5b78da3dc0859594e53c21e4c703ddf12121ad3de824537dd1f711431e16c6,observation_time_proxy,historical data_available_time is unknown; observation_time is a pseudo-operational proxy,10.360107652777778,30,9.345998041145833,10.249819097318673,9.60163564890823,3,MAM
2017-03-14T00:00:00+00:00,2017-03-13,windermere,south,water_temperature,2.0,degC,month_3,2017-05-13,2017-06-11,13.843474586823554,13.692755908636654,0.9038210561728395,lead_dependent_anomaly_relaxation,1.0,True,0.16675721057562612,0.16675721057562612,283,6,2011|2012|2013|2014|2015|2016,b80d6e6d5fe9eaf74079477e0d286cb6f8eabcaa5a28af8b7d8723fbd54ba2b8,observation_time_proxy,historical data_available_time is unknown; observation_time is a pseudo-operational proxy,14.812927444444444,30,13.692755908636654,14.596576964809493,13.843474586823554,3,MAM
2017-03-21T00:00:00+00:00,2017-03-20,windermere,south,water_temperature,2.0,degC,month_1,2017-03-21,2017-04-19,7.3660257288234074,6.795641091049383,1.021345674845679,lead_dependent_anomaly_relaxation,1.0,True,0.5584638500184641,0.5584638500184641,292,6,2011|2012|2013|2014|2015|2016,6f0cf4a7b894ccdd8564f1499d9529d7280224ee89408eca5739b5cba943ab74,observation_time_proxy,historical data_available_time is unknown; observation_time is a pseudo-operational proxy,8.37175625,30,6.795641091049383,7.816986765895062,7.3660257288234074,3,MAM
2017-03-21T00:00:00+00:00,2017-03-20,windermere,south,water_temperature,2.0,degC,month_2,2017-04-20,2017-05-19,10.50819596523012,10.219317582465278,1.021345674845679,lead_dependent_anomaly_relaxation,1.0,True,0.28284095177520596,0.28284095177520596,288,6,2011|2012|2013|2014|2015|2016,ca5b78da3dc0859594e53c21e4c703ddf12121ad3de824537dd1f711431e16c6,observation_time_proxy,historical data_available_time is unknown; observation_time is a pseudo-operational proxy,11.047888527777777,30,10.219317582465278,11.240663257310956,10.50819596523012,3,MAM
2017-03-21T00:00:00+00:00,2017-03-20,windermere,south,water_temperature,2.0,degC,month_3,2017-05-20,2017-06-18,14.96609021795146,14.795773462180716,1.021345674845679,lead_dependent_anomaly_relaxation,1.0,True,0.16675721057562612,0.16675721057562612,283,6,2011|2012|2013|2014|2015|2016,b80d6e6d5fe9eaf74079477e0d286cb6f8eabcaa5a28af8b7d8723fbd54ba2b8,observation_time_proxy,historical data_available_time is unknown; observation_time is a pseudo-operational proxy,15.517283305555555,30,14.795773462180716,15.817119137026395,14.96609021795146,3,MAM
2017-03-28T00:00:00+00:00,2017-03-27,windermere,south,water_temperature,2.0,degC,month_1,2017-03-28,2017-04-26,8.181597361116618,7.583702480902778,1.0706062356481478,lead_dependent_anomaly_relaxation,1.0,True,0.5584638500184641,0.5584638500184641,292,6,2011|2012|2013|2014|2015|2016,6f0cf4a7b894ccdd8564f1499d9529d7280224ee89408eca5739b5cba943ab74,observation_time_proxy,historical data_available_time is unknown; observation_time is a pseudo-operational proxy,9.095053277777778,30,7.583702480902778,8.654308716550926,8.181597361116618,3,MAM
2017-03-28T00:00:00+00:00,2017-03-27,windermere,south,water_temperature,2.0,degC,month_2,2017-04-27,2017-05-26,11.372583721736637,11.069772435069444,1.0706062356481478,lead_dependent_anomaly_relaxation,1.0,True,0.28284095177520596,0.28284095177520596,288,6,2011|2012|2013|2014|2015|2016,ca5b78da3dc0859594e53c21e4c703ddf12121ad3de824537dd1f711431e16c6,observation_time_proxy,historical data_available_time is unknown; observation_time is a pseudo-operational proxy,11.945352513888889,30,11.069772435069444,12.140378670717592,11.372583721736637,3,MAM
2017-03-28T00:00:00+00:00,2017-03-27,windermere,south,water_temperature,2.0,degC,month_3,2017-05-27,2017-06-25,15.803902399275085,15.625371089793529,1.0706062356481478,lead_dependent_anomaly_relaxation,1.0,True,0.16675721057562612,0.16675721057562612,283,6,2011|2012|2013|2014|2015|2016,b80d6e6d5fe9eaf74079477e0d286cb6f8eabcaa5a28af8b7d8723fbd54ba2b8,observation_time_proxy,historical data_available_time is unknown; observation_time is a pseudo-operational proxy,16.53497526388889,30,15.625371089793529,16.695977325441675,15.803902399275085,3,MAM
2017-04-04T00:00:00+00:00,2017-04-03,windermere,south,water_temperature,2.0,degC,month_1,2017-04-04,2017-05-03,8.958056859211599,8.288091722395833,1.1996571251543209,lead_dependent_anomaly_relaxation,1.0,True,0.5584638500184641,0.5584638500184641,292,6,2011|2012|2013|2014|2015|2016,6f0cf4a7b894ccdd8564f1499d9529d7280224ee89408eca5739b5cba943ab74,observation_time_proxy,historical data_available_time is unknown; observation_time is a pseudo-operational proxy,9.650212819444445,30,8.288091722395833,9.487748847550154,8.958056859211599,4,MAM
2017-04-04T00:00:00+00:00,2017-04-03,windermere,south,water_temperature,2.0,degC,month_2,2017-05-04,2017-06-02,12.456597823081491,12.117285659998936,1.1996571251543209,lead_dependent_anomaly_relaxation,1.0,True,0.28284095177520596,0.28284095177520596,288,6,2011|2012|2013|2014|2015|2016,ca5b78da3dc0859594e53c21e4c703ddf12121ad3de824537dd1f711431e16c6,observation_time_proxy,historical data_available_time is unknown; observation_time is a pseudo-operational proxy,13.436803263888889,30,12.117285659998936,13.316942785153257,12.456597823081491,4,MAM
2017-04-04T00:00:00+00:00,2017-04-03,windermere,south,water_temperature,2.0,degC,month_3,2017-06-03,2017-07-02,16.559114048368773,16.359062572530863,1.1996571251543209,lead_dependent_anomaly_relaxation,1.0,True,0.16675721057562612,0.16675721057562612,283,6,2011|2012|2013|2014|2015|2016,b80d6e6d5fe9eaf74079477e0d286cb6f8eabcaa5a28af8b7d8723fbd54ba2b8,observation_time_proxy,historical data_available_time is unknown; observation_time is a pseudo-operational proxy,16.547480083333333,30,16.359062572530863,17.558719697685184,16.559114048368773,4,MAM
2017-04-11T00:00:00+00:00,2017-04-10,windermere,south,water_temperature,2.0,degC,month_1,2017-04-11,2017-05-10,9.918365669324457,9.104199405034722,1.4578674416666662,lead_dependent_anomaly_relaxation,1.0,True,0.5584638500184641,0.5584638500184641,292,6,2011|2012|2013|2014|2015|2016,6f0cf4a7b894ccdd8564f1499d9529d7280224ee89408eca5739b5cba943ab74,observation_time_proxy,historical data_available_time is unknown; observation_time is a pseudo-operational proxy,10.140283930555556,30,9.104199405034722,10.562066846701388,9.918365669324457,4,MAM
2017-04-11T00:00:00+00:00,2017-04-10,windermere,south,water_temperature,2.0,degC,month_2,2017-05-11,2017-06-09,13.755417585468704,13.34307297070562,1.4578674416666662,lead_dependent_anomaly_relaxation,1.0,True,0.28284095177520596,0.28284095177520596,288,6,2011|2012|2013|2014|2015|2016,ca5b78da3dc0859594e53c21e4c703ddf12121ad3de824537dd1f711431e16c6,observation_time_proxy,historical data_available_time is unknown; observation_time is a pseudo-operational proxy,14.643771597222223,30,13.34307297070562,14.800940412372286,13.755417585468704,4,MAM
2017-04-11T00:00:00+00:00,2017-04-10,windermere,south,water_temperature,2.0,degC,month_3,2017-06-10,2017-07-09,17.040299023567908,16.79718911560655,1.4578674416666662,lead_dependent_anomaly_relaxation,1.0,True,0.16675721057562612,0.16675721057562612,283,6,2011|2012|2013|2014|2015|2016,b80d6e6d5fe9eaf74079477e0d286cb6f8eabcaa5a28af8b7d8723fbd54ba2b8,observation_time_proxy,historical data_available_time is unknown; observation_time is a pseudo-operational proxy,16.668192652777776,30,16.79718911560655,18.255056557273214,17.040299023567908,4,MAM
2017-04-18T00:00:00+00:00,2017-04-17,windermere,south,water_temperature,2.0,degC,month_1,2017-04-18,2017-05-17,10.854309175962864,9.980473318402778,1.5647133785493823,lead_dependent_anomaly_relaxation,1.0,True,0.5584638500184641,0.5584638500184641,292,6,2011|2012|2013|2014|2015|2016,6f0cf4a7b894ccdd8564f1499d9529d7280224ee89408eca5739b5cba943ab74,observation_time_proxy,historical data_available_time is unknown; observation_time is a pseudo-operational proxy,10.833061402777778,30,9.980473318402778,11.545186696952161,10.854309175962864,4,MAM
2017-04-18T00:00:00+00:00,2017-04-17,windermere,south,water_temperature,2.0,degC,month_2,2017-05-18,2017-06-16,14.938324655913314,14.495759634669009,1.5647133785493823,lead_dependent_anomaly_relaxation,1.0,True,0.28284095177520596,0.28284095177520596,288,6,2011|2012|2013|2014|2015|2016,ca5b78da3dc0859594e53c21e4c703ddf12121ad3de824537dd1f711431e16c6,observation_time_proxy,historical data_available_time is unknown; observation_time is a pseudo-operational proxy,15.309612569444445,30,14.495759634669009,16.06047301321839,14.938324655913314,4,MAM
2017-04-18T00:00:00+00:00,2017-04-17,windermere,south,water_temperature,2.0,degC,month_3,2017-06-17,2017-07-16,17.50130544585494,17.24037820749768,1.5647133785493823,lead_dependent_anomaly_relaxation,1.0,True,0.16675721057562612,0.16675721057562612,283,6,2011|2012|2013|2014|2015|2016,b80d6e6d5fe9eaf74079477e0d286cb6f8eabcaa5a28af8b7d8723fbd54ba2b8,observation_time_proxy,historical data_available_time is unknown; observation_time is a pseudo-operational proxy,17.264949875,30,17.24037820749768,18.805091586047062,17.50130544585494,4,MAM
2017-04-25T00:00:00+00:00,2017-04-24,windermere,south,water_temperature,2.0,degC,month_1,2017-04-25,2017-05-24,11.675949436647608,10.809144846875,1.5521230062499995,lead_dependent_anomaly_relaxation,1.0,True,0.5584638500184641,0.5584638500184641,292,6,2011|2012|2013|2014|2015|2016,6f0cf4a7b894ccdd8564f1499d9529d7280224ee89408eca5739b5cba943ab74,observation_time_proxy,historical data_available_time is unknown; observation_time is a pseudo-operational proxy,11.569150791666667,30,10.809144846875,12.361267853125,11.675949436647608,4,MAM
2017-04-25T00:00:00+00:00,2017-04-24,windermere,south,water_temperature,2.0,degC,month_2,2017-05-25,2017-06-23,15.857450099988297,15.418446151628354,1.5521230062499995,lead_dependent_anomaly_relaxation,1.0,True,0.28284095177520596,0.28284095177520596,288,6,2011|2012|2013|2014|2015|2016,ca5b78da3dc0859594e53c21e4c703ddf12121ad3de824537dd1f711431e16c6,observation_time_proxy,historical data_available_time is unknown; observation_time is a pseudo-operational proxy,16.40417822222222,30,15.418446151628354,16.97056915787835,15.857450099988297,4,MAM
2017-04-25T00:00:00+00:00,2017-04-24,windermere,south,water_temperature,2.0,degC,month_3,2017-06-24,2017-07-23,17.906039325613644,17.64721162262114,1.5521230062499995,lead_dependent_anomaly_relaxation,1.0,True,0.16675721057562612,0.16675721057562612,283,6,2011|2012|2013|2014|2015|2016,b80d6e6d5fe9eaf74079477e0d286cb6f8eabcaa5a28af8b7d8723fbd54ba2b8,observation_time_proxy,historical data_available_time is unknown; observation_time is a pseudo-operational proxy,17.51571511111111,30,17.64721162262114,19.19933462887114,17.906039325613644,4,MAM
2017-05-02T00:00:00+00:00,2017-05-01,windermere,south,water_temperature,2.0,degC,month_1,2017-05-02,2017-05-31,12.615539293783566,11.82015923595679,1.4242283682291674,lead_dependent_anomaly_relaxation,1.0,True,0.5584638500184641,0.5584638500184641,292,6,2011|2012|2013|2014|2015|2016,6f0cf4a7b894ccdd8564f1499d9529d7280224ee89408eca5739b5cba943ab74,observation_time_proxy,historical data_available_time is unknown; observation_time is a pseudo-operational proxy,13.005044930555556,30,11.82015923595679,13.244387604185958,12.615539293783566,5,MAM
2017-05-02T00:00:00+00:00,2017-05-01,windermere,south,water_temperature,2.0,degC,month_2,2017-06-01,2017-06-30,16.559033473434855,16.156203366219668,1.4242283682291674,lead_dependent_anomaly_relaxation,1.0,True,0.28284095177520596,0.28284095177520596,288,6,2011|2012|2013|2014|2015|2016,ca5b78da3dc0859594e53c21e4c703ddf12121ad3de824537dd1f711431e16c6,observation_time_proxy,historical data_available_time is unknown; observation_time is a pseudo-operational proxy,16.581647277777776,30,16.156203366219668,17.580431734448837,16.559033473434855,5,MAM
2017-05-02T00:00:00+00:00,2017-05-01,windermere,south,water_temperature,2.0,degC,month_3,2017-07-01,2017-07-30,18.32342557779867,18.085925227890097,1.4242283682291674,lead_dependent_anomaly_relaxation,1.0,True,0.16675721057562612,0.16675721057562612,283,6,2011|2012|2013|2014|2015|2016,b80d6e6d5fe9eaf74079477e0d286cb6f8eabcaa5a28af8b7d8723fbd54ba2b8,observation_time_proxy,historical data_available_time is unknown; observation_time is a pseudo-operational proxy,17.76727836111111,30,18.085925227890097,19.510153596119267,18.32342557779867,5,MAM
2017-05-09T00:00:00+00:00,2017-05-08,windermere,south,water_temperature,2.0,degC,month_1,2017-05-09,2017-06-07,13.608793666032339,12.991255626596423,1.1057797911458334,lead_dependent_anomaly_relaxation,1.0,True,0.5584638500184641,0.5584638500184641,292,6,2011|2012|2013|2014|2015|2016,6f0cf4a7b894ccdd8564f1499d9529d7280224ee89408eca5739b5cba943ab74,observation_time_proxy,historical data_available_time is unknown; observation_time is a pseudo-operational proxy,14.39844838888889,30,12.991255626596423,14.097035417742257,13.608793666032339,5,MAM
2017-05-09T00:00:00+00:00,2017-05-08,windermere,south,water_temperature,2.0,degC,month_2,2017-06-08,2017-07-07,16.997225143323828,16.684465334742352,1.1057797911458334,lead_dependent_anomaly_relaxation,1.0,True,0.28284095177520596,0.28284095177520596,288,6,2011|2012|2013|2014|2015|2016,ca5b78da3dc0859594e53c21e4c703ddf12121ad3de824537dd1f711431e16c6,observation_time_proxy,historical data_available_time is unknown; observation_time is a pseudo-operational proxy,16.568796513888888,30,16.684465334742352,17.790245125888184,16.997225143323828,5,MAM
2017-05-09T00:00:00+00:00,2017-05-08,windermere,south,water_temperature,2.0,degC,month_3,2017-07-08,2017-08-06,18.472743447115135,18.288346693632757,1.1057797911458334,lead_dependent_anomaly_relaxation,1.0,True,0.16675721057562612,0.16675721057562612,283,6,2011|2012|2013|2014|2015|2016,b80d6e6d5fe9eaf74079477e0d286cb6f8eabcaa5a28af8b7d8723fbd54ba2b8,observation_time_proxy,historical data_available_time is unknown; observation_time is a pseudo-operational proxy,17.94904190277778,30,18.288346693632757,19.39412648477859,18.472743447115135,5,MAM
2017-05-16T00:00:00+00:00,2017-05-15,windermere,south,water_temperature,2.0,degC,month_1,2017-05-16,2017-06-14,14.692331227467037,14.182912279698808,0.9121789131944453,lead_dependent_anomaly_relaxation,1.0,True,0.5584638500184641,0.5584638500184641,292,6,2011|2012|2013|2014|2015|2016,6f0cf4a7b894ccdd8564f1499d9529d7280224ee89408eca5739b5cba943ab74,observation_time_proxy,historical data_available_time is unknown; observation_time is a pseudo-operational proxy,15.111672152777778,30,14.182912279698808,15.095091192893253,14.692331227467037,5,MAM
2017-05-16T00:00:00+00:00,2017-05-15,windermere,south,water_temperature,2.0,degC,month_2,2017-06-15,2017-07-14,17.3784292949887,17.12042774299151,0.9121789131944453,lead_dependent_anomaly_relaxation,1.0,True,0.28284095177520596,0.28284095177520596,288,6,2011|2012|2013|2014|2015|2016,ca5b78da3dc0859594e53c21e4c703ddf12121ad3de824537dd1f711431e16c6,observation_time_proxy,historical data_available_time is unknown; observation_time is a pseudo-operational proxy,17.09803240277778,30,17.12042774299151,18.032606656185955,17.3784292949887,5,MAM
2017-05-16T00:00:00+00:00,2017-05-15,windermere,south,water_temperature,2.0,degC,month_3,2017-07-15,2017-08-13,18.434031733530848,18.281919322420634,0.9121789131944453,lead_dependent_anomaly_relaxation,1.0,True,0.16675721057562612,0.16675721057562612,283,6,2011|2012|2013|2014|2015|2016,b80d6e6d5fe9eaf74079477e0d286cb6f8eabcaa5a28af8b7d8723fbd54ba2b8,observation_time_proxy,historical data_available_time is unknown; observation_time is a pseudo-operational proxy,17.8683455,30,18.281919322420634,19.19409823561508,18.434031733530848,5,MAM
2017-05-23T00:00:00+00:00,2017-05-22,windermere,south,water_temperature,2.0,degC,month_1,2017-05-23,2017-06-21,15.641436009339687,15.202591760073435,0.7858060092013872,lead_dependent_anomaly_relaxation,1.0,True,0.5584638500184641,0.5584638500184641,292,6,2011|2012|2013|2014|2015|2016,6f0cf4a7b894ccdd8564f1499d9529d7280224ee89408eca5739b5cba943ab74,observation_time_proxy,historical data_available_time is unknown; observation_time is a pseudo-operational proxy,16.08714825,30,15.202591760073435,15.988397769274822,15.641436009339687,5,MAM
2017-05-23T00:00:00+00:00,2017-05-22,windermere,south,water_temperature,2.0,degC,month_2,2017-06-22,2017-07-21,17.741766127976803,17.519508008423607,0.7858060092013872,lead_dependent_anomaly_relaxation,1.0,True,0.28284095177520596,0.28284095177520596,288,6,2011|2012|2013|2014|2015|2016,ca5b78da3dc0859594e53c21e4c703ddf12121ad3de824537dd1f711431e16c6,observation_time_proxy,historical data_available_time is unknown; observation_time is a pseudo-operational proxy,17.495163263888887,30,17.519508008423607,18.305314017624994,17.741766127976803,5,MAM
2017-05-23T00:00:00+00:00,2017-05-22,windermere,south,water_temperature,2.0,degC,month_3,2017-07-22,2017-08-20,18.314609031992784,18.183570213844796,0.7858060092013872,lead_dependent_anomaly_relaxation,1.0,True,0.16675721057562612,0.16675721057562612,283,6,2011|2012|2013|2014|2015|2016,b80d6e6d5fe9eaf74079477e0d286cb6f8eabcaa5a28af8b7d8723fbd54ba2b8,observation_time_proxy,historical data_available_time is unknown; observation_time is a pseudo-operational proxy,17.52161290277778,30,18.183570213844796,18.969376223046183,18.314609031992784,5,MAM
2017-05-30T00:00:00+00:00,2017-05-29,windermere,south,water_temperature,2.0,degC,month_1,2017-05-30,2017-06-28,16.536862071946015,15.953159102703278,1.045193828075778,lead_dependent_anomaly_relaxation,1.0,True,0.5584638500184641,0.5584638500184641,292,6,2011|2012|2013|2014|2015|2016,6f0cf4a7b894ccdd8564f1499d9529d7280224ee89408eca5739b5cba943ab74,observation_time_proxy,historical data_available_time is unknown; observation_time is a pseudo-operational proxy,16.60505211111111,30,15.953159102703278,16.998352930779056,16.536862071946015,5,MAM
2017-05-30T00:00:00+00:00,2017-05-29,windermere,south,water_temperature,2.0,degC,month_2,2017-06-29,2017-07-28,18.272451794196925,17.976828177074403,1.045193828075778,lead_dependent_anomaly_relaxation,1.0,True,0.28284095177520596,0.28284095177520596,288,6,2011|2012|2013|2014|2015|2016,ca5b78da3dc0859594e53c21e4c703ddf12121ad3de824537dd1f711431e16c6,observation_time_proxy,historical data_available_time is unknown; observation_time is a pseudo-operational proxy,17.67573009722222,30,17.976828177074403,19.02202200515018,18.272451794196925,5,MAM
2017-05-30T00:00:00+00:00,2017-05-29,windermere,south,water_temperature,2.0,degC,month_3,2017-07-29,2017-08-27,18.063730055913936,17.88943644863316,1.045193828075778,lead_dependent_anomaly_relaxation,1.0,True,0.16675721057562612,0.16675721057562612,283,6,2011|2012|2013|2014|2015|2016,b80d6e6d5fe9eaf74079477e0d286cb6f8eabcaa5a28af8b7d8723fbd54ba2b8,observation_time_proxy,historical data_available_time is unknown; observation_time is a pseudo-operational proxy,17.263153236111112,30,17.88943644863316,18.934630276708937,18.063730055913936,5,MAM
2017-06-06T00:00:00+00:00,2017-06-05,windermere,south,water_temperature,2.0,degC,month_1,2017-06-06,2017-07-05,17.355851672137156,16.568057052469136,1.4106456839452957,lead_dependent_anomaly_relaxation,1.0,True,0.5584638500184641,0.5584638500184641,292,6,2011|2012|2013|2014|2015|2016,6f0cf4a7b894ccdd8564f1499d9529d7280224ee89408eca5739b5cba943ab74,observation_time_proxy,historical data_available_time is unknown; observation_time is a pseudo-operational proxy,16.51021684722222,30,16.568057052469136,17.978702736414434,17.355851672137156,6,JJA
2017-06-06T00:00:00+00:00,2017-06-05,windermere,south,water_temperature,2.0,degC,month_2,2017-07-06,2017-08-04,18.63794132646465,18.238952958599974,1.4106456839452957,lead_dependent_anomaly_relaxation,1.0,True,0.28284095177520596,0.28284095177520596,288,6,2011|2012|2013|2014|2015|2016,ca5b78da3dc0859594e53c21e4c703ddf12121ad3de824537dd1f711431e16c6,observation_time_proxy,historical data_available_time is unknown; observation_time is a pseudo-operational proxy,17.936712458333332,30,18.238952958599974,19.64959864254527,18.63794132646465,6,JJA
2017-06-06T00:00:00+00:00,2017-06-05,windermere,south,water_temperature,2.0,degC,month_3,2017-08-05,2017-09-03,17.79297981268978,17.557744473324515,1.4106456839452957,lead_dependent_anomaly_relaxation,1.0,True,0.16675721057562612,0.16675721057562612,283,6,2011|2012|2013|2014|2015|2016,b80d6e6d5fe9eaf74079477e0d286cb6f8eabcaa5a28af8b7d8723fbd54ba2b8,observation_time_proxy,historical data_available_time is unknown; observation_time is a pseudo-operational proxy,17.2005575,30,17.557744473324515,18.96839015726981,17.79297981268978,6,JJA
2017-06-13T00:00:00+00:00,2017-06-12,windermere,south,water_temperature,2.0,degC,month_1,2017-06-13,2017-07-12,17.56644098366953,16.98552484021373,1.0402036648148147,lead_dependent_anomaly_relaxation,1.0,True,0.5584638500184641,0.5584638500184641,292,6,2011|2012|2013|2014|2015|2016,6f0cf4a7b894ccdd8564f1499d9529d7280224ee89408eca5739b5cba943ab74,observation_time_proxy,historical data_available_time is unknown; observation_time is a pseudo-operational proxy,16.91725836111111,30,16.98552484021373,18.025728505028546,17.56644098366953,6,JJA
2017-06-13T00:00:00+00:00,2017-06-12,windermere,south,water_temperature,2.0,degC,month_2,2017-07-13,2017-08-11,18.602689576761183,18.308477382164902,1.0402036648148147,lead_dependent_anomaly_relaxation,1.0,True,0.28284095177520596,0.28284095177520596,288,6,2011|2012|2013|2014|2015|2016,ca5b78da3dc0859594e53c21e4c703ddf12121ad3de824537dd1f711431e16c6,observation_time_proxy,historical data_available_time is unknown; observation_time is a pseudo-operational proxy,17.905703972222224,30,18.308477382164902,19.348681046979717,18.602689576761183,6,JJA
2017-06-13T00:00:00+00:00,2017-06-12,windermere,south,water_temperature,2.0,degC,month_3,2017-08-12,2017-09-10,17.40325548935284,17.22979402777778,1.0402036648148147,lead_dependent_anomaly_relaxation,1.0,True,0.16675721057562612,0.16675721057562612,283,6,2011|2012|2013|2014|2015|2016,b80d6e6d5fe9eaf74079477e0d286cb6f8eabcaa5a28af8b7d8723fbd54ba2b8,observation_time_proxy,historical data_available_time is unknown; observation_time is a pseudo-operational proxy,17.07392286111111,30,17.22979402777778,18.269997692592593,17.40325548935284,6,JJA
2017-06-20T00:00:00+00:00,2017-06-19,windermere,south,water_temperature,2.0,degC,month_1,2017-06-20,2017-07-19,17.81110871109639,17.404975388053238,0.7272329677735208,lead_dependent_anomaly_relaxation,1.0,True,0.5584638500184641,0.5584638500184641,292,6,2011|2012|2013|2014|2015|2016,6f0cf4a7b894ccdd8564f1499d9529d7280224ee89408eca5739b5cba943ab74,observation_time_proxy,historical data_available_time is unknown; observation_time is a pseudo-operational proxy,17.520449222222222,30,17.404975388053238,18.13220835582676,17.81110871109639,6,JJA
2017-06-20T00:00:00+00:00,2017-06-19,windermere,south,water_temperature,2.0,degC,month_2,2017-07-20,2017-08-18,18.441584631059257,18.235893366291887,0.7272329677735208,lead_dependent_anomaly_relaxation,1.0,True,0.28284095177520596,0.28284095177520596,288,6,2011|2012|2013|2014|2015|2016,ca5b78da3dc0859594e53c21e4c703ddf12121ad3de824537dd1f711431e16c6,observation_time_proxy,historical data_available_time is unknown; observation_time is a pseudo-operational proxy,17.647528569444443,30,18.235893366291887,18.963126334065407,18.441584631059257,6,JJA
2017-06-20T00:00:00+00:00,2017-06-19,windermere,south,water_temperature,2.0,degC,month_3,2017-08-19,2017-09-17,16.973302836514915,16.85203149537037,0.7272329677735208,lead_dependent_anomaly_relaxation,1.0,True,0.16675721057562612,0.16675721057562612,283,6,2011|2012|2013|2014|2015|2016,b80d6e6d5fe9eaf74079477e0d286cb6f8eabcaa5a28af8b7d8723fbd54ba2b8,observation_time_proxy,historical data_available_time is unknown; observation_time is a pseudo-operational proxy,16.7159315,30,16.85203149537037,17.57926446314389,16.973302836514915,6,JJA
2017-06-27T00:00:00+00:00,2017-06-26,windermere,south,water_temperature,2.0,degC,month_1,2017-06-27,2017-07-26,18.31220198678871,17.846178923547065,0.8344731055129859,lead_dependent_anomaly_relaxation,1.0,True,0.5584638500184641,0.5584638500184641,292,6,2011|2012|2013|2014|2015|2016,6f0cf4a7b894ccdd8564f1499d9529d7280224ee89408eca5739b5cba943ab74,observation_time_proxy,historical data_available_time is unknown; observation_time is a pseudo-operational proxy,17.626099902777778,30,17.846178923547065,18.68065202906005,18.31220198678871,6,JJA
2017-06-27T00:00:00+00:00,2017-06-26,windermere,south,water_temperature,2.0,degC,month_2,2017-07-27,2017-08-25,18.229470045480525,17.99344687808642,0.8344731055129859,lead_dependent_anomaly_relaxation,1.0,True,0.28284095177520596,0.28284095177520596,288,6,2011|2012|2013|2014|2015|2016,ca5b78da3dc0859594e53c21e4c703ddf12121ad3de824537dd1f711431e16c6,observation_time_proxy,historical data_available_time is unknown; observation_time is a pseudo-operational proxy,17.297463597222222,30,17.99344687808642,18.827919983599408,18.229470045480525,6,JJA
2017-06-27T00:00:00+00:00,2017-06-26,windermere,south,water_temperature,2.0,degC,month_3,2017-08-26,2017-09-24,16.54920615891894,16.41005175154321,0.8344731055129859,lead_dependent_anomaly_relaxation,1.0,True,0.16675721057562612,0.16675721057562612,283,6,2011|2012|2013|2014|2015|2016,b80d6e6d5fe9eaf74079477e0d286cb6f8eabcaa5a28af8b7d8723fbd54ba2b8,observation_time_proxy,historical data_available_time is unknown; observation_time is a pseudo-operational proxy,16.240090944444443,30,16.41005175154321,17.2445248570562,16.54920615891894,6,JJA
2017-07-04T00:00:00+00:00,2017-07-03,windermere,south,water_temperature,2.0,degC,month_1,2017-07-04,2017-08-02,18.231083584582027,18.18399682830897,0.0843147793209873,lead_dependent_anomaly_relaxation,1.0,True,0.5584638500184641,0.5584638500184641,292,6,2011|2012|2013|2014|2015|2016,6f0cf4a7b894ccdd8564f1499d9529d7280224ee89408eca5739b5cba943ab74,observation_time_proxy,historical data_available_time is unknown; observation_time is a pseudo-operational proxy,17.879691680555556,30,18.18399682830897,18.268311607629958,18.231083584582027,7,JJA
2017-07-04T00:00:00+00:00,2017-07-03,windermere,south,water_temperature,2.0,degC,month_2,2017-08-03,2017-09-01,17.669613088657613,17.64576541622575,0.0843147793209873,lead_dependent_anomaly_relaxation,1.0,True,0.28284095177520596,0.28284095177520596,288,6,2011|2012|2013|2014|2015|2016,ca5b78da3dc0859594e53c21e4c703ddf12121ad3de824537dd1f711431e16c6,observation_time_proxy,historical data_available_time is unknown; observation_time is a pseudo-operational proxy,17.206233722222223,30,17.64576541622575,17.730080195546737,17.669613088657613,7,JJA
2017-07-04T00:00:00+00:00,2017-07-03,windermere,south,water_temperature,2.0,degC,month_3,2017-09-02,2017-10-01,15.9161065711753,15.902046473765433,0.0843147793209873,lead_dependent_anomaly_relaxation,1.0,True,0.16675721057562612,0.16675721057562612,283,6,2011|2012|2013|2014|2015|2016,b80d6e6d5fe9eaf74079477e0d286cb6f8eabcaa5a28af8b7d8723fbd54ba2b8,observation_time_proxy,historical data_available_time is unknown; observation_time is a pseudo-operational proxy,15.700652736111111,30,15.902046473765433,15.98636125308642,15.9161065711753,7,JJA
2017-07-11T00:00:00+00:00,2017-07-10,windermere,south,water_temperature,2.0,degC,month_1,2017-07-11,2017-08-09,18.255761890585283,18.322764916406125,-0.11997737332259817,lead_dependent_anomaly_relaxation,1.0,True,0.5584638500184641,0.5584638500184641,292,6,2011|2012|2013|2014|2015|2016,6f0cf4a7b894ccdd8564f1499d9529d7280224ee89408eca5739b5cba943ab74,observation_time_proxy,historical data_available_time is unknown; observation_time is a pseudo-operational proxy,17.936421680555554,30,18.322764916406125,18.202787543083527,18.255761890585283,7,JJA
2017-07-11T00:00:00+00:00,2017-07-10,windermere,south,water_temperature,2.0,degC,month_2,2017-08-10,2017-09-08,17.291342338933006,17.32527685339506,-0.11997737332259817,lead_dependent_anomaly_relaxation,1.0,True,0.28284095177520596,0.28284095177520596,288,6,2011|2012|2013|2014|2015|2016,ca5b78da3dc0859594e53c21e4c703ddf12121ad3de824537dd1f711431e16c6,observation_time_proxy,historical data_available_time is unknown; observation_time is a pseudo-operational proxy,17.13283158333333,30,17.32527685339506,17.205299480072462,17.291342338933006,7,JJA
2017-07-11T00:00:00+00:00,2017-07-10,windermere,south,water_temperature,2.0,degC,month_3,2017-09-09,2017-10-08,15.296713346164138,15.316720438271604,-0.11997737332259817,lead_dependent_anomaly_relaxation,1.0,True,0.16675721057562612,0.16675721057562612,283,6,2011|2012|2013|2014|2015|2016,b80d6e6d5fe9eaf74079477e0d286cb6f8eabcaa5a28af8b7d8723fbd54ba2b8,observation_time_proxy,historical data_available_time is unknown; observation_time is a pseudo-operational proxy,14.997191472222223,30,15.316720438271604,15.196743064949006,15.296713346164138,7,JJA
2017-07-18T00:00:00+00:00,2017-07-17,windermere,south,water_temperature,2.0,degC,month_1,2017-07-18,2017-08-16,18.292734434198287,18.256542968474427,0.06480538663812041,lead_dependent_anomaly_relaxation,1.0,True,0.5584638500184641,0.5584638500184641,292,6,2011|2012|2013|2014|2015|2016,6f0cf4a7b894ccdd8564f1499d9529d7280224ee89408eca5739b5cba943ab74,observation_time_proxy,historical data_available_time is unknown; observation_time is a pseudo-operational proxy,17.78753638888889,30,18.256542968474427,18.321348355112548,18.292734434198287,7,JJA
2017-07-18T00:00:00+00:00,2017-07-17,windermere,south,water_temperature,2.0,degC,month_2,2017-08-17,2017-09-15,16.98909716970602,16.970767552469134,0.06480538663812041,lead_dependent_anomaly_relaxation,1.0,True,0.28284095177520596,0.28284095177520596,288,6,2011|2012|2013|2014|2015|2016,ca5b78da3dc0859594e53c21e4c703ddf12121ad3de824537dd1f711431e16c6,observation_time_proxy,historical data_available_time is unknown; observation_time is a pseudo-operational proxy,16.835168055555556,30,16.970767552469134,17.035572939107254,16.98909716970602,7,JJA
2017-07-18T00:00:00+00:00,2017-07-17,windermere,south,water_temperature,2.0,degC,month_3,2017-09-16,2017-10-15,14.672180674456666,14.661373908950617,0.06480538663812041,lead_dependent_anomaly_relaxation,1.0,True,0.16675721057562612,0.16675721057562612,283,6,2011|2012|2013|2014|2015|2016,b80d6e6d5fe9eaf74079477e0d286cb6f8eabcaa5a28af8b7d8723fbd54ba2b8,observation_time_proxy,historical data_available_time is unknown; observation_time is a pseudo-operational proxy,14.387112333333333,30,14.661373908950617,14.726179295588738,14.672180674456666,7,JJA
2017-07-25T00:00:00+00:00,2017-07-24,windermere,south,water_temperature,2.0,degC,month_1,2017-07-25,2017-08-23,17.990212565436543,18.079280374338623,-0.15948715194212681,lead_dependent_anomaly_relaxation,1.0,True,0.5584638500184641,0.5584638500184641,292,6,2011|2012|2013|2014|2015|2016,6f0cf4a7b894ccdd8564f1499d9529d7280224ee89408eca5739b5cba943ab74,observation_time_proxy,historical data_available_time is unknown; observation_time is a pseudo-operational proxy,17.385755902777777,30,18.079280374338623,17.919793222396496,17.990212565436543,7,JJA
2017-07-25T00:00:00+00:00,2017-07-24,windermere,south,water_temperature,2.0,degC,month_2,2017-08-24,2017-09-22,16.510016358630253,16.55512585648148,-0.15948715194212681,lead_dependent_anomaly_relaxation,1.0,True,0.28284095177520596,0.28284095177520596,288,6,2011|2012|2013|2014|2015|2016,ca5b78da3dc0859594e53c21e4c703ddf12121ad3de824537dd1f711431e16c6,observation_time_proxy,historical data_available_time is unknown; observation_time is a pseudo-operational proxy,16.386656194444445,30,16.55512585648148,16.395638704539355,16.510016358630253,7,JJA
2017-07-25T00:00:00+00:00,2017-07-24,windermere,south,water_temperature,2.0,degC,month_3,2017-09-23,2017-10-22,13.947461111246641,13.97405674382716,-0.15948715194212681,lead_dependent_anomaly_relaxation,1.0,True,0.16675721057562612,0.16675721057562612,283,6,2011|2012|2013|2014|2015|2016,b80d6e6d5fe9eaf74079477e0d286cb6f8eabcaa5a28af8b7d8723fbd54ba2b8,observation_time_proxy,historical data_available_time is unknown; observation_time is a pseudo-operational proxy,13.82329513888889,30,13.97405674382716,13.814569591885034,13.947461111246641,7,JJA
2017-08-01T00:00:00+00:00,2017-07-31,windermere,south,water_temperature,2.0,degC,month_1,2017-08-01,2017-08-30,17.559257699851536,17.737668845238094,-0.3194676707913331,lead_dependent_anomaly_relaxation,1.0,True,0.5584638500184641,0.5584638500184641,292,6,2011|2012|2013|2014|2015|2016,6f0cf4a7b894ccdd8564f1499d9529d7280224ee89408eca5739b5cba943ab74,observation_time_proxy,historical data_available_time is unknown; observation_time is a pseudo-operational proxy,17.22055288888889,30,17.737668845238094,17.41820117444676,17.559257699851536,8,JJA
2017-08-01T00:00:00+00:00,2017-07-31,windermere,south,water_temperature,2.0,degC,month_2,2017-08-31,2017-09-29,15.953422909006045,16.043781449074075,-0.3194676707913331,lead_dependent_anomaly_relaxation,1.0,True,0.28284095177520596,0.28284095177520596,288,6,2011|2012|2013|2014|2015|2016,ca5b78da3dc0859594e53c21e4c703ddf12121ad3de824537dd1f711431e16c6,observation_time_proxy,historical data_available_time is unknown; observation_time is a pseudo-operational proxy,15.875931111111111,30,16.043781449074075,15.724313778282742,15.953422909006045,8,JJA
2017-08-01T00:00:00+00:00,2017-07-31,windermere,south,water_temperature,2.0,degC,month_3,2017-09-30,2017-10-29,13.19695875710283,13.250232294753086,-0.3194676707913331,lead_dependent_anomaly_relaxation,1.0,True,0.16675721057562612,0.16675721057562612,283,6,2011|2012|2013|2014|2015|2016,b80d6e6d5fe9eaf74079477e0d286cb6f8eabcaa5a28af8b7d8723fbd54ba2b8,observation_time_proxy,historical data_available_time is unknown; observation_time is a pseudo-operational proxy,13.208310138888889,30,13.250232294753086,12.930764623961753,13.19695875710283,8,JJA
2017-08-08T00:00:00+00:00,2017-08-07,windermere,south,water_temperature,2.0,degC,month_1,2017-08-08,2017-09-06,17.22728376397372,17.426506353395062,-0.3567331876803763,lead_dependent_anomaly_relaxation,1.0,True,0.5584638500184641,0.5584638500184641,292,6,2011|2012|2013|2014|2015|2016,6f0cf4a7b894ccdd8564f1499d9529d7280224ee89408eca5739b5cba943ab74,observation_time_proxy,historical data_available_time is unknown; observation_time is a pseudo-operational proxy,17.169502291666667,30,17.426506353395062,17.069773165714686,17.22728376397372,8,JJA
2017-08-08T00:00:00+00:00,2017-08-07,windermere,south,water_temperature,2.0,degC,month_2,2017-09-07,2017-10-06,15.388867068197543,15.489765822530863,-0.3567331876803763,lead_dependent_anomaly_relaxation,1.0,True,0.28284095177520596,0.28284095177520596,288,6,2011|2012|2013|2014|2015|2016,ca5b78da3dc0859594e53c21e4c703ddf12121ad3de824537dd1f711431e16c6,observation_time_proxy,historical data_available_time is unknown; observation_time is a pseudo-operational proxy,15.193409875,30,15.489765822530863,15.133032634850487,15.388867068197543,8,JJA
2017-08-08T00:00:00+00:00,2017-08-07,windermere,south,water_temperature,2.0,degC,month_3,2017-10-07,2017-11-05,12.450380960268692,12.509868791566022,-0.3567331876803763,lead_dependent_anomaly_relaxation,1.0,True,0.16675721057562612,0.16675721057562612,283,6,2011|2012|2013|2014|2015|2016,b80d6e6d5fe9eaf74079477e0d286cb6f8eabcaa5a28af8b7d8723fbd54ba2b8,observation_time_proxy,historical data_available_time is unknown; observation_time is a pseudo-operational proxy,12.650998333333334,30,12.509868791566022,12.153135603885646,12.450380960268692,8,JJA
2017-08-15T00:00:00+00:00,2017-08-14,windermere,south,water_temperature,2.0,degC,month_1,2017-08-15,2017-09-13,16.849916000924722,17.07915636728395,-0.4104838054453275,lead_dependent_anomaly_relaxation,1.0,True,0.5584638500184641,0.5584638500184641,292,6,2011|2012|2013|2014|2015|2016,6f0cf4a7b894ccdd8564f1499d9529d7280224ee89408eca5739b5cba943ab74,observation_time_proxy,historical data_available_time is unknown; observation_time is a pseudo-operational proxy,16.936179208333332,30,17.07915636728395,16.668672561838623,16.849916000924722,8,JJA
2017-08-15T00:00:00+00:00,2017-08-14,windermere,south,water_temperature,2.0,degC,month_2,2017-09-14,2017-10-13,14.73821506422398,14.854316694444444,-0.4104838054453275,lead_dependent_anomaly_relaxation,1.0,True,0.28284095177520596,0.28284095177520596,288,6,2011|2012|2013|2014|2015|2016,ca5b78da3dc0859594e53c21e4c703ddf12121ad3de824537dd1f711431e16c6,observation_time_proxy,historical data_available_time is unknown; observation_time is a pseudo-operational proxy,14.547660680555556,30,14.854316694444444,14.443832888999117,14.73821506422398,8,JJA
2017-08-15T00:00:00+00:00,2017-08-14,windermere,south,water_temperature,2.0,degC,month_3,2017-10-14,2017-11-12,11.68712757894275,11.755578713325281,-0.4104838054453275,lead_dependent_anomaly_relaxation,1.0,True,0.16675721057562612,0.16675721057562612,283,6,2011|2012|2013|2014|2015|2016,b80d6e6d5fe9eaf74079477e0d286cb6f8eabcaa5a28af8b7d8723fbd54ba2b8,observation_time_proxy,historical data_available_time is unknown; observation_time is a pseudo-operational proxy,12.108012444444444,30,11.755578713325281,11.345094907879954,11.68712757894275,8,JJA
2017-08-22T00:00:00+00:00,2017-08-21,windermere,south,water_temperature,2.0,degC,month_1,2017-08-22,2017-09-20,16.299705012609486,16.680465686728393,-0.6818000379188689,lead_dependent_anomaly_relaxation,1.0,True,0.5584638500184641,0.5584638500184641,292,6,2011|2012|2013|2014|2015|2016,6f0cf4a7b894ccdd8564f1499d9529d7280224ee89408eca5739b5cba943ab74,observation_time_proxy,historical data_available_time is unknown; observation_time is a pseudo-operational proxy,16.542789819444444,30,16.680465686728393,15.998665648809524,16.299705012609486,8,JJA
2017-08-22T00:00:00+00:00,2017-08-21,windermere,south,water_temperature,2.0,degC,month_2,2017-09-21,2017-10-20,13.98398410242873,14.176825074074074,-0.6818000379188689,lead_dependent_anomaly_relaxation,1.0,True,0.28284095177520596,0.28284095177520596,288,6,2011|2012|2013|2014|2015|2016,ca5b78da3dc0859594e53c21e4c703ddf12121ad3de824537dd1f711431e16c6,observation_time_proxy,historical data_available_time is unknown; observation_time is a pseudo-operational proxy,13.986778722222223,30,14.176825074074074,13.495025036155205,13.98398410242873,8,JJA
2017-08-22T00:00:00+00:00,2017-08-21,windermere,south,water_temperature,2.0,degC,month_3,2017-10-21,2017-11-19,10.915692778177254,11.029387850670961,-0.6818000379188689,lead_dependent_anomaly_relaxation,1.0,True,0.16675721057562612,0.16675721057562612,283,6,2011|2012|2013|2014|2015|2016,b80d6e6d5fe9eaf74079477e0d286cb6f8eabcaa5a28af8b7d8723fbd54ba2b8,observation_time_proxy,historical data_available_time is unknown; observation_time is a pseudo-operational proxy,11.491671194444445,30,11.029387850670961,10.347587812752092,10.915692778177254,8,JJA
2017-08-29T00:00:00+00:00,2017-08-28,windermere,south,water_temperature,2.0,degC,month_1,2017-08-29,2017-09-27,15.855871362630998,16.185540638888888,-0.5903144424603148,lead_dependent_anomaly_relaxation,1.0,True,0.5584638500184641,0.5584638500184641,292,6,2011|2012|2013|2014|2015|2016,6f0cf4a7b894ccdd8564f1499d9529d7280224ee89408eca5739b5cba943ab74,observation_time_proxy,historical data_available_time is unknown; observation_time is a pseudo-operational proxy,16.01954325,30,16.185540638888888,15.595226196428573,15.855871362630998,8,JJA
2017-08-29T00:00:00+00:00,2017-08-28,windermere,south,water_temperature,2.0,degC,month_2,2017-09-28,2017-10-27,13.294398674396023,13.461363773148149,-0.5903144424603148,lead_dependent_anomaly_relaxation,1.0,True,0.28284095177520596,0.28284095177520596,288,6,2011|2012|2013|2014|2015|2016,ca5b78da3dc0859594e53c21e4c703ddf12121ad3de824537dd1f711431e16c6,observation_time_proxy,historical data_available_time is unknown; observation_time is a pseudo-operational proxy,13.393674097222222,30,13.461363773148149,12.871049330687834,13.294398674396023,8,JJA
2017-08-29T00:00:00+00:00,2017-08-28,windermere,south,water_temperature,2.0,degC,month_3,2017-10-28,2017-11-26,10.247484204556613,10.345923394343801,-0.5903144424603148,lead_dependent_anomaly_relaxation,1.0,True,0.16675721057562612,0.16675721057562612,283,6,2011|2012|2013|2014|2015|2016,b80d6e6d5fe9eaf74079477e0d286cb6f8eabcaa5a28af8b7d8723fbd54ba2b8,observation_time_proxy,historical data_available_time is unknown; observation_time is a pseudo-operational proxy,10.874771958333334,30,10.345923394343801,9.755608951883486,10.247484204556613,8,JJA
2017-09-05T00:00:00+00:00,2017-09-04,windermere,south,water_temperature,2.0,degC,month_1,2017-09-05,2017-10-04,15.47920854171525,15.663230925925927,-0.32951530202822,lead_dependent_anomaly_relaxation,1.0,True,0.5584638500184641,0.5584638500184641,292,6,2011|2012|2013|2014|2015|2016,6f0cf4a7b894ccdd8564f1499d9529d7280224ee89408eca5739b5cba943ab74,observation_time_proxy,historical data_available_time is unknown; observation_time is a pseudo-operational proxy,15.400415986111112,30,15.663230925925927,15.333715623897707,15.47920854171525,9,SON
2017-09-05T00:00:00+00:00,2017-09-04,windermere,south,water_temperature,2.0,degC,month_2,2017-10-05,2017-11-03,12.624925852168953,12.71812627381911,-0.32951530202822,lead_dependent_anomaly_relaxation,1.0,True,0.28284095177520596,0.28284095177520596,288,6,2011|2012|2013|2014|2015|2016,ca5b78da3dc0859594e53c21e4c703ddf12121ad3de824537dd1f711431e16c6,observation_time_proxy,historical data_available_time is unknown; observation_time is a pseudo-operational proxy,12.793438333333333,30,12.71812627381911,12.38861097179089,12.624925852168953,9,SON
2017-09-05T00:00:00+00:00,2017-09-04,windermere,south,water_temperature,2.0,degC,month_3,2017-11-04,2017-12-03,9.587094416480623,9.642043469088835,-0.32951530202822,lead_dependent_anomaly_relaxation,1.0,True,0.16675721057562612,0.16675721057562612,283,6,2011|2012|2013|2014|2015|2016,b80d6e6d5fe9eaf74079477e0d286cb6f8eabcaa5a28af8b7d8723fbd54ba2b8,observation_time_proxy,historical data_available_time is unknown; observation_time is a pseudo-operational proxy,10.13874348611111,30,9.642043469088835,9.312528167060615,9.587094416480623,9,SON
2017-09-12T00:00:00+00:00,2017-09-11,windermere,south,water_temperature,2.0,degC,month_1,2017-09-12,2017-10-11,14.964272362242653,15.043430401234568,-0.14174245833333288,lead_dependent_anomaly_relaxation,1.0,True,0.5584638500184641,0.5584638500184641,292,6,2011|2012|2013|2014|2015|2016,6f0cf4a7b894ccdd8564f1499d9529d7280224ee89408eca5739b5cba943ab74,observation_time_proxy,historical data_available_time is unknown; observation_time is a pseudo-operational proxy,14.717835791666667,30,15.043430401234568,14.901687942901235,14.964272362242653,9,SON
2017-09-12T00:00:00+00:00,2017-09-11,windermere,south,water_temperature,2.0,degC,month_2,2017-10-12,2017-11-10,11.931244056009497,11.971334627831455,-0.14174245833333288,lead_dependent_anomaly_relaxation,1.0,True,0.28284095177520596,0.28284095177520596,288,6,2011|2012|2013|2014|2015|2016,ca5b78da3dc0859594e53c21e4c703ddf12121ad3de824537dd1f711431e16c6,observation_time_proxy,historical data_available_time is unknown; observation_time is a pseudo-operational proxy,12.271027930555556,30,11.971334627831455,11.829592169498122,11.931244056009497,9,SON
2017-09-12T00:00:00+00:00,2017-09-11,windermere,south,water_temperature,2.0,degC,month_3,2017-11-11,2017-12-10,8.922238750604691,8.94587532757649,-0.14174245833333288,lead_dependent_anomaly_relaxation,1.0,True,0.16675721057562612,0.16675721057562612,283,6,2011|2012|2013|2014|2015|2016,b80d6e6d5fe9eaf74079477e0d286cb6f8eabcaa5a28af8b7d8723fbd54ba2b8,observation_time_proxy,historical data_available_time is unknown; observation_time is a pseudo-operational proxy,9.350451402777777,30,8.94587532757649,8.804132869243157,8.922238750604691,9,SON
2017-09-19T00:00:00+00:00,2017-09-18,windermere,south,water_temperature,2.0,degC,month_1,2017-09-19,2017-10-18,14.300036407309529,14.37435037654321,-0.1330685401234568,lead_dependent_anomaly_relaxation,1.0,True,0.5584638500184641,0.5584638500184641,292,6,2011|2012|2013|2014|2015|2016,6f0cf4a7b894ccdd8564f1499d9529d7280224ee89408eca5739b5cba943ab74,observation_time_proxy,historical data_available_time is unknown; observation_time is a pseudo-operational proxy,14.147747055555556,30,14.37435037654321,14.241281836419754,14.300036407309529,9,SON
2017-09-19T00:00:00+00:00,2017-09-18,windermere,south,water_temperature,2.0,degC,month_2,2017-10-19,2017-11-17,11.194284041742216,11.231921274282072,-0.1330685401234568,lead_dependent_anomaly_relaxation,1.0,True,0.28284095177520596,0.28284095177520596,288,6,2011|2012|2013|2014|2015|2016,ca5b78da3dc0859594e53c21e4c703ddf12121ad3de824537dd1f711431e16c6,observation_time_proxy,historical data_available_time is unknown; observation_time is a pseudo-operational proxy,11.675968152777777,30,11.231921274282072,11.098852734158616,11.194284041742216,9,SON
2017-09-19T00:00:00+00:00,2017-09-18,windermere,south,water_temperature,2.0,degC,month_3,2017-11-18,2017-12-17,8.259475509071859,8.281665647638217,-0.1330685401234568,lead_dependent_anomaly_relaxation,1.0,True,0.16675721057562612,0.16675721057562612,283,6,2011|2012|2013|2014|2015|2016,b80d6e6d5fe9eaf74079477e0d286cb6f8eabcaa5a28af8b7d8723fbd54ba2b8,observation_time_proxy,historical data_available_time is unknown; observation_time is a pseudo-operational proxy,8.54313513888889,30,8.281665647638217,8.14859710751476,8.259475509071859,9,SON
2017-09-26T00:00:00+00:00,2017-09-25,windermere,south,water_temperature,2.0,degC,month_1,2017-09-26,2017-10-25,13.57261680186649,13.668154549382717,-0.17107239351852144,lead_dependent_anomaly_relaxation,1.0,True,0.5584638500184641,0.5584638500184641,292,6,2011|2012|2013|2014|2015|2016,6f0cf4a7b894ccdd8564f1499d9529d7280224ee89408eca5739b5cba943ab74,observation_time_proxy,historical data_available_time is unknown; observation_time is a pseudo-operational proxy,13.574931319444444,30,13.668154549382717,13.497082155864195,13.57261680186649,9,SON
2017-09-26T00:00:00+00:00,2017-09-25,windermere,south,water_temperature,2.0,degC,month_2,2017-10-26,2017-11-24,10.489795519287942,10.538181797893182,-0.17107239351852144,lead_dependent_anomaly_relaxation,1.0,True,0.28284095177520596,0.28284095177520596,288,6,2011|2012|2013|2014|2015|2016,ca5b78da3dc0859594e53c21e4c703ddf12121ad3de824537dd1f711431e16c6,observation_time_proxy,historical data_available_time is unknown; observation_time is a pseudo-operational proxy,11.062483916666666,30,10.538181797893182,10.367109404374661,10.489795519287942,9,SON
2017-09-26T00:00:00+00:00,2017-09-25,windermere,south,water_temperature,2.0,degC,month_3,2017-11-25,2017-12-24,7.631854148815734,7.6603817039653785,-0.17107239351852144,lead_dependent_anomaly_relaxation,1.0,True,0.16675721057562612,0.16675721057562612,283,6,2011|2012|2013|2014|2015|2016,b80d6e6d5fe9eaf74079477e0d286cb6f8eabcaa5a28af8b7d8723fbd54ba2b8,observation_time_proxy,historical data_available_time is unknown; observation_time is a pseudo-operational proxy,7.777244152777778,30,7.6603817039653785,7.489309310446857,7.631854148815734,9,SON
2017-10-03T00:00:00+00:00,2017-10-02,windermere,south,water_temperature,2.0,degC,month_1,2017-10-03,2017-11-01,12.79812789273979,12.925503810856146,-0.22808265586419552,lead_dependent_anomaly_relaxation,1.0,True,0.5584638500184641,0.5584638500184641,292,6,2011|2012|2013|2014|2015|2016,6f0cf4a7b894ccdd8564f1499d9529d7280224ee89408eca5739b5cba943ab74,observation_time_proxy,historical data_available_time is unknown; observation_time is a pseudo-operational proxy,12.945572347222223,30,12.925503810856146,12.69742115499195,12.79812789273979,10,SON
2017-10-03T00:00:00+00:00,2017-10-02,windermere,south,water_temperature,2.0,degC,month_2,2017-11-02,2017-12-01,9.782056190704793,9.846567306172838,-0.22808265586419552,lead_dependent_anomaly_relaxation,1.0,True,0.28284095177520596,0.28284095177520596,288,6,2011|2012|2013|2014|2015|2016,ca5b78da3dc0859594e53c21e4c703ddf12121ad3de824537dd1f711431e16c6,observation_time_proxy,historical data_available_time is unknown; observation_time is a pseudo-operational proxy,10.360631027777778,30,9.846567306172838,9.618484650308643,9.782056190704793,10,SON
2017-10-03T00:00:00+00:00,2017-10-02,windermere,south,water_temperature,2.0,degC,month_3,2017-12-02,2017-12-31,7.086349327499226,7.12438375497182,-0.22808265586419552,lead_dependent_anomaly_relaxation,1.0,True,0.16675721057562612,0.16675721057562612,283,6,2011|2012|2013|2014|2015|2016,b80d6e6d5fe9eaf74079477e0d286cb6f8eabcaa5a28af8b7d8723fbd54ba2b8,observation_time_proxy,historical data_available_time is unknown; observation_time is a pseudo-operational proxy,7.1635971666666665,30,7.12438375497182,6.896301099107625,7.086349327499226,10,SON
2017-10-10T00:00:00+00:00,2017-10-09,windermere,south,water_temperature,2.0,degC,month_1,2017-10-10,2017-11-08,12.004997126711283,12.186541923356145,-0.32507886882716086,lead_dependent_anomaly_relaxation,1.0,True,0.5584638500184641,0.5584638500184641,292,6,2011|2012|2013|2014|2015|2016,6f0cf4a7b894ccdd8564f1499d9529d7280224ee89408eca5739b5cba943ab74,observation_time_proxy,historical data_available_time is unknown; observation_time is a pseudo-operational proxy,12.429538388888888,30,12.186541923356145,11.861463054528985,12.004997126711283,10,SON
2017-10-10T00:00:00+00:00,2017-10-09,windermere,south,water_temperature,2.0,degC,month_2,2017-11-09,2017-12-08,9.047503047952445,9.139448664613527,-0.32507886882716086,lead_dependent_anomaly_relaxation,1.0,True,0.28284095177520596,0.28284095177520596,288,6,2011|2012|2013|2014|2015|2016,ca5b78da3dc0859594e53c21e4c703ddf12121ad3de824537dd1f711431e16c6,observation_time_proxy,historical data_available_time is unknown; observation_time is a pseudo-operational proxy,9.573739930555556,30,9.139448664613527,8.814369795786366,9.047503047952445,10,SON
2017-10-10T00:00:00+00:00,2017-10-09,windermere,south,water_temperature,2.0,degC,month_3,2017-12-09,2018-01-07,6.558860834946409,6.6130700803291065,-0.32507886882716086,lead_dependent_anomaly_relaxation,1.0,True,0.16675721057562612,0.16675721057562612,283,6,2011|2012|2013|2014|2015|2016,b80d6e6d5fe9eaf74079477e0d286cb6f8eabcaa5a28af8b7d8723fbd54ba2b8,observation_time_proxy,historical data_available_time is unknown; observation_time is a pseudo-operational proxy,6.661803930555555,30,6.6130700803291065,6.287991211501946,6.558860834946409,10,SON
2017-10-17T00:00:00+00:00,2017-10-16,windermere,south,water_temperature,2.0,degC,month_1,2017-10-17,2017-11-15,11.295221628520455,11.437394571195652,-0.2545785956790141,lead_dependent_anomaly_relaxation,1.0,True,0.5584638500184641,0.5584638500184641,292,6,2011|2012|2013|2014|2015|2016,6f0cf4a7b894ccdd8564f1499d9529d7280224ee89408eca5739b5cba943ab74,observation_time_proxy,historical data_available_time is unknown; observation_time is a pseudo-operational proxy,11.844482305555555,30,11.437394571195652,11.182815975516638,11.295221628520455,10,SON
2017-10-17T00:00:00+00:00,2017-10-16,windermere,south,water_temperature,2.0,degC,month_2,2017-11-16,2017-12-15,8.397011120952053,8.469016373255501,-0.2545785956790141,lead_dependent_anomaly_relaxation,1.0,True,0.28284095177520596,0.28284095177520596,288,6,2011|2012|2013|2014|2015|2016,ca5b78da3dc0859594e53c21e4c703ddf12121ad3de824537dd1f711431e16c6,observation_time_proxy,historical data_available_time is unknown; observation_time is a pseudo-operational proxy,8.782041555555555,30,8.469016373255501,8.214437777576487,8.397011120952053,10,SON
2017-10-17T00:00:00+00:00,2017-10-16,windermere,south,water_temperature,2.0,degC,month_3,2017-12-16,2018-01-14,6.193944187278914,6.236397003766607,-0.2545785956790141,lead_dependent_anomaly_relaxation,1.0,True,0.16675721057562612,0.16675721057562612,283,6,2011|2012|2013|2014|2015|2016,b80d6e6d5fe9eaf74079477e0d286cb6f8eabcaa5a28af8b7d8723fbd54ba2b8,observation_time_proxy,historical data_available_time is unknown; observation_time is a pseudo-operational proxy,6.268409930555555,30,6.236397003766607,5.981818408087593,6.193944187278914,10,SON
2017-10-24T00:00:00+00:00,2017-10-23,windermere,south,water_temperature,2.0,degC,month_1,2017-10-24,2017-11-22,10.661968956137548,10.733836128911701,-0.12868724228395045,lead_dependent_anomaly_relaxation,1.0,True,0.5584638500184641,0.5584638500184641,292,6,2011|2012|2013|2014|2015|2016,6f0cf4a7b894ccdd8564f1499d9529d7280224ee89408eca5739b5cba943ab74,observation_time_proxy,historical data_available_time is unknown; observation_time is a pseudo-operational proxy,11.238661597222222,30,10.733836128911701,10.60514888662775,10.661968956137548,10,SON
2017-10-24T00:00:00+00:00,2017-10-23,windermere,south,water_temperature,2.0,degC,month_2,2017-11-23,2017-12-22,7.795563400240657,7.831961422329576,-0.12868724228395045,lead_dependent_anomaly_relaxation,1.0,True,0.28284095177520596,0.28284095177520596,288,6,2011|2012|2013|2014|2015|2016,ca5b78da3dc0859594e53c21e4c703ddf12121ad3de824537dd1f711431e16c6,observation_time_proxy,historical data_available_time is unknown; observation_time is a pseudo-operational proxy,7.985491625,30,7.831961422329576,7.703274180045626,7.795563400240657,10,SON
2017-10-24T00:00:00+00:00,2017-10-23,windermere,south,water_temperature,2.0,degC,month_3,2017-12-23,2018-01-21,5.887049283923431,5.908508809483372,-0.12868724228395045,lead_dependent_anomaly_relaxation,1.0,True,0.16675721057562612,0.16675721057562612,283,6,2011|2012|2013|2014|2015|2016,b80d6e6d5fe9eaf74079477e0d286cb6f8eabcaa5a28af8b7d8723fbd54ba2b8,observation_time_proxy,historical data_available_time is unknown; observation_time is a pseudo-operational proxy,5.936489083333333,30,5.908508809483372,5.779821567199422,5.887049283923431,10,SON
2017-10-31T00:00:00+00:00,2017-10-30,windermere,south,water_temperature,2.0,degC,month_1,2017-10-31,2017-11-29,10.035240108448319,10.048600857924047,-0.02392410802469236,lead_dependent_anomaly_relaxation,1.0,True,0.5584638500184641,0.5584638500184641,292,6,2011|2012|2013|2014|2015|2016,6f0cf4a7b894ccdd8564f1499d9529d7280224ee89408eca5739b5cba943ab74,observation_time_proxy,historical data_available_time is unknown; observation_time is a pseudo-operational proxy,10.577200388888889,30,10.048600857924047,10.024676749899355,10.035240108448319,10,SON
2017-10-31T00:00:00+00:00,2017-10-30,windermere,south,water_temperature,2.0,degC,month_2,2017-11-30,2017-12-29,7.261520820740562,7.268287538224638,-0.02392410802469236,lead_dependent_anomaly_relaxation,1.0,True,0.28284095177520596,0.28284095177520596,288,6,2011|2012|2013|2014|2015|2016,ca5b78da3dc0859594e53c21e4c703ddf12121ad3de824537dd1f711431e16c6,observation_time_proxy,historical data_available_time is unknown; observation_time is a pseudo-operational proxy,7.319696722222222,30,7.268287538224638,7.244363430199946,7.261520820740562,10,SON
2017-10-31T00:00:00+00:00,2017-10-30,windermere,south,water_temperature,2.0,degC,month_3,2017-12-30,2018-01-28,5.596042938776661,5.600032456296368,-0.02392410802469236,lead_dependent_anomaly_relaxation,1.0,True,0.16675721057562612,0.16675721057562612,283,6,2011|2012|2013|2014|2015|2016,b80d6e6d5fe9eaf74079477e0d286cb6f8eabcaa5a28af8b7d8723fbd54ba2b8,observation_time_proxy,historical data_available_time is unknown; observation_time is a pseudo-operational proxy,5.573348819444444,30,5.600032456296368,5.576108348271676,5.596042938776661,10,SON
2017-11-07T00:00:00+00:00,2017-11-06,windermere,south,water_temperature,2.0,degC,month_1,2017-11-07,2017-12-06,9.436453959743016,9.337300048255502,0.17754759145866927,lead_dependent_anomaly_relaxation,1.0,True,0.5584638500184641,0.5584638500184641,292,6,2011|2012|2013|2014|2015|2016,6f0cf4a7b894ccdd8564f1499d9529d7280224ee89408eca5739b5cba943ab74,observation_time_proxy,historical data_available_time is unknown; observation_time is a pseudo-operational proxy,9.797365361111112,30,9.337300048255502,9.514847639714171,9.436453959743016,11,SON
2017-11-07T00:00:00+00:00,2017-11-06,windermere,south,water_temperature,2.0,degC,month_2,2017-12-07,2018-01-05,6.78711363959656,6.736895909842995,0.17754759145866927,lead_dependent_anomaly_relaxation,1.0,True,0.28284095177520596,0.28284095177520596,288,6,2011|2012|2013|2014|2015|2016,ca5b78da3dc0859594e53c21e4c703ddf12121ad3de824537dd1f711431e16c6,observation_time_proxy,historical data_available_time is unknown; observation_time is a pseudo-operational proxy,6.798697430555555,30,6.736895909842995,6.9144435013016645,6.78711363959656,11,SON
2017-11-07T00:00:00+00:00,2017-11-06,windermere,south,water_temperature,2.0,degC,month_3,2018-01-06,2018-02-04,5.372011873966438,5.34240453287037,0.17754759145866927,lead_dependent_anomaly_relaxation,1.0,True,0.16675721057562612,0.16675721057562612,283,6,2011|2012|2013|2014|2015|2016,b80d6e6d5fe9eaf74079477e0d286cb6f8eabcaa5a28af8b7d8723fbd54ba2b8,observation_time_proxy,historical data_available_time is unknown; observation_time is a pseudo-operational proxy,5.343649680555556,30,5.34240453287037,5.5199521243290395,5.372011873966438,11,SON
2017-11-14T00:00:00+00:00,2017-11-13,windermere,south,water_temperature,2.0,degC,month_1,2017-11-14,2017-12-13,8.866611385615172,8.659223801804885,0.37135364053274245,lead_dependent_anomaly_relaxation,1.0,True,0.5584638500184641,0.5584638500184641,292,6,2011|2012|2013|2014|2015|2016,6f0cf4a7b894ccdd8564f1499d9529d7280224ee89408eca5739b5cba943ab74,observation_time_proxy,historical data_available_time is unknown; observation_time is a pseudo-operational proxy,9.014993430555556,30,8.659223801804885,9.030577442337627,8.866611385615172,11,SON
2017-11-14T00:00:00+00:00,2017-11-13,windermere,south,water_temperature,2.0,degC,month_2,2017-12-14,2018-01-12,6.43941301221952,6.334378995086051,0.37135364053274245,lead_dependent_anomaly_relaxation,1.0,True,0.28284095177520596,0.28284095177520596,288,6,2011|2012|2013|2014|2015|2016,ca5b78da3dc0859594e53c21e4c703ddf12121ad3de824537dd1f711431e16c6,observation_time_proxy,historical data_available_time is unknown; observation_time is a pseudo-operational proxy,6.365477680555555,30,6.334378995086051,6.705732635618793,6.43941301221952,11,SON
2017-11-14T00:00:00+00:00,2017-11-13,windermere,south,water_temperature,2.0,degC,month_3,2018-01-13,2018-02-11,5.187797199734549,5.125871302502205,0.37135364053274245,lead_dependent_anomaly_relaxation,1.0,True,0.16675721057562612,0.16675721057562612,283,6,2011|2012|2013|2014|2015|2016,b80d6e6d5fe9eaf74079477e0d286cb6f8eabcaa5a28af8b7d8723fbd54ba2b8,observation_time_proxy,historical data_available_time is unknown; observation_time is a pseudo-operational proxy,5.136376430555556,30,5.125871302502205,5.497224943034947,5.187797199734549,11,SON
2017-11-21T00:00:00+00:00,2017-11-20,windermere,south,water_temperature,2.0,degC,month_1,2017-11-21,2017-12-20,8.27330385267567,8.008892816156736,0.47346132880434766,lead_dependent_anomaly_relaxation,1.0,True,0.5584638500184641,0.5584638500184641,292,6,2011|2012|2013|2014|2015|2016,6f0cf4a7b894ccdd8564f1499d9529d7280224ee89408eca5739b5cba943ab74,observation_time_proxy,historical data_available_time is unknown; observation_time is a pseudo-operational proxy,8.205828208333333,30,8.008892816156736,8.482354144961084,8.27330385267567,11,SON
2017-11-21T00:00:00+00:00,2017-11-20,windermere,south,water_temperature,2.0,degC,month_2,2017-12-21,2018-01-19,6.137990088194401,6.004075835326626,0.47346132880434766,lead_dependent_anomaly_relaxation,1.0,True,0.28284095177520596,0.28284095177520596,288,6,2011|2012|2013|2014|2015|2016,ca5b78da3dc0859594e53c21e4c703ddf12121ad3de824537dd1f711431e16c6,observation_time_proxy,historical data_available_time is unknown; observation_time is a pseudo-operational proxy,6.044954402777778,30,6.004075835326626,6.477537164130974,6.137990088194401,11,SON
2017-11-21T00:00:00+00:00,2017-11-20,windermere,south,water_temperature,2.0,degC,month_3,2018-01-20,2018-02-18,5.0228496705994345,4.943896580092592,0.47346132880434766,lead_dependent_anomaly_relaxation,1.0,True,0.16675721057562612,0.16675721057562612,283,6,2011|2012|2013|2014|2015|2016,b80d6e6d5fe9eaf74079477e0d286cb6f8eabcaa5a28af8b7d8723fbd54ba2b8,observation_time_proxy,historical data_available_time is unknown; observation_time is a pseudo-operational proxy,4.946279236111111,30,4.943896580092592,5.41735790889694,5.0228496705994345,11,SON
2017-11-28T00:00:00+00:00,2017-11-27,windermere,south,water_temperature,2.0,degC,month_1,2017-11-28,2017-12-27,7.715959431161828,7.419869398564144,0.5301865690821259,lead_dependent_anomaly_relaxation,1.0,True,0.5584638500184641,0.5584638500184641,292,6,2011|2012|2013|2014|2015|2016,6f0cf4a7b894ccdd8564f1499d9529d7280224ee89408eca5739b5cba943ab74,observation_time_proxy,historical data_available_time is unknown; observation_time is a pseudo-operational proxy,7.496739,30,7.419869398564144,7.95005596764627,7.715959431161828,11,SON
2017-11-28T00:00:00+00:00,2017-11-27,windermere,south,water_temperature,2.0,degC,month_2,2017-12-28,2018-01-26,5.832552934888294,5.682594461070674,0.5301865690821259,lead_dependent_anomaly_relaxation,1.0,True,0.28284095177520596,0.28284095177520596,288,6,2011|2012|2013|2014|2015|2016,ca5b78da3dc0859594e53c21e4c703ddf12121ad3de824537dd1f711431e16c6,observation_time_proxy,historical data_available_time is unknown; observation_time is a pseudo-operational proxy,5.663661930555556,30,5.682594461070674,6.2127810301528,5.832552934888294,11,SON
2017-11-28T00:00:00+00:00,2017-11-27,windermere,south,water_temperature,2.0,degC,month_3,2018-01-27,2018-02-25,4.903476966060846,4.8150645327160495,0.5301865690821259,lead_dependent_anomaly_relaxation,1.0,True,0.16675721057562612,0.16675721057562612,283,6,2011|2012|2013|2014|2015|2016,b80d6e6d5fe9eaf74079477e0d286cb6f8eabcaa5a28af8b7d8723fbd54ba2b8,observation_time_proxy,historical data_available_time is unknown; observation_time is a pseudo-operational proxy,4.844493403985507,30,4.8150645327160495,5.345251101798175,4.903476966060846,11,SON
2017-12-05T00:00:00+00:00,2017-12-04,windermere,south,water_temperature,2.0,degC,month_1,2017-12-05,2018-01-03,7.200360376167225,6.928545754685543,0.4867183819914125,lead_dependent_anomaly_relaxation,1.0,True,0.5584638500184641,0.5584638500184641,292,6,2011|2012|2013|2014|2015|2016,6f0cf4a7b894ccdd8564f1499d9529d7280224ee89408eca5739b5cba943ab74,observation_time_proxy,historical data_available_time is unknown; observation_time is a pseudo-operational proxy,6.935559347222222,30,6.928545754685543,7.415264136676956,7.200360376167225,12,DJF
2017-12-05T00:00:00+00:00,2017-12-04,windermere,south,water_temperature,2.0,degC,month_2,2018-01-04,2018-02-02,5.552981816632484,5.415317926223545,0.4867183819914125,lead_dependent_anomaly_relaxation,1.0,True,0.28284095177520596,0.28284095177520596,288,6,2011|2012|2013|2014|2015|2016,ca5b78da3dc0859594e53c21e4c703ddf12121ad3de824537dd1f711431e16c6,observation_time_proxy,historical data_available_time is unknown; observation_time is a pseudo-operational proxy,5.40946925,30,5.415317926223545,5.902036308214957,5.552981816632484,12,DJF
2017-12-05T00:00:00+00:00,2017-12-04,windermere,south,water_temperature,2.0,degC,month_3,2018-02-03,2018-03-04,4.841256878574795,4.7600930788580245,0.4867183819914125,lead_dependent_anomaly_relaxation,1.0,True,0.16675721057562612,0.16675721057562612,283,6,2011|2012|2013|2014|2015|2016,b80d6e6d5fe9eaf74079477e0d286cb6f8eabcaa5a28af8b7d8723fbd54ba2b8,observation_time_proxy,historical data_available_time is unknown; observation_time is a pseudo-operational proxy,4.615423862318841,30,4.7600930788580245,5.246811460849437,4.841256878574795,12,DJF
2017-12-12T00:00:00+00:00,2017-12-11,windermere,south,water_temperature,2.0,degC,month_1,2017-12-12,2018-01-10,6.659149898248763,6.441486398558273,0.38975396470746126,lead_dependent_anomaly_relaxation,1.0,True,0.5584638500184641,0.5584638500184641,292,6,2011|2012|2013|2014|2015|2016,6f0cf4a7b894ccdd8564f1499d9529d7280224ee89408eca5739b5cba943ab74,observation_time_proxy,historical data_available_time is unknown; observation_time is a pseudo-operational proxy,6.47228125,30,6.441486398558273,6.831240363265734,6.659149898248763,12,DJF
2017-12-12T00:00:00+00:00,2017-12-11,windermere,south,water_temperature,2.0,degC,month_2,2018-01-11,2018-02-09,5.294208430384961,5.183970048048942,0.38975396470746126,lead_dependent_anomaly_relaxation,1.0,True,0.28284095177520596,0.28284095177520596,288,6,2011|2012|2013|2014|2015|2016,ca5b78da3dc0859594e53c21e4c703ddf12121ad3de824537dd1f711431e16c6,observation_time_proxy,historical data_available_time is unknown; observation_time is a pseudo-operational proxy,5.193329180555556,30,5.183970048048942,5.573724012756403,5.294208430384961,12,DJF
2017-12-12T00:00:00+00:00,2017-12-11,windermere,south,water_temperature,2.0,degC,month_3,2018-02-10,2018-03-11,4.846703867453061,4.781709583487654,0.38975396470746126,lead_dependent_anomaly_relaxation,1.0,True,0.16675721057562612,0.16675721057562612,283,6,2011|2012|2013|2014|2015|2016,b80d6e6d5fe9eaf74079477e0d286cb6f8eabcaa5a28af8b7d8723fbd54ba2b8,observation_time_proxy,historical data_available_time is unknown; observation_time is a pseudo-operational proxy,4.374987153985507,30,4.781709583487654,5.171463548195115,4.846703867453061,12,DJF
2017-12-19T00:00:00+00:00,2017-12-18,windermere,south,water_temperature,2.0,degC,month_1,2017-12-19,2018-01-17,6.225795595888712,6.093082863698359,0.23763889495437418,lead_dependent_anomaly_relaxation,1.0,True,0.5584638500184641,0.5584638500184641,292,6,2011|2012|2013|2014|2015|2016,6f0cf4a7b894ccdd8564f1499d9529d7280224ee89408eca5739b5cba943ab74,observation_time_proxy,historical data_available_time is unknown; observation_time is a pseudo-operational proxy,6.137875763888889,30,6.093082863698359,6.330721758652733,6.225795595888712,12,DJF
2017-12-19T00:00:00+00:00,2017-12-18,windermere,south,water_temperature,2.0,degC,month_2,2018-01-18,2018-02-16,5.057339942001437,4.990125930773734,0.23763889495437418,lead_dependent_anomaly_relaxation,1.0,True,0.28284095177520596,0.28284095177520596,288,6,2011|2012|2013|2014|2015|2016,ca5b78da3dc0859594e53c21e4c703ddf12121ad3de824537dd1f711431e16c6,observation_time_proxy,historical data_available_time is unknown; observation_time is a pseudo-operational proxy,4.996959930555556,30,4.990125930773734,5.227764825728108,5.057339942001437,12,DJF
2017-12-19T00:00:00+00:00,2017-12-18,windermere,south,water_temperature,2.0,degC,month_3,2018-02-17,2018-03-18,4.938303420543162,4.898675421296296,0.23763889495437418,lead_dependent_anomaly_relaxation,1.0,True,0.16675721057562612,0.16675721057562612,283,6,2011|2012|2013|2014|2015|2016,b80d6e6d5fe9eaf74079477e0d286cb6f8eabcaa5a28af8b7d8723fbd54ba2b8,observation_time_proxy,historical data_available_time is unknown; observation_time is a pseudo-operational proxy,4.2411259317632855,30,4.898675421296296,5.136314316250671,4.938303420543162,12,DJF
2017-12-26T00:00:00+00:00,2017-12-25,windermere,south,water_temperature,2.0,degC,month_1,2017-12-26,2018-01-24,5.82878966870934,5.771491132970475,0.10260025915190596,lead_dependent_anomaly_relaxation,1.0,True,0.5584638500184641,0.5584638500184641,292,6,2011|2012|2013|2014|2015|2016,6f0cf4a7b894ccdd8564f1499d9529d7280224ee89408eca5739b5cba943ab74,observation_time_proxy,historical data_available_time is unknown; observation_time is a pseudo-operational proxy,5.774288597222222,30,5.771491132970475,5.874091392122381,5.82878966870934,12,DJF
2017-12-26T00:00:00+00:00,2017-12-25,windermere,south,water_temperature,2.0,degC,month_2,2018-01-25,2018-02-23,4.874445385043501,4.8454258300925925,0.10260025915190596,lead_dependent_anomaly_relaxation,1.0,True,0.28284095177520596,0.28284095177520596,288,6,2011|2012|2013|2014|2015|2016,ca5b78da3dc0859594e53c21e4c703ddf12121ad3de824537dd1f711431e16c6,observation_time_proxy,historical data_available_time is unknown; observation_time is a pseudo-operational proxy,4.8727608345410625,30,4.8454258300925925,4.9480260892444985,4.874445385043501,12,DJF
2017-12-26T00:00:00+00:00,2017-12-25,windermere,south,water_temperature,2.0,degC,month_3,2018-02-24,2018-03-25,5.1694069445945825,5.152297611574074,0.10260025915190596,lead_dependent_anomaly_relaxation,1.0,True,0.16675721057562612,0.16675721057562612,283,6,2011|2012|2013|2014|2015|2016,b80d6e6d5fe9eaf74079477e0d286cb6f8eabcaa5a28af8b7d8723fbd54ba2b8,observation_time_proxy,historical data_available_time is unknown; observation_time is a pseudo-operational proxy,4.155383430555555,30,5.152297611574074,5.25489787072598,5.1694069445945825,12,DJF
2018-01-02T00:00:00+00:00,2018-01-01,windermere,south,water_temperature,2.0,degC,month_1,2018-01-02,2018-01-31,5.570103190332695,5.55611830063492,0.02450855373396621,lead_dependent_anomaly_relaxation,1.0,True,0.57061260527964,0.57061260527964,344,7,2011|2012|2013|2014|2015|2016|2017,7048d4492b80625e029a83da1b5be4b4a09e79a3783d8ec6bc5d37fe1faa5731,observation_time_proxy,historical data_available_time is unknown; observation_time is a pseudo-operational proxy,5.472064666666666,30,5.55611830063492,5.580626854368886,5.570103190332695,1,DJF
2018-01-02T00:00:00+00:00,2018-01-01,windermere,south,water_temperature,2.0,degC,month_2,2018-02-01,2018-03-02,4.84675912551212,4.83943880428744,0.02450855373396621,lead_dependent_anomaly_relaxation,1.0,True,0.2986843411545474,0.2986843411545474,340,7,2011|2012|2013|2014|2015|2016|2017,17bdca03b9e941b9e6faf1f39693b5c692788296ce440ecf83b641c0fb2af8ca,observation_time_proxy,historical data_available_time is unknown; observation_time is a pseudo-operational proxy,4.700706834541063,30,4.83943880428744,4.863947358021406,4.84675912551212,1,DJF
2018-01-02T00:00:00+00:00,2018-01-01,windermere,south,water_temperature,2.0,degC,month_3,2018-03-03,2018-04-01,5.616636920437918,5.612278950277778,0.02450855373396621,lead_dependent_anomaly_relaxation,1.0,True,0.17781425242157836,0.17781425242157836,336,7,2011|2012|2013|2014|2015|2016|2017,ccf32aba3ebed52c2d4dcedc302b21afeda65d304e51e0f1e65b4c977ed96528,observation_time_proxy,historical data_available_time is unknown; observation_time is a pseudo-operational proxy,4.240572,30,5.612278950277778,5.636787504011744,5.616636920437918,1,DJF
2018-01-09T00:00:00+00:00,2018-01-08,windermere,south,water_temperature,2.0,degC,month_1,2018-01-09,2018-02-07,5.29774961430305,5.313057661775794,-0.02682739100241527,lead_dependent_anomaly_relaxation,1.0,True,0.57061260527964,0.57061260527964,344,7,2011|2012|2013|2014|2015|2016|2017,7048d4492b80625e029a83da1b5be4b4a09e79a3783d8ec6bc5d37fe1faa5731,observation_time_proxy,historical data_available_time is unknown; observation_time is a pseudo-operational proxy,5.249792125,30,5.313057661775794,5.286230270773379,5.29774961430305,1,DJF
2018-01-09T00:00:00+00:00,2018-01-08,windermere,south,water_temperature,2.0,degC,month_2,2018-02-08,2018-03-09,4.840484137958766,4.848497059565218,-0.02682739100241527,lead_dependent_anomaly_relaxation,1.0,True,0.2986843411545474,0.2986843411545474,340,7,2011|2012|2013|2014|2015|2016|2017,17bdca03b9e941b9e6faf1f39693b5c692788296ce440ecf83b641c0fb2af8ca,observation_time_proxy,historical data_available_time is unknown; observation_time is a pseudo-operational proxy,4.432810265096618,30,4.848497059565218,4.821669668562802,4.840484137958766,1,DJF
2018-01-09T00:00:00+00:00,2018-01-08,windermere,south,water_temperature,2.0,degC,month_3,2018-03-10,2018-04-08,6.027967105718929,6.0327373981944445,-0.02682739100241527,lead_dependent_anomaly_relaxation,1.0,True,0.17781425242157836,0.17781425242157836,336,7,2011|2012|2013|2014|2015|2016|2017,ccf32aba3ebed52c2d4dcedc302b21afeda65d304e51e0f1e65b4c977ed96528,observation_time_proxy,historical data_available_time is unknown; observation_time is a pseudo-operational proxy,4.540616527777778,30,6.0327373981944445,6.005910007192029,6.027967105718929,1,DJF
2018-01-16T00:00:00+00:00,2018-01-15,windermere,south,water_temperature,2.0,degC,month_1,2018-01-16,2018-02-14,5.087395923690654,5.1086579927299,-0.037261828502415995,lead_dependent_anomaly_relaxation,1.0,True,0.57061260527964,0.57061260527964,344,7,2011|2012|2013|2014|2015|2016|2017,7048d4492b80625e029a83da1b5be4b4a09e79a3783d8ec6bc5d37fe1faa5731,observation_time_proxy,historical data_available_time is unknown; observation_time is a pseudo-operational proxy,5.048198347222222,30,5.1086579927299,5.071396164227484,5.087395923690654,1,DJF
2018-01-16T00:00:00+00:00,2018-01-15,windermere,south,water_temperature,2.0,degC,month_2,2018-02-15,2018-03-16,4.937894667664653,4.949024192361112,-0.037261828502415995,lead_dependent_anomaly_relaxation,1.0,True,0.2986843411545474,0.2986843411545474,340,7,2011|2012|2013|2014|2015|2016|2017,17bdca03b9e941b9e6faf1f39693b5c692788296ce440ecf83b641c0fb2af8ca,observation_time_proxy,historical data_available_time is unknown; observation_time is a pseudo-operational proxy,4.274897473429951,30,4.949024192361112,4.911762363858696,4.937894667664653,1,DJF
2018-01-16T00:00:00+00:00,2018-01-15,windermere,south,water_temperature,2.0,degC,month_3,2018-03-17,2018-04-15,6.592954110404316,6.599579794583334,-0.037261828502415995,lead_dependent_anomaly_relaxation,1.0,True,0.17781425242157836,0.17781425242157836,336,7,2011|2012|2013|2014|2015|2016|2017,ccf32aba3ebed52c2d4dcedc302b21afeda65d304e51e0f1e65b4c977ed96528,observation_time_proxy,historical data_available_time is unknown; observation_time is a pseudo-operational proxy,4.968308222222222,30,6.599579794583334,6.562317966080918,6.592954110404316,1,DJF
2018-01-23T00:00:00+00:00,2018-01-22,windermere,south,water_temperature,2.0,degC,month_1,2018-01-23,2018-02-21,4.9152740316202,4.9481763755374395,-0.057661438974196955,lead_dependent_anomaly_relaxation,1.0,True,0.57061260527964,0.57061260527964,344,7,2011|2012|2013|2014|2015|2016|2017,7048d4492b80625e029a83da1b5be4b4a09e79a3783d8ec6bc5d37fe1faa5731,observation_time_proxy,historical data_available_time is unknown; observation_time is a pseudo-operational proxy,4.904722445652174,30,4.9481763755374395,4.8905149365632425,4.9152740316202,1,DJF
2018-01-23T00:00:00+00:00,2018-01-22,windermere,south,water_temperature,2.0,degC,month_2,2018-02-22,2018-03-23,5.155777941923302,5.173000510833333,-0.057661438974196955,lead_dependent_anomaly_relaxation,1.0,True,0.2986843411545474,0.2986843411545474,340,7,2011|2012|2013|2014|2015|2016|2017,17bdca03b9e941b9e6faf1f39693b5c692788296ce440ecf83b641c0fb2af8ca,observation_time_proxy,historical data_available_time is unknown; observation_time is a pseudo-operational proxy,4.161511305555556,30,5.173000510833333,5.115339071859136,5.155777941923302,1,DJF
2018-01-23T00:00:00+00:00,2018-01-22,windermere,south,water_temperature,2.0,degC,month_3,2018-03-24,2018-04-22,7.2359154901451355,7.2461685158098845,-0.057661438974196955,lead_dependent_anomaly_relaxation,1.0,True,0.17781425242157836,0.17781425242157836,336,7,2011|2012|2013|2014|2015|2016|2017,ccf32aba3ebed52c2d4dcedc302b21afeda65d304e51e0f1e65b4c977ed96528,observation_time_proxy,historical data_available_time is unknown; observation_time is a pseudo-operational proxy,5.692388513888889,30,7.2461685158098845,7.188507076835688,7.2359154901451355,1,DJF
2018-01-30T00:00:00+00:00,2018-01-29,windermere,south,water_temperature,2.0,degC,month_1,2018-01-30,2018-02-28,4.793796067867248,4.8500676783152175,-0.09861613628460297,lead_dependent_anomaly_relaxation,1.0,True,0.57061260527964,0.57061260527964,344,7,2011|2012|2013|2014|2015|2016|2017,7048d4492b80625e029a83da1b5be4b4a09e79a3783d8ec6bc5d37fe1faa5731,observation_time_proxy,historical data_available_time is unknown; observation_time is a pseudo-operational proxy,4.776111417874397,30,4.8500676783152175,4.7514515420306145,4.793796067867248,1,DJF
2018-01-30T00:00:00+00:00,2018-01-29,windermere,south,water_temperature,2.0,degC,month_2,2018-03-01,2018-03-30,5.483495894167738,5.512950989861111,-0.09861613628460297,lead_dependent_anomaly_relaxation,1.0,True,0.2986843411545474,0.2986843411545474,340,7,2011|2012|2013|2014|2015|2016|2017,17bdca03b9e941b9e6faf1f39693b5c692788296ce440ecf83b641c0fb2af8ca,observation_time_proxy,historical data_available_time is unknown; observation_time is a pseudo-operational proxy,4.188024013888889,30,5.512950989861111,5.414334853576508,5.483495894167738,1,DJF
2018-01-30T00:00:00+00:00,2018-01-29,windermere,south,water_temperature,2.0,degC,month_3,2018-03-31,2018-04-29,8.029011435727627,8.046546790277779,-0.09861613628460297,lead_dependent_anomaly_relaxation,1.0,True,0.17781425242157836,0.17781425242157836,336,7,2011|2012|2013|2014|2015|2016|2017,ccf32aba3ebed52c2d4dcedc302b21afeda65d304e51e0f1e65b4c977ed96528,observation_time_proxy,historical data_available_time is unknown; observation_time is a pseudo-operational proxy,6.602979027777778,30,8.046546790277779,7.9479306539931756,8.029011435727627,1,DJF
2018-02-06T00:00:00+00:00,2018-02-05,windermere,south,water_temperature,2.0,degC,month_1,2018-02-06,2018-03-07,4.801102661885482,4.840466823454107,-0.06898579036706387,lead_dependent_anomaly_relaxation,1.0,True,0.57061260527964,0.57061260527964,344,7,2011|2012|2013|2014|2015|2016|2017,7048d4492b80625e029a83da1b5be4b4a09e79a3783d8ec6bc5d37fe1faa5731,observation_time_proxy,historical data_available_time is unknown; observation_time is a pseudo-operational proxy,4.502474917874396,30,4.840466823454107,4.771481033087043,4.801102661885482,2,DJF
2018-02-06T00:00:00+00:00,2018-02-05,windermere,south,water_temperature,2.0,degC,month_2,2018-03-08,2018-04-06,5.876992349099632,5.897597324444445,-0.06898579036706387,lead_dependent_anomaly_relaxation,1.0,True,0.2986843411545474,0.2986843411545474,340,7,2011|2012|2013|2014|2015|2016|2017,17bdca03b9e941b9e6faf1f39693b5c692788296ce440ecf83b641c0fb2af8ca,observation_time_proxy,historical data_available_time is unknown; observation_time is a pseudo-operational proxy,4.435290416666667,30,5.897597324444445,5.828611534077381,5.876992349099632,2,DJF
2018-02-06T00:00:00+00:00,2018-02-05,windermere,south,water_temperature,2.0,degC,month_3,2018-04-07,2018-05-06,8.747888749585329,8.76015540632716,-0.06898579036706387,lead_dependent_anomaly_relaxation,1.0,True,0.17781425242157836,0.17781425242157836,336,7,2011|2012|2013|2014|2015|2016|2017,ccf32aba3ebed52c2d4dcedc302b21afeda65d304e51e0f1e65b4c977ed96528,observation_time_proxy,historical data_available_time is unknown; observation_time is a pseudo-operational proxy,7.517183222222222,30,8.76015540632716,8.691169615960096,8.747888749585329,2,DJF
2018-02-13T00:00:00+00:00,2018-02-12,windermere,south,water_temperature,2.0,degC,month_1,2018-02-13,2018-03-14,4.877319432350787,4.910386206111111,-0.057949602680296586,lead_dependent_anomaly_relaxation,1.0,True,0.57061260527964,0.57061260527964,344,7,2011|2012|2013|2014|2015|2016|2017,7048d4492b80625e029a83da1b5be4b4a09e79a3783d8ec6bc5d37fe1faa5731,observation_time_proxy,historical data_available_time is unknown; observation_time is a pseudo-operational proxy,4.301908251207729,30,4.910386206111111,4.852436603430815,4.877319432350787,2,DJF
2018-02-13T00:00:00+00:00,2018-02-12,windermere,south,water_temperature,2.0,degC,month_2,2018-03-15,2018-04-13,6.413498186519935,6.430806825416667,-0.057949602680296586,lead_dependent_anomaly_relaxation,1.0,True,0.2986843411545474,0.2986843411545474,340,7,2011|2012|2013|2014|2015|2016|2017,17bdca03b9e941b9e6faf1f39693b5c692788296ce440ecf83b641c0fb2af8ca,observation_time_proxy,historical data_available_time is unknown; observation_time is a pseudo-operational proxy,4.822303236111111,30,6.430806825416667,6.3728572227363705,6.413498186519935,2,DJF
2018-02-13T00:00:00+00:00,2018-02-12,windermere,south,water_temperature,2.0,degC,month_3,2018-04-14,2018-05-13,9.567883947221276,9.5781882125,-0.057949602680296586,lead_dependent_anomaly_relaxation,1.0,True,0.17781425242157836,0.17781425242157836,336,7,2011|2012|2013|2014|2015|2016|2017,ccf32aba3ebed52c2d4dcedc302b21afeda65d304e51e0f1e65b4c977ed96528,observation_time_proxy,historical data_available_time is unknown; observation_time is a pseudo-operational proxy,8.770748777777778,30,9.5781882125,9.520238609819703,9.567883947221276,2,DJF
2018-02-20T00:00:00+00:00,2018-02-19,windermere,south,water_temperature,2.0,degC,month_1,2018-02-20,2018-03-21,5.065438212673892,5.098045964722222,-0.05714516599637687,lead_dependent_anomaly_relaxation,1.0,True,0.57061260527964,0.57061260527964,344,7,2011|2012|2013|2014|2015|2016|2017,7048d4492b80625e029a83da1b5be4b4a09e79a3783d8ec6bc5d37fe1faa5731,observation_time_proxy,historical data_available_time is unknown; observation_time is a pseudo-operational proxy,4.189094638888889,30,5.098045964722222,5.040900798725845,5.065438212673892,2,DJF
2018-02-20T00:00:00+00:00,2018-02-19,windermere,south,water_temperature,2.0,degC,month_2,2018-03-22,2018-04-20,7.036819298453802,7.053887664709596,-0.05714516599637687,lead_dependent_anomaly_relaxation,1.0,True,0.2986843411545474,0.2986843411545474,340,7,2011|2012|2013|2014|2015|2016|2017,17bdca03b9e941b9e6faf1f39693b5c692788296ce440ecf83b641c0fb2af8ca,observation_time_proxy,historical data_available_time is unknown; observation_time is a pseudo-operational proxy,5.416691444444444,30,7.053887664709596,6.996742498713219,7.036819298453802,2,DJF
2018-02-20T00:00:00+00:00,2018-02-19,windermere,south,water_temperature,2.0,degC,month_3,2018-04-21,2018-05-20,10.41350360064613,10.423664825617283,-0.05714516599637687,lead_dependent_anomaly_relaxation,1.0,True,0.17781425242157836,0.17781425242157836,336,7,2011|2012|2013|2014|2015|2016|2017,ccf32aba3ebed52c2d4dcedc302b21afeda65d304e51e0f1e65b4c977ed96528,observation_time_proxy,historical data_available_time is unknown; observation_time is a pseudo-operational proxy,10.431943236111112,30,10.423664825617283,10.366519659620906,10.41350360064613,2,DJF
2018-02-27T00:00:00+00:00,2018-02-26,windermere,south,water_temperature,2.0,degC,month_1,2018-02-27,2018-03-28,5.367060570910676,5.3926361329166665,-0.044821235579710184,lead_dependent_anomaly_relaxation,1.0,True,0.57061260527964,0.57061260527964,344,7,2011|2012|2013|2014|2015|2016|2017,7048d4492b80625e029a83da1b5be4b4a09e79a3783d8ec6bc5d37fe1faa5731,observation_time_proxy,historical data_available_time is unknown; observation_time is a pseudo-operational proxy,4.166848444444445,30,5.3926361329166665,5.347814897336956,5.367060570910676,2,DJF
2018-02-27T00:00:00+00:00,2018-02-26,windermere,south,water_temperature,2.0,degC,month_2,2018-03-29,2018-04-27,7.836132373318178,7.849519774537037,-0.044821235579710184,lead_dependent_anomaly_relaxation,1.0,True,0.2986843411545474,0.2986843411545474,340,7,2011|2012|2013|2014|2015|2016|2017,17bdca03b9e941b9e6faf1f39693b5c692788296ce440ecf83b641c0fb2af8ca,observation_time_proxy,historical data_available_time is unknown; observation_time is a pseudo-operational proxy,6.316817513888889,30,7.849519774537037,7.804698538957327,7.836132373318178,2,DJF
2018-02-27T00:00:00+00:00,2018-02-26,windermere,south,water_temperature,2.0,degC,month_3,2018-04-28,2018-05-27,11.349498549993523,11.35746840449074,-0.044821235579710184,lead_dependent_anomaly_relaxation,1.0,True,0.17781425242157836,0.17781425242157836,336,7,2011|2012|2013|2014|2015|2016|2017,ccf32aba3ebed52c2d4dcedc302b21afeda65d304e51e0f1e65b4c977ed96528,observation_time_proxy,historical data_available_time is unknown; observation_time is a pseudo-operational proxy,12.184301055555556,30,11.35746840449074,11.312647168911031,11.349498549993523,2,DJF
2018-03-06T00:00:00+00:00,2018-03-05,windermere,south,water_temperature,2.0,degC,month_1,2018-03-06,2018-04-04,5.633023047037759,5.781987864861112,-0.26106121113526637,lead_dependent_anomaly_relaxation,1.0,True,0.57061260527964,0.57061260527964,344,7,2011|2012|2013|2014|2015|2016|2017,7048d4492b80625e029a83da1b5be4b4a09e79a3783d8ec6bc5d37fe1faa5731,observation_time_proxy,historical data_available_time is unknown; observation_time is a pseudo-operational proxy,4.3498402361111115,30,5.781987864861112,5.520926653725845,5.633023047037759,3,MAM
2018-03-06T00:00:00+00:00,2018-03-05,windermere,south,water_temperature,2.0,degC,month_2,2018-04-05,2018-05-04,8.465388876527598,8.543363772376543,-0.26106121113526637,lead_dependent_anomaly_relaxation,1.0,True,0.2986843411545474,0.2986843411545474,340,7,2011|2012|2013|2014|2015|2016|2017,17bdca03b9e941b9e6faf1f39693b5c692788296ce440ecf83b641c0fb2af8ca,observation_time_proxy,historical data_available_time is unknown; observation_time is a pseudo-operational proxy,7.228632638888889,30,8.543363772376543,8.282302561241277,8.465388876527598,3,MAM
2018-03-06T00:00:00+00:00,2018-03-05,windermere,south,water_temperature,2.0,degC,month_3,2018-05-05,2018-06-03,12.377519050790767,12.423939454885057,-0.26106121113526637,lead_dependent_anomaly_relaxation,1.0,True,0.17781425242157836,0.17781425242157836,336,7,2011|2012|2013|2014|2015|2016|2017,ccf32aba3ebed52c2d4dcedc302b21afeda65d304e51e0f1e65b4c977ed96528,observation_time_proxy,historical data_available_time is unknown; observation_time is a pseudo-operational proxy,14.358557347222222,30,12.423939454885057,12.162878243749791,12.377519050790767,3,MAM
2018-03-13T00:00:00+00:00,2018-03-12,windermere,south,water_temperature,2.0,degC,month_1,2018-03-13,2018-04-11,5.958002744339039,6.261098958055555,-0.5311768630978255,lead_dependent_anomaly_relaxation,1.0,True,0.57061260527964,0.57061260527964,344,7,2011|2012|2013|2014|2015|2016|2017,7048d4492b80625e029a83da1b5be4b4a09e79a3783d8ec6bc5d37fe1faa5731,observation_time_proxy,historical data_available_time is unknown; observation_time is a pseudo-operational proxy,4.700322388888889,30,6.261098958055555,5.72992209495773,5.958002744339039,3,MAM
2018-03-13T00:00:00+00:00,2018-03-12,windermere,south,water_temperature,2.0,degC,month_2,2018-04-12,2018-05-11,9.179640967158468,9.338295178549382,-0.5311768630978255,lead_dependent_anomaly_relaxation,1.0,True,0.2986843411545474,0.2986843411545474,340,7,2011|2012|2013|2014|2015|2016|2017,17bdca03b9e941b9e6faf1f39693b5c692788296ce440ecf83b641c0fb2af8ca,observation_time_proxy,historical data_available_time is unknown; observation_time is a pseudo-operational proxy,8.386030597222222,30,9.338295178549382,8.807118315451557,9.179640967158468,3,MAM
2018-03-13T00:00:00+00:00,2018-03-12,windermere,south,water_temperature,2.0,degC,month_3,2018-05-12,2018-06-10,13.548191915718146,13.642642732533524,-0.5311768630978255,lead_dependent_anomaly_relaxation,1.0,True,0.17781425242157836,0.17781425242157836,336,7,2011|2012|2013|2014|2015|2016|2017,ccf32aba3ebed52c2d4dcedc302b21afeda65d304e51e0f1e65b4c977ed96528,observation_time_proxy,historical data_available_time is unknown; observation_time is a pseudo-operational proxy,16.597715944444445,30,13.642642732533524,13.111465869435698,13.548191915718146,3,MAM
2018-03-20T00:00:00+00:00,2018-03-19,windermere,south,water_temperature,2.0,degC,month_1,2018-03-20,2018-04-18,6.400474114778246,6.86008639125,-0.8054716496256038,lead_dependent_anomaly_relaxation,1.0,True,0.57061260527964,0.57061260527964,344,7,2011|2012|2013|2014|2015|2016|2017,7048d4492b80625e029a83da1b5be4b4a09e79a3783d8ec6bc5d37fe1faa5731,observation_time_proxy,historical data_available_time is unknown; observation_time is a pseudo-operational proxy,5.194944027777778,30,6.86008639125,6.0546147416243965,6.400474114778246,3,MAM
2018-03-20T00:00:00+00:00,2018-03-19,windermere,south,water_temperature,2.0,degC,month_2,2018-04-19,2018-05-18,9.953759866198096,10.194341635185186,-0.8054716496256038,lead_dependent_anomaly_relaxation,1.0,True,0.2986843411545474,0.2986843411545474,340,7,2011|2012|2013|2014|2015|2016|2017,17bdca03b9e941b9e6faf1f39693b5c692788296ce440ecf83b641c0fb2af8ca,observation_time_proxy,historical data_available_time is unknown; observation_time is a pseudo-operational proxy,9.959336666666667,30,10.194341635185186,9.388869985559582,9.953759866198096,3,MAM
2018-03-20T00:00:00+00:00,2018-03-19,windermere,south,water_temperature,2.0,degC,month_3,2018-05-19,2018-06-17,14.579893903959913,14.723118243184866,-0.8054716496256038,lead_dependent_anomaly_relaxation,1.0,True,0.17781425242157836,0.17781425242157836,336,7,2011|2012|2013|2014|2015|2016|2017,ccf32aba3ebed52c2d4dcedc302b21afeda65d304e51e0f1e65b4c977ed96528,observation_time_proxy,historical data_available_time is unknown; observation_time is a pseudo-operational proxy,18.034453763888887,30,14.723118243184866,13.917646593559262,14.579893903959913,3,MAM
2018-03-27T00:00:00+00:00,2018-03-26,windermere,south,water_temperature,2.0,degC,month_1,2018-03-27,2018-04-25,6.999707413411398,7.65136644537037,-1.1420340629166672,lead_dependent_anomaly_relaxation,1.0,True,0.57061260527964,0.57061260527964,344,7,2011|2012|2013|2014|2015|2016|2017,7048d4492b80625e029a83da1b5be4b4a09e79a3783d8ec6bc5d37fe1faa5731,observation_time_proxy,historical data_available_time is unknown; observation_time is a pseudo-operational proxy,6.072236111111111,30,7.65136644537037,6.509332382453703,6.999707413411398,3,MAM
2018-03-27T00:00:00+00:00,2018-03-26,windermere,south,water_temperature,2.0,degC,month_2,2018-04-26,2018-05-25,10.685885800008352,11.026993491666667,-1.1420340629166672,lead_dependent_anomaly_relaxation,1.0,True,0.2986843411545474,0.2986843411545474,340,7,2011|2012|2013|2014|2015|2016|2017,17bdca03b9e941b9e6faf1f39693b5c692788296ce440ecf83b641c0fb2af8ca,observation_time_proxy,historical data_available_time is unknown; observation_time is a pseudo-operational proxy,11.647528333333334,30,11.026993491666667,9.884959428750001,10.685885800008352,3,MAM
2018-03-27T00:00:00+00:00,2018-03-26,windermere,south,water_temperature,2.0,degC,month_3,2018-05-26,2018-06-24,15.416408530243721,15.619478463381226,-1.1420340629166672,lead_dependent_anomaly_relaxation,1.0,True,0.17781425242157836,0.17781425242157836,336,7,2011|2012|2013|2014|2015|2016|2017,ccf32aba3ebed52c2d4dcedc302b21afeda65d304e51e0f1e65b4c977ed96528,observation_time_proxy,historical data_available_time is unknown; observation_time is a pseudo-operational proxy,18.48525248611111,30,15.619478463381226,14.47744440046456,15.416408530243721,3,MAM
2018-04-03T00:00:00+00:00,2018-04-02,windermere,south,water_temperature,2.0,degC,month_1,2018-04-03,2018-05-02,7.5450219295271195,8.339926319135802,-1.3930719059722216,lead_dependent_anomaly_relaxation,1.0,True,0.57061260527964,0.57061260527964,344,7,2011|2012|2013|2014|2015|2016|2017,7048d4492b80625e029a83da1b5be4b4a09e79a3783d8ec6bc5d37fe1faa5731,observation_time_proxy,historical data_available_time is unknown; observation_time is a pseudo-operational proxy,6.988439847222223,30,8.339926319135802,6.946854413163581,7.5450219295271195,4,MAM
2018-04-03T00:00:00+00:00,2018-04-02,windermere,south,water_temperature,2.0,degC,month_2,2018-05-03,2018-06-01,11.667708150119218,12.08379691453544,-1.3930719059722216,lead_dependent_anomaly_relaxation,1.0,True,0.2986843411545474,0.2986843411545474,340,7,2011|2012|2013|2014|2015|2016|2017,17bdca03b9e941b9e6faf1f39693b5c692788296ce440ecf83b641c0fb2af8ca,observation_time_proxy,historical data_available_time is unknown; observation_time is a pseudo-operational proxy,13.668608013888889,30,12.08379691453544,10.69072500856322,11.667708150119218,4,MAM
2018-04-03T00:00:00+00:00,2018-04-02,windermere,south,water_temperature,2.0,degC,month_3,2018-06-02,2018-07-01,16.047758161858937,16.29546620138889,-1.3930719059722216,lead_dependent_anomaly_relaxation,1.0,True,0.17781425242157836,0.17781425242157836,336,7,2011|2012|2013|2014|2015|2016|2017,ccf32aba3ebed52c2d4dcedc302b21afeda65d304e51e0f1e65b4c977ed96528,observation_time_proxy,historical data_available_time is unknown; observation_time is a pseudo-operational proxy,19.363825458333334,30,16.29546620138889,14.90239429541667,16.047758161858937,4,MAM
2018-04-10T00:00:00+00:00,2018-04-09,windermere,south,water_temperature,2.0,degC,month_1,2018-04-10,2018-05-09,8.245154224391884,9.104811581790123,-1.5065516419444442,lead_dependent_anomaly_relaxation,1.0,True,0.57061260527964,0.57061260527964,344,7,2011|2012|2013|2014|2015|2016|2017,7048d4492b80625e029a83da1b5be4b4a09e79a3783d8ec6bc5d37fe1faa5731,observation_time_proxy,historical data_available_time is unknown; observation_time is a pseudo-operational proxy,8.051501111111111,30,9.104811581790123,7.598259939845679,8.245154224391884,4,MAM
2018-04-10T00:00:00+00:00,2018-04-09,windermere,south,water_temperature,2.0,degC,month_2,2018-05-10,2018-06-08,12.852866603614546,13.302849988204024,-1.5065516419444442,lead_dependent_anomaly_relaxation,1.0,True,0.2986843411545474,0.2986843411545474,340,7,2011|2012|2013|2014|2015|2016|2017,17bdca03b9e941b9e6faf1f39693b5c692788296ce440ecf83b641c0fb2af8ca,observation_time_proxy,historical data_available_time is unknown; observation_time is a pseudo-operational proxy,15.916233972222223,30,13.302849988204024,11.79629834625958,12.852866603614546,4,MAM
2018-04-10T00:00:00+00:00,2018-04-09,windermere,south,water_temperature,2.0,degC,month_3,2018-06-09,2018-07-08,16.457618784821264,16.725505138768117,-1.5065516419444442,lead_dependent_anomaly_relaxation,1.0,True,0.17781425242157836,0.17781425242157836,336,7,2011|2012|2013|2014|2015|2016|2017,ccf32aba3ebed52c2d4dcedc302b21afeda65d304e51e0f1e65b4c977ed96528,observation_time_proxy,historical data_available_time is unknown; observation_time is a pseudo-operational proxy,20.099982583333333,30,16.725505138768117,15.218953496823673,16.457618784821264,4,MAM
2018-04-17T00:00:00+00:00,2018-04-16,windermere,south,water_temperature,2.0,degC,month_1,2018-04-17,2018-05-16,9.015038914064382,9.952605903703704,-1.643088464861111,lead_dependent_anomaly_relaxation,1.0,True,0.57061260527964,0.57061260527964,344,7,2011|2012|2013|2014|2015|2016|2017,7048d4492b80625e029a83da1b5be4b4a09e79a3783d8ec6bc5d37fe1faa5731,observation_time_proxy,historical data_available_time is unknown; observation_time is a pseudo-operational proxy,9.447604305555556,30,9.952605903703704,8.309517438842594,9.015038914064382,4,MAM
2018-04-17T00:00:00+00:00,2018-04-16,windermere,south,water_temperature,2.0,degC,month_2,2018-05-17,2018-06-15,13.934605329409534,14.425370124995212,-1.643088464861111,lead_dependent_anomaly_relaxation,1.0,True,0.2986843411545474,0.2986843411545474,340,7,2011|2012|2013|2014|2015|2016|2017,17bdca03b9e941b9e6faf1f39693b5c692788296ce440ecf83b641c0fb2af8ca,observation_time_proxy,historical data_available_time is unknown; observation_time is a pseudo-operational proxy,17.806390430555556,30,14.425370124995212,12.7822816601341,13.934605329409534,4,MAM
2018-04-17T00:00:00+00:00,2018-04-16,windermere,south,water_temperature,2.0,degC,month_3,2018-06-16,2018-07-15,16.891882464706118,17.184047011747914,-1.643088464861111,lead_dependent_anomaly_relaxation,1.0,True,0.17781425242157836,0.17781425242157836,336,7,2011|2012|2013|2014|2015|2016|2017,ccf32aba3ebed52c2d4dcedc302b21afeda65d304e51e0f1e65b4c977ed96528,observation_time_proxy,historical data_available_time is unknown; observation_time is a pseudo-operational proxy,20.674337875,30,17.184047011747914,15.540958546886802,16.891882464706118,4,MAM
2018-04-24T00:00:00+00:00,2018-04-23,windermere,south,water_temperature,2.0,degC,month_1,2018-04-24,2018-05-23,9.90052937752403,10.775705057561728,-1.5337475406958472,lead_dependent_anomaly_relaxation,1.0,True,0.57061260527964,0.57061260527964,344,7,2011|2012|2013|2014|2015|2016|2017,7048d4492b80625e029a83da1b5be4b4a09e79a3783d8ec6bc5d37fe1faa5731,observation_time_proxy,historical data_available_time is unknown; observation_time is a pseudo-operational proxy,11.131869930555556,30,10.775705057561728,9.241957516865881,9.90052937752403,4,MAM
2018-04-24T00:00:00+00:00,2018-04-23,windermere,south,water_temperature,2.0,degC,month_2,2018-05-24,2018-06-22,14.948773640596253,15.406880014286399,-1.5337475406958472,lead_dependent_anomaly_relaxation,1.0,True,0.2986843411545474,0.2986843411545474,340,7,2011|2012|2013|2014|2015|2016|2017,17bdca03b9e941b9e6faf1f39693b5c692788296ce440ecf83b641c0fb2af8ca,observation_time_proxy,historical data_available_time is unknown; observation_time is a pseudo-operational proxy,18.376537041666666,30,15.406880014286399,13.873132473590552,14.948773640596253,4,MAM
2018-04-24T00:00:00+00:00,2018-04-23,windermere,south,water_temperature,2.0,degC,month_3,2018-06-23,2018-07-22,17.301621839395647,17.574344011747915,-1.5337475406958472,lead_dependent_anomaly_relaxation,1.0,True,0.17781425242157836,0.17781425242157836,336,7,2011|2012|2013|2014|2015|2016|2017,ccf32aba3ebed52c2d4dcedc302b21afeda65d304e51e0f1e65b4c977ed96528,observation_time_proxy,historical data_available_time is unknown; observation_time is a pseudo-operational proxy,21.611247458333334,30,17.574344011747915,16.04059647105207,17.301621839395647,4,MAM
2018-05-01T00:00:00+00:00,2018-04-30,windermere,south,water_temperature,2.0,degC,month_1,2018-05-01,2018-05-30,10.975458942334537,11.780229592083334,-1.4103625512345674,lead_dependent_anomaly_relaxation,1.0,True,0.57061260527964,0.57061260527964,344,7,2011|2012|2013|2014|2015|2016|2017,7048d4492b80625e029a83da1b5be4b4a09e79a3783d8ec6bc5d37fe1faa5731,observation_time_proxy,historical data_available_time is unknown; observation_time is a pseudo-operational proxy,13.028160208333333,30,11.780229592083334,10.369867040848767,10.975458942334537,5,MAM
2018-05-01T00:00:00+00:00,2018-04-30,windermere,south,water_temperature,2.0,degC,month_2,2018-05-31,2018-06-29,15.688561007980514,16.109814217385058,-1.4103625512345674,lead_dependent_anomaly_relaxation,1.0,True,0.2986843411545474,0.2986843411545474,340,7,2011|2012|2013|2014|2015|2016|2017,17bdca03b9e941b9e6faf1f39693b5c692788296ce440ecf83b641c0fb2af8ca,observation_time_proxy,historical data_available_time is unknown; observation_time is a pseudo-operational proxy,19.08533909722222,30,16.109814217385058,14.699451666150491,15.688561007980514,5,MAM
2018-05-01T00:00:00+00:00,2018-04-30,windermere,south,water_temperature,2.0,degC,month_3,2018-06-30,2018-07-29,17.753483913144052,18.004266475835216,-1.4103625512345674,lead_dependent_anomaly_relaxation,1.0,True,0.17781425242157836,0.17781425242157836,336,7,2011|2012|2013|2014|2015|2016|2017,ccf32aba3ebed52c2d4dcedc302b21afeda65d304e51e0f1e65b4c977ed96528,observation_time_proxy,historical data_available_time is unknown; observation_time is a pseudo-operational proxy,21.868661833333334,30,18.004266475835216,16.59390392460065,17.753483913144052,5,MAM
2018-05-08T00:00:00+00:00,2018-05-07,windermere,south,water_temperature,2.0,degC,month_1,2018-05-08,2018-06-06,12.285503693309916,12.957412390229885,-1.177521650771606,lead_dependent_anomaly_relaxation,1.0,True,0.57061260527964,0.57061260527964,344,7,2011|2012|2013|2014|2015|2016|2017,7048d4492b80625e029a83da1b5be4b4a09e79a3783d8ec6bc5d37fe1faa5731,observation_time_proxy,historical data_available_time is unknown; observation_time is a pseudo-operational proxy,15.304593916666667,30,12.957412390229885,11.77989073945828,12.285503693309916,5,MAM
2018-05-08T00:00:00+00:00,2018-05-07,windermere,south,water_temperature,2.0,degC,month_2,2018-06-07,2018-07-06,16.269358997812184,16.621066276268117,-1.177521650771606,lead_dependent_anomaly_relaxation,1.0,True,0.2986843411545474,0.2986843411545474,340,7,2011|2012|2013|2014|2015|2016|2017,17bdca03b9e941b9e6faf1f39693b5c692788296ce440ecf83b641c0fb2af8ca,observation_time_proxy,historical data_available_time is unknown; observation_time is a pseudo-operational proxy,19.922360930555556,30,16.621066276268117,15.44354462549651,16.269358997812184,5,MAM
2018-05-08T00:00:00+00:00,2018-05-07,windermere,south,water_temperature,2.0,degC,month_3,2018-07-07,2018-08-05,18.022507654727303,18.23188778676948,-1.177521650771606,lead_dependent_anomaly_relaxation,1.0,True,0.17781425242157836,0.17781425242157836,336,7,2011|2012|2013|2014|2015|2016|2017,ccf32aba3ebed52c2d4dcedc302b21afeda65d304e51e0f1e65b4c977ed96528,observation_time_proxy,historical data_available_time is unknown; observation_time is a pseudo-operational proxy,21.091992,30,18.23188778676948,17.054366135997874,18.022507654727303,5,MAM
2018-05-15T00:00:00+00:00,2018-05-14,windermere,south,water_temperature,2.0,degC,month_1,2018-05-15,2018-06-13,13.711219904164107,14.123951887112069,-0.723313819444444,lead_dependent_anomaly_relaxation,1.0,True,0.57061260527964,0.57061260527964,344,7,2011|2012|2013|2014|2015|2016|2017,7048d4492b80625e029a83da1b5be4b4a09e79a3783d8ec6bc5d37fe1faa5731,observation_time_proxy,historical data_available_time is unknown; observation_time is a pseudo-operational proxy,17.476946625,30,14.123951887112069,13.400638067667625,13.711219904164107,5,MAM
2018-05-15T00:00:00+00:00,2018-05-14,windermere,south,water_temperature,2.0,degC,month_2,2018-06-14,2018-07-13,16.83095356263917,17.046996074247915,-0.723313819444444,lead_dependent_anomaly_relaxation,1.0,True,0.2986843411545474,0.2986843411545474,340,7,2011|2012|2013|2014|2015|2016|2017,17bdca03b9e941b9e6faf1f39693b5c692788296ce440ecf83b641c0fb2af8ca,observation_time_proxy,historical data_available_time is unknown; observation_time is a pseudo-operational proxy,20.433718458333335,30,17.046996074247915,16.323682254803472,16.83095356263917,5,MAM
2018-05-15T00:00:00+00:00,2018-05-14,windermere,south,water_temperature,2.0,degC,month_3,2018-07-14,2018-08-12,18.125068716647544,18.253684222718253,-0.723313819444444,lead_dependent_anomaly_relaxation,1.0,True,0.17781425242157836,0.17781425242157836,336,7,2011|2012|2013|2014|2015|2016|2017,ccf32aba3ebed52c2d4dcedc302b21afeda65d304e51e0f1e65b4c977ed96528,observation_time_proxy,historical data_available_time is unknown; observation_time is a pseudo-operational proxy,20.254996944444443,30,18.253684222718253,17.530370403273807,18.125068716647544,5,MAM
2018-05-22T00:00:00+00:00,2018-05-21,windermere,south,water_temperature,2.0,degC,month_1,2018-05-22,2018-06-20,15.216366341418649,15.152004043117817,0.11279508672839533,lead_dependent_anomaly_relaxation,1.0,True,0.57061260527964,0.57061260527964,344,7,2011|2012|2013|2014|2015|2016|2017,7048d4492b80625e029a83da1b5be4b4a09e79a3783d8ec6bc5d37fe1faa5731,observation_time_proxy,historical data_available_time is unknown; observation_time is a pseudo-operational proxy,18.266129930555554,30,15.152004043117817,15.264799129846212,15.216366341418649,5,MAM
2018-05-22T00:00:00+00:00,2018-05-21,windermere,south,water_temperature,2.0,degC,month_2,2018-06-21,2018-07-20,17.50448288096841,17.47079275480347,0.11279508672839533,lead_dependent_anomaly_relaxation,1.0,True,0.2986843411545474,0.2986843411545474,340,7,2011|2012|2013|2014|2015|2016|2017,17bdca03b9e941b9e6faf1f39693b5c692788296ce440ecf83b641c0fb2af8ca,observation_time_proxy,historical data_available_time is unknown; observation_time is a pseudo-operational proxy,21.371430680555555,30,17.47079275480347,17.583587841531866,17.50448288096841,5,MAM
2018-05-22T00:00:00+00:00,2018-05-21,windermere,south,water_temperature,2.0,degC,month_3,2018-07-21,2018-08-19,18.17029668017423,18.150240106150793,0.11279508672839533,lead_dependent_anomaly_relaxation,1.0,True,0.17781425242157836,0.17781425242157836,336,7,2011|2012|2013|2014|2015|2016|2017,ccf32aba3ebed52c2d4dcedc302b21afeda65d304e51e0f1e65b4c977ed96528,observation_time_proxy,historical data_available_time is unknown; observation_time is a pseudo-operational proxy,19.56643586111111,30,18.150240106150793,18.263035192879187,18.17029668017423,5,MAM
2018-05-29T00:00:00+00:00,2018-05-28,windermere,south,water_temperature,2.0,degC,month_1,2018-05-29,2018-06-27,16.46048421227005,15.918339521647509,0.9501099092559517,lead_dependent_anomaly_relaxation,1.0,True,0.57061260527964,0.57061260527964,344,7,2011|2012|2013|2014|2015|2016|2017,7048d4492b80625e029a83da1b5be4b4a09e79a3783d8ec6bc5d37fe1faa5731,observation_time_proxy,historical data_available_time is unknown; observation_time is a pseudo-operational proxy,18.782978319444446,30,15.918339521647509,16.86844943090346,16.46048421227005,5,MAM
2018-05-29T00:00:00+00:00,2018-05-28,windermere,south,water_temperature,2.0,degC,month_2,2018-06-28,2018-07-27,18.169941952524184,17.886159000253663,0.9501099092559517,lead_dependent_anomaly_relaxation,1.0,True,0.2986843411545474,0.2986843411545474,340,7,2011|2012|2013|2014|2015|2016|2017,17bdca03b9e941b9e6faf1f39693b5c692788296ce440ecf83b641c0fb2af8ca,observation_time_proxy,historical data_available_time is unknown; observation_time is a pseudo-operational proxy,21.972246291666668,30,17.886159000253663,18.836268909509613,18.169941952524184,5,MAM
2018-05-29T00:00:00+00:00,2018-05-28,windermere,south,water_temperature,2.0,degC,month_3,2018-07-28,2018-08-26,18.04362333068068,17.874680247448,0.9501099092559517,lead_dependent_anomaly_relaxation,1.0,True,0.17781425242157836,0.17781425242157836,336,7,2011|2012|2013|2014|2015|2016|2017,ccf32aba3ebed52c2d4dcedc302b21afeda65d304e51e0f1e65b4c977ed96528,observation_time_proxy,historical data_available_time is unknown; observation_time is a pseudo-operational proxy,18.87698539673913,30,17.874680247448,18.824790156703955,18.04362333068068,5,MAM
2018-06-05T00:00:00+00:00,2018-06-04,windermere,south,water_temperature,2.0,degC,month_1,2018-06-05,2018-07-04,17.700764286492426,16.507332070833332,2.0914929053735634,lead_dependent_anomaly_relaxation,1.0,True,0.57061260527964,0.57061260527964,344,7,2011|2012|2013|2014|2015|2016|2017,7048d4492b80625e029a83da1b5be4b4a09e79a3783d8ec6bc5d37fe1faa5731,observation_time_proxy,historical data_available_time is unknown; observation_time is a pseudo-operational proxy,19.70290976388889,30,16.507332070833332,18.598824976206895,17.700764286492426,6,JJA
2018-06-05T00:00:00+00:00,2018-06-04,windermere,south,water_temperature,2.0,degC,month_2,2018-07-05,2018-08-03,18.808117672774383,18.18342149230347,2.0914929053735634,lead_dependent_anomaly_relaxation,1.0,True,0.2986843411545474,0.2986843411545474,340,7,2011|2012|2013|2014|2015|2016|2017,17bdca03b9e941b9e6faf1f39693b5c692788296ce440ecf83b641c0fb2af8ca,observation_time_proxy,historical data_available_time is unknown; observation_time is a pseudo-operational proxy,21.319318541666668,30,18.18342149230347,20.274914397677033,18.808117672774383,6,JJA
2018-06-05T00:00:00+00:00,2018-06-04,windermere,south,water_temperature,2.0,degC,month_3,2018-08-04,2018-09-02,17.932717127572765,17.56081988015873,2.0914929053735634,lead_dependent_anomaly_relaxation,1.0,True,0.17781425242157836,0.17781425242157836,336,7,2011|2012|2013|2014|2015|2016|2017,ccf32aba3ebed52c2d4dcedc302b21afeda65d304e51e0f1e65b4c977ed96528,observation_time_proxy,historical data_available_time is unknown; observation_time is a pseudo-operational proxy,18.338267175779535,30,17.56081988015873,19.652312785532292,17.932717127572765,6,JJA
2018-06-12T00:00:00+00:00,2018-06-11,windermere,south,water_temperature,2.0,degC,month_1,2018-06-12,2018-07-11,18.69407898531951,16.90885172210145,3.128615187782568,lead_dependent_anomaly_relaxation,1.0,True,0.57061260527964,0.57061260527964,344,7,2011|2012|2013|2014|2015|2016|2017,7048d4492b80625e029a83da1b5be4b4a09e79a3783d8ec6bc5d37fe1faa5731,observation_time_proxy,historical data_available_time is unknown; observation_time is a pseudo-operational proxy,20.306371194444445,30,16.90885172210145,20.037466909884017,18.69407898531951,6,JJA
2018-06-12T00:00:00+00:00,2018-06-11,windermere,south,water_temperature,2.0,degC,month_2,2018-07-12,2018-08-10,19.21329673698541,18.278828370896463,3.128615187782568,lead_dependent_anomaly_relaxation,1.0,True,0.2986843411545474,0.2986843411545474,340,7,2011|2012|2013|2014|2015|2016|2017,17bdca03b9e941b9e6faf1f39693b5c692788296ce440ecf83b641c0fb2af8ca,observation_time_proxy,historical data_available_time is unknown; observation_time is a pseudo-operational proxy,20.485018069444443,30,18.278828370896463,21.40744355867903,19.21329673698541,6,JJA
2018-06-12T00:00:00+00:00,2018-06-11,windermere,south,water_temperature,2.0,degC,month_3,2018-08-11,2018-09-09,17.816923216563687,17.260610845833334,3.128615187782568,lead_dependent_anomaly_relaxation,1.0,True,0.17781425242157836,0.17781425242157836,336,7,2011|2012|2013|2014|2015|2016|2017,ccf32aba3ebed52c2d4dcedc302b21afeda65d304e51e0f1e65b4c977ed96528,observation_time_proxy,historical data_available_time is unknown; observation_time is a pseudo-operational proxy,17.851385550779533,30,17.260610845833334,20.389226033615902,17.816923216563687,6,JJA
2018-06-19T00:00:00+00:00,2018-06-18,windermere,south,water_temperature,2.0,degC,month_1,2018-06-19,2018-07-18,19.21338823983171,17.357605636747913,3.2522635951484666,lead_dependent_anomaly_relaxation,1.0,True,0.57061260527964,0.57061260527964,344,7,2011|2012|2013|2014|2015|2016|2017,7048d4492b80625e029a83da1b5be4b4a09e79a3783d8ec6bc5d37fe1faa5731,observation_time_proxy,historical data_available_time is unknown; observation_time is a pseudo-operational proxy,21.09535976388889,30,17.357605636747913,20.60986923189638,19.21338823983171,6,JJA
2018-06-19T00:00:00+00:00,2018-06-18,windermere,south,water_temperature,2.0,degC,month_2,2018-07-19,2018-08-17,19.16826659370165,18.19686638452381,3.2522635951484666,lead_dependent_anomaly_relaxation,1.0,True,0.2986843411545474,0.2986843411545474,340,7,2011|2012|2013|2014|2015|2016|2017,17bdca03b9e941b9e6faf1f39693b5c692788296ce440ecf83b641c0fb2af8ca,observation_time_proxy,historical data_available_time is unknown; observation_time is a pseudo-operational proxy,19.773636625,30,18.19686638452381,21.449129979672275,19.16826659370165,6,JJA
2018-06-19T00:00:00+00:00,2018-06-18,windermere,south,water_temperature,2.0,degC,month_3,2018-08-18,2018-09-16,17.477645382349237,16.8993465625,3.2522635951484666,lead_dependent_anomaly_relaxation,1.0,True,0.17781425242157836,0.17781425242157836,336,7,2011|2012|2013|2014|2015|2016|2017,ccf32aba3ebed52c2d4dcedc302b21afeda65d304e51e0f1e65b4c977ed96528,observation_time_proxy,historical data_available_time is unknown; observation_time is a pseudo-operational proxy,17.1840697174462,30,16.8993465625,20.151610157648467,17.477645382349237,6,JJA
2018-06-26T00:00:00+00:00,2018-06-25,windermere,south,water_temperature,2.0,degC,month_1,2018-06-26,2018-07-25,19.38331929663084,17.75909211591458,2.846462145574712,lead_dependent_anomaly_relaxation,1.0,True,0.57061260527964,0.57061260527964,344,7,2011|2012|2013|2014|2015|2016|2017,7048d4492b80625e029a83da1b5be4b4a09e79a3783d8ec6bc5d37fe1faa5731,observation_time_proxy,historical data_available_time is unknown; observation_time is a pseudo-operational proxy,21.893058416666666,30,17.75909211591458,20.605554261489292,19.38331929663084,6,JJA
2018-06-26T00:00:00+00:00,2018-06-25,windermere,south,water_temperature,2.0,degC,month_2,2018-07-26,2018-08-24,18.817863529401706,17.967669858829364,2.846462145574712,lead_dependent_anomaly_relaxation,1.0,True,0.2986843411545474,0.2986843411545474,340,7,2011|2012|2013|2014|2015|2016|2017,17bdca03b9e941b9e6faf1f39693b5c692788296ce440ecf83b641c0fb2af8ca,observation_time_proxy,historical data_available_time is unknown; observation_time is a pseudo-operational proxy,19.118160652777778,30,17.967669858829364,20.814132004404076,18.817863529401706,6,JJA
2018-06-26T00:00:00+00:00,2018-06-25,windermere,south,water_temperature,2.0,degC,month_3,2018-08-25,2018-09-23,16.9743002870728,16.46815874861111,2.846462145574712,lead_dependent_anomaly_relaxation,1.0,True,0.17781425242157836,0.17781425242157836,336,7,2011|2012|2013|2014|2015|2016|2017,ccf32aba3ebed52c2d4dcedc302b21afeda65d304e51e0f1e65b4c977ed96528,observation_time_proxy,historical data_available_time is unknown; observation_time is a pseudo-operational proxy,16.474274826141855,30,16.46815874861111,19.314620894185822,16.9743002870728,6,JJA
2018-07-03T00:00:00+00:00,2018-07-02,windermere,south,water_temperature,2.0,degC,month_1,2018-07-03,2018-08-01,19.890948364929123,18.12207220262093,3.0999598430555544,lead_dependent_anomaly_relaxation,1.0,True,0.57061260527964,0.57061260527964,344,7,2011|2012|2013|2014|2015|2016|2017,7048d4492b80625e029a83da1b5be4b4a09e79a3783d8ec6bc5d37fe1faa5731,observation_time_proxy,historical data_available_time is unknown; observation_time is a pseudo-operational proxy,21.55278226388889,30,18.12207220262093,21.222032045676485,19.890948364929123,7,JJA
2018-07-03T00:00:00+00:00,2018-07-02,windermere,south,water_temperature,2.0,degC,month_2,2018-08-02,2018-08-31,18.57175213376511,17.645842670436508,3.0999598430555544,lead_dependent_anomaly_relaxation,1.0,True,0.2986843411545474,0.2986843411545474,340,7,2011|2012|2013|2014|2015|2016|2017,17bdca03b9e941b9e6faf1f39693b5c692788296ce440ecf83b641c0fb2af8ca,observation_time_proxy,historical data_available_time is unknown; observation_time is a pseudo-operational proxy,18.455374634112868,30,17.645842670436508,20.745802513492063,18.57175213376511,7,JJA
2018-07-03T00:00:00+00:00,2018-07-02,windermere,south,water_temperature,2.0,degC,month_3,2018-09-01,2018-09-30,16.504857619807616,15.953640577777778,3.0999598430555544,lead_dependent_anomaly_relaxation,1.0,True,0.17781425242157836,0.17781425242157836,336,7,2011|2012|2013|2014|2015|2016|2017,ccf32aba3ebed52c2d4dcedc302b21afeda65d304e51e0f1e65b4c977ed96528,observation_time_proxy,historical data_available_time is unknown; observation_time is a pseudo-operational proxy,15.673718378897671,30,15.953640577777778,19.053600420833334,16.504857619807616,7,JJA
2018-07-10T00:00:00+00:00,2018-07-09,windermere,south,water_temperature,2.0,degC,month_1,2018-07-10,2018-08-08,20.222910569869036,18.28131537288059,3.402650377898553,lead_dependent_anomaly_relaxation,1.0,True,0.57061260527964,0.57061260527964,344,7,2011|2012|2013|2014|2015|2016|2017,7048d4492b80625e029a83da1b5be4b4a09e79a3783d8ec6bc5d37fe1faa5731,observation_time_proxy,historical data_available_time is unknown; observation_time is a pseudo-operational proxy,20.733285708333334,30,18.28131537288059,21.683965750779144,20.222910569869036,7,JJA
2018-07-10T00:00:00+00:00,2018-07-09,windermere,south,water_temperature,2.0,degC,month_2,2018-08-09,2018-09-07,18.36838543352412,17.35206704722222,3.402650377898553,lead_dependent_anomaly_relaxation,1.0,True,0.2986843411545474,0.2986843411545474,340,7,2011|2012|2013|2014|2015|2016|2017,17bdca03b9e941b9e6faf1f39693b5c692788296ce440ecf83b641c0fb2af8ca,observation_time_proxy,historical data_available_time is unknown; observation_time is a pseudo-operational proxy,18.006680814668425,30,17.35206704722222,20.754717425120774,18.36838543352412,7,JJA
2018-07-10T00:00:00+00:00,2018-07-09,windermere,south,water_temperature,2.0,degC,month_3,2018-09-08,2018-10-07,15.978602901253588,15.373563168055556,3.402650377898553,lead_dependent_anomaly_relaxation,1.0,True,0.17781425242157836,0.17781425242157836,336,7,2011|2012|2013|2014|2015|2016|2017,ccf32aba3ebed52c2d4dcedc302b21afeda65d304e51e0f1e65b4c977ed96528,observation_time_proxy,historical data_available_time is unknown; observation_time is a pseudo-operational proxy,14.720093809453228,30,15.373563168055556,18.776213545954107,15.978602901253588,7,JJA
2018-07-17T00:00:00+00:00,2018-07-16,windermere,south,water_temperature,2.0,degC,month_1,2018-07-17,2018-08-15,20.259975181915127,18.22103479126984,3.573248070196531,lead_dependent_anomaly_relaxation,1.0,True,0.57061260527964,0.57061260527964,344,7,2011|2012|2013|2014|2015|2016|2017,7048d4492b80625e029a83da1b5be4b4a09e79a3783d8ec6bc5d37fe1faa5731,observation_time_proxy,historical data_available_time is unknown; observation_time is a pseudo-operational proxy,19.964953625,30,18.22103479126984,21.79428286146637,20.259975181915127,7,JJA
2018-07-17T00:00:00+00:00,2018-07-16,windermere,south,water_temperature,2.0,degC,month_2,2018-08-16,2018-09-14,18.079043290072853,17.011770044444443,3.573248070196531,lead_dependent_anomaly_relaxation,1.0,True,0.2986843411545474,0.2986843411545474,340,7,2011|2012|2013|2014|2015|2016|2017,17bdca03b9e941b9e6faf1f39693b5c692788296ce440ecf83b641c0fb2af8ca,observation_time_proxy,historical data_available_time is unknown; observation_time is a pseudo-operational proxy,17.36820723133509,30,17.011770044444443,20.585018114640974,18.079043290072853,7,JJA
2018-07-17T00:00:00+00:00,2018-07-16,windermere,south,water_temperature,2.0,degC,month_3,2018-09-15,2018-10-14,15.363950646818843,14.7285762125,3.573248070196531,lead_dependent_anomaly_relaxation,1.0,True,0.17781425242157836,0.17781425242157836,336,7,2011|2012|2013|2014|2015|2016|2017,ccf32aba3ebed52c2d4dcedc302b21afeda65d304e51e0f1e65b4c977ed96528,observation_time_proxy,historical data_available_time is unknown; observation_time is a pseudo-operational proxy,13.884152476119894,30,14.7285762125,18.30182428269653,15.363950646818843,7,JJA
2018-07-24T00:00:00+00:00,2018-07-23,windermere,south,water_temperature,2.0,degC,month_1,2018-07-24,2018-08-22,20.378922429234674,18.046525549305557,4.087531292418753,lead_dependent_anomaly_relaxation,1.0,True,0.57061260527964,0.57061260527964,344,7,2011|2012|2013|2014|2015|2016|2017,7048d4492b80625e029a83da1b5be4b4a09e79a3783d8ec6bc5d37fe1faa5731,observation_time_proxy,historical data_available_time is unknown; observation_time is a pseudo-operational proxy,19.313146430555555,30,18.046525549305557,22.13405684172431,20.378922429234674,7,JJA
2018-07-24T00:00:00+00:00,2018-07-23,windermere,south,water_temperature,2.0,degC,month_2,2018-08-23,2018-09-21,17.82584078685802,16.60495919583333,4.087531292418753,lead_dependent_anomaly_relaxation,1.0,True,0.2986843411545474,0.2986843411545474,340,7,2011|2012|2013|2014|2015|2016|2017,17bdca03b9e941b9e6faf1f39693b5c692788296ce440ecf83b641c0fb2af8ca,observation_time_proxy,historical data_available_time is unknown; observation_time is a pseudo-operational proxy,16.70087735391963,30,16.60495919583333,20.692490488252083,17.82584078685802,7,JJA
2018-07-24T00:00:00+00:00,2018-07-23,windermere,south,water_temperature,2.0,degC,month_3,2018-09-22,2018-10-21,14.786950365455693,14.060129044444444,4.087531292418753,lead_dependent_anomaly_relaxation,1.0,True,0.17781425242157836,0.17781425242157836,336,7,2011|2012|2013|2014|2015|2016|2017,ccf32aba3ebed52c2d4dcedc302b21afeda65d304e51e0f1e65b4c977ed96528,observation_time_proxy,historical data_available_time is unknown; observation_time is a pseudo-operational proxy,13.199368381313132,30,14.060129044444444,18.147660336863197,14.786950365455693,7,JJA
2018-07-31T00:00:00+00:00,2018-07-30,windermere,south,water_temperature,2.0,degC,month_1,2018-07-31,2018-08-29,19.85293294336904,17.73042269126984,3.719704458787799,lead_dependent_anomaly_relaxation,1.0,True,0.57061260527964,0.57061260527964,344,7,2011|2012|2013|2014|2015|2016|2017,7048d4492b80625e029a83da1b5be4b4a09e79a3783d8ec6bc5d37fe1faa5731,observation_time_proxy,historical data_available_time is unknown; observation_time is a pseudo-operational proxy,18.579432259112867,30,17.73042269126984,21.45012715005764,19.85293294336904,7,JJA
2018-07-31T00:00:00+00:00,2018-07-30,windermere,south,water_temperature,2.0,degC,month_2,2018-08-30,2018-09-28,17.209587700562665,16.098570225,3.719704458787799,lead_dependent_anomaly_relaxation,1.0,True,0.2986843411545474,0.2986843411545474,340,7,2011|2012|2013|2014|2015|2016|2017,17bdca03b9e941b9e6faf1f39693b5c692788296ce440ecf83b641c0fb2af8ca,observation_time_proxy,historical data_available_time is unknown; observation_time is a pseudo-operational proxy,15.914605837231006,30,16.098570225,19.8182746837878,17.209587700562665,7,JJA
2018-07-31T00:00:00+00:00,2018-07-30,windermere,south,water_temperature,2.0,degC,month_3,2018-09-29,2018-10-28,14.012136591179676,13.350720123611111,3.719704458787799,lead_dependent_anomaly_relaxation,1.0,True,0.17781425242157836,0.17781425242157836,336,7,2011|2012|2013|2014|2015|2016|2017,ccf32aba3ebed52c2d4dcedc302b21afeda65d304e51e0f1e65b4c977ed96528,observation_time_proxy,historical data_available_time is unknown; observation_time is a pseudo-operational proxy,12.643134777777778,30,13.350720123611111,17.07042458239891,14.012136591179676,7,JJA
2018-08-07T00:00:00+00:00,2018-08-06,windermere,south,water_temperature,2.0,degC,month_1,2018-08-07,2018-09-05,19.002928861533228,17.44438269404762,2.7313560076749646,lead_dependent_anomaly_relaxation,1.0,True,0.57061260527964,0.57061260527964,344,7,2011|2012|2013|2014|2015|2016|2017,7048d4492b80625e029a83da1b5be4b4a09e79a3783d8ec6bc5d37fe1faa5731,observation_time_proxy,historical data_available_time is unknown; observation_time is a pseudo-operational proxy,18.13448499522398,30,17.44438269404762,20.175738701722583,19.002928861533228,8,JJA
2018-08-07T00:00:00+00:00,2018-08-06,windermere,south,water_temperature,2.0,degC,month_2,2018-09-06,2018-10-05,16.363098866833134,15.547285597222222,2.7313560076749646,lead_dependent_anomaly_relaxation,1.0,True,0.2986843411545474,0.2986843411545474,340,7,2011|2012|2013|2014|2015|2016|2017,17bdca03b9e941b9e6faf1f39693b5c692788296ce440ecf83b641c0fb2af8ca,observation_time_proxy,historical data_available_time is unknown; observation_time is a pseudo-operational proxy,15.008931087231005,30,15.547285597222222,18.27864160489719,16.363098866833134,8,JJA
2018-08-07T00:00:00+00:00,2018-08-06,windermere,south,water_temperature,2.0,degC,month_3,2018-10-06,2018-11-04,13.110312291789109,12.624638265187198,2.7313560076749646,lead_dependent_anomaly_relaxation,1.0,True,0.17781425242157836,0.17781425242157836,336,7,2011|2012|2013|2014|2015|2016|2017,ccf32aba3ebed52c2d4dcedc302b21afeda65d304e51e0f1e65b4c977ed96528,observation_time_proxy,historical data_available_time is unknown; observation_time is a pseudo-operational proxy,11.978288222222222,30,12.624638265187198,15.355994272862162,13.110312291789109,8,JJA
2018-08-14T00:00:00+00:00,2018-08-13,windermere,south,water_temperature,2.0,degC,month_1,2018-08-14,2018-09-12,18.213445236635412,17.117365030555554,1.9208832681547605,lead_dependent_anomaly_relaxation,1.0,True,0.57061260527964,0.57061260527964,344,7,2011|2012|2013|2014|2015|2016|2017,7048d4492b80625e029a83da1b5be4b4a09e79a3783d8ec6bc5d37fe1faa5731,observation_time_proxy,historical data_available_time is unknown; observation_time is a pseudo-operational proxy,17.57084798133509,30,17.117365030555554,19.038248298710315,18.213445236635412,8,JJA
2018-08-14T00:00:00+00:00,2018-08-13,windermere,south,water_temperature,2.0,degC,month_2,2018-09-13,2018-10-12,15.491256754772488,14.91751900138889,1.9208832681547605,lead_dependent_anomaly_relaxation,1.0,True,0.2986843411545474,0.2986843411545474,340,7,2011|2012|2013|2014|2015|2016|2017,17bdca03b9e941b9e6faf1f39693b5c692788296ce440ecf83b641c0fb2af8ca,observation_time_proxy,historical data_available_time is unknown; observation_time is a pseudo-operational proxy,14.102009976119895,30,14.91751900138889,16.83840226954365,15.491256754772488,8,JJA
2018-08-14T00:00:00+00:00,2018-08-13,windermere,south,water_temperature,2.0,degC,month_3,2018-10-13,2018-11-11,12.2372758731977,11.895715450881642,1.9208832681547605,lead_dependent_anomaly_relaxation,1.0,True,0.17781425242157836,0.17781425242157836,336,7,2011|2012|2013|2014|2015|2016|2017,ccf32aba3ebed52c2d4dcedc302b21afeda65d304e51e0f1e65b4c977ed96528,observation_time_proxy,historical data_available_time is unknown; observation_time is a pseudo-operational proxy,11.335699388888889,30,11.895715450881642,13.816598719036403,12.2372758731977,8,JJA
2018-08-21T00:00:00+00:00,2018-08-20,windermere,south,water_temperature,2.0,degC,month_1,2018-08-21,2018-09-19,17.50006593840762,16.7225196,1.3626518783730148,lead_dependent_anomaly_relaxation,1.0,True,0.57061260527964,0.57061260527964,344,7,2011|2012|2013|2014|2015|2016|2017,7048d4492b80625e029a83da1b5be4b4a09e79a3783d8ec6bc5d37fe1faa5731,observation_time_proxy,historical data_available_time is unknown; observation_time is a pseudo-operational proxy,16.922381536890647,30,16.7225196,18.085171478373013,17.50006593840762,8,JJA
2018-08-21T00:00:00+00:00,2018-08-20,windermere,south,water_temperature,2.0,degC,month_2,2018-09-20,2018-10-19,14.662150431292629,14.255147652777778,1.3626518783730148,lead_dependent_anomaly_relaxation,1.0,True,0.2986843411545474,0.2986843411545474,340,7,2011|2012|2013|2014|2015|2016|2017,17bdca03b9e941b9e6faf1f39693b5c692788296ce440ecf83b641c0fb2af8ca,observation_time_proxy,historical data_available_time is unknown; observation_time is a pseudo-operational proxy,13.375311990008782,30,14.255147652777778,15.617799531150792,14.662150431292629,8,JJA
2018-08-21T00:00:00+00:00,2018-08-20,windermere,south,water_temperature,2.0,degC,month_3,2018-10-20,2018-11-18,11.417941707612066,11.175642782548309,1.3626518783730148,lead_dependent_anomaly_relaxation,1.0,True,0.17781425242157836,0.17781425242157836,336,7,2011|2012|2013|2014|2015|2016|2017,ccf32aba3ebed52c2d4dcedc302b21afeda65d304e51e0f1e65b4c977ed96528,observation_time_proxy,historical data_available_time is unknown; observation_time is a pseudo-operational proxy,10.673781694444445,30,11.175642782548309,12.538294660921323,11.417941707612066,8,JJA
2018-08-28T00:00:00+00:00,2018-08-27,windermere,south,water_temperature,2.0,degC,month_1,2018-08-28,2018-09-26,16.76980026645964,16.24337950416667,0.9225536860248447,lead_dependent_anomaly_relaxation,1.0,True,0.57061260527964,0.57061260527964,344,7,2011|2012|2013|2014|2015|2016|2017,7048d4492b80625e029a83da1b5be4b4a09e79a3783d8ec6bc5d37fe1faa5731,observation_time_proxy,historical data_available_time is unknown; observation_time is a pseudo-operational proxy,16.131125762736055,30,16.24337950416667,17.165933190191513,16.76980026645964,8,JJA
2018-08-28T00:00:00+00:00,2018-08-27,windermere,south,water_temperature,2.0,degC,month_2,2018-09-27,2018-10-26,13.833238919056697,13.557686579166667,0.9225536860248447,lead_dependent_anomaly_relaxation,1.0,True,0.2986843411545474,0.2986843411545474,340,7,2011|2012|2013|2014|2015|2016|2017,17bdca03b9e941b9e6faf1f39693b5c692788296ce440ecf83b641c0fb2af8ca,observation_time_proxy,historical data_available_time is unknown; observation_time is a pseudo-operational proxy,12.819681131313132,30,13.557686579166667,14.480240265191512,13.833238919056697,8,JJA
2018-08-28T00:00:00+00:00,2018-08-27,windermere,south,water_temperature,2.0,degC,month_3,2018-10-27,2018-11-25,10.659148885714256,10.495105691714976,0.9225536860248447,lead_dependent_anomaly_relaxation,1.0,True,0.17781425242157836,0.17781425242157836,336,7,2011|2012|2013|2014|2015|2016|2017,ccf32aba3ebed52c2d4dcedc302b21afeda65d304e51e0f1e65b4c977ed96528,observation_time_proxy,historical data_available_time is unknown; observation_time is a pseudo-operational proxy,9.972219708333334,30,10.495105691714976,11.41765937773982,10.659148885714256,8,JJA
2018-09-04T00:00:00+00:00,2018-09-03,windermere,south,water_temperature,2.0,degC,month_1,2018-09-04,2018-10-03,16.15497744699305,15.725159343055555,0.7532572886763589,lead_dependent_anomaly_relaxation,1.0,True,0.57061260527964,0.57061260527964,344,7,2011|2012|2013|2014|2015|2016|2017,7048d4492b80625e029a83da1b5be4b4a09e79a3783d8ec6bc5d37fe1faa5731,observation_time_proxy,historical data_available_time is unknown; observation_time is a pseudo-operational proxy,15.288503878897671,30,15.725159343055555,16.478416631731914,16.15497744699305,9,SON
2018-09-04T00:00:00+00:00,2018-09-03,windermere,south,water_temperature,2.0,degC,month_2,2018-10-04,2018-11-02,13.051838728425357,12.826852571437199,0.7532572886763589,lead_dependent_anomaly_relaxation,1.0,True,0.2986843411545474,0.2986843411545474,340,7,2011|2012|2013|2014|2015|2016|2017,17bdca03b9e941b9e6faf1f39693b5c692788296ce440ecf83b641c0fb2af8ca,observation_time_proxy,historical data_available_time is unknown; observation_time is a pseudo-operational proxy,12.174029791666666,30,12.826852571437199,13.580109860113557,13.051838728425357,9,SON
2018-09-04T00:00:00+00:00,2018-09-03,windermere,south,water_temperature,2.0,degC,month_3,2018-11-03,2018-12-02,9.92814633680598,9.79420645513889,0.7532572886763589,lead_dependent_anomaly_relaxation,1.0,True,0.17781425242157836,0.17781425242157836,336,7,2011|2012|2013|2014|2015|2016|2017,ccf32aba3ebed52c2d4dcedc302b21afeda65d304e51e0f1e65b4c977ed96528,observation_time_proxy,historical data_available_time is unknown; observation_time is a pseudo-operational proxy,9.410146319444445,30,9.79420645513889,10.547463743815248,9.92814633680598,9,SON
2018-09-11T00:00:00+00:00,2018-09-10,windermere,south,water_temperature,2.0,degC,month_1,2018-09-11,2018-10-10,15.41777253224761,15.104099111111111,0.5497134452239756,lead_dependent_anomaly_relaxation,1.0,True,0.57061260527964,0.57061260527964,344,7,2011|2012|2013|2014|2015|2016|2017,7048d4492b80625e029a83da1b5be4b4a09e79a3783d8ec6bc5d37fe1faa5731,observation_time_proxy,historical data_available_time is unknown; observation_time is a pseudo-operational proxy,14.33029301778656,30,15.104099111111111,15.653812556335087,15.41777253224761,9,SON
2018-09-11T00:00:00+00:00,2018-09-10,windermere,south,water_temperature,2.0,degC,month_2,2018-10-11,2018-11-09,12.270026163397718,12.105835365187199,0.5497134452239756,lead_dependent_anomaly_relaxation,1.0,True,0.2986843411545474,0.2986843411545474,340,7,2011|2012|2013|2014|2015|2016|2017,17bdca03b9e941b9e6faf1f39693b5c692788296ce440ecf83b641c0fb2af8ca,observation_time_proxy,historical data_available_time is unknown; observation_time is a pseudo-operational proxy,11.525968138888889,30,12.105835365187199,12.655548810411174,12.270026163397718,9,SON
2018-09-11T00:00:00+00:00,2018-09-10,windermere,south,water_temperature,2.0,degC,month_3,2018-11-10,2018-12-09,9.182544220821876,9.084797335513285,0.5497134452239756,lead_dependent_anomaly_relaxation,1.0,True,0.17781425242157836,0.17781425242157836,336,7,2011|2012|2013|2014|2015|2016|2017,ccf32aba3ebed52c2d4dcedc302b21afeda65d304e51e0f1e65b4c977ed96528,observation_time_proxy,historical data_available_time is unknown; observation_time is a pseudo-operational proxy,8.92479311111111,30,9.084797335513285,9.63451078073726,9.182544220821876,9,SON
2018-09-18T00:00:00+00:00,2018-09-17,windermere,south,water_temperature,2.0,degC,month_1,2018-09-18,2018-10-17,14.59772379776631,14.446916180555556,0.26429072161286626,lead_dependent_anomaly_relaxation,1.0,True,0.57061260527964,0.57061260527964,344,7,2011|2012|2013|2014|2015|2016|2017,7048d4492b80625e029a83da1b5be4b4a09e79a3783d8ec6bc5d37fe1faa5731,observation_time_proxy,historical data_available_time is unknown; observation_time is a pseudo-operational proxy,13.574920378897673,30,14.446916180555556,14.711206902168422,14.59772379776631,9,SON
2018-09-18T00:00:00+00:00,2018-09-17,windermere,south,water_temperature,2.0,degC,month_2,2018-10-18,2018-11-16,11.455738394550954,11.376798894492754,0.26429072161286626,lead_dependent_anomaly_relaxation,1.0,True,0.2986843411545474,0.2986843411545474,340,7,2011|2012|2013|2014|2015|2016|2017,17bdca03b9e941b9e6faf1f39693b5c692788296ce440ecf83b641c0fb2af8ca,observation_time_proxy,historical data_available_time is unknown; observation_time is a pseudo-operational proxy,10.862039347222222,30,11.376798894492754,11.64108961610562,11.455738394550954,9,SON
2018-09-18T00:00:00+00:00,2018-09-17,windermere,south,water_temperature,2.0,degC,month_3,2018-11-17,2018-12-16,8.449873640098836,8.402878983013284,0.26429072161286626,lead_dependent_anomaly_relaxation,1.0,True,0.17781425242157836,0.17781425242157836,336,7,2011|2012|2013|2014|2015|2016|2017,ccf32aba3ebed52c2d4dcedc302b21afeda65d304e51e0f1e65b4c977ed96528,observation_time_proxy,historical data_available_time is unknown; observation_time is a pseudo-operational proxy,8.434947583333333,30,8.402878983013284,8.66716970462615,8.449873640098836,9,SON
2018-09-25T00:00:00+00:00,2018-09-24,windermere,south,water_temperature,2.0,degC,month_1,2018-09-25,2018-10-24,13.737695792117881,13.758269909722223,-0.036056191913704794,lead_dependent_anomaly_relaxation,1.0,True,0.57061260527964,0.57061260527964,344,7,2011|2012|2013|2014|2015|2016|2017,7048d4492b80625e029a83da1b5be4b4a09e79a3783d8ec6bc5d37fe1faa5731,observation_time_proxy,historical data_available_time is unknown; observation_time is a pseudo-operational proxy,12.96520788131313,30,13.758269909722223,13.722213717808518,13.737695792117881,9,SON
2018-09-25T00:00:00+00:00,2018-09-24,windermere,south,water_temperature,2.0,degC,month_2,2018-10-25,2018-11-23,10.677067589705356,10.687837009631643,-0.036056191913704794,lead_dependent_anomaly_relaxation,1.0,True,0.2986843411545474,0.2986843411545474,340,7,2011|2012|2013|2014|2015|2016|2017,17bdca03b9e941b9e6faf1f39693b5c692788296ce440ecf83b641c0fb2af8ca,observation_time_proxy,historical data_available_time is unknown; observation_time is a pseudo-operational proxy,10.172468875,30,10.687837009631643,10.651780817717938,10.677067589705356,9,SON
2018-09-25T00:00:00+00:00,2018-09-24,windermere,south,water_temperature,2.0,degC,month_3,2018-11-24,2018-12-23,7.751973313480759,7.758384618291063,-0.036056191913704794,lead_dependent_anomaly_relaxation,1.0,True,0.17781425242157836,0.17781425242157836,336,7,2011|2012|2013|2014|2015|2016|2017,ccf32aba3ebed52c2d4dcedc302b21afeda65d304e51e0f1e65b4c977ed96528,observation_time_proxy,historical data_available_time is unknown; observation_time is a pseudo-operational proxy,7.947523263888889,30,7.758384618291063,7.722328426377358,7.751973313480759,9,SON
2018-10-02T00:00:00+00:00,2018-10-01,windermere,south,water_temperature,2.0,degC,month_1,2018-10-02,2018-10-31,12.84359727341098,13.033201039492754,-0.3322810683245496,lead_dependent_anomaly_relaxation,1.0,True,0.57061260527964,0.57061260527964,344,7,2011|2012|2013|2014|2015|2016|2017,7048d4492b80625e029a83da1b5be4b4a09e79a3783d8ec6bc5d37fe1faa5731,observation_time_proxy,historical data_available_time is unknown; observation_time is a pseudo-operational proxy,12.364212916666666,30,13.033201039492754,12.700919971168204,12.84359727341098,10,SON
2018-10-02T00:00:00+00:00,2018-10-01,windermere,south,water_temperature,2.0,degC,month_2,2018-11-01,2018-11-30,9.901235794418241,10.000482946388889,-0.3322810683245496,lead_dependent_anomaly_relaxation,1.0,True,0.2986843411545474,0.2986843411545474,340,7,2011|2012|2013|2014|2015|2016|2017,17bdca03b9e941b9e6faf1f39693b5c692788296ce440ecf83b641c0fb2af8ca,observation_time_proxy,historical data_available_time is unknown; observation_time is a pseudo-operational proxy,9.554490166666668,30,10.000482946388889,9.66820187806434,9.901235794418241,10,SON
2018-10-02T00:00:00+00:00,2018-10-01,windermere,south,water_temperature,2.0,degC,month_3,2018-12-01,2018-12-30,7.140925939088645,7.200010248846619,-0.3322810683245496,lead_dependent_anomaly_relaxation,1.0,True,0.17781425242157836,0.17781425242157836,336,7,2011|2012|2013|2014|2015|2016|2017,ccf32aba3ebed52c2d4dcedc302b21afeda65d304e51e0f1e65b4c977ed96528,observation_time_proxy,historical data_available_time is unknown; observation_time is a pseudo-operational proxy,7.565715430555556,30,7.200010248846619,6.867729180522069,7.140925939088645,10,SON
2018-10-09T00:00:00+00:00,2018-10-08,windermere,south,water_temperature,2.0,degC,month_1,2018-10-09,2018-11-07,11.916434630380062,12.316127106576086,-0.7004620516578814,lead_dependent_anomaly_relaxation,1.0,True,0.57061260527964,0.57061260527964,344,7,2011|2012|2013|2014|2015|2016|2017,7048d4492b80625e029a83da1b5be4b4a09e79a3783d8ec6bc5d37fe1faa5731,observation_time_proxy,historical data_available_time is unknown; observation_time is a pseudo-operational proxy,11.706008291666667,30,12.316127106576086,11.615665054918205,11.916434630380062,10,SON
2018-10-09T00:00:00+00:00,2018-10-08,windermere,south,water_temperature,2.0,degC,month_2,2018-11-08,2018-12-07,9.073793247026755,9.283010293429951,-0.7004620516578814,lead_dependent_anomaly_relaxation,1.0,True,0.2986843411545474,0.2986843411545474,340,7,2011|2012|2013|2014|2015|2016|2017,17bdca03b9e941b9e6faf1f39693b5c692788296ce440ecf83b641c0fb2af8ca,observation_time_proxy,historical data_available_time is unknown; observation_time is a pseudo-operational proxy,9.059856180555556,30,9.283010293429951,8.58254824177207,9.073793247026755,10,SON
2018-10-16T00:00:00+00:00,2018-10-15,windermere,south,water_temperature,2.0,degC,month_1,2018-10-16,2018-11-14,11.095468040024574,11.581122291576087,-0.8511102752689936,lead_dependent_anomaly_relaxation,1.0,True,0.57061260527964,0.57061260527964,344,7,2011|2012|2013|2014|2015|2016|2017,7048d4492b80625e029a83da1b5be4b4a09e79a3783d8ec6bc5d37fe1faa5731,observation_time_proxy,historical data_available_time is unknown; observation_time is a pseudo-operational proxy,11.049232736111112,30,11.581122291576087,10.730012016307093,11.095468040024574,10,SON
2018-10-16T00:00:00+00:00,2018-10-15,windermere,south,water_temperature,2.0,degC,month_2,2018-11-15,2018-12-14,8.343932059389145,8.59814537120773,-0.8511102752689936,lead_dependent_anomaly_relaxation,1.0,True,0.2986843411545474,0.2986843411545474,340,7,2011|2012|2013|2014|2015|2016|2017,17bdca03b9e941b9e6faf1f39693b5c692788296ce440ecf83b641c0fb2af8ca,observation_time_proxy,historical data_available_time is unknown; observation_time is a pseudo-operational proxy,8.587852375,30,8.59814537120773,7.747035095938736,8.343932059389145,10,SON
2018-10-23T00:00:00+00:00,2018-10-22,windermere,south,water_temperature,2.0,degC,month_1,2018-10-23,2018-11-21,10.40020960813486,10.87983001754831,-0.8405359520202023,lead_dependent_anomaly_relaxation,1.0,True,0.57061260527964,0.57061260527964,344,7,2011|2012|2013|2014|2015|2016|2017,7048d4492b80625e029a83da1b5be4b4a09e79a3783d8ec6bc5d37fe1faa5731,observation_time_proxy,historical data_available_time is unknown; observation_time is a pseudo-operational proxy,10.377211888888889,30,10.87983001754831,10.039294065528107,10.40020960813486,10,SON
2018-10-23T00:00:00+00:00,2018-10-22,windermere,south,water_temperature,2.0,degC,month_2,2018-11-22,2018-12-21,7.686257375134088,7.937312302179952,-0.8405359520202023,lead_dependent_anomaly_relaxation,1.0,True,0.2986843411545474,0.2986843411545474,340,7,2011|2012|2013|2014|2015|2016|2017,17bdca03b9e941b9e6faf1f39693b5c692788296ce440ecf83b641c0fb2af8ca,observation_time_proxy,historical data_available_time is unknown; observation_time is a pseudo-operational proxy,8.069841888888888,30,7.937312302179952,7.096776350159749,7.686257375134088,10,SON
2018-10-30T00:00:00+00:00,2018-10-29,windermere,south,water_temperature,2.0,degC,month_1,2018-10-30,2018-11-28,9.803682414966817,10.20059658615942,-0.6955930652777784,lead_dependent_anomaly_relaxation,1.0,True,0.57061260527964,0.57061260527964,344,7,2011|2012|2013|2014|2015|2016|2017,7048d4492b80625e029a83da1b5be4b4a09e79a3783d8ec6bc5d37fe1faa5731,observation_time_proxy,historical data_available_time is unknown; observation_time is a pseudo-operational proxy,9.705150416666667,30,10.20059658615942,9.505003520881642,9.803682414966817,10,SON
2018-10-30T00:00:00+00:00,2018-10-29,windermere,south,water_temperature,2.0,degC,month_2,2018-11-29,2018-12-28,7.141930480349119,7.349693236763285,-0.6955930652777784,lead_dependent_anomaly_relaxation,1.0,True,0.2986843411545474,0.2986843411545474,340,7,2011|2012|2013|2014|2015|2016|2017,17bdca03b9e941b9e6faf1f39693b5c692788296ce440ecf83b641c0fb2af8ca,observation_time_proxy,historical data_available_time is unknown; observation_time is a pseudo-operational proxy,7.665779347222222,30,7.349693236763285,6.654100171485506,7.141930480349119,10,SON
2018-11-06T00:00:00+00:00,2018-11-05,windermere,south,water_temperature,2.0,degC,month_1,2018-11-06,2018-12-05,9.119202688090382,9.48432085870773,-0.6398704957427537,lead_dependent_anomaly_relaxation,1.0,True,0.57061260527964,0.57061260527964,344,7,2011|2012|2013|2014|2015|2016|2017,7048d4492b80625e029a83da1b5be4b4a09e79a3783d8ec6bc5d37fe1faa5731,observation_time_proxy,historical data_available_time is unknown; observation_time is a pseudo-operational proxy,9.201132680555556,30,9.48432085870773,8.844450362964976,9.119202688090382,11,SON
2018-11-13T00:00:00+00:00,2018-11-12,windermere,south,water_temperature,2.0,degC,month_1,2018-11-13,2018-12-12,8.47774602197468,8.791323161485508,-0.5495447114371999,lead_dependent_anomaly_relaxation,1.0,True,0.57061260527964,0.57061260527964,344,7,2011|2012|2013|2014|2015|2016|2017,7048d4492b80625e029a83da1b5be4b4a09e79a3783d8ec6bc5d37fe1faa5731,observation_time_proxy,historical data_available_time is unknown; observation_time is a pseudo-operational proxy,8.727092805555555,30,8.791323161485508,8.241778450048308,8.47774602197468,11,SON
2018-11-20T00:00:00+00:00,2018-11-19,windermere,south,water_temperature,2.0,degC,month_1,2018-11-20,2018-12-19,7.83657084172033,8.120909451346618,-0.4983041156038652,lead_dependent_anomaly_relaxation,1.0,True,0.57061260527964,0.57061260527964,344,7,2011|2012|2013|2014|2015|2016|2017,7048d4492b80625e029a83da1b5be4b4a09e79a3783d8ec6bc5d37fe1faa5731,observation_time_proxy,historical data_available_time is unknown; observation_time is a pseudo-operational proxy,8.206438805555555,30,8.120909451346618,7.622605335742753,7.83657084172033,11,SON
2018-11-27T00:00:00+00:00,2018-11-26,windermere,south,water_temperature,2.0,degC,month_1,2018-11-27,2018-12-26,7.208108781350607,7.505921890374396,-0.5219182090760874,lead_dependent_anomaly_relaxation,1.0,True,0.57061260527964,0.57061260527964,344,7,2011|2012|2013|2014|2015|2016|2017,7048d4492b80625e029a83da1b5be4b4a09e79a3783d8ec6bc5d37fe1faa5731,observation_time_proxy,historical data_available_time is unknown; observation_time is a pseudo-operational proxy,7.7639745,30,7.505921890374396,6.984003681298309,7.208108781350607,11,SON
2018-12-04T00:00:00+00:00,2018-12-03,windermere,south,water_temperature,2.0,degC,month_1,2018-12-04,2019-01-02,6.79729733030591,6.995963090096619,-0.3481622346799522,lead_dependent_anomaly_relaxation,1.0,True,0.57061260527964,0.57061260527964,344,7,2011|2012|2013|2014|2015|2016|2017,7048d4492b80625e029a83da1b5be4b4a09e79a3783d8ec6bc5d37fe1faa5731,observation_time_proxy,historical data_available_time is unknown; observation_time is a pseudo-operational proxy,7.463768407738096,28,6.995963090096619,6.6478008554166665,6.79729733030591,12,DJF
