forecast_issue_time,forecast_state_date,lake_id,basin,variable,depth_m,unit,target_name,target_window_start,target_window_end,predicted_mean_temperature,target_climatology_mean,current_anomaly,model_identifier,model_version,anomaly_coefficient,coefficient_fitted,is_valid_forecast,n_valid_target_training_years,target_training_years,target_training_windows_sha256,recent_window_start,recent_window_end,recent_valid_days,recent_30_day_mean,recent_window_climatology,n_valid_recent_training_years,recent_training_years,availability_mode,availability_assumption
2008-01-08T00:00:00+00:00,2008-01-07,windermere,south,water_temperature,2.0,degC,month_1,2008-01-08,2008-02-06,,,,full_anomaly_persistence,1.0,1.0,False,False,0,,4f53cda18c2baa0c0354bb5f9a3ecbe5ed12ab4d8e11ba873c2f11161202b945,2007-12-09,2008-01-07,7,,,0,,observation_time_proxy,historical data_available_time is unknown; observation_time is a pseudo-operational proxy
2008-01-08T00:00:00+00:00,2008-01-07,windermere,south,water_temperature,2.0,degC,month_2,2008-02-07,2008-03-07,,,,full_anomaly_persistence,1.0,1.0,False,False,0,,4f53cda18c2baa0c0354bb5f9a3ecbe5ed12ab4d8e11ba873c2f11161202b945,2007-12-09,2008-01-07,7,,,0,,observation_time_proxy,historical data_available_time is unknown; observation_time is a pseudo-operational proxy
2008-01-08T00:00:00+00:00,2008-01-07,windermere,south,water_temperature,2.0,degC,month_3,2008-03-08,2008-04-06,,,,full_anomaly_persistence,1.0,1.0,False,False,0,,4f53cda18c2baa0c0354bb5f9a3ecbe5ed12ab4d8e11ba873c2f11161202b945,2007-12-09,2008-01-07,7,,,0,,observation_time_proxy,historical data_available_time is unknown; observation_time is a pseudo-operational proxy
2008-01-15T00:00:00+00:00,2008-01-14,windermere,south,water_temperature,2.0,degC,month_1,2008-01-15,2008-02-13,,,,full_anomaly_persistence,1.0,1.0,False,False,0,,4f53cda18c2baa0c0354bb5f9a3ecbe5ed12ab4d8e11ba873c2f11161202b945,2007-12-16,2008-01-14,14,,,0,,observation_time_proxy,historical data_available_time is unknown; observation_time is a pseudo-operational proxy
2008-01-15T00:00:00+00:00,2008-01-14,windermere,south,water_temperature,2.0,degC,month_2,2008-02-14,2008-03-14,,,,full_anomaly_persistence,1.0,1.0,False,False,0,,4f53cda18c2baa0c0354bb5f9a3ecbe5ed12ab4d8e11ba873c2f11161202b945,2007-12-16,2008-01-14,14,,,0,,observation_time_proxy,historical data_available_time is unknown; observation_time is a pseudo-operational proxy
2008-01-15T00:00:00+00:00,2008-01-14,windermere,south,water_temperature,2.0,degC,month_3,2008-03-15,2008-04-13,,,,full_anomaly_persistence,1.0,1.0,False,False,0,,4f53cda18c2baa0c0354bb5f9a3ecbe5ed12ab4d8e11ba873c2f11161202b945,2007-12-16,2008-01-14,14,,,0,,observation_time_proxy,historical data_available_time is unknown; observation_time is a pseudo-operational proxy
2008-01-22T00:00:00+00:00,2008-01-21,windermere,south,water_temperature,2.0,degC,month_1,2008-01-22,2008-02-20,,,,full_anomaly_persistence,1.0,1.0,False,False,0,,4f53cda18c2baa0c0354bb5f9a3ecbe5ed12ab4d8e11ba873c2f11161202b945,2007-12-23,2008-01-21,21,,,0,,observation_time_proxy,historical data_available_time is unknown; observation_time is a pseudo-operational proxy
2008-01-22T00:00:00+00:00,2008-01-21,windermere,south,water_temperature,2.0,degC,month_2,2008-02-21,2008-03-21,,,,full_anomaly_persistence,1.0,1.0,False,False,0,,4f53cda18c2baa0c0354bb5f9a3ecbe5ed12ab4d8e11ba873c2f11161202b945,2007-12-23,2008-01-21,21,,,0,,observation_time_proxy,historical data_available_time is unknown; observation_time is a pseudo-operational proxy
2008-01-22T00:00:00+00:00,2008-01-21,windermere,south,water_temperature,2.0,degC,month_3,2008-03-22,2008-04-20,,,,full_anomaly_persistence,1.0,1.0,False,False,0,,4f53cda18c2baa0c0354bb5f9a3ecbe5ed12ab4d8e11ba873c2f11161202b945,2007-12-23,2008-01-21,21,,,0,,observation_time_proxy,historical data_available_time is unknown; observation_time is a pseudo-operational proxy
2008-01-29T00:00:00+00:00,2008-01-28,windermere,south,water_temperature,2.0,degC,month_1,2008-01-29,2008-02-27,,,,full_anomaly_persistence,1.0,1.0,False,False,0,,4f53cda18c2baa0c0354bb5f9a3ecbe5ed12ab4d8e11ba873c2f11161202b945,2007-12-30,2008-01-28,28,5.583490030279503,,0,,observation_time_proxy,historical data_available_time is unknown; observation_time is a pseudo-operational proxy
2008-01-29T00:00:00+00:00,2008-01-28,windermere,south,water_temperature,2.0,degC,month_2,2008-02-28,2008-03-28,,,,full_anomaly_persistence,1.0,1.0,False,False,0,,4f53cda18c2baa0c0354bb5f9a3ecbe5ed12ab4d8e11ba873c2f11161202b945,2007-12-30,2008-01-28,28,5.583490030279503,,0,,observation_time_proxy,historical data_available_time is unknown; observation_time is a pseudo-operational proxy
2008-01-29T00:00:00+00:00,2008-01-28,windermere,south,water_temperature,2.0,degC,month_3,2008-03-29,2008-04-27,,,,full_anomaly_persistence,1.0,1.0,False,False,0,,4f53cda18c2baa0c0354bb5f9a3ecbe5ed12ab4d8e11ba873c2f11161202b945,2007-12-30,2008-01-28,28,5.583490030279503,,0,,observation_time_proxy,historical data_available_time is unknown; observation_time is a pseudo-operational proxy
2008-02-05T00:00:00+00:00,2008-02-04,windermere,south,water_temperature,2.0,degC,month_1,2008-02-05,2008-03-05,,,,full_anomaly_persistence,1.0,1.0,False,False,0,,4f53cda18c2baa0c0354bb5f9a3ecbe5ed12ab4d8e11ba873c2f11161202b945,2008-01-06,2008-02-04,30,5.516394166666666,,0,,observation_time_proxy,historical data_available_time is unknown; observation_time is a pseudo-operational proxy
2008-02-05T00:00:00+00:00,2008-02-04,windermere,south,water_temperature,2.0,degC,month_2,2008-03-06,2008-04-04,,,,full_anomaly_persistence,1.0,1.0,False,False,0,,4f53cda18c2baa0c0354bb5f9a3ecbe5ed12ab4d8e11ba873c2f11161202b945,2008-01-06,2008-02-04,30,5.516394166666666,,0,,observation_time_proxy,historical data_available_time is unknown; observation_time is a pseudo-operational proxy
2008-02-05T00:00:00+00:00,2008-02-04,windermere,south,water_temperature,2.0,degC,month_3,2008-04-05,2008-05-04,,,,full_anomaly_persistence,1.0,1.0,False,False,0,,4f53cda18c2baa0c0354bb5f9a3ecbe5ed12ab4d8e11ba873c2f11161202b945,2008-01-06,2008-02-04,30,5.516394166666666,,0,,observation_time_proxy,historical data_available_time is unknown; observation_time is a pseudo-operational proxy
2008-02-12T00:00:00+00:00,2008-02-11,windermere,south,water_temperature,2.0,degC,month_1,2008-02-12,2008-03-12,,,,full_anomaly_persistence,1.0,1.0,False,False,0,,4f53cda18c2baa0c0354bb5f9a3ecbe5ed12ab4d8e11ba873c2f11161202b945,2008-01-13,2008-02-11,30,5.472604722222222,,0,,observation_time_proxy,historical data_available_time is unknown; observation_time is a pseudo-operational proxy
2008-02-12T00:00:00+00:00,2008-02-11,windermere,south,water_temperature,2.0,degC,month_2,2008-03-13,2008-04-11,,,,full_anomaly_persistence,1.0,1.0,False,False,0,,4f53cda18c2baa0c0354bb5f9a3ecbe5ed12ab4d8e11ba873c2f11161202b945,2008-01-13,2008-02-11,30,5.472604722222222,,0,,observation_time_proxy,historical data_available_time is unknown; observation_time is a pseudo-operational proxy
2008-02-12T00:00:00+00:00,2008-02-11,windermere,south,water_temperature,2.0,degC,month_3,2008-04-12,2008-05-11,,,,full_anomaly_persistence,1.0,1.0,False,False,0,,4f53cda18c2baa0c0354bb5f9a3ecbe5ed12ab4d8e11ba873c2f11161202b945,2008-01-13,2008-02-11,30,5.472604722222222,,0,,observation_time_proxy,historical data_available_time is unknown; observation_time is a pseudo-operational proxy
2008-02-19T00:00:00+00:00,2008-02-18,windermere,south,water_temperature,2.0,degC,month_1,2008-02-19,2008-03-19,,,,full_anomaly_persistence,1.0,1.0,False,False,0,,4f53cda18c2baa0c0354bb5f9a3ecbe5ed12ab4d8e11ba873c2f11161202b945,2008-01-20,2008-02-18,30,5.442585972222222,,0,,observation_time_proxy,historical data_available_time is unknown; observation_time is a pseudo-operational proxy
2008-02-19T00:00:00+00:00,2008-02-18,windermere,south,water_temperature,2.0,degC,month_2,2008-03-20,2008-04-18,,,,full_anomaly_persistence,1.0,1.0,False,False,0,,4f53cda18c2baa0c0354bb5f9a3ecbe5ed12ab4d8e11ba873c2f11161202b945,2008-01-20,2008-02-18,30,5.442585972222222,,0,,observation_time_proxy,historical data_available_time is unknown; observation_time is a pseudo-operational proxy
2008-02-19T00:00:00+00:00,2008-02-18,windermere,south,water_temperature,2.0,degC,month_3,2008-04-19,2008-05-18,,,,full_anomaly_persistence,1.0,1.0,False,False,0,,4f53cda18c2baa0c0354bb5f9a3ecbe5ed12ab4d8e11ba873c2f11161202b945,2008-01-20,2008-02-18,30,5.442585972222222,,0,,observation_time_proxy,historical data_available_time is unknown; observation_time is a pseudo-operational proxy
2008-02-26T00:00:00+00:00,2008-02-25,windermere,south,water_temperature,2.0,degC,month_1,2008-02-26,2008-03-26,,,,full_anomaly_persistence,1.0,1.0,False,False,0,,4f53cda18c2baa0c0354bb5f9a3ecbe5ed12ab4d8e11ba873c2f11161202b945,2008-01-27,2008-02-25,30,5.336005277777778,,0,,observation_time_proxy,historical data_available_time is unknown; observation_time is a pseudo-operational proxy
2008-02-26T00:00:00+00:00,2008-02-25,windermere,south,water_temperature,2.0,degC,month_2,2008-03-27,2008-04-25,,,,full_anomaly_persistence,1.0,1.0,False,False,0,,4f53cda18c2baa0c0354bb5f9a3ecbe5ed12ab4d8e11ba873c2f11161202b945,2008-01-27,2008-02-25,30,5.336005277777778,,0,,observation_time_proxy,historical data_available_time is unknown; observation_time is a pseudo-operational proxy
2008-02-26T00:00:00+00:00,2008-02-25,windermere,south,water_temperature,2.0,degC,month_3,2008-04-26,2008-05-25,,,,full_anomaly_persistence,1.0,1.0,False,False,0,,4f53cda18c2baa0c0354bb5f9a3ecbe5ed12ab4d8e11ba873c2f11161202b945,2008-01-27,2008-02-25,30,5.336005277777778,,0,,observation_time_proxy,historical data_available_time is unknown; observation_time is a pseudo-operational proxy
2008-03-04T00:00:00+00:00,2008-03-03,windermere,south,water_temperature,2.0,degC,month_1,2008-03-04,2008-04-02,,,,full_anomaly_persistence,1.0,1.0,False,False,0,,4f53cda18c2baa0c0354bb5f9a3ecbe5ed12ab4d8e11ba873c2f11161202b945,2008-02-03,2008-03-03,30,5.243256388888889,,0,,observation_time_proxy,historical data_available_time is unknown; observation_time is a pseudo-operational proxy
2008-03-04T00:00:00+00:00,2008-03-03,windermere,south,water_temperature,2.0,degC,month_2,2008-04-03,2008-05-02,,,,full_anomaly_persistence,1.0,1.0,False,False,0,,4f53cda18c2baa0c0354bb5f9a3ecbe5ed12ab4d8e11ba873c2f11161202b945,2008-02-03,2008-03-03,30,5.243256388888889,,0,,observation_time_proxy,historical data_available_time is unknown; observation_time is a pseudo-operational proxy
2008-03-04T00:00:00+00:00,2008-03-03,windermere,south,water_temperature,2.0,degC,month_3,2008-05-03,2008-06-01,,,,full_anomaly_persistence,1.0,1.0,False,False,0,,4f53cda18c2baa0c0354bb5f9a3ecbe5ed12ab4d8e11ba873c2f11161202b945,2008-02-03,2008-03-03,30,5.243256388888889,,0,,observation_time_proxy,historical data_available_time is unknown; observation_time is a pseudo-operational proxy
2008-03-11T00:00:00+00:00,2008-03-10,windermere,south,water_temperature,2.0,degC,month_1,2008-03-11,2008-04-09,,,,full_anomaly_persistence,1.0,1.0,False,False,0,,4f53cda18c2baa0c0354bb5f9a3ecbe5ed12ab4d8e11ba873c2f11161202b945,2008-02-10,2008-03-10,30,5.24503,,0,,observation_time_proxy,historical data_available_time is unknown; observation_time is a pseudo-operational proxy
2008-03-11T00:00:00+00:00,2008-03-10,windermere,south,water_temperature,2.0,degC,month_2,2008-04-10,2008-05-09,,,,full_anomaly_persistence,1.0,1.0,False,False,0,,4f53cda18c2baa0c0354bb5f9a3ecbe5ed12ab4d8e11ba873c2f11161202b945,2008-02-10,2008-03-10,30,5.24503,,0,,observation_time_proxy,historical data_available_time is unknown; observation_time is a pseudo-operational proxy
2008-03-11T00:00:00+00:00,2008-03-10,windermere,south,water_temperature,2.0,degC,month_3,2008-05-10,2008-06-08,,,,full_anomaly_persistence,1.0,1.0,False,False,0,,4f53cda18c2baa0c0354bb5f9a3ecbe5ed12ab4d8e11ba873c2f11161202b945,2008-02-10,2008-03-10,30,5.24503,,0,,observation_time_proxy,historical data_available_time is unknown; observation_time is a pseudo-operational proxy
2008-03-18T00:00:00+00:00,2008-03-17,windermere,south,water_temperature,2.0,degC,month_1,2008-03-18,2008-04-16,,,,full_anomaly_persistence,1.0,1.0,False,False,0,,4f53cda18c2baa0c0354bb5f9a3ecbe5ed12ab4d8e11ba873c2f11161202b945,2008-02-17,2008-03-17,30,5.2879775,,0,,observation_time_proxy,historical data_available_time is unknown; observation_time is a pseudo-operational proxy
2008-03-18T00:00:00+00:00,2008-03-17,windermere,south,water_temperature,2.0,degC,month_2,2008-04-17,2008-05-16,,,,full_anomaly_persistence,1.0,1.0,False,False,0,,4f53cda18c2baa0c0354bb5f9a3ecbe5ed12ab4d8e11ba873c2f11161202b945,2008-02-17,2008-03-17,30,5.2879775,,0,,observation_time_proxy,historical data_available_time is unknown; observation_time is a pseudo-operational proxy
2008-03-18T00:00:00+00:00,2008-03-17,windermere,south,water_temperature,2.0,degC,month_3,2008-05-17,2008-06-15,,,,full_anomaly_persistence,1.0,1.0,False,False,0,,4f53cda18c2baa0c0354bb5f9a3ecbe5ed12ab4d8e11ba873c2f11161202b945,2008-02-17,2008-03-17,30,5.2879775,,0,,observation_time_proxy,historical data_available_time is unknown; observation_time is a pseudo-operational proxy
2008-03-25T00:00:00+00:00,2008-03-24,windermere,south,water_temperature,2.0,degC,month_1,2008-03-25,2008-04-23,,,,full_anomaly_persistence,1.0,1.0,False,False,0,,4f53cda18c2baa0c0354bb5f9a3ecbe5ed12ab4d8e11ba873c2f11161202b945,2008-02-24,2008-03-24,30,5.4030611111111115,,0,,observation_time_proxy,historical data_available_time is unknown; observation_time is a pseudo-operational proxy
2008-03-25T00:00:00+00:00,2008-03-24,windermere,south,water_temperature,2.0,degC,month_2,2008-04-24,2008-05-23,,,,full_anomaly_persistence,1.0,1.0,False,False,0,,4f53cda18c2baa0c0354bb5f9a3ecbe5ed12ab4d8e11ba873c2f11161202b945,2008-02-24,2008-03-24,30,5.4030611111111115,,0,,observation_time_proxy,historical data_available_time is unknown; observation_time is a pseudo-operational proxy
2008-03-25T00:00:00+00:00,2008-03-24,windermere,south,water_temperature,2.0,degC,month_3,2008-05-24,2008-06-22,,,,full_anomaly_persistence,1.0,1.0,False,False,0,,4f53cda18c2baa0c0354bb5f9a3ecbe5ed12ab4d8e11ba873c2f11161202b945,2008-02-24,2008-03-24,30,5.4030611111111115,,0,,observation_time_proxy,historical data_available_time is unknown; observation_time is a pseudo-operational proxy
2008-04-01T00:00:00+00:00,2008-03-31,windermere,south,water_temperature,2.0,degC,month_1,2008-04-01,2008-04-30,,,,full_anomaly_persistence,1.0,1.0,False,False,0,,4f53cda18c2baa0c0354bb5f9a3ecbe5ed12ab4d8e11ba873c2f11161202b945,2008-03-02,2008-03-31,30,5.493537361111112,,0,,observation_time_proxy,historical data_available_time is unknown; observation_time is a pseudo-operational proxy
2008-04-01T00:00:00+00:00,2008-03-31,windermere,south,water_temperature,2.0,degC,month_2,2008-05-01,2008-05-30,,,,full_anomaly_persistence,1.0,1.0,False,False,0,,4f53cda18c2baa0c0354bb5f9a3ecbe5ed12ab4d8e11ba873c2f11161202b945,2008-03-02,2008-03-31,30,5.493537361111112,,0,,observation_time_proxy,historical data_available_time is unknown; observation_time is a pseudo-operational proxy
2008-04-01T00:00:00+00:00,2008-03-31,windermere,south,water_temperature,2.0,degC,month_3,2008-05-31,2008-06-29,,,,full_anomaly_persistence,1.0,1.0,False,False,0,,4f53cda18c2baa0c0354bb5f9a3ecbe5ed12ab4d8e11ba873c2f11161202b945,2008-03-02,2008-03-31,30,5.493537361111112,,0,,observation_time_proxy,historical data_available_time is unknown; observation_time is a pseudo-operational proxy
2008-04-08T00:00:00+00:00,2008-04-07,windermere,south,water_temperature,2.0,degC,month_1,2008-04-08,2008-05-07,,,,full_anomaly_persistence,1.0,1.0,False,False,0,,4f53cda18c2baa0c0354bb5f9a3ecbe5ed12ab4d8e11ba873c2f11161202b945,2008-03-09,2008-04-07,30,5.703579583333333,,0,,observation_time_proxy,historical data_available_time is unknown; observation_time is a pseudo-operational proxy
2008-04-08T00:00:00+00:00,2008-04-07,windermere,south,water_temperature,2.0,degC,month_2,2008-05-08,2008-06-06,,,,full_anomaly_persistence,1.0,1.0,False,False,0,,4f53cda18c2baa0c0354bb5f9a3ecbe5ed12ab4d8e11ba873c2f11161202b945,2008-03-09,2008-04-07,30,5.703579583333333,,0,,observation_time_proxy,historical data_available_time is unknown; observation_time is a pseudo-operational proxy
2008-04-08T00:00:00+00:00,2008-04-07,windermere,south,water_temperature,2.0,degC,month_3,2008-06-07,2008-07-06,,,,full_anomaly_persistence,1.0,1.0,False,False,0,,4f53cda18c2baa0c0354bb5f9a3ecbe5ed12ab4d8e11ba873c2f11161202b945,2008-03-09,2008-04-07,30,5.703579583333333,,0,,observation_time_proxy,historical data_available_time is unknown; observation_time is a pseudo-operational proxy
2008-04-15T00:00:00+00:00,2008-04-14,windermere,south,water_temperature,2.0,degC,month_1,2008-04-15,2008-05-14,,,,full_anomaly_persistence,1.0,1.0,False,False,0,,4f53cda18c2baa0c0354bb5f9a3ecbe5ed12ab4d8e11ba873c2f11161202b945,2008-03-16,2008-04-14,30,5.930609583333333,,0,,observation_time_proxy,historical data_available_time is unknown; observation_time is a pseudo-operational proxy
2008-04-15T00:00:00+00:00,2008-04-14,windermere,south,water_temperature,2.0,degC,month_2,2008-05-15,2008-06-13,,,,full_anomaly_persistence,1.0,1.0,False,False,0,,4f53cda18c2baa0c0354bb5f9a3ecbe5ed12ab4d8e11ba873c2f11161202b945,2008-03-16,2008-04-14,30,5.930609583333333,,0,,observation_time_proxy,historical data_available_time is unknown; observation_time is a pseudo-operational proxy
2008-04-15T00:00:00+00:00,2008-04-14,windermere,south,water_temperature,2.0,degC,month_3,2008-06-14,2008-07-13,,,,full_anomaly_persistence,1.0,1.0,False,False,0,,4f53cda18c2baa0c0354bb5f9a3ecbe5ed12ab4d8e11ba873c2f11161202b945,2008-03-16,2008-04-14,30,5.930609583333333,,0,,observation_time_proxy,historical data_available_time is unknown; observation_time is a pseudo-operational proxy
2008-04-22T00:00:00+00:00,2008-04-21,windermere,south,water_temperature,2.0,degC,month_1,2008-04-22,2008-05-21,,,,full_anomaly_persistence,1.0,1.0,False,False,0,,4f53cda18c2baa0c0354bb5f9a3ecbe5ed12ab4d8e11ba873c2f11161202b945,2008-03-23,2008-04-21,30,6.191959027777778,,0,,observation_time_proxy,historical data_available_time is unknown; observation_time is a pseudo-operational proxy
2008-04-22T00:00:00+00:00,2008-04-21,windermere,south,water_temperature,2.0,degC,month_2,2008-05-22,2008-06-20,,,,full_anomaly_persistence,1.0,1.0,False,False,0,,4f53cda18c2baa0c0354bb5f9a3ecbe5ed12ab4d8e11ba873c2f11161202b945,2008-03-23,2008-04-21,30,6.191959027777778,,0,,observation_time_proxy,historical data_available_time is unknown; observation_time is a pseudo-operational proxy
2008-04-22T00:00:00+00:00,2008-04-21,windermere,south,water_temperature,2.0,degC,month_3,2008-06-21,2008-07-20,,,,full_anomaly_persistence,1.0,1.0,False,False,0,,4f53cda18c2baa0c0354bb5f9a3ecbe5ed12ab4d8e11ba873c2f11161202b945,2008-03-23,2008-04-21,30,6.191959027777778,,0,,observation_time_proxy,historical data_available_time is unknown; observation_time is a pseudo-operational proxy
2008-04-29T00:00:00+00:00,2008-04-28,windermere,south,water_temperature,2.0,degC,month_1,2008-04-29,2008-05-28,,,,full_anomaly_persistence,1.0,1.0,False,False,0,,4f53cda18c2baa0c0354bb5f9a3ecbe5ed12ab4d8e11ba873c2f11161202b945,2008-03-30,2008-04-28,30,6.6356875,,0,,observation_time_proxy,historical data_available_time is unknown; observation_time is a pseudo-operational proxy
2008-04-29T00:00:00+00:00,2008-04-28,windermere,south,water_temperature,2.0,degC,month_2,2008-05-29,2008-06-27,,,,full_anomaly_persistence,1.0,1.0,False,False,0,,4f53cda18c2baa0c0354bb5f9a3ecbe5ed12ab4d8e11ba873c2f11161202b945,2008-03-30,2008-04-28,30,6.6356875,,0,,observation_time_proxy,historical data_available_time is unknown; observation_time is a pseudo-operational proxy
2008-04-29T00:00:00+00:00,2008-04-28,windermere,south,water_temperature,2.0,degC,month_3,2008-06-28,2008-07-27,,,,full_anomaly_persistence,1.0,1.0,False,False,0,,4f53cda18c2baa0c0354bb5f9a3ecbe5ed12ab4d8e11ba873c2f11161202b945,2008-03-30,2008-04-28,30,6.6356875,,0,,observation_time_proxy,historical data_available_time is unknown; observation_time is a pseudo-operational proxy
2008-05-06T00:00:00+00:00,2008-05-05,windermere,south,water_temperature,2.0,degC,month_1,2008-05-06,2008-06-04,,,,full_anomaly_persistence,1.0,1.0,False,False,0,,4f53cda18c2baa0c0354bb5f9a3ecbe5ed12ab4d8e11ba873c2f11161202b945,2008-04-06,2008-05-05,30,7.225478333333333,,0,,observation_time_proxy,historical data_available_time is unknown; observation_time is a pseudo-operational proxy
2008-05-06T00:00:00+00:00,2008-05-05,windermere,south,water_temperature,2.0,degC,month_2,2008-06-05,2008-07-04,,,,full_anomaly_persistence,1.0,1.0,False,False,0,,4f53cda18c2baa0c0354bb5f9a3ecbe5ed12ab4d8e11ba873c2f11161202b945,2008-04-06,2008-05-05,30,7.225478333333333,,0,,observation_time_proxy,historical data_available_time is unknown; observation_time is a pseudo-operational proxy
2008-05-06T00:00:00+00:00,2008-05-05,windermere,south,water_temperature,2.0,degC,month_3,2008-07-05,2008-08-03,,,,full_anomaly_persistence,1.0,1.0,False,False,0,,4f53cda18c2baa0c0354bb5f9a3ecbe5ed12ab4d8e11ba873c2f11161202b945,2008-04-06,2008-05-05,30,7.225478333333333,,0,,observation_time_proxy,historical data_available_time is unknown; observation_time is a pseudo-operational proxy
2008-05-13T00:00:00+00:00,2008-05-12,windermere,south,water_temperature,2.0,degC,month_1,2008-05-13,2008-06-11,,,,full_anomaly_persistence,1.0,1.0,False,False,0,,4f53cda18c2baa0c0354bb5f9a3ecbe5ed12ab4d8e11ba873c2f11161202b945,2008-04-13,2008-05-12,30,8.688989027777778,,0,,observation_time_proxy,historical data_available_time is unknown; observation_time is a pseudo-operational proxy
2008-05-13T00:00:00+00:00,2008-05-12,windermere,south,water_temperature,2.0,degC,month_2,2008-06-12,2008-07-11,,,,full_anomaly_persistence,1.0,1.0,False,False,0,,4f53cda18c2baa0c0354bb5f9a3ecbe5ed12ab4d8e11ba873c2f11161202b945,2008-04-13,2008-05-12,30,8.688989027777778,,0,,observation_time_proxy,historical data_available_time is unknown; observation_time is a pseudo-operational proxy
2008-05-13T00:00:00+00:00,2008-05-12,windermere,south,water_temperature,2.0,degC,month_3,2008-07-12,2008-08-10,,,,full_anomaly_persistence,1.0,1.0,False,False,0,,4f53cda18c2baa0c0354bb5f9a3ecbe5ed12ab4d8e11ba873c2f11161202b945,2008-04-13,2008-05-12,30,8.688989027777778,,0,,observation_time_proxy,historical data_available_time is unknown; observation_time is a pseudo-operational proxy
2008-05-20T00:00:00+00:00,2008-05-19,windermere,south,water_temperature,2.0,degC,month_1,2008-05-20,2008-06-18,,,,full_anomaly_persistence,1.0,1.0,False,False,0,,4f53cda18c2baa0c0354bb5f9a3ecbe5ed12ab4d8e11ba873c2f11161202b945,2008-04-20,2008-05-19,30,10.532812777777778,,0,,observation_time_proxy,historical data_available_time is unknown; observation_time is a pseudo-operational proxy
2008-05-20T00:00:00+00:00,2008-05-19,windermere,south,water_temperature,2.0,degC,month_2,2008-06-19,2008-07-18,,,,full_anomaly_persistence,1.0,1.0,False,False,0,,4f53cda18c2baa0c0354bb5f9a3ecbe5ed12ab4d8e11ba873c2f11161202b945,2008-04-20,2008-05-19,30,10.532812777777778,,0,,observation_time_proxy,historical data_available_time is unknown; observation_time is a pseudo-operational proxy
2008-05-20T00:00:00+00:00,2008-05-19,windermere,south,water_temperature,2.0,degC,month_3,2008-07-19,2008-08-17,,,,full_anomaly_persistence,1.0,1.0,False,False,0,,4f53cda18c2baa0c0354bb5f9a3ecbe5ed12ab4d8e11ba873c2f11161202b945,2008-04-20,2008-05-19,30,10.532812777777778,,0,,observation_time_proxy,historical data_available_time is unknown; observation_time is a pseudo-operational proxy
2008-05-27T00:00:00+00:00,2008-05-26,windermere,south,water_temperature,2.0,degC,month_1,2008-05-27,2008-06-25,,,,full_anomaly_persistence,1.0,1.0,False,False,0,,4f53cda18c2baa0c0354bb5f9a3ecbe5ed12ab4d8e11ba873c2f11161202b945,2008-04-27,2008-05-26,30,12.185994305555555,,0,,observation_time_proxy,historical data_available_time is unknown; observation_time is a pseudo-operational proxy
2008-05-27T00:00:00+00:00,2008-05-26,windermere,south,water_temperature,2.0,degC,month_2,2008-06-26,2008-07-25,,,,full_anomaly_persistence,1.0,1.0,False,False,0,,4f53cda18c2baa0c0354bb5f9a3ecbe5ed12ab4d8e11ba873c2f11161202b945,2008-04-27,2008-05-26,30,12.185994305555555,,0,,observation_time_proxy,historical data_available_time is unknown; observation_time is a pseudo-operational proxy
2008-05-27T00:00:00+00:00,2008-05-26,windermere,south,water_temperature,2.0,degC,month_3,2008-07-26,2008-08-24,,,,full_anomaly_persistence,1.0,1.0,False,False,0,,4f53cda18c2baa0c0354bb5f9a3ecbe5ed12ab4d8e11ba873c2f11161202b945,2008-04-27,2008-05-26,30,12.185994305555555,,0,,observation_time_proxy,historical data_available_time is unknown; observation_time is a pseudo-operational proxy
2008-06-03T00:00:00+00:00,2008-06-02,windermere,south,water_temperature,2.0,degC,month_1,2008-06-03,2008-07-02,,,,full_anomaly_persistence,1.0,1.0,False,False,0,,4f53cda18c2baa0c0354bb5f9a3ecbe5ed12ab4d8e11ba873c2f11161202b945,2008-05-04,2008-06-02,30,13.479145555555556,,0,,observation_time_proxy,historical data_available_time is unknown; observation_time is a pseudo-operational proxy
2008-06-03T00:00:00+00:00,2008-06-02,windermere,south,water_temperature,2.0,degC,month_2,2008-07-03,2008-08-01,,,,full_anomaly_persistence,1.0,1.0,False,False,0,,4f53cda18c2baa0c0354bb5f9a3ecbe5ed12ab4d8e11ba873c2f11161202b945,2008-05-04,2008-06-02,30,13.479145555555556,,0,,observation_time_proxy,historical data_available_time is unknown; observation_time is a pseudo-operational proxy
2008-06-03T00:00:00+00:00,2008-06-02,windermere,south,water_temperature,2.0,degC,month_3,2008-08-02,2008-08-31,,,,full_anomaly_persistence,1.0,1.0,False,False,0,,4f53cda18c2baa0c0354bb5f9a3ecbe5ed12ab4d8e11ba873c2f11161202b945,2008-05-04,2008-06-02,30,13.479145555555556,,0,,observation_time_proxy,historical data_available_time is unknown; observation_time is a pseudo-operational proxy
2008-06-10T00:00:00+00:00,2008-06-09,windermere,south,water_temperature,2.0,degC,month_1,2008-06-10,2008-07-09,,,,full_anomaly_persistence,1.0,1.0,False,False,0,,4f53cda18c2baa0c0354bb5f9a3ecbe5ed12ab4d8e11ba873c2f11161202b945,2008-05-11,2008-06-09,30,14.563904166666667,,0,,observation_time_proxy,historical data_available_time is unknown; observation_time is a pseudo-operational proxy
2008-06-10T00:00:00+00:00,2008-06-09,windermere,south,water_temperature,2.0,degC,month_2,2008-07-10,2008-08-08,,,,full_anomaly_persistence,1.0,1.0,False,False,0,,4f53cda18c2baa0c0354bb5f9a3ecbe5ed12ab4d8e11ba873c2f11161202b945,2008-05-11,2008-06-09,30,14.563904166666667,,0,,observation_time_proxy,historical data_available_time is unknown; observation_time is a pseudo-operational proxy
2008-06-10T00:00:00+00:00,2008-06-09,windermere,south,water_temperature,2.0,degC,month_3,2008-08-09,2008-09-07,,,,full_anomaly_persistence,1.0,1.0,False,False,0,,4f53cda18c2baa0c0354bb5f9a3ecbe5ed12ab4d8e11ba873c2f11161202b945,2008-05-11,2008-06-09,30,14.563904166666667,,0,,observation_time_proxy,historical data_available_time is unknown; observation_time is a pseudo-operational proxy
2008-06-17T00:00:00+00:00,2008-06-16,windermere,south,water_temperature,2.0,degC,month_1,2008-06-17,2008-07-16,,,,full_anomaly_persistence,1.0,1.0,False,False,0,,4f53cda18c2baa0c0354bb5f9a3ecbe5ed12ab4d8e11ba873c2f11161202b945,2008-05-18,2008-06-16,30,15.058008333333333,,0,,observation_time_proxy,historical data_available_time is unknown; observation_time is a pseudo-operational proxy
2008-06-17T00:00:00+00:00,2008-06-16,windermere,south,water_temperature,2.0,degC,month_2,2008-07-17,2008-08-15,,,,full_anomaly_persistence,1.0,1.0,False,False,0,,4f53cda18c2baa0c0354bb5f9a3ecbe5ed12ab4d8e11ba873c2f11161202b945,2008-05-18,2008-06-16,30,15.058008333333333,,0,,observation_time_proxy,historical data_available_time is unknown; observation_time is a pseudo-operational proxy
2008-06-17T00:00:00+00:00,2008-06-16,windermere,south,water_temperature,2.0,degC,month_3,2008-08-16,2008-09-14,,,,full_anomaly_persistence,1.0,1.0,False,False,0,,4f53cda18c2baa0c0354bb5f9a3ecbe5ed12ab4d8e11ba873c2f11161202b945,2008-05-18,2008-06-16,30,15.058008333333333,,0,,observation_time_proxy,historical data_available_time is unknown; observation_time is a pseudo-operational proxy
2008-06-24T00:00:00+00:00,2008-06-23,windermere,south,water_temperature,2.0,degC,month_1,2008-06-24,2008-07-23,,,,full_anomaly_persistence,1.0,1.0,False,False,0,,4f53cda18c2baa0c0354bb5f9a3ecbe5ed12ab4d8e11ba873c2f11161202b945,2008-05-25,2008-06-23,30,15.131911111111112,,0,,observation_time_proxy,historical data_available_time is unknown; observation_time is a pseudo-operational proxy
2008-06-24T00:00:00+00:00,2008-06-23,windermere,south,water_temperature,2.0,degC,month_2,2008-07-24,2008-08-22,,,,full_anomaly_persistence,1.0,1.0,False,False,0,,4f53cda18c2baa0c0354bb5f9a3ecbe5ed12ab4d8e11ba873c2f11161202b945,2008-05-25,2008-06-23,30,15.131911111111112,,0,,observation_time_proxy,historical data_available_time is unknown; observation_time is a pseudo-operational proxy
2008-06-24T00:00:00+00:00,2008-06-23,windermere,south,water_temperature,2.0,degC,month_3,2008-08-23,2008-09-21,,,,full_anomaly_persistence,1.0,1.0,False,False,0,,4f53cda18c2baa0c0354bb5f9a3ecbe5ed12ab4d8e11ba873c2f11161202b945,2008-05-25,2008-06-23,30,15.131911111111112,,0,,observation_time_proxy,historical data_available_time is unknown; observation_time is a pseudo-operational proxy
2008-07-01T00:00:00+00:00,2008-06-30,windermere,south,water_temperature,2.0,degC,month_1,2008-07-01,2008-07-30,,,,full_anomaly_persistence,1.0,1.0,False,False,0,,4f53cda18c2baa0c0354bb5f9a3ecbe5ed12ab4d8e11ba873c2f11161202b945,2008-06-01,2008-06-30,30,15.292395833333334,,0,,observation_time_proxy,historical data_available_time is unknown; observation_time is a pseudo-operational proxy
2008-07-01T00:00:00+00:00,2008-06-30,windermere,south,water_temperature,2.0,degC,month_2,2008-07-31,2008-08-29,,,,full_anomaly_persistence,1.0,1.0,False,False,0,,4f53cda18c2baa0c0354bb5f9a3ecbe5ed12ab4d8e11ba873c2f11161202b945,2008-06-01,2008-06-30,30,15.292395833333334,,0,,observation_time_proxy,historical data_available_time is unknown; observation_time is a pseudo-operational proxy
2008-07-01T00:00:00+00:00,2008-06-30,windermere,south,water_temperature,2.0,degC,month_3,2008-08-30,2008-09-28,,,,full_anomaly_persistence,1.0,1.0,False,False,0,,4f53cda18c2baa0c0354bb5f9a3ecbe5ed12ab4d8e11ba873c2f11161202b945,2008-06-01,2008-06-30,30,15.292395833333334,,0,,observation_time_proxy,historical data_available_time is unknown; observation_time is a pseudo-operational proxy
2008-07-08T00:00:00+00:00,2008-07-07,windermere,south,water_temperature,2.0,degC,month_1,2008-07-08,2008-08-06,,,,full_anomaly_persistence,1.0,1.0,False,False,0,,4f53cda18c2baa0c0354bb5f9a3ecbe5ed12ab4d8e11ba873c2f11161202b945,2008-06-08,2008-07-07,30,15.307475,,0,,observation_time_proxy,historical data_available_time is unknown; observation_time is a pseudo-operational proxy
2008-07-08T00:00:00+00:00,2008-07-07,windermere,south,water_temperature,2.0,degC,month_2,2008-08-07,2008-09-05,,,,full_anomaly_persistence,1.0,1.0,False,False,0,,4f53cda18c2baa0c0354bb5f9a3ecbe5ed12ab4d8e11ba873c2f11161202b945,2008-06-08,2008-07-07,30,15.307475,,0,,observation_time_proxy,historical data_available_time is unknown; observation_time is a pseudo-operational proxy
2008-07-08T00:00:00+00:00,2008-07-07,windermere,south,water_temperature,2.0,degC,month_3,2008-09-06,2008-10-05,,,,full_anomaly_persistence,1.0,1.0,False,False,0,,4f53cda18c2baa0c0354bb5f9a3ecbe5ed12ab4d8e11ba873c2f11161202b945,2008-06-08,2008-07-07,30,15.307475,,0,,observation_time_proxy,historical data_available_time is unknown; observation_time is a pseudo-operational proxy
2008-07-15T00:00:00+00:00,2008-07-14,windermere,south,water_temperature,2.0,degC,month_1,2008-07-15,2008-08-13,,,,full_anomaly_persistence,1.0,1.0,False,False,0,,4f53cda18c2baa0c0354bb5f9a3ecbe5ed12ab4d8e11ba873c2f11161202b945,2008-06-15,2008-07-14,30,15.065865277777778,,0,,observation_time_proxy,historical data_available_time is unknown; observation_time is a pseudo-operational proxy
2008-07-15T00:00:00+00:00,2008-07-14,windermere,south,water_temperature,2.0,degC,month_2,2008-08-14,2008-09-12,,,,full_anomaly_persistence,1.0,1.0,False,False,0,,4f53cda18c2baa0c0354bb5f9a3ecbe5ed12ab4d8e11ba873c2f11161202b945,2008-06-15,2008-07-14,30,15.065865277777778,,0,,observation_time_proxy,historical data_available_time is unknown; observation_time is a pseudo-operational proxy
2008-07-15T00:00:00+00:00,2008-07-14,windermere,south,water_temperature,2.0,degC,month_3,2008-09-13,2008-10-12,,,,full_anomaly_persistence,1.0,1.0,False,False,0,,4f53cda18c2baa0c0354bb5f9a3ecbe5ed12ab4d8e11ba873c2f11161202b945,2008-06-15,2008-07-14,30,15.065865277777778,,0,,observation_time_proxy,historical data_available_time is unknown; observation_time is a pseudo-operational proxy
2008-07-22T00:00:00+00:00,2008-07-21,windermere,south,water_temperature,2.0,degC,month_1,2008-07-22,2008-08-20,,,,full_anomaly_persistence,1.0,1.0,False,False,0,,4f53cda18c2baa0c0354bb5f9a3ecbe5ed12ab4d8e11ba873c2f11161202b945,2008-06-22,2008-07-21,30,15.18762361111111,,0,,observation_time_proxy,historical data_available_time is unknown; observation_time is a pseudo-operational proxy
2008-07-22T00:00:00+00:00,2008-07-21,windermere,south,water_temperature,2.0,degC,month_2,2008-08-21,2008-09-19,,,,full_anomaly_persistence,1.0,1.0,False,False,0,,4f53cda18c2baa0c0354bb5f9a3ecbe5ed12ab4d8e11ba873c2f11161202b945,2008-06-22,2008-07-21,30,15.18762361111111,,0,,observation_time_proxy,historical data_available_time is unknown; observation_time is a pseudo-operational proxy
2008-07-22T00:00:00+00:00,2008-07-21,windermere,south,water_temperature,2.0,degC,month_3,2008-09-20,2008-10-19,,,,full_anomaly_persistence,1.0,1.0,False,False,0,,4f53cda18c2baa0c0354bb5f9a3ecbe5ed12ab4d8e11ba873c2f11161202b945,2008-06-22,2008-07-21,30,15.18762361111111,,0,,observation_time_proxy,historical data_available_time is unknown; observation_time is a pseudo-operational proxy
2008-07-29T00:00:00+00:00,2008-07-28,windermere,south,water_temperature,2.0,degC,month_1,2008-07-29,2008-08-27,,,,full_anomaly_persistence,1.0,1.0,False,False,0,,4f53cda18c2baa0c0354bb5f9a3ecbe5ed12ab4d8e11ba873c2f11161202b945,2008-06-29,2008-07-28,30,15.9877875,,0,,observation_time_proxy,historical data_available_time is unknown; observation_time is a pseudo-operational proxy
2008-07-29T00:00:00+00:00,2008-07-28,windermere,south,water_temperature,2.0,degC,month_2,2008-08-28,2008-09-26,,,,full_anomaly_persistence,1.0,1.0,False,False,0,,4f53cda18c2baa0c0354bb5f9a3ecbe5ed12ab4d8e11ba873c2f11161202b945,2008-06-29,2008-07-28,30,15.9877875,,0,,observation_time_proxy,historical data_available_time is unknown; observation_time is a pseudo-operational proxy
2008-07-29T00:00:00+00:00,2008-07-28,windermere,south,water_temperature,2.0,degC,month_3,2008-09-27,2008-10-26,,,,full_anomaly_persistence,1.0,1.0,False,False,0,,4f53cda18c2baa0c0354bb5f9a3ecbe5ed12ab4d8e11ba873c2f11161202b945,2008-06-29,2008-07-28,30,15.9877875,,0,,observation_time_proxy,historical data_available_time is unknown; observation_time is a pseudo-operational proxy
2008-08-05T00:00:00+00:00,2008-08-04,windermere,south,water_temperature,2.0,degC,month_1,2008-08-05,2008-09-03,,,,full_anomaly_persistence,1.0,1.0,False,False,0,,4f53cda18c2baa0c0354bb5f9a3ecbe5ed12ab4d8e11ba873c2f11161202b945,2008-07-06,2008-08-04,30,16.848630555555555,,0,,observation_time_proxy,historical data_available_time is unknown; observation_time is a pseudo-operational proxy
2008-08-05T00:00:00+00:00,2008-08-04,windermere,south,water_temperature,2.0,degC,month_2,2008-09-04,2008-10-03,,,,full_anomaly_persistence,1.0,1.0,False,False,0,,4f53cda18c2baa0c0354bb5f9a3ecbe5ed12ab4d8e11ba873c2f11161202b945,2008-07-06,2008-08-04,30,16.848630555555555,,0,,observation_time_proxy,historical data_available_time is unknown; observation_time is a pseudo-operational proxy
2008-08-05T00:00:00+00:00,2008-08-04,windermere,south,water_temperature,2.0,degC,month_3,2008-10-04,2008-11-02,,,,full_anomaly_persistence,1.0,1.0,False,False,0,,4f53cda18c2baa0c0354bb5f9a3ecbe5ed12ab4d8e11ba873c2f11161202b945,2008-07-06,2008-08-04,30,16.848630555555555,,0,,observation_time_proxy,historical data_available_time is unknown; observation_time is a pseudo-operational proxy
2008-08-12T00:00:00+00:00,2008-08-11,windermere,south,water_temperature,2.0,degC,month_1,2008-08-12,2008-09-10,,,,full_anomaly_persistence,1.0,1.0,False,False,0,,4f53cda18c2baa0c0354bb5f9a3ecbe5ed12ab4d8e11ba873c2f11161202b945,2008-07-13,2008-08-11,30,17.354230555555556,,0,,observation_time_proxy,historical data_available_time is unknown; observation_time is a pseudo-operational proxy
2008-08-12T00:00:00+00:00,2008-08-11,windermere,south,water_temperature,2.0,degC,month_2,2008-09-11,2008-10-10,,,,full_anomaly_persistence,1.0,1.0,False,False,0,,4f53cda18c2baa0c0354bb5f9a3ecbe5ed12ab4d8e11ba873c2f11161202b945,2008-07-13,2008-08-11,30,17.354230555555556,,0,,observation_time_proxy,historical data_available_time is unknown; observation_time is a pseudo-operational proxy
2008-08-12T00:00:00+00:00,2008-08-11,windermere,south,water_temperature,2.0,degC,month_3,2008-10-11,2008-11-09,,,,full_anomaly_persistence,1.0,1.0,False,False,0,,4f53cda18c2baa0c0354bb5f9a3ecbe5ed12ab4d8e11ba873c2f11161202b945,2008-07-13,2008-08-11,30,17.354230555555556,,0,,observation_time_proxy,historical data_available_time is unknown; observation_time is a pseudo-operational proxy
2008-08-19T00:00:00+00:00,2008-08-18,windermere,south,water_temperature,2.0,degC,month_1,2008-08-19,2008-09-17,,,,full_anomaly_persistence,1.0,1.0,False,False,0,,4f53cda18c2baa0c0354bb5f9a3ecbe5ed12ab4d8e11ba873c2f11161202b945,2008-07-20,2008-08-18,30,17.574,,0,,observation_time_proxy,historical data_available_time is unknown; observation_time is a pseudo-operational proxy
2008-08-19T00:00:00+00:00,2008-08-18,windermere,south,water_temperature,2.0,degC,month_2,2008-09-18,2008-10-17,,,,full_anomaly_persistence,1.0,1.0,False,False,0,,4f53cda18c2baa0c0354bb5f9a3ecbe5ed12ab4d8e11ba873c2f11161202b945,2008-07-20,2008-08-18,30,17.574,,0,,observation_time_proxy,historical data_available_time is unknown; observation_time is a pseudo-operational proxy
2008-08-19T00:00:00+00:00,2008-08-18,windermere,south,water_temperature,2.0,degC,month_3,2008-10-18,2008-11-16,,,,full_anomaly_persistence,1.0,1.0,False,False,0,,4f53cda18c2baa0c0354bb5f9a3ecbe5ed12ab4d8e11ba873c2f11161202b945,2008-07-20,2008-08-18,30,17.574,,0,,observation_time_proxy,historical data_available_time is unknown; observation_time is a pseudo-operational proxy
2008-08-26T00:00:00+00:00,2008-08-25,windermere,south,water_temperature,2.0,degC,month_1,2008-08-26,2008-09-24,,,,full_anomaly_persistence,1.0,1.0,False,False,0,,4f53cda18c2baa0c0354bb5f9a3ecbe5ed12ab4d8e11ba873c2f11161202b945,2008-07-27,2008-08-25,30,17.5620125,,0,,observation_time_proxy,historical data_available_time is unknown; observation_time is a pseudo-operational proxy
2008-08-26T00:00:00+00:00,2008-08-25,windermere,south,water_temperature,2.0,degC,month_2,2008-09-25,2008-10-24,,,,full_anomaly_persistence,1.0,1.0,False,False,0,,4f53cda18c2baa0c0354bb5f9a3ecbe5ed12ab4d8e11ba873c2f11161202b945,2008-07-27,2008-08-25,30,17.5620125,,0,,observation_time_proxy,historical data_available_time is unknown; observation_time is a pseudo-operational proxy
2008-08-26T00:00:00+00:00,2008-08-25,windermere,south,water_temperature,2.0,degC,month_3,2008-10-25,2008-11-23,,,,full_anomaly_persistence,1.0,1.0,False,False,0,,4f53cda18c2baa0c0354bb5f9a3ecbe5ed12ab4d8e11ba873c2f11161202b945,2008-07-27,2008-08-25,30,17.5620125,,0,,observation_time_proxy,historical data_available_time is unknown; observation_time is a pseudo-operational proxy
2008-09-02T00:00:00+00:00,2008-09-01,windermere,south,water_temperature,2.0,degC,month_1,2008-09-02,2008-10-01,,,,full_anomaly_persistence,1.0,1.0,False,False,0,,4f53cda18c2baa0c0354bb5f9a3ecbe5ed12ab4d8e11ba873c2f11161202b945,2008-08-03,2008-09-01,30,17.00502361111111,,0,,observation_time_proxy,historical data_available_time is unknown; observation_time is a pseudo-operational proxy
2008-09-02T00:00:00+00:00,2008-09-01,windermere,south,water_temperature,2.0,degC,month_2,2008-10-02,2008-10-31,,,,full_anomaly_persistence,1.0,1.0,False,False,0,,4f53cda18c2baa0c0354bb5f9a3ecbe5ed12ab4d8e11ba873c2f11161202b945,2008-08-03,2008-09-01,30,17.00502361111111,,0,,observation_time_proxy,historical data_available_time is unknown; observation_time is a pseudo-operational proxy
2008-09-02T00:00:00+00:00,2008-09-01,windermere,south,water_temperature,2.0,degC,month_3,2008-11-01,2008-11-30,,,,full_anomaly_persistence,1.0,1.0,False,False,0,,4f53cda18c2baa0c0354bb5f9a3ecbe5ed12ab4d8e11ba873c2f11161202b945,2008-08-03,2008-09-01,30,17.00502361111111,,0,,observation_time_proxy,historical data_available_time is unknown; observation_time is a pseudo-operational proxy
2008-09-09T00:00:00+00:00,2008-09-08,windermere,south,water_temperature,2.0,degC,month_1,2008-09-09,2008-10-08,,,,full_anomaly_persistence,1.0,1.0,False,False,0,,4f53cda18c2baa0c0354bb5f9a3ecbe5ed12ab4d8e11ba873c2f11161202b945,2008-08-10,2008-09-08,30,16.373270833333333,,0,,observation_time_proxy,historical data_available_time is unknown; observation_time is a pseudo-operational proxy
2008-09-09T00:00:00+00:00,2008-09-08,windermere,south,water_temperature,2.0,degC,month_2,2008-10-09,2008-11-07,,,,full_anomaly_persistence,1.0,1.0,False,False,0,,4f53cda18c2baa0c0354bb5f9a3ecbe5ed12ab4d8e11ba873c2f11161202b945,2008-08-10,2008-09-08,30,16.373270833333333,,0,,observation_time_proxy,historical data_available_time is unknown; observation_time is a pseudo-operational proxy
2008-09-09T00:00:00+00:00,2008-09-08,windermere,south,water_temperature,2.0,degC,month_3,2008-11-08,2008-12-07,,,,full_anomaly_persistence,1.0,1.0,False,False,0,,4f53cda18c2baa0c0354bb5f9a3ecbe5ed12ab4d8e11ba873c2f11161202b945,2008-08-10,2008-09-08,30,16.373270833333333,,0,,observation_time_proxy,historical data_available_time is unknown; observation_time is a pseudo-operational proxy
2008-09-16T00:00:00+00:00,2008-09-15,windermere,south,water_temperature,2.0,degC,month_1,2008-09-16,2008-10-15,,,,full_anomaly_persistence,1.0,1.0,False,False,0,,4f53cda18c2baa0c0354bb5f9a3ecbe5ed12ab4d8e11ba873c2f11161202b945,2008-08-17,2008-09-15,30,15.89257638888889,,0,,observation_time_proxy,historical data_available_time is unknown; observation_time is a pseudo-operational proxy
2008-09-16T00:00:00+00:00,2008-09-15,windermere,south,water_temperature,2.0,degC,month_2,2008-10-16,2008-11-14,,,,full_anomaly_persistence,1.0,1.0,False,False,0,,4f53cda18c2baa0c0354bb5f9a3ecbe5ed12ab4d8e11ba873c2f11161202b945,2008-08-17,2008-09-15,30,15.89257638888889,,0,,observation_time_proxy,historical data_available_time is unknown; observation_time is a pseudo-operational proxy
2008-09-16T00:00:00+00:00,2008-09-15,windermere,south,water_temperature,2.0,degC,month_3,2008-11-15,2008-12-14,,,,full_anomaly_persistence,1.0,1.0,False,False,0,,4f53cda18c2baa0c0354bb5f9a3ecbe5ed12ab4d8e11ba873c2f11161202b945,2008-08-17,2008-09-15,30,15.89257638888889,,0,,observation_time_proxy,historical data_available_time is unknown; observation_time is a pseudo-operational proxy
2008-09-23T00:00:00+00:00,2008-09-22,windermere,south,water_temperature,2.0,degC,month_1,2008-09-23,2008-10-22,,,,full_anomaly_persistence,1.0,1.0,False,False,0,,4f53cda18c2baa0c0354bb5f9a3ecbe5ed12ab4d8e11ba873c2f11161202b945,2008-08-24,2008-09-22,30,15.440190277777777,,0,,observation_time_proxy,historical data_available_time is unknown; observation_time is a pseudo-operational proxy
2008-09-23T00:00:00+00:00,2008-09-22,windermere,south,water_temperature,2.0,degC,month_2,2008-10-23,2008-11-21,,,,full_anomaly_persistence,1.0,1.0,False,False,0,,4f53cda18c2baa0c0354bb5f9a3ecbe5ed12ab4d8e11ba873c2f11161202b945,2008-08-24,2008-09-22,30,15.440190277777777,,0,,observation_time_proxy,historical data_available_time is unknown; observation_time is a pseudo-operational proxy
2008-09-23T00:00:00+00:00,2008-09-22,windermere,south,water_temperature,2.0,degC,month_3,2008-11-22,2008-12-21,,,,full_anomaly_persistence,1.0,1.0,False,False,0,,4f53cda18c2baa0c0354bb5f9a3ecbe5ed12ab4d8e11ba873c2f11161202b945,2008-08-24,2008-09-22,30,15.440190277777777,,0,,observation_time_proxy,historical data_available_time is unknown; observation_time is a pseudo-operational proxy
2008-09-30T00:00:00+00:00,2008-09-29,windermere,south,water_temperature,2.0,degC,month_1,2008-09-30,2008-10-29,,,,full_anomaly_persistence,1.0,1.0,False,False,0,,4f53cda18c2baa0c0354bb5f9a3ecbe5ed12ab4d8e11ba873c2f11161202b945,2008-08-31,2008-09-29,30,15.000897222222223,,0,,observation_time_proxy,historical data_available_time is unknown; observation_time is a pseudo-operational proxy
2008-09-30T00:00:00+00:00,2008-09-29,windermere,south,water_temperature,2.0,degC,month_2,2008-10-30,2008-11-28,,,,full_anomaly_persistence,1.0,1.0,False,False,0,,4f53cda18c2baa0c0354bb5f9a3ecbe5ed12ab4d8e11ba873c2f11161202b945,2008-08-31,2008-09-29,30,15.000897222222223,,0,,observation_time_proxy,historical data_available_time is unknown; observation_time is a pseudo-operational proxy
2008-09-30T00:00:00+00:00,2008-09-29,windermere,south,water_temperature,2.0,degC,month_3,2008-11-29,2008-12-28,,,,full_anomaly_persistence,1.0,1.0,False,False,0,,4f53cda18c2baa0c0354bb5f9a3ecbe5ed12ab4d8e11ba873c2f11161202b945,2008-08-31,2008-09-29,30,15.000897222222223,,0,,observation_time_proxy,historical data_available_time is unknown; observation_time is a pseudo-operational proxy
2008-10-07T00:00:00+00:00,2008-10-06,windermere,south,water_temperature,2.0,degC,month_1,2008-10-07,2008-11-05,,,,full_anomaly_persistence,1.0,1.0,False,False,0,,4f53cda18c2baa0c0354bb5f9a3ecbe5ed12ab4d8e11ba873c2f11161202b945,2008-09-07,2008-10-06,30,14.460070833333333,,0,,observation_time_proxy,historical data_available_time is unknown; observation_time is a pseudo-operational proxy
2008-10-07T00:00:00+00:00,2008-10-06,windermere,south,water_temperature,2.0,degC,month_2,2008-11-06,2008-12-05,,,,full_anomaly_persistence,1.0,1.0,False,False,0,,4f53cda18c2baa0c0354bb5f9a3ecbe5ed12ab4d8e11ba873c2f11161202b945,2008-09-07,2008-10-06,30,14.460070833333333,,0,,observation_time_proxy,historical data_available_time is unknown; observation_time is a pseudo-operational proxy
2008-10-07T00:00:00+00:00,2008-10-06,windermere,south,water_temperature,2.0,degC,month_3,2008-12-06,2009-01-04,,,,full_anomaly_persistence,1.0,1.0,False,False,0,,4f53cda18c2baa0c0354bb5f9a3ecbe5ed12ab4d8e11ba873c2f11161202b945,2008-09-07,2008-10-06,30,14.460070833333333,,0,,observation_time_proxy,historical data_available_time is unknown; observation_time is a pseudo-operational proxy
2008-10-14T00:00:00+00:00,2008-10-13,windermere,south,water_temperature,2.0,degC,month_1,2008-10-14,2008-11-12,,,,full_anomaly_persistence,1.0,1.0,False,False,0,,4f53cda18c2baa0c0354bb5f9a3ecbe5ed12ab4d8e11ba873c2f11161202b945,2008-09-14,2008-10-13,30,13.9469625,,0,,observation_time_proxy,historical data_available_time is unknown; observation_time is a pseudo-operational proxy
2008-10-14T00:00:00+00:00,2008-10-13,windermere,south,water_temperature,2.0,degC,month_2,2008-11-13,2008-12-12,,,,full_anomaly_persistence,1.0,1.0,False,False,0,,4f53cda18c2baa0c0354bb5f9a3ecbe5ed12ab4d8e11ba873c2f11161202b945,2008-09-14,2008-10-13,30,13.9469625,,0,,observation_time_proxy,historical data_available_time is unknown; observation_time is a pseudo-operational proxy
2008-10-14T00:00:00+00:00,2008-10-13,windermere,south,water_temperature,2.0,degC,month_3,2008-12-13,2009-01-11,,,,full_anomaly_persistence,1.0,1.0,False,False,0,,4f53cda18c2baa0c0354bb5f9a3ecbe5ed12ab4d8e11ba873c2f11161202b945,2008-09-14,2008-10-13,30,13.9469625,,0,,observation_time_proxy,historical data_available_time is unknown; observation_time is a pseudo-operational proxy
2008-10-21T00:00:00+00:00,2008-10-20,windermere,south,water_temperature,2.0,degC,month_1,2008-10-21,2008-11-19,,,,full_anomaly_persistence,1.0,1.0,False,False,0,,4f53cda18c2baa0c0354bb5f9a3ecbe5ed12ab4d8e11ba873c2f11161202b945,2008-09-21,2008-10-20,30,13.294227777777778,,0,,observation_time_proxy,historical data_available_time is unknown; observation_time is a pseudo-operational proxy
2008-10-21T00:00:00+00:00,2008-10-20,windermere,south,water_temperature,2.0,degC,month_2,2008-11-20,2008-12-19,,,,full_anomaly_persistence,1.0,1.0,False,False,0,,4f53cda18c2baa0c0354bb5f9a3ecbe5ed12ab4d8e11ba873c2f11161202b945,2008-09-21,2008-10-20,30,13.294227777777778,,0,,observation_time_proxy,historical data_available_time is unknown; observation_time is a pseudo-operational proxy
2008-10-21T00:00:00+00:00,2008-10-20,windermere,south,water_temperature,2.0,degC,month_3,2008-12-20,2009-01-18,,,,full_anomaly_persistence,1.0,1.0,False,False,0,,4f53cda18c2baa0c0354bb5f9a3ecbe5ed12ab4d8e11ba873c2f11161202b945,2008-09-21,2008-10-20,30,13.294227777777778,,0,,observation_time_proxy,historical data_available_time is unknown; observation_time is a pseudo-operational proxy
2008-10-28T00:00:00+00:00,2008-10-27,windermere,south,water_temperature,2.0,degC,month_1,2008-10-28,2008-11-26,,,,full_anomaly_persistence,1.0,1.0,False,False,0,,4f53cda18c2baa0c0354bb5f9a3ecbe5ed12ab4d8e11ba873c2f11161202b945,2008-09-28,2008-10-27,30,12.453140277777777,,0,,observation_time_proxy,historical data_available_time is unknown; observation_time is a pseudo-operational proxy
2008-10-28T00:00:00+00:00,2008-10-27,windermere,south,water_temperature,2.0,degC,month_2,2008-11-27,2008-12-26,,,,full_anomaly_persistence,1.0,1.0,False,False,0,,4f53cda18c2baa0c0354bb5f9a3ecbe5ed12ab4d8e11ba873c2f11161202b945,2008-09-28,2008-10-27,30,12.453140277777777,,0,,observation_time_proxy,historical data_available_time is unknown; observation_time is a pseudo-operational proxy
2008-10-28T00:00:00+00:00,2008-10-27,windermere,south,water_temperature,2.0,degC,month_3,2008-12-27,2009-01-25,,,,full_anomaly_persistence,1.0,1.0,False,False,0,,4f53cda18c2baa0c0354bb5f9a3ecbe5ed12ab4d8e11ba873c2f11161202b945,2008-09-28,2008-10-27,30,12.453140277777777,,0,,observation_time_proxy,historical data_available_time is unknown; observation_time is a pseudo-operational proxy
2008-11-04T00:00:00+00:00,2008-11-03,windermere,south,water_temperature,2.0,degC,month_1,2008-11-04,2008-12-03,,,,full_anomaly_persistence,1.0,1.0,False,False,0,,4f53cda18c2baa0c0354bb5f9a3ecbe5ed12ab4d8e11ba873c2f11161202b945,2008-10-05,2008-11-03,30,11.484519033816426,,0,,observation_time_proxy,historical data_available_time is unknown; observation_time is a pseudo-operational proxy
2008-11-04T00:00:00+00:00,2008-11-03,windermere,south,water_temperature,2.0,degC,month_2,2008-12-04,2009-01-02,,,,full_anomaly_persistence,1.0,1.0,False,False,0,,4f53cda18c2baa0c0354bb5f9a3ecbe5ed12ab4d8e11ba873c2f11161202b945,2008-10-05,2008-11-03,30,11.484519033816426,,0,,observation_time_proxy,historical data_available_time is unknown; observation_time is a pseudo-operational proxy
2008-11-04T00:00:00+00:00,2008-11-03,windermere,south,water_temperature,2.0,degC,month_3,2009-01-03,2009-02-01,,,,full_anomaly_persistence,1.0,1.0,False,False,0,,4f53cda18c2baa0c0354bb5f9a3ecbe5ed12ab4d8e11ba873c2f11161202b945,2008-10-05,2008-11-03,30,11.484519033816426,,0,,observation_time_proxy,historical data_available_time is unknown; observation_time is a pseudo-operational proxy
2008-11-11T00:00:00+00:00,2008-11-10,windermere,south,water_temperature,2.0,degC,month_1,2008-11-11,2008-12-10,,,,full_anomaly_persistence,1.0,1.0,False,False,0,,4f53cda18c2baa0c0354bb5f9a3ecbe5ed12ab4d8e11ba873c2f11161202b945,2008-10-12,2008-11-10,30,10.631274311594202,,0,,observation_time_proxy,historical data_available_time is unknown; observation_time is a pseudo-operational proxy
2008-11-11T00:00:00+00:00,2008-11-10,windermere,south,water_temperature,2.0,degC,month_2,2008-12-11,2009-01-09,,,,full_anomaly_persistence,1.0,1.0,False,False,0,,4f53cda18c2baa0c0354bb5f9a3ecbe5ed12ab4d8e11ba873c2f11161202b945,2008-10-12,2008-11-10,30,10.631274311594202,,0,,observation_time_proxy,historical data_available_time is unknown; observation_time is a pseudo-operational proxy
2008-11-11T00:00:00+00:00,2008-11-10,windermere,south,water_temperature,2.0,degC,month_3,2009-01-10,2009-02-08,,,,full_anomaly_persistence,1.0,1.0,False,False,0,,4f53cda18c2baa0c0354bb5f9a3ecbe5ed12ab4d8e11ba873c2f11161202b945,2008-10-12,2008-11-10,30,10.631274311594202,,0,,observation_time_proxy,historical data_available_time is unknown; observation_time is a pseudo-operational proxy
2008-11-18T00:00:00+00:00,2008-11-17,windermere,south,water_temperature,2.0,degC,month_1,2008-11-18,2008-12-17,,,,full_anomaly_persistence,1.0,1.0,False,False,0,,4f53cda18c2baa0c0354bb5f9a3ecbe5ed12ab4d8e11ba873c2f11161202b945,2008-10-19,2008-11-17,30,9.797983200483092,,0,,observation_time_proxy,historical data_available_time is unknown; observation_time is a pseudo-operational proxy
2008-11-18T00:00:00+00:00,2008-11-17,windermere,south,water_temperature,2.0,degC,month_2,2008-12-18,2009-01-16,,,,full_anomaly_persistence,1.0,1.0,False,False,0,,4f53cda18c2baa0c0354bb5f9a3ecbe5ed12ab4d8e11ba873c2f11161202b945,2008-10-19,2008-11-17,30,9.797983200483092,,0,,observation_time_proxy,historical data_available_time is unknown; observation_time is a pseudo-operational proxy
2008-11-18T00:00:00+00:00,2008-11-17,windermere,south,water_temperature,2.0,degC,month_3,2009-01-17,2009-02-15,,,,full_anomaly_persistence,1.0,1.0,False,False,0,,4f53cda18c2baa0c0354bb5f9a3ecbe5ed12ab4d8e11ba873c2f11161202b945,2008-10-19,2008-11-17,30,9.797983200483092,,0,,observation_time_proxy,historical data_available_time is unknown; observation_time is a pseudo-operational proxy
2008-11-25T00:00:00+00:00,2008-11-24,windermere,south,water_temperature,2.0,degC,month_1,2008-11-25,2008-12-24,,,,full_anomaly_persistence,1.0,1.0,False,False,0,,4f53cda18c2baa0c0354bb5f9a3ecbe5ed12ab4d8e11ba873c2f11161202b945,2008-10-26,2008-11-24,30,9.129252644927536,,0,,observation_time_proxy,historical data_available_time is unknown; observation_time is a pseudo-operational proxy
2008-11-25T00:00:00+00:00,2008-11-24,windermere,south,water_temperature,2.0,degC,month_2,2008-12-25,2009-01-23,,,,full_anomaly_persistence,1.0,1.0,False,False,0,,4f53cda18c2baa0c0354bb5f9a3ecbe5ed12ab4d8e11ba873c2f11161202b945,2008-10-26,2008-11-24,30,9.129252644927536,,0,,observation_time_proxy,historical data_available_time is unknown; observation_time is a pseudo-operational proxy
2008-11-25T00:00:00+00:00,2008-11-24,windermere,south,water_temperature,2.0,degC,month_3,2009-01-24,2009-02-22,,,,full_anomaly_persistence,1.0,1.0,False,False,0,,4f53cda18c2baa0c0354bb5f9a3ecbe5ed12ab4d8e11ba873c2f11161202b945,2008-10-26,2008-11-24,30,9.129252644927536,,0,,observation_time_proxy,historical data_available_time is unknown; observation_time is a pseudo-operational proxy
2008-12-02T00:00:00+00:00,2008-12-01,windermere,south,water_temperature,2.0,degC,month_1,2008-12-02,2008-12-31,,,,full_anomaly_persistence,1.0,1.0,False,False,0,,4f53cda18c2baa0c0354bb5f9a3ecbe5ed12ab4d8e11ba873c2f11161202b945,2008-11-02,2008-12-01,30,8.553090277777777,,0,,observation_time_proxy,historical data_available_time is unknown; observation_time is a pseudo-operational proxy
2008-12-02T00:00:00+00:00,2008-12-01,windermere,south,water_temperature,2.0,degC,month_2,2009-01-01,2009-01-30,,,,full_anomaly_persistence,1.0,1.0,False,False,0,,4f53cda18c2baa0c0354bb5f9a3ecbe5ed12ab4d8e11ba873c2f11161202b945,2008-11-02,2008-12-01,30,8.553090277777777,,0,,observation_time_proxy,historical data_available_time is unknown; observation_time is a pseudo-operational proxy
2008-12-02T00:00:00+00:00,2008-12-01,windermere,south,water_temperature,2.0,degC,month_3,2009-01-31,2009-03-01,,,,full_anomaly_persistence,1.0,1.0,False,False,0,,4f53cda18c2baa0c0354bb5f9a3ecbe5ed12ab4d8e11ba873c2f11161202b945,2008-11-02,2008-12-01,30,8.553090277777777,,0,,observation_time_proxy,historical data_available_time is unknown; observation_time is a pseudo-operational proxy
2008-12-09T00:00:00+00:00,2008-12-08,windermere,south,water_temperature,2.0,degC,month_1,2008-12-09,2009-01-07,,,,full_anomaly_persistence,1.0,1.0,False,False,0,,4f53cda18c2baa0c0354bb5f9a3ecbe5ed12ab4d8e11ba873c2f11161202b945,2008-11-09,2008-12-08,30,7.992063055555556,,0,,observation_time_proxy,historical data_available_time is unknown; observation_time is a pseudo-operational proxy
2008-12-09T00:00:00+00:00,2008-12-08,windermere,south,water_temperature,2.0,degC,month_2,2009-01-08,2009-02-06,,,,full_anomaly_persistence,1.0,1.0,False,False,0,,4f53cda18c2baa0c0354bb5f9a3ecbe5ed12ab4d8e11ba873c2f11161202b945,2008-11-09,2008-12-08,30,7.992063055555556,,0,,observation_time_proxy,historical data_available_time is unknown; observation_time is a pseudo-operational proxy
2008-12-09T00:00:00+00:00,2008-12-08,windermere,south,water_temperature,2.0,degC,month_3,2009-02-07,2009-03-08,,,,full_anomaly_persistence,1.0,1.0,False,False,0,,4f53cda18c2baa0c0354bb5f9a3ecbe5ed12ab4d8e11ba873c2f11161202b945,2008-11-09,2008-12-08,30,7.992063055555556,,0,,observation_time_proxy,historical data_available_time is unknown; observation_time is a pseudo-operational proxy
2008-12-16T00:00:00+00:00,2008-12-15,windermere,south,water_temperature,2.0,degC,month_1,2008-12-16,2009-01-14,,,,full_anomaly_persistence,1.0,1.0,False,False,0,,4f53cda18c2baa0c0354bb5f9a3ecbe5ed12ab4d8e11ba873c2f11161202b945,2008-11-16,2008-12-15,30,7.379215555555556,,0,,observation_time_proxy,historical data_available_time is unknown; observation_time is a pseudo-operational proxy
2008-12-16T00:00:00+00:00,2008-12-15,windermere,south,water_temperature,2.0,degC,month_2,2009-01-15,2009-02-13,,,,full_anomaly_persistence,1.0,1.0,False,False,0,,4f53cda18c2baa0c0354bb5f9a3ecbe5ed12ab4d8e11ba873c2f11161202b945,2008-11-16,2008-12-15,30,7.379215555555556,,0,,observation_time_proxy,historical data_available_time is unknown; observation_time is a pseudo-operational proxy
2008-12-16T00:00:00+00:00,2008-12-15,windermere,south,water_temperature,2.0,degC,month_3,2009-02-14,2009-03-15,,,,full_anomaly_persistence,1.0,1.0,False,False,0,,4f53cda18c2baa0c0354bb5f9a3ecbe5ed12ab4d8e11ba873c2f11161202b945,2008-11-16,2008-12-15,30,7.379215555555556,,0,,observation_time_proxy,historical data_available_time is unknown; observation_time is a pseudo-operational proxy
2008-12-23T00:00:00+00:00,2008-12-22,windermere,south,water_temperature,2.0,degC,month_1,2008-12-23,2009-01-21,,,,full_anomaly_persistence,1.0,1.0,False,False,0,,4f53cda18c2baa0c0354bb5f9a3ecbe5ed12ab4d8e11ba873c2f11161202b945,2008-11-23,2008-12-22,30,6.743839722222222,,0,,observation_time_proxy,historical data_available_time is unknown; observation_time is a pseudo-operational proxy
2008-12-23T00:00:00+00:00,2008-12-22,windermere,south,water_temperature,2.0,degC,month_2,2009-01-22,2009-02-20,,,,full_anomaly_persistence,1.0,1.0,False,False,0,,4f53cda18c2baa0c0354bb5f9a3ecbe5ed12ab4d8e11ba873c2f11161202b945,2008-11-23,2008-12-22,30,6.743839722222222,,0,,observation_time_proxy,historical data_available_time is unknown; observation_time is a pseudo-operational proxy
2008-12-23T00:00:00+00:00,2008-12-22,windermere,south,water_temperature,2.0,degC,month_3,2009-02-21,2009-03-22,,,,full_anomaly_persistence,1.0,1.0,False,False,0,,4f53cda18c2baa0c0354bb5f9a3ecbe5ed12ab4d8e11ba873c2f11161202b945,2008-11-23,2008-12-22,30,6.743839722222222,,0,,observation_time_proxy,historical data_available_time is unknown; observation_time is a pseudo-operational proxy
2008-12-30T00:00:00+00:00,2008-12-29,windermere,south,water_temperature,2.0,degC,month_1,2008-12-30,2009-01-28,,,,full_anomaly_persistence,1.0,1.0,False,False,0,,4f53cda18c2baa0c0354bb5f9a3ecbe5ed12ab4d8e11ba873c2f11161202b945,2008-11-30,2008-12-29,30,6.251254444444444,,0,,observation_time_proxy,historical data_available_time is unknown; observation_time is a pseudo-operational proxy
2008-12-30T00:00:00+00:00,2008-12-29,windermere,south,water_temperature,2.0,degC,month_2,2009-01-29,2009-02-27,,,,full_anomaly_persistence,1.0,1.0,False,False,0,,4f53cda18c2baa0c0354bb5f9a3ecbe5ed12ab4d8e11ba873c2f11161202b945,2008-11-30,2008-12-29,30,6.251254444444444,,0,,observation_time_proxy,historical data_available_time is unknown; observation_time is a pseudo-operational proxy
2008-12-30T00:00:00+00:00,2008-12-29,windermere,south,water_temperature,2.0,degC,month_3,2009-02-28,2009-03-29,,,,full_anomaly_persistence,1.0,1.0,False,False,0,,4f53cda18c2baa0c0354bb5f9a3ecbe5ed12ab4d8e11ba873c2f11161202b945,2008-11-30,2008-12-29,30,6.251254444444444,,0,,observation_time_proxy,historical data_available_time is unknown; observation_time is a pseudo-operational proxy
2009-01-06T00:00:00+00:00,2009-01-05,windermere,south,water_temperature,2.0,degC,month_1,2009-01-06,2009-02-04,,,,full_anomaly_persistence,1.0,1.0,False,False,1,2008,590b688f408fdb986ab176575a9a731fa69237ea1e0d83a55ea84a04141ed4e8,2008-12-07,2009-01-05,30,5.817205811835749,,0,,observation_time_proxy,historical data_available_time is unknown; observation_time is a pseudo-operational proxy
2009-01-06T00:00:00+00:00,2009-01-05,windermere,south,water_temperature,2.0,degC,month_2,2009-02-05,2009-03-06,,,,full_anomaly_persistence,1.0,1.0,False,False,1,2008,8d7b794a827e97bbf0f311ac0c9df5ba1920188e6b10b543f6273489c4fb3de9,2008-12-07,2009-01-05,30,5.817205811835749,,0,,observation_time_proxy,historical data_available_time is unknown; observation_time is a pseudo-operational proxy
2009-01-06T00:00:00+00:00,2009-01-05,windermere,south,water_temperature,2.0,degC,month_3,2009-03-07,2009-04-05,,,,full_anomaly_persistence,1.0,1.0,False,False,1,2008,50172f48edd33fabbe4594ee0c7814eaa6924c541c0c55f76c29b9b88f4384f9,2008-12-07,2009-01-05,30,5.817205811835749,,0,,observation_time_proxy,historical data_available_time is unknown; observation_time is a pseudo-operational proxy
2009-01-13T00:00:00+00:00,2009-01-12,windermere,south,water_temperature,2.0,degC,month_1,2009-01-13,2009-02-11,,,,full_anomaly_persistence,1.0,1.0,False,False,1,2008,b6a4624794e006e8f43420d0703bde1c01091f928633e1eec4e2f3909055e2c4,2008-12-14,2009-01-12,30,5.434323589613527,,0,,observation_time_proxy,historical data_available_time is unknown; observation_time is a pseudo-operational proxy
2009-01-13T00:00:00+00:00,2009-01-12,windermere,south,water_temperature,2.0,degC,month_2,2009-02-12,2009-03-13,,,,full_anomaly_persistence,1.0,1.0,False,False,1,2008,566f30f99d119cf1b1a74bee3d707f709c638d0c3e59670645295a2984473af7,2008-12-14,2009-01-12,30,5.434323589613527,,0,,observation_time_proxy,historical data_available_time is unknown; observation_time is a pseudo-operational proxy
2009-01-13T00:00:00+00:00,2009-01-12,windermere,south,water_temperature,2.0,degC,month_3,2009-03-14,2009-04-12,,,,full_anomaly_persistence,1.0,1.0,False,False,1,2008,e1ff851415d9b744109fd8c850708c80750ec6fdb97d1caa4e91275d2bccbe52,2008-12-14,2009-01-12,30,5.434323589613527,,0,,observation_time_proxy,historical data_available_time is unknown; observation_time is a pseudo-operational proxy
2009-01-20T00:00:00+00:00,2009-01-19,windermere,south,water_temperature,2.0,degC,month_1,2009-01-20,2009-02-18,,,,full_anomaly_persistence,1.0,1.0,False,False,1,2008,a65151a72daf5f4f5ed8a0c92c7f52308dbbbf01f5441072bc425f207ac4770a,2008-12-21,2009-01-19,30,5.137663589613527,,0,,observation_time_proxy,historical data_available_time is unknown; observation_time is a pseudo-operational proxy
2009-01-20T00:00:00+00:00,2009-01-19,windermere,south,water_temperature,2.0,degC,month_2,2009-02-19,2009-03-20,,,,full_anomaly_persistence,1.0,1.0,False,False,1,2008,506d47b94a94c275982c854cf21dec01d5f3e1ab33c9a0dcc4e7136005dec68b,2008-12-21,2009-01-19,30,5.137663589613527,,0,,observation_time_proxy,historical data_available_time is unknown; observation_time is a pseudo-operational proxy
2009-01-20T00:00:00+00:00,2009-01-19,windermere,south,water_temperature,2.0,degC,month_3,2009-03-21,2009-04-19,,,,full_anomaly_persistence,1.0,1.0,False,False,1,2008,f274874e84cf116069bb51f4b5029e76d84ecd07be13aed06d2c5144dbb2264d,2008-12-21,2009-01-19,30,5.137663589613527,,0,,observation_time_proxy,historical data_available_time is unknown; observation_time is a pseudo-operational proxy
2009-01-27T00:00:00+00:00,2009-01-26,windermere,south,water_temperature,2.0,degC,month_1,2009-01-27,2009-02-25,,,,full_anomaly_persistence,1.0,1.0,False,False,1,2008,a63f1e453b656d08d08133f8582b7e48c8eecdaf763462502faeba477c631e36,2008-12-28,2009-01-26,30,4.826412895169082,,0,,observation_time_proxy,historical data_available_time is unknown; observation_time is a pseudo-operational proxy
2009-01-27T00:00:00+00:00,2009-01-26,windermere,south,water_temperature,2.0,degC,month_2,2009-02-26,2009-03-27,,,,full_anomaly_persistence,1.0,1.0,False,False,1,2008,7d51ef8188b091882bb234a0811d8f209173213fc001d3c27c32a16b565891c7,2008-12-28,2009-01-26,30,4.826412895169082,,0,,observation_time_proxy,historical data_available_time is unknown; observation_time is a pseudo-operational proxy
2009-01-27T00:00:00+00:00,2009-01-26,windermere,south,water_temperature,2.0,degC,month_3,2009-03-28,2009-04-26,,,,full_anomaly_persistence,1.0,1.0,False,False,1,2008,6f6178587ec6ccfefaf928de0ed63f5e3621356c631eca7527111933a8c44c0c,2008-12-28,2009-01-26,30,4.826412895169082,,0,,observation_time_proxy,historical data_available_time is unknown; observation_time is a pseudo-operational proxy
2009-02-03T00:00:00+00:00,2009-02-02,windermere,south,water_temperature,2.0,degC,month_1,2009-02-03,2009-03-04,,,,full_anomaly_persistence,1.0,1.0,False,False,1,2008,91b818da3f90afcf4c38f58227eeafa15fb8e03b3ab9104a90cc6f709ce00f7f,2009-01-04,2009-02-02,30,4.568031983333333,,1,2008,observation_time_proxy,historical data_available_time is unknown; observation_time is a pseudo-operational proxy
2009-02-03T00:00:00+00:00,2009-02-02,windermere,south,water_temperature,2.0,degC,month_2,2009-03-05,2009-04-03,,,,full_anomaly_persistence,1.0,1.0,False,False,1,2008,b8622b421f3261168b505cab8a2a05a42c33a2cb895d4a2d18ccd3b2ec4e4105,2009-01-04,2009-02-02,30,4.568031983333333,,1,2008,observation_time_proxy,historical data_available_time is unknown; observation_time is a pseudo-operational proxy
2009-02-03T00:00:00+00:00,2009-02-02,windermere,south,water_temperature,2.0,degC,month_3,2009-04-04,2009-05-03,,,,full_anomaly_persistence,1.0,1.0,False,False,1,2008,05b8c38f63b174489c3081997d1b774dd8a911cc325143f6242809bead3c329a,2009-01-04,2009-02-02,30,4.568031983333333,,1,2008,observation_time_proxy,historical data_available_time is unknown; observation_time is a pseudo-operational proxy
2009-02-10T00:00:00+00:00,2009-02-09,windermere,south,water_temperature,2.0,degC,month_1,2009-02-10,2009-03-11,,,,full_anomaly_persistence,1.0,1.0,False,False,1,2008,2249922b0dfe6c7330831289ef62bc88c9e3b084f84734bd3326ec0550c056be,2009-01-11,2009-02-09,30,4.360414027777778,,1,2008,observation_time_proxy,historical data_available_time is unknown; observation_time is a pseudo-operational proxy
2009-02-10T00:00:00+00:00,2009-02-09,windermere,south,water_temperature,2.0,degC,month_2,2009-03-12,2009-04-10,,,,full_anomaly_persistence,1.0,1.0,False,False,1,2008,ee9c6f0a06e39653b7bf8c19ad4103e61d4e081a6fb06c6e8b05dda2efe9442d,2009-01-11,2009-02-09,30,4.360414027777778,,1,2008,observation_time_proxy,historical data_available_time is unknown; observation_time is a pseudo-operational proxy
2009-02-10T00:00:00+00:00,2009-02-09,windermere,south,water_temperature,2.0,degC,month_3,2009-04-11,2009-05-10,,,,full_anomaly_persistence,1.0,1.0,False,False,1,2008,695b40f531de964dc7d695961a83611e343c2cb4021045df9fccf0ca63989ead,2009-01-11,2009-02-09,30,4.360414027777778,,1,2008,observation_time_proxy,historical data_available_time is unknown; observation_time is a pseudo-operational proxy
2009-02-17T00:00:00+00:00,2009-02-16,windermere,south,water_temperature,2.0,degC,month_1,2009-02-17,2009-03-18,,,,full_anomaly_persistence,1.0,1.0,False,False,1,2008,a3648c2e348a2d4bc32870a6e8944350ff12c6171d123d2fcd6c330d93bb84d3,2009-01-18,2009-02-16,30,4.151001944444444,,1,2008,observation_time_proxy,historical data_available_time is unknown; observation_time is a pseudo-operational proxy
2009-02-17T00:00:00+00:00,2009-02-16,windermere,south,water_temperature,2.0,degC,month_2,2009-03-19,2009-04-17,,,,full_anomaly_persistence,1.0,1.0,False,False,1,2008,74276007aa7c84cdcfab9d4b54ab9b3bb6870af9bb4f824f2dd449ccf01914d4,2009-01-18,2009-02-16,30,4.151001944444444,,1,2008,observation_time_proxy,historical data_available_time is unknown; observation_time is a pseudo-operational proxy
2009-02-17T00:00:00+00:00,2009-02-16,windermere,south,water_temperature,2.0,degC,month_3,2009-04-18,2009-05-17,,,,full_anomaly_persistence,1.0,1.0,False,False,1,2008,1f3f84457560b6cc70d2badeffa89856775bdad84e299f857421abe7a990a32f,2009-01-18,2009-02-16,30,4.151001944444444,,1,2008,observation_time_proxy,historical data_available_time is unknown; observation_time is a pseudo-operational proxy
2009-02-24T00:00:00+00:00,2009-02-23,windermere,south,water_temperature,2.0,degC,month_1,2009-02-24,2009-03-25,,,,full_anomaly_persistence,1.0,1.0,False,False,1,2008,264a6af47dca3f315bdd97e9150dc8479e377c0fd85bd1278a6f4e06e973a2ca,2009-01-25,2009-02-23,30,3.9795813888888887,,1,2008,observation_time_proxy,historical data_available_time is unknown; observation_time is a pseudo-operational proxy
2009-02-24T00:00:00+00:00,2009-02-23,windermere,south,water_temperature,2.0,degC,month_2,2009-03-26,2009-04-24,,,,full_anomaly_persistence,1.0,1.0,False,False,1,2008,b84dc2ef777de63878bf74aee8e3c029f2169c0bdca120ffa12140e7b79e5d0d,2009-01-25,2009-02-23,30,3.9795813888888887,,1,2008,observation_time_proxy,historical data_available_time is unknown; observation_time is a pseudo-operational proxy
2009-02-24T00:00:00+00:00,2009-02-23,windermere,south,water_temperature,2.0,degC,month_3,2009-04-25,2009-05-24,,,,full_anomaly_persistence,1.0,1.0,False,False,1,2008,2f96c90e8a84514b69cfafe299799109851448e397f0f8e01345936c31bfa828,2009-01-25,2009-02-23,30,3.9795813888888887,,1,2008,observation_time_proxy,historical data_available_time is unknown; observation_time is a pseudo-operational proxy
2009-03-03T00:00:00+00:00,2009-03-02,windermere,south,water_temperature,2.0,degC,month_1,2009-03-03,2009-04-01,,,,full_anomaly_persistence,1.0,1.0,False,False,1,2008,abc3f37223eb3f0ecbe6f075f3f255cb90e488b01e8b4ad86d329b0e595bec84,2009-02-01,2009-03-02,30,3.8910168055555556,,1,2008,observation_time_proxy,historical data_available_time is unknown; observation_time is a pseudo-operational proxy
2009-03-03T00:00:00+00:00,2009-03-02,windermere,south,water_temperature,2.0,degC,month_2,2009-04-02,2009-05-01,,,,full_anomaly_persistence,1.0,1.0,False,False,1,2008,798bfbe1e34cea4a23cc83d79c3da01c8f9a25001163f51372c9d5ce4c894c8b,2009-02-01,2009-03-02,30,3.8910168055555556,,1,2008,observation_time_proxy,historical data_available_time is unknown; observation_time is a pseudo-operational proxy
2009-03-03T00:00:00+00:00,2009-03-02,windermere,south,water_temperature,2.0,degC,month_3,2009-05-02,2009-05-31,,,,full_anomaly_persistence,1.0,1.0,False,False,1,2008,4da1cdc9a924152e100c98a14695eed5424cbc90e8ef8ae6cd6d0afca26a7e32,2009-02-01,2009-03-02,30,3.8910168055555556,,1,2008,observation_time_proxy,historical data_available_time is unknown; observation_time is a pseudo-operational proxy
2009-03-10T00:00:00+00:00,2009-03-09,windermere,south,water_temperature,2.0,degC,month_1,2009-03-10,2009-04-08,,,,full_anomaly_persistence,1.0,1.0,False,False,1,2008,4482c5b364405a7155391bd32a5eb516f5a404964e515710c53362a8de83d776,2009-02-08,2009-03-09,30,3.9229902777777776,,1,2008,observation_time_proxy,historical data_available_time is unknown; observation_time is a pseudo-operational proxy
2009-03-10T00:00:00+00:00,2009-03-09,windermere,south,water_temperature,2.0,degC,month_2,2009-04-09,2009-05-08,,,,full_anomaly_persistence,1.0,1.0,False,False,1,2008,5875f340b759b62353af34c225f2babefd0d91114223a1d8c89702fe48e75dac,2009-02-08,2009-03-09,30,3.9229902777777776,,1,2008,observation_time_proxy,historical data_available_time is unknown; observation_time is a pseudo-operational proxy
2009-03-10T00:00:00+00:00,2009-03-09,windermere,south,water_temperature,2.0,degC,month_3,2009-05-09,2009-06-07,,,,full_anomaly_persistence,1.0,1.0,False,False,1,2008,478b89326d7daa238b1841818b4356928359d2e31700f07d354e98906430eca1,2009-02-08,2009-03-09,30,3.9229902777777776,,1,2008,observation_time_proxy,historical data_available_time is unknown; observation_time is a pseudo-operational proxy
2009-03-17T00:00:00+00:00,2009-03-16,windermere,south,water_temperature,2.0,degC,month_1,2009-03-17,2009-04-15,,,,full_anomaly_persistence,1.0,1.0,False,False,1,2008,f0165eaa1e433c4d6ac920272ea4746592afcab03a7fcfd6f1af08e10c15f3cc,2009-02-15,2009-03-16,30,4.12073875,,1,2008,observation_time_proxy,historical data_available_time is unknown; observation_time is a pseudo-operational proxy
2009-03-17T00:00:00+00:00,2009-03-16,windermere,south,water_temperature,2.0,degC,month_2,2009-04-16,2009-05-15,,,,full_anomaly_persistence,1.0,1.0,False,False,1,2008,5c0d7eecccab9753153dd655c7e784ec5c1e071da91c670b44ff5f6f97637960,2009-02-15,2009-03-16,30,4.12073875,,1,2008,observation_time_proxy,historical data_available_time is unknown; observation_time is a pseudo-operational proxy
2009-03-17T00:00:00+00:00,2009-03-16,windermere,south,water_temperature,2.0,degC,month_3,2009-05-16,2009-06-14,,,,full_anomaly_persistence,1.0,1.0,False,False,1,2008,e07695e968dca25a3bab76a6f720399c9ca4022fe8f3634e98e032acf6deb375,2009-02-15,2009-03-16,30,4.12073875,,1,2008,observation_time_proxy,historical data_available_time is unknown; observation_time is a pseudo-operational proxy
2009-03-24T00:00:00+00:00,2009-03-23,windermere,south,water_temperature,2.0,degC,month_1,2009-03-24,2009-04-22,,,,full_anomaly_persistence,1.0,1.0,False,False,1,2008,70871539fcb76d60ae19a7ebb36673cefc1922c3503f0db7d1f3ba56961db041,2009-02-22,2009-03-23,30,4.5844338888888885,,1,2008,observation_time_proxy,historical data_available_time is unknown; observation_time is a pseudo-operational proxy
2009-03-24T00:00:00+00:00,2009-03-23,windermere,south,water_temperature,2.0,degC,month_2,2009-04-23,2009-05-22,,,,full_anomaly_persistence,1.0,1.0,False,False,1,2008,0d53376d223ac57e6dc0d9fc319d2dbb63093494db1f523ec1264d8672712146,2009-02-22,2009-03-23,30,4.5844338888888885,,1,2008,observation_time_proxy,historical data_available_time is unknown; observation_time is a pseudo-operational proxy
2009-03-24T00:00:00+00:00,2009-03-23,windermere,south,water_temperature,2.0,degC,month_3,2009-05-23,2009-06-21,,,,full_anomaly_persistence,1.0,1.0,False,False,1,2008,c6d1c273808cc2a7ea02d016c95933795918431a9b0cf17efeb5e3dcf4c2732f,2009-02-22,2009-03-23,30,4.5844338888888885,,1,2008,observation_time_proxy,historical data_available_time is unknown; observation_time is a pseudo-operational proxy
2009-03-31T00:00:00+00:00,2009-03-30,windermere,south,water_temperature,2.0,degC,month_1,2009-03-31,2009-04-29,,,,full_anomaly_persistence,1.0,1.0,False,False,1,2008,9e2d64123b2c5f0100b0e402f33a9ba0516908a482c72e548897f719fcf7e7ea,2009-03-01,2009-03-30,30,4.984517222222222,,1,2008,observation_time_proxy,historical data_available_time is unknown; observation_time is a pseudo-operational proxy
2009-03-31T00:00:00+00:00,2009-03-30,windermere,south,water_temperature,2.0,degC,month_2,2009-04-30,2009-05-29,,,,full_anomaly_persistence,1.0,1.0,False,False,1,2008,1084de2f79cf05f565a61113b73d5dfde574f009584a740a414b7747e35e5d38,2009-03-01,2009-03-30,30,4.984517222222222,,1,2008,observation_time_proxy,historical data_available_time is unknown; observation_time is a pseudo-operational proxy
2009-03-31T00:00:00+00:00,2009-03-30,windermere,south,water_temperature,2.0,degC,month_3,2009-05-30,2009-06-28,,,,full_anomaly_persistence,1.0,1.0,False,False,1,2008,ecc6c3efe6e9d1f0a8faeaad7e34c8884f9767eaa2bbebc70483fa758c02757f,2009-03-01,2009-03-30,30,4.984517222222222,,1,2008,observation_time_proxy,historical data_available_time is unknown; observation_time is a pseudo-operational proxy
2009-04-07T00:00:00+00:00,2009-04-06,windermere,south,water_temperature,2.0,degC,month_1,2009-04-07,2009-05-06,,,,full_anomaly_persistence,1.0,1.0,False,False,1,2008,465fd1db42f865b710de5deda117940e7d9b687f241dc18bce650ac38706d9b9,2009-03-08,2009-04-06,30,5.5590705555555555,,1,2008,observation_time_proxy,historical data_available_time is unknown; observation_time is a pseudo-operational proxy
2009-04-07T00:00:00+00:00,2009-04-06,windermere,south,water_temperature,2.0,degC,month_2,2009-05-07,2009-06-05,,,,full_anomaly_persistence,1.0,1.0,False,False,1,2008,4f98d791523414644690a86b8c5c67362236acc6f3fa0377eafdd0308536db56,2009-03-08,2009-04-06,30,5.5590705555555555,,1,2008,observation_time_proxy,historical data_available_time is unknown; observation_time is a pseudo-operational proxy
2009-04-07T00:00:00+00:00,2009-04-06,windermere,south,water_temperature,2.0,degC,month_3,2009-06-06,2009-07-05,,,,full_anomaly_persistence,1.0,1.0,False,False,1,2008,7fae5fb7c30037404dce17a59c009c0acece508d975a296f67d45007c17fe35e,2009-03-08,2009-04-06,30,5.5590705555555555,,1,2008,observation_time_proxy,historical data_available_time is unknown; observation_time is a pseudo-operational proxy
2009-04-14T00:00:00+00:00,2009-04-13,windermere,south,water_temperature,2.0,degC,month_1,2009-04-14,2009-05-13,,,,full_anomaly_persistence,1.0,1.0,False,False,1,2008,6a82f1ff7b23a98d7f4448374fecc42afa6271c57648617aa637717531e454a4,2009-03-15,2009-04-13,30,6.169957777777777,,1,2008,observation_time_proxy,historical data_available_time is unknown; observation_time is a pseudo-operational proxy
2009-04-14T00:00:00+00:00,2009-04-13,windermere,south,water_temperature,2.0,degC,month_2,2009-05-14,2009-06-12,,,,full_anomaly_persistence,1.0,1.0,False,False,1,2008,bfb0a12b08862ee42b4e93ad64a6464bfc557bd9dba378b552fee5d38f8cba3b,2009-03-15,2009-04-13,30,6.169957777777777,,1,2008,observation_time_proxy,historical data_available_time is unknown; observation_time is a pseudo-operational proxy
2009-04-14T00:00:00+00:00,2009-04-13,windermere,south,water_temperature,2.0,degC,month_3,2009-06-13,2009-07-12,,,,full_anomaly_persistence,1.0,1.0,False,False,1,2008,7aedcd9cef0cc701b3bd54f6c94730e8a8f4748450948fcbedeae7b63e1d69ad,2009-03-15,2009-04-13,30,6.169957777777777,,1,2008,observation_time_proxy,historical data_available_time is unknown; observation_time is a pseudo-operational proxy
2009-04-21T00:00:00+00:00,2009-04-20,windermere,south,water_temperature,2.0,degC,month_1,2009-04-21,2009-05-20,,,,full_anomaly_persistence,1.0,1.0,False,False,1,2008,55c9a722c10be9689579daeb780476afb23912e846611a6c64f5e6d4180bfb76,2009-03-22,2009-04-20,30,6.906089166666667,,1,2008,observation_time_proxy,historical data_available_time is unknown; observation_time is a pseudo-operational proxy
2009-04-21T00:00:00+00:00,2009-04-20,windermere,south,water_temperature,2.0,degC,month_2,2009-05-21,2009-06-19,,,,full_anomaly_persistence,1.0,1.0,False,False,1,2008,8ead71fc31c4fd5e53ab325dcfa0a89116e0f13b94bab9939b3040d732c88328,2009-03-22,2009-04-20,30,6.906089166666667,,1,2008,observation_time_proxy,historical data_available_time is unknown; observation_time is a pseudo-operational proxy
2009-04-21T00:00:00+00:00,2009-04-20,windermere,south,water_temperature,2.0,degC,month_3,2009-06-20,2009-07-19,,,,full_anomaly_persistence,1.0,1.0,False,False,1,2008,2a14604de442a5b32f63c530cab0a8dc3a3ced931046f6d749234fd17bef1d02,2009-03-22,2009-04-20,30,6.906089166666667,,1,2008,observation_time_proxy,historical data_available_time is unknown; observation_time is a pseudo-operational proxy
2009-04-28T00:00:00+00:00,2009-04-27,windermere,south,water_temperature,2.0,degC,month_1,2009-04-28,2009-05-27,,,,full_anomaly_persistence,1.0,1.0,False,False,1,2008,9be81e3b94ad4c88cb7d9dcfbab2bd32a8138ced210ca6549d06a92c6fba5672,2009-03-29,2009-04-27,30,7.7589951388888885,,1,2008,observation_time_proxy,historical data_available_time is unknown; observation_time is a pseudo-operational proxy
2009-04-28T00:00:00+00:00,2009-04-27,windermere,south,water_temperature,2.0,degC,month_2,2009-05-28,2009-06-26,,,,full_anomaly_persistence,1.0,1.0,False,False,1,2008,d9657d33125fdceb5b06202ee9dafcaed75db160b1ddd7a8b43fdf5b1cc6702c,2009-03-29,2009-04-27,30,7.7589951388888885,,1,2008,observation_time_proxy,historical data_available_time is unknown; observation_time is a pseudo-operational proxy
2009-04-28T00:00:00+00:00,2009-04-27,windermere,south,water_temperature,2.0,degC,month_3,2009-06-27,2009-07-26,,,,full_anomaly_persistence,1.0,1.0,False,False,1,2008,146f6393942f2601afa7ecad61b817bfccd1a624ea46d3a579a35f492f443fd3,2009-03-29,2009-04-27,30,7.7589951388888885,,1,2008,observation_time_proxy,historical data_available_time is unknown; observation_time is a pseudo-operational proxy
2009-05-05T00:00:00+00:00,2009-05-04,windermere,south,water_temperature,2.0,degC,month_1,2009-05-05,2009-06-03,,,,full_anomaly_persistence,1.0,1.0,False,False,1,2008,74dbdb121621b4b02a2aaeb2513a499ffafa475364f1ed4dfa6eb891895d855e,2009-04-05,2009-05-04,30,8.604254722222223,,1,2008,observation_time_proxy,historical data_available_time is unknown; observation_time is a pseudo-operational proxy
2009-05-05T00:00:00+00:00,2009-05-04,windermere,south,water_temperature,2.0,degC,month_2,2009-06-04,2009-07-03,,,,full_anomaly_persistence,1.0,1.0,False,False,1,2008,57c1b4e21706842cdab47c50722e06bf065c94ce2455b15ccd6a9b99eee99fb0,2009-04-05,2009-05-04,30,8.604254722222223,,1,2008,observation_time_proxy,historical data_available_time is unknown; observation_time is a pseudo-operational proxy
2009-05-05T00:00:00+00:00,2009-05-04,windermere,south,water_temperature,2.0,degC,month_3,2009-07-04,2009-08-02,,,,full_anomaly_persistence,1.0,1.0,False,False,1,2008,0860edf986cfae881655076e97a55ed0184d15079adfb273aed57f4b5a723339,2009-04-05,2009-05-04,30,8.604254722222223,,1,2008,observation_time_proxy,historical data_available_time is unknown; observation_time is a pseudo-operational proxy
2009-05-12T00:00:00+00:00,2009-05-11,windermere,south,water_temperature,2.0,degC,month_1,2009-05-12,2009-06-10,,,,full_anomaly_persistence,1.0,1.0,False,False,1,2008,0e04f9dad10286bc856bcf605ca7333924d4b8f4685b8519506d7e5516b43a8b,2009-04-12,2009-05-11,30,9.256566666666666,,1,2008,observation_time_proxy,historical data_available_time is unknown; observation_time is a pseudo-operational proxy
2009-05-12T00:00:00+00:00,2009-05-11,windermere,south,water_temperature,2.0,degC,month_2,2009-06-11,2009-07-10,,,,full_anomaly_persistence,1.0,1.0,False,False,1,2008,c87fedd3c5115a0771e7a7922ca61e12257676558ab5d849b151a90354813939,2009-04-12,2009-05-11,30,9.256566666666666,,1,2008,observation_time_proxy,historical data_available_time is unknown; observation_time is a pseudo-operational proxy
2009-05-12T00:00:00+00:00,2009-05-11,windermere,south,water_temperature,2.0,degC,month_3,2009-07-11,2009-08-09,,,,full_anomaly_persistence,1.0,1.0,False,False,1,2008,31b476138d9bb39acad46906c52e71890472b39be20ebc86a6656bde88e3e2b9,2009-04-12,2009-05-11,30,9.256566666666666,,1,2008,observation_time_proxy,historical data_available_time is unknown; observation_time is a pseudo-operational proxy
2009-05-19T00:00:00+00:00,2009-05-18,windermere,south,water_temperature,2.0,degC,month_1,2009-05-19,2009-06-17,,,,full_anomaly_persistence,1.0,1.0,False,False,1,2008,09c5e70a329dcda0d6af89839b55a85e0ee91c60f695db8680fbd3abc139d019,2009-04-19,2009-05-18,30,9.691478194444445,,1,2008,observation_time_proxy,historical data_available_time is unknown; observation_time is a pseudo-operational proxy
2009-05-19T00:00:00+00:00,2009-05-18,windermere,south,water_temperature,2.0,degC,month_2,2009-06-18,2009-07-17,,,,full_anomaly_persistence,1.0,1.0,False,False,1,2008,8fc79009ad9c761072acc5981373a06a02b57f91df8e9d640a2997d2df04997f,2009-04-19,2009-05-18,30,9.691478194444445,,1,2008,observation_time_proxy,historical data_available_time is unknown; observation_time is a pseudo-operational proxy
2009-05-19T00:00:00+00:00,2009-05-18,windermere,south,water_temperature,2.0,degC,month_3,2009-07-18,2009-08-16,,,,full_anomaly_persistence,1.0,1.0,False,False,1,2008,aaeae3a7c8fabd95eb4131c2cb86a9351f1b917f244d16e580c3ae525f8dbf4f,2009-04-19,2009-05-18,30,9.691478194444445,,1,2008,observation_time_proxy,historical data_available_time is unknown; observation_time is a pseudo-operational proxy
2009-05-26T00:00:00+00:00,2009-05-25,windermere,south,water_temperature,2.0,degC,month_1,2009-05-26,2009-06-24,,,,full_anomaly_persistence,1.0,1.0,False,False,1,2008,0b3146403e6e1fdaeef0b290261d64e782d0978f81e56b3d1ba222652f8a36b2,2009-04-26,2009-05-25,30,10.054968888888888,,1,2008,observation_time_proxy,historical data_available_time is unknown; observation_time is a pseudo-operational proxy
2009-05-26T00:00:00+00:00,2009-05-25,windermere,south,water_temperature,2.0,degC,month_2,2009-06-25,2009-07-24,,,,full_anomaly_persistence,1.0,1.0,False,False,1,2008,d08a7e7824bad2e8bb330b221a2e652c9e274367c1377e73a67165f4b1734f24,2009-04-26,2009-05-25,30,10.054968888888888,,1,2008,observation_time_proxy,historical data_available_time is unknown; observation_time is a pseudo-operational proxy
2009-05-26T00:00:00+00:00,2009-05-25,windermere,south,water_temperature,2.0,degC,month_3,2009-07-25,2009-08-23,,,,full_anomaly_persistence,1.0,1.0,False,False,1,2008,030f996e703f42ef0dc69f3b2c58337018f594f43deb1d4442993ddc564c6a8b,2009-04-26,2009-05-25,30,10.054968888888888,,1,2008,observation_time_proxy,historical data_available_time is unknown; observation_time is a pseudo-operational proxy
2009-06-02T00:00:00+00:00,2009-06-01,windermere,south,water_temperature,2.0,degC,month_1,2009-06-02,2009-07-01,,,,full_anomaly_persistence,1.0,1.0,False,False,1,2008,7b466dfe9780c4e5dd791bba5e3bb13fdaf20f2a8dc5f4d42bef16f83abcc7b9,2009-05-03,2009-06-01,30,10.92588,,1,2008,observation_time_proxy,historical data_available_time is unknown; observation_time is a pseudo-operational proxy
2009-06-02T00:00:00+00:00,2009-06-01,windermere,south,water_temperature,2.0,degC,month_2,2009-07-02,2009-07-31,,,,full_anomaly_persistence,1.0,1.0,False,False,1,2008,5fa199fd140dfafbd8e1b69c18e3067a353962893f5022070a3e22a6cafa8f2d,2009-05-03,2009-06-01,30,10.92588,,1,2008,observation_time_proxy,historical data_available_time is unknown; observation_time is a pseudo-operational proxy
2009-06-02T00:00:00+00:00,2009-06-01,windermere,south,water_temperature,2.0,degC,month_3,2009-08-01,2009-08-30,,,,full_anomaly_persistence,1.0,1.0,False,False,1,2008,40743f33c32194d5c5ae8a3dd2fa78e7d241a55868111eccf7021cadd210bc0d,2009-05-03,2009-06-01,30,10.92588,,1,2008,observation_time_proxy,historical data_available_time is unknown; observation_time is a pseudo-operational proxy
2009-06-09T00:00:00+00:00,2009-06-08,windermere,south,water_temperature,2.0,degC,month_1,2009-06-09,2009-07-08,,,,full_anomaly_persistence,1.0,1.0,False,False,1,2008,5fa0cb08f6e68082e1edaa7eb86b703017578d5fdf1054b251d03a24dfc2231c,2009-05-10,2009-06-08,30,12.357856805555556,,1,2008,observation_time_proxy,historical data_available_time is unknown; observation_time is a pseudo-operational proxy
2009-06-09T00:00:00+00:00,2009-06-08,windermere,south,water_temperature,2.0,degC,month_2,2009-07-09,2009-08-07,,,,full_anomaly_persistence,1.0,1.0,False,False,1,2008,d5711a461c9f34c7617f71e8c2852968ecb2a1104158c7399db8651974e9b43c,2009-05-10,2009-06-08,30,12.357856805555556,,1,2008,observation_time_proxy,historical data_available_time is unknown; observation_time is a pseudo-operational proxy
2009-06-09T00:00:00+00:00,2009-06-08,windermere,south,water_temperature,2.0,degC,month_3,2009-08-08,2009-09-06,,,,full_anomaly_persistence,1.0,1.0,False,False,1,2008,9b498464ba4a9f8d834db6d6ab31eddc46d3cc139b26486d320f4640fb8683f6,2009-05-10,2009-06-08,30,12.357856805555556,,1,2008,observation_time_proxy,historical data_available_time is unknown; observation_time is a pseudo-operational proxy
2009-06-16T00:00:00+00:00,2009-06-15,windermere,south,water_temperature,2.0,degC,month_1,2009-06-16,2009-07-15,,,,full_anomaly_persistence,1.0,1.0,False,False,1,2008,8f8f0efcd645b249b65378608fb445c325751845163280dcd433abbb73f58c88,2009-05-17,2009-06-15,30,13.557507916666667,,1,2008,observation_time_proxy,historical data_available_time is unknown; observation_time is a pseudo-operational proxy
2009-06-16T00:00:00+00:00,2009-06-15,windermere,south,water_temperature,2.0,degC,month_2,2009-07-16,2009-08-14,,,,full_anomaly_persistence,1.0,1.0,False,False,1,2008,6f5cf933b6d4a95a897fcb64884c158553aab8c207af0941f74b515b5cc4a4a9,2009-05-17,2009-06-15,30,13.557507916666667,,1,2008,observation_time_proxy,historical data_available_time is unknown; observation_time is a pseudo-operational proxy
2009-06-16T00:00:00+00:00,2009-06-15,windermere,south,water_temperature,2.0,degC,month_3,2009-08-15,2009-09-13,,,,full_anomaly_persistence,1.0,1.0,False,False,1,2008,388693146054ba343a3f27e929cfc6d5aae36c95cbdc601ebd6fbba1a10727d2,2009-05-17,2009-06-15,30,13.557507916666667,,1,2008,observation_time_proxy,historical data_available_time is unknown; observation_time is a pseudo-operational proxy
2009-06-23T00:00:00+00:00,2009-06-22,windermere,south,water_temperature,2.0,degC,month_1,2009-06-23,2009-07-22,,,,full_anomaly_persistence,1.0,1.0,False,False,1,2008,ebfbdd85e76537bc1508582d350e57740563ed3e847eebcaedcc83c33763a6ef,2009-05-24,2009-06-22,30,14.7388875,,1,2008,observation_time_proxy,historical data_available_time is unknown; observation_time is a pseudo-operational proxy
2009-06-23T00:00:00+00:00,2009-06-22,windermere,south,water_temperature,2.0,degC,month_2,2009-07-23,2009-08-21,,,,full_anomaly_persistence,1.0,1.0,False,False,1,2008,b4866f4267c885f27c7b5a11579ee39f3eb43d41ffa9b93c5edfcb25f1937609,2009-05-24,2009-06-22,30,14.7388875,,1,2008,observation_time_proxy,historical data_available_time is unknown; observation_time is a pseudo-operational proxy
2009-06-23T00:00:00+00:00,2009-06-22,windermere,south,water_temperature,2.0,degC,month_3,2009-08-22,2009-09-20,,,,full_anomaly_persistence,1.0,1.0,False,False,1,2008,41a5620bca9a2c42d85e8cad28313597bdea6dd4d08566c939c58618f6052b10,2009-05-24,2009-06-22,30,14.7388875,,1,2008,observation_time_proxy,historical data_available_time is unknown; observation_time is a pseudo-operational proxy
2009-06-30T00:00:00+00:00,2009-06-29,windermere,south,water_temperature,2.0,degC,month_1,2009-06-30,2009-07-29,,,,full_anomaly_persistence,1.0,1.0,False,False,1,2008,b40e5031e7223df984bf5f4643681c3f869c6fd985b97b4e0931c0cb4fecbb34,2009-05-31,2009-06-29,30,16.057233333333333,,1,2008,observation_time_proxy,historical data_available_time is unknown; observation_time is a pseudo-operational proxy
2009-06-30T00:00:00+00:00,2009-06-29,windermere,south,water_temperature,2.0,degC,month_2,2009-07-30,2009-08-28,,,,full_anomaly_persistence,1.0,1.0,False,False,1,2008,e377e4b70cb5c3a4425977979f158708aaafa9700a0f537e2f553225b462d4d9,2009-05-31,2009-06-29,30,16.057233333333333,,1,2008,observation_time_proxy,historical data_available_time is unknown; observation_time is a pseudo-operational proxy
2009-06-30T00:00:00+00:00,2009-06-29,windermere,south,water_temperature,2.0,degC,month_3,2009-08-29,2009-09-27,,,,full_anomaly_persistence,1.0,1.0,False,False,1,2008,bb76ef2ad996f077130be85b2d673ccea291a901a02d3adcd62f423cc84432a6,2009-05-31,2009-06-29,30,16.057233333333333,,1,2008,observation_time_proxy,historical data_available_time is unknown; observation_time is a pseudo-operational proxy
2009-07-07T00:00:00+00:00,2009-07-06,windermere,south,water_temperature,2.0,degC,month_1,2009-07-07,2009-08-05,,,,full_anomaly_persistence,1.0,1.0,False,False,1,2008,da2f84ad92641fecf375aa0daf36adba8511f4c5bcab312293f8035e3426afc0,2009-06-07,2009-07-06,30,17.125102777777776,,1,2008,observation_time_proxy,historical data_available_time is unknown; observation_time is a pseudo-operational proxy
2009-07-07T00:00:00+00:00,2009-07-06,windermere,south,water_temperature,2.0,degC,month_2,2009-08-06,2009-09-04,,,,full_anomaly_persistence,1.0,1.0,False,False,1,2008,eb101e35d6a94044436503b62ae855fe48d6332ec1dd7ccbddba91444b3d8705,2009-06-07,2009-07-06,30,17.125102777777776,,1,2008,observation_time_proxy,historical data_available_time is unknown; observation_time is a pseudo-operational proxy
2009-07-07T00:00:00+00:00,2009-07-06,windermere,south,water_temperature,2.0,degC,month_3,2009-09-05,2009-10-04,,,,full_anomaly_persistence,1.0,1.0,False,False,1,2008,1a0e11770e7d83b2498fbc4a60f22603b1cfdc4d48c60335522a967d32c942e9,2009-06-07,2009-07-06,30,17.125102777777776,,1,2008,observation_time_proxy,historical data_available_time is unknown; observation_time is a pseudo-operational proxy
2009-07-14T00:00:00+00:00,2009-07-13,windermere,south,water_temperature,2.0,degC,month_1,2009-07-14,2009-08-12,,,,full_anomaly_persistence,1.0,1.0,False,False,1,2008,5952b92d08f1035c9a974882da8782dc517424be0fc722dcc2f82988b98cded5,2009-06-14,2009-07-13,30,18.281559722222223,,1,2008,observation_time_proxy,historical data_available_time is unknown; observation_time is a pseudo-operational proxy
2009-07-14T00:00:00+00:00,2009-07-13,windermere,south,water_temperature,2.0,degC,month_2,2009-08-13,2009-09-11,,,,full_anomaly_persistence,1.0,1.0,False,False,1,2008,e4eac4fa283261b6765a5b8ce84afe39addacb6892db1f860e65c757c79f060f,2009-06-14,2009-07-13,30,18.281559722222223,,1,2008,observation_time_proxy,historical data_available_time is unknown; observation_time is a pseudo-operational proxy
2009-07-14T00:00:00+00:00,2009-07-13,windermere,south,water_temperature,2.0,degC,month_3,2009-09-12,2009-10-11,,,,full_anomaly_persistence,1.0,1.0,False,False,1,2008,899db631f42716d53f9b7d929e98a8af578157b6ca827c93a00b4b6e60959432,2009-06-14,2009-07-13,30,18.281559722222223,,1,2008,observation_time_proxy,historical data_available_time is unknown; observation_time is a pseudo-operational proxy
2009-07-21T00:00:00+00:00,2009-07-20,windermere,south,water_temperature,2.0,degC,month_1,2009-07-21,2009-08-19,,,,full_anomaly_persistence,1.0,1.0,False,False,1,2008,f46d1c35269522705f0c62f5ea6344927f48f5cea924749d4d0bed6965b2be36,2009-06-21,2009-07-20,30,18.955055555555557,,1,2008,observation_time_proxy,historical data_available_time is unknown; observation_time is a pseudo-operational proxy
2009-07-21T00:00:00+00:00,2009-07-20,windermere,south,water_temperature,2.0,degC,month_2,2009-08-20,2009-09-18,,,,full_anomaly_persistence,1.0,1.0,False,False,1,2008,5307e6ae97fbf7e1f9079db0bdc91bdd6074a541e1c425e954e2ca28fc3dddbf,2009-06-21,2009-07-20,30,18.955055555555557,,1,2008,observation_time_proxy,historical data_available_time is unknown; observation_time is a pseudo-operational proxy
2009-07-21T00:00:00+00:00,2009-07-20,windermere,south,water_temperature,2.0,degC,month_3,2009-09-19,2009-10-18,,,,full_anomaly_persistence,1.0,1.0,False,False,1,2008,9b58aeabee6d6a214edb34c9f23b54337819d732ce82c080b272034bbad89862,2009-06-21,2009-07-20,30,18.955055555555557,,1,2008,observation_time_proxy,historical data_available_time is unknown; observation_time is a pseudo-operational proxy
2009-07-28T00:00:00+00:00,2009-07-27,windermere,south,water_temperature,2.0,degC,month_1,2009-07-28,2009-08-26,,,,full_anomaly_persistence,1.0,1.0,False,False,1,2008,1fa5869d237b36be5d15db45518ca1baf04bb0316c2acfe9e71a3d9ad048ec1a,2009-06-28,2009-07-27,30,18.999443055555556,,1,2008,observation_time_proxy,historical data_available_time is unknown; observation_time is a pseudo-operational proxy
2009-07-28T00:00:00+00:00,2009-07-27,windermere,south,water_temperature,2.0,degC,month_2,2009-08-27,2009-09-25,,,,full_anomaly_persistence,1.0,1.0,False,False,1,2008,c57ceeb38da4c56dcf0bba2996b65b5b66bec1baba12079b7274d179ad84b3f8,2009-06-28,2009-07-27,30,18.999443055555556,,1,2008,observation_time_proxy,historical data_available_time is unknown; observation_time is a pseudo-operational proxy
2009-07-28T00:00:00+00:00,2009-07-27,windermere,south,water_temperature,2.0,degC,month_3,2009-09-26,2009-10-25,,,,full_anomaly_persistence,1.0,1.0,False,False,1,2008,e154b1db29c5c4f49851a2d99475d80dfca049f58ac0890652746cbbde33d95d,2009-06-28,2009-07-27,30,18.999443055555556,,1,2008,observation_time_proxy,historical data_available_time is unknown; observation_time is a pseudo-operational proxy
2009-08-04T00:00:00+00:00,2009-08-03,windermere,south,water_temperature,2.0,degC,month_1,2009-08-04,2009-09-02,,,,full_anomaly_persistence,1.0,1.0,False,False,1,2008,875f2c4c7d4dba59a8a291e8283194f094d398ce831271d85e551c8bd27bedb7,2009-07-05,2009-08-03,30,18.141169444444444,,1,2008,observation_time_proxy,historical data_available_time is unknown; observation_time is a pseudo-operational proxy
2009-08-04T00:00:00+00:00,2009-08-03,windermere,south,water_temperature,2.0,degC,month_2,2009-09-03,2009-10-02,,,,full_anomaly_persistence,1.0,1.0,False,False,1,2008,f1253fe8d363dd4d39e6827b922f51f01453576d82a6a519fecc32f5cdb71cc4,2009-07-05,2009-08-03,30,18.141169444444444,,1,2008,observation_time_proxy,historical data_available_time is unknown; observation_time is a pseudo-operational proxy
2009-08-04T00:00:00+00:00,2009-08-03,windermere,south,water_temperature,2.0,degC,month_3,2009-10-03,2009-11-01,,,,full_anomaly_persistence,1.0,1.0,False,False,1,2008,05f851fd889d2290b6bbd39b59cfe3497272d24f1741c3162c424ad00fe80536,2009-07-05,2009-08-03,30,18.141169444444444,,1,2008,observation_time_proxy,historical data_available_time is unknown; observation_time is a pseudo-operational proxy
2009-08-11T00:00:00+00:00,2009-08-10,windermere,south,water_temperature,2.0,degC,month_1,2009-08-11,2009-09-09,,,,full_anomaly_persistence,1.0,1.0,False,False,1,2008,76eb15228b595e5c6900cfec189db1c6a104b10add074a31133b2a4d1516167c,2009-07-12,2009-08-10,30,17.475345833333332,,1,2008,observation_time_proxy,historical data_available_time is unknown; observation_time is a pseudo-operational proxy
2009-08-11T00:00:00+00:00,2009-08-10,windermere,south,water_temperature,2.0,degC,month_2,2009-09-10,2009-10-09,,,,full_anomaly_persistence,1.0,1.0,False,False,1,2008,51b14cb987fd0cf5e7d03dba48fdf5215d89e07e939513613e8e9d89f40bb159,2009-07-12,2009-08-10,30,17.475345833333332,,1,2008,observation_time_proxy,historical data_available_time is unknown; observation_time is a pseudo-operational proxy
2009-08-11T00:00:00+00:00,2009-08-10,windermere,south,water_temperature,2.0,degC,month_3,2009-10-10,2009-11-08,,,,full_anomaly_persistence,1.0,1.0,False,False,1,2008,0bf81658ff1acea0512facf753ba47c196148b5a7128c1bfdbe1b5a231f1b8af,2009-07-12,2009-08-10,30,17.475345833333332,,1,2008,observation_time_proxy,historical data_available_time is unknown; observation_time is a pseudo-operational proxy
2009-08-18T00:00:00+00:00,2009-08-17,windermere,south,water_temperature,2.0,degC,month_1,2009-08-18,2009-09-16,,,,full_anomaly_persistence,1.0,1.0,False,False,1,2008,1e8f564c71047f8a5185bd9e0e321e65242d1b7d21844f1d40de7834643cdf5a,2009-07-19,2009-08-17,30,17.184976388888888,,1,2008,observation_time_proxy,historical data_available_time is unknown; observation_time is a pseudo-operational proxy
2009-08-18T00:00:00+00:00,2009-08-17,windermere,south,water_temperature,2.0,degC,month_2,2009-09-17,2009-10-16,,,,full_anomaly_persistence,1.0,1.0,False,False,1,2008,fa98c5c4bafe59533fd2a508bce67e80b6d6ee89427be1054c359eb38402c0c7,2009-07-19,2009-08-17,30,17.184976388888888,,1,2008,observation_time_proxy,historical data_available_time is unknown; observation_time is a pseudo-operational proxy
2009-08-18T00:00:00+00:00,2009-08-17,windermere,south,water_temperature,2.0,degC,month_3,2009-10-17,2009-11-15,,,,full_anomaly_persistence,1.0,1.0,False,False,1,2008,cb4d977c0c494f26d12470e7086c98c6d516d9c9fff5d56f1b9c05f1d8a7abc3,2009-07-19,2009-08-17,30,17.184976388888888,,1,2008,observation_time_proxy,historical data_available_time is unknown; observation_time is a pseudo-operational proxy
2009-08-25T00:00:00+00:00,2009-08-24,windermere,south,water_temperature,2.0,degC,month_1,2009-08-25,2009-09-23,,,,full_anomaly_persistence,1.0,1.0,False,False,1,2008,19d627638cbe401da8f60e9e17e98f4bc38ca909d7dc0651c2ec3961e9e6a0fe,2009-07-26,2009-08-24,30,17.0033125,,1,2008,observation_time_proxy,historical data_available_time is unknown; observation_time is a pseudo-operational proxy
2009-08-25T00:00:00+00:00,2009-08-24,windermere,south,water_temperature,2.0,degC,month_2,2009-09-24,2009-10-23,,,,full_anomaly_persistence,1.0,1.0,False,False,1,2008,b90375cb58ca3bc02064ebde9590fc99a6f947a4279110bb75fe7eb799fd9778,2009-07-26,2009-08-24,30,17.0033125,,1,2008,observation_time_proxy,historical data_available_time is unknown; observation_time is a pseudo-operational proxy
2009-08-25T00:00:00+00:00,2009-08-24,windermere,south,water_temperature,2.0,degC,month_3,2009-10-24,2009-11-22,,,,full_anomaly_persistence,1.0,1.0,False,False,1,2008,9ee157bc3e2e8e2e814b3514ac2b4866e611aea357876ed31016e0669a203cc1,2009-07-26,2009-08-24,30,17.0033125,,1,2008,observation_time_proxy,historical data_available_time is unknown; observation_time is a pseudo-operational proxy
2009-09-01T00:00:00+00:00,2009-08-31,windermere,south,water_temperature,2.0,degC,month_1,2009-09-01,2009-09-30,,,,full_anomaly_persistence,1.0,1.0,False,False,1,2008,c2979b6e3d3f245eb88954f9ca5fbf4b7cf5dffef4633cabf7b88679e504cf08,2009-08-02,2009-08-31,30,16.89380138888889,,1,2008,observation_time_proxy,historical data_available_time is unknown; observation_time is a pseudo-operational proxy
2009-09-01T00:00:00+00:00,2009-08-31,windermere,south,water_temperature,2.0,degC,month_2,2009-10-01,2009-10-30,,,,full_anomaly_persistence,1.0,1.0,False,False,1,2008,9dd7815eb374fdd5d0d7a347dbae7c28c4119d35f87566b28902ad122e655a4f,2009-08-02,2009-08-31,30,16.89380138888889,,1,2008,observation_time_proxy,historical data_available_time is unknown; observation_time is a pseudo-operational proxy
2009-09-01T00:00:00+00:00,2009-08-31,windermere,south,water_temperature,2.0,degC,month_3,2009-10-31,2009-11-29,,,,full_anomaly_persistence,1.0,1.0,False,False,1,2008,ff3cac82a224a5aba4b9ad196d091a095bf4f37134f5e340f7e022e3feb77076,2009-08-02,2009-08-31,30,16.89380138888889,,1,2008,observation_time_proxy,historical data_available_time is unknown; observation_time is a pseudo-operational proxy
2009-09-08T00:00:00+00:00,2009-09-07,windermere,south,water_temperature,2.0,degC,month_1,2009-09-08,2009-10-07,,,,full_anomaly_persistence,1.0,1.0,False,False,1,2008,615b9142687a14753315c6483b77e050975d297fbcee843a8df003c2d9983e30,2009-08-09,2009-09-07,30,16.525829166666668,,1,2008,observation_time_proxy,historical data_available_time is unknown; observation_time is a pseudo-operational proxy
2009-09-08T00:00:00+00:00,2009-09-07,windermere,south,water_temperature,2.0,degC,month_2,2009-10-08,2009-11-06,,,,full_anomaly_persistence,1.0,1.0,False,False,1,2008,ec0425b0bcb2c5da79b1b2338cf9404d0dfa52b58cdee9549667219262b464fa,2009-08-09,2009-09-07,30,16.525829166666668,,1,2008,observation_time_proxy,historical data_available_time is unknown; observation_time is a pseudo-operational proxy
2009-09-08T00:00:00+00:00,2009-09-07,windermere,south,water_temperature,2.0,degC,month_3,2009-11-07,2009-12-06,,,,full_anomaly_persistence,1.0,1.0,False,False,1,2008,91497bc7b4d5c463ba2c7edbe585217cc117450560d4934a8af2bf11f201b295,2009-08-09,2009-09-07,30,16.525829166666668,,1,2008,observation_time_proxy,historical data_available_time is unknown; observation_time is a pseudo-operational proxy
2009-09-15T00:00:00+00:00,2009-09-14,windermere,south,water_temperature,2.0,degC,month_1,2009-09-15,2009-10-14,,,,full_anomaly_persistence,1.0,1.0,False,False,1,2008,b6e0b82d28c0fcd53a95dd9b4a973562df41c4267f7b229923bc778445a64fed,2009-08-16,2009-09-14,30,15.996965277777779,,1,2008,observation_time_proxy,historical data_available_time is unknown; observation_time is a pseudo-operational proxy
2009-09-15T00:00:00+00:00,2009-09-14,windermere,south,water_temperature,2.0,degC,month_2,2009-10-15,2009-11-13,,,,full_anomaly_persistence,1.0,1.0,False,False,1,2008,24068b391afd1b0b2e04a2bd1b74bc50d0475029ba47d4eda2c43b016bc83b85,2009-08-16,2009-09-14,30,15.996965277777779,,1,2008,observation_time_proxy,historical data_available_time is unknown; observation_time is a pseudo-operational proxy
2009-09-15T00:00:00+00:00,2009-09-14,windermere,south,water_temperature,2.0,degC,month_3,2009-11-14,2009-12-13,,,,full_anomaly_persistence,1.0,1.0,False,False,1,2008,767e065bb839d85a4835efe54a34e5f317c7b15243f242b9ac6d19a8bf3a0070,2009-08-16,2009-09-14,30,15.996965277777779,,1,2008,observation_time_proxy,historical data_available_time is unknown; observation_time is a pseudo-operational proxy
2009-09-22T00:00:00+00:00,2009-09-21,windermere,south,water_temperature,2.0,degC,month_1,2009-09-22,2009-10-21,,,,full_anomaly_persistence,1.0,1.0,False,False,1,2008,361870b27e7f56deab9d8a5b49500ad959fe1157d04005fe46d5e85b717f2c68,2009-08-23,2009-09-21,30,15.565420833333334,,1,2008,observation_time_proxy,historical data_available_time is unknown; observation_time is a pseudo-operational proxy
2009-09-22T00:00:00+00:00,2009-09-21,windermere,south,water_temperature,2.0,degC,month_2,2009-10-22,2009-11-20,,,,full_anomaly_persistence,1.0,1.0,False,False,1,2008,1c15157f87783d341eea942e5e8b9883408be720916ce4f184f9520e11dbecea,2009-08-23,2009-09-21,30,15.565420833333334,,1,2008,observation_time_proxy,historical data_available_time is unknown; observation_time is a pseudo-operational proxy
2009-09-22T00:00:00+00:00,2009-09-21,windermere,south,water_temperature,2.0,degC,month_3,2009-11-21,2009-12-20,,,,full_anomaly_persistence,1.0,1.0,False,False,1,2008,620a4878bab50563ae2d0f67f1328a3042b050b517ad847be89fa49fd6a0ea0b,2009-08-23,2009-09-21,30,15.565420833333334,,1,2008,observation_time_proxy,historical data_available_time is unknown; observation_time is a pseudo-operational proxy
2009-09-29T00:00:00+00:00,2009-09-28,windermere,south,water_temperature,2.0,degC,month_1,2009-09-29,2009-10-28,,,,full_anomaly_persistence,1.0,1.0,False,False,1,2008,acf194806161c8f9d0feb8dd9e91fa0e1c326329c0d111896796b48a5384944f,2009-08-30,2009-09-28,30,15.099465277777778,,1,2008,observation_time_proxy,historical data_available_time is unknown; observation_time is a pseudo-operational proxy
2009-09-29T00:00:00+00:00,2009-09-28,windermere,south,water_temperature,2.0,degC,month_2,2009-10-29,2009-11-27,,,,full_anomaly_persistence,1.0,1.0,False,False,1,2008,87b835b64853c3d003084d205dd69b0b3bc2525a816e8363950799d2842342a4,2009-08-30,2009-09-28,30,15.099465277777778,,1,2008,observation_time_proxy,historical data_available_time is unknown; observation_time is a pseudo-operational proxy
2009-09-29T00:00:00+00:00,2009-09-28,windermere,south,water_temperature,2.0,degC,month_3,2009-11-28,2009-12-27,,,,full_anomaly_persistence,1.0,1.0,False,False,1,2008,1fd599e4bf3859f4d0a2242229475eefb41494a9151b8535e6b179cac035e392,2009-08-30,2009-09-28,30,15.099465277777778,,1,2008,observation_time_proxy,historical data_available_time is unknown; observation_time is a pseudo-operational proxy
2009-10-06T00:00:00+00:00,2009-10-05,windermere,south,water_temperature,2.0,degC,month_1,2009-10-06,2009-11-04,,,,full_anomaly_persistence,1.0,1.0,False,False,1,2008,76bdea487f6abee83aa7423d0715d5d5842e0e5e285eab603bc8c36047b77b9f,2009-09-06,2009-10-05,30,14.768327777777777,,1,2008,observation_time_proxy,historical data_available_time is unknown; observation_time is a pseudo-operational proxy
2009-10-06T00:00:00+00:00,2009-10-05,windermere,south,water_temperature,2.0,degC,month_2,2009-11-05,2009-12-04,,,,full_anomaly_persistence,1.0,1.0,False,False,1,2008,075622cfc56126bedc15dd9e3ebf821a91d240a5b98e581038390dbadadeb42e,2009-09-06,2009-10-05,30,14.768327777777777,,1,2008,observation_time_proxy,historical data_available_time is unknown; observation_time is a pseudo-operational proxy
2009-10-06T00:00:00+00:00,2009-10-05,windermere,south,water_temperature,2.0,degC,month_3,2009-12-05,2010-01-03,,,,full_anomaly_persistence,1.0,1.0,False,False,1,2008,e68e9730111a35c2f5aa7faed62064119f942be6b8a03a322bfa33e3dcdf46b6,2009-09-06,2009-10-05,30,14.768327777777777,,1,2008,observation_time_proxy,historical data_available_time is unknown; observation_time is a pseudo-operational proxy
2009-10-13T00:00:00+00:00,2009-10-12,windermere,south,water_temperature,2.0,degC,month_1,2009-10-13,2009-11-11,,,,full_anomaly_persistence,1.0,1.0,False,False,1,2008,bda328c6e9ea91118daefd5241d2b4e661f355475dfaf296f402d4b2672ea3dd,2009-09-13,2009-10-12,30,14.465104166666666,,1,2008,observation_time_proxy,historical data_available_time is unknown; observation_time is a pseudo-operational proxy
2009-10-13T00:00:00+00:00,2009-10-12,windermere,south,water_temperature,2.0,degC,month_2,2009-11-12,2009-12-11,,,,full_anomaly_persistence,1.0,1.0,False,False,1,2008,be0ef50c52aef8de9c1ad90e2bedcb281d5e6e37dbc6d2d0d4b84e63f5289416,2009-09-13,2009-10-12,30,14.465104166666666,,1,2008,observation_time_proxy,historical data_available_time is unknown; observation_time is a pseudo-operational proxy
2009-10-13T00:00:00+00:00,2009-10-12,windermere,south,water_temperature,2.0,degC,month_3,2009-12-12,2010-01-10,,,,full_anomaly_persistence,1.0,1.0,False,False,0,,4f53cda18c2baa0c0354bb5f9a3ecbe5ed12ab4d8e11ba873c2f11161202b945,2009-09-13,2009-10-12,30,14.465104166666666,,1,2008,observation_time_proxy,historical data_available_time is unknown; observation_time is a pseudo-operational proxy
2009-10-20T00:00:00+00:00,2009-10-19,windermere,south,water_temperature,2.0,degC,month_1,2009-10-20,2009-11-18,,,,full_anomaly_persistence,1.0,1.0,False,False,1,2008,285b9cc73fe901d5feaa47c17a7c0c230f01f27cc2932db07fb152498ef0befd,2009-09-20,2009-10-19,30,14.040033333333334,,1,2008,observation_time_proxy,historical data_available_time is unknown; observation_time is a pseudo-operational proxy
2009-10-20T00:00:00+00:00,2009-10-19,windermere,south,water_temperature,2.0,degC,month_2,2009-11-19,2009-12-18,,,,full_anomaly_persistence,1.0,1.0,False,False,1,2008,43b99a89cc5f6830d3a34494f60e2fc0dbb4fe8f77eacf2d2fb7671fd4585f5c,2009-09-20,2009-10-19,30,14.040033333333334,,1,2008,observation_time_proxy,historical data_available_time is unknown; observation_time is a pseudo-operational proxy
2009-10-20T00:00:00+00:00,2009-10-19,windermere,south,water_temperature,2.0,degC,month_3,2009-12-19,2010-01-17,,,,full_anomaly_persistence,1.0,1.0,False,False,0,,4f53cda18c2baa0c0354bb5f9a3ecbe5ed12ab4d8e11ba873c2f11161202b945,2009-09-20,2009-10-19,30,14.040033333333334,,1,2008,observation_time_proxy,historical data_available_time is unknown; observation_time is a pseudo-operational proxy
2009-10-27T00:00:00+00:00,2009-10-26,windermere,south,water_temperature,2.0,degC,month_1,2009-10-27,2009-11-25,,,,full_anomaly_persistence,1.0,1.0,False,False,1,2008,5220915d19a84b6d78cb8bad5d5ec88b7d62d59153ffc8f8217c218966f38c3e,2009-09-27,2009-10-26,30,13.588244444444445,,1,2008,observation_time_proxy,historical data_available_time is unknown; observation_time is a pseudo-operational proxy
2009-10-27T00:00:00+00:00,2009-10-26,windermere,south,water_temperature,2.0,degC,month_2,2009-11-26,2009-12-25,,,,full_anomaly_persistence,1.0,1.0,False,False,1,2008,9bc5fc4ca80e62051ae2b2de847a5e57819e92687ce17334f55bfbaa91fb3985,2009-09-27,2009-10-26,30,13.588244444444445,,1,2008,observation_time_proxy,historical data_available_time is unknown; observation_time is a pseudo-operational proxy
2009-10-27T00:00:00+00:00,2009-10-26,windermere,south,water_temperature,2.0,degC,month_3,2009-12-26,2010-01-24,,,,full_anomaly_persistence,1.0,1.0,False,False,0,,4f53cda18c2baa0c0354bb5f9a3ecbe5ed12ab4d8e11ba873c2f11161202b945,2009-09-27,2009-10-26,30,13.588244444444445,,1,2008,observation_time_proxy,historical data_available_time is unknown; observation_time is a pseudo-operational proxy
2009-11-03T00:00:00+00:00,2009-11-02,windermere,south,water_temperature,2.0,degC,month_1,2009-11-03,2009-12-02,,,,full_anomaly_persistence,1.0,1.0,False,False,1,2008,68c5f3f4a04798ece885067de9272624f146f68246c53dd040d4daaf435685b1,2009-10-04,2009-11-02,30,13.140151388888889,,1,2008,observation_time_proxy,historical data_available_time is unknown; observation_time is a pseudo-operational proxy
2009-11-03T00:00:00+00:00,2009-11-02,windermere,south,water_temperature,2.0,degC,month_2,2009-12-03,2010-01-01,,,,full_anomaly_persistence,1.0,1.0,False,False,1,2008,de3dc8e74125fc9b7485294bceb016e9845e0f2dc866b00ad76f7b1a9cd9e021,2009-10-04,2009-11-02,30,13.140151388888889,,1,2008,observation_time_proxy,historical data_available_time is unknown; observation_time is a pseudo-operational proxy
2009-11-03T00:00:00+00:00,2009-11-02,windermere,south,water_temperature,2.0,degC,month_3,2010-01-02,2010-01-31,,,,full_anomaly_persistence,1.0,1.0,False,False,1,2008,71fb615798eb183fe5b97edef758973f9abe74e14d71574e05e68ea3b86b52d1,2009-10-04,2009-11-02,30,13.140151388888889,,1,2008,observation_time_proxy,historical data_available_time is unknown; observation_time is a pseudo-operational proxy
2009-11-10T00:00:00+00:00,2009-11-09,windermere,south,water_temperature,2.0,degC,month_1,2009-11-10,2009-12-09,,,,full_anomaly_persistence,1.0,1.0,False,False,1,2008,b4a1313e6091fc12e2d6e22f235eeef86dcdb70cb1c8c0c49b078409221e7502,2009-10-11,2009-11-09,30,12.5655125,,1,2008,observation_time_proxy,historical data_available_time is unknown; observation_time is a pseudo-operational proxy
2009-11-10T00:00:00+00:00,2009-11-09,windermere,south,water_temperature,2.0,degC,month_2,2009-12-10,2010-01-08,,,,full_anomaly_persistence,1.0,1.0,False,False,0,,4f53cda18c2baa0c0354bb5f9a3ecbe5ed12ab4d8e11ba873c2f11161202b945,2009-10-11,2009-11-09,30,12.5655125,,1,2008,observation_time_proxy,historical data_available_time is unknown; observation_time is a pseudo-operational proxy
2009-11-10T00:00:00+00:00,2009-11-09,windermere,south,water_temperature,2.0,degC,month_3,2010-01-09,2010-02-07,,,,full_anomaly_persistence,1.0,1.0,False,False,1,2008,2654e848b68f1dd3c1eb857d4ec29f14f39223c65c48ed191162e683ce17cc12,2009-10-11,2009-11-09,30,12.5655125,,1,2008,observation_time_proxy,historical data_available_time is unknown; observation_time is a pseudo-operational proxy
2009-11-17T00:00:00+00:00,2009-11-16,windermere,south,water_temperature,2.0,degC,month_1,2009-11-17,2009-12-16,,,,full_anomaly_persistence,1.0,1.0,False,False,1,2008,f18a24934642b7740885a04e200eee8f62c4c73a8480e542c4187a4d134e405a,2009-10-18,2009-11-16,30,11.884383333333334,,1,2008,observation_time_proxy,historical data_available_time is unknown; observation_time is a pseudo-operational proxy
2009-11-17T00:00:00+00:00,2009-11-16,windermere,south,water_temperature,2.0,degC,month_2,2009-12-17,2010-01-15,,,,full_anomaly_persistence,1.0,1.0,False,False,0,,4f53cda18c2baa0c0354bb5f9a3ecbe5ed12ab4d8e11ba873c2f11161202b945,2009-10-18,2009-11-16,30,11.884383333333334,,1,2008,observation_time_proxy,historical data_available_time is unknown; observation_time is a pseudo-operational proxy
2009-11-17T00:00:00+00:00,2009-11-16,windermere,south,water_temperature,2.0,degC,month_3,2010-01-16,2010-02-14,,,,full_anomaly_persistence,1.0,1.0,False,False,1,2008,9e4da29bf7ee3b83a44b06760fb9aabc7ce635c2dad655b0f93580c1e6a8b645,2009-10-18,2009-11-16,30,11.884383333333334,,1,2008,observation_time_proxy,historical data_available_time is unknown; observation_time is a pseudo-operational proxy
2009-11-24T00:00:00+00:00,2009-11-23,windermere,south,water_temperature,2.0,degC,month_1,2009-11-24,2009-12-23,,,,full_anomaly_persistence,1.0,1.0,False,False,1,2008,9b2d42c5c4ef27a4fecc87ce7088d7c2a7db04a48ec483b09906a5cb0eea7772,2009-10-25,2009-11-23,30,11.197616805555555,,1,2008,observation_time_proxy,historical data_available_time is unknown; observation_time is a pseudo-operational proxy
2009-11-24T00:00:00+00:00,2009-11-23,windermere,south,water_temperature,2.0,degC,month_2,2009-12-24,2010-01-22,,,,full_anomaly_persistence,1.0,1.0,False,False,0,,4f53cda18c2baa0c0354bb5f9a3ecbe5ed12ab4d8e11ba873c2f11161202b945,2009-10-25,2009-11-23,30,11.197616805555555,,1,2008,observation_time_proxy,historical data_available_time is unknown; observation_time is a pseudo-operational proxy
2009-11-24T00:00:00+00:00,2009-11-23,windermere,south,water_temperature,2.0,degC,month_3,2010-01-23,2010-02-21,,,,full_anomaly_persistence,1.0,1.0,False,False,1,2008,a1c4f64314c196c57c6fdecd1b80ba4b7ba3b5cf55d672536335a4420d82ab28,2009-10-25,2009-11-23,30,11.197616805555555,,1,2008,observation_time_proxy,historical data_available_time is unknown; observation_time is a pseudo-operational proxy
2009-12-01T00:00:00+00:00,2009-11-30,windermere,south,water_temperature,2.0,degC,month_1,2009-12-01,2009-12-30,,,,full_anomaly_persistence,1.0,1.0,False,False,1,2008,b76892762ccbda553aaeb47bb64a8f3a8e51ec181d604bdac13c3e3c60e711da,2009-11-01,2009-11-30,30,10.45942013888889,,1,2008,observation_time_proxy,historical data_available_time is unknown; observation_time is a pseudo-operational proxy
2009-12-01T00:00:00+00:00,2009-11-30,windermere,south,water_temperature,2.0,degC,month_2,2009-12-31,2010-01-29,,,,full_anomaly_persistence,1.0,1.0,False,False,0,,4f53cda18c2baa0c0354bb5f9a3ecbe5ed12ab4d8e11ba873c2f11161202b945,2009-11-01,2009-11-30,30,10.45942013888889,,1,2008,observation_time_proxy,historical data_available_time is unknown; observation_time is a pseudo-operational proxy
2009-12-01T00:00:00+00:00,2009-11-30,windermere,south,water_temperature,2.0,degC,month_3,2010-01-30,2010-02-28,,,,full_anomaly_persistence,1.0,1.0,False,False,1,2008,ecc8d2643383eec4aa44519fd789647fa189509123a9694421152fc42d408189,2009-11-01,2009-11-30,30,10.45942013888889,,1,2008,observation_time_proxy,historical data_available_time is unknown; observation_time is a pseudo-operational proxy
2009-12-08T00:00:00+00:00,2009-12-07,windermere,south,water_temperature,2.0,degC,month_1,2009-12-08,2010-01-06,,,,full_anomaly_persistence,1.0,1.0,False,False,0,,4f53cda18c2baa0c0354bb5f9a3ecbe5ed12ab4d8e11ba873c2f11161202b945,2009-11-08,2009-12-07,30,9.649300555555556,,1,2008,observation_time_proxy,historical data_available_time is unknown; observation_time is a pseudo-operational proxy
2009-12-08T00:00:00+00:00,2009-12-07,windermere,south,water_temperature,2.0,degC,month_2,2010-01-07,2010-02-05,,,,full_anomaly_persistence,1.0,1.0,False,False,1,2008,3b839e305b52e0ae9fb2c612d6aa54617d7a87173d1579d2ab185b385264b15d,2009-11-08,2009-12-07,30,9.649300555555556,,1,2008,observation_time_proxy,historical data_available_time is unknown; observation_time is a pseudo-operational proxy
2009-12-08T00:00:00+00:00,2009-12-07,windermere,south,water_temperature,2.0,degC,month_3,2010-02-06,2010-03-07,,,,full_anomaly_persistence,1.0,1.0,False,False,1,2008,f69f1e3d26bd5762785b3e07994f7b79f6998053aadf72783e52024a78ab61c6,2009-11-08,2009-12-07,30,9.649300555555556,,1,2008,observation_time_proxy,historical data_available_time is unknown; observation_time is a pseudo-operational proxy
2009-12-15T00:00:00+00:00,2009-12-14,windermere,south,water_temperature,2.0,degC,month_1,2009-12-15,2010-01-13,,,,full_anomaly_persistence,1.0,1.0,False,False,0,,4f53cda18c2baa0c0354bb5f9a3ecbe5ed12ab4d8e11ba873c2f11161202b945,2009-11-15,2009-12-14,30,8.968418055555556,,1,2008,observation_time_proxy,historical data_available_time is unknown; observation_time is a pseudo-operational proxy
2009-12-15T00:00:00+00:00,2009-12-14,windermere,south,water_temperature,2.0,degC,month_2,2010-01-14,2010-02-12,,,,full_anomaly_persistence,1.0,1.0,False,False,1,2008,ed12f63a8156a1dd76d82d18475cd672c786e52a99f8280a2aa0858b244414d3,2009-11-15,2009-12-14,30,8.968418055555556,,1,2008,observation_time_proxy,historical data_available_time is unknown; observation_time is a pseudo-operational proxy
2009-12-15T00:00:00+00:00,2009-12-14,windermere,south,water_temperature,2.0,degC,month_3,2010-02-13,2010-03-14,,,,full_anomaly_persistence,1.0,1.0,False,False,1,2008,70672636b23e24a32e7302f7a0b40d6dc186ec991c2e3c6ae25fc002918b51fd,2009-11-15,2009-12-14,30,8.968418055555556,,1,2008,observation_time_proxy,historical data_available_time is unknown; observation_time is a pseudo-operational proxy
2009-12-22T00:00:00+00:00,2009-12-21,windermere,south,water_temperature,2.0,degC,month_1,2009-12-22,2010-01-20,,,,full_anomaly_persistence,1.0,1.0,False,False,0,,4f53cda18c2baa0c0354bb5f9a3ecbe5ed12ab4d8e11ba873c2f11161202b945,2009-11-22,2009-12-21,30,8.313019583333334,,1,2008,observation_time_proxy,historical data_available_time is unknown; observation_time is a pseudo-operational proxy
2009-12-22T00:00:00+00:00,2009-12-21,windermere,south,water_temperature,2.0,degC,month_2,2010-01-21,2010-02-19,,,,full_anomaly_persistence,1.0,1.0,False,False,1,2008,69fec781ccd2b62251c61c0045f011030cfb48f2cd0cee7394a864b99ad6fbee,2009-11-22,2009-12-21,30,8.313019583333334,,1,2008,observation_time_proxy,historical data_available_time is unknown; observation_time is a pseudo-operational proxy
2009-12-22T00:00:00+00:00,2009-12-21,windermere,south,water_temperature,2.0,degC,month_3,2010-02-20,2010-03-21,,,,full_anomaly_persistence,1.0,1.0,False,False,1,2008,c66017c888009d55d5a05e778544240704ba5ae624ec833132c5ce0e4557c8fb,2009-11-22,2009-12-21,30,8.313019583333334,,1,2008,observation_time_proxy,historical data_available_time is unknown; observation_time is a pseudo-operational proxy
2009-12-29T00:00:00+00:00,2009-12-28,windermere,south,water_temperature,2.0,degC,month_1,2009-12-29,2010-01-27,,,,full_anomaly_persistence,1.0,1.0,False,False,0,,4f53cda18c2baa0c0354bb5f9a3ecbe5ed12ab4d8e11ba873c2f11161202b945,2009-11-29,2009-12-28,30,7.5763968055555555,,1,2008,observation_time_proxy,historical data_available_time is unknown; observation_time is a pseudo-operational proxy
2009-12-29T00:00:00+00:00,2009-12-28,windermere,south,water_temperature,2.0,degC,month_2,2010-01-28,2010-02-26,,,,full_anomaly_persistence,1.0,1.0,False,False,1,2008,ee899cc3e1ffe482cf49bc922babec0a5c7669a125ee837ca11875d726231e4f,2009-11-29,2009-12-28,30,7.5763968055555555,,1,2008,observation_time_proxy,historical data_available_time is unknown; observation_time is a pseudo-operational proxy
2009-12-29T00:00:00+00:00,2009-12-28,windermere,south,water_temperature,2.0,degC,month_3,2010-02-27,2010-03-28,,,,full_anomaly_persistence,1.0,1.0,False,False,1,2008,0b6759b967958f4a9551dbd5ecf3bf73d427076dedc5abaa40ef90d7e3883243,2009-11-29,2009-12-28,30,7.5763968055555555,,1,2008,observation_time_proxy,historical data_available_time is unknown; observation_time is a pseudo-operational proxy
2010-01-05T00:00:00+00:00,2010-01-04,windermere,south,water_temperature,2.0,degC,month_1,2010-01-05,2010-02-03,,,,full_anomaly_persistence,1.0,1.0,False,False,2,2008|2009,95bcca348c3a2c95e74bd0a6802456fa3deb91cecf4e73c4a67f3efbe5e65867,2009-12-06,2010-01-04,30,6.885009100241546,,1,2008,observation_time_proxy,historical data_available_time is unknown; observation_time is a pseudo-operational proxy
2010-01-05T00:00:00+00:00,2010-01-04,windermere,south,water_temperature,2.0,degC,month_2,2010-02-04,2010-03-05,,,,full_anomaly_persistence,1.0,1.0,False,False,2,2008|2009,ee47ba593777fae73b43d7cfda91fe683d1b1c11901bdf45a81a1547b4ce4677,2009-12-06,2010-01-04,30,6.885009100241546,,1,2008,observation_time_proxy,historical data_available_time is unknown; observation_time is a pseudo-operational proxy
2010-01-05T00:00:00+00:00,2010-01-04,windermere,south,water_temperature,2.0,degC,month_3,2010-03-06,2010-04-04,,,,full_anomaly_persistence,1.0,1.0,False,False,2,2008|2009,08ba74a7956b2aa01b8ad61c9d62d0b2cacd5e498ecfe27d9a5a1eeb4fa39b3b,2009-12-06,2010-01-04,30,6.885009100241546,,1,2008,observation_time_proxy,historical data_available_time is unknown; observation_time is a pseudo-operational proxy
2010-01-12T00:00:00+00:00,2010-01-11,windermere,south,water_temperature,2.0,degC,month_1,2010-01-12,2010-02-10,,,,full_anomaly_persistence,1.0,1.0,False,False,2,2008|2009,3876461e8eb0c4ab537ae033be7032c4dfe1f85d452f1cc1c9a0b83f1fb92a61,2009-12-13,2010-01-11,30,6.12598243357488,,1,2008,observation_time_proxy,historical data_available_time is unknown; observation_time is a pseudo-operational proxy
2010-01-12T00:00:00+00:00,2010-01-11,windermere,south,water_temperature,2.0,degC,month_2,2010-02-11,2010-03-12,,,,full_anomaly_persistence,1.0,1.0,False,False,2,2008|2009,448047a8d264d62b1e12f5d52e5d6ee65537ecb277a77e4d6311ac948d9b2664,2009-12-13,2010-01-11,30,6.12598243357488,,1,2008,observation_time_proxy,historical data_available_time is unknown; observation_time is a pseudo-operational proxy
2010-01-12T00:00:00+00:00,2010-01-11,windermere,south,water_temperature,2.0,degC,month_3,2010-03-13,2010-04-11,,,,full_anomaly_persistence,1.0,1.0,False,False,2,2008|2009,4b2494693b404ebfa6da8ae8209f4997f2d0743e74eeb77db172ee3ba5f8792b,2009-12-13,2010-01-11,30,6.12598243357488,,1,2008,observation_time_proxy,historical data_available_time is unknown; observation_time is a pseudo-operational proxy
2010-01-19T00:00:00+00:00,2010-01-18,windermere,south,water_temperature,2.0,degC,month_1,2010-01-19,2010-02-17,,,,full_anomaly_persistence,1.0,1.0,False,False,2,2008|2009,d1c2f38501a00e427f0ca94f2157350b8e572de0b51ac69cf7eefc739b550360,2009-12-20,2010-01-18,30,5.335656183574879,,1,2008,observation_time_proxy,historical data_available_time is unknown; observation_time is a pseudo-operational proxy
2010-01-19T00:00:00+00:00,2010-01-18,windermere,south,water_temperature,2.0,degC,month_2,2010-02-18,2010-03-19,,,,full_anomaly_persistence,1.0,1.0,False,False,2,2008|2009,c8d6fead481fca2a894d8fc4d56f38583e79872b8c5cd36f090219b44e91d0f6,2009-12-20,2010-01-18,30,5.335656183574879,,1,2008,observation_time_proxy,historical data_available_time is unknown; observation_time is a pseudo-operational proxy
2010-01-19T00:00:00+00:00,2010-01-18,windermere,south,water_temperature,2.0,degC,month_3,2010-03-20,2010-04-18,,,,full_anomaly_persistence,1.0,1.0,False,False,2,2008|2009,62dfe8524746f7b4e7168e65bb59d4349fcc130f3145c98ec576dfefdfa21b30,2009-12-20,2010-01-18,30,5.335656183574879,,1,2008,observation_time_proxy,historical data_available_time is unknown; observation_time is a pseudo-operational proxy
2010-01-26T00:00:00+00:00,2010-01-25,windermere,south,water_temperature,2.0,degC,month_1,2010-01-26,2010-02-24,,,,full_anomaly_persistence,1.0,1.0,False,False,2,2008|2009,fa7ec9ea5941f19670a689944f4b46463bd1d142b4deeef31a89a787bb656736,2009-12-27,2010-01-25,30,4.759444378019324,,1,2008,observation_time_proxy,historical data_available_time is unknown; observation_time is a pseudo-operational proxy
2010-01-26T00:00:00+00:00,2010-01-25,windermere,south,water_temperature,2.0,degC,month_2,2010-02-25,2010-03-26,,,,full_anomaly_persistence,1.0,1.0,False,False,2,2008|2009,17bb6dc0734e095153bae26f8138589772d4ac89e5940bf294b6a320ad560987,2009-12-27,2010-01-25,30,4.759444378019324,,1,2008,observation_time_proxy,historical data_available_time is unknown; observation_time is a pseudo-operational proxy
2010-01-26T00:00:00+00:00,2010-01-25,windermere,south,water_temperature,2.0,degC,month_3,2010-03-27,2010-04-25,,,,full_anomaly_persistence,1.0,1.0,False,False,2,2008|2009,2484edc912129dc1617e8545d96fee523ff96d203cd338c65140a486bd3f4343,2009-12-27,2010-01-25,30,4.759444378019324,,1,2008,observation_time_proxy,historical data_available_time is unknown; observation_time is a pseudo-operational proxy
2010-02-02T00:00:00+00:00,2010-02-01,windermere,south,water_temperature,2.0,degC,month_1,2010-02-02,2010-03-03,,,,full_anomaly_persistence,1.0,1.0,False,False,2,2008|2009,f6fdfd9e00ac31fae9893476f40cd184fb794970b9eb4061e338200165ecfac3,2010-01-03,2010-02-01,30,4.2945641666666665,,2,2008|2009,observation_time_proxy,historical data_available_time is unknown; observation_time is a pseudo-operational proxy
2010-02-02T00:00:00+00:00,2010-02-01,windermere,south,water_temperature,2.0,degC,month_2,2010-03-04,2010-04-02,,,,full_anomaly_persistence,1.0,1.0,False,False,2,2008|2009,38068c2d71ec880b8ca3b026930cd2c6217b649cf22c2943c135f73dff922160,2010-01-03,2010-02-01,30,4.2945641666666665,,2,2008|2009,observation_time_proxy,historical data_available_time is unknown; observation_time is a pseudo-operational proxy
2010-02-02T00:00:00+00:00,2010-02-01,windermere,south,water_temperature,2.0,degC,month_3,2010-04-03,2010-05-02,,,,full_anomaly_persistence,1.0,1.0,False,False,2,2008|2009,130b2fdfd2e752927a70bc0b0493daa15c478390a7a8ba7169f8be50cf47739c,2010-01-03,2010-02-01,30,4.2945641666666665,,2,2008|2009,observation_time_proxy,historical data_available_time is unknown; observation_time is a pseudo-operational proxy
2010-02-09T00:00:00+00:00,2010-02-08,windermere,south,water_temperature,2.0,degC,month_1,2010-02-09,2010-03-10,,,,full_anomaly_persistence,1.0,1.0,False,False,2,2008|2009,0dab91699865893bdbde155dee336546cb9c6dffc542e601ce8a8a8f062da488,2010-01-10,2010-02-08,30,3.9797558333333334,,2,2008|2009,observation_time_proxy,historical data_available_time is unknown; observation_time is a pseudo-operational proxy
2010-02-09T00:00:00+00:00,2010-02-08,windermere,south,water_temperature,2.0,degC,month_2,2010-03-11,2010-04-09,,,,full_anomaly_persistence,1.0,1.0,False,False,2,2008|2009,7476dd1d6b2e7110764ce8933dd73365a49174dbd31b48b4be430f87dc31d1b6,2010-01-10,2010-02-08,30,3.9797558333333334,,2,2008|2009,observation_time_proxy,historical data_available_time is unknown; observation_time is a pseudo-operational proxy
2010-02-09T00:00:00+00:00,2010-02-08,windermere,south,water_temperature,2.0,degC,month_3,2010-04-10,2010-05-09,,,,full_anomaly_persistence,1.0,1.0,False,False,2,2008|2009,80456db8eb31283408924bf311f15054235f54ba3e59b49f40f9a7be16137957,2010-01-10,2010-02-08,30,3.9797558333333334,,2,2008|2009,observation_time_proxy,historical data_available_time is unknown; observation_time is a pseudo-operational proxy
2010-02-16T00:00:00+00:00,2010-02-15,windermere,south,water_temperature,2.0,degC,month_1,2010-02-16,2010-03-17,,,,full_anomaly_persistence,1.0,1.0,False,False,2,2008|2009,586e90c9dd30210dccace11fea1297166a6ff4f4627061a58496def22ed1464c,2010-01-17,2010-02-15,30,3.814977777777778,,2,2008|2009,observation_time_proxy,historical data_available_time is unknown; observation_time is a pseudo-operational proxy
2010-02-16T00:00:00+00:00,2010-02-15,windermere,south,water_temperature,2.0,degC,month_2,2010-03-18,2010-04-16,,,,full_anomaly_persistence,1.0,1.0,False,False,2,2008|2009,0c7a561ccf31acfb36f9546091a0858eeafb211c31daf49bb3c45c49b21b9ce5,2010-01-17,2010-02-15,30,3.814977777777778,,2,2008|2009,observation_time_proxy,historical data_available_time is unknown; observation_time is a pseudo-operational proxy
2010-02-16T00:00:00+00:00,2010-02-15,windermere,south,water_temperature,2.0,degC,month_3,2010-04-17,2010-05-16,,,,full_anomaly_persistence,1.0,1.0,False,False,2,2008|2009,41c99f2d9914636e1d3b5da2896b3e988c65ed78bfc48af97a06e67d5edeb9cd,2010-01-17,2010-02-15,30,3.814977777777778,,2,2008|2009,observation_time_proxy,historical data_available_time is unknown; observation_time is a pseudo-operational proxy
2010-02-23T00:00:00+00:00,2010-02-22,windermere,south,water_temperature,2.0,degC,month_1,2010-02-23,2010-03-24,,,,full_anomaly_persistence,1.0,1.0,False,False,2,2008|2009,b41612768771dc5215b37390b3af63b139ca83c6642eb7d2c40f29e83aeab14b,2010-01-24,2010-02-22,30,3.6770006944444447,,2,2008|2009,observation_time_proxy,historical data_available_time is unknown; observation_time is a pseudo-operational proxy
2010-02-23T00:00:00+00:00,2010-02-22,windermere,south,water_temperature,2.0,degC,month_2,2010-03-25,2010-04-23,,,,full_anomaly_persistence,1.0,1.0,False,False,2,2008|2009,b4863c63f609db3e0638514f1534893fbae85aea4e81d0ede6d85e2d9429da18,2010-01-24,2010-02-22,30,3.6770006944444447,,2,2008|2009,observation_time_proxy,historical data_available_time is unknown; observation_time is a pseudo-operational proxy
2010-02-23T00:00:00+00:00,2010-02-22,windermere,south,water_temperature,2.0,degC,month_3,2010-04-24,2010-05-23,,,,full_anomaly_persistence,1.0,1.0,False,False,2,2008|2009,ebd8240038726c48989889d2dcb82778e023433d5e00b7c881d84e6f2c5bf942,2010-01-24,2010-02-22,30,3.6770006944444447,,2,2008|2009,observation_time_proxy,historical data_available_time is unknown; observation_time is a pseudo-operational proxy
2010-03-02T00:00:00+00:00,2010-03-01,windermere,south,water_temperature,2.0,degC,month_1,2010-03-02,2010-03-31,,,,full_anomaly_persistence,1.0,1.0,False,False,2,2008|2009,5f69c49698eff0160a4cf1a96e3e8eefe18dab51edc24d9d5099ef47afd0a8ec,2010-01-31,2010-03-01,30,3.5632518055555558,,2,2008|2009,observation_time_proxy,historical data_available_time is unknown; observation_time is a pseudo-operational proxy
2010-03-02T00:00:00+00:00,2010-03-01,windermere,south,water_temperature,2.0,degC,month_2,2010-04-01,2010-04-30,,,,full_anomaly_persistence,1.0,1.0,False,False,2,2008|2009,ea8ac5698217dbb8028ffaae2add0078de7c00ef0c6df72f83ab611cac1e2efb,2010-01-31,2010-03-01,30,3.5632518055555558,,2,2008|2009,observation_time_proxy,historical data_available_time is unknown; observation_time is a pseudo-operational proxy
2010-03-02T00:00:00+00:00,2010-03-01,windermere,south,water_temperature,2.0,degC,month_3,2010-05-01,2010-05-30,,,,full_anomaly_persistence,1.0,1.0,False,False,2,2008|2009,975b71d3bbd4531f17829b2df51077658418a681120758bd7eab428d6f5bfdd8,2010-01-31,2010-03-01,30,3.5632518055555558,,2,2008|2009,observation_time_proxy,historical data_available_time is unknown; observation_time is a pseudo-operational proxy
2010-03-09T00:00:00+00:00,2010-03-08,windermere,south,water_temperature,2.0,degC,month_1,2010-03-09,2010-04-07,,,,full_anomaly_persistence,1.0,1.0,False,False,2,2008|2009,813aca630a87cb85775577bd377927c8826a96308261bbb3380dc79bd7021baa,2010-02-07,2010-03-08,30,3.5167027777777777,,2,2008|2009,observation_time_proxy,historical data_available_time is unknown; observation_time is a pseudo-operational proxy
2010-03-09T00:00:00+00:00,2010-03-08,windermere,south,water_temperature,2.0,degC,month_2,2010-04-08,2010-05-07,,,,full_anomaly_persistence,1.0,1.0,False,False,2,2008|2009,901b8f914a78c6ac3069b207bfd53ff5201672aadb0c2a18f7132fd6aa2bbc94,2010-02-07,2010-03-08,30,3.5167027777777777,,2,2008|2009,observation_time_proxy,historical data_available_time is unknown; observation_time is a pseudo-operational proxy
2010-03-09T00:00:00+00:00,2010-03-08,windermere,south,water_temperature,2.0,degC,month_3,2010-05-08,2010-06-06,,,,full_anomaly_persistence,1.0,1.0,False,False,2,2008|2009,af92c431631a1879efd8d0c47edbca1350b01bc4a77c0f3cdd3472ea1cf35ba7,2010-02-07,2010-03-08,30,3.5167027777777777,,2,2008|2009,observation_time_proxy,historical data_available_time is unknown; observation_time is a pseudo-operational proxy
2010-03-16T00:00:00+00:00,2010-03-15,windermere,south,water_temperature,2.0,degC,month_1,2010-03-16,2010-04-14,,,,full_anomaly_persistence,1.0,1.0,False,False,2,2008|2009,8b876a27ff87ab995ed834574bf053a1d2a427998553ff0129bac1facdd673f3,2010-02-14,2010-03-15,30,3.5578877777777778,,2,2008|2009,observation_time_proxy,historical data_available_time is unknown; observation_time is a pseudo-operational proxy
2010-03-16T00:00:00+00:00,2010-03-15,windermere,south,water_temperature,2.0,degC,month_2,2010-04-15,2010-05-14,,,,full_anomaly_persistence,1.0,1.0,False,False,2,2008|2009,eba1f1e0ac37531b117593595fff583105c3dbac31c0e0c2058eba6c8c8e850a,2010-02-14,2010-03-15,30,3.5578877777777778,,2,2008|2009,observation_time_proxy,historical data_available_time is unknown; observation_time is a pseudo-operational proxy
2010-03-16T00:00:00+00:00,2010-03-15,windermere,south,water_temperature,2.0,degC,month_3,2010-05-15,2010-06-13,,,,full_anomaly_persistence,1.0,1.0,False,False,2,2008|2009,04b171bb595ccb0423fd1ed4f3c83a2e578a63fc7202a9428e01863aacfcb8a4,2010-02-14,2010-03-15,30,3.5578877777777778,,2,2008|2009,observation_time_proxy,historical data_available_time is unknown; observation_time is a pseudo-operational proxy
2010-03-23T00:00:00+00:00,2010-03-22,windermere,south,water_temperature,2.0,degC,month_1,2010-03-23,2010-04-21,,,,full_anomaly_persistence,1.0,1.0,False,False,2,2008|2009,c6686950c641a923556c8b64d84e0f8321554530a3e5f5f712b4fdcff240ac62,2010-02-21,2010-03-22,30,3.752727638888889,,2,2008|2009,observation_time_proxy,historical data_available_time is unknown; observation_time is a pseudo-operational proxy
2010-03-23T00:00:00+00:00,2010-03-22,windermere,south,water_temperature,2.0,degC,month_2,2010-04-22,2010-05-21,,,,full_anomaly_persistence,1.0,1.0,False,False,2,2008|2009,81f97474cbb39d0e93b1a3de424263cabe65946e14e3767879d7836f68807c01,2010-02-21,2010-03-22,30,3.752727638888889,,2,2008|2009,observation_time_proxy,historical data_available_time is unknown; observation_time is a pseudo-operational proxy
2010-03-23T00:00:00+00:00,2010-03-22,windermere,south,water_temperature,2.0,degC,month_3,2010-05-22,2010-06-20,,,,full_anomaly_persistence,1.0,1.0,False,False,2,2008|2009,8b27b46765537374355b0fd113117e401d12cada6d8951c5f983eb567ce45bc3,2010-02-21,2010-03-22,30,3.752727638888889,,2,2008|2009,observation_time_proxy,historical data_available_time is unknown; observation_time is a pseudo-operational proxy
2010-03-30T00:00:00+00:00,2010-03-29,windermere,south,water_temperature,2.0,degC,month_1,2010-03-30,2010-04-28,,,,full_anomaly_persistence,1.0,1.0,False,False,2,2008|2009,05a7b3eb82694e88b62f21a3de0c36efef314414970da6261f9fcce564a15fe2,2010-02-28,2010-03-29,30,4.094353333333333,,2,2008|2009,observation_time_proxy,historical data_available_time is unknown; observation_time is a pseudo-operational proxy
2010-03-30T00:00:00+00:00,2010-03-29,windermere,south,water_temperature,2.0,degC,month_2,2010-04-29,2010-05-28,,,,full_anomaly_persistence,1.0,1.0,False,False,2,2008|2009,3a635bd513d52e86ff488bb8c7272b37d8511c3f8089fe65c45a7fb21b34ebc5,2010-02-28,2010-03-29,30,4.094353333333333,,2,2008|2009,observation_time_proxy,historical data_available_time is unknown; observation_time is a pseudo-operational proxy
2010-03-30T00:00:00+00:00,2010-03-29,windermere,south,water_temperature,2.0,degC,month_3,2010-05-29,2010-06-27,,,,full_anomaly_persistence,1.0,1.0,False,False,2,2008|2009,97aab4825b20a0fca719141003383d722140b19b3995bdff010547a0900b5a63,2010-02-28,2010-03-29,30,4.094353333333333,,2,2008|2009,observation_time_proxy,historical data_available_time is unknown; observation_time is a pseudo-operational proxy
2010-04-06T00:00:00+00:00,2010-04-05,windermere,south,water_temperature,2.0,degC,month_1,2010-04-06,2010-05-05,,,,full_anomaly_persistence,1.0,1.0,False,False,2,2008|2009,9e5d84b09ebb327f39c517b0eb5f7e3d74f707baf8a856b82151a743bee23453,2010-03-07,2010-04-05,30,4.555579027777778,,2,2008|2009,observation_time_proxy,historical data_available_time is unknown; observation_time is a pseudo-operational proxy
2010-04-06T00:00:00+00:00,2010-04-05,windermere,south,water_temperature,2.0,degC,month_2,2010-05-06,2010-06-04,,,,full_anomaly_persistence,1.0,1.0,False,False,2,2008|2009,7209f9fa29636b9ed355e53abd2d96767661ed481e4a43894345d63bc28b3358,2010-03-07,2010-04-05,30,4.555579027777778,,2,2008|2009,observation_time_proxy,historical data_available_time is unknown; observation_time is a pseudo-operational proxy
2010-04-06T00:00:00+00:00,2010-04-05,windermere,south,water_temperature,2.0,degC,month_3,2010-06-05,2010-07-04,,,,full_anomaly_persistence,1.0,1.0,False,False,2,2008|2009,e99987c980125a108d47e772f75607cb3b4322317eb4e9128f826069be4f9fbb,2010-03-07,2010-04-05,30,4.555579027777778,,2,2008|2009,observation_time_proxy,historical data_available_time is unknown; observation_time is a pseudo-operational proxy
2010-04-13T00:00:00+00:00,2010-04-12,windermere,south,water_temperature,2.0,degC,month_1,2010-04-13,2010-05-12,,,,full_anomaly_persistence,1.0,1.0,False,False,2,2008|2009,583e37ff510234e8c5e2a28dd9c2649708fb3f9e13c34f5bdf9b3ae38ebce3f1,2010-03-14,2010-04-12,30,5.284356944444444,,2,2008|2009,observation_time_proxy,historical data_available_time is unknown; observation_time is a pseudo-operational proxy
2010-04-13T00:00:00+00:00,2010-04-12,windermere,south,water_temperature,2.0,degC,month_2,2010-05-13,2010-06-11,,,,full_anomaly_persistence,1.0,1.0,False,False,2,2008|2009,145b2625a8cef82fa8b445c26e5ffd7c630f6bf0b1850dd9816e47ed04a05601,2010-03-14,2010-04-12,30,5.284356944444444,,2,2008|2009,observation_time_proxy,historical data_available_time is unknown; observation_time is a pseudo-operational proxy
2010-04-13T00:00:00+00:00,2010-04-12,windermere,south,water_temperature,2.0,degC,month_3,2010-06-12,2010-07-11,,,,full_anomaly_persistence,1.0,1.0,False,False,2,2008|2009,bfa5d4f3fa19903af7052a3578798e8833d4b7891610bf97bcef42c44e7815e4,2010-03-14,2010-04-12,30,5.284356944444444,,2,2008|2009,observation_time_proxy,historical data_available_time is unknown; observation_time is a pseudo-operational proxy
2010-04-20T00:00:00+00:00,2010-04-19,windermere,south,water_temperature,2.0,degC,month_1,2010-04-20,2010-05-19,,,,full_anomaly_persistence,1.0,1.0,False,False,2,2008|2009,ed3132608d5f6b105bf46ff697cec8d1926721092edfcef36bd94725e953a398,2010-03-21,2010-04-19,30,6.2471572222222225,,2,2008|2009,observation_time_proxy,historical data_available_time is unknown; observation_time is a pseudo-operational proxy
2010-04-20T00:00:00+00:00,2010-04-19,windermere,south,water_temperature,2.0,degC,month_2,2010-05-20,2010-06-18,,,,full_anomaly_persistence,1.0,1.0,False,False,2,2008|2009,0ade6373020ab27b97d8adb746fa6a7f47faac71f3794497e71b462096c98138,2010-03-21,2010-04-19,30,6.2471572222222225,,2,2008|2009,observation_time_proxy,historical data_available_time is unknown; observation_time is a pseudo-operational proxy
2010-04-20T00:00:00+00:00,2010-04-19,windermere,south,water_temperature,2.0,degC,month_3,2010-06-19,2010-07-18,,,,full_anomaly_persistence,1.0,1.0,False,False,2,2008|2009,b6649e75a184230e90ce1814f59ee03c23fc7dcfa0318771e88beb534965c343,2010-03-21,2010-04-19,30,6.2471572222222225,,2,2008|2009,observation_time_proxy,historical data_available_time is unknown; observation_time is a pseudo-operational proxy
2010-05-04T00:00:00+00:00,2010-05-03,windermere,south,water_temperature,2.0,degC,month_1,2010-05-04,2010-06-02,,,,full_anomaly_persistence,1.0,1.0,False,False,2,2008|2009,0b1d0bce7af54d3b2997515638657ec46b38b056f7592a8ef4f0858d3386b5c9,2010-04-04,2010-05-03,20,,,2,2008|2009,observation_time_proxy,historical data_available_time is unknown; observation_time is a pseudo-operational proxy
2010-05-04T00:00:00+00:00,2010-05-03,windermere,south,water_temperature,2.0,degC,month_2,2010-06-03,2010-07-02,,,,full_anomaly_persistence,1.0,1.0,False,False,2,2008|2009,030d193d4e17edcd339e8553c3eb517eea5c224a28f20d976242c9a85c38914b,2010-04-04,2010-05-03,20,,,2,2008|2009,observation_time_proxy,historical data_available_time is unknown; observation_time is a pseudo-operational proxy
2010-05-04T00:00:00+00:00,2010-05-03,windermere,south,water_temperature,2.0,degC,month_3,2010-07-03,2010-08-01,,,,full_anomaly_persistence,1.0,1.0,False,False,2,2008|2009,40b720544cdd0071608755914c6fb2ee008187f0a667a36ea80397099ffc209b,2010-04-04,2010-05-03,20,,,2,2008|2009,observation_time_proxy,historical data_available_time is unknown; observation_time is a pseudo-operational proxy
2010-05-11T00:00:00+00:00,2010-05-10,windermere,south,water_temperature,2.0,degC,month_1,2010-05-11,2010-06-09,,,,full_anomaly_persistence,1.0,1.0,False,False,2,2008|2009,596e39cb7ae31afecd17571c05179700b7236e9fc95e5d6a1e933fe9949d2fd9,2010-04-11,2010-05-10,20,,,2,2008|2009,observation_time_proxy,historical data_available_time is unknown; observation_time is a pseudo-operational proxy
2010-05-11T00:00:00+00:00,2010-05-10,windermere,south,water_temperature,2.0,degC,month_2,2010-06-10,2010-07-09,,,,full_anomaly_persistence,1.0,1.0,False,False,2,2008|2009,336424d62762a0f4600dafbd2274b3606185f894c34d2f6bde8ade8875c19b90,2010-04-11,2010-05-10,20,,,2,2008|2009,observation_time_proxy,historical data_available_time is unknown; observation_time is a pseudo-operational proxy
2010-05-11T00:00:00+00:00,2010-05-10,windermere,south,water_temperature,2.0,degC,month_3,2010-07-10,2010-08-08,,,,full_anomaly_persistence,1.0,1.0,False,False,2,2008|2009,ed9da55922fb8fee1eccd2584770a04221c4fb0f0ce04e72def189963f2bea99,2010-04-11,2010-05-10,20,,,2,2008|2009,observation_time_proxy,historical data_available_time is unknown; observation_time is a pseudo-operational proxy
2010-05-18T00:00:00+00:00,2010-05-17,windermere,south,water_temperature,2.0,degC,month_1,2010-05-18,2010-06-16,,,,full_anomaly_persistence,1.0,1.0,False,False,2,2008|2009,4e54429e5f42be307a794a139bb7c190a1997b7bcac894324608b259b921e72f,2010-04-18,2010-05-17,20,,,2,2008|2009,observation_time_proxy,historical data_available_time is unknown; observation_time is a pseudo-operational proxy
2010-05-18T00:00:00+00:00,2010-05-17,windermere,south,water_temperature,2.0,degC,month_2,2010-06-17,2010-07-16,,,,full_anomaly_persistence,1.0,1.0,False,False,2,2008|2009,b42e3b2f320f61fd8bcf81545bb718fef263dec2d8bd07f73812981f9268cb93,2010-04-18,2010-05-17,20,,,2,2008|2009,observation_time_proxy,historical data_available_time is unknown; observation_time is a pseudo-operational proxy
2010-05-18T00:00:00+00:00,2010-05-17,windermere,south,water_temperature,2.0,degC,month_3,2010-07-17,2010-08-15,,,,full_anomaly_persistence,1.0,1.0,False,False,2,2008|2009,13145a7aaa2cd07357aebe0c3a87aac014b530299a0fb2541f6edcf81ae0c754,2010-04-18,2010-05-17,20,,,2,2008|2009,observation_time_proxy,historical data_available_time is unknown; observation_time is a pseudo-operational proxy
2010-05-25T00:00:00+00:00,2010-05-24,windermere,south,water_temperature,2.0,degC,month_1,2010-05-25,2010-06-23,,,,full_anomaly_persistence,1.0,1.0,False,False,2,2008|2009,d5254671aeb9fabc5bd521d4c7755e267647104064d85783d16c54edab38acf1,2010-04-25,2010-05-24,24,,,2,2008|2009,observation_time_proxy,historical data_available_time is unknown; observation_time is a pseudo-operational proxy
2010-05-25T00:00:00+00:00,2010-05-24,windermere,south,water_temperature,2.0,degC,month_2,2010-06-24,2010-07-23,,,,full_anomaly_persistence,1.0,1.0,False,False,2,2008|2009,87222236022b69e03f982a0cf7b68ed33bfdc593086b761a2d5692b3c74b7fc5,2010-04-25,2010-05-24,24,,,2,2008|2009,observation_time_proxy,historical data_available_time is unknown; observation_time is a pseudo-operational proxy
2010-05-25T00:00:00+00:00,2010-05-24,windermere,south,water_temperature,2.0,degC,month_3,2010-07-24,2010-08-22,,,,full_anomaly_persistence,1.0,1.0,False,False,2,2008|2009,b1170e39b6df88a4dfa21a7fca23384fa1eabe6c5bbae1bf67a21e4694bee0c0,2010-04-25,2010-05-24,24,,,2,2008|2009,observation_time_proxy,historical data_available_time is unknown; observation_time is a pseudo-operational proxy
2010-06-01T00:00:00+00:00,2010-05-31,windermere,south,water_temperature,2.0,degC,month_1,2010-06-01,2010-06-30,,,,full_anomaly_persistence,1.0,1.0,False,False,2,2008|2009,21d0a5289c3acfa200247c5bb4e6b7f972a6b796ae25d3bb4dbbc4cd53a6f448,2010-05-02,2010-05-31,30,12.217989043055555,,2,2008|2009,observation_time_proxy,historical data_available_time is unknown; observation_time is a pseudo-operational proxy
2010-06-01T00:00:00+00:00,2010-05-31,windermere,south,water_temperature,2.0,degC,month_2,2010-07-01,2010-07-30,,,,full_anomaly_persistence,1.0,1.0,False,False,2,2008|2009,dd9e4262508cc305f655c439fc4239b18594cde83eddbd9cd5e6137ed55a5d0d,2010-05-02,2010-05-31,30,12.217989043055555,,2,2008|2009,observation_time_proxy,historical data_available_time is unknown; observation_time is a pseudo-operational proxy
2010-06-01T00:00:00+00:00,2010-05-31,windermere,south,water_temperature,2.0,degC,month_3,2010-07-31,2010-08-29,,,,full_anomaly_persistence,1.0,1.0,False,False,2,2008|2009,1cb27b70431c340c6f2bc20a0f76b64a7b0716d87030e8e1cc589ca3a2bcbd2a,2010-05-02,2010-05-31,30,12.217989043055555,,2,2008|2009,observation_time_proxy,historical data_available_time is unknown; observation_time is a pseudo-operational proxy
2010-06-08T00:00:00+00:00,2010-06-07,windermere,south,water_temperature,2.0,degC,month_1,2010-06-08,2010-07-07,,,,full_anomaly_persistence,1.0,1.0,False,False,2,2008|2009,16e11b4f05f4ccf81c1f33a72c88a40c57f146a777d2cc587cca79afd0152e62,2010-05-09,2010-06-07,30,13.601807263888888,,2,2008|2009,observation_time_proxy,historical data_available_time is unknown; observation_time is a pseudo-operational proxy
2010-06-08T00:00:00+00:00,2010-06-07,windermere,south,water_temperature,2.0,degC,month_2,2010-07-08,2010-08-06,,,,full_anomaly_persistence,1.0,1.0,False,False,2,2008|2009,45350908105ea5053eef5e27a6cd2189aca341e080ad6d5e5ce17e59b6ed71f1,2010-05-09,2010-06-07,30,13.601807263888888,,2,2008|2009,observation_time_proxy,historical data_available_time is unknown; observation_time is a pseudo-operational proxy
2010-06-08T00:00:00+00:00,2010-06-07,windermere,south,water_temperature,2.0,degC,month_3,2010-08-07,2010-09-05,,,,full_anomaly_persistence,1.0,1.0,False,False,2,2008|2009,c1e6cb658e6d47c0b88a38992ac432655faee9fffda4217664d18ae2c941edb4,2010-05-09,2010-06-07,30,13.601807263888888,,2,2008|2009,observation_time_proxy,historical data_available_time is unknown; observation_time is a pseudo-operational proxy
2010-06-15T00:00:00+00:00,2010-06-14,windermere,south,water_temperature,2.0,degC,month_1,2010-06-15,2010-07-14,,,,full_anomaly_persistence,1.0,1.0,False,False,2,2008|2009,a7880409ca2b184ebde74fab487019cd69f38c6b5e4054ae5094bbb8a83a0297,2010-05-16,2010-06-14,30,15.085078319444444,,2,2008|2009,observation_time_proxy,historical data_available_time is unknown; observation_time is a pseudo-operational proxy
2010-06-15T00:00:00+00:00,2010-06-14,windermere,south,water_temperature,2.0,degC,month_2,2010-07-15,2010-08-13,,,,full_anomaly_persistence,1.0,1.0,False,False,2,2008|2009,c623b8debc9dc7d104b3cd9b04e7e34b6d313de25433e64f3f0ac83e0bef8065,2010-05-16,2010-06-14,30,15.085078319444444,,2,2008|2009,observation_time_proxy,historical data_available_time is unknown; observation_time is a pseudo-operational proxy
2010-06-15T00:00:00+00:00,2010-06-14,windermere,south,water_temperature,2.0,degC,month_3,2010-08-14,2010-09-12,,,,full_anomaly_persistence,1.0,1.0,False,False,2,2008|2009,89c37438fa68a51bcb64aeecf47ee028abac69c8781432a1f5fd42fae7f14656,2010-05-16,2010-06-14,30,15.085078319444444,,2,2008|2009,observation_time_proxy,historical data_available_time is unknown; observation_time is a pseudo-operational proxy
2010-06-22T00:00:00+00:00,2010-06-21,windermere,south,water_temperature,2.0,degC,month_1,2010-06-22,2010-07-21,,,,full_anomaly_persistence,1.0,1.0,False,False,2,2008|2009,3ca95357853c1a5649f7be5b9184c71fbdcd8ee4f681a6f942734376ee454522,2010-05-23,2010-06-21,30,16.376524805555555,,2,2008|2009,observation_time_proxy,historical data_available_time is unknown; observation_time is a pseudo-operational proxy
2010-06-22T00:00:00+00:00,2010-06-21,windermere,south,water_temperature,2.0,degC,month_2,2010-07-22,2010-08-20,,,,full_anomaly_persistence,1.0,1.0,False,False,2,2008|2009,cf761f04d6301c0d0d64a5a5be10eb8215073bdf00df3f02c1a366ababda298f,2010-05-23,2010-06-21,30,16.376524805555555,,2,2008|2009,observation_time_proxy,historical data_available_time is unknown; observation_time is a pseudo-operational proxy
2010-06-22T00:00:00+00:00,2010-06-21,windermere,south,water_temperature,2.0,degC,month_3,2010-08-21,2010-09-19,,,,full_anomaly_persistence,1.0,1.0,False,False,2,2008|2009,80b25cd7835550796123283d644f21912250a2d038635343c41eebef9a74ad5b,2010-05-23,2010-06-21,30,16.376524805555555,,2,2008|2009,observation_time_proxy,historical data_available_time is unknown; observation_time is a pseudo-operational proxy
2010-06-29T00:00:00+00:00,2010-06-28,windermere,south,water_temperature,2.0,degC,month_1,2010-06-29,2010-07-28,,,,full_anomaly_persistence,1.0,1.0,False,False,2,2008|2009,882be0b3720b7df4ae5ec29b1209912875ad87d41fb5b0141eadc20793799f3f,2010-05-30,2010-06-28,30,17.02032201388889,,2,2008|2009,observation_time_proxy,historical data_available_time is unknown; observation_time is a pseudo-operational proxy
2010-06-29T00:00:00+00:00,2010-06-28,windermere,south,water_temperature,2.0,degC,month_2,2010-07-29,2010-08-27,,,,full_anomaly_persistence,1.0,1.0,False,False,2,2008|2009,25b8d5b4a5828f09112eb2f6190f14ef5e5e29a1ce0e02c6b398014da1db5431,2010-05-30,2010-06-28,30,17.02032201388889,,2,2008|2009,observation_time_proxy,historical data_available_time is unknown; observation_time is a pseudo-operational proxy
2010-06-29T00:00:00+00:00,2010-06-28,windermere,south,water_temperature,2.0,degC,month_3,2010-08-28,2010-09-26,,,,full_anomaly_persistence,1.0,1.0,False,False,2,2008|2009,e774ae14fd436184e9747677de694870b4fb37549e097204ab53a41f52c431dd,2010-05-30,2010-06-28,30,17.02032201388889,,2,2008|2009,observation_time_proxy,historical data_available_time is unknown; observation_time is a pseudo-operational proxy
2010-07-06T00:00:00+00:00,2010-07-05,windermere,south,water_temperature,2.0,degC,month_1,2010-07-06,2010-08-04,,,,full_anomaly_persistence,1.0,1.0,False,False,2,2008|2009,651b28b934a57c30592632fe8ae4772e416e9c225f36151e4fb682dca6614df4,2010-06-06,2010-07-05,30,17.925370666666666,,2,2008|2009,observation_time_proxy,historical data_available_time is unknown; observation_time is a pseudo-operational proxy
2010-07-06T00:00:00+00:00,2010-07-05,windermere,south,water_temperature,2.0,degC,month_2,2010-08-05,2010-09-03,,,,full_anomaly_persistence,1.0,1.0,False,False,2,2008|2009,7d62d626309683d3bc32f2766c1770616407d9daaa0f28b06c5278d04342345f,2010-06-06,2010-07-05,30,17.925370666666666,,2,2008|2009,observation_time_proxy,historical data_available_time is unknown; observation_time is a pseudo-operational proxy
2010-07-06T00:00:00+00:00,2010-07-05,windermere,south,water_temperature,2.0,degC,month_3,2010-09-04,2010-10-03,,,,full_anomaly_persistence,1.0,1.0,False,False,2,2008|2009,c0e5558a697046108f52d7168794fd5f0e0a1575edb3042bed91f4e07e35cdc7,2010-06-06,2010-07-05,30,17.925370666666666,,2,2008|2009,observation_time_proxy,historical data_available_time is unknown; observation_time is a pseudo-operational proxy
2010-07-13T00:00:00+00:00,2010-07-12,windermere,south,water_temperature,2.0,degC,month_1,2010-07-13,2010-08-11,,,,full_anomaly_persistence,1.0,1.0,False,False,2,2008|2009,c1d3455b20faa9ce5e762327188586f6badf16d577009615c3ee6a309a3c043b,2010-06-13,2010-07-12,30,18.21779386111111,,2,2008|2009,observation_time_proxy,historical data_available_time is unknown; observation_time is a pseudo-operational proxy
2010-07-13T00:00:00+00:00,2010-07-12,windermere,south,water_temperature,2.0,degC,month_2,2010-08-12,2010-09-10,,,,full_anomaly_persistence,1.0,1.0,False,False,2,2008|2009,69758066027b7037f4584b014032ab498b66c77ac34033dc84661fbbedd8c7cf,2010-06-13,2010-07-12,30,18.21779386111111,,2,2008|2009,observation_time_proxy,historical data_available_time is unknown; observation_time is a pseudo-operational proxy
2010-07-13T00:00:00+00:00,2010-07-12,windermere,south,water_temperature,2.0,degC,month_3,2010-09-11,2010-10-10,,,,full_anomaly_persistence,1.0,1.0,False,False,2,2008|2009,d2dc4c89c7cc193ad5c4d424b2ffe5718b52d0ef059c372ea16f362587b5b1bf,2010-06-13,2010-07-12,30,18.21779386111111,,2,2008|2009,observation_time_proxy,historical data_available_time is unknown; observation_time is a pseudo-operational proxy
2010-07-20T00:00:00+00:00,2010-07-19,windermere,south,water_temperature,2.0,degC,month_1,2010-07-20,2010-08-18,,,,full_anomaly_persistence,1.0,1.0,False,False,2,2008|2009,1046379e44641dcc09cb8b999c6a9bcebcdfedcf2dabfa28e2a442c8b3b84034,2010-06-20,2010-07-19,30,18.256289833333334,,2,2008|2009,observation_time_proxy,historical data_available_time is unknown; observation_time is a pseudo-operational proxy
2010-07-20T00:00:00+00:00,2010-07-19,windermere,south,water_temperature,2.0,degC,month_2,2010-08-19,2010-09-17,,,,full_anomaly_persistence,1.0,1.0,False,False,2,2008|2009,376933c0e93fa578272ea259c33a4c6ced6fa3293663008fa816c2ee719f3938,2010-06-20,2010-07-19,30,18.256289833333334,,2,2008|2009,observation_time_proxy,historical data_available_time is unknown; observation_time is a pseudo-operational proxy
2010-07-20T00:00:00+00:00,2010-07-19,windermere,south,water_temperature,2.0,degC,month_3,2010-09-18,2010-10-17,,,,full_anomaly_persistence,1.0,1.0,False,False,2,2008|2009,c57e8fd7e761a01675d1d86d29afb5a9e4de1c04be06b7d80a427c0c768de93a,2010-06-20,2010-07-19,30,18.256289833333334,,2,2008|2009,observation_time_proxy,historical data_available_time is unknown; observation_time is a pseudo-operational proxy
2010-07-27T00:00:00+00:00,2010-07-26,windermere,south,water_temperature,2.0,degC,month_1,2010-07-27,2010-08-25,,,,full_anomaly_persistence,1.0,1.0,False,False,2,2008|2009,26858b27edea2719a154a591113dc707db9d0ba4242eac6a81afa308736f29fa,2010-06-27,2010-07-26,30,17.989330958333333,,2,2008|2009,observation_time_proxy,historical data_available_time is unknown; observation_time is a pseudo-operational proxy
2010-07-27T00:00:00+00:00,2010-07-26,windermere,south,water_temperature,2.0,degC,month_2,2010-08-26,2010-09-24,,,,full_anomaly_persistence,1.0,1.0,False,False,2,2008|2009,c9df8ada47c4d6bd49e7ab35f97eaa396d9ccae916a3d90bf87a2936a50f6dac,2010-06-27,2010-07-26,30,17.989330958333333,,2,2008|2009,observation_time_proxy,historical data_available_time is unknown; observation_time is a pseudo-operational proxy
2010-07-27T00:00:00+00:00,2010-07-26,windermere,south,water_temperature,2.0,degC,month_3,2010-09-25,2010-10-24,,,,full_anomaly_persistence,1.0,1.0,False,False,2,2008|2009,d4a03f47afcb800bd0bbba6015ea997fb5c2b60977119f64fd21e5f1f070cfac,2010-06-27,2010-07-26,30,17.989330958333333,,2,2008|2009,observation_time_proxy,historical data_available_time is unknown; observation_time is a pseudo-operational proxy
2010-08-03T00:00:00+00:00,2010-08-02,windermere,south,water_temperature,2.0,degC,month_1,2010-08-03,2010-09-01,,,,full_anomaly_persistence,1.0,1.0,False,False,2,2008|2009,19256d97a1057d7fa9304f50a513a22e46a3777e05d0a133e6552bb8978e913f,2010-07-04,2010-08-02,30,17.569824625,,2,2008|2009,observation_time_proxy,historical data_available_time is unknown; observation_time is a pseudo-operational proxy
2010-08-03T00:00:00+00:00,2010-08-02,windermere,south,water_temperature,2.0,degC,month_2,2010-09-02,2010-10-01,,,,full_anomaly_persistence,1.0,1.0,False,False,2,2008|2009,217b043354f7ecb3f4e62240804243e2c14c978d5c1e83eab830648fc28a8faf,2010-07-04,2010-08-02,30,17.569824625,,2,2008|2009,observation_time_proxy,historical data_available_time is unknown; observation_time is a pseudo-operational proxy
2010-08-03T00:00:00+00:00,2010-08-02,windermere,south,water_temperature,2.0,degC,month_3,2010-10-02,2010-10-31,,,,full_anomaly_persistence,1.0,1.0,False,False,2,2008|2009,8d3a281fc523fdda432679a3ae4ad18f08f1c6ccf0b507f9fd5aed244f266806,2010-07-04,2010-08-02,30,17.569824625,,2,2008|2009,observation_time_proxy,historical data_available_time is unknown; observation_time is a pseudo-operational proxy
2010-08-10T00:00:00+00:00,2010-08-09,windermere,south,water_temperature,2.0,degC,month_1,2010-08-10,2010-09-08,,,,full_anomaly_persistence,1.0,1.0,False,False,2,2008|2009,5e67bfee2ac8ecdeeb55d9037a223885c1a73a000ef2ed38416b90ee31d2ebe1,2010-07-11,2010-08-09,30,17.433811694444444,,2,2008|2009,observation_time_proxy,historical data_available_time is unknown; observation_time is a pseudo-operational proxy
2010-08-10T00:00:00+00:00,2010-08-09,windermere,south,water_temperature,2.0,degC,month_2,2010-09-09,2010-10-08,,,,full_anomaly_persistence,1.0,1.0,False,False,2,2008|2009,325e5e6e357c0b5bab71530aece0ebc6c11a1fb3ea91971d8aac6ceed1945f5f,2010-07-11,2010-08-09,30,17.433811694444444,,2,2008|2009,observation_time_proxy,historical data_available_time is unknown; observation_time is a pseudo-operational proxy
2010-08-10T00:00:00+00:00,2010-08-09,windermere,south,water_temperature,2.0,degC,month_3,2010-10-09,2010-11-07,,,,full_anomaly_persistence,1.0,1.0,False,False,2,2008|2009,27b892e9724a10477b2dc2a1d6e519eda2188ecba87f4013e3c6947cdc17cbcb,2010-07-11,2010-08-09,30,17.433811694444444,,2,2008|2009,observation_time_proxy,historical data_available_time is unknown; observation_time is a pseudo-operational proxy
2010-08-17T00:00:00+00:00,2010-08-16,windermere,south,water_temperature,2.0,degC,month_1,2010-08-17,2010-09-15,,,,full_anomaly_persistence,1.0,1.0,False,False,2,2008|2009,280a53a516faeb3cd09f43e7f416a18dc2c2c1fa1c7591b424c763b41a17b012,2010-07-18,2010-08-16,30,17.4057675,,2,2008|2009,observation_time_proxy,historical data_available_time is unknown; observation_time is a pseudo-operational proxy
2010-08-17T00:00:00+00:00,2010-08-16,windermere,south,water_temperature,2.0,degC,month_2,2010-09-16,2010-10-15,,,,full_anomaly_persistence,1.0,1.0,False,False,2,2008|2009,1ef66b98c54b254f829c68042c15e7ba52bf34b502f035c022ce94ee0fb7eb4a,2010-07-18,2010-08-16,30,17.4057675,,2,2008|2009,observation_time_proxy,historical data_available_time is unknown; observation_time is a pseudo-operational proxy
2010-08-17T00:00:00+00:00,2010-08-16,windermere,south,water_temperature,2.0,degC,month_3,2010-10-16,2010-11-14,,,,full_anomaly_persistence,1.0,1.0,False,False,2,2008|2009,bc6233a812dcccc804605c4adbefd8192b732066fb31d5637080476494cf080b,2010-07-18,2010-08-16,30,17.4057675,,2,2008|2009,observation_time_proxy,historical data_available_time is unknown; observation_time is a pseudo-operational proxy
2010-08-24T00:00:00+00:00,2010-08-23,windermere,south,water_temperature,2.0,degC,month_1,2010-08-24,2010-09-22,,,,full_anomaly_persistence,1.0,1.0,False,False,2,2008|2009,929db664d3423af3393ebe6ed04dced0560b14ba0abd42f9bf1d856302e60bd3,2010-07-25,2010-08-23,30,17.62130938888889,,2,2008|2009,observation_time_proxy,historical data_available_time is unknown; observation_time is a pseudo-operational proxy
2010-08-24T00:00:00+00:00,2010-08-23,windermere,south,water_temperature,2.0,degC,month_2,2010-09-23,2010-10-22,,,,full_anomaly_persistence,1.0,1.0,False,False,2,2008|2009,eaaef1b39dd654b23e22a32cb72352be6c80af9403a3311908fcc77b1dcc2222,2010-07-25,2010-08-23,30,17.62130938888889,,2,2008|2009,observation_time_proxy,historical data_available_time is unknown; observation_time is a pseudo-operational proxy
2010-08-24T00:00:00+00:00,2010-08-23,windermere,south,water_temperature,2.0,degC,month_3,2010-10-23,2010-11-21,,,,full_anomaly_persistence,1.0,1.0,False,False,2,2008|2009,4562908ee2354031e1988f31e0b1b628b081de974957f3060014952050db45a8,2010-07-25,2010-08-23,30,17.62130938888889,,2,2008|2009,observation_time_proxy,historical data_available_time is unknown; observation_time is a pseudo-operational proxy
2010-08-31T00:00:00+00:00,2010-08-30,windermere,south,water_temperature,2.0,degC,month_1,2010-08-31,2010-09-29,,,,full_anomaly_persistence,1.0,1.0,False,False,2,2008|2009,6d2af47acb31daa917325783829d04317e6f8c5497bfce558a35d5422f36057d,2010-08-01,2010-08-30,30,17.599164333333334,,2,2008|2009,observation_time_proxy,historical data_available_time is unknown; observation_time is a pseudo-operational proxy
2010-08-31T00:00:00+00:00,2010-08-30,windermere,south,water_temperature,2.0,degC,month_2,2010-09-30,2010-10-29,,,,full_anomaly_persistence,1.0,1.0,False,False,2,2008|2009,b395822b19091901309ab94e409f34fc296cd279d3f75427c73f3be451285ae3,2010-08-01,2010-08-30,30,17.599164333333334,,2,2008|2009,observation_time_proxy,historical data_available_time is unknown; observation_time is a pseudo-operational proxy
2010-08-31T00:00:00+00:00,2010-08-30,windermere,south,water_temperature,2.0,degC,month_3,2010-10-30,2010-11-28,,,,full_anomaly_persistence,1.0,1.0,False,False,2,2008|2009,aa80a06458146a60e3a802e62c9f6b23848dac4dced8ab9612d2b671e7863a69,2010-08-01,2010-08-30,30,17.599164333333334,,2,2008|2009,observation_time_proxy,historical data_available_time is unknown; observation_time is a pseudo-operational proxy
2010-09-07T00:00:00+00:00,2010-09-06,windermere,south,water_temperature,2.0,degC,month_1,2010-09-07,2010-10-06,,,,full_anomaly_persistence,1.0,1.0,False,False,2,2008|2009,ac9f415347332b4604414781859444a7a18dff1088fe4ae3993decae7bc3fbc4,2010-08-08,2010-09-06,30,17.586105027777776,,2,2008|2009,observation_time_proxy,historical data_available_time is unknown; observation_time is a pseudo-operational proxy
2010-09-07T00:00:00+00:00,2010-09-06,windermere,south,water_temperature,2.0,degC,month_2,2010-10-07,2010-11-05,,,,full_anomaly_persistence,1.0,1.0,False,False,2,2008|2009,c0d754bfea98a72975d875aaae60f0262d28943361388003bcab9094800f2edf,2010-08-08,2010-09-06,30,17.586105027777776,,2,2008|2009,observation_time_proxy,historical data_available_time is unknown; observation_time is a pseudo-operational proxy
2010-09-07T00:00:00+00:00,2010-09-06,windermere,south,water_temperature,2.0,degC,month_3,2010-11-06,2010-12-05,,,,full_anomaly_persistence,1.0,1.0,False,False,2,2008|2009,b09230c478c306a4cc7a3d78a99f83d9efdc67d38dae033e07337d8344fd3de7,2010-08-08,2010-09-06,30,17.586105027777776,,2,2008|2009,observation_time_proxy,historical data_available_time is unknown; observation_time is a pseudo-operational proxy
2010-09-14T00:00:00+00:00,2010-09-13,windermere,south,water_temperature,2.0,degC,month_1,2010-09-14,2010-10-13,,,,full_anomaly_persistence,1.0,1.0,False,False,2,2008|2009,5fc184af1fbc1210d4a840da80b293f9c8c648667517ea43becf83b447bca9e5,2010-08-15,2010-09-13,30,17.504420444444445,,2,2008|2009,observation_time_proxy,historical data_available_time is unknown; observation_time is a pseudo-operational proxy
2010-09-14T00:00:00+00:00,2010-09-13,windermere,south,water_temperature,2.0,degC,month_2,2010-10-14,2010-11-12,,,,full_anomaly_persistence,1.0,1.0,False,False,2,2008|2009,eb9856ad46217945aaf34ecc3e96c47682a0618ae619f5ad6b0772cb9d2f6f41,2010-08-15,2010-09-13,30,17.504420444444445,,2,2008|2009,observation_time_proxy,historical data_available_time is unknown; observation_time is a pseudo-operational proxy
2010-09-14T00:00:00+00:00,2010-09-13,windermere,south,water_temperature,2.0,degC,month_3,2010-11-13,2010-12-12,,,,full_anomaly_persistence,1.0,1.0,False,False,2,2008|2009,613e7a02254a00bf5685c74e847d093d9e9bd82a9e4f107ab1133a4187fbbb3e,2010-08-15,2010-09-13,30,17.504420444444445,,2,2008|2009,observation_time_proxy,historical data_available_time is unknown; observation_time is a pseudo-operational proxy
2010-09-21T00:00:00+00:00,2010-09-20,windermere,south,water_temperature,2.0,degC,month_1,2010-09-21,2010-10-20,,,,full_anomaly_persistence,1.0,1.0,False,False,2,2008|2009,e03422872ff36c0c6824c01de17f6b295d42dbddb5b324e360aa81c03f433d99,2010-08-22,2010-09-20,30,17.14181922222222,,2,2008|2009,observation_time_proxy,historical data_available_time is unknown; observation_time is a pseudo-operational proxy
2010-09-21T00:00:00+00:00,2010-09-20,windermere,south,water_temperature,2.0,degC,month_2,2010-10-21,2010-11-19,,,,full_anomaly_persistence,1.0,1.0,False,False,2,2008|2009,47bcf5761f9add794dbdc686c7641d8a626c382457d4e9f3f9ae403d66068bbd,2010-08-22,2010-09-20,30,17.14181922222222,,2,2008|2009,observation_time_proxy,historical data_available_time is unknown; observation_time is a pseudo-operational proxy
2010-09-21T00:00:00+00:00,2010-09-20,windermere,south,water_temperature,2.0,degC,month_3,2010-11-20,2010-12-19,,,,full_anomaly_persistence,1.0,1.0,False,False,2,2008|2009,f0ee74c2c762af0c288c01a805061412afcf6af5192329ab058b138b96d5ce32,2010-08-22,2010-09-20,30,17.14181922222222,,2,2008|2009,observation_time_proxy,historical data_available_time is unknown; observation_time is a pseudo-operational proxy
2010-09-28T00:00:00+00:00,2010-09-27,windermere,south,water_temperature,2.0,degC,month_1,2010-09-28,2010-10-27,,,,full_anomaly_persistence,1.0,1.0,False,False,2,2008|2009,61dff279967304d6a3790b6eb05b09391b32049f5d8324b48569e61759b2946c,2010-08-29,2010-09-27,30,16.65218940277778,,2,2008|2009,observation_time_proxy,historical data_available_time is unknown; observation_time is a pseudo-operational proxy
2010-09-28T00:00:00+00:00,2010-09-27,windermere,south,water_temperature,2.0,degC,month_2,2010-10-28,2010-11-26,,,,full_anomaly_persistence,1.0,1.0,False,False,2,2008|2009,84232d8eb6ae3aaf80f40df5d555827db3682fd1363cb10c06b97346731f5010,2010-08-29,2010-09-27,30,16.65218940277778,,2,2008|2009,observation_time_proxy,historical data_available_time is unknown; observation_time is a pseudo-operational proxy
2010-09-28T00:00:00+00:00,2010-09-27,windermere,south,water_temperature,2.0,degC,month_3,2010-11-27,2010-12-26,,,,full_anomaly_persistence,1.0,1.0,False,False,2,2008|2009,907564f69cac35873a4dd5fcc882daaf6a1607bbf83be45f53387d7127676715,2010-08-29,2010-09-27,30,16.65218940277778,,2,2008|2009,observation_time_proxy,historical data_available_time is unknown; observation_time is a pseudo-operational proxy
2010-10-05T00:00:00+00:00,2010-10-04,windermere,south,water_temperature,2.0,degC,month_1,2010-10-05,2010-11-03,,,,full_anomaly_persistence,1.0,1.0,False,False,2,2008|2009,eecf095ed87844d579cdcd0c14c9612787d7d2e5e3e3e1177c7c593c5c62cde3,2010-09-05,2010-10-04,30,15.968811236111112,,2,2008|2009,observation_time_proxy,historical data_available_time is unknown; observation_time is a pseudo-operational proxy
2010-10-05T00:00:00+00:00,2010-10-04,windermere,south,water_temperature,2.0,degC,month_2,2010-11-04,2010-12-03,,,,full_anomaly_persistence,1.0,1.0,False,False,2,2008|2009,5b215d79a1df35530adcb9019e3e8b26f1663d6d7cbdd368460e684f3ef8901e,2010-09-05,2010-10-04,30,15.968811236111112,,2,2008|2009,observation_time_proxy,historical data_available_time is unknown; observation_time is a pseudo-operational proxy
2010-10-05T00:00:00+00:00,2010-10-04,windermere,south,water_temperature,2.0,degC,month_3,2010-12-04,2011-01-02,,,,full_anomaly_persistence,1.0,1.0,False,False,2,2008|2009,07f36605c451af1f9ca87bf13a5482ff5d428e084f141e3d632e12c62ca8ce22,2010-09-05,2010-10-04,30,15.968811236111112,,2,2008|2009,observation_time_proxy,historical data_available_time is unknown; observation_time is a pseudo-operational proxy
2010-10-12T00:00:00+00:00,2010-10-11,windermere,south,water_temperature,2.0,degC,month_1,2010-10-12,2010-11-10,,,,full_anomaly_persistence,1.0,1.0,False,False,2,2008|2009,5d31824a98532f333e9d0bf024c1bcb94e131ee4422075e25e5ab8c9a31421df,2010-09-12,2010-10-11,30,15.180039722222222,,2,2008|2009,observation_time_proxy,historical data_available_time is unknown; observation_time is a pseudo-operational proxy
2010-10-12T00:00:00+00:00,2010-10-11,windermere,south,water_temperature,2.0,degC,month_2,2010-11-11,2010-12-10,,,,full_anomaly_persistence,1.0,1.0,False,False,2,2008|2009,434eb1eb276954ae9932ff9e92b8737f803dfa84a19c200b1a6db0b2cc9a6fb4,2010-09-12,2010-10-11,30,15.180039722222222,,2,2008|2009,observation_time_proxy,historical data_available_time is unknown; observation_time is a pseudo-operational proxy
2010-10-12T00:00:00+00:00,2010-10-11,windermere,south,water_temperature,2.0,degC,month_3,2010-12-11,2011-01-09,,,,full_anomaly_persistence,1.0,1.0,False,False,1,2008,abdf9e49c1c96cf394c2331e719a1b986c0fde23813bcc0cbe078d41676e93aa,2010-09-12,2010-10-11,30,15.180039722222222,,2,2008|2009,observation_time_proxy,historical data_available_time is unknown; observation_time is a pseudo-operational proxy
2010-10-19T00:00:00+00:00,2010-10-18,windermere,south,water_temperature,2.0,degC,month_1,2010-10-19,2010-11-17,,,,full_anomaly_persistence,1.0,1.0,False,False,2,2008|2009,565c83fad3d6231dae8634e8a2a917e7d3b1f5dc6bf9c4eff5541e734991fa1a,2010-09-19,2010-10-18,30,14.443794402777778,,2,2008|2009,observation_time_proxy,historical data_available_time is unknown; observation_time is a pseudo-operational proxy
2010-10-19T00:00:00+00:00,2010-10-18,windermere,south,water_temperature,2.0,degC,month_2,2010-11-18,2010-12-17,,,,full_anomaly_persistence,1.0,1.0,False,False,2,2008|2009,f039ea96478186fb36cfe963a18d49e03e916e04d479a2c18cb0599bdd97feef,2010-09-19,2010-10-18,30,14.443794402777778,,2,2008|2009,observation_time_proxy,historical data_available_time is unknown; observation_time is a pseudo-operational proxy
2010-10-19T00:00:00+00:00,2010-10-18,windermere,south,water_temperature,2.0,degC,month_3,2010-12-18,2011-01-16,,,,full_anomaly_persistence,1.0,1.0,False,False,1,2008,1cea9725b44d6c61e89742c3d5cde6b966aafc66890e4d68962cc9df86aa3158,2010-09-19,2010-10-18,30,14.443794402777778,,2,2008|2009,observation_time_proxy,historical data_available_time is unknown; observation_time is a pseudo-operational proxy
2010-10-26T00:00:00+00:00,2010-10-25,windermere,south,water_temperature,2.0,degC,month_1,2010-10-26,2010-11-24,,,,full_anomaly_persistence,1.0,1.0,False,False,2,2008|2009,230a9421998a8627a79d785769d222120867a508a759bfdc7de54725c1245ba4,2010-09-26,2010-10-25,30,13.649938236111112,,2,2008|2009,observation_time_proxy,historical data_available_time is unknown; observation_time is a pseudo-operational proxy
2010-10-26T00:00:00+00:00,2010-10-25,windermere,south,water_temperature,2.0,degC,month_2,2010-11-25,2010-12-24,,,,full_anomaly_persistence,1.0,1.0,False,False,2,2008|2009,a8f794a9920d50c7c501bc1896bad86661ee918f43a5705bcc189da9de9c1eea,2010-09-26,2010-10-25,30,13.649938236111112,,2,2008|2009,observation_time_proxy,historical data_available_time is unknown; observation_time is a pseudo-operational proxy
2010-10-26T00:00:00+00:00,2010-10-25,windermere,south,water_temperature,2.0,degC,month_3,2010-12-25,2011-01-23,,,,full_anomaly_persistence,1.0,1.0,False,False,1,2008,315452ea451cce498e42f30b7a3794f84bdf98f418b158037d43d182cf6ca353,2010-09-26,2010-10-25,30,13.649938236111112,,2,2008|2009,observation_time_proxy,historical data_available_time is unknown; observation_time is a pseudo-operational proxy
2010-11-02T00:00:00+00:00,2010-11-01,windermere,south,water_temperature,2.0,degC,month_1,2010-11-02,2010-12-01,,,,full_anomaly_persistence,1.0,1.0,False,False,2,2008|2009,c23394db08d8cbecedf4466b6c27a13e9686d3cb38249260d2d78ec66091635a,2010-10-03,2010-11-01,30,12.860060402777778,,2,2008|2009,observation_time_proxy,historical data_available_time is unknown; observation_time is a pseudo-operational proxy
2010-11-02T00:00:00+00:00,2010-11-01,windermere,south,water_temperature,2.0,degC,month_2,2010-12-02,2010-12-31,,,,full_anomaly_persistence,1.0,1.0,False,False,2,2008|2009,8bf924317ea3bd67d703e9d79da7ac1e9d133ecb96e7ee9e4f8658f2f157b7ef,2010-10-03,2010-11-01,30,12.860060402777778,,2,2008|2009,observation_time_proxy,historical data_available_time is unknown; observation_time is a pseudo-operational proxy
2010-11-02T00:00:00+00:00,2010-11-01,windermere,south,water_temperature,2.0,degC,month_3,2011-01-01,2011-01-30,,,,full_anomaly_persistence,1.0,1.0,False,False,2,2008|2009,4096420d95d6974e6b1dab6d68f8dc27303bd1345c3f61999f3fde5c4164a531,2010-10-03,2010-11-01,30,12.860060402777778,,2,2008|2009,observation_time_proxy,historical data_available_time is unknown; observation_time is a pseudo-operational proxy
2010-11-09T00:00:00+00:00,2010-11-08,windermere,south,water_temperature,2.0,degC,month_1,2010-11-09,2010-12-08,,,,full_anomaly_persistence,1.0,1.0,False,False,2,2008|2009,6a059531e1af032c23204e4cbec823d011a7dd379bf9d56ac14b9e22478346cb,2010-10-10,2010-11-08,30,12.068050972222222,,2,2008|2009,observation_time_proxy,historical data_available_time is unknown; observation_time is a pseudo-operational proxy
2010-11-09T00:00:00+00:00,2010-11-08,windermere,south,water_temperature,2.0,degC,month_2,2010-12-09,2011-01-07,,,,full_anomaly_persistence,1.0,1.0,False,False,1,2008,b5e13e538402bed74d303121c39b79b4a1eb3508967dab22e6837c274428ed77,2010-10-10,2010-11-08,30,12.068050972222222,,2,2008|2009,observation_time_proxy,historical data_available_time is unknown; observation_time is a pseudo-operational proxy
2010-11-09T00:00:00+00:00,2010-11-08,windermere,south,water_temperature,2.0,degC,month_3,2011-01-08,2011-02-06,,,,full_anomaly_persistence,1.0,1.0,False,False,2,2008|2009,71d37810b442a293e9f0324cff09ca0b7c33d01d0f07b8edf9f5c181cf7031a4,2010-10-10,2010-11-08,30,12.068050972222222,,2,2008|2009,observation_time_proxy,historical data_available_time is unknown; observation_time is a pseudo-operational proxy
2010-11-16T00:00:00+00:00,2010-11-15,windermere,south,water_temperature,2.0,degC,month_1,2010-11-16,2010-12-15,,,,full_anomaly_persistence,1.0,1.0,False,False,2,2008|2009,869aaabbc8385fcebd25deaab17031db7375060b24dc48cfd707ae087dc8f3a4,2010-10-17,2010-11-15,30,11.120620859722223,,2,2008|2009,observation_time_proxy,historical data_available_time is unknown; observation_time is a pseudo-operational proxy
2010-11-16T00:00:00+00:00,2010-11-15,windermere,south,water_temperature,2.0,degC,month_2,2010-12-16,2011-01-14,,,,full_anomaly_persistence,1.0,1.0,False,False,1,2008,c03d295dea4da88e7fa701600654c383c72fb3ca68607362243d5227aea33870,2010-10-17,2010-11-15,30,11.120620859722223,,2,2008|2009,observation_time_proxy,historical data_available_time is unknown; observation_time is a pseudo-operational proxy
2010-11-16T00:00:00+00:00,2010-11-15,windermere,south,water_temperature,2.0,degC,month_3,2011-01-15,2011-02-13,,,,full_anomaly_persistence,1.0,1.0,False,False,2,2008|2009,6cf0bfbeb5b072cb626393a04b5db90ab2c5c1cf553b512594b00551a2ee83bf,2010-10-17,2010-11-15,30,11.120620859722223,,2,2008|2009,observation_time_proxy,historical data_available_time is unknown; observation_time is a pseudo-operational proxy
2010-11-23T00:00:00+00:00,2010-11-22,windermere,south,water_temperature,2.0,degC,month_1,2010-11-23,2010-12-22,,,,full_anomaly_persistence,1.0,1.0,False,False,2,2008|2009,3790ce9a54f6bab93b0f09712f05105bb69384edd6c53843a15d2e18564817de,2010-10-24,2010-11-22,30,10.215400536111112,,2,2008|2009,observation_time_proxy,historical data_available_time is unknown; observation_time is a pseudo-operational proxy
2010-11-23T00:00:00+00:00,2010-11-22,windermere,south,water_temperature,2.0,degC,month_2,2010-12-23,2011-01-21,,,,full_anomaly_persistence,1.0,1.0,False,False,1,2008,7612241c5370fad9ad98c35f330d90d93ba251e4d67ec8177cd23f600aaca623,2010-10-24,2010-11-22,30,10.215400536111112,,2,2008|2009,observation_time_proxy,historical data_available_time is unknown; observation_time is a pseudo-operational proxy
2010-11-23T00:00:00+00:00,2010-11-22,windermere,south,water_temperature,2.0,degC,month_3,2011-01-22,2011-02-20,,,,full_anomaly_persistence,1.0,1.0,False,False,2,2008|2009,c629521ffcd1b43e732457a3359e9d276c6b73f7fd03b90651d79e462e7458e3,2010-10-24,2010-11-22,30,10.215400536111112,,2,2008|2009,observation_time_proxy,historical data_available_time is unknown; observation_time is a pseudo-operational proxy
2010-11-30T00:00:00+00:00,2010-11-29,windermere,south,water_temperature,2.0,degC,month_1,2010-11-30,2010-12-29,,,,full_anomaly_persistence,1.0,1.0,False,False,2,2008|2009,ad0633b426b2a2d59c44340d2a5a054c05d2fba5063e576d81fee7e1e569ac1e,2010-10-31,2010-11-29,30,9.412558056944444,,2,2008|2009,observation_time_proxy,historical data_available_time is unknown; observation_time is a pseudo-operational proxy
2010-11-30T00:00:00+00:00,2010-11-29,windermere,south,water_temperature,2.0,degC,month_2,2010-12-30,2011-01-28,,,,full_anomaly_persistence,1.0,1.0,False,False,1,2008,e418441e815a6813a02c60f70359fd569553a8f1e5127799fde7e5ab9af9a549,2010-10-31,2010-11-29,30,9.412558056944444,,2,2008|2009,observation_time_proxy,historical data_available_time is unknown; observation_time is a pseudo-operational proxy
2010-11-30T00:00:00+00:00,2010-11-29,windermere,south,water_temperature,2.0,degC,month_3,2011-01-29,2011-02-27,,,,full_anomaly_persistence,1.0,1.0,False,False,2,2008|2009,e053dc070965d8ab88ed97e56cf3e6e8fad95a9007f77b1d653a1dee738daf56,2010-10-31,2010-11-29,30,9.412558056944444,,2,2008|2009,observation_time_proxy,historical data_available_time is unknown; observation_time is a pseudo-operational proxy
2010-12-07T00:00:00+00:00,2010-12-06,windermere,south,water_temperature,2.0,degC,month_1,2010-12-07,2011-01-05,,,,full_anomaly_persistence,1.0,1.0,False,False,1,2008,460dfc128c2a724ef259fd75ea63adf300f920f7e99dcdc3450a9b11d1d4c07a,2010-11-07,2010-12-06,30,8.455891831944445,,2,2008|2009,observation_time_proxy,historical data_available_time is unknown; observation_time is a pseudo-operational proxy
2010-12-07T00:00:00+00:00,2010-12-06,windermere,south,water_temperature,2.0,degC,month_2,2011-01-06,2011-02-04,,,,full_anomaly_persistence,1.0,1.0,False,False,2,2008|2009,4b1eaae422b0e9de2d0039023d54c074d77591dfcb0e8d642aa0ac2942f5ce05,2010-11-07,2010-12-06,30,8.455891831944445,,2,2008|2009,observation_time_proxy,historical data_available_time is unknown; observation_time is a pseudo-operational proxy
2010-12-07T00:00:00+00:00,2010-12-06,windermere,south,water_temperature,2.0,degC,month_3,2011-02-05,2011-03-06,,,,full_anomaly_persistence,1.0,1.0,False,False,2,2008|2009,cc3e1b4eaa699a4c4a313d2e35997ff8ee301d63d146bd8359768dae7e101b3b,2010-11-07,2010-12-06,30,8.455891831944445,,2,2008|2009,observation_time_proxy,historical data_available_time is unknown; observation_time is a pseudo-operational proxy
2010-12-14T00:00:00+00:00,2010-12-13,windermere,south,water_temperature,2.0,degC,month_1,2010-12-14,2011-01-12,,,,full_anomaly_persistence,1.0,1.0,False,False,1,2008,cc50be9f33f6fae6c5c947e49262c3972c7d13dae974a52334e49cad712d4ccb,2010-11-14,2010-12-13,30,7.508706979166667,,2,2008|2009,observation_time_proxy,historical data_available_time is unknown; observation_time is a pseudo-operational proxy
2010-12-14T00:00:00+00:00,2010-12-13,windermere,south,water_temperature,2.0,degC,month_2,2011-01-13,2011-02-11,,,,full_anomaly_persistence,1.0,1.0,False,False,2,2008|2009,773dfd1adaaba4c94b8b967ea380cd57395d28c1b093c6d8385a7bbf757154d0,2010-11-14,2010-12-13,30,7.508706979166667,,2,2008|2009,observation_time_proxy,historical data_available_time is unknown; observation_time is a pseudo-operational proxy
2010-12-14T00:00:00+00:00,2010-12-13,windermere,south,water_temperature,2.0,degC,month_3,2011-02-12,2011-03-13,,,,full_anomaly_persistence,1.0,1.0,False,False,2,2008|2009,ed9a7c158e18896d91601a168cb47a96b4ced2d585baec5dd7a69fb5053df55a,2010-11-14,2010-12-13,30,7.508706979166667,,2,2008|2009,observation_time_proxy,historical data_available_time is unknown; observation_time is a pseudo-operational proxy
2010-12-21T00:00:00+00:00,2010-12-20,windermere,south,water_temperature,2.0,degC,month_1,2010-12-21,2011-01-19,,,,full_anomaly_persistence,1.0,1.0,False,False,1,2008,d66982583e040b4f6b6c286c89b34728fa93b827410c06b8339d9bee909b4491,2010-11-21,2010-12-20,30,6.661519269444445,,2,2008|2009,observation_time_proxy,historical data_available_time is unknown; observation_time is a pseudo-operational proxy
2010-12-21T00:00:00+00:00,2010-12-20,windermere,south,water_temperature,2.0,degC,month_2,2011-01-20,2011-02-18,,,,full_anomaly_persistence,1.0,1.0,False,False,2,2008|2009,d30d25c288640c2e11a3c7bea279eea38f7af0055c4c0130c1ad3023a0dfd5e5,2010-11-21,2010-12-20,30,6.661519269444445,,2,2008|2009,observation_time_proxy,historical data_available_time is unknown; observation_time is a pseudo-operational proxy
2010-12-21T00:00:00+00:00,2010-12-20,windermere,south,water_temperature,2.0,degC,month_3,2011-02-19,2011-03-20,,,,full_anomaly_persistence,1.0,1.0,False,False,2,2008|2009,dc24a010ba23bc15d5e8467e9ebf608a83f5e44fa4e57cad3de5eea14680b8f4,2010-11-21,2010-12-20,30,6.661519269444445,,2,2008|2009,observation_time_proxy,historical data_available_time is unknown; observation_time is a pseudo-operational proxy
2010-12-28T00:00:00+00:00,2010-12-27,windermere,south,water_temperature,2.0,degC,month_1,2010-12-28,2011-01-26,,,,full_anomaly_persistence,1.0,1.0,False,False,1,2008,7b82b8ce5c3e2d70f6b860f8316c064d55eb6a744c0d9dd87f6ae206544b793b,2010-11-28,2010-12-27,30,5.796285616666666,,2,2008|2009,observation_time_proxy,historical data_available_time is unknown; observation_time is a pseudo-operational proxy
2010-12-28T00:00:00+00:00,2010-12-27,windermere,south,water_temperature,2.0,degC,month_2,2011-01-27,2011-02-25,,,,full_anomaly_persistence,1.0,1.0,False,False,2,2008|2009,3d8aa724f630d85be6433b93942bfd21f3fdacf5994cc154afde4aa8f9933368,2010-11-28,2010-12-27,30,5.796285616666666,,2,2008|2009,observation_time_proxy,historical data_available_time is unknown; observation_time is a pseudo-operational proxy
2010-12-28T00:00:00+00:00,2010-12-27,windermere,south,water_temperature,2.0,degC,month_3,2011-02-26,2011-03-27,,,,full_anomaly_persistence,1.0,1.0,False,False,2,2008|2009,dc0596db76ff1791bc0f6a68db9d8464ab0cd1b492621c9ed01aca619a19b441,2010-11-28,2010-12-27,30,5.796285616666666,,2,2008|2009,observation_time_proxy,historical data_available_time is unknown; observation_time is a pseudo-operational proxy
2011-01-04T00:00:00+00:00,2011-01-03,windermere,south,water_temperature,2.0,degC,month_1,2011-01-04,2011-02-02,3.819143889441314,4.784244548148148,-0.9651006587068345,full_anomaly_persistence,1.0,1.0,False,True,3,2008|2009|2010,668fdeea83528974d4ebdc7100760a563cb4c34dcc29bde9716ba7cc1074d46c,2010-12-05,2011-01-03,30,5.074716790277778,6.039817448984612,3,2008|2009|2010,observation_time_proxy,historical data_available_time is unknown; observation_time is a pseudo-operational proxy
2011-01-04T00:00:00+00:00,2011-01-03,windermere,south,water_temperature,2.0,degC,month_2,2011-02-03,2011-03-04,3.2584218875894617,4.223522546296296,-0.9651006587068345,full_anomaly_persistence,1.0,1.0,False,True,3,2008|2009|2010,e518166ace248503163521e96051d15cd113551573dc0d4836a67dae150d3c34,2010-12-05,2011-01-03,30,5.074716790277778,6.039817448984612,3,2008|2009|2010,observation_time_proxy,historical data_available_time is unknown; observation_time is a pseudo-operational proxy
2011-01-04T00:00:00+00:00,2011-01-03,windermere,south,water_temperature,2.0,degC,month_3,2011-03-05,2011-04-03,4.1301993412931655,5.0953,-0.9651006587068345,full_anomaly_persistence,1.0,1.0,False,True,3,2008|2009|2010,9aaf1b6f752ca65ac01a61a58f7d895a8db16c092076b21cd28405f9c33d0b82,2010-12-05,2011-01-03,30,5.074716790277778,6.039817448984612,3,2008|2009|2010,observation_time_proxy,historical data_available_time is unknown; observation_time is a pseudo-operational proxy
2011-01-11T00:00:00+00:00,2011-01-10,windermere,south,water_temperature,2.0,degC,month_1,2011-01-11,2011-02-09,,4.596859490740741,,full_anomaly_persistence,1.0,1.0,False,False,3,2008|2009|2010,baba712e744d7ab4941b3604f019c6eecf5c4ebfc93ecacc715d97d11c0d061f,2010-12-12,2011-01-10,30,4.529754998611111,,2,2008|2009,observation_time_proxy,historical data_available_time is unknown; observation_time is a pseudo-operational proxy
2011-01-11T00:00:00+00:00,2011-01-10,windermere,south,water_temperature,2.0,degC,month_2,2011-02-10,2011-03-11,,4.241603148148148,,full_anomaly_persistence,1.0,1.0,False,False,3,2008|2009|2010,74d4024e77f6c73fc20cc88c19ea615facd146cee665dc6fbf6cc44ecf8b0ea5,2010-12-12,2011-01-10,30,4.529754998611111,,2,2008|2009,observation_time_proxy,historical data_available_time is unknown; observation_time is a pseudo-operational proxy
2011-01-11T00:00:00+00:00,2011-01-10,windermere,south,water_temperature,2.0,degC,month_3,2011-03-12,2011-04-10,,5.551173148148148,,full_anomaly_persistence,1.0,1.0,False,False,3,2008|2009|2010,d0f198be3b37de86536b708b4397b9baa205aead650536204c308c00427fc718,2010-12-12,2011-01-10,30,4.529754998611111,,2,2008|2009,observation_time_proxy,historical data_available_time is unknown; observation_time is a pseudo-operational proxy
2011-01-18T00:00:00+00:00,2011-01-17,windermere,south,water_temperature,2.0,degC,month_1,2011-01-18,2011-02-16,,4.4685610185185185,,full_anomaly_persistence,1.0,1.0,False,False,3,2008|2009|2010,e3ff9bd35d58b47c2abaa2833f39f0feb00247a9ac0e74bb17496ddf8fb1e4aa,2010-12-19,2011-01-17,30,4.130972634722222,,2,2008|2009,observation_time_proxy,historical data_available_time is unknown; observation_time is a pseudo-operational proxy
2011-01-18T00:00:00+00:00,2011-01-17,windermere,south,water_temperature,2.0,degC,month_2,2011-02-17,2011-03-18,,4.375756064814815,,full_anomaly_persistence,1.0,1.0,False,False,3,2008|2009|2010,d4f03a437200add0933950fa13f466fff79b4781f29778ee8dcd0d9ad1e34215,2010-12-19,2011-01-17,30,4.130972634722222,,2,2008|2009,observation_time_proxy,historical data_available_time is unknown; observation_time is a pseudo-operational proxy
2011-01-18T00:00:00+00:00,2011-01-17,windermere,south,water_temperature,2.0,degC,month_3,2011-03-19,2011-04-17,,6.200062685185185,,full_anomaly_persistence,1.0,1.0,False,False,3,2008|2009|2010,118552c6f1339f0bcac4d1546bbda7750e9ff96647b04293b10694a46bbd1621,2010-12-19,2011-01-17,30,4.130972634722222,,2,2008|2009,observation_time_proxy,historical data_available_time is unknown; observation_time is a pseudo-operational proxy
2011-01-25T00:00:00+00:00,2011-01-24,windermere,south,water_temperature,2.0,degC,month_1,2011-01-25,2011-02-23,,4.33534375,,full_anomaly_persistence,1.0,1.0,False,False,3,2008|2009|2010,2a0181c49a25ec7f922b57a4c384340bc75e23720df594b2a19553dda94ef671,2010-12-26,2011-01-24,30,3.880333933333333,,2,2008|2009,observation_time_proxy,historical data_available_time is unknown; observation_time is a pseudo-operational proxy
2011-01-25T00:00:00+00:00,2011-01-24,windermere,south,water_temperature,2.0,degC,month_2,2011-02-24,2011-03-25,,4.661362361111111,,full_anomaly_persistence,1.0,1.0,False,False,3,2008|2009|2010,3318644d506090f4d39e9bccb37bfec8e9312bfc38c604014d20f10f42af254e,2010-12-26,2011-01-24,30,3.880333933333333,,2,2008|2009,observation_time_proxy,historical data_available_time is unknown; observation_time is a pseudo-operational proxy
2011-01-25T00:00:00+00:00,2011-01-24,windermere,south,water_temperature,2.0,degC,month_3,2011-03-26,2011-04-24,,,,full_anomaly_persistence,1.0,1.0,False,False,2,2008|2009,07284c064b4e3f15ee18dbbe547b4429c0b26d65ed9851ffefeca4eca39b398f,2010-12-26,2011-01-24,30,3.880333933333333,,2,2008|2009,observation_time_proxy,historical data_available_time is unknown; observation_time is a pseudo-operational proxy
2011-02-01T00:00:00+00:00,2011-01-31,windermere,south,water_temperature,2.0,degC,month_1,2011-02-01,2011-03-02,3.174138958333333,4.235452268518518,-1.0613133101851853,full_anomaly_persistence,1.0,1.0,False,True,3,2008|2009|2010,564cac7d7fd35b41253ee843636bcd94c432e49dadf20d21f47a4606f7b6bcfe,2011-01-02,2011-01-31,30,3.794302441666667,4.855615751851852,3,2008|2009|2010,observation_time_proxy,historical data_available_time is unknown; observation_time is a pseudo-operational proxy
2011-02-01T00:00:00+00:00,2011-01-31,windermere,south,water_temperature,2.0,degC,month_2,2011-03-03,2011-04-01,3.9082650231481484,4.969578333333334,-1.0613133101851853,full_anomaly_persistence,1.0,1.0,False,True,3,2008|2009|2010,eb0357aaa785ade313ec88b00f241c19e3752441c7c65f1137c9238cdbd88ddb,2011-01-02,2011-01-31,30,3.794302441666667,4.855615751851852,3,2008|2009|2010,observation_time_proxy,historical data_available_time is unknown; observation_time is a pseudo-operational proxy
2011-02-01T00:00:00+00:00,2011-01-31,windermere,south,water_temperature,2.0,degC,month_3,2011-04-02,2011-05-01,,,-1.0613133101851853,full_anomaly_persistence,1.0,1.0,False,False,2,2008|2009,108437d7d69dfb85c437e074eb21c37c131ccd07cbec632d998cd5c7ff68baaa,2011-01-02,2011-01-31,30,3.794302441666667,4.855615751851852,3,2008|2009|2010,observation_time_proxy,historical data_available_time is unknown; observation_time is a pseudo-operational proxy
2011-02-08T00:00:00+00:00,2011-02-07,windermere,south,water_temperature,2.0,degC,month_1,2011-02-08,2011-03-09,3.421817199074074,4.2254,-0.8035828009259256,full_anomaly_persistence,1.0,1.0,False,True,3,2008|2009|2010,989d09d994a5454bb3b17370a0e3dbcfaa866e634cfe11a9c01e62431c6043f1,2011-01-09,2011-02-07,30,3.8356824305555555,4.639265231481481,3,2008|2009|2010,observation_time_proxy,historical data_available_time is unknown; observation_time is a pseudo-operational proxy
2011-02-08T00:00:00+00:00,2011-02-07,windermere,south,water_temperature,2.0,degC,month_2,2011-03-10,2011-04-08,4.605025115740741,5.408607916666667,-0.8035828009259256,full_anomaly_persistence,1.0,1.0,False,True,3,2008|2009|2010,b70e22b76f70b7b28576bf6b8426cefcb43d3e29307200fcbc0419aebc17c38d,2011-01-09,2011-02-07,30,3.8356824305555555,4.639265231481481,3,2008|2009|2010,observation_time_proxy,historical data_available_time is unknown; observation_time is a pseudo-operational proxy
2011-02-08T00:00:00+00:00,2011-02-07,windermere,south,water_temperature,2.0,degC,month_3,2011-04-09,2011-05-08,,,-0.8035828009259256,full_anomaly_persistence,1.0,1.0,False,False,2,2008|2009,6b9f32e2dd127a4f2fca1b8e6cbd87b30fb8dea0c5032680d22020c109aa86a4,2011-01-09,2011-02-07,30,3.8356824305555555,4.639265231481481,3,2008|2009|2010,observation_time_proxy,historical data_available_time is unknown; observation_time is a pseudo-operational proxy
2011-02-15T00:00:00+00:00,2011-02-14,windermere,south,water_temperature,2.0,degC,month_1,2011-02-15,2011-03-16,3.8297689800925934,4.32269425925926,-0.4929252791666663,full_anomaly_persistence,1.0,1.0,False,True,3,2008|2009|2010,f9ad2c26691c822f2d17d7ddd09eac0a261ac17e46d000d51ceba97be740d591,2011-01-16,2011-02-14,30,4.011510415277778,4.504435694444444,3,2008|2009|2010,observation_time_proxy,historical data_available_time is unknown; observation_time is a pseudo-operational proxy
2011-02-15T00:00:00+00:00,2011-02-14,windermere,south,water_temperature,2.0,degC,month_2,2011-03-17,2011-04-15,5.519138748611112,6.012064027777778,-0.4929252791666663,full_anomaly_persistence,1.0,1.0,False,True,3,2008|2009|2010,b55cc65b684229a246912aec11725a12e1be863bd7253af96efce05fb3ed333e,2011-01-16,2011-02-14,30,4.011510415277778,4.504435694444444,3,2008|2009|2010,observation_time_proxy,historical data_available_time is unknown; observation_time is a pseudo-operational proxy
2011-02-15T00:00:00+00:00,2011-02-14,windermere,south,water_temperature,2.0,degC,month_3,2011-04-16,2011-05-15,,,-0.4929252791666663,full_anomaly_persistence,1.0,1.0,False,False,2,2008|2009,02bd362ed7b0051ae437f45063c5bf4ad95aed9719f95f5f6433c5856b5672c5,2011-01-16,2011-02-14,30,4.011510415277778,4.504435694444444,3,2008|2009|2010,observation_time_proxy,historical data_available_time is unknown; observation_time is a pseudo-operational proxy
2011-02-22T00:00:00+00:00,2011-02-21,windermere,south,water_temperature,2.0,degC,month_1,2011-02-22,2011-03-23,4.370559018518518,4.582329722222222,-0.21177070370370377,full_anomaly_persistence,1.0,1.0,False,True,3,2008|2009|2010,c1704b61238ba9721cb7f7ac61ab62114cd79de8221184ee30569d88e176d1dc,2011-01-23,2011-02-21,30,4.160586333333334,4.3723570370370375,3,2008|2009|2010,observation_time_proxy,historical data_available_time is unknown; observation_time is a pseudo-operational proxy
2011-02-22T00:00:00+00:00,2011-02-21,windermere,south,water_temperature,2.0,degC,month_2,2011-03-24,2011-04-22,6.4100496753848,6.621820379088504,-0.21177070370370377,full_anomaly_persistence,1.0,1.0,False,True,3,2008|2009|2010,64a6cc3fb3c2ffc1b8c6255c09b636ecf0bf896a09b07c7487cfbdb661181125,2011-01-23,2011-02-21,30,4.160586333333334,4.3723570370370375,3,2008|2009|2010,observation_time_proxy,historical data_available_time is unknown; observation_time is a pseudo-operational proxy
2011-02-22T00:00:00+00:00,2011-02-21,windermere,south,water_temperature,2.0,degC,month_3,2011-04-23,2011-05-22,,,-0.21177070370370377,full_anomaly_persistence,1.0,1.0,False,False,2,2008|2009,469ebda895473687a2e4f133db3e4fd233f0b85c0cf3b71a2696c22d53e4c874,2011-01-23,2011-02-21,30,4.160586333333334,4.3723570370370375,3,2008|2009|2010,observation_time_proxy,historical data_available_time is unknown; observation_time is a pseudo-operational proxy
2011-03-01T00:00:00+00:00,2011-02-28,windermere,south,water_temperature,2.0,degC,month_1,2011-03-01,2011-03-30,4.970184032407407,4.876382777777778,0.0938012546296294,full_anomaly_persistence,1.0,1.0,False,True,3,2008|2009|2010,75f07807afcbb9cf2f92e6bf95012158d92a03a5eb5b583bb2a8a8ebdf1d5b11,2011-01-30,2011-02-28,30,4.350570791666667,4.256769537037037,3,2008|2009|2010,observation_time_proxy,historical data_available_time is unknown; observation_time is a pseudo-operational proxy
2011-03-01T00:00:00+00:00,2011-02-28,windermere,south,water_temperature,2.0,degC,month_2,2011-03-31,2011-04-29,,,0.0938012546296294,full_anomaly_persistence,1.0,1.0,False,False,2,2008|2009,2f17fa709ac4ad9dbe71749a1bc8b8a6086655c2c4616b828f526a1f083ebb8f,2011-01-30,2011-02-28,30,4.350570791666667,4.256769537037037,3,2008|2009|2010,observation_time_proxy,historical data_available_time is unknown; observation_time is a pseudo-operational proxy
2011-03-01T00:00:00+00:00,2011-02-28,windermere,south,water_temperature,2.0,degC,month_3,2011-04-30,2011-05-29,11.800335760217113,11.706534505587484,0.0938012546296294,full_anomaly_persistence,1.0,1.0,False,True,3,2008|2009|2010,fd92f33c5f62b070822bef3fb0379bd630d4c431c1a77ef6ecdf8b92c76c6333,2011-01-30,2011-02-28,30,4.350570791666667,4.256769537037037,3,2008|2009|2010,observation_time_proxy,historical data_available_time is unknown; observation_time is a pseudo-operational proxy
2011-03-08T00:00:00+00:00,2011-03-07,windermere,south,water_temperature,2.0,degC,month_1,2011-03-08,2011-04-06,5.679050921759259,5.287160462962963,0.39189045879629614,full_anomaly_persistence,1.0,1.0,False,True,3,2008|2009|2010,cf84bae0cf7672a9f6a04b91dc8afb278112403d1a714c3251ab290d2211bbc5,2011-02-06,2011-03-07,30,4.611466384722222,4.219575925925926,3,2008|2009|2010,observation_time_proxy,historical data_available_time is unknown; observation_time is a pseudo-operational proxy
2011-03-08T00:00:00+00:00,2011-03-07,windermere,south,water_temperature,2.0,degC,month_2,2011-04-07,2011-05-06,,,0.39189045879629614,full_anomaly_persistence,1.0,1.0,False,False,2,2008|2009,5500dcb06cd012b9cfbc923e5c9755de90694ae0d1009fb9b4497a278fcdd212,2011-02-06,2011-03-07,30,4.611466384722222,4.219575925925926,3,2008|2009|2010,observation_time_proxy,historical data_available_time is unknown; observation_time is a pseudo-operational proxy
2011-03-08T00:00:00+00:00,2011-03-07,windermere,south,water_temperature,2.0,degC,month_3,2011-05-07,2011-06-05,13.384666829166665,12.99277637037037,0.39189045879629614,full_anomaly_persistence,1.0,1.0,False,True,3,2008|2009|2010,c17637b1bca719f3b39d0765afbeda1d83789d8fc4b05b65ae51d47c62f79aa0,2011-02-06,2011-03-07,30,4.611466384722222,4.219575925925926,3,2008|2009|2010,observation_time_proxy,historical data_available_time is unknown; observation_time is a pseudo-operational proxy
2011-03-15T00:00:00+00:00,2011-03-14,windermere,south,water_temperature,2.0,degC,month_1,2011-03-15,2011-04-13,6.292499487962964,5.823234814814815,0.4692646731481487,full_anomaly_persistence,1.0,1.0,False,True,3,2008|2009|2010,aa364888c3164cde241c8132aec4b1fd82470b63b3044ef2427177872be5f3c8,2011-02-13,2011-03-14,30,4.751422080555556,4.282157407407407,3,2008|2009|2010,observation_time_proxy,historical data_available_time is unknown; observation_time is a pseudo-operational proxy
2011-03-15T00:00:00+00:00,2011-03-14,windermere,south,water_temperature,2.0,degC,month_2,2011-04-14,2011-05-13,,,0.4692646731481487,full_anomaly_persistence,1.0,1.0,False,False,2,2008|2009,12900bd143979518cda96a5691b054e74c073c7644e85eef447af1cac5cad5f1,2011-02-13,2011-03-14,30,4.751422080555556,4.282157407407407,3,2008|2009|2010,observation_time_proxy,historical data_available_time is unknown; observation_time is a pseudo-operational proxy
2011-03-15T00:00:00+00:00,2011-03-14,windermere,south,water_temperature,2.0,degC,month_3,2011-05-14,2011-06-12,14.645301025000002,14.176036351851852,0.4692646731481487,full_anomaly_persistence,1.0,1.0,False,True,3,2008|2009|2010,60017eee21f0eb3c9f5f4a4a0c3980a8c7d59690f690470c8cbc04bdf6d65b3d,2011-02-13,2011-03-14,30,4.751422080555556,4.282157407407407,3,2008|2009|2010,observation_time_proxy,historical data_available_time is unknown; observation_time is a pseudo-operational proxy
2011-03-22T00:00:00+00:00,2011-03-21,windermere,south,water_temperature,2.0,degC,month_1,2011-03-22,2011-04-20,6.957461459680134,6.478096023569024,0.4793654361111104,full_anomaly_persistence,1.0,1.0,False,True,3,2008|2009|2010,5c7e273b295c349a85016c134c45ca799107985d14c002dca3c4fcc069b1165e,2011-02-20,2011-03-21,30,4.972965852777778,4.493600416666667,3,2008|2009|2010,observation_time_proxy,historical data_available_time is unknown; observation_time is a pseudo-operational proxy
2011-03-22T00:00:00+00:00,2011-03-21,windermere,south,water_temperature,2.0,degC,month_2,2011-04-21,2011-05-20,,,0.4793654361111104,full_anomaly_persistence,1.0,1.0,False,False,2,2008|2009,8667e34bcd4bccee9bd724803edb0141c506085b4a047257d5175e5219a3a17b,2011-02-20,2011-03-21,30,4.972965852777778,4.493600416666667,3,2008|2009|2010,observation_time_proxy,historical data_available_time is unknown; observation_time is a pseudo-operational proxy
2011-03-22T00:00:00+00:00,2011-03-21,windermere,south,water_temperature,2.0,degC,month_3,2011-05-21,2011-06-19,15.640711866666667,15.161346430555556,0.4793654361111104,full_anomaly_persistence,1.0,1.0,False,True,3,2008|2009|2010,4aeddabd9034fbf40a69aff5df6c973d1dd252541536ff169de3139f40594344,2011-02-20,2011-03-21,30,4.972965852777778,4.493600416666667,3,2008|2009|2010,observation_time_proxy,historical data_available_time is unknown; observation_time is a pseudo-operational proxy
2011-03-29T00:00:00+00:00,2011-03-28,windermere,south,water_temperature,2.0,degC,month_1,2011-03-29,2011-04-27,,,0.6886476736111113,full_anomaly_persistence,1.0,1.0,False,False,2,2008|2009,d405e86efcf5f4d55c5a402731422be173f846acf006a6a51fccc1987efec1ea,2011-02-27,2011-03-28,30,5.473312395833333,4.784664722222222,3,2008|2009|2010,observation_time_proxy,historical data_available_time is unknown; observation_time is a pseudo-operational proxy
2011-03-29T00:00:00+00:00,2011-03-28,windermere,south,water_temperature,2.0,degC,month_2,2011-04-28,2011-05-27,12.154200045524691,11.46555237191358,0.6886476736111113,full_anomaly_persistence,1.0,1.0,False,True,3,2008|2009|2010,6031e93f076d0d944456468385e45b86d89ef38b61de6971c882f51864faf18c,2011-02-27,2011-03-28,30,5.473312395833333,4.784664722222222,3,2008|2009|2010,observation_time_proxy,historical data_available_time is unknown; observation_time is a pseudo-operational proxy
2011-03-29T00:00:00+00:00,2011-03-28,windermere,south,water_temperature,2.0,degC,month_3,2011-05-28,2011-06-26,16.496353784722224,15.807706111111111,0.6886476736111113,full_anomaly_persistence,1.0,1.0,False,True,3,2008|2009|2010,f89ad505c49d13d04e8e8119c357685da9d6eca61dd2bc35487c7a660cb71cea,2011-02-27,2011-03-28,30,5.473312395833333,4.784664722222222,3,2008|2009|2010,observation_time_proxy,historical data_available_time is unknown; observation_time is a pseudo-operational proxy
2011-04-05T00:00:00+00:00,2011-04-04,windermere,south,water_temperature,2.0,degC,month_1,2011-04-05,2011-05-04,,,0.7403959462962959,full_anomaly_persistence,1.0,1.0,False,False,2,2008|2009,d23b6159f308d5d773dac34dacc1b7adc28a4d76f8023caff1a69d320712c0ae,2011-03-06,2011-04-04,30,5.900731733333333,5.160335787037037,3,2008|2009|2010,observation_time_proxy,historical data_available_time is unknown; observation_time is a pseudo-operational proxy
2011-04-05T00:00:00+00:00,2011-04-04,windermere,south,water_temperature,2.0,degC,month_2,2011-05-05,2011-06-03,13.328237261111111,12.587841314814815,0.7403959462962959,full_anomaly_persistence,1.0,1.0,False,True,3,2008|2009|2010,36509669ad259c6b5fddb8a10e2868f37c259878b3bc87cff6b294f3b4cdd880,2011-03-06,2011-04-04,30,5.900731733333333,5.160335787037037,3,2008|2009|2010,observation_time_proxy,historical data_available_time is unknown; observation_time is a pseudo-operational proxy
2011-04-05T00:00:00+00:00,2011-04-04,windermere,south,water_temperature,2.0,degC,month_3,2011-06-04,2011-07-03,17.339764987962962,16.599369041666666,0.7403959462962959,full_anomaly_persistence,1.0,1.0,False,True,3,2008|2009|2010,5762abbc5671318aaab8defa4afb0321f8f64c5ffc385010563af7f16b0a0233,2011-03-06,2011-04-04,30,5.900731733333333,5.160335787037037,3,2008|2009|2010,observation_time_proxy,historical data_available_time is unknown; observation_time is a pseudo-operational proxy
2011-04-12T00:00:00+00:00,2011-04-11,windermere,south,water_temperature,2.0,degC,month_1,2011-04-12,2011-05-11,,,1.036665893981481,full_anomaly_persistence,1.0,1.0,False,False,2,2008|2009,eaf99b4027ee7585c6cb3b43f902ceb74e8e0e59d32ff12cf72936809b6f5b8f,2011-03-13,2011-04-11,30,6.671170523611111,5.63450462962963,3,2008|2009|2010,observation_time_proxy,historical data_available_time is unknown; observation_time is a pseudo-operational proxy
2011-04-12T00:00:00+00:00,2011-04-11,windermere,south,water_temperature,2.0,degC,month_2,2011-05-12,2011-06-10,14.906990481944444,13.870324587962964,1.036665893981481,full_anomaly_persistence,1.0,1.0,False,True,3,2008|2009|2010,3f186163a5de98d09add57c023dd83e2add404d2d8b17d2ea469be9f0402b25f,2011-03-13,2011-04-11,30,6.671170523611111,5.63450462962963,3,2008|2009|2010,observation_time_proxy,historical data_available_time is unknown; observation_time is a pseudo-operational proxy
2011-04-12T00:00:00+00:00,2011-04-11,windermere,south,water_temperature,2.0,degC,month_3,2011-06-11,2011-07-10,18.095681968055555,17.059016074074073,1.036665893981481,full_anomaly_persistence,1.0,1.0,False,True,3,2008|2009|2010,387608a105b0ce72e50b9ab152b67be1200172732e03dace51962d88aa548eb0,2011-03-13,2011-04-11,30,6.671170523611111,5.63450462962963,3,2008|2009|2010,observation_time_proxy,historical data_available_time is unknown; observation_time is a pseudo-operational proxy
2011-04-19T00:00:00+00:00,2011-04-18,windermere,south,water_temperature,2.0,degC,month_1,2011-04-19,2011-05-18,,,1.4768762662037043,full_anomaly_persistence,1.0,1.0,False,False,2,2008|2009,a54346c806ac4894c77dd6ed900852977c97c48b2db0329763385c164fea9fca,2011-03-20,2011-04-18,30,7.769326451388889,6.292450185185185,3,2008|2009|2010,observation_time_proxy,historical data_available_time is unknown; observation_time is a pseudo-operational proxy
2011-04-19T00:00:00+00:00,2011-04-18,windermere,south,water_temperature,2.0,degC,month_2,2011-05-19,2011-06-17,16.395106881944447,14.918230615740741,1.4768762662037043,full_anomaly_persistence,1.0,1.0,False,True,3,2008|2009|2010,c245ff69afd77e936f6099affd7e669e6b10858a4a9b21d0a3d87904e342486d,2011-03-20,2011-04-18,30,7.769326451388889,6.292450185185185,3,2008|2009|2010,observation_time_proxy,historical data_available_time is unknown; observation_time is a pseudo-operational proxy
2011-04-19T00:00:00+00:00,2011-04-18,windermere,south,water_temperature,2.0,degC,month_3,2011-06-18,2011-07-17,18.830646525462964,17.35377025925926,1.4768762662037043,full_anomaly_persistence,1.0,1.0,False,True,3,2008|2009|2010,021a97b59ed7a4ef85fa71787640bbcff85f60643eff137b8711a11f2129fa88,2011-03-20,2011-04-18,30,7.769326451388889,6.292450185185185,3,2008|2009|2010,observation_time_proxy,historical data_available_time is unknown; observation_time is a pseudo-operational proxy
2011-04-26T00:00:00+00:00,2011-04-25,windermere,south,water_temperature,2.0,degC,month_1,2011-04-26,2011-05-25,,,,full_anomaly_persistence,1.0,1.0,False,False,2,2008|2009,c1a70f1dfd9a06d4b20ee032747c9e4c85dd4facfbdf7e908e04cf5ac3d2b5b5,2011-03-27,2011-04-25,30,9.30056436111111,,2,2008|2009,observation_time_proxy,historical data_available_time is unknown; observation_time is a pseudo-operational proxy
2011-04-26T00:00:00+00:00,2011-04-25,windermere,south,water_temperature,2.0,degC,month_2,2011-05-26,2011-06-24,,15.607037944444444,,full_anomaly_persistence,1.0,1.0,False,False,3,2008|2009|2010,a16d5e35a6dc046496b5c22aad484829c1611f75b6c82f14efc36b56f1f7bad7,2011-03-27,2011-04-25,30,9.30056436111111,,2,2008|2009,observation_time_proxy,historical data_available_time is unknown; observation_time is a pseudo-operational proxy
2011-04-26T00:00:00+00:00,2011-04-25,windermere,south,water_temperature,2.0,degC,month_3,2011-06-25,2011-07-24,,17.533731796296294,,full_anomaly_persistence,1.0,1.0,False,False,3,2008|2009|2010,a540b9370ccf80a20b43acc2c26891b0e77611370bc2762061b08922b1a2772d,2011-03-27,2011-04-25,30,9.30056436111111,,2,2008|2009,observation_time_proxy,historical data_available_time is unknown; observation_time is a pseudo-operational proxy
2011-05-03T00:00:00+00:00,2011-05-02,windermere,south,water_temperature,2.0,degC,month_1,2011-05-03,2011-06-01,,12.194101786574073,,full_anomaly_persistence,1.0,1.0,False,False,3,2008|2009|2010,59792420173a55f67dbcd186cf05ef2fef5cdce05f45d0662a909b4d36dfc0c4,2011-04-03,2011-05-02,30,10.831727418055555,,2,2008|2009,observation_time_proxy,historical data_available_time is unknown; observation_time is a pseudo-operational proxy
2011-05-03T00:00:00+00:00,2011-05-02,windermere,south,water_temperature,2.0,degC,month_2,2011-06-02,2011-07-01,,16.403306949074075,,full_anomaly_persistence,1.0,1.0,False,False,3,2008|2009|2010,fcdacfdaff0a8b55511be1bcdc3b2d55adeb69b653ada438fc1e1ad65333a7ea,2011-04-03,2011-05-02,30,10.831727418055555,,2,2008|2009,observation_time_proxy,historical data_available_time is unknown; observation_time is a pseudo-operational proxy
2011-05-03T00:00:00+00:00,2011-05-02,windermere,south,water_temperature,2.0,degC,month_3,2011-07-02,2011-07-31,,17.577466092592594,,full_anomaly_persistence,1.0,1.0,False,False,3,2008|2009|2010,dafcb444329a6731b466b3c4747dfcdaa753eab5e652e0a9e02a571ebe0f748b,2011-04-03,2011-05-02,30,10.831727418055555,,2,2008|2009,observation_time_proxy,historical data_available_time is unknown; observation_time is a pseudo-operational proxy
2011-05-10T00:00:00+00:00,2011-05-09,windermere,south,water_temperature,2.0,degC,month_1,2011-05-10,2011-06-08,,13.544356699074074,,full_anomaly_persistence,1.0,1.0,False,False,3,2008|2009|2010,8413cad724836edc214c6783a0b481f53f2e5beda96961dd3fa48c1529ffabe8,2011-04-10,2011-05-09,30,12.289488148611111,,2,2008|2009,observation_time_proxy,historical data_available_time is unknown; observation_time is a pseudo-operational proxy
2011-05-10T00:00:00+00:00,2011-05-09,windermere,south,water_temperature,2.0,degC,month_2,2011-06-09,2011-07-08,,16.933232921296295,,full_anomaly_persistence,1.0,1.0,False,False,3,2008|2009|2010,98d1fc5b0e9a610af10c3605657e2dffa0f9cd37cfc64b2470302e7b50b3c321,2011-04-10,2011-05-09,30,12.289488148611111,,2,2008|2009,observation_time_proxy,historical data_available_time is unknown; observation_time is a pseudo-operational proxy
2011-05-10T00:00:00+00:00,2011-05-09,windermere,south,water_temperature,2.0,degC,month_3,2011-07-09,2011-08-07,,17.416930037037037,,full_anomaly_persistence,1.0,1.0,False,False,3,2008|2009|2010,e61f53d9e333ad07d580ec0187a437ac721138f4ef6d73ec246bc2d9972998c6,2011-04-10,2011-05-09,30,12.289488148611111,,2,2008|2009,observation_time_proxy,historical data_available_time is unknown; observation_time is a pseudo-operational proxy
2011-05-17T00:00:00+00:00,2011-05-16,windermere,south,water_temperature,2.0,degC,month_1,2011-05-17,2011-06-15,,14.614869782407407,,full_anomaly_persistence,1.0,1.0,False,False,3,2008|2009|2010,d3e41aed8bb2a8962b9a5c7e643d24dce64d6544c73b322d5b6ac7153e76ea47,2011-04-17,2011-05-16,30,13.049609527777777,,2,2008|2009,observation_time_proxy,historical data_available_time is unknown; observation_time is a pseudo-operational proxy
2011-05-17T00:00:00+00:00,2011-05-16,windermere,south,water_temperature,2.0,degC,month_2,2011-06-16,2011-07-15,,17.30628749074074,,full_anomaly_persistence,1.0,1.0,False,False,3,2008|2009|2010,b3061ae4535c4f9e56340be9c097f101b8d2f6d85bd4a16cf6a783c1ce7d7667,2011-04-17,2011-05-16,30,13.049609527777777,,2,2008|2009,observation_time_proxy,historical data_available_time is unknown; observation_time is a pseudo-operational proxy
2011-05-17T00:00:00+00:00,2011-05-16,windermere,south,water_temperature,2.0,degC,month_3,2011-07-16,2011-08-14,,17.375697805555557,,full_anomaly_persistence,1.0,1.0,False,False,3,2008|2009|2010,885a37d65beb2776036c95235f95abb8ee4e50a6f5910fe477bc43628ffaa6e8,2011-04-17,2011-05-16,30,13.049609527777777,,2,2008|2009,observation_time_proxy,historical data_available_time is unknown; observation_time is a pseudo-operational proxy
2011-05-24T00:00:00+00:00,2011-05-23,windermere,south,water_temperature,2.0,degC,month_1,2011-05-24,2011-06-22,,15.449786773148148,,full_anomaly_persistence,1.0,1.0,False,False,3,2008|2009|2010,b95cdb3e2b750e04c9ebaf7ce5d83b277437c144231d28258203371e9278dcb5,2011-04-24,2011-05-23,30,13.236680722222221,,2,2008|2009,observation_time_proxy,historical data_available_time is unknown; observation_time is a pseudo-operational proxy
2011-05-24T00:00:00+00:00,2011-05-23,windermere,south,water_temperature,2.0,degC,month_2,2011-06-23,2011-07-22,,17.496908273148147,,full_anomaly_persistence,1.0,1.0,False,False,3,2008|2009|2010,71a7f875ee25f3b3a186a3bf2c3207991efe3c61c36db5106ae5763c05822fba,2011-04-24,2011-05-23,30,13.236680722222221,,2,2008|2009,observation_time_proxy,historical data_available_time is unknown; observation_time is a pseudo-operational proxy
2011-05-24T00:00:00+00:00,2011-05-23,windermere,south,water_temperature,2.0,degC,month_3,2011-07-23,2011-08-21,,17.425659180555556,,full_anomaly_persistence,1.0,1.0,False,False,3,2008|2009|2010,0251cab1eb0d45030fbd6fad1ec291364dafc3b796df4a11c083d8f44edc6338,2011-04-24,2011-05-23,30,13.236680722222221,,2,2008|2009,observation_time_proxy,historical data_available_time is unknown; observation_time is a pseudo-operational proxy
2011-05-31T00:00:00+00:00,2011-05-30,windermere,south,water_temperature,2.0,degC,month_1,2011-05-31,2011-06-29,17.379613666203703,16.173912375,1.2057012912037042,full_anomaly_persistence,1.0,1.0,False,True,3,2008|2009|2010,26fb5ccb2065ecb7a3f8a0c1ed2e3fd67e2e59102cce12cc6f793fb64c1dbb0f,2011-05-01,2011-05-30,30,13.046294305555556,11.840593014351851,3,2008|2009|2010,observation_time_proxy,historical data_available_time is unknown; observation_time is a pseudo-operational proxy
2011-05-31T00:00:00+00:00,2011-05-30,windermere,south,water_temperature,2.0,degC,month_2,2011-06-30,2011-07-29,18.819374795833333,17.613673504629627,1.2057012912037042,full_anomaly_persistence,1.0,1.0,False,True,3,2008|2009|2010,9ffee57ee2c73b1620ac69817b4f6e01cbb468950a6f0e3ab2106eee3bc894e8,2011-05-01,2011-05-30,30,13.046294305555556,11.840593014351851,3,2008|2009|2010,observation_time_proxy,historical data_available_time is unknown; observation_time is a pseudo-operational proxy
2011-05-31T00:00:00+00:00,2011-05-30,windermere,south,water_temperature,2.0,degC,month_3,2011-07-30,2011-08-28,18.49308473101852,17.287383439814814,1.2057012912037042,full_anomaly_persistence,1.0,1.0,False,True,3,2008|2009|2010,f663aa49907c01e7c2c68773d47992755356bd5f1185ad8cfc2086b57afad31a,2011-05-01,2011-05-30,30,13.046294305555556,11.840593014351851,3,2008|2009|2010,observation_time_proxy,historical data_available_time is unknown; observation_time is a pseudo-operational proxy
2011-06-07T00:00:00+00:00,2011-06-06,windermere,south,water_temperature,2.0,degC,month_1,2011-06-07,2011-07-06,16.828942166666664,16.804002328703703,0.02493983796296284,full_anomaly_persistence,1.0,1.0,False,True,3,2008|2009|2010,b96d5ef072767ce943a62f089a911666c2b5f4e8095cc49edae4d888fd1ded46,2011-05-08,2011-06-06,30,13.206601402777778,13.181661564814815,3,2008|2009|2010,observation_time_proxy,historical data_available_time is unknown; observation_time is a pseudo-operational proxy
2011-06-07T00:00:00+00:00,2011-06-06,windermere,south,water_temperature,2.0,degC,month_2,2011-07-07,2011-08-05,17.459512717592595,17.43457287962963,0.02493983796296284,full_anomaly_persistence,1.0,1.0,False,True,3,2008|2009|2010,8e1f93d6d45f20edf978db6ff700ed30513e709fe39f89afad84b7f4d1a2aad6,2011-05-08,2011-06-06,30,13.206601402777778,13.181661564814815,3,2008|2009|2010,observation_time_proxy,historical data_available_time is unknown; observation_time is a pseudo-operational proxy
2011-06-07T00:00:00+00:00,2011-06-06,windermere,south,water_temperature,2.0,degC,month_3,2011-08-06,2011-09-04,17.065181259259262,17.040241421296297,0.02493983796296284,full_anomaly_persistence,1.0,1.0,False,True,3,2008|2009|2010,dd1768ff173193dc022645f6f507bfcdb195681d4418c1a197ddd0219612649c,2011-05-08,2011-06-06,30,13.206601402777778,13.181661564814815,3,2008|2009|2010,observation_time_proxy,historical data_available_time is unknown; observation_time is a pseudo-operational proxy
2011-06-14T00:00:00+00:00,2011-06-13,windermere,south,water_temperature,2.0,degC,month_1,2011-06-14,2011-07-13,16.503467319444447,17.208895125,-0.705427805555555,full_anomaly_persistence,1.0,1.0,False,True,3,2008|2009|2010,54bd46f62711ad80b66adefcc8944ccd8e4e361d3e25cc843476fe55a35df8de,2011-05-15,2011-06-13,30,13.624489944444445,14.32991775,3,2008|2009|2010,observation_time_proxy,historical data_available_time is unknown; observation_time is a pseudo-operational proxy
2011-06-14T00:00:00+00:00,2011-06-13,windermere,south,water_temperature,2.0,degC,month_2,2011-07-14,2011-08-12,16.684297814814816,17.38972562037037,-0.705427805555555,full_anomaly_persistence,1.0,1.0,False,True,3,2008|2009|2010,5d71d485417c375a31f77509692a5471ede69aed1357633efb5e7e658bd2a998,2011-05-15,2011-06-13,30,13.624489944444445,14.32991775,3,2008|2009|2010,observation_time_proxy,historical data_available_time is unknown; observation_time is a pseudo-operational proxy
2011-06-14T00:00:00+00:00,2011-06-13,windermere,south,water_temperature,2.0,degC,month_3,2011-08-13,2011-09-11,15.915480972222223,16.620908777777778,-0.705427805555555,full_anomaly_persistence,1.0,1.0,False,True,3,2008|2009|2010,11f121d6cda528dd91c88cb08bc09f6df110d4733cdf5cedaf75a5d5a066c96a,2011-05-15,2011-06-13,30,13.624489944444445,14.32991775,3,2008|2009|2010,observation_time_proxy,historical data_available_time is unknown; observation_time is a pseudo-operational proxy
2011-06-21T00:00:00+00:00,2011-06-20,windermere,south,water_temperature,2.0,degC,month_1,2011-06-21,2011-07-20,16.45414440277778,17.439612342592593,-0.9854679398148143,full_anomaly_persistence,1.0,1.0,False,True,3,2008|2009|2010,e5ff530fa5a67042dc310ffa4410b12a5f40f56b40a75f85dfd6660a60a09cfb,2011-05-22,2011-06-20,30,14.284218361111112,15.269686300925926,3,2008|2009|2010,observation_time_proxy,historical data_available_time is unknown; observation_time is a pseudo-operational proxy
2011-06-21T00:00:00+00:00,2011-06-20,windermere,south,water_temperature,2.0,degC,month_2,2011-07-21,2011-08-19,16.430950518518518,17.416418458333332,-0.9854679398148143,full_anomaly_persistence,1.0,1.0,False,True,3,2008|2009|2010,fb20de740c0be0f3ee835b928c9f632625af5f2d7cc57392c309874ce9bc8184,2011-05-22,2011-06-20,30,14.284218361111112,15.269686300925926,3,2008|2009|2010,observation_time_proxy,historical data_available_time is unknown; observation_time is a pseudo-operational proxy
2011-06-21T00:00:00+00:00,2011-06-20,windermere,south,water_temperature,2.0,degC,month_3,2011-08-20,2011-09-18,15.253416962962962,16.238884902777777,-0.9854679398148143,full_anomaly_persistence,1.0,1.0,False,True,3,2008|2009|2010,aa1e30cc30345fc359290e4b7461099d910b3229b756d3fa87a8cb31ae006692,2011-05-22,2011-06-20,30,14.284218361111112,15.269686300925926,3,2008|2009|2010,observation_time_proxy,historical data_available_time is unknown; observation_time is a pseudo-operational proxy
2011-06-28T00:00:00+00:00,2011-06-27,windermere,south,water_temperature,2.0,degC,month_1,2011-06-28,2011-07-27,16.78318137962963,17.58581401388889,-0.8026326342592593,full_anomaly_persistence,1.0,1.0,False,True,3,2008|2009|2010,4c19d839142a0ce1b85f9f84bd7b7f4d0ed4cebfea6f1627da9ecf339f62ac5f,2011-05-29,2011-06-27,30,15.130964097222222,15.933596731481481,3,2008|2009|2010,observation_time_proxy,historical data_available_time is unknown; observation_time is a pseudo-operational proxy
2011-06-28T00:00:00+00:00,2011-06-27,windermere,south,water_temperature,2.0,degC,month_2,2011-07-28,2011-08-26,16.565950430555553,17.368583064814814,-0.8026326342592593,full_anomaly_persistence,1.0,1.0,False,True,3,2008|2009|2010,b5de2570a9c9bbb68be468d35d83a125207482254513bbc3b5ce287ec766b64a,2011-05-29,2011-06-27,30,15.130964097222222,15.933596731481481,3,2008|2009|2010,observation_time_proxy,historical data_available_time is unknown; observation_time is a pseudo-operational proxy
2011-06-28T00:00:00+00:00,2011-06-27,windermere,south,water_temperature,2.0,degC,month_3,2011-08-27,2011-09-25,14.982209569444445,15.784842203703704,-0.8026326342592593,full_anomaly_persistence,1.0,1.0,False,True,3,2008|2009|2010,f196aeda1e105f166dc9dde96d57b2afc9eff203a2267837cc8709a0ac2d32ed,2011-05-29,2011-06-27,30,15.130964097222222,15.933596731481481,3,2008|2009|2010,observation_time_proxy,historical data_available_time is unknown; observation_time is a pseudo-operational proxy
2011-07-05T00:00:00+00:00,2011-07-04,windermere,south,water_temperature,2.0,degC,month_1,2011-07-05,2011-08-03,16.97877038888889,17.47822922222222,-0.49945883333333185,full_anomaly_persistence,1.0,1.0,False,True,3,2008|2009|2010,6b7c3665d7e73d67145e6634de3bdd6a9580772b71516c2d61e693348a875b74,2011-06-05,2011-07-04,30,16.160511638888888,16.65997047222222,3,2008|2009|2010,observation_time_proxy,historical data_available_time is unknown; observation_time is a pseudo-operational proxy
2011-07-05T00:00:00+00:00,2011-07-04,windermere,south,water_temperature,2.0,degC,month_2,2011-08-04,2011-09-02,16.618428472222224,17.117887305555556,-0.49945883333333185,full_anomaly_persistence,1.0,1.0,False,True,3,2008|2009|2010,269a654e083ac1bafba04c34d6632b8c7c825dda8c5644b6ebe69b3732690573,2011-06-05,2011-07-04,30,16.160511638888888,16.65997047222222,3,2008|2009|2010,observation_time_proxy,historical data_available_time is unknown; observation_time is a pseudo-operational proxy
2011-07-05T00:00:00+00:00,2011-07-04,windermere,south,water_temperature,2.0,degC,month_3,2011-09-03,2011-10-02,14.794168,15.293626833333333,-0.49945883333333185,full_anomaly_persistence,1.0,1.0,False,True,3,2008|2009|2010,fb57ad2819545b34ed38a5455c60302f30c64e3306ea3871efe7a24ef992ecc6,2011-06-05,2011-07-04,30,16.160511638888888,16.65997047222222,3,2008|2009|2010,observation_time_proxy,historical data_available_time is unknown; observation_time is a pseudo-operational proxy
2011-07-12T00:00:00+00:00,2011-07-11,windermere,south,water_temperature,2.0,degC,month_1,2011-07-12,2011-08-10,17.271727356481485,17.402729592592593,-0.13100223611110806,full_anomaly_persistence,1.0,1.0,False,True,3,2008|2009|2010,e8fdaa859ca811b648a365d85a231287653bb2c913905213eda1fde3665d4aa5,2011-06-12,2011-07-11,30,16.984061569444446,17.115063805555554,3,2008|2009|2010,observation_time_proxy,historical data_available_time is unknown; observation_time is a pseudo-operational proxy
2011-07-12T00:00:00+00:00,2011-07-11,windermere,south,water_temperature,2.0,degC,month_2,2011-08-11,2011-09-09,16.603116453703706,16.734118689814814,-0.13100223611110806,full_anomaly_persistence,1.0,1.0,False,True,3,2008|2009|2010,5b716d85f1e563811707ae1872bc8744170a49ee230ffacae75222b0aaebc89e,2011-06-12,2011-07-11,30,16.984061569444446,17.115063805555554,3,2008|2009|2010,observation_time_proxy,historical data_available_time is unknown; observation_time is a pseudo-operational proxy
2011-07-12T00:00:00+00:00,2011-07-11,windermere,south,water_temperature,2.0,degC,month_3,2011-09-10,2011-10-09,14.627986967592596,14.758989203703704,-0.13100223611110806,full_anomaly_persistence,1.0,1.0,False,True,3,2008|2009|2010,41bfa98a35ebe55a127f9916f0e8bbd32170f5762e9d6de9810df2a3913ab86b,2011-06-12,2011-07-11,30,16.984061569444446,17.115063805555554,3,2008|2009|2010,observation_time_proxy,historical data_available_time is unknown; observation_time is a pseudo-operational proxy
2011-07-19T00:00:00+00:00,2011-07-18,windermere,south,water_temperature,2.0,degC,month_1,2011-07-19,2011-08-17,17.80162325,17.393570805555555,0.40805244444444355,full_anomaly_persistence,1.0,1.0,False,True,3,2008|2009|2010,248794f172b43ea759017a67b3a838389ae042e46da740cfe5b85f347fc0ceb0,2011-06-19,2011-07-18,30,17.784750527777778,17.376698083333334,3,2008|2009|2010,observation_time_proxy,historical data_available_time is unknown; observation_time is a pseudo-operational proxy
2011-07-19T00:00:00+00:00,2011-07-18,windermere,south,water_temperature,2.0,degC,month_2,2011-08-18,2011-09-16,16.766956018518517,16.358903574074073,0.40805244444444355,full_anomaly_persistence,1.0,1.0,False,True,3,2008|2009|2010,8304faeb8037cd72529bdf21f3e7014cf1e69b8f5ae969263faf13704db5aa27,2011-06-19,2011-07-18,30,17.784750527777778,17.376698083333334,3,2008|2009|2010,observation_time_proxy,historical data_available_time is unknown; observation_time is a pseudo-operational proxy
2011-07-19T00:00:00+00:00,2011-07-18,windermere,south,water_temperature,2.0,degC,month_3,2011-09-17,2011-10-16,14.591181148148147,14.183128703703703,0.40805244444444355,full_anomaly_persistence,1.0,1.0,False,True,3,2008|2009|2010,60a996010909efc1eab1818a4b6752286cd7dcfafc2c81df283c7c80bbbb02eb,2011-06-19,2011-07-18,30,17.784750527777778,17.376698083333334,3,2008|2009|2010,observation_time_proxy,historical data_available_time is unknown; observation_time is a pseudo-operational proxy
2011-07-26T00:00:00+00:00,2011-07-25,windermere,south,water_temperature,2.0,degC,month_1,2011-07-26,2011-08-24,18.214950851851853,17.41829865740741,0.7966521944444445,full_anomaly_persistence,1.0,1.0,False,True,3,2008|2009|2010,f5b9744fd3f6b13ec443702d98eabe438b2e38bbd13bb14d7aea221fa8476ee6,2011-06-26,2011-07-25,30,18.34750973611111,17.550857541666666,3,2008|2009|2010,observation_time_proxy,historical data_available_time is unknown; observation_time is a pseudo-operational proxy
2011-07-26T00:00:00+00:00,2011-07-25,windermere,south,water_temperature,2.0,degC,month_2,2011-08-25,2011-09-23,16.71763575462963,15.920983560185185,0.7966521944444445,full_anomaly_persistence,1.0,1.0,False,True,3,2008|2009|2010,093f1a998b00fdc347d14831fad4df5c999e224ee86a33e76a52f30ec4946d82,2011-06-26,2011-07-25,30,18.34750973611111,17.550857541666666,3,2008|2009|2010,observation_time_proxy,historical data_available_time is unknown; observation_time is a pseudo-operational proxy
2011-07-26T00:00:00+00:00,2011-07-25,windermere,south,water_temperature,2.0,degC,month_3,2011-09-24,2011-10-23,14.334985449074074,13.538333254629629,0.7966521944444445,full_anomaly_persistence,1.0,1.0,False,True,3,2008|2009|2010,41dcaed3ba98dd46094e0fd7d691208d5a8ff1467507706c8a53a77046bedda2,2011-06-26,2011-07-25,30,18.34750973611111,17.550857541666666,3,2008|2009|2010,observation_time_proxy,historical data_available_time is unknown; observation_time is a pseudo-operational proxy
2011-08-02T00:00:00+00:00,2011-08-01,windermere,south,water_temperature,2.0,degC,month_1,2011-08-02,2011-08-31,18.516641814814815,17.18284048148148,1.3338013333333336,full_anomaly_persistence,1.0,1.0,False,True,3,2008|2009|2010,542f063dabd7693ea5273237ae151336341ee8072eee862f92c4151451a5c758,2011-07-03,2011-08-01,30,18.873636013888888,17.539834680555554,3,2008|2009|2010,observation_time_proxy,historical data_available_time is unknown; observation_time is a pseudo-operational proxy
2011-08-02T00:00:00+00:00,2011-08-01,windermere,south,water_temperature,2.0,degC,month_2,2011-09-01,2011-09-30,16.77463249537037,15.440831162037037,1.3338013333333336,full_anomaly_persistence,1.0,1.0,False,True,3,2008|2009|2010,259476141b8550611c1f8e020ca53228ce247911fe50b7c07e8e615a19849670,2011-07-03,2011-08-01,30,18.873636013888888,17.539834680555554,3,2008|2009|2010,observation_time_proxy,historical data_available_time is unknown; observation_time is a pseudo-operational proxy
2011-08-02T00:00:00+00:00,2011-08-01,windermere,south,water_temperature,2.0,degC,month_3,2011-10-01,2011-10-30,14.154743583333333,12.82094225,1.3338013333333336,full_anomaly_persistence,1.0,1.0,False,True,3,2008|2009|2010,2c964528f64b2f0711cea70fbe5c5d7f66f69cee86aa56f35c9e070e381c75f1,2011-07-03,2011-08-01,30,18.873636013888888,17.539834680555554,3,2008|2009|2010,observation_time_proxy,historical data_available_time is unknown; observation_time is a pseudo-operational proxy
2011-08-09T00:00:00+00:00,2011-08-08,windermere,south,water_temperature,2.0,degC,month_1,2011-08-09,2011-09-07,18.553270319444444,16.852367041666668,1.7009032777777762,full_anomaly_persistence,1.0,1.0,False,True,3,2008|2009|2010,3feeb5f50658755930adf492efb72e16b96f252511dd903b8984664636dec1a6,2011-07-10,2011-08-08,30,19.113671805555555,17.41276852777778,3,2008|2009|2010,observation_time_proxy,historical data_available_time is unknown; observation_time is a pseudo-operational proxy
2011-08-09T00:00:00+00:00,2011-08-08,windermere,south,water_temperature,2.0,degC,month_2,2011-09-08,2011-10-07,16.61094426388889,14.910040986111111,1.7009032777777762,full_anomaly_persistence,1.0,1.0,False,True,3,2008|2009|2010,851a563606c519aa107db88a9d6061bee4b585a680ed9b9318d797a2de2caabe,2011-07-10,2011-08-08,30,19.113671805555555,17.41276852777778,3,2008|2009|2010,observation_time_proxy,historical data_available_time is unknown; observation_time is a pseudo-operational proxy
2011-08-09T00:00:00+00:00,2011-08-08,windermere,south,water_temperature,2.0,degC,month_3,2011-10-08,2011-11-06,13.782946446457325,12.082043168679549,1.7009032777777762,full_anomaly_persistence,1.0,1.0,False,True,3,2008|2009|2010,437b8e677e37fdb3e7f0957e5b96bf99b1ab2da89385e7e29820beb6cba01440,2011-07-10,2011-08-08,30,19.113671805555555,17.41276852777778,3,2008|2009|2010,observation_time_proxy,historical data_available_time is unknown; observation_time is a pseudo-operational proxy
2011-08-16T00:00:00+00:00,2011-08-15,windermere,south,water_temperature,2.0,degC,month_1,2011-08-16,2011-09-14,18.06719675925926,16.474850115740743,1.5923466435185176,full_anomaly_persistence,1.0,1.0,False,True,3,2008|2009|2010,a20d2a33cec0afd176b8c8d809ffa154c31b8227f0ed4103e3030a108c744270,2011-07-17,2011-08-15,30,18.965672416666667,17.37332577314815,3,2008|2009|2010,observation_time_proxy,historical data_available_time is unknown; observation_time is a pseudo-operational proxy
2011-08-16T00:00:00+00:00,2011-08-15,windermere,south,water_temperature,2.0,degC,month_2,2011-09-15,2011-10-14,15.941020624999998,14.34867398148148,1.5923466435185176,full_anomaly_persistence,1.0,1.0,False,True,3,2008|2009|2010,6ae91f01510adf8ad3c61e10c5a3c97e9e525b68d29ca64b9a64784032c5fb2f,2011-07-17,2011-08-15,30,18.965672416666667,17.37332577314815,3,2008|2009|2010,observation_time_proxy,historical data_available_time is unknown; observation_time is a pseudo-operational proxy
2011-08-16T00:00:00+00:00,2011-08-15,windermere,south,water_temperature,2.0,degC,month_3,2011-10-15,2011-11-13,12.873495644605475,11.281149001086957,1.5923466435185176,full_anomaly_persistence,1.0,1.0,False,True,3,2008|2009|2010,5e003386e6cb1435e1d74e9b2a38e449e70f7d138d2f784bebfda7b8ae8cd7b5,2011-07-17,2011-08-15,30,18.965672416666667,17.37332577314815,3,2008|2009|2010,observation_time_proxy,historical data_available_time is unknown; observation_time is a pseudo-operational proxy
2011-08-23T00:00:00+00:00,2011-08-22,windermere,south,water_temperature,2.0,degC,month_1,2011-08-23,2011-09-21,17.417422726851854,16.050486310185185,1.3669364166666682,full_anomaly_persistence,1.0,1.0,False,True,3,2008|2009|2010,b6c08bf08448f6497bac272d472b1b47bb2edc7297c46956924ac23308bc9a81,2011-07-24,2011-08-22,30,18.799871458333335,17.432935041666667,3,2008|2009|2010,observation_time_proxy,historical data_available_time is unknown; observation_time is a pseudo-operational proxy
2011-08-23T00:00:00+00:00,2011-08-22,windermere,south,water_temperature,2.0,degC,month_2,2011-09-22,2011-10-21,15.105404962962965,13.738468546296296,1.3669364166666682,full_anomaly_persistence,1.0,1.0,False,True,3,2008|2009|2010,0833e9408ada49e3d8a97568a632ec4805d1acbe7f227a30f4c8f94a2f9f1489,2011-07-24,2011-08-22,30,18.799871458333335,17.432935041666667,3,2008|2009|2010,observation_time_proxy,historical data_available_time is unknown; observation_time is a pseudo-operational proxy
2011-08-23T00:00:00+00:00,2011-08-22,windermere,south,water_temperature,2.0,degC,month_3,2011-10-22,2011-11-20,11.84678382654992,10.479847409883252,1.3669364166666682,full_anomaly_persistence,1.0,1.0,False,True,3,2008|2009|2010,30902ea735a8a23352f80286760d014b181340b7ac85de865234e30beb6ce395,2011-07-24,2011-08-22,30,18.799871458333335,17.432935041666667,3,2008|2009|2010,observation_time_proxy,historical data_available_time is unknown; observation_time is a pseudo-operational proxy
2011-08-30T00:00:00+00:00,2011-08-29,windermere,south,water_temperature,2.0,degC,month_1,2011-08-30,2011-09-28,16.680648337962964,15.582673699074073,1.0979746388888891,full_anomaly_persistence,1.0,1.0,False,True,3,2008|2009|2010,fc090c0b7c1397ac8820e7c308d4e3a43d796887369188c075f82eb364659639,2011-07-31,2011-08-29,30,18.344220333333332,17.246245694444443,3,2008|2009|2010,observation_time_proxy,historical data_available_time is unknown; observation_time is a pseudo-operational proxy
2011-08-30T00:00:00+00:00,2011-08-29,windermere,south,water_temperature,2.0,degC,month_2,2011-09-29,2011-10-28,14.127490523148149,13.02951588425926,1.0979746388888891,full_anomaly_persistence,1.0,1.0,False,True,3,2008|2009|2010,1302ccad6014b1c179e98226417a86b9edc777a7fe5e46704e2dbdbc49708333,2011-07-31,2011-08-29,30,18.344220333333332,17.246245694444443,3,2008|2009|2010,observation_time_proxy,historical data_available_time is unknown; observation_time is a pseudo-operational proxy
2011-08-30T00:00:00+00:00,2011-08-29,windermere,south,water_temperature,2.0,degC,month_3,2011-10-29,2011-11-27,10.868760276549919,9.77078563766103,1.0979746388888891,full_anomaly_persistence,1.0,1.0,False,True,3,2008|2009|2010,cf779836b4382dbadc93a6cfb3fec0161c66a048aea25eb3462caf4803ca51e9,2011-07-31,2011-08-29,30,18.344220333333332,17.246245694444443,3,2008|2009|2010,observation_time_proxy,historical data_available_time is unknown; observation_time is a pseudo-operational proxy
2011-09-06T00:00:00+00:00,2011-09-05,windermere,south,water_temperature,2.0,degC,month_1,2011-09-06,2011-10-05,15.73430501851852,15.050147523148148,0.6841574953703713,full_anomaly_persistence,1.0,1.0,False,True,3,2008|2009|2010,f2ac5af494176ea68db92e04fd6b8adbee260e92302e20189a05a56cf360a8ca,2011-08-07,2011-09-05,30,17.67304615277778,16.988888657407408,3,2008|2009|2010,observation_time_proxy,historical data_available_time is unknown; observation_time is a pseudo-operational proxy
2011-09-06T00:00:00+00:00,2011-09-05,windermere,south,water_temperature,2.0,degC,month_2,2011-10-06,2011-11-04,12.975973724235105,12.291816228864734,0.6841574953703713,full_anomaly_persistence,1.0,1.0,False,True,3,2008|2009|2010,59290bdb2863b70d2dfae73c54d909cb2463a7fdd4ce3ea696d95d3362e00d60,2011-08-07,2011-09-05,30,17.67304615277778,16.988888657407408,3,2008|2009|2010,observation_time_proxy,historical data_available_time is unknown; observation_time is a pseudo-operational proxy
2011-09-06T00:00:00+00:00,2011-09-05,windermere,south,water_temperature,2.0,degC,month_3,2011-11-05,2011-12-04,9.70368118287037,9.0195236875,0.6841574953703713,full_anomaly_persistence,1.0,1.0,False,True,3,2008|2009|2010,ab5eb8984405cd3df77eb1c59fc536651744ad0346cc28d38b49b64146634b8d,2011-08-07,2011-09-05,30,17.67304615277778,16.988888657407408,3,2008|2009|2010,observation_time_proxy,historical data_available_time is unknown; observation_time is a pseudo-operational proxy
2011-09-13T00:00:00+00:00,2011-09-12,windermere,south,water_temperature,2.0,degC,month_1,2011-09-13,2011-10-12,15.016664337962965,14.520636393518519,0.496027944444446,full_anomaly_persistence,1.0,1.0,False,True,3,2008|2009|2010,c033b8f5b7eeb8ab527b384040a974233cc51b5bc17ed387e5c590620bec38f3,2011-08-14,2011-09-12,30,17.066142916666667,16.57011497222222,3,2008|2009|2010,observation_time_proxy,historical data_available_time is unknown; observation_time is a pseudo-operational proxy
2011-09-13T00:00:00+00:00,2011-09-12,windermere,south,water_temperature,2.0,degC,month_2,2011-10-13,2011-11-11,12.016621995068439,11.520594050623993,0.496027944444446,full_anomaly_persistence,1.0,1.0,False,True,3,2008|2009|2010,3f3382e968c9b667a4ef85fe62c95b02699e06e4fc3ed0ef304aadc7fdcdf3b7,2011-08-14,2011-09-12,30,17.066142916666667,16.57011497222222,3,2008|2009|2010,observation_time_proxy,historical data_available_time is unknown; observation_time is a pseudo-operational proxy
2011-09-13T00:00:00+00:00,2011-09-12,windermere,south,water_temperature,2.0,degC,month_3,2011-11-12,2011-12-11,8.742007293055558,8.245979348611112,0.496027944444446,full_anomaly_persistence,1.0,1.0,False,True,3,2008|2009|2010,f80b99d139ef11209cf3c06c3694b6d56e1add5a8517db807cee625769cc5054,2011-08-14,2011-09-12,30,17.066142916666667,16.57011497222222,3,2008|2009|2010,observation_time_proxy,historical data_available_time is unknown; observation_time is a pseudo-operational proxy
2011-09-20T00:00:00+00:00,2011-09-19,windermere,south,water_temperature,2.0,degC,month_1,2011-09-20,2011-10-19,14.15659625,13.927047319444444,0.22954893055555559,full_anomaly_persistence,1.0,1.0,False,True,3,2008|2009|2010,5294f407131d9baa80a1934cfb0d665fef3ba18582cb4aaa6b62de9da7e4b225,2011-08-21,2011-09-19,30,16.408881166666667,16.17933223611111,3,2008|2009|2010,observation_time_proxy,historical data_available_time is unknown; observation_time is a pseudo-operational proxy
2011-09-20T00:00:00+00:00,2011-09-19,windermere,south,water_temperature,2.0,degC,month_2,2011-10-20,2011-11-18,10.924367820531401,10.694818889975846,0.22954893055555559,full_anomaly_persistence,1.0,1.0,False,True,3,2008|2009|2010,6986adaede0f0ef5b2f766f2789bd5e8c1583f2be8300b40d1e5d2a2d10b6efd,2011-08-21,2011-09-19,30,16.408881166666667,16.17933223611111,3,2008|2009|2010,observation_time_proxy,historical data_available_time is unknown; observation_time is a pseudo-operational proxy
2011-09-20T00:00:00+00:00,2011-09-19,windermere,south,water_temperature,2.0,degC,month_3,2011-11-19,2011-12-18,7.7679678277777775,7.538418897222222,0.22954893055555559,full_anomaly_persistence,1.0,1.0,False,True,3,2008|2009|2010,77f75bc4c33ed11b91b703e9ecbb0ad114b7b8103367971c48d9e2e1293ff177,2011-08-21,2011-09-19,30,16.408881166666667,16.17933223611111,3,2008|2009|2010,observation_time_proxy,historical data_available_time is unknown; observation_time is a pseudo-operational proxy
2011-09-27T00:00:00+00:00,2011-09-26,windermere,south,water_temperature,2.0,degC,month_1,2011-09-27,2011-10-26,13.202274800925926,13.235672884259259,-0.03339808333333316,full_anomaly_persistence,1.0,1.0,False,True,3,2008|2009|2010,00a4a07e7f4f77d349ae36eee51aed4c8f0582afc33d81b60f83072f7635c48a,2011-08-28,2011-09-26,30,15.682038055555555,15.715436138888888,3,2008|2009|2010,observation_time_proxy,historical data_available_time is unknown; observation_time is a pseudo-operational proxy
2011-09-27T00:00:00+00:00,2011-09-26,windermere,south,water_temperature,2.0,degC,month_2,2011-10-27,2011-11-25,9.939963315438808,9.973361398772141,-0.03339808333333316,full_anomaly_persistence,1.0,1.0,False,True,3,2008|2009|2010,c86a589bf2a8eedfd23dd1257272293736b0be82bc9d1c4f3bc2f5b17adaf456,2011-08-28,2011-09-26,30,15.682038055555555,15.715436138888888,3,2008|2009|2010,observation_time_proxy,historical data_available_time is unknown; observation_time is a pseudo-operational proxy
2011-09-27T00:00:00+00:00,2011-09-26,windermere,south,water_temperature,2.0,degC,month_3,2011-11-26,2011-12-25,6.781772534259259,6.815170617592592,-0.03339808333333316,full_anomaly_persistence,1.0,1.0,False,True,3,2008|2009|2010,82d50e029e73a4c7a474a95dae165f81196ccbdfae7facd34056a53b073a3fad,2011-08-28,2011-09-26,30,15.682038055555555,15.715436138888888,3,2008|2009|2010,observation_time_proxy,historical data_available_time is unknown; observation_time is a pseudo-operational proxy
2011-10-04T00:00:00+00:00,2011-10-03,windermere,south,water_temperature,2.0,degC,month_1,2011-10-04,2011-11-02,12.491937103864736,12.502482645531401,-0.01054554166666577,full_anomaly_persistence,1.0,1.0,False,True,3,2008|2009|2010,07364fe0d7a35155512614e4fdce9d4cdafee6bebbe1b8872047a635a6ecd8eb,2011-09-04,2011-10-03,30,15.200882319444444,15.21142786111111,3,2008|2009|2010,observation_time_proxy,historical data_available_time is unknown; observation_time is a pseudo-operational proxy
2011-10-04T00:00:00+00:00,2011-10-03,windermere,south,water_temperature,2.0,degC,month_2,2011-11-03,2011-12-02,9.230973056481483,9.241518598148149,-0.01054554166666577,full_anomaly_persistence,1.0,1.0,False,True,3,2008|2009|2010,1f87150759ea648501739ba2680a84675b1497fd12ebfc8f147564046567af5a,2011-09-04,2011-10-03,30,15.200882319444444,15.21142786111111,3,2008|2009|2010,observation_time_proxy,historical data_available_time is unknown; observation_time is a pseudo-operational proxy
2011-10-04T00:00:00+00:00,2011-10-03,windermere,south,water_temperature,2.0,degC,month_3,2011-12-03,2012-01-01,6.169964256101117,6.180509797767783,-0.01054554166666577,full_anomaly_persistence,1.0,1.0,False,True,3,2008|2009|2010,3308577afa0ee7eb8d685618e08519f375c1e00a48e56fdc6ef867de54602fee,2011-09-04,2011-10-03,30,15.200882319444444,15.21142786111111,3,2008|2009|2010,observation_time_proxy,historical data_available_time is unknown; observation_time is a pseudo-operational proxy
2011-10-11T00:00:00+00:00,2011-10-10,windermere,south,water_temperature,2.0,degC,month_1,2011-10-11,2011-11-09,11.783010140901771,11.753869094605475,0.02914104629629577,full_anomaly_persistence,1.0,1.0,False,True,3,2008|2009|2010,4415bff025b7f524615523459ba97b754055290582a9bdd5387a2787fab618e3,2011-09-11,2011-10-10,30,14.712802722222222,14.683661675925926,3,2008|2009|2010,observation_time_proxy,historical data_available_time is unknown; observation_time is a pseudo-operational proxy
2011-10-11T00:00:00+00:00,2011-10-10,windermere,south,water_temperature,2.0,degC,month_2,2011-11-10,2011-12-09,8.486893710648147,8.457752664351851,0.02914104629629577,full_anomaly_persistence,1.0,1.0,False,True,3,2008|2009|2010,7d29983689206a00ce42c28a24b4bd7380aaccbecb75a11fcd0fde0433f11699,2011-09-11,2011-10-10,30,14.712802722222222,14.683661675925926,3,2008|2009|2010,observation_time_proxy,historical data_available_time is unknown; observation_time is a pseudo-operational proxy
2011-10-11T00:00:00+00:00,2011-10-10,windermere,south,water_temperature,2.0,degC,month_3,2011-12-10,2012-01-08,,,0.02914104629629577,full_anomaly_persistence,1.0,1.0,False,False,2,2008|2009,2c17b87e5e6fbbc34fda98f0254343edcf3929a4b6dba1e01301123fa56bf85c,2011-09-11,2011-10-10,30,14.712802722222222,14.683661675925926,3,2008|2009|2010,observation_time_proxy,historical data_available_time is unknown; observation_time is a pseudo-operational proxy
2011-10-18T00:00:00+00:00,2011-10-17,windermere,south,water_temperature,2.0,degC,month_1,2011-10-18,2011-11-16,11.221045473772142,10.924115302475846,0.29693017129629595,full_anomaly_persistence,1.0,1.0,False,True,3,2008|2009|2010,69d6f7e8c32ec7a3f6b2aa0fa21b81f3f43499a6b6bf6c1b8591123ead574265,2011-09-18,2011-10-17,30,14.397937472222223,14.101007300925927,3,2008|2009|2010,observation_time_proxy,historical data_available_time is unknown; observation_time is a pseudo-operational proxy
2011-10-18T00:00:00+00:00,2011-10-17,windermere,south,water_temperature,2.0,degC,month_2,2011-11-17,2011-12-16,8.033839995833333,7.736909824537038,0.29693017129629595,full_anomaly_persistence,1.0,1.0,False,True,3,2008|2009|2010,cdfc11d8522f294b67c9ebf79d96c0191fb882210c7421c06e320255d0159107,2011-09-18,2011-10-17,30,14.397937472222223,14.101007300925927,3,2008|2009|2010,observation_time_proxy,historical data_available_time is unknown; observation_time is a pseudo-operational proxy
2011-10-18T00:00:00+00:00,2011-10-17,windermere,south,water_temperature,2.0,degC,month_3,2011-12-17,2012-01-15,,,0.29693017129629595,full_anomaly_persistence,1.0,1.0,False,False,2,2008|2009,3ce29fc49bb3d7accec14afe6bf8a39466c4100ec63a566f6953035041710422,2011-09-18,2011-10-17,30,14.397937472222223,14.101007300925927,3,2008|2009|2010,observation_time_proxy,historical data_available_time is unknown; observation_time is a pseudo-operational proxy
2011-10-25T00:00:00+00:00,2011-10-24,windermere,south,water_temperature,2.0,degC,month_1,2011-10-25,2011-11-23,10.729665618216586,10.172522900623994,0.5571427175925923,full_anomaly_persistence,1.0,1.0,False,True,3,2008|2009|2010,aeefb8bfc8db701925147e67df2ec21caef5118b2515c60c6af6d0ed5c3e137c,2011-09-25,2011-10-24,30,13.997824472222222,13.44068175462963,3,2008|2009|2010,observation_time_proxy,historical data_available_time is unknown; observation_time is a pseudo-operational proxy
2011-10-25T00:00:00+00:00,2011-10-24,windermere,south,water_temperature,2.0,degC,month_2,2011-11-24,2011-12-23,7.573434018981481,7.016291301388889,0.5571427175925923,full_anomaly_persistence,1.0,1.0,False,True,3,2008|2009|2010,369936e1c7aaaba3708ecaf4bdd5b84571b11bf251b73a291f719d2f763b08e1,2011-09-25,2011-10-24,30,13.997824472222222,13.44068175462963,3,2008|2009|2010,observation_time_proxy,historical data_available_time is unknown; observation_time is a pseudo-operational proxy
2011-10-25T00:00:00+00:00,2011-10-24,windermere,south,water_temperature,2.0,degC,month_3,2011-12-24,2012-01-22,,,0.5571427175925923,full_anomaly_persistence,1.0,1.0,False,False,2,2008|2009,0dc8eea3721949af77562ad26ec26b3d04edeacc3f69f0e23ef34d3a11ee9dd0,2011-09-25,2011-10-24,30,13.997824472222222,13.44068175462963,3,2008|2009|2010,observation_time_proxy,historical data_available_time is unknown; observation_time is a pseudo-operational proxy
2011-11-01T00:00:00+00:00,2011-10-31,windermere,south,water_temperature,2.0,degC,month_1,2011-11-01,2011-11-30,10.154474596135266,9.457571033333334,0.696903562801932,full_anomaly_persistence,1.0,1.0,False,True,3,2008|2009|2010,b7e5bf3a094ce8db996063a9f5071be47ff43c572ed0416a8b4f4434855b8060,2011-10-02,2011-10-31,30,13.409378097222222,12.71247453442029,3,2008|2009|2010,observation_time_proxy,historical data_available_time is unknown; observation_time is a pseudo-operational proxy
2011-11-01T00:00:00+00:00,2011-10-31,windermere,south,water_temperature,2.0,degC,month_2,2011-12-01,2011-12-30,7.036284821598228,6.339381258796296,0.696903562801932,full_anomaly_persistence,1.0,1.0,False,True,3,2008|2009|2010,628bb409ea617d6aa10c62fe23404d77c6d11e876516f1255a1d4b1468af2f91,2011-10-02,2011-10-31,30,13.409378097222222,12.71247453442029,3,2008|2009|2010,observation_time_proxy,historical data_available_time is unknown; observation_time is a pseudo-operational proxy
2011-11-01T00:00:00+00:00,2011-10-31,windermere,south,water_temperature,2.0,degC,month_3,2011-12-31,2012-01-29,,,0.696903562801932,full_anomaly_persistence,1.0,1.0,False,False,2,2008|2009,758af9b2e4aad2541544b533af36df7478522e7f4e452adf7c6ab378d8511fc8,2011-10-02,2011-10-31,30,13.409378097222222,12.71247453442029,3,2008|2009|2010,observation_time_proxy,historical data_available_time is unknown; observation_time is a pseudo-operational proxy
2011-11-08T00:00:00+00:00,2011-11-07,windermere,south,water_temperature,2.0,degC,month_1,2011-11-08,2011-12-07,9.477872601690821,8.679619858333334,0.7982527433574873,full_anomaly_persistence,1.0,1.0,False,True,3,2008|2009|2010,6617d8967d2674c9f1fe9ae38a766f33b3f78f6e2308b90813c220e6a388f252,2011-10-09,2011-11-07,30,12.771417347222222,11.973164603864735,3,2008|2009|2010,observation_time_proxy,historical data_available_time is unknown; observation_time is a pseudo-operational proxy
2011-11-08T00:00:00+00:00,2011-11-07,windermere,south,water_temperature,2.0,degC,month_2,2011-12-08,2012-01-06,,,0.7982527433574873,full_anomaly_persistence,1.0,1.0,False,False,2,2008|2009,d00a9fe8a390f2adae56531a9f855689462c8f654bfbf280eb858a44695ca979,2011-10-09,2011-11-07,30,12.771417347222222,11.973164603864735,3,2008|2009|2010,observation_time_proxy,historical data_available_time is unknown; observation_time is a pseudo-operational proxy
2011-11-08T00:00:00+00:00,2011-11-07,windermere,south,water_temperature,2.0,degC,month_3,2012-01-07,2012-02-05,5.487583761876006,4.689331018518518,0.7982527433574873,full_anomaly_persistence,1.0,1.0,False,True,3,2008|2009|2010,56de89356a8e01cbdb5c1f8dfb619c3669447136d0f27a645023328b025c8418,2011-10-09,2011-11-07,30,12.771417347222222,11.973164603864735,3,2008|2009|2010,observation_time_proxy,historical data_available_time is unknown; observation_time is a pseudo-operational proxy
2011-11-15T00:00:00+00:00,2011-11-14,windermere,south,water_temperature,2.0,degC,month_1,2011-11-15,2011-12-14,8.948086225301932,7.940560446759259,1.0075257785426732,full_anomaly_persistence,1.0,1.0,False,True,3,2008|2009|2010,c790fd23fd078b9d4116a725766cd1ec3e88367973fcd747fa973b29c7eacd10,2011-10-16,2011-11-14,30,12.168538152777778,11.161012374235105,3,2008|2009|2010,observation_time_proxy,historical data_available_time is unknown; observation_time is a pseudo-operational proxy
2011-11-15T00:00:00+00:00,2011-11-14,windermere,south,water_temperature,2.0,degC,month_2,2011-12-15,2012-01-13,,,1.0075257785426732,full_anomaly_persistence,1.0,1.0,False,False,2,2008|2009,5aed85ee7d5a18762bbad007afde9a0abbf0fe1ca53ddced60f0e26a2147d548,2011-10-16,2011-11-14,30,12.168538152777778,11.161012374235105,3,2008|2009|2010,observation_time_proxy,historical data_available_time is unknown; observation_time is a pseudo-operational proxy
2011-11-15T00:00:00+00:00,2011-11-14,windermere,south,water_temperature,2.0,degC,month_3,2012-01-14,2012-02-12,5.547264667431562,4.5397388888888885,1.0075257785426732,full_anomaly_persistence,1.0,1.0,False,True,3,2008|2009|2010,295b6a15f10232043ac991bd5059d39eac6a9e96aecb241be2833a1bfc9e4705,2011-10-16,2011-11-14,30,12.168538152777778,11.161012374235105,3,2008|2009|2010,observation_time_proxy,historical data_available_time is unknown; observation_time is a pseudo-operational proxy
2011-11-22T00:00:00+00:00,2011-11-21,windermere,south,water_temperature,2.0,degC,month_1,2011-11-22,2011-12-21,8.46171672206119,7.226658585185185,1.235058136876006,full_anomaly_persistence,1.0,1.0,False,True,3,2008|2009|2010,53463eba63c8a6854ff24e21533467a3d7c4407fcc71829f62cefcbdb0f5a7ff,2011-10-23,2011-11-21,30,11.611099736111111,10.376041599235105,3,2008|2009|2010,observation_time_proxy,historical data_available_time is unknown; observation_time is a pseudo-operational proxy
2011-11-22T00:00:00+00:00,2011-11-21,windermere,south,water_temperature,2.0,degC,month_2,2011-12-22,2012-01-20,,,1.235058136876006,full_anomaly_persistence,1.0,1.0,False,False,2,2008|2009,d9f2dae73f879bc7e4fc8bca5e4b475d29779a78e429bda7c199f1b05f34278f,2011-10-23,2011-11-21,30,11.611099736111111,10.376041599235105,3,2008|2009|2010,observation_time_proxy,historical data_available_time is unknown; observation_time is a pseudo-operational proxy
2011-11-22T00:00:00+00:00,2011-11-21,windermere,south,water_temperature,2.0,degC,month_3,2012-01-21,2012-02-19,5.64880008132045,4.413741944444444,1.235058136876006,full_anomaly_persistence,1.0,1.0,False,True,3,2008|2009|2010,fcb8cbc66fcc9c48ae31cb05b1bbc80190fa6ac84f96eeeccdc4986087d98c31,2011-10-23,2011-11-21,30,11.611099736111111,10.376041599235105,3,2008|2009|2010,observation_time_proxy,historical data_available_time is unknown; observation_time is a pseudo-operational proxy
2011-11-29T00:00:00+00:00,2011-11-28,windermere,south,water_temperature,2.0,degC,month_1,2011-11-29,2011-12-28,8.007932982246377,6.523554162037037,1.48437882020934,full_anomaly_persistence,1.0,1.0,False,True,3,2008|2009|2010,4b67a55c4e011641a597c9443090da236f8559e5b4b25f798f66b731351dc456,2011-10-30,2011-11-28,30,11.151081970833333,9.666703150623993,3,2008|2009|2010,observation_time_proxy,historical data_available_time is unknown; observation_time is a pseudo-operational proxy
2011-11-29T00:00:00+00:00,2011-11-28,windermere,south,water_temperature,2.0,degC,month_2,2011-12-29,2012-01-27,,,1.48437882020934,full_anomaly_persistence,1.0,1.0,False,False,2,2008|2009,ec77704ebfc05e337783dde337999c457ea582328d5be957c62d7a2bad6ec219,2011-10-30,2011-11-28,30,11.151081970833333,9.666703150623993,3,2008|2009|2010,observation_time_proxy,historical data_available_time is unknown; observation_time is a pseudo-operational proxy
2011-11-29T00:00:00+00:00,2011-11-28,windermere,south,water_temperature,2.0,degC,month_3,2012-01-28,2012-02-26,5.771164514653784,4.286785694444444,1.48437882020934,full_anomaly_persistence,1.0,1.0,False,True,3,2008|2009|2010,b74e7c77015266993599c956de2350f388455576c565b2f4a0e7d06f6ae45772,2011-10-30,2011-11-28,30,11.151081970833333,9.666703150623993,3,2008|2009|2010,observation_time_proxy,historical data_available_time is unknown; observation_time is a pseudo-operational proxy
2011-12-06T00:00:00+00:00,2011-12-05,windermere,south,water_temperature,2.0,degC,month_1,2011-12-06,2012-01-04,,,1.7174201337962973,full_anomaly_persistence,1.0,1.0,False,False,2,2008|2009,37a8c6bbdc2b003e9dd6ca88e4e1bbe4ea0ac92a3ea858a320c36d4359bec163,2011-11-06,2011-12-05,30,10.622501034722223,8.905080900925926,3,2008|2009|2010,observation_time_proxy,historical data_available_time is unknown; observation_time is a pseudo-operational proxy
2011-12-06T00:00:00+00:00,2011-12-05,windermere,south,water_temperature,2.0,degC,month_2,2012-01-05,2012-02-03,6.465950237500001,4.748530103703704,1.7174201337962973,full_anomaly_persistence,1.0,1.0,False,True,3,2008|2009|2010,5ad50e84959a869594a0f68391f39f2a1ba18c6a04b77c27f1d52a4408f09e61,2011-11-06,2011-12-05,30,10.622501034722223,8.905080900925926,3,2008|2009|2010,observation_time_proxy,historical data_available_time is unknown; observation_time is a pseudo-operational proxy
2011-12-06T00:00:00+00:00,2011-12-05,windermere,south,water_temperature,2.0,degC,month_3,2012-02-04,2012-03-04,5.938931754166668,4.221511620370371,1.7174201337962973,full_anomaly_persistence,1.0,1.0,False,True,3,2008|2009|2010,5d8755ed2eebd8c18550559ca1e72d73237d58f59452e9217cfcbea6f58eda89,2011-11-06,2011-12-05,30,10.622501034722223,8.905080900925926,3,2008|2009|2010,observation_time_proxy,historical data_available_time is unknown; observation_time is a pseudo-operational proxy
2011-12-13T00:00:00+00:00,2011-12-12,windermere,south,water_temperature,2.0,degC,month_1,2011-12-13,2012-01-11,,,1.8015916407407406,full_anomaly_persistence,1.0,1.0,False,False,2,2008|2009,f5c4b916df69e24dc971a97899a592f717166fe8afd5acc4f9bb58100d3fea0b,2011-11-13,2011-12-12,30,9.94556500138889,8.143973360648149,3,2008|2009|2010,observation_time_proxy,historical data_available_time is unknown; observation_time is a pseudo-operational proxy
2011-12-13T00:00:00+00:00,2011-12-12,windermere,south,water_temperature,2.0,degC,month_2,2012-01-12,2012-02-10,6.379952011111111,4.578360370370371,1.8015916407407406,full_anomaly_persistence,1.0,1.0,False,True,3,2008|2009|2010,b46e0fa0b3a0fdee4df9d59f5f14a44a4d8fe985f67a000906acadd4639e2fe0,2011-11-13,2011-12-12,30,9.94556500138889,8.143973360648149,3,2008|2009|2010,observation_time_proxy,historical data_available_time is unknown; observation_time is a pseudo-operational proxy
2011-12-13T00:00:00+00:00,2011-12-12,windermere,south,water_temperature,2.0,degC,month_3,2012-02-11,2012-03-11,6.0540315481481475,4.252439907407407,1.8015916407407406,full_anomaly_persistence,1.0,1.0,False,True,3,2008|2009|2010,aa2e6ee249df30555df4e62c197f42dcf59b17c2b6c22e34e9f8a5240cc392ea,2011-11-13,2011-12-12,30,9.94556500138889,8.143973360648149,3,2008|2009|2010,observation_time_proxy,historical data_available_time is unknown; observation_time is a pseudo-operational proxy
2011-12-20T00:00:00+00:00,2011-12-19,windermere,south,water_temperature,2.0,degC,month_1,2011-12-20,2012-01-18,,,1.6929096388888896,full_anomaly_persistence,1.0,1.0,False,False,2,2008|2009,b9bee41553a0e6be5476d4c6300cdd8f7017902e719fe3f3e54c6610ad96cae9,2011-11-20,2011-12-19,30,9.128919931944445,7.436010293055555,3,2008|2009|2010,observation_time_proxy,historical data_available_time is unknown; observation_time is a pseudo-operational proxy
2011-12-20T00:00:00+00:00,2011-12-19,windermere,south,water_temperature,2.0,degC,month_2,2012-01-19,2012-02-17,6.143399361111112,4.450489722222223,1.6929096388888896,full_anomaly_persistence,1.0,1.0,False,True,3,2008|2009|2010,b8605596aa1ef2e90a7a07d8b86fab09b75dca3b2a453f09195c3f3f6617d6f0,2011-11-20,2011-12-19,30,9.128919931944445,7.436010293055555,3,2008|2009|2010,observation_time_proxy,historical data_available_time is unknown; observation_time is a pseudo-operational proxy
2011-12-20T00:00:00+00:00,2011-12-19,windermere,south,water_temperature,2.0,degC,month_3,2012-02-18,2012-03-18,6.103671675925927,4.4107620370370375,1.6929096388888896,full_anomaly_persistence,1.0,1.0,False,True,3,2008|2009|2010,d0ea6f3d6858bb24c856261a225157782fc2e0acb966108aab0c7bd626ec0fb3,2011-11-20,2011-12-19,30,9.128919931944445,7.436010293055555,3,2008|2009|2010,observation_time_proxy,historical data_available_time is unknown; observation_time is a pseudo-operational proxy
2011-12-27T00:00:00+00:00,2011-12-26,windermere,south,water_temperature,2.0,degC,month_1,2011-12-27,2012-01-25,,,1.5813560712962973,full_anomaly_persistence,1.0,1.0,False,False,2,2008|2009,39f907bf9ef9fb0594bd3fff02b5b3dfcba3525ebedd180a4f4a888426a14ff1,2011-11-27,2011-12-26,30,8.297354797222223,6.7159987259259255,3,2008|2009|2010,observation_time_proxy,historical data_available_time is unknown; observation_time is a pseudo-operational proxy
2011-12-27T00:00:00+00:00,2011-12-26,windermere,south,water_temperature,2.0,degC,month_2,2012-01-26,2012-02-24,5.901539173148149,4.3201831018518515,1.5813560712962973,full_anomaly_persistence,1.0,1.0,False,True,3,2008|2009|2010,5d353d9e5f8ec0cadbbdc10eead76d5e1dbc995148df3215f6dbb5e41be86921,2011-11-27,2011-12-26,30,8.297354797222223,6.7159987259259255,3,2008|2009|2010,observation_time_proxy,historical data_available_time is unknown; observation_time is a pseudo-operational proxy
2011-12-27T00:00:00+00:00,2011-12-26,windermere,south,water_temperature,2.0,degC,month_3,2012-02-25,2012-03-25,6.281494404629631,4.700138333333333,1.5813560712962973,full_anomaly_persistence,1.0,1.0,False,True,3,2008|2009|2010,062b0df84c2f0c3376c4794061c84345cde2ad9404f7ad0769c1d9fd1d46fe14,2011-11-27,2011-12-26,30,8.297354797222223,6.7159987259259255,3,2008|2009|2010,observation_time_proxy,historical data_available_time is unknown; observation_time is a pseudo-operational proxy
2012-01-03T00:00:00+00:00,2012-01-02,windermere,south,water_temperature,2.0,degC,month_1,2012-01-03,2012-02-01,5.681671286489605,4.560709142708333,1.1209621437812718,full_anomaly_persistence,1.0,1.0,False,True,4,2008|2009|2010|2011,3ce20bc4402f678ca33bc40653ee2d95ac436e0f1ca6f9f27615447325b9b99d,2011-12-04,2012-01-02,30,7.595900718055556,6.474938574274284,4,2008|2009|2010|2011,observation_time_proxy,historical data_available_time is unknown; observation_time is a pseudo-operational proxy
2012-01-03T00:00:00+00:00,2012-01-02,windermere,south,water_temperature,2.0,degC,month_2,2012-02-02,2012-03-02,5.412446328156272,4.291484184375,1.1209621437812718,full_anomaly_persistence,1.0,1.0,False,True,4,2008|2009|2010|2011,2e0428c759f7a620eec522d55cc6660a3fe41a54d1a3225c6f6305b78f301131,2011-12-04,2012-01-02,30,7.595900718055556,6.474938574274284,4,2008|2009|2010|2011,observation_time_proxy,historical data_available_time is unknown; observation_time is a pseudo-operational proxy
2012-01-03T00:00:00+00:00,2012-01-02,windermere,south,water_temperature,2.0,degC,month_3,2012-03-03,2012-04-01,6.279772418781272,5.1588102750000004,1.1209621437812718,full_anomaly_persistence,1.0,1.0,False,True,4,2008|2009|2010|2011,2c1c479a68fe1925cd4a0bc6b69d0ae8aaaf1dc716d9bf1a649544da1617b892,2011-12-04,2012-01-02,30,7.595900718055556,6.474938574274284,4,2008|2009|2010|2011,observation_time_proxy,historical data_available_time is unknown; observation_time is a pseudo-operational proxy
2012-01-10T00:00:00+00:00,2012-01-09,windermere,south,water_temperature,2.0,degC,month_1,2012-01-10,2012-02-08,5.962592885210347,4.4273915100694445,1.5352013751409022,full_anomaly_persistence,1.0,1.0,False,True,4,2008|2009|2010|2011,3f92044f8bf577160b05c55b6a223e0df7c26a12670cae376d73f64a5ab75440,2011-12-11,2012-01-09,30,7.0516152694444445,5.516413894303542,3,2008|2009|2010,observation_time_proxy,historical data_available_time is unknown; observation_time is a pseudo-operational proxy
2012-01-10T00:00:00+00:00,2012-01-09,windermere,south,water_temperature,2.0,degC,month_2,2012-02-09,2012-03-09,5.879467270279791,4.344265895138889,1.5352013751409022,full_anomaly_persistence,1.0,1.0,False,True,4,2008|2009|2010|2011,50bc6329fa8231e85852c4fad561a620c237a0ed73705cb35660d4845eec25aa,2011-12-11,2012-01-09,30,7.0516152694444445,5.516413894303542,3,2008|2009|2010,observation_time_proxy,historical data_available_time is unknown; observation_time is a pseudo-operational proxy
2012-01-10T00:00:00+00:00,2012-01-09,windermere,south,water_temperature,2.0,degC,month_3,2012-03-10,2012-04-08,7.1488134338214575,5.613612058680555,1.5352013751409022,full_anomaly_persistence,1.0,1.0,False,True,4,2008|2009|2010|2011,fc721bfab0ada277e9c3ef869a82e56d9b5aac1458493d394e93350abea54e7d,2011-12-11,2012-01-09,30,7.0516152694444445,5.516413894303542,3,2008|2009|2010,observation_time_proxy,historical data_available_time is unknown; observation_time is a pseudo-operational proxy
2012-01-17T00:00:00+00:00,2012-01-16,windermere,south,water_temperature,2.0,degC,month_1,2012-01-17,2012-02-15,6.122083669353865,4.372334334027777,1.7497493353260873,full_anomaly_persistence,1.0,1.0,False,True,4,2008|2009|2010|2011,cd9feeb5ccf54f48d101ea8055337c51b7448551942c03863aa2f6298323d821,2011-12-18,2012-01-16,30,6.7399709055555554,4.990221570229468,3,2008|2009|2010,observation_time_proxy,historical data_available_time is unknown; observation_time is a pseudo-operational proxy
2012-01-17T00:00:00+00:00,2012-01-16,windermere,south,water_temperature,2.0,degC,month_2,2012-02-16,2012-03-16,6.219421103728865,4.469671768402778,1.7497493353260873,full_anomaly_persistence,1.0,1.0,False,True,4,2008|2009|2010|2011,959903bd1fbde7c3494deed6b0ff1e76411c579049d79a3ec0103aee55251ebf,2011-12-18,2012-01-16,30,6.7399709055555554,4.990221570229468,3,2008|2009|2010,observation_time_proxy,historical data_available_time is unknown; observation_time is a pseudo-operational proxy
2012-01-17T00:00:00+00:00,2012-01-16,windermere,south,water_temperature,2.0,degC,month_3,2012-03-17,2012-04-15,8.076412179770532,6.326662844444444,1.7497493353260873,full_anomaly_persistence,1.0,1.0,False,True,4,2008|2009|2010|2011,80de85575f62e22d5fef412f43e8ba659bc0ba61276d6c6a16c0e4023c1b3dbf,2011-12-18,2012-01-16,30,6.7399709055555554,4.990221570229468,3,2008|2009|2010,observation_time_proxy,historical data_available_time is unknown; observation_time is a pseudo-operational proxy
2012-01-24T00:00:00+00:00,2012-01-23,windermere,south,water_temperature,2.0,degC,month_1,2012-01-24,2012-02-22,6.221393605927939,4.312119325694445,1.909274280233494,full_anomaly_persistence,1.0,1.0,False,True,4,2008|2009|2010|2011,7328a0a063fd4e8168717a594f868f7f38cc9a3be0bd61ea55d9d4cd0df828da,2011-12-25,2012-01-23,30,6.5020930805555555,4.592818800322061,3,2008|2009|2010,observation_time_proxy,historical data_available_time is unknown; observation_time is a pseudo-operational proxy
2012-01-24T00:00:00+00:00,2012-01-23,windermere,south,water_temperature,2.0,degC,month_2,2012-02-23,2012-03-23,6.659563119469605,4.750288839236111,1.909274280233494,full_anomaly_persistence,1.0,1.0,False,True,4,2008|2009|2010|2011,c2365be4b000ae8dc1068430ed2990555b8e88b12f3236ca2a772bb2fd6c58d2,2011-12-25,2012-01-23,30,6.5020930805555555,4.592818800322061,3,2008|2009|2010,observation_time_proxy,historical data_available_time is unknown; observation_time is a pseudo-operational proxy
2012-01-24T00:00:00+00:00,2012-01-23,windermere,south,water_temperature,2.0,degC,month_3,2012-03-24,2012-04-22,9.038308563855427,7.129034283621934,1.909274280233494,full_anomaly_persistence,1.0,1.0,False,True,4,2008|2009|2010|2011,43bb2ae838690c85f31b2108f7ef5664a1296044833c7c799a9d3be8af3fa50a,2011-12-25,2012-01-23,30,6.5020930805555555,4.592818800322061,3,2008|2009|2010,observation_time_proxy,historical data_available_time is unknown; observation_time is a pseudo-operational proxy
2012-01-31T00:00:00+00:00,2012-01-30,windermere,south,water_temperature,2.0,degC,month_1,2012-01-31,2012-02-29,5.917351630721619,4.280916397222223,1.6364352334993963,full_anomaly_persistence,1.0,1.0,False,True,4,2008|2009|2010|2011,e5ee625ca89fe3a5221a8969fe3f64dbf96bce0042ed55d1935d4f86d376426c,2012-01-01,2012-01-30,30,6.258717336111111,4.622282102611715,4,2008|2009|2010|2011,observation_time_proxy,historical data_available_time is unknown; observation_time is a pseudo-operational proxy
2012-01-31T00:00:00+00:00,2012-01-30,windermere,south,water_temperature,2.0,degC,month_2,2012-03-01,2012-03-30,6.70389114808273,5.067455914583333,1.6364352334993963,full_anomaly_persistence,1.0,1.0,False,True,4,2008|2009|2010|2011,45ca71f9a65d79e23341e6acca95dd92996e875672f709e129e317b0e31cb9ed,2012-01-01,2012-01-30,30,6.258717336111111,4.622282102611715,4,2008|2009|2010|2011,observation_time_proxy,historical data_available_time is unknown; observation_time is a pseudo-operational proxy
2012-01-31T00:00:00+00:00,2012-01-30,windermere,south,water_temperature,2.0,degC,month_3,2012-03-31,2012-04-29,9.930923781647545,8.294488548148149,1.6364352334993963,full_anomaly_persistence,1.0,1.0,False,True,3,2008|2009|2011,ede0ee293106f756f03af806b27cb61cbac8c5b107392be1a9a06659413a7d3f,2012-01-01,2012-01-30,30,6.258717336111111,4.622282102611715,4,2008|2009|2010|2011,observation_time_proxy,historical data_available_time is unknown; observation_time is a pseudo-operational proxy
2012-02-07T00:00:00+00:00,2012-02-06,windermere,south,water_temperature,2.0,degC,month_1,2012-02-07,2012-03-07,5.848218986458334,4.326051148958333,1.5221678375000005,full_anomaly_persistence,1.0,1.0,False,True,4,2008|2009|2010|2011,0ef4ebdddd104d6778998ba9ee20e55582be398b46f5f72100dfb93f7b9cbcb6,2012-01-08,2012-02-06,30,5.973701623611111,4.451533786111111,4,2008|2009|2010|2011,observation_time_proxy,historical data_available_time is unknown; observation_time is a pseudo-operational proxy
2012-02-07T00:00:00+00:00,2012-02-06,windermere,south,water_temperature,2.0,degC,month_2,2012-03-08,2012-04-06,6.992330643402778,5.470162805902778,1.5221678375000005,full_anomaly_persistence,1.0,1.0,False,True,4,2008|2009|2010|2011,b37c4eee6af17a62ede8c2f9c2007452395d2e96b6683029c2182d6c4473ba29,2012-01-08,2012-02-06,30,5.973701623611111,4.451533786111111,4,2008|2009|2010|2011,observation_time_proxy,historical data_available_time is unknown; observation_time is a pseudo-operational proxy
2012-02-07T00:00:00+00:00,2012-02-06,windermere,south,water_temperature,2.0,degC,month_3,2012-04-07,2012-05-06,10.824300462962963,9.302132625462963,1.5221678375000005,full_anomaly_persistence,1.0,1.0,False,True,3,2008|2009|2011,28af3f74c366ada74a6409af8358316399eabdd1e888c9ba883ca832c3edd73f,2012-01-08,2012-02-06,30,5.973701623611111,4.451533786111111,4,2008|2009|2010|2011,observation_time_proxy,historical data_available_time is unknown; observation_time is a pseudo-operational proxy
2012-02-14T00:00:00+00:00,2012-02-13,windermere,south,water_temperature,2.0,degC,month_1,2012-02-14,2012-03-14,5.669567205208333,4.421555153819444,1.2480120513888888,full_anomaly_persistence,1.0,1.0,False,True,4,2008|2009|2010|2011,60338de056c0f87eabe48eb9df983055c4e123bbab1d8c6e1dcff1c6abcc38d4,2012-01-15,2012-02-13,30,5.6373738541666665,4.389361802777778,4,2008|2009|2010|2011,observation_time_proxy,historical data_available_time is unknown; observation_time is a pseudo-operational proxy
2012-02-14T00:00:00+00:00,2012-02-13,windermere,south,water_temperature,2.0,degC,month_2,2012-03-15,2012-04-13,7.356434216319444,6.1084221649305555,1.2480120513888888,full_anomaly_persistence,1.0,1.0,False,True,4,2008|2009|2010|2011,1390ad72e25b0d65c26b73c89b0ff4b9355e0f06868d0cd2dcb807e25859909d,2012-01-15,2012-02-13,30,5.6373738541666665,4.389361802777778,4,2008|2009|2010|2011,observation_time_proxy,historical data_available_time is unknown; observation_time is a pseudo-operational proxy
2012-02-14T00:00:00+00:00,2012-02-13,windermere,south,water_temperature,2.0,degC,month_3,2012-04-14,2012-05-13,11.616002638888888,10.3679905875,1.2480120513888888,full_anomaly_persistence,1.0,1.0,False,True,3,2008|2009|2011,3494012d2da76c7f363c2623ebac7ac67edabf4504678a54fc4f81321b6b199f,2012-01-15,2012-02-13,30,5.6373738541666665,4.389361802777778,4,2008|2009|2010|2011,observation_time_proxy,historical data_available_time is unknown; observation_time is a pseudo-operational proxy
2012-02-21T00:00:00+00:00,2012-02-20,windermere,south,water_temperature,2.0,degC,month_1,2012-02-21,2012-03-21,5.640075512847222,4.65839459375,0.9816809190972222,full_anomaly_persistence,1.0,1.0,False,True,4,2008|2009|2010|2011,210adacde2b7308089d06ede06b1372f04366d4e119e02360d0a10f66ca233da,2012-01-22,2012-02-20,30,5.309241569444445,4.327560650347222,4,2008|2009|2010|2011,observation_time_proxy,historical data_available_time is unknown; observation_time is a pseudo-operational proxy
2012-02-21T00:00:00+00:00,2012-02-20,windermere,south,water_temperature,2.0,degC,month_2,2012-03-22,2012-04-20,7.884542398926768,6.902861479829546,0.9816809190972222,full_anomaly_persistence,1.0,1.0,False,True,4,2008|2009|2010|2011,c82b517a7f4378df309535193ab795b97d5c0be189b3b191b73c4a6f3bd71968,2012-01-22,2012-02-20,30,5.309241569444445,4.327560650347222,4,2008|2009|2010|2011,observation_time_proxy,historical data_available_time is unknown; observation_time is a pseudo-operational proxy
2012-02-21T00:00:00+00:00,2012-02-20,windermere,south,water_temperature,2.0,degC,month_3,2012-04-21,2012-05-20,12.25491133576389,11.273230416666667,0.9816809190972222,full_anomaly_persistence,1.0,1.0,False,True,3,2008|2009|2011,dfd69079b9eb4f33979acf39dcca25f7f7f009047a5efef99cbf88b953a07f55,2012-01-22,2012-02-20,30,5.309241569444445,4.327560650347222,4,2008|2009|2010|2011,observation_time_proxy,historical data_available_time is unknown; observation_time is a pseudo-operational proxy
2012-02-28T00:00:00+00:00,2012-02-27,windermere,south,water_temperature,2.0,degC,month_1,2012-02-28,2012-03-28,5.862181161805555,5.0085375843749995,0.8536435774305557,full_anomaly_persistence,1.0,1.0,False,True,4,2008|2009|2010|2011,2fd0e832c8ddf7e75c35fb309760fc37659be695ee3899f0e20df5673d5814a4,2012-01-29,2012-02-27,30,5.136933066666667,4.283289489236111,4,2008|2009|2010|2011,observation_time_proxy,historical data_available_time is unknown; observation_time is a pseudo-operational proxy
2012-02-28T00:00:00+00:00,2012-02-27,windermere,south,water_temperature,2.0,degC,month_2,2012-03-29,2012-04-27,8.861353524652777,8.007709947222223,0.8536435774305557,full_anomaly_persistence,1.0,1.0,False,True,3,2008|2009|2011,a029a2e3bc9d99863ad64d0ee6e6d4fdd8f8e54f6384fcbcdb07c53e1ae04280,2012-01-29,2012-02-27,30,5.136933066666667,4.283289489236111,4,2008|2009|2010|2011,observation_time_proxy,historical data_available_time is unknown; observation_time is a pseudo-operational proxy
2012-02-28T00:00:00+00:00,2012-02-27,windermere,south,water_temperature,2.0,degC,month_3,2012-04-28,2012-05-27,12.733307578587965,11.879664001157408,0.8536435774305557,full_anomaly_persistence,1.0,1.0,False,True,4,2008|2009|2010|2011,df737430f6e210419f7facbe44963a6bb2e56b12b1871ed4ae92cc0b697f5241,2012-01-29,2012-02-27,30,5.136933066666667,4.283289489236111,4,2008|2009|2010|2011,observation_time_proxy,historical data_available_time is unknown; observation_time is a pseudo-operational proxy
2012-03-06T00:00:00+00:00,2012-03-05,windermere,south,water_temperature,2.0,degC,month_1,2012-03-06,2012-04-04,6.2002836170138895,5.345434773611111,0.8548488434027783,full_anomaly_persistence,1.0,1.0,False,True,4,2008|2009|2010|2011,eba99f52227e75f05475f60d1316a8f2378ccd3b8f0dc35a468b4e88efea0b62,2012-02-05,2012-03-05,30,5.164166658333333,4.309317814930555,4,2008|2009|2010|2011,observation_time_proxy,historical data_available_time is unknown; observation_time is a pseudo-operational proxy
2012-03-06T00:00:00+00:00,2012-03-05,windermere,south,water_temperature,2.0,degC,month_2,2012-04-05,2012-05-04,9.853999430439817,8.999150587037038,0.8548488434027783,full_anomaly_persistence,1.0,1.0,False,True,3,2008|2009|2011,562d3586c3363df5870fe300d93b09cfe49ec83977a23b54f2a4ca3dd0759f87,2012-02-05,2012-03-05,30,5.164166658333333,4.309317814930555,4,2008|2009|2010|2011,observation_time_proxy,historical data_available_time is unknown; observation_time is a pseudo-operational proxy
2012-03-06T00:00:00+00:00,2012-03-05,windermere,south,water_temperature,2.0,degC,month_3,2012-05-05,2012-06-03,13.561668694097222,12.706819850694444,0.8548488434027783,full_anomaly_persistence,1.0,1.0,False,True,4,2008|2009|2010|2011,a5fc3bf66d9492ffcd632b04b79d80ae0393d7524727bb6b065be6ad98eb197b,2012-02-05,2012-03-05,30,5.164166658333333,4.309317814930555,4,2008|2009|2010|2011,observation_time_proxy,historical data_available_time is unknown; observation_time is a pseudo-operational proxy
2012-03-13T00:00:00+00:00,2012-03-12,windermere,south,water_temperature,2.0,degC,month_1,2012-03-13,2012-04-11,6.856477751041666,5.8936711031249995,0.9628066479166666,full_anomaly_persistence,1.0,1.0,False,True,4,2008|2009|2010|2011,ac2323786a502a2e634a4bcdc1e8bff30e7056237c6dc53d2007c7a451d6c766,2012-02-12,2012-03-12,30,5.344832233333333,4.382025585416667,4,2008|2009|2010|2011,observation_time_proxy,historical data_available_time is unknown; observation_time is a pseudo-operational proxy
2012-03-13T00:00:00+00:00,2012-03-12,windermere,south,water_temperature,2.0,degC,month_2,2012-04-12,2012-05-11,11.032147873842591,10.069341225925925,0.9628066479166666,full_anomaly_persistence,1.0,1.0,False,True,3,2008|2009|2011,e1cb66603b50e46e891d1fb03a8e9a1a04a7cb5e7398d0df26a4412968d12930,2012-02-12,2012-03-12,30,5.344832233333333,4.382025585416667,4,2008|2009|2010|2011,observation_time_proxy,historical data_available_time is unknown; observation_time is a pseudo-operational proxy
2012-03-13T00:00:00+00:00,2012-03-12,windermere,south,water_temperature,2.0,degC,month_3,2012-05-12,2012-06-10,14.719050220833333,13.756243572916667,0.9628066479166666,full_anomaly_persistence,1.0,1.0,False,True,4,2008|2009|2010|2011,fe8aa815a5162bc02f125e82ce62f649e5e4741482dc5689d0fa0bb4b46ebba6,2012-02-12,2012-03-12,30,5.344832233333333,4.382025585416667,4,2008|2009|2010|2011,observation_time_proxy,historical data_available_time is unknown; observation_time is a pseudo-operational proxy
2012-03-20T00:00:00+00:00,2012-03-19,windermere,south,water_temperature,2.0,degC,month_1,2012-03-20,2012-04-18,7.800490828819445,6.661669251736111,1.138821577083334,full_anomaly_persistence,1.0,1.0,False,True,4,2008|2009|2010|2011,5ce240acb450b9f3864d890f6b6797ac76c13ca63d5a3d465fe36326f2bab451,2012-02-19,2012-03-19,30,5.711932068055556,4.573110490972222,4,2008|2009|2010|2011,observation_time_proxy,historical data_available_time is unknown; observation_time is a pseudo-operational proxy
2012-03-20T00:00:00+00:00,2012-03-19,windermere,south,water_temperature,2.0,degC,month_2,2012-04-19,2012-05-18,12.18753848912037,11.048716912037037,1.138821577083334,full_anomaly_persistence,1.0,1.0,False,True,3,2008|2009|2011,f3da640c2a3407559b213fdc17dc9e267f54f55905d55714f81167b94b262f5a,2012-02-19,2012-03-19,30,5.711932068055556,4.573110490972222,4,2008|2009|2010|2011,observation_time_proxy,historical data_available_time is unknown; observation_time is a pseudo-operational proxy
2012-03-20T00:00:00+00:00,2012-03-19,windermere,south,water_temperature,2.0,degC,month_3,2012-05-19,2012-06-17,15.825570063194444,14.68674848611111,1.138821577083334,full_anomaly_persistence,1.0,1.0,False,True,4,2008|2009|2010|2011,5d19cc3345698d0a94fdc8f637bf45bedf74cdccb04d257c69993a72d83eb5b3,2012-02-19,2012-03-19,30,5.711932068055556,4.573110490972222,4,2008|2009|2010|2011,observation_time_proxy,historical data_available_time is unknown; observation_time is a pseudo-operational proxy
2012-03-27T00:00:00+00:00,2012-03-26,windermere,south,water_temperature,2.0,degC,month_1,2012-03-27,2012-04-25,9.099855800578704,7.73931187037037,1.3605439302083333,full_anomaly_persistence,1.0,1.0,False,True,3,2008|2009|2011,623a494389c61941a7c724385fa04b445d04a60a0284936c1ed964363388c1d6,2012-02-26,2012-03-26,30,6.2650266708333335,4.904482740625,4,2008|2009|2010|2011,observation_time_proxy,historical data_available_time is unknown; observation_time is a pseudo-operational proxy
2012-03-27T00:00:00+00:00,2012-03-26,windermere,south,water_temperature,2.0,degC,month_2,2012-04-26,2012-05-25,13.095867180208334,11.73532325,1.3605439302083333,full_anomaly_persistence,1.0,1.0,False,True,3,2008|2009|2011,2b5f74a9114d2e81f66e29514e1a75307d09059925f2da0fc0cdb2eafc60abe5,2012-02-26,2012-03-26,30,6.2650266708333335,4.904482740625,4,2008|2009|2010|2011,observation_time_proxy,historical data_available_time is unknown; observation_time is a pseudo-operational proxy
2012-03-27T00:00:00+00:00,2012-03-26,windermere,south,water_temperature,2.0,degC,month_3,2012-05-26,2012-06-24,16.757003378125,15.396459447916667,1.3605439302083333,full_anomaly_persistence,1.0,1.0,False,True,4,2008|2009|2010|2011,ac70265308e88d83a18463c4547a2b2e4457fecdb72bf90b426b2933f6cabf73,2012-02-26,2012-03-26,30,6.2650266708333335,4.904482740625,4,2008|2009|2010|2011,observation_time_proxy,historical data_available_time is unknown; observation_time is a pseudo-operational proxy
2012-04-03T00:00:00+00:00,2012-04-02,windermere,south,water_temperature,2.0,degC,month_1,2012-04-03,2012-05-02,10.704110535879629,8.727063722685184,1.9770468131944439,full_anomaly_persistence,1.0,1.0,False,True,3,2008|2009|2011,e54494065b8d695f5eaa4c6ca6146bae7e3d218692b82be2330301456984fd39,2012-03-04,2012-04-02,30,7.191221881944444,5.21417506875,4,2008|2009|2010|2011,observation_time_proxy,historical data_available_time is unknown; observation_time is a pseudo-operational proxy
2012-04-03T00:00:00+00:00,2012-04-02,windermere,south,water_temperature,2.0,degC,month_2,2012-05-03,2012-06-01,14.379675080208333,12.402628267013888,1.9770468131944439,full_anomaly_persistence,1.0,1.0,False,True,4,2008|2009|2010|2011,953e649438551d90276e3e183adee4234353eff5a46ad1dd680b64dab96108eb,2012-03-04,2012-04-02,30,7.191221881944444,5.21417506875,4,2008|2009|2010|2011,observation_time_proxy,historical data_available_time is unknown; observation_time is a pseudo-operational proxy
2012-04-03T00:00:00+00:00,2012-04-02,windermere,south,water_temperature,2.0,degC,month_3,2012-06-02,2012-07-01,18.22015250763889,16.243105694444445,1.9770468131944439,full_anomaly_persistence,1.0,1.0,False,True,4,2008|2009|2010|2011,452932b6e70e97d82fb7c45f657e24231d7a4e97b392f5cd53422ec68dfbad89,2012-03-04,2012-04-02,30,7.191221881944444,5.21417506875,4,2008|2009|2010|2011,observation_time_proxy,historical data_available_time is unknown; observation_time is a pseudo-operational proxy
2012-04-10T00:00:00+00:00,2012-04-09,windermere,south,water_temperature,2.0,degC,month_1,2012-04-10,2012-05-09,11.725397713888889,9.775137206944445,1.9502605069444439,full_anomaly_persistence,1.0,1.0,False,True,3,2008|2009|2011,9cb9fecf3b014a0f75f7f60b67f20c5eac83fc166dd9a90aa55b1222df42fdf1,2012-03-11,2012-04-09,30,7.649590752777778,5.699330245833334,4,2008|2009|2010|2011,observation_time_proxy,historical data_available_time is unknown; observation_time is a pseudo-operational proxy
2012-04-10T00:00:00+00:00,2012-04-09,windermere,south,water_temperature,2.0,degC,month_2,2012-05-10,2012-06-08,15.431380982638888,13.481120475694444,1.9502605069444439,full_anomaly_persistence,1.0,1.0,False,True,4,2008|2009|2010|2011,482af8965ba1a6bb491cc8377020355db718a53875d33faa935285876ed3022b,2012-03-11,2012-04-09,30,7.649590752777778,5.699330245833334,4,2008|2009|2010|2011,observation_time_proxy,historical data_available_time is unknown; observation_time is a pseudo-operational proxy
2012-04-10T00:00:00+00:00,2012-04-09,windermere,south,water_temperature,2.0,degC,month_3,2012-06-09,2012-07-08,18.8031225,16.852861993055555,1.9502605069444439,full_anomaly_persistence,1.0,1.0,False,True,4,2008|2009|2010|2011,1e172628eed4a5675deb95d1c53f84b22e860d94c269647ff16f67ae839a8094,2012-03-11,2012-04-09,30,7.649590752777778,5.699330245833334,4,2008|2009|2010|2011,observation_time_proxy,historical data_available_time is unknown; observation_time is a pseudo-operational proxy
2012-04-17T00:00:00+00:00,2012-04-16,windermere,south,water_temperature,2.0,degC,month_1,2012-04-17,2012-05-16,12.473263865972225,10.79435988888889,1.6789039770833343,full_anomaly_persistence,1.0,1.0,False,True,3,2008|2009|2011,7d3989d64b1bcf4be0fb398953dd430f8337eae9ae213df033c7bc4b49125404,2012-03-18,2012-04-16,30,8.114092811111112,6.435188834027778,4,2008|2009|2010|2011,observation_time_proxy,historical data_available_time is unknown; observation_time is a pseudo-operational proxy
2012-04-17T00:00:00+00:00,2012-04-16,windermere,south,water_temperature,2.0,degC,month_2,2012-05-17,2012-06-15,16.091710761805558,14.412806784722223,1.6789039770833343,full_anomaly_persistence,1.0,1.0,False,True,4,2008|2009|2010|2011,4af7e770e885508806470b417a7637668b6f9e432e2ce60a02f39f5544025a85,2012-03-18,2012-04-16,30,8.114092811111112,6.435188834027778,4,2008|2009|2010|2011,observation_time_proxy,historical data_available_time is unknown; observation_time is a pseudo-operational proxy
2012-04-17T00:00:00+00:00,2012-04-16,windermere,south,water_temperature,2.0,degC,month_3,2012-06-16,2012-07-15,19.032510438888888,17.353606461805555,1.6789039770833343,full_anomaly_persistence,1.0,1.0,False,True,4,2008|2009|2010|2011,a803c783d40eff9d4728a2749cf79e80cefe5f4307caaf0b5d5bb738db569bde,2012-03-18,2012-04-16,30,8.114092811111112,6.435188834027778,4,2008|2009|2010|2011,observation_time_proxy,historical data_available_time is unknown; observation_time is a pseudo-operational proxy
2012-04-24T00:00:00+00:00,2012-04-23,windermere,south,water_temperature,2.0,degC,month_1,2012-04-24,2012-05-23,12.772304799880752,11.558558898148148,1.2137459017326044,full_anomaly_persistence,1.0,1.0,False,True,3,2008|2009|2011,b40548c173630e2b254f23ebfde9896980323d633e4072c088e07bce018cf40f,2012-03-25,2012-04-23,30,8.460295298611111,7.246549396878507,4,2008|2009|2010|2011,observation_time_proxy,historical data_available_time is unknown; observation_time is a pseudo-operational proxy
2012-04-24T00:00:00+00:00,2012-04-23,windermere,south,water_temperature,2.0,degC,month_2,2012-05-24,2012-06-22,16.43083633228816,15.217090430555556,1.2137459017326044,full_anomaly_persistence,1.0,1.0,False,True,4,2008|2009|2010|2011,78c4f4e26862e0e06e01448a1120613d0bdd24d5b12ddf51d8ef5444853479f2,2012-03-25,2012-04-23,30,8.460295298611111,7.246549396878507,4,2008|2009|2010|2011,observation_time_proxy,historical data_available_time is unknown; observation_time is a pseudo-operational proxy
2012-04-24T00:00:00+00:00,2012-04-23,windermere,south,water_temperature,2.0,degC,month_3,2012-06-23,2012-07-22,18.86006926978816,17.646323368055555,1.2137459017326044,full_anomaly_persistence,1.0,1.0,False,True,4,2008|2009|2010|2011,976c11c482f2d8e1a27aad4499030450d30f62ae9000d62b8f789c577f46824b,2012-03-25,2012-04-23,30,8.460295298611111,7.246549396878507,4,2008|2009|2010|2011,observation_time_proxy,historical data_available_time is unknown; observation_time is a pseudo-operational proxy
2012-05-01T00:00:00+00:00,2012-04-30,windermere,south,water_temperature,2.0,degC,month_1,2012-05-01,2012-05-30,12.013779865393516,12.142018337152777,-0.12823847175926062,full_anomaly_persistence,1.0,1.0,False,True,4,2008|2009|2010|2011,1445e7bc9b3d10e42270d7ff9c90039a2e85ab80a7acb02686ab97ddf551b550,2012-04-01,2012-04-30,30,8.3159862875,8.44422475925926,3,2008|2009|2011,observation_time_proxy,historical data_available_time is unknown; observation_time is a pseudo-operational proxy
2012-05-01T00:00:00+00:00,2012-04-30,windermere,south,water_temperature,2.0,degC,month_2,2012-05-31,2012-06-29,15.866682566435184,15.994921038194445,-0.12823847175926062,full_anomaly_persistence,1.0,1.0,False,True,4,2008|2009|2010|2011,90510913d67b7b58e5936d32d0350f706f3471b197d378b635ee36f5fadb99d6,2012-04-01,2012-04-30,30,8.3159862875,8.44422475925926,3,2008|2009|2011,observation_time_proxy,historical data_available_time is unknown; observation_time is a pseudo-operational proxy
2012-05-01T00:00:00+00:00,2012-04-30,windermere,south,water_temperature,2.0,degC,month_3,2012-06-30,2012-07-29,17.74998323657407,17.87822170833333,-0.12823847175926062,full_anomaly_persistence,1.0,1.0,False,True,4,2008|2009|2010|2011,dd4548b7a7411ad1ea48405a10d06ddd4f2932280c498a1178373153873dc61f,2012-04-01,2012-04-30,30,8.3159862875,8.44422475925926,3,2008|2009|2011,observation_time_proxy,historical data_available_time is unknown; observation_time is a pseudo-operational proxy
2012-05-08T00:00:00+00:00,2012-05-07,windermere,south,water_temperature,2.0,degC,month_1,2012-05-08,2012-06-06,12.31207320162037,13.187896524305556,-0.8758233226851857,full_anomaly_persistence,1.0,1.0,False,True,4,2008|2009|2010|2011,0a11431ed98c96f7b65d13294b5180919cbe3c7e496197ea78fff2fbcdba9eef,2012-04-08,2012-05-07,30,8.5833433875,9.459166710185185,3,2008|2009|2011,observation_time_proxy,historical data_available_time is unknown; observation_time is a pseudo-operational proxy
2012-05-08T00:00:00+00:00,2012-05-07,windermere,south,water_temperature,2.0,degC,month_2,2012-06-07,2012-07-06,15.827243757175925,16.70306707986111,-0.8758233226851857,full_anomaly_persistence,1.0,1.0,False,True,4,2008|2009|2010|2011,dfeb506009a00e7f4db93a9e309846b294d95df1d9948d69c5f7299ba9131ecd,2012-04-08,2012-05-07,30,8.5833433875,9.459166710185185,3,2008|2009|2011,observation_time_proxy,historical data_available_time is unknown; observation_time is a pseudo-operational proxy
2012-05-08T00:00:00+00:00,2012-05-07,windermere,south,water_temperature,2.0,degC,month_3,2012-07-07,2012-08-05,16.95585336134259,17.831676684027777,-0.8758233226851857,full_anomaly_persistence,1.0,1.0,False,True,4,2008|2009|2010|2011,d9585ff389d21b3a4de4d9f224313a128154cb446aa487c3d9710c87937ed998,2012-04-08,2012-05-07,30,8.5833433875,9.459166710185185,3,2008|2009|2011,observation_time_proxy,historical data_available_time is unknown; observation_time is a pseudo-operational proxy
2012-05-15T00:00:00+00:00,2012-05-14,windermere,south,water_temperature,2.0,degC,month_1,2012-05-15,2012-06-13,12.667615812037036,14.15356079861111,-1.485944986574074,full_anomaly_persistence,1.0,1.0,False,True,4,2008|2009|2010|2011,549d8627b7f4cf3ede1f5b106cf0f126af93ccd33ce9ef5752e756299e9b13c8,2012-04-15,2012-05-14,30,9.023190018055555,10.509135004629629,3,2008|2009|2011,observation_time_proxy,historical data_available_time is unknown; observation_time is a pseudo-operational proxy
2012-05-15T00:00:00+00:00,2012-05-14,windermere,south,water_temperature,2.0,degC,month_2,2012-06-14,2012-07-13,15.730492478703704,17.216437465277778,-1.485944986574074,full_anomaly_persistence,1.0,1.0,False,True,4,2008|2009|2010|2011,4d3b2173fda7fa551120d933ce0e6a9aa173d7d7d67670cac1d0eea7f3a68ef6,2012-04-15,2012-05-14,30,9.023190018055555,10.509135004629629,3,2008|2009|2011,observation_time_proxy,historical data_available_time is unknown; observation_time is a pseudo-operational proxy
2012-05-15T00:00:00+00:00,2012-05-14,windermere,south,water_temperature,2.0,degC,month_3,2012-07-14,2012-08-12,16.32523196134259,17.811176947916664,-1.485944986574074,full_anomaly_persistence,1.0,1.0,False,True,4,2008|2009|2010|2011,d5ac281e1cddb382bf389685bb4dde37c967ff5a49725374941b4ae3efae42e4,2012-04-15,2012-05-14,30,9.023190018055555,10.509135004629629,3,2008|2009|2011,observation_time_proxy,historical data_available_time is unknown; observation_time is a pseudo-operational proxy
2012-05-22T00:00:00+00:00,2012-05-21,windermere,south,water_temperature,2.0,degC,month_1,2012-05-22,2012-06-20,13.24710109375,15.023319315972222,-1.7762182222222211,full_anomaly_persistence,1.0,1.0,False,True,4,2008|2009|2010|2011,f61021f4430426637a017a5e77de94ef0bf07fae4f8b4370bc8f81283da733a8,2012-04-22,2012-05-21,30,9.596086208333334,11.372304430555555,3,2008|2009|2011,observation_time_proxy,historical data_available_time is unknown; observation_time is a pseudo-operational proxy
2012-05-22T00:00:00+00:00,2012-05-21,windermere,south,water_temperature,2.0,degC,month_2,2012-06-21,2012-07-20,15.791223868055559,17.56744209027778,-1.7762182222222211,full_anomaly_persistence,1.0,1.0,False,True,4,2008|2009|2010|2011,0cb5f719a014a4da77b4f92344720a185c43f93e26c722039f9889a193567fe8,2012-04-22,2012-05-21,30,9.596086208333334,11.372304430555555,3,2008|2009|2011,observation_time_proxy,historical data_available_time is unknown; observation_time is a pseudo-operational proxy
2012-05-22T00:00:00+00:00,2012-05-21,windermere,south,water_temperature,2.0,degC,month_3,2012-07-21,2012-08-19,16.006345753472225,17.782563975694444,-1.7762182222222211,full_anomaly_persistence,1.0,1.0,False,True,4,2008|2009|2010|2011,7994306d98f68e11571389122c576284fa64b5e1ae1a08d75083e06fc4a85e17,2012-04-22,2012-05-21,30,9.596086208333334,11.372304430555555,3,2008|2009|2011,observation_time_proxy,historical data_available_time is unknown; observation_time is a pseudo-operational proxy
2012-05-29T00:00:00+00:00,2012-05-28,windermere,south,water_temperature,2.0,degC,month_1,2012-05-29,2012-06-27,14.902214544320435,15.732938572916666,-0.8307240285962312,full_anomaly_persistence,1.0,1.0,False,True,4,2008|2009|2010|2011,37d164808a8f1225dbb859603c226b8c5d265cc4a93dc4b24eb2f19260becb90,2012-04-29,2012-05-28,30,11.129653176388889,11.96037720498512,4,2008|2009|2010|2011,observation_time_proxy,historical data_available_time is unknown; observation_time is a pseudo-operational proxy
2012-05-29T00:00:00+00:00,2012-05-28,windermere,south,water_temperature,2.0,degC,month_2,2012-06-28,2012-07-27,16.99445716584821,17.825181194444443,-0.8307240285962312,full_anomaly_persistence,1.0,1.0,False,True,4,2008|2009|2010|2011,b7d9a1a3396f9b6eaf2ec485e7bc914c81b2742083900a3b31c77159a6fd809e,2012-04-29,2012-05-28,30,11.129653176388889,11.96037720498512,4,2008|2009|2010|2011,observation_time_proxy,historical data_available_time is unknown; observation_time is a pseudo-operational proxy
2012-05-29T00:00:00+00:00,2012-05-28,windermere,south,water_temperature,2.0,degC,month_3,2012-07-28,2012-08-26,16.842609842931545,17.673333871527777,-0.8307240285962312,full_anomaly_persistence,1.0,1.0,False,True,4,2008|2009|2010|2011,9afb48f33b921fbd009913a00c276f1585ff5dcc4ac6e7111bd58fc659bfc770,2012-04-29,2012-05-28,30,11.129653176388889,11.96037720498512,4,2008|2009|2010|2011,observation_time_proxy,historical data_available_time is unknown; observation_time is a pseudo-operational proxy
2012-06-05T00:00:00+00:00,2012-06-04,windermere,south,water_temperature,2.0,degC,month_1,2012-06-05,2012-07-04,16.4285078670977,16.53510576388889,-0.10659789679118781,full_anomaly_persistence,1.0,1.0,False,True,4,2008|2009|2010|2011,8c8548e7ade7ef9d8de279ecd487970f92b8ca324681a80e0a6610453b7dc9ce,2012-05-06,2012-06-04,29,12.768212554597701,12.874810451388889,4,2008|2009|2010|2011,observation_time_proxy,historical data_available_time is unknown; observation_time is a pseudo-operational proxy
2012-06-05T00:00:00+00:00,2012-06-04,windermere,south,water_temperature,2.0,degC,month_2,2012-07-05,2012-08-03,17.740289762931035,17.84688765972222,-0.10659789679118781,full_anomaly_persistence,1.0,1.0,False,True,4,2008|2009|2010|2011,af1d3d5aef100808078bfaffaa16e1e8736c4fdda2dd537e1c324a181cf07f38,2012-05-06,2012-06-04,29,12.768212554597701,12.874810451388889,4,2008|2009|2010|2011,observation_time_proxy,historical data_available_time is unknown; observation_time is a pseudo-operational proxy
2012-06-05T00:00:00+00:00,2012-06-04,windermere,south,water_temperature,2.0,degC,month_3,2012-08-04,2012-09-02,17.225023537236588,17.331621434027777,-0.10659789679118781,full_anomaly_persistence,1.0,1.0,False,True,4,2008|2009|2010|2011,88fba808f9c178c827779c0d0fef370ef7c836e39e777b4916900da5d6f1251f,2012-05-06,2012-06-04,29,12.768212554597701,12.874810451388889,4,2008|2009|2010|2011,observation_time_proxy,historical data_available_time is unknown; observation_time is a pseudo-operational proxy
2012-06-12T00:00:00+00:00,2012-06-11,windermere,south,water_temperature,2.0,degC,month_1,2012-06-12,2012-07-11,17.27241363745211,17.08231324652778,0.1901003909243304,full_anomaly_persistence,1.0,1.0,False,True,4,2008|2009|2010|2011,3373c9ae3619fe7c2c8012ca9884c699b292b108eac5bac9da23cebf0c840b80,2012-05-13,2012-06-11,29,14.077091331896552,13.886990940972222,4,2008|2009|2010|2011,observation_time_proxy,historical data_available_time is unknown; observation_time is a pseudo-operational proxy
2012-06-12T00:00:00+00:00,2012-06-11,windermere,south,water_temperature,2.0,degC,month_2,2012-07-12,2012-08-10,18.02101867217433,17.83091828125,0.1901003909243304,full_anomaly_persistence,1.0,1.0,False,True,4,2008|2009|2010|2011,fbb03a9c381a426c0e6d00e4f2c42232665497e34d85f353e8dfc311c0ca3a0d,2012-05-13,2012-06-11,29,14.077091331896552,13.886990940972222,4,2008|2009|2010|2011,observation_time_proxy,historical data_available_time is unknown; observation_time is a pseudo-operational proxy
2012-06-12T00:00:00+00:00,2012-06-11,windermere,south,water_temperature,2.0,degC,month_3,2012-08-11,2012-09-09,17.065342630507665,16.875242239583333,0.1901003909243304,full_anomaly_persistence,1.0,1.0,False,True,4,2008|2009|2010|2011,ef81c4454fee0c4275f890690edacd22cbc96f5332041d9f22c6a259c4d366f3,2012-05-13,2012-06-11,29,14.077091331896552,13.886990940972222,4,2008|2009|2010|2011,observation_time_proxy,historical data_available_time is unknown; observation_time is a pseudo-operational proxy
2012-06-19T00:00:00+00:00,2012-06-18,windermere,south,water_temperature,2.0,degC,month_1,2012-06-19,2012-07-18,17.926635264487548,17.478711194444443,0.4479240700431042,full_anomaly_persistence,1.0,1.0,False,True,4,2008|2009|2010|2011,b34d309cab4332e47ec862ba951072578dd7b126498bb5050028ef038dad2bda,2012-05-20,2012-06-18,29,15.25454783045977,14.806623760416667,4,2008|2009|2010|2011,observation_time_proxy,historical data_available_time is unknown; observation_time is a pseudo-operational proxy
2012-06-19T00:00:00+00:00,2012-06-18,windermere,south,water_temperature,2.0,degC,month_2,2012-07-19,2012-08-17,18.22518440337644,17.777260333333334,0.4479240700431042,full_anomaly_persistence,1.0,1.0,False,True,4,2008|2009|2010|2011,3cfb7747e955e3b3932d8df66338543c8f9814f052bd22f2044edfc0d3a4867e,2012-05-20,2012-06-18,29,15.25454783045977,14.806623760416667,4,2008|2009|2010|2011,observation_time_proxy,historical data_available_time is unknown; observation_time is a pseudo-operational proxy
2012-06-19T00:00:00+00:00,2012-06-18,windermere,south,water_temperature,2.0,degC,month_3,2012-08-18,2012-09-16,16.888538865181992,16.440614795138888,0.4479240700431042,full_anomaly_persistence,1.0,1.0,False,True,4,2008|2009|2010|2011,b270f597c7f2d1341748e1e03002cbae3f42496b7da827b9358e7fb52c9bc28a,2012-05-20,2012-06-18,29,15.25454783045977,14.806623760416667,4,2008|2009|2010|2011,observation_time_proxy,historical data_available_time is unknown; observation_time is a pseudo-operational proxy
2012-06-26T00:00:00+00:00,2012-06-25,windermere,south,water_temperature,2.0,degC,month_1,2012-06-26,2012-07-25,17.850178469947316,17.750020590277778,0.10015787966954015,full_anomaly_persistence,1.0,1.0,False,True,4,2008|2009|2010|2011,c1c04d4df8a212016a4102c28efef55f5e8d607ee705d01205eeb3e2b70f86fb,2012-05-27,2012-06-25,29,15.59382441091954,15.49366653125,4,2008|2009|2010|2011,observation_time_proxy,historical data_available_time is unknown; observation_time is a pseudo-operational proxy
2012-06-26T00:00:00+00:00,2012-06-25,windermere,south,water_temperature,2.0,degC,month_2,2012-07-26,2012-08-24,17.843619733836206,17.743461854166668,0.10015787966954015,full_anomaly_persistence,1.0,1.0,False,True,4,2008|2009|2010|2011,8fd544f41add8f146f83be90492dae9821d580aafdc3aa8a4262f24af88c7265,2012-05-27,2012-06-25,29,15.59382441091954,15.49366653125,4,2008|2009|2010|2011,observation_time_proxy,historical data_available_time is unknown; observation_time is a pseudo-operational proxy
2012-06-26T00:00:00+00:00,2012-06-25,windermere,south,water_temperature,2.0,degC,month_3,2012-08-25,2012-09-23,16.04088523730843,15.940727357638888,0.10015787966954015,full_anomaly_persistence,1.0,1.0,False,True,4,2008|2009|2010|2011,b650e6f15b1ff80125488537a9cb8819cfd667106d5d050e927f9c296ce44c06,2012-05-27,2012-06-25,29,15.59382441091954,15.49366653125,4,2008|2009|2010|2011,observation_time_proxy,historical data_available_time is unknown; observation_time is a pseudo-operational proxy
2012-07-03T00:00:00+00:00,2012-07-02,windermere,south,water_temperature,2.0,degC,month_1,2012-07-03,2012-08-01,16.51089465625,17.87328501388889,-1.3623903576388905,full_anomaly_persistence,1.0,1.0,False,True,4,2008|2009|2010|2011,e72142cb94f13aa6748a8e775427b1ad20db4052f7721b5b44e90eb8ce2c3cf9,2012-06-03,2012-07-02,30,14.995828611111111,16.358218968750002,4,2008|2009|2010|2011,observation_time_proxy,historical data_available_time is unknown; observation_time is a pseudo-operational proxy
2012-07-03T00:00:00+00:00,2012-07-02,windermere,south,water_temperature,2.0,degC,month_2,2012-08-02,2012-08-31,16.064718854166664,17.427109211805554,-1.3623903576388905,full_anomaly_persistence,1.0,1.0,False,True,4,2008|2009|2010|2011,38cd25478f3055182762bcf292f2c5127f23b77b95a784ae3ed4a989465a031e,2012-06-03,2012-07-02,30,14.995828611111111,16.358218968750002,4,2008|2009|2010|2011,observation_time_proxy,historical data_available_time is unknown; observation_time is a pseudo-operational proxy
2012-07-03T00:00:00+00:00,2012-07-02,windermere,south,water_temperature,2.0,degC,month_3,2012-09-01,2012-09-30,14.059258565972222,15.421648923611112,-1.3623903576388905,full_anomaly_persistence,1.0,1.0,False,True,4,2008|2009|2010|2011,96d47039b6f965b1f9987e51727389c5dcfd90b7a56f5d97a7ce113743f12d8e,2012-06-03,2012-07-02,30,14.995828611111111,16.358218968750002,4,2008|2009|2010|2011,observation_time_proxy,historical data_available_time is unknown; observation_time is a pseudo-operational proxy
2012-07-10T00:00:00+00:00,2012-07-09,windermere,south,water_temperature,2.0,degC,month_1,2012-07-10,2012-08-08,15.82926022101449,17.83799434722222,-2.008734126207731,full_anomaly_persistence,1.0,1.0,False,True,4,2008|2009|2010|2011,f425ce03f429786c6d8ad3220e7b13936f8719ed1c2c69d2de1e6de38f3a45db,2012-06-10,2012-07-09,30,14.923517568236715,16.932251694444446,4,2008|2009|2010|2011,observation_time_proxy,historical data_available_time is unknown; observation_time is a pseudo-operational proxy
2012-07-10T00:00:00+00:00,2012-07-09,windermere,south,water_temperature,2.0,degC,month_2,2012-08-09,2012-09-07,15.00024840851449,17.00898253472222,-2.008734126207731,full_anomaly_persistence,1.0,1.0,False,True,4,2008|2009|2010|2011,3ed2cf0d473f60f734682bdcbf1793feff6169409b6acb103828c3a741274a6a,2012-06-10,2012-07-09,30,14.923517568236715,16.932251694444446,4,2008|2009|2010|2011,observation_time_proxy,historical data_available_time is unknown; observation_time is a pseudo-operational proxy
2012-07-10T00:00:00+00:00,2012-07-09,windermere,south,water_temperature,2.0,degC,month_3,2012-09-08,2012-10-07,12.90255728351449,14.911291409722221,-2.008734126207731,full_anomaly_persistence,1.0,1.0,False,True,4,2008|2009|2010|2011,75749e1e310f7e64b4a89d78eeab619d71e82046c49162b171751190560e4f6b,2012-06-10,2012-07-09,30,14.923517568236715,16.932251694444446,4,2008|2009|2010|2011,observation_time_proxy,historical data_available_time is unknown; observation_time is a pseudo-operational proxy
2012-07-17T00:00:00+00:00,2012-07-16,windermere,south,water_temperature,2.0,degC,month_1,2012-07-17,2012-08-15,15.532084502895806,17.771412434027777,-2.239327931131971,full_anomaly_persistence,1.0,1.0,False,True,4,2008|2009|2010|2011,f1b649fea578a511116caa736e7d0e40fa56306c5cb126462c7c11aade7f9fa4,2012-06-17,2012-07-16,30,15.158666853590251,17.397994784722222,4,2008|2009|2010|2011,observation_time_proxy,historical data_available_time is unknown; observation_time is a pseudo-operational proxy
2012-07-17T00:00:00+00:00,2012-07-16,windermere,south,water_temperature,2.0,degC,month_2,2012-08-16,2012-09-14,14.336110127895807,16.57543805902778,-2.239327931131971,full_anomaly_persistence,1.0,1.0,False,True,4,2008|2009|2010|2011,bae0796181ccae83e490ca3c0a4e2a649f5c32ebb40362bc897f26169611d571,2012-06-17,2012-07-16,30,15.158666853590251,17.397994784722222,4,2008|2009|2010|2011,observation_time_proxy,historical data_available_time is unknown; observation_time is a pseudo-operational proxy
2012-07-17T00:00:00+00:00,2012-07-16,windermere,south,water_temperature,2.0,degC,month_3,2012-09-15,2012-10-14,12.149596405673584,14.388924336805555,-2.239327931131971,full_anomaly_persistence,1.0,1.0,False,True,4,2008|2009|2010|2011,5ccca9fdac7cb3528e7064b94ceb195769944b62ba9bc33374d0c95990e9ace0,2012-06-17,2012-07-16,30,15.158666853590251,17.397994784722222,4,2008|2009|2010|2011,observation_time_proxy,historical data_available_time is unknown; observation_time is a pseudo-operational proxy
2012-07-24T00:00:00+00:00,2012-07-23,windermere,south,water_temperature,2.0,degC,month_1,2012-07-24,2012-08-22,15.53803674595136,17.774669145833332,-2.236632399881973,full_anomaly_persistence,1.0,1.0,False,True,4,2008|2009|2010|2011,8754d211706fd2e33269bd91f250eb30daf0d2e0a00b15edf4d2728a241948ea,2012-06-24,2012-07-23,30,15.445973256368028,17.68260565625,4,2008|2009|2010|2011,observation_time_proxy,historical data_available_time is unknown; observation_time is a pseudo-operational proxy
2012-07-24T00:00:00+00:00,2012-07-23,windermere,south,water_temperature,2.0,degC,month_2,2012-08-23,2012-09-21,13.85506752720136,16.091699927083333,-2.236632399881973,full_anomaly_persistence,1.0,1.0,False,True,4,2008|2009|2010|2011,199defa4523b5be25a7b7677ec4a2ac38c2ba47a13cc30a40ed6b2237aab45a4,2012-06-24,2012-07-23,30,15.445973256368028,17.68260565625,4,2008|2009|2010|2011,observation_time_proxy,historical data_available_time is unknown; observation_time is a pseudo-operational proxy
2012-07-24T00:00:00+00:00,2012-07-23,windermere,south,water_temperature,2.0,degC,month_3,2012-09-22,2012-10-21,11.612841537618028,13.8494739375,-2.236632399881973,full_anomaly_persistence,1.0,1.0,False,True,4,2008|2009|2010|2011,1ec1083b02ed742651bcf9c787d217889a964f273a2a83de0eceab74e9366219,2012-06-24,2012-07-23,30,15.445973256368028,17.68260565625,4,2008|2009|2010|2011,observation_time_proxy,historical data_available_time is unknown; observation_time is a pseudo-operational proxy
2012-07-31T00:00:00+00:00,2012-07-30,windermere,south,water_temperature,2.0,degC,month_1,2012-07-31,2012-08-29,15.635728600118025,17.520739354166665,-1.8850107540486398,full_anomaly_persistence,1.0,1.0,False,True,4,2008|2009|2010|2011,7ff1ed9b0714a4cb27997c654aa4a50faeac2f53edaa4ef3f84fe859fb8f7ef4,2012-07-01,2012-07-30,30,16.002468298034696,17.887479052083336,4,2008|2009|2010|2011,observation_time_proxy,historical data_available_time is unknown; observation_time is a pseudo-operational proxy
2012-07-31T00:00:00+00:00,2012-07-30,windermere,south,water_temperature,2.0,degC,month_2,2012-08-30,2012-09-28,13.676790065395805,15.561800819444445,-1.8850107540486398,full_anomaly_persistence,1.0,1.0,False,True,4,2008|2009|2010|2011,cd92000418498440755b13738c2770fb00f7ce661873222668c27133dd5fa803,2012-07-01,2012-07-30,30,16.002468298034696,17.887479052083336,4,2008|2009|2010|2011,observation_time_proxy,historical data_available_time is unknown; observation_time is a pseudo-operational proxy
2012-07-31T00:00:00+00:00,2012-07-30,windermere,south,water_temperature,2.0,degC,month_3,2012-09-29,2012-10-28,11.31838280845136,13.2033935625,-1.8850107540486398,full_anomaly_persistence,1.0,1.0,False,True,4,2008|2009|2010|2011,95aea6700e0c135e806d33db9dd38c4ad30a623206046c5e5686ea6e5b1d341d,2012-07-01,2012-07-30,30,16.002468298034696,17.887479052083336,4,2008|2009|2010|2011,observation_time_proxy,historical data_available_time is unknown; observation_time is a pseudo-operational proxy
2012-08-07T00:00:00+00:00,2012-08-06,windermere,south,water_temperature,2.0,degC,month_1,2012-08-07,2012-09-05,15.87136996590909,17.15992803125,-1.2885580653409114,full_anomaly_persistence,1.0,1.0,False,True,4,2008|2009|2010|2011,0ed5a514801f1f215e9fc5bad4250cc9c63830aec03209390da61eda1f89c065,2012-07-08,2012-08-06,30,16.54529261868687,17.83385068402778,4,2008|2009|2010|2011,observation_time_proxy,historical data_available_time is unknown; observation_time is a pseudo-operational proxy
2012-08-07T00:00:00+00:00,2012-08-06,windermere,south,water_temperature,2.0,degC,month_2,2012-09-06,2012-10-05,13.760924309659089,15.049482375,-1.2885580653409114,full_anomaly_persistence,1.0,1.0,False,True,4,2008|2009|2010|2011,68a2e71304db6e38e5ea18cbd6f04f4e9fb1f3aeba82d8d8e236e2f4513af3ec,2012-07-08,2012-08-06,30,16.54529261868687,17.83385068402778,4,2008|2009|2010|2011,observation_time_proxy,historical data_available_time is unknown; observation_time is a pseudo-operational proxy
2012-08-07T00:00:00+00:00,2012-08-06,windermere,south,water_temperature,2.0,degC,month_3,2012-10-06,2012-11-04,11.186133762557638,12.47469182789855,-1.2885580653409114,full_anomaly_persistence,1.0,1.0,False,True,4,2008|2009|2010|2011,89928deada7af80b57bc9545e184803b95bf0a577b051e1345d8ded31827eae5,2012-07-08,2012-08-06,30,16.54529261868687,17.83385068402778,4,2008|2009|2010|2011,observation_time_proxy,historical data_available_time is unknown; observation_time is a pseudo-operational proxy
2012-08-14T00:00:00+00:00,2012-08-13,windermere,south,water_temperature,2.0,degC,month_1,2012-08-14,2012-09-12,15.89183798561508,16.694121958333334,-0.8022839727182536,full_anomaly_persistence,1.0,1.0,False,True,4,2008|2009|2010|2011,0c03809817ff772d09b26d9d6469c385ebc09a621b82fde74c0e2687051bd77f,2012-07-15,2012-08-13,30,16.994592121031747,17.79687609375,4,2008|2009|2010|2011,observation_time_proxy,historical data_available_time is unknown; observation_time is a pseudo-operational proxy
2012-08-14T00:00:00+00:00,2012-08-13,windermere,south,water_temperature,2.0,degC,month_2,2012-09-13,2012-10-12,13.736690211309524,14.538974184027778,-0.8022839727182536,full_anomaly_persistence,1.0,1.0,False,True,4,2008|2009|2010|2011,27d059d01b1193b932d3353f6326441503a780c71fedf9096355a847afbadade,2012-07-15,2012-08-13,30,16.994592121031747,17.79687609375,4,2008|2009|2010|2011,observation_time_proxy,historical data_available_time is unknown; observation_time is a pseudo-operational proxy
2012-08-14T00:00:00+00:00,2012-08-13,windermere,south,water_temperature,2.0,degC,month_3,2012-10-13,2012-11-11,10.946355801360852,11.748639774079106,-0.8022839727182536,full_anomaly_persistence,1.0,1.0,False,True,4,2008|2009|2010|2011,5ca2e7eec93e40e78022170fe21f31c5a53b06195bbffe329b6bc81c4b7503d1,2012-07-15,2012-08-13,30,16.994592121031747,17.79687609375,4,2008|2009|2010|2011,observation_time_proxy,historical data_available_time is unknown; observation_time is a pseudo-operational proxy
2012-08-21T00:00:00+00:00,2012-08-20,windermere,south,water_temperature,2.0,degC,month_1,2012-08-21,2012-09-19,15.937551982142857,16.23671946875,-0.29916748660714276,full_anomaly_persistence,1.0,1.0,False,True,4,2008|2009|2010|2011,de1dbcfe1d2927b24c9a78a4ad17017318407c75d8498da3de2c55226f492f00,2012-07-22,2012-08-20,30,17.478463259920634,17.777630746527777,4,2008|2009|2010|2011,observation_time_proxy,historical data_available_time is unknown; observation_time is a pseudo-operational proxy
2012-08-21T00:00:00+00:00,2012-08-20,windermere,south,water_temperature,2.0,degC,month_2,2012-09-20,2012-10-19,13.719420912698412,14.018588399305555,-0.29916748660714276,full_anomaly_persistence,1.0,1.0,False,True,4,2008|2009|2010|2011,b55a4b61b28a68800bf3c9a2b9f44593a72f5c660ef44d56fd47685cc119f2c4,2012-07-22,2012-08-20,30,17.478463259920634,17.777630746527777,4,2008|2009|2010|2011,observation_time_proxy,historical data_available_time is unknown; observation_time is a pseudo-operational proxy
2012-08-21T00:00:00+00:00,2012-08-20,windermere,south,water_temperature,2.0,degC,month_3,2012-10-20,2012-11-18,10.680705778096964,10.979873264704107,-0.29916748660714276,full_anomaly_persistence,1.0,1.0,False,True,4,2008|2009|2010|2011,a0a8b18929145e8c737cdd728d3f51598f4a5a9d53be86debd425a67778a7785,2012-07-22,2012-08-20,30,17.478463259920634,17.777630746527777,4,2008|2009|2010|2011,observation_time_proxy,historical data_available_time is unknown; observation_time is a pseudo-operational proxy
2012-08-28T00:00:00+00:00,2012-08-27,windermere,south,water_temperature,2.0,degC,month_1,2012-08-28,2012-09-26,15.84035034325397,15.707086618055556,0.13326372519841456,full_anomaly_persistence,1.0,1.0,False,True,4,2008|2009|2010|2011,0cd1ddf58e7f333fb0765335531d33c24b7038431ca2b4959b8027682f72f443,2012-07-29,2012-08-27,30,17.75990371825397,17.626639993055555,4,2008|2009|2010|2011,observation_time_proxy,historical data_available_time is unknown; observation_time is a pseudo-operational proxy
2012-08-28T00:00:00+00:00,2012-08-27,windermere,south,water_temperature,2.0,degC,month_2,2012-09-27,2012-10-26,13.52860576686508,13.395342041666666,0.13326372519841456,full_anomaly_persistence,1.0,1.0,False,True,4,2008|2009|2010|2011,c8ebbfbd4797c79b731e6f1646584cafe174ecf5cbe0106d19f5d5381a5db265,2012-07-29,2012-08-27,30,17.75990371825397,17.626639993055555,4,2008|2009|2010|2011,observation_time_proxy,historical data_available_time is unknown; observation_time is a pseudo-operational proxy
2012-08-28T00:00:00+00:00,2012-08-27,windermere,south,water_temperature,2.0,degC,month_3,2012-10-27,2012-11-25,10.451080236083076,10.317816510884661,0.13326372519841456,full_anomaly_persistence,1.0,1.0,False,True,4,2008|2009|2010|2011,a2bc908b85309c386308ca45673a742d9d38ebbe48864c24685331d34fd468a9,2012-07-29,2012-08-27,30,17.75990371825397,17.626639993055555,4,2008|2009|2010|2011,observation_time_proxy,historical data_available_time is unknown; observation_time is a pseudo-operational proxy
2012-09-04T00:00:00+00:00,2012-09-03,windermere,south,water_temperature,2.0,degC,month_1,2012-09-04,2012-10-03,15.738155374503968,15.208791475694444,0.5293638988095246,full_anomaly_persistence,1.0,1.0,False,True,4,2008|2009|2010|2011,352d4f3adfd07423746b9a1e80a9216a76e59dc6920d01ca3d6dcc3270139db9,2012-08-05,2012-09-03,30,17.808631662698414,17.27926776388889,4,2008|2009|2010|2011,observation_time_proxy,historical data_available_time is unknown; observation_time is a pseudo-operational proxy
2012-09-04T00:00:00+00:00,2012-09-03,windermere,south,water_temperature,2.0,degC,month_2,2012-10-04,2012-11-02,13.204775976708074,12.67541207789855,0.5293638988095246,full_anomaly_persistence,1.0,1.0,False,True,4,2008|2009|2010|2011,8f4f229955fdeed63002ddd97858824d430b0aea9b0ec46b5aaaea54a54191a1,2012-08-05,2012-09-03,30,17.808631662698414,17.27926776388889,4,2008|2009|2010|2011,observation_time_proxy,historical data_available_time is unknown; observation_time is a pseudo-operational proxy
2012-09-04T00:00:00+00:00,2012-09-03,windermere,south,water_temperature,2.0,degC,month_3,2012-11-03,2012-12-02,10.178455570337302,9.649091671527778,0.5293638988095246,full_anomaly_persistence,1.0,1.0,False,True,4,2008|2009|2010|2011,01317d0083fa1ca61f34fcbb1425724753ed962d97b9df5b8f91ffd51d4dd1ae,2012-08-05,2012-09-03,30,17.808631662698414,17.27926776388889,4,2008|2009|2010|2011,observation_time_proxy,historical data_available_time is unknown; observation_time is a pseudo-operational proxy
2012-09-11T00:00:00+00:00,2012-09-10,windermere,south,water_temperature,2.0,degC,month_1,2012-09-11,2012-10-10,15.454456458333334,14.6909469375,0.7635095208333347,full_anomaly_persistence,1.0,1.0,False,True,4,2008|2009|2010|2011,e0f92d8657ab2dc5e8af084dac8b6b1c5cc852edf7934dbbbff03e3d85ec9c3a,2012-08-12,2012-09-10,30,17.576633152777777,16.813123631944443,4,2008|2009|2010|2011,observation_time_proxy,historical data_available_time is unknown; observation_time is a pseudo-operational proxy
2012-09-11T00:00:00+00:00,2012-09-10,windermere,south,water_temperature,2.0,degC,month_2,2012-10-11,2012-11-09,12.729741064009664,11.96623154317633,0.7635095208333347,full_anomaly_persistence,1.0,1.0,False,True,4,2008|2009|2010|2011,d11e1091a9a70ed1ac17d143a29b9155444d929d2cc02b61f8d9e76b99cf9736,2012-08-12,2012-09-10,30,17.576633152777777,16.813123631944443,4,2008|2009|2010|2011,observation_time_proxy,historical data_available_time is unknown; observation_time is a pseudo-operational proxy
2012-09-11T00:00:00+00:00,2012-09-10,windermere,south,water_temperature,2.0,degC,month_3,2012-11-10,2012-12-09,9.673196167708335,8.909686646875,0.7635095208333347,full_anomaly_persistence,1.0,1.0,False,True,4,2008|2009|2010|2011,05de27e8a2a8dc5d92635e498d6eeb65b0b87b062de7c4f3189118a35859ded6,2012-08-12,2012-09-10,30,17.576633152777777,16.813123631944443,4,2008|2009|2010|2011,observation_time_proxy,historical data_available_time is unknown; observation_time is a pseudo-operational proxy
2012-09-18T00:00:00+00:00,2012-09-17,windermere,south,water_temperature,2.0,degC,month_1,2012-09-18,2012-10-17,14.796300562500003,14.175239843750001,0.6210607187500017,full_anomaly_persistence,1.0,1.0,False,True,4,2008|2009|2010|2011,c04c7568ae99c58e29eb122a307b5a06c778de0db37e7bd6102b5a6c4bb0d2e1,2012-08-19,2012-09-17,30,16.991169194444446,16.370108475694444,4,2008|2009|2010|2011,observation_time_proxy,historical data_available_time is unknown; observation_time is a pseudo-operational proxy
2012-09-18T00:00:00+00:00,2012-09-17,windermere,south,water_temperature,2.0,degC,month_2,2012-10-18,2012-11-16,11.811748160884664,11.190687442134662,0.6210607187500017,full_anomaly_persistence,1.0,1.0,False,True,4,2008|2009|2010|2011,82deed50535cf48b0747298d597eb8be8cffa02e3bd4602aca99a59b00d5f212,2012-08-19,2012-09-17,30,16.991169194444446,16.370108475694444,4,2008|2009|2010|2011,observation_time_proxy,historical data_available_time is unknown; observation_time is a pseudo-operational proxy
2012-09-18T00:00:00+00:00,2012-09-17,windermere,south,water_temperature,2.0,degC,month_3,2012-11-17,2012-12-16,8.794042289236113,8.172981570486112,0.6210607187500017,full_anomaly_persistence,1.0,1.0,False,True,4,2008|2009|2010|2011,719f4dd56d2130006539c578e179e09b9cd5e9b4e15aeebe59ef3badf5b6ee28,2012-08-19,2012-09-17,30,16.991169194444446,16.370108475694444,4,2008|2009|2010|2011,observation_time_proxy,historical data_available_time is unknown; observation_time is a pseudo-operational proxy
2012-09-25T00:00:00+00:00,2012-09-24,windermere,south,water_temperature,2.0,degC,month_1,2012-09-25,2012-10-24,13.980351888888887,13.579967434027779,0.40038445486110774,full_anomaly_persistence,1.0,1.0,False,True,4,2008|2009|2010|2011,3ebc59e6487ea4455aa361a7c734b3d5c5a52a6c93cd92d4dcb9833a760d206f,2012-08-26,2012-09-24,30,16.26246395833333,15.862079503472224,4,2008|2009|2010|2011,observation_time_proxy,historical data_available_time is unknown; observation_time is a pseudo-operational proxy
2012-09-25T00:00:00+00:00,2012-09-24,windermere,south,water_temperature,2.0,degC,month_2,2012-10-25,2012-11-23,10.900536255329103,10.500151800467995,0.40038445486110774,full_anomaly_persistence,1.0,1.0,False,True,4,2008|2009|2010|2011,4f921090f30c26de69dc70875bb365bf37cf92bf212c315d3ec928ce43621098,2012-08-26,2012-09-24,30,16.26246395833333,15.862079503472224,4,2008|2009|2010|2011,observation_time_proxy,historical data_available_time is unknown; observation_time is a pseudo-operational proxy
2012-09-25T00:00:00+00:00,2012-09-24,windermere,south,water_temperature,2.0,degC,month_3,2012-11-24,2012-12-23,7.826991573263886,7.426607118402778,0.40038445486110774,full_anomaly_persistence,1.0,1.0,False,True,4,2008|2009|2010|2011,011f1f250759304855a94c4d7b5515cf7e351943973826bd608a45552f2f4bd1,2012-08-26,2012-09-24,30,16.26246395833333,15.862079503472224,4,2008|2009|2010|2011,observation_time_proxy,historical data_available_time is unknown; observation_time is a pseudo-operational proxy
2012-10-02T00:00:00+00:00,2012-10-01,windermere,south,water_temperature,2.0,degC,month_1,2012-10-02,2012-10-31,12.987649928592996,12.886700425120774,0.10094950347222209,full_anomaly_persistence,1.0,1.0,False,True,4,2008|2009|2010|2011,59e88074a0a7eaa479962a6c07243f1749366d7a7ee20ea43b354e75bab6f330,2012-09-02,2012-10-01,30,15.457401166666667,15.356451663194445,4,2008|2009|2010|2011,observation_time_proxy,historical data_available_time is unknown; observation_time is a pseudo-operational proxy
2012-10-02T00:00:00+00:00,2012-10-01,windermere,south,water_temperature,2.0,degC,month_2,2012-11-01,2012-11-30,9.949280860763889,9.848331357291666,0.10094950347222209,full_anomaly_persistence,1.0,1.0,False,True,4,2008|2009|2010|2011,ea21970f3cdc1e7033816bc3da81e6e15b06cc87f01138ddaef28617e3b69604,2012-09-02,2012-10-01,30,15.457401166666667,15.356451663194445,4,2008|2009|2010|2011,observation_time_proxy,historical data_available_time is unknown; observation_time is a pseudo-operational proxy
2012-10-02T00:00:00+00:00,2012-10-01,windermere,south,water_temperature,2.0,degC,month_3,2012-12-01,2012-12-30,6.8279355284722225,6.726986025,0.10094950347222209,full_anomaly_persistence,1.0,1.0,False,True,4,2008|2009|2010|2011,976aff72891f43259ede3168005240e41fff7c0ced3a3043a3c5be9e817e9e0d,2012-09-02,2012-10-01,30,15.457401166666667,15.356451663194445,4,2008|2009|2010|2011,observation_time_proxy,historical data_available_time is unknown; observation_time is a pseudo-operational proxy
2012-10-09T00:00:00+00:00,2012-10-08,windermere,south,water_temperature,2.0,degC,month_1,2012-10-09,2012-11-07,11.82113943553744,12.172727789704107,-0.3515883541666671,full_anomaly_persistence,1.0,1.0,False,True,4,2008|2009|2010|2011,ece5d0296f6542ac24eb5367d7493952f1a773faa4ff4f60531d8d7dfa50eddb,2012-09-09,2012-10-08,30,14.488991541666666,14.840579895833333,4,2008|2009|2010|2011,observation_time_proxy,historical data_available_time is unknown; observation_time is a pseudo-operational proxy
2012-10-09T00:00:00+00:00,2012-10-08,windermere,south,water_temperature,2.0,degC,month_2,2012-11-08,2012-12-07,8.771967277777778,9.123555631944445,-0.3515883541666671,full_anomaly_persistence,1.0,1.0,False,True,4,2008|2009|2010|2011,d7938e39b45418460707e7ed539a8b649f06bb54668d3d47dc31d37e9e839694,2012-09-09,2012-10-08,30,14.488991541666666,14.840579895833333,4,2008|2009|2010|2011,observation_time_proxy,historical data_available_time is unknown; observation_time is a pseudo-operational proxy
2012-10-09T00:00:00+00:00,2012-10-08,windermere,south,water_temperature,2.0,degC,month_3,2012-12-08,2013-01-06,5.4019666151368755,5.753554969303543,-0.3515883541666671,full_anomaly_persistence,1.0,1.0,False,True,3,2008|2009|2010,433d960c849446c9554b3e148b6fd838ef6c0400760e3aeeda02e0a0eb649f7b,2012-09-09,2012-10-08,30,14.488991541666666,14.840579895833333,4,2008|2009|2010|2011,observation_time_proxy,historical data_available_time is unknown; observation_time is a pseudo-operational proxy
2012-10-16T00:00:00+00:00,2012-10-15,windermere,south,water_temperature,2.0,degC,month_1,2012-10-16,2012-11-14,10.573208718176328,11.412893818870772,-0.8396851006944441,full_anomaly_persistence,1.0,1.0,False,True,4,2008|2009|2010|2011,0cf518b8419b947d8dd6802077bcb6645080fa3b9494ccc005f2e05ca2e0aa86,2012-09-16,2012-10-15,30,13.477007583333334,14.316692684027778,4,2008|2009|2010|2011,observation_time_proxy,historical data_available_time is unknown; observation_time is a pseudo-operational proxy
2012-10-16T00:00:00+00:00,2012-10-15,windermere,south,water_temperature,2.0,degC,month_2,2012-11-15,2012-12-14,7.544381769097223,8.384066869791667,-0.8396851006944441,full_anomaly_persistence,1.0,1.0,False,True,4,2008|2009|2010|2011,831de45e644488b8f47aeccf8832d8de402e3989bec5d37fcd500f7342b238f3,2012-09-16,2012-10-15,30,13.477007583333334,14.316692684027778,4,2008|2009|2010|2011,observation_time_proxy,historical data_available_time is unknown; observation_time is a pseudo-operational proxy
2012-10-16T00:00:00+00:00,2012-10-15,windermere,south,water_temperature,2.0,degC,month_3,2012-12-15,2013-01-13,4.364832791294283,5.204517891988727,-0.8396851006944441,full_anomaly_persistence,1.0,1.0,False,True,3,2008|2009|2010,93edb4128300e407d4e038f886d942d3e54af25e8522594f53f2ddc7f32e00e9,2012-09-16,2012-10-15,30,13.477007583333334,14.316692684027778,4,2008|2009|2010|2011,observation_time_proxy,historical data_available_time is unknown; observation_time is a pseudo-operational proxy
2012-10-23T00:00:00+00:00,2012-10-22,windermere,south,water_temperature,2.0,degC,month_1,2012-10-23,2012-11-21,9.571304647342997,10.684806133454106,-1.1135014861111099,full_anomaly_persistence,1.0,1.0,False,True,4,2008|2009|2010|2011,fef46a75e404abdcbf51e96c5be1816d1be16993680c0948d1abb6efad1b0500,2012-09-23,2012-10-22,30,12.646831069444445,13.760332555555555,4,2008|2009|2010|2011,observation_time_proxy,historical data_available_time is unknown; observation_time is a pseudo-operational proxy
2012-10-23T00:00:00+00:00,2012-10-22,windermere,south,water_temperature,2.0,degC,month_2,2012-11-22,2012-12-21,6.530635083333335,7.644136569444445,-1.1135014861111099,full_anomaly_persistence,1.0,1.0,False,True,4,2008|2009|2010|2011,78738eada46f331199448635a59d77e5f47bf2e2b7973ec38d07ec0266b84f42,2012-09-23,2012-10-22,30,12.646831069444445,13.760332555555555,4,2008|2009|2010|2011,observation_time_proxy,historical data_available_time is unknown; observation_time is a pseudo-operational proxy
2012-10-23T00:00:00+00:00,2012-10-22,windermere,south,water_temperature,2.0,degC,month_3,2012-12-22,2013-01-20,3.640130491988729,4.753631978099839,-1.1135014861111099,full_anomaly_persistence,1.0,1.0,False,True,3,2008|2009|2010,3b4958499d444c1a30ce2f824a63ab1f48f532573a348d45bc48c1d4e11054f7,2012-09-23,2012-10-22,30,12.646831069444445,13.760332555555555,4,2008|2009|2010|2011,observation_time_proxy,historical data_available_time is unknown; observation_time is a pseudo-operational proxy
2012-10-30T00:00:00+00:00,2012-10-29,windermere,south,water_temperature,2.0,degC,month_1,2012-10-30,2012-11-28,8.906699664704105,10.037797855676327,-1.1310981909722226,full_anomaly_persistence,1.0,1.0,False,True,4,2008|2009|2010|2011,c855b5099cddadf7085e15bed7c28c88fc631be1d4d9e9cf23273b6e13de7a3c,2012-09-30,2012-10-29,30,11.971600958333333,13.102699149305556,4,2008|2009|2010|2011,observation_time_proxy,historical data_available_time is unknown; observation_time is a pseudo-operational proxy
2012-10-30T00:00:00+00:00,2012-10-29,windermere,south,water_temperature,2.0,degC,month_2,2012-11-29,2012-12-28,5.786916729166666,6.918014920138889,-1.1310981909722226,full_anomaly_persistence,1.0,1.0,False,True,4,2008|2009|2010|2011,721f64ba961729f66fbe121e38ee32f50a70eaff51c595183b42317ce841545a,2012-09-30,2012-10-29,30,11.971600958333333,13.102699149305556,4,2008|2009|2010|2011,observation_time_proxy,historical data_available_time is unknown; observation_time is a pseudo-operational proxy
2012-10-30T00:00:00+00:00,2012-10-29,windermere,south,water_temperature,2.0,degC,month_3,2012-12-29,2013-01-27,3.2841376912942826,4.415235882266505,-1.1310981909722226,full_anomaly_persistence,1.0,1.0,False,True,3,2008|2009|2010,594596cac785bebc618148a3a83d23ab72840ebc876c39d0ddf4a6e8a5b5cc8e,2012-09-30,2012-10-29,30,11.971600958333333,13.102699149305556,4,2008|2009|2010|2011,observation_time_proxy,historical data_available_time is unknown; observation_time is a pseudo-operational proxy
2012-11-06T00:00:00+00:00,2012-11-05,windermere,south,water_temperature,2.0,degC,month_1,2012-11-06,2012-12-05,8.274342266198671,9.334435934375,-1.0600936681763287,full_anomaly_persistence,1.0,1.0,False,True,4,2008|2009|2010|2011,d538600fdcdf11acee1c1c2c86950aaa942adc4fc07aed1c68e19f28ffe24602,2012-10-07,2012-11-05,30,11.316395048611112,12.37648871678744,4,2008|2009|2010|2011,observation_time_proxy,historical data_available_time is unknown; observation_time is a pseudo-operational proxy
2012-11-06T00:00:00+00:00,2012-11-05,windermere,south,water_temperature,2.0,degC,month_2,2012-12-06,2013-01-04,4.856301775664251,5.91639544384058,-1.0600936681763287,full_anomaly_persistence,1.0,1.0,False,True,3,2008|2009|2010,a9d2349c049d15b216a51ef12cb83ed6a83059a9300062e93dca874113508b8a,2012-10-07,2012-11-05,30,11.316395048611112,12.37648871678744,4,2008|2009|2010|2011,observation_time_proxy,historical data_available_time is unknown; observation_time is a pseudo-operational proxy
2012-11-06T00:00:00+00:00,2012-11-05,windermere,south,water_temperature,2.0,degC,month_3,2013-01-05,2013-02-03,3.4506759901570048,4.510769658333333,-1.0600936681763287,full_anomaly_persistence,1.0,1.0,False,True,4,2008|2009|2010|2011,fcaa68f1cba111dce42049ce636bbd58e09f25c7425f7fab902ac4de04580dfb,2012-10-07,2012-11-05,30,11.316395048611112,12.37648871678744,4,2008|2009|2010|2011,observation_time_proxy,historical data_available_time is unknown; observation_time is a pseudo-operational proxy
2012-11-13T00:00:00+00:00,2012-11-12,windermere,south,water_temperature,2.0,degC,month_1,2012-11-13,2012-12-12,7.646825248837562,8.594371270833333,-0.9475460219957714,full_anomaly_persistence,1.0,1.0,False,True,4,2008|2009|2010|2011,63e73547b19b158490d958d6610c4138459f94b0adad4718fcb85bf224dc8bbf,2012-10-14,2012-11-12,30,10.690259809722223,11.637805831717994,4,2008|2009|2010|2011,observation_time_proxy,historical data_available_time is unknown; observation_time is a pseudo-operational proxy
2012-11-13T00:00:00+00:00,2012-11-12,windermere,south,water_temperature,2.0,degC,month_2,2012-12-13,2013-01-11,4.408552497770734,5.356098519766506,-0.9475460219957714,full_anomaly_persistence,1.0,1.0,False,True,3,2008|2009|2010,e2f82578304ce7583b8fbc30f86f5ecc4c802ffa62140a092a31a2a0b1d95f19,2012-10-14,2012-11-12,30,10.690259809722223,11.637805831717994,4,2008|2009|2010|2011,observation_time_proxy,historical data_available_time is unknown; observation_time is a pseudo-operational proxy
2012-11-13T00:00:00+00:00,2012-11-12,windermere,south,water_temperature,2.0,degC,month_3,2013-01-12,2013-02-10,3.4647861703653398,4.412332192361111,-0.9475460219957714,full_anomaly_persistence,1.0,1.0,False,True,4,2008|2009|2010|2011,6054665f2c61cbc6c5752aecbf14adaab9dee824e000c703e7df8fa2ba806403,2012-10-14,2012-11-12,30,10.690259809722223,11.637805831717994,4,2008|2009|2010|2011,observation_time_proxy,historical data_available_time is unknown; observation_time is a pseudo-operational proxy
2012-11-20T00:00:00+00:00,2012-11-19,windermere,south,water_temperature,2.0,degC,month_1,2012-11-20,2012-12-19,7.092622805434782,7.859237702777778,-0.7666148973429951,full_anomaly_persistence,1.0,1.0,False,True,4,2008|2009|2010|2011,2eed609b1bdf1aff1bb15591393027441f984dcf9435bc14f981f3229d1f6932,2012-10-21,2012-11-19,30,10.111821263888888,10.878436161231884,4,2008|2009|2010|2011,observation_time_proxy,historical data_available_time is unknown; observation_time is a pseudo-operational proxy
2012-11-20T00:00:00+00:00,2012-11-19,windermere,south,water_temperature,2.0,degC,month_2,2012-12-20,2013-01-18,4.10150327705314,4.868118174396135,-0.7666148973429951,full_anomaly_persistence,1.0,1.0,False,True,3,2008|2009|2010,1721388b81d53f3531d9177fed31b158b34f535d7fc87f40c3f8dcb179fc6c66,2012-10-21,2012-11-19,30,10.111821263888888,10.878436161231884,4,2008|2009|2010|2011,observation_time_proxy,historical data_available_time is unknown; observation_time is a pseudo-operational proxy
2012-11-20T00:00:00+00:00,2012-11-19,windermere,south,water_temperature,2.0,degC,month_3,2013-01-19,2013-02-17,3.5867937974486717,4.353408694791667,-0.7666148973429951,full_anomaly_persistence,1.0,1.0,False,True,4,2008|2009|2010|2011,321b58f4dd819a88097a201051ca5a3c8ddb95fc352b364ccd0dcfa5f2009b5e,2012-10-21,2012-11-19,30,10.111821263888888,10.878436161231884,4,2008|2009|2010|2011,observation_time_proxy,historical data_available_time is unknown; observation_time is a pseudo-operational proxy
2012-11-27T00:00:00+00:00,2012-11-26,windermere,south,water_temperature,2.0,degC,month_1,2012-11-27,2012-12-26,6.397293243629227,7.11133774375,-0.7140445001207727,full_anomaly_persistence,1.0,1.0,False,True,4,2008|2009|2010|2011,480029bc512345c7eb56e254e4dafdf16a4323501e25a86466f7e3dfbe7108ee,2012-10-28,2012-11-26,30,9.512712495833334,10.226756995954107,4,2008|2009|2010|2011,observation_time_proxy,historical data_available_time is unknown; observation_time is a pseudo-operational proxy
2012-11-27T00:00:00+00:00,2012-11-26,windermere,south,water_temperature,2.0,degC,month_2,2012-12-27,2013-01-25,3.7839477742753624,4.497992274396135,-0.7140445001207727,full_anomaly_persistence,1.0,1.0,False,True,3,2008|2009|2010,659594c6bdcf2715542b8aadec91bdd377c1024db5053ace13deca6373928ec3,2012-10-28,2012-11-26,30,9.512712495833334,10.226756995954107,4,2008|2009|2010|2011,observation_time_proxy,historical data_available_time is unknown; observation_time is a pseudo-operational proxy
2012-11-27T00:00:00+00:00,2012-11-26,windermere,south,water_temperature,2.0,degC,month_3,2013-01-26,2013-02-24,3.5845284533514494,4.298572953472222,-0.7140445001207727,full_anomaly_persistence,1.0,1.0,False,True,4,2008|2009|2010|2011,3a231715b3fe8ede378c915bd3d08021ddb84ea7838c0d18c081af3bfe268584,2012-10-28,2012-11-26,30,9.512712495833334,10.226756995954107,4,2008|2009|2010|2011,observation_time_proxy,historical data_available_time is unknown; observation_time is a pseudo-operational proxy
2012-12-04T00:00:00+00:00,2012-12-03,windermere,south,water_temperature,2.0,degC,month_1,2012-12-04,2013-01-02,5.864190470802062,6.474938574274284,-0.610748103472222,full_anomaly_persistence,1.0,1.0,False,True,4,2008|2009|2010|2011,e31fa5f316d4cc0ae7196da7535d7e740551975dacd2a78323d430b0d0da9b43,2012-11-04,2012-12-03,30,8.9364580375,9.547206140972222,4,2008|2009|2010|2011,observation_time_proxy,historical data_available_time is unknown; observation_time is a pseudo-operational proxy
2012-12-04T00:00:00+00:00,2012-12-03,windermere,south,water_temperature,2.0,degC,month_2,2013-01-03,2013-02-01,3.9499610392361113,4.560709142708333,-0.610748103472222,full_anomaly_persistence,1.0,1.0,False,True,4,2008|2009|2010|2011,3ce20bc4402f678ca33bc40653ee2d95ac436e0f1ca6f9f27615447325b9b99d,2012-11-04,2012-12-03,30,8.9364580375,9.547206140972222,4,2008|2009|2010|2011,observation_time_proxy,historical data_available_time is unknown; observation_time is a pseudo-operational proxy
2012-12-04T00:00:00+00:00,2012-12-03,windermere,south,water_temperature,2.0,degC,month_3,2013-02-02,2013-03-03,3.6807360809027783,4.291484184375,-0.610748103472222,full_anomaly_persistence,1.0,1.0,False,True,4,2008|2009|2010|2011,2e0428c759f7a620eec522d55cc6660a3fe41a54d1a3225c6f6305b78f301131,2012-11-04,2012-12-03,30,8.9364580375,9.547206140972222,4,2008|2009|2010|2011,observation_time_proxy,historical data_available_time is unknown; observation_time is a pseudo-operational proxy
2012-12-11T00:00:00+00:00,2012-12-10,windermere,south,water_temperature,2.0,degC,month_1,2012-12-11,2013-01-09,5.041577335275764,5.516413894303542,-0.47483655902777855,full_anomaly_persistence,1.0,1.0,False,True,3,2008|2009|2010,01756bd728f0e55ccda835f7279f2db73e1f7a3159686951fc73f3195d0e174d,2012-11-11,2012-12-10,30,8.328568377777778,8.803404936805556,4,2008|2009|2010|2011,observation_time_proxy,historical data_available_time is unknown; observation_time is a pseudo-operational proxy
2012-12-11T00:00:00+00:00,2012-12-10,windermere,south,water_temperature,2.0,degC,month_2,2013-01-10,2013-02-08,3.952554951041666,4.4273915100694445,-0.47483655902777855,full_anomaly_persistence,1.0,1.0,False,True,4,2008|2009|2010|2011,3f92044f8bf577160b05c55b6a223e0df7c26a12670cae376d73f64a5ab75440,2012-11-11,2012-12-10,30,8.328568377777778,8.803404936805556,4,2008|2009|2010|2011,observation_time_proxy,historical data_available_time is unknown; observation_time is a pseudo-operational proxy
2012-12-11T00:00:00+00:00,2012-12-10,windermere,south,water_temperature,2.0,degC,month_3,2013-02-09,2013-03-10,3.8694293361111107,4.344265895138889,-0.47483655902777855,full_anomaly_persistence,1.0,1.0,False,True,4,2008|2009|2010|2011,50bc6329fa8231e85852c4fad561a620c237a0ed73705cb35660d4845eec25aa,2012-11-11,2012-12-10,30,8.328568377777778,8.803404936805556,4,2008|2009|2010|2011,observation_time_proxy,historical data_available_time is unknown; observation_time is a pseudo-operational proxy
2012-12-18T00:00:00+00:00,2012-12-17,windermere,south,water_temperature,2.0,degC,month_1,2012-12-18,2013-01-16,4.5489690893266905,4.990221570229468,-0.4412524809027776,full_anomaly_persistence,1.0,1.0,False,True,3,2008|2009|2010,cfd7f091c6f9cc60fcf2448a06f3a0f45a38d00b78cf809765bc0a99c2387f39,2012-11-18,2012-12-17,30,7.627643027777777,8.068895508680555,4,2008|2009|2010|2011,observation_time_proxy,historical data_available_time is unknown; observation_time is a pseudo-operational proxy
2012-12-18T00:00:00+00:00,2012-12-17,windermere,south,water_temperature,2.0,degC,month_2,2013-01-17,2013-02-15,3.931081853125,4.372334334027777,-0.4412524809027776,full_anomaly_persistence,1.0,1.0,False,True,4,2008|2009|2010|2011,cd9feeb5ccf54f48d101ea8055337c51b7448551942c03863aa2f6298323d821,2012-11-18,2012-12-17,30,7.627643027777777,8.068895508680555,4,2008|2009|2010|2011,observation_time_proxy,historical data_available_time is unknown; observation_time is a pseudo-operational proxy
2012-12-18T00:00:00+00:00,2012-12-17,windermere,south,water_temperature,2.0,degC,month_3,2013-02-16,2013-03-17,4.0284192875,4.469671768402778,-0.4412524809027776,full_anomaly_persistence,1.0,1.0,False,True,4,2008|2009|2010|2011,959903bd1fbde7c3494deed6b0ff1e76411c579049d79a3ec0103aee55251ebf,2012-11-18,2012-12-17,30,7.627643027777777,8.068895508680555,4,2008|2009|2010|2011,observation_time_proxy,historical data_available_time is unknown; observation_time is a pseudo-operational proxy
2012-12-25T00:00:00+00:00,2012-12-24,windermere,south,water_temperature,2.0,degC,month_1,2012-12-25,2013-01-23,4.203046602058172,4.592818800322061,-0.38977219826388954,full_anomaly_persistence,1.0,1.0,False,True,3,2008|2009|2010,b4bb79b699635f279f162fb284ce87ddd1c77ab9266c2212f87bec0d32b6b198,2012-11-25,2012-12-24,30,6.929961216666666,7.319733414930556,4,2008|2009|2010|2011,observation_time_proxy,historical data_available_time is unknown; observation_time is a pseudo-operational proxy
2012-12-25T00:00:00+00:00,2012-12-24,windermere,south,water_temperature,2.0,degC,month_2,2013-01-24,2013-02-22,3.9223471274305552,4.312119325694445,-0.38977219826388954,full_anomaly_persistence,1.0,1.0,False,True,4,2008|2009|2010|2011,7328a0a063fd4e8168717a594f868f7f38cc9a3be0bd61ea55d9d4cd0df828da,2012-11-25,2012-12-24,30,6.929961216666666,7.319733414930556,4,2008|2009|2010|2011,observation_time_proxy,historical data_available_time is unknown; observation_time is a pseudo-operational proxy
2012-12-25T00:00:00+00:00,2012-12-24,windermere,south,water_temperature,2.0,degC,month_3,2013-02-23,2013-03-24,4.360516640972222,4.750288839236111,-0.38977219826388954,full_anomaly_persistence,1.0,1.0,False,True,4,2008|2009|2010|2011,c2365be4b000ae8dc1068430ed2990555b8e88b12f3236ca2a772bb2fd6c58d2,2012-11-25,2012-12-24,30,6.929961216666666,7.319733414930556,4,2008|2009|2010|2011,observation_time_proxy,historical data_available_time is unknown; observation_time is a pseudo-operational proxy
2013-01-01T00:00:00+00:00,2012-12-31,windermere,south,water_temperature,2.0,degC,month_1,2013-01-01,2013-01-30,4.749304333888889,4.9495691493115945,-0.20026481542270513,full_anomaly_persistence,1.0,1.0,False,True,5,2008|2009|2010|2011|2012,8e9e537bb3f7ed8c577f5186d697c8dc5150114bd0e60309ba98dc1abb395cbe,2012-12-02,2012-12-31,30,6.384279181944445,6.58454399736715,5,2008|2009|2010|2011|2012,observation_time_proxy,historical data_available_time is unknown; observation_time is a pseudo-operational proxy
2013-01-01T00:00:00+00:00,2012-12-31,windermere,south,water_temperature,2.0,degC,month_2,2013-01-31,2013-03-01,4.2469883901328505,4.447253205555556,-0.20026481542270513,full_anomaly_persistence,1.0,1.0,False,True,5,2008|2009|2010|2011|2012,2b66cc6566291ee29ebd7433315b758324e45809ee114a6180e25b4851079032,2012-12-02,2012-12-31,30,6.384279181944445,6.58454399736715,5,2008|2009|2010|2011|2012,observation_time_proxy,historical data_available_time is unknown; observation_time is a pseudo-operational proxy
2013-01-01T00:00:00+00:00,2012-12-31,windermere,south,water_temperature,2.0,degC,month_3,2013-03-02,2013-03-31,5.27940137402174,5.479666189444445,-0.20026481542270513,full_anomaly_persistence,1.0,1.0,False,True,5,2008|2009|2010|2011|2012,094cfec9a81602094d23d2ca5bd9bb16f255b1b822e14f2b1124205999167911,2012-12-02,2012-12-31,30,6.384279181944445,6.58454399736715,5,2008|2009|2010|2011|2012,observation_time_proxy,historical data_available_time is unknown; observation_time is a pseudo-operational proxy
2013-01-08T00:00:00+00:00,2013-01-07,windermere,south,water_temperature,2.0,degC,month_1,2013-01-08,2013-02-06,4.786805006841787,4.755967353611111,0.030837653230675777,full_anomaly_persistence,1.0,1.0,False,True,5,2008|2009|2010|2011|2012,31a434235916ee85e24187a10dac6f0119d9af2a3a777dfaf178d66832ce359c,2012-12-09,2013-01-07,30,6.0838822638888885,6.053044610658213,4,2008|2009|2010|2011,observation_time_proxy,historical data_available_time is unknown; observation_time is a pseudo-operational proxy
2013-01-08T00:00:00+00:00,2013-01-07,windermere,south,water_temperature,2.0,degC,month_2,2013-02-07,2013-03-08,4.530946574897342,4.5001089216666665,0.030837653230675777,full_anomaly_persistence,1.0,1.0,False,True,5,2008|2009|2010|2011|2012,20fe2865704fdbdb0118cb395b125ed6d21496c9a07e8ef82ac7940ca7596dbf,2012-12-09,2013-01-07,30,6.0838822638888885,6.053044610658213,4,2008|2009|2010|2011,observation_time_proxy,historical data_available_time is unknown; observation_time is a pseudo-operational proxy
2013-01-08T00:00:00+00:00,2013-01-07,windermere,south,water_temperature,2.0,degC,month_3,2013-03-09,2013-04-07,5.967433832952898,5.936596179722223,0.030837653230675777,full_anomaly_persistence,1.0,1.0,False,True,5,2008|2009|2010|2011|2012,6cb5948958ec039b5f80673de3551344c540208aa9bd6c30f3350ebee25e7e6a,2012-12-09,2013-01-07,30,6.0838822638888885,6.053044610658213,4,2008|2009|2010|2011,observation_time_proxy,historical data_available_time is unknown; observation_time is a pseudo-operational proxy
2013-01-15T00:00:00+00:00,2013-01-14,windermere,south,water_temperature,2.0,degC,month_1,2013-01-15,2013-02-13,5.084196093369565,4.638964213055555,0.44523188031400984,full_anomaly_persistence,1.0,1.0,False,True,5,2008|2009|2010|2011|2012,e12fb9cc3f7b64940df10294e8bf6df9f4382df9c766eda7a8a91168ff83519f,2012-12-16,2013-01-14,30,5.995813011111111,5.550581130797101,4,2008|2009|2010|2011,observation_time_proxy,historical data_available_time is unknown; observation_time is a pseudo-operational proxy
2013-01-15T00:00:00+00:00,2013-01-14,windermere,south,water_temperature,2.0,degC,month_2,2013-02-14,2013-03-15,5.071374733925121,4.626142853611111,0.44523188031400984,full_anomaly_persistence,1.0,1.0,False,True,5,2008|2009|2010|2011|2012,19df436f275bf2a120939aa09add09a65e561fa99bb9c33cdcb7ec52e0137fa2,2012-12-16,2013-01-14,30,5.995813011111111,5.550581130797101,4,2008|2009|2010|2011,observation_time_proxy,historical data_available_time is unknown; observation_time is a pseudo-operational proxy
2013-01-15T00:00:00+00:00,2013-01-14,windermere,south,water_temperature,2.0,degC,month_3,2013-03-16,2013-04-14,7.014714836425121,6.569482956111111,0.44523188031400984,full_anomaly_persistence,1.0,1.0,False,True,5,2008|2009|2010|2011|2012,031fbc8a9cfbf133f288a8e280125adb025590452961312826fafee7843de8eb,2012-12-16,2013-01-14,30,5.995813011111111,5.550581130797101,4,2008|2009|2010|2011,observation_time_proxy,historical data_available_time is unknown; observation_time is a pseudo-operational proxy
2013-01-22T00:00:00+00:00,2013-01-21,windermere,south,water_temperature,2.0,degC,month_1,2013-01-22,2013-02-20,5.2803735147286925,4.523896834166667,0.7564766805620255,full_anomaly_persistence,1.0,1.0,False,True,5,2008|2009|2010|2011|2012,939708e2ea8e75dba6694cdc865d321e7ef51f1607bd7370cf97ca1f287a502e,2012-12-23,2013-01-21,28,5.921421998511905,5.164945317949879,4,2008|2009|2010|2011,observation_time_proxy,historical data_available_time is unknown; observation_time is a pseudo-operational proxy
2013-01-22T00:00:00+00:00,2013-01-21,windermere,south,water_temperature,2.0,degC,month_2,2013-02-21,2013-03-22,5.649009651950914,4.8925329713888885,0.7564766805620255,full_anomaly_persistence,1.0,1.0,False,True,5,2008|2009|2010|2011|2012,b3bfa03ebc9f689494b56103b165f7fbc040ea8192ca5d03265564235ba0d0ba,2012-12-23,2013-01-21,28,5.921421998511905,5.164945317949879,4,2008|2009|2010|2011,observation_time_proxy,historical data_available_time is unknown; observation_time is a pseudo-operational proxy
2013-01-22T00:00:00+00:00,2013-01-21,windermere,south,water_temperature,2.0,degC,month_3,2013-03-23,2013-04-21,8.041936142882644,7.2854594623206195,0.7564766805620255,full_anomaly_persistence,1.0,1.0,False,True,5,2008|2009|2010|2011|2012,e37f18df09430336ac2acbd413d1e812d30022a0b75ae29c5ebdecc400ce75e5,2012-12-23,2013-01-21,28,5.921421998511905,5.164945317949879,4,2008|2009|2010|2011,observation_time_proxy,historical data_available_time is unknown; observation_time is a pseudo-operational proxy
2013-01-29T00:00:00+00:00,2013-01-28,windermere,south,water_temperature,2.0,degC,month_1,2013-01-29,2013-02-27,5.279340856315994,4.454018204722222,0.8253226515937717,full_anomaly_persistence,1.0,1.0,False,True,5,2008|2009|2010|2011|2012,d6f479c9c2348b73ac0d45299ff6784806beb15f83ff4e68f42706c0d67491c7,2012-12-30,2013-01-28,28,5.687662699404762,4.86234004781099,4,2008|2009|2010|2011,observation_time_proxy,historical data_available_time is unknown; observation_time is a pseudo-operational proxy
2013-01-29T00:00:00+00:00,2013-01-28,windermere,south,water_temperature,2.0,degC,month_2,2013-02-28,2013-03-29,6.137176183538216,5.311853531944444,0.8253226515937717,full_anomaly_persistence,1.0,1.0,False,True,5,2008|2009|2010|2011|2012,9be54327db356cc292c75e8669d07fd5399b253dc898b1210fad05a815d6b920,2012-12-30,2013-01-28,28,5.687662699404762,4.86234004781099,4,2008|2009|2010|2011,observation_time_proxy,historical data_available_time is unknown; observation_time is a pseudo-operational proxy
2013-01-29T00:00:00+00:00,2013-01-28,windermere,south,water_temperature,2.0,degC,month_3,2013-03-30,2013-04-28,9.037532650204884,8.212209998611112,0.8253226515937717,full_anomaly_persistence,1.0,1.0,False,True,4,2008|2009|2011|2012,a3e48610c86d001b1a6f2a5fe7591e65777529ea645e237fb5ee8a6a9261be7c,2012-12-30,2013-01-28,28,5.687662699404762,4.86234004781099,4,2008|2009|2010|2011,observation_time_proxy,historical data_available_time is unknown; observation_time is a pseudo-operational proxy
2013-02-05T00:00:00+00:00,2013-02-04,windermere,south,water_temperature,2.0,degC,month_1,2013-02-05,2013-03-06,5.017849746666667,4.480287583611111,0.537562163055556,full_anomaly_persistence,1.0,1.0,False,True,5,2008|2009|2010|2011|2012,4880445c00b22fddd6af605c73601b7f693cfc5da9288c385a051d2546f2895a,2013-01-06,2013-02-04,28,5.339230875,4.801668711944444,5,2008|2009|2010|2011|2012,observation_time_proxy,historical data_available_time is unknown; observation_time is a pseudo-operational proxy
2013-02-05T00:00:00+00:00,2013-02-04,windermere,south,water_temperature,2.0,degC,month_2,2013-03-07,2013-04-05,6.343218929722223,5.805656766666667,0.537562163055556,full_anomaly_persistence,1.0,1.0,False,True,5,2008|2009|2010|2011|2012,698113e041d62e6775ec1d6ba61c21c54210789afb54cef5bab4cfeecdac1265,2013-01-06,2013-02-04,28,5.339230875,4.801668711944444,5,2008|2009|2010|2011|2012,observation_time_proxy,historical data_available_time is unknown; observation_time is a pseudo-operational proxy
2013-02-05T00:00:00+00:00,2013-02-04,windermere,south,water_temperature,2.0,degC,month_3,2013-04-06,2013-05-05,9.506542932847223,8.968980769791667,0.537562163055556,full_anomaly_persistence,1.0,1.0,False,True,4,2008|2009|2011|2012,546939477758154b13a1fe3d83ae6a720118039b94876498cdcdc17f2770851d,2013-01-06,2013-02-04,28,5.339230875,4.801668711944444,5,2008|2009|2010|2011|2012,observation_time_proxy,historical data_available_time is unknown; observation_time is a pseudo-operational proxy
2013-02-12T00:00:00+00:00,2013-02-11,windermere,south,water_temperature,2.0,degC,month_1,2013-02-12,2013-03-13,4.848636525853175,4.574586915,0.2740496108531749,full_anomaly_persistence,1.0,1.0,False,True,5,2008|2009|2010|2011|2012,b24927496b86eae6a327dcef59c5156c64eca0446a44d9526561d688685e90a5,2013-01-13,2013-02-11,28,4.946400525297619,4.672350914444444,5,2008|2009|2010|2011|2012,observation_time_proxy,historical data_available_time is unknown; observation_time is a pseudo-operational proxy
2013-02-12T00:00:00+00:00,2013-02-11,windermere,south,water_temperature,2.0,degC,month_2,2013-03-14,2013-04-12,6.650351475575397,6.3763018647222225,0.2740496108531749,full_anomaly_persistence,1.0,1.0,False,True,5,2008|2009|2010|2011|2012,1eb31f1309d6672449cf6899cbdec60be39e24ba66041ff0e83724407bb8afb0,2013-01-13,2013-02-11,28,4.946400525297619,4.672350914444444,5,2008|2009|2010|2011|2012,observation_time_proxy,historical data_available_time is unknown; observation_time is a pseudo-operational proxy
2013-02-12T00:00:00+00:00,2013-02-11,windermere,south,water_temperature,2.0,degC,month_3,2013-04-13,2013-05-12,10.163695373353175,9.8896457625,0.2740496108531749,full_anomaly_persistence,1.0,1.0,False,True,4,2008|2009|2011|2012,615538536b3d7d4e62796e2d7792638fef64c51601a86dd3afca65f8dd52607b,2013-01-13,2013-02-11,28,4.946400525297619,4.672350914444444,5,2008|2009|2010|2011|2012,observation_time_proxy,historical data_available_time is unknown; observation_time is a pseudo-operational proxy
2013-02-19T00:00:00+00:00,2013-02-18,windermere,south,water_temperature,2.0,degC,month_1,2013-02-19,2013-03-20,4.907249154444444,4.800874806388888,0.10637434805555568,full_anomaly_persistence,1.0,1.0,False,True,5,2008|2009|2010|2011|2012,e51d68cae8ad39a6f1887d6f9689622bbc3ed4028a0b72c106f0984375effb77,2013-01-20,2013-02-18,30,4.658522398611111,4.552148050555555,5,2008|2009|2010|2011|2012,observation_time_proxy,historical data_available_time is unknown; observation_time is a pseudo-operational proxy
2013-02-19T00:00:00+00:00,2013-02-18,windermere,south,water_temperature,2.0,degC,month_2,2013-03-21,2013-04-19,7.183902258888889,7.077527910833333,0.10637434805555568,full_anomaly_persistence,1.0,1.0,False,True,5,2008|2009|2010|2011|2012,cab89baaf74745fdae48004bf113e4fe0bf51a08643a60e06c0835836b65f61c,2013-01-20,2013-02-18,30,4.658522398611111,4.552148050555555,5,2008|2009|2010|2011|2012,observation_time_proxy,historical data_available_time is unknown; observation_time is a pseudo-operational proxy
2013-02-19T00:00:00+00:00,2013-02-18,windermere,south,water_temperature,2.0,degC,month_3,2013-04-20,2013-05-19,10.832911889722222,10.726537541666668,0.10637434805555568,full_anomaly_persistence,1.0,1.0,False,True,4,2008|2009|2011|2012,3360b2b7c70c397d2a268183c15026dd40dbdc0a3e9e121901217918b5f5870a,2013-01-20,2013-02-18,30,4.658522398611111,4.552148050555555,5,2008|2009|2010|2011|2012,observation_time_proxy,historical data_available_time is unknown; observation_time is a pseudo-operational proxy
2013-02-26T00:00:00+00:00,2013-02-25,windermere,south,water_temperature,2.0,degC,month_1,2013-02-26,2013-03-27,5.151086981666667,5.176591526666667,-0.025504544999999545,full_anomaly_persistence,1.0,1.0,False,True,5,2008|2009|2010|2011|2012,004c92f1e285766ba583d2fefb381686b215d63da639007945d3e8d8a5a54af7,2013-01-27,2013-02-25,30,4.443035236111111,4.468539781111111,5,2008|2009|2010|2011|2012,observation_time_proxy,historical data_available_time is unknown; observation_time is a pseudo-operational proxy
2013-02-26T00:00:00+00:00,2013-02-25,windermere,south,water_temperature,2.0,degC,month_2,2013-03-28,2013-04-26,7.994804812638889,8.020309357638888,-0.025504544999999545,full_anomaly_persistence,1.0,1.0,False,True,4,2008|2009|2011|2012,e28d58bdc24c9f96073585948aa32586b1e8305759fb1807b19e3377435f51f9,2013-01-27,2013-02-25,30,4.443035236111111,4.468539781111111,5,2008|2009|2010|2011|2012,observation_time_proxy,historical data_available_time is unknown; observation_time is a pseudo-operational proxy
2013-02-26T00:00:00+00:00,2013-02-25,windermere,south,water_temperature,2.0,degC,month_3,2013-04-27,2013-05-26,11.482816966805554,11.508321511805555,-0.025504544999999545,full_anomaly_persistence,1.0,1.0,False,True,4,2008|2009|2011|2012,8309b78a9b232a4683e5e38c9eae90617a6c93b958a03e2cf65da6da04adb8cf,2013-01-27,2013-02-25,30,4.443035236111111,4.468539781111111,5,2008|2009|2010|2011|2012,observation_time_proxy,historical data_available_time is unknown; observation_time is a pseudo-operational proxy
2013-03-05T00:00:00+00:00,2013-03-04,windermere,south,water_temperature,2.0,degC,month_1,2013-03-05,2013-04-03,5.548274932500001,5.683493514444445,-0.1352185819444438,full_anomaly_persistence,1.0,1.0,False,True,5,2008|2009|2010|2011|2012,6fd71d9ebbb16b5e30f2d8005694d2b6af97d6bf93f24f855c714d2e29f413a6,2013-02-03,2013-03-04,30,4.3307566472222225,4.465975229166666,5,2008|2009|2010|2011|2012,observation_time_proxy,historical data_available_time is unknown; observation_time is a pseudo-operational proxy
2013-03-05T00:00:00+00:00,2013-03-04,windermere,south,water_temperature,2.0,degC,month_2,2013-04-04,2013-05-03,8.581923614583335,8.717142196527778,-0.1352185819444438,full_anomaly_persistence,1.0,1.0,False,True,4,2008|2009|2011|2012,5daaf0973692424deea16caa29f00a80e60889b0ebdb425eca731dc4cf7cd286,2013-02-03,2013-03-04,30,4.3307566472222225,4.465975229166666,5,2008|2009|2010|2011|2012,observation_time_proxy,historical data_available_time is unknown; observation_time is a pseudo-operational proxy
2013-03-05T00:00:00+00:00,2013-03-04,windermere,south,water_temperature,2.0,degC,month_3,2013-05-04,2013-06-02,12.367927926053639,12.503146507998084,-0.1352185819444438,full_anomaly_persistence,1.0,1.0,False,True,5,2008|2009|2010|2011|2012,db74a555962de268f745d7817900f10beb998416c2cae1952d876cfc48b3ab00,2013-02-03,2013-03-04,30,4.3307566472222225,4.465975229166666,5,2008|2009|2010|2011|2012,observation_time_proxy,historical data_available_time is unknown; observation_time is a pseudo-operational proxy
2013-03-12T00:00:00+00:00,2013-03-11,windermere,south,water_temperature,2.0,degC,month_1,2013-03-12,2013-04-10,5.881616629722223,6.173223151666667,-0.2916065219444439,full_anomaly_persistence,1.0,1.0,False,True,5,2008|2009|2010|2011|2012,71043aca6be4e1a87caf80892dc2cad736264c2a8c35d1cc69e43454f5b6ba7c,2013-02-10,2013-03-11,30,4.246387280555556,4.5379938025,5,2008|2009|2010|2011|2012,observation_time_proxy,historical data_available_time is unknown; observation_time is a pseudo-operational proxy
2013-03-12T00:00:00+00:00,2013-03-11,windermere,south,water_temperature,2.0,degC,month_2,2013-04-11,2013-05-10,9.349660051666667,9.64126657361111,-0.2916065219444439,full_anomaly_persistence,1.0,1.0,False,True,4,2008|2009|2011|2012,04d1afc9fe8d3f6874c72d3add7014025fc0890e3896faf483c9749525b08aaa,2013-02-10,2013-03-11,30,4.246387280555556,4.5379938025,5,2008|2009|2010|2011|2012,observation_time_proxy,historical data_available_time is unknown; observation_time is a pseudo-operational proxy
2013-03-12T00:00:00+00:00,2013-03-11,windermere,south,water_temperature,2.0,degC,month_3,2013-05-11,2013-06-09,13.348935068381227,13.64054159032567,-0.2916065219444439,full_anomaly_persistence,1.0,1.0,False,True,5,2008|2009|2010|2011|2012,2874d86105aba2d578c6e6a6182929e3b72b2965d9b1425eacfee14c65c54266,2013-02-10,2013-03-11,30,4.246387280555556,4.5379938025,5,2008|2009|2010|2011|2012,observation_time_proxy,historical data_available_time is unknown; observation_time is a pseudo-operational proxy
2013-03-19T00:00:00+00:00,2013-03-18,windermere,south,water_temperature,2.0,degC,month_1,2013-03-19,2013-04-17,6.3304877675,6.871568820277778,-0.5410810527777778,full_anomaly_persistence,1.0,1.0,False,True,5,2008|2009|2010|2011|2012,7e5bffec629ac11ac19f82a9273b1ef3847972b8e5cd862fa9450bdd94ade561,2013-02-17,2013-03-18,30,4.177551923611111,4.718632976388889,5,2008|2009|2010|2011|2012,observation_time_proxy,historical data_available_time is unknown; observation_time is a pseudo-operational proxy
2013-03-19T00:00:00+00:00,2013-03-18,windermere,south,water_temperature,2.0,degC,month_2,2013-04-18,2013-05-17,9.964752916666665,10.505833969444444,-0.5410810527777778,full_anomaly_persistence,1.0,1.0,False,True,4,2008|2009|2011|2012,0cb7af784e00c6dafed1be67ec51ab6b0cfacbc47f7500973f2cc296e6dcc7a2,2013-02-17,2013-03-18,30,4.177551923611111,4.718632976388889,5,2008|2009|2010|2011|2012,observation_time_proxy,historical data_available_time is unknown; observation_time is a pseudo-operational proxy
2013-03-19T00:00:00+00:00,2013-03-18,windermere,south,water_temperature,2.0,degC,month_3,2013-05-18,2013-06-16,14.092208844348658,14.633289897126437,-0.5410810527777778,full_anomaly_persistence,1.0,1.0,False,True,5,2008|2009|2010|2011|2012,4f755d321023f4a5d64daf0e39675ecf2b676abf7deec7d380acea96da112e65,2013-02-17,2013-03-18,30,4.177551923611111,4.718632976388889,5,2008|2009|2010|2011|2012,observation_time_proxy,historical data_available_time is unknown; observation_time is a pseudo-operational proxy
2013-03-26T00:00:00+00:00,2013-03-25,windermere,south,water_temperature,2.0,degC,month_1,2013-03-26,2013-04-24,6.888055000625,7.8241747975694445,-0.9361197969444444,full_anomaly_persistence,1.0,1.0,False,True,4,2008|2009|2011|2012,7323c7909737efaea908493b525264131b004c57ac216270710cca945ab7c95b,2013-02-24,2013-03-25,30,4.117241859722222,5.053361656666667,5,2008|2009|2010|2011|2012,observation_time_proxy,historical data_available_time is unknown; observation_time is a pseudo-operational proxy
2013-03-26T00:00:00+00:00,2013-03-25,windermere,south,water_temperature,2.0,degC,month_2,2013-04-25,2013-05-24,10.315898834652778,11.252018631597222,-0.9361197969444444,full_anomaly_persistence,1.0,1.0,False,True,4,2008|2009|2011|2012,afc4527b852ac899ee9d8c13440ce83afdfc5224563932432a665e1fd6715d1e,2013-02-24,2013-03-25,30,4.117241859722222,5.053361656666667,5,2008|2009|2010|2011|2012,observation_time_proxy,historical data_available_time is unknown; observation_time is a pseudo-operational proxy
2013-03-26T00:00:00+00:00,2013-03-25,windermere,south,water_temperature,2.0,degC,month_3,2013-05-25,2013-06-23,14.449033699319925,15.385153496264369,-0.9361197969444444,full_anomaly_persistence,1.0,1.0,False,True,5,2008|2009|2010|2011|2012,aa852ebdbd78fda626f411ba77b9832e995790c4de4e10fd7c38438c7a6399e4,2013-02-24,2013-03-25,30,4.117241859722222,5.053361656666667,5,2008|2009|2010|2011|2012,observation_time_proxy,historical data_available_time is unknown; observation_time is a pseudo-operational proxy
2013-04-02T00:00:00+00:00,2013-04-01,windermere,south,water_temperature,2.0,degC,month_1,2013-04-02,2013-05-01,7.008617150208333,8.511728094097222,-1.5031109438888892,full_anomaly_persistence,1.0,1.0,False,True,4,2008|2009|2011|2012,808fb72c56e031d6ef6affb3464d7b0ab8ce777c4245cbd0c2905bc81fce26e4,2013-03-03,2013-04-01,30,4.037914568055555,5.5410255119444445,5,2008|2009|2010|2011|2012,observation_time_proxy,historical data_available_time is unknown; observation_time is a pseudo-operational proxy
2013-04-02T00:00:00+00:00,2013-04-01,windermere,south,water_temperature,2.0,degC,month_2,2013-05-02,2013-05-31,10.707380814166665,12.210491758055555,-1.5031109438888892,full_anomaly_persistence,1.0,1.0,False,True,5,2008|2009|2010|2011|2012,b6814e6963f27103030cd9d78f17a2d8e1899ee0b7a9abddcf90fe782382cbbf,2013-03-03,2013-04-01,30,4.037914568055555,5.5410255119444445,5,2008|2009|2010|2011|2012,observation_time_proxy,historical data_available_time is unknown; observation_time is a pseudo-operational proxy
2013-04-02T00:00:00+00:00,2013-04-01,windermere,south,water_temperature,2.0,degC,month_3,2013-06-01,2013-06-30,14.416121709750957,15.919232653639847,-1.5031109438888892,full_anomaly_persistence,1.0,1.0,False,True,5,2008|2009|2010|2011|2012,ed8b0443a4031b866b5a10b8acf361734d64049960d7db6ff89d002774d8ce72,2013-03-03,2013-04-01,30,4.037914568055555,5.5410255119444445,5,2008|2009|2010|2011|2012,observation_time_proxy,historical data_available_time is unknown; observation_time is a pseudo-operational proxy
2013-04-09T00:00:00+00:00,2013-04-08,windermere,south,water_temperature,2.0,degC,month_1,2013-04-09,2013-05-08,7.3489814283333335,9.3780105125,-2.0290290841666665,full_anomaly_persistence,1.0,1.0,False,True,4,2008|2009|2011|2012,1ef694446c90d8b1dbff3adb4b51dc3141bc160390c9bf3a9081e8ddd349fa0f,2013-03-10,2013-04-08,30,3.980773797222222,6.009802881388889,5,2008|2009|2010|2011|2012,observation_time_proxy,historical data_available_time is unknown; observation_time is a pseudo-operational proxy
2013-04-09T00:00:00+00:00,2013-04-08,windermere,south,water_temperature,2.0,degC,month_2,2013-05-09,2013-06-07,11.309236946484674,13.33826603065134,-2.0290290841666665,full_anomaly_persistence,1.0,1.0,False,True,5,2008|2009|2010|2011|2012,b8e42da61c7ae743b99209706ac97474d9f7782355417f454cd11bb91c2bbbc7,2013-03-10,2013-04-08,30,3.980773797222222,6.009802881388889,5,2008|2009|2010|2011|2012,observation_time_proxy,historical data_available_time is unknown; observation_time is a pseudo-operational proxy
2013-04-09T00:00:00+00:00,2013-04-08,windermere,south,water_temperature,2.0,degC,month_3,2013-06-08,2013-07-07,14.36820569892512,16.397234783091786,-2.0290290841666665,full_anomaly_persistence,1.0,1.0,False,True,5,2008|2009|2010|2011|2012,e14f56811761c83aca398077a04b55078aeed1b3ffa228af82db797394b87693,2013-03-10,2013-04-08,30,3.980773797222222,6.009802881388889,5,2008|2009|2010|2011|2012,observation_time_proxy,historical data_available_time is unknown; observation_time is a pseudo-operational proxy
2013-04-16T00:00:00+00:00,2013-04-15,windermere,south,water_temperature,2.0,degC,month_1,2013-04-16,2013-05-15,7.677080850277779,10.263160491666667,-2.5860796413888885,full_anomaly_persistence,1.0,1.0,False,True,4,2008|2009|2011|2012,ff57038e648e022eef33e05d0eb8590e61464569a8d7e6bf3f966b81d82f8df3,2013-03-17,2013-04-15,30,4.084382231944445,6.670461873333333,5,2008|2009|2010|2011|2012,observation_time_proxy,historical data_available_time is unknown; observation_time is a pseudo-operational proxy
2013-04-16T00:00:00+00:00,2013-04-15,windermere,south,water_temperature,2.0,degC,month_2,2013-05-16,2013-06-14,11.763432990124521,14.34951263151341,-2.5860796413888885,full_anomaly_persistence,1.0,1.0,False,True,5,2008|2009|2010|2011|2012,c650dbd90305ce7c03b9b9300a782ded842c5d621d1e478a367f4c749bc0c2d2,2013-03-17,2013-04-15,30,4.084382231944445,6.670461873333333,5,2008|2009|2010|2011|2012,observation_time_proxy,historical data_available_time is unknown; observation_time is a pseudo-operational proxy
2013-04-16T00:00:00+00:00,2013-04-15,windermere,south,water_temperature,2.0,degC,month_3,2013-06-15,2013-07-14,14.265171701551385,16.851251342940273,-2.5860796413888885,full_anomaly_persistence,1.0,1.0,False,True,5,2008|2009|2010|2011|2012,373314c5ea164da399b1aee6371544892d53bcc8f4ad4a3aa0e1853572bacf1a,2013-03-17,2013-04-15,30,4.084382231944445,6.670461873333333,5,2008|2009|2010|2011|2012,observation_time_proxy,historical data_available_time is unknown; observation_time is a pseudo-operational proxy
2013-04-23T00:00:00+00:00,2013-04-22,windermere,south,water_temperature,2.0,degC,month_1,2013-04-23,2013-05-22,8.07623683490801,11.026892802083333,-2.950655967175325,full_anomaly_persistence,1.0,1.0,False,True,4,2008|2009|2011|2012,480610c12a2f3aaa71eb6feeba782bc1bd66bceb10e6bc43f56e41505c6fa551,2013-03-24,2013-04-22,30,4.437382572222222,7.388038539397547,5,2008|2009|2010|2011|2012,observation_time_proxy,historical data_available_time is unknown; observation_time is a pseudo-operational proxy
2013-04-23T00:00:00+00:00,2013-04-22,windermere,south,water_temperature,2.0,degC,month_2,2013-05-23,2013-06-21,12.286588607345749,15.237244574521073,-2.950655967175325,full_anomaly_persistence,1.0,1.0,False,True,5,2008|2009|2010|2011|2012,1f2ca2428fca0044790d9bd54e610cac59576af53e2023cd95f5e14b88a14da0,2013-03-24,2013-04-22,30,4.437382572222222,7.388038539397547,5,2008|2009|2010|2011|2012,observation_time_proxy,historical data_available_time is unknown; observation_time is a pseudo-operational proxy
2013-04-23T00:00:00+00:00,2013-04-22,windermere,south,water_temperature,2.0,degC,month_3,2013-06-22,2013-07-21,14.201964311876058,17.152620279051384,-2.950655967175325,full_anomaly_persistence,1.0,1.0,False,True,5,2008|2009|2010|2011|2012,f2c17752e8ff025398db4f412292d3a5f102c7d661faa8922fb2c70a99099080,2013-03-24,2013-04-22,30,4.437382572222222,7.388038539397547,5,2008|2009|2010|2011|2012,observation_time_proxy,historical data_available_time is unknown; observation_time is a pseudo-operational proxy
2013-04-30T00:00:00+00:00,2013-04-29,windermere,south,water_temperature,2.0,degC,month_1,2013-04-30,2013-05-29,8.730442321755268,11.918407915852491,-3.187965594097223,full_anomaly_persistence,1.0,1.0,False,True,5,2008|2009|2010|2011|2012,48c1e2170778fa8daba6eb3d649733a438dd92644ecd1d090fe3b0b1d6a8e4c5,2013-03-31,2013-04-29,30,5.1219395,8.309905094097223,4,2008|2009|2011|2012,observation_time_proxy,historical data_available_time is unknown; observation_time is a pseudo-operational proxy
2013-04-30T00:00:00+00:00,2013-04-29,windermere,south,water_temperature,2.0,degC,month_2,2013-05-30,2013-06-28,12.567651407435344,15.755617001532567,-3.187965594097223,full_anomaly_persistence,1.0,1.0,False,True,5,2008|2009|2010|2011|2012,f9984a95bb23aef4efcf6d0e7e6b9c0f495e1e7cec9a5a41da00620412922829,2013-03-31,2013-04-29,30,5.1219395,8.309905094097223,4,2008|2009|2011|2012,observation_time_proxy,historical data_available_time is unknown; observation_time is a pseudo-operational proxy
2013-04-30T00:00:00+00:00,2013-04-29,windermere,south,water_temperature,2.0,degC,month_3,2013-06-29,2013-07-28,14.265975815509718,17.45394140960694,-3.187965594097223,full_anomaly_persistence,1.0,1.0,False,True,5,2008|2009|2010|2011|2012,1319a9b1c6e039f4e25ae21f2275b4a489ceaafaed919ef79c6bd3a42984928d,2013-03-31,2013-04-29,30,5.1219395,8.309905094097223,4,2008|2009|2011|2012,observation_time_proxy,historical data_available_time is unknown; observation_time is a pseudo-operational proxy
2013-05-07T00:00:00+00:00,2013-05-06,windermere,south,water_temperature,2.0,degC,month_1,2013-05-07,2013-06-05,9.92589729889847,13.019931378065134,-3.094034079166666,full_anomaly_persistence,1.0,1.0,False,True,5,2008|2009|2010|2011|2012,ca3eebb35971b7c388c76667344c91db84cd0e6eb8adcb572951f658f4bd633d,2013-04-07,2013-05-06,30,6.009829251388889,9.103863330555555,4,2008|2009|2011|2012,observation_time_proxy,historical data_available_time is unknown; observation_time is a pseudo-operational proxy
2013-05-07T00:00:00+00:00,2013-05-06,windermere,south,water_temperature,2.0,degC,month_2,2013-06-06,2013-07-05,13.173373543055558,16.267407622222223,-3.094034079166666,full_anomaly_persistence,1.0,1.0,False,True,5,2008|2009|2010|2011|2012,0e3fc8d6e552de17f8c7593a4f3c002e92a7894f3de8dc2bcfd3b5944e70b01f,2013-04-07,2013-05-06,30,6.009829251388889,9.103863330555555,4,2008|2009|2011|2012,observation_time_proxy,historical data_available_time is unknown; observation_time is a pseudo-operational proxy
2013-05-07T00:00:00+00:00,2013-05-06,windermere,south,water_temperature,2.0,degC,month_3,2013-07-06,2013-08-04,14.45410324710694,17.548137326273604,-3.094034079166666,full_anomaly_persistence,1.0,1.0,False,True,5,2008|2009|2010|2011|2012,8e6e0c414adeafa5a4d5c78c318e8d8e587d71af20ba0afdbaae407ae0c46b21,2013-04-07,2013-05-06,30,6.009829251388889,9.103863330555555,4,2008|2009|2011|2012,observation_time_proxy,historical data_available_time is unknown; observation_time is a pseudo-operational proxy
2013-05-14T00:00:00+00:00,2013-05-13,windermere,south,water_temperature,2.0,degC,month_1,2013-05-14,2013-06-12,11.048656385069442,14.068414672222222,-3.0197582871527793,full_anomaly_persistence,1.0,1.0,False,True,5,2008|2009|2010|2011|2012,1803429c94b9c6f7098075dcf590dc97ce7cc79b32423f7c2e4bd4d34bb087dc,2013-04-14,2013-05-13,30,6.9963406388888885,10.016098926041668,4,2008|2009|2011|2012,observation_time_proxy,historical data_available_time is unknown; observation_time is a pseudo-operational proxy
2013-05-14T00:00:00+00:00,2013-05-13,windermere,south,water_temperature,2.0,degC,month_2,2013-06-13,2013-07-12,13.70740636134305,16.72716464849583,-3.0197582871527793,full_anomaly_persistence,1.0,1.0,False,True,5,2008|2009|2010|2011|2012,7badd5f458eb8f870f4f4e6eede933595da0bcb09c20fe52ee644a53efb6be67,2013-04-14,2013-05-13,30,6.9963406388888885,10.016098926041668,4,2008|2009|2011|2012,observation_time_proxy,historical data_available_time is unknown; observation_time is a pseudo-operational proxy
2013-05-14T00:00:00+00:00,2013-05-13,windermere,south,water_temperature,2.0,degC,month_3,2013-07-13,2013-08-11,14.603655309275794,17.623413596428573,-3.0197582871527793,full_anomaly_persistence,1.0,1.0,False,True,5,2008|2009|2010|2011|2012,a93ba2faae177a84521b444694dd22ac4f5bae2fc81d8edf98144a2cff0eb07c,2013-04-14,2013-05-13,30,6.9963406388888885,10.016098926041668,4,2008|2009|2011|2012,observation_time_proxy,historical data_available_time is unknown; observation_time is a pseudo-operational proxy
2013-05-21T00:00:00+00:00,2013-05-20,windermere,south,water_temperature,2.0,degC,month_1,2013-05-21,2013-06-19,12.140897747868774,15.013713834674329,-2.872816086805556,full_anomaly_persistence,1.0,1.0,False,True,5,2008|2009|2010|2011|2012,234669c3c4ab9a51c352992bf9f6d1b50bc38c2e8fd7bae841493251c95038c5,2013-04-21,2013-05-20,30,7.954447091666666,10.827263178472222,4,2008|2009|2011|2012,observation_time_proxy,historical data_available_time is unknown; observation_time is a pseudo-operational proxy
2013-05-21T00:00:00+00:00,2013-05-20,windermere,south,water_temperature,2.0,degC,month_2,2013-06-20,2013-07-19,14.202341239468048,17.075157326273604,-2.872816086805556,full_anomaly_persistence,1.0,1.0,False,True,5,2008|2009|2010|2011|2012,5c3c658cc93870c2728b105050ae279a5d44eef6a3652871fde958559aea9a19,2013-04-21,2013-05-20,30,7.954447091666666,10.827263178472222,4,2008|2009|2011|2012,observation_time_proxy,historical data_available_time is unknown; observation_time is a pseudo-operational proxy
2013-05-21T00:00:00+00:00,2013-05-20,windermere,south,water_temperature,2.0,degC,month_3,2013-07-20,2013-08-18,14.826939012400793,17.69975509920635,-2.872816086805556,full_anomaly_persistence,1.0,1.0,False,True,5,2008|2009|2010|2011|2012,643b651c3f6d84030419f3d6dafe415e505d49a91ae88ebc2a9734d6de08c504,2013-04-21,2013-05-20,30,7.954447091666666,10.827263178472222,4,2008|2009|2011|2012,observation_time_proxy,historical data_available_time is unknown; observation_time is a pseudo-operational proxy
2013-05-28T00:00:00+00:00,2013-05-27,windermere,south,water_temperature,2.0,degC,month_1,2013-05-28,2013-06-26,12.905917676095147,15.58293377729885,-2.6770161012037033,full_anomaly_persistence,1.0,1.0,False,True,5,2008|2009|2010|2011|2012,015cd30ec83e8b5482a0056a4f84474eb2fcc657593b260795c46183515e85d4,2013-04-28,2013-05-27,30,8.993811893055556,11.670827994259259,5,2008|2009|2010|2011|2012,observation_time_proxy,historical data_available_time is unknown; observation_time is a pseudo-operational proxy
2013-05-28T00:00:00+00:00,2013-05-27,windermere,south,water_temperature,2.0,degC,month_2,2013-06-27,2013-07-26,14.692685247292124,17.369701348495827,-2.6770161012037033,full_anomaly_persistence,1.0,1.0,False,True,5,2008|2009|2010|2011|2012,e4e04cee6d0568018b45962af9e472c4e083d6d6d7dc9c78a33f26d826b77521,2013-04-28,2013-05-27,30,8.993811893055556,11.670827994259259,5,2008|2009|2010|2011|2012,observation_time_proxy,historical data_available_time is unknown; observation_time is a pseudo-operational proxy
2013-05-28T00:00:00+00:00,2013-05-27,windermere,south,water_temperature,2.0,degC,month_3,2013-07-27,2013-08-25,15.036483136891535,17.71349923809524,-2.6770161012037033,full_anomaly_persistence,1.0,1.0,False,True,5,2008|2009|2010|2011|2012,3e75d89e99a49810299910b5ac30da07a3c4c5af9bdf1174a6419fe93b1d465f,2013-04-28,2013-05-27,30,8.993811893055556,11.670827994259259,5,2008|2009|2010|2011|2012,observation_time_proxy,historical data_available_time is unknown; observation_time is a pseudo-operational proxy
2013-06-04T00:00:00+00:00,2013-06-03,windermere,south,water_temperature,2.0,degC,month_1,2013-06-04,2013-07-03,13.43842326800766,16.15383811111111,-2.7154148431034493,full_anomaly_persistence,1.0,1.0,False,True,5,2008|2009|2010|2011|2012,7e7a50c575d0589d5cde6180f8eb14e0c9794f728ff14ff01e872cac5ef7d6ee,2013-05-05,2013-06-03,30,9.959963055555555,12.675377898659004,5,2008|2009|2010|2011|2012,observation_time_proxy,historical data_available_time is unknown; observation_time is a pseudo-operational proxy
2013-06-04T00:00:00+00:00,2013-06-03,windermere,south,water_temperature,2.0,degC,month_2,2013-07-04,2013-08-02,14.815656910947933,17.531071754051382,-2.7154148431034493,full_anomaly_persistence,1.0,1.0,False,True,5,2008|2009|2010|2011|2012,0aa603fffc0d924d23c04ad50a8040ec14d7aa780e80f9be8c19685d2bbcc016,2013-05-05,2013-06-03,30,9.959963055555555,12.675377898659004,5,2008|2009|2010|2011|2012,observation_time_proxy,historical data_available_time is unknown; observation_time is a pseudo-operational proxy
2013-06-04T00:00:00+00:00,2013-06-03,windermere,south,water_temperature,2.0,degC,month_3,2013-08-03,2013-09-01,14.75425900332512,17.46967384642857,-2.7154148431034493,full_anomaly_persistence,1.0,1.0,False,True,5,2008|2009|2010|2011|2012,a778c1082675e4717a1193b47e7f3097c0162106590012a0e5f504b6b793f2ad,2013-05-05,2013-06-03,30,9.959963055555555,12.675377898659004,5,2008|2009|2010|2011|2012,observation_time_proxy,historical data_available_time is unknown; observation_time is a pseudo-operational proxy
2013-06-11T00:00:00+00:00,2013-06-10,windermere,south,water_temperature,2.0,degC,month_1,2013-06-11,2013-07-10,14.44060890191363,16.59873903309179,-2.1581301311781598,full_anomaly_persistence,1.0,1.0,False,True,5,2008|2009|2010|2011|2012,0a97012cd597c9c8da477b40e370817f44d9759ac25f8c4472d675691d797d6c,2013-05-12,2013-06-10,30,11.626682579166667,13.784812710344827,5,2008|2009|2010|2011|2012,observation_time_proxy,historical data_available_time is unknown; observation_time is a pseudo-operational proxy
2013-06-11T00:00:00+00:00,2013-06-10,windermere,south,water_temperature,2.0,degC,month_2,2013-07-11,2013-08-09,15.450849958432231,17.60898008961039,-2.1581301311781598,full_anomaly_persistence,1.0,1.0,False,True,5,2008|2009|2010|2011|2012,23632d2e7c617923f6c98aebff927aa3838343553b00ed4d6b9a1b566d3b4ea7,2013-05-12,2013-06-10,30,11.626682579166667,13.784812710344827,5,2008|2009|2010|2011|2012,observation_time_proxy,historical data_available_time is unknown; observation_time is a pseudo-operational proxy
2013-06-11T00:00:00+00:00,2013-06-10,windermere,south,water_temperature,2.0,degC,month_3,2013-08-10,2013-09-08,14.931510121599617,17.089640252777777,-2.1581301311781598,full_anomaly_persistence,1.0,1.0,False,True,5,2008|2009|2010|2011|2012,0ddacdb9d6e29e2b25a6a3bc88491b9d0279fea6b69d8daf2aa768fc4ffaa3e5,2013-05-12,2013-06-10,30,11.626682579166667,13.784812710344827,5,2008|2009|2010|2011|2012,observation_time_proxy,historical data_available_time is unknown; observation_time is a pseudo-operational proxy
2013-06-18T00:00:00+00:00,2013-06-17,windermere,south,water_temperature,2.0,degC,month_1,2013-06-18,2013-07-17,15.265782492126096,16.992078565162494,-1.7262960730363979,full_anomaly_persistence,1.0,1.0,False,True,5,2008|2009|2010|2011|2012,ebd3941a8f048eedf5003b87afd92576d5dedf35f626437d608162e32b6e7be8,2013-05-19,2013-06-17,30,13.042619198611112,14.76891527164751,5,2008|2009|2010|2011|2012,observation_time_proxy,historical data_available_time is unknown; observation_time is a pseudo-operational proxy
2013-06-18T00:00:00+00:00,2013-06-17,windermere,south,water_temperature,2.0,degC,month_2,2013-07-18,2013-08-16,15.940026623392175,17.666322696428573,-1.7262960730363979,full_anomaly_persistence,1.0,1.0,False,True,5,2008|2009|2010|2011|2012,a32cb503a913add06506343294fbf05b8d9fa1a8295429102f5402b84b314f52,2013-05-19,2013-06-17,30,13.042619198611112,14.76891527164751,5,2008|2009|2010|2011|2012,observation_time_proxy,historical data_available_time is unknown; observation_time is a pseudo-operational proxy
2013-06-18T00:00:00+00:00,2013-06-17,windermere,south,water_temperature,2.0,degC,month_3,2013-08-17,2013-09-15,14.912514510296933,16.63881058333333,-1.7262960730363979,full_anomaly_persistence,1.0,1.0,False,True,5,2008|2009|2010|2011|2012,23c32520ca959c08c6adc0898ec74c0ba346b37bae995991399acc6da1a238fa,2013-05-19,2013-06-17,30,13.042619198611112,14.76891527164751,5,2008|2009|2010|2011|2012,observation_time_proxy,historical data_available_time is unknown; observation_time is a pseudo-operational proxy
2013-06-25T00:00:00+00:00,2013-06-24,windermere,south,water_temperature,2.0,degC,month_1,2013-06-25,2013-07-24,16.168197442844487,17.274113676273608,-1.1059162334291184,full_anomaly_persistence,1.0,1.0,False,True,5,2008|2009|2010|2011|2012,ef310b57483e1dc4d3849ad1f2a0f9ef0d4351989b2ae1649851bfeff6aa7121,2013-05-26,2013-06-24,30,14.341973077777778,15.447889311206897,5,2008|2009|2010|2011|2012,observation_time_proxy,historical data_available_time is unknown; observation_time is a pseudo-operational proxy
2013-06-25T00:00:00+00:00,2013-06-24,windermere,south,water_temperature,2.0,degC,month_2,2013-07-25,2013-08-23,16.635766135221672,17.741682368650793,-1.1059162334291184,full_anomaly_persistence,1.0,1.0,False,True,5,2008|2009|2010|2011|2012,016eab7c7397c64f9e9fb01331f828cfd4857e6cdd20b8f0f118dafb3714ad4b,2013-05-26,2013-06-24,30,14.341973077777778,15.447889311206897,5,2008|2009|2010|2011|2012,observation_time_proxy,historical data_available_time is unknown; observation_time is a pseudo-operational proxy
2013-06-25T00:00:00+00:00,2013-06-24,windermere,south,water_temperature,2.0,degC,month_3,2013-08-24,2013-09-22,15.003224786015325,16.109141019444444,-1.1059162334291184,full_anomaly_persistence,1.0,1.0,False,True,5,2008|2009|2010|2011|2012,f14c37da2f8f4b3f65aceb51e9f47f21e2ee7c4fd0c1532ba9bc8a6493ace2fd,2013-05-26,2013-06-24,30,14.341973077777778,15.447889311206897,5,2008|2009|2010|2011|2012,observation_time_proxy,historical data_available_time is unknown; observation_time is a pseudo-operational proxy
2013-07-02T00:00:00+00:00,2013-07-01,windermere,south,water_temperature,2.0,degC,month_1,2013-07-02,2013-07-31,17.03035294571805,17.52549657349583,-0.49514362777777876,full_anomaly_persistence,1.0,1.0,False,True,5,2008|2009|2010|2011|2012,04e0618885df700b876241f07963203b6972b59df1516d4b414d417a867145c5,2013-06-02,2013-07-01,30,15.51681111111111,16.01195473888889,5,2008|2009|2010|2011|2012,observation_time_proxy,historical data_available_time is unknown; observation_time is a pseudo-operational proxy
2013-07-02T00:00:00+00:00,2013-07-01,windermere,south,water_temperature,2.0,degC,month_2,2013-08-01,2013-08-30,17.044143615873015,17.539287243650794,-0.49514362777777876,full_anomaly_persistence,1.0,1.0,False,True,5,2008|2009|2010|2011|2012,48c1b63fad4650ad27d6fc528d127847663362760d41fda669a47e618699f0ac,2013-06-02,2013-07-01,30,15.51681111111111,16.01195473888889,5,2008|2009|2010|2011|2012,observation_time_proxy,historical data_available_time is unknown; observation_time is a pseudo-operational proxy
2013-07-02T00:00:00+00:00,2013-07-01,windermere,south,water_temperature,2.0,degC,month_3,2013-08-31,2013-09-29,15.035488294444443,15.530631922222222,-0.49514362777777876,full_anomaly_persistence,1.0,1.0,False,True,5,2008|2009|2010|2011|2012,30798313314fa65779c8328623f1b288494d35ed246e6a61fb8a8166b98c3bea,2013-06-02,2013-07-01,30,15.51681111111111,16.01195473888889,5,2008|2009|2010|2011|2012,observation_time_proxy,historical data_available_time is unknown; observation_time is a pseudo-operational proxy
2013-07-09T00:00:00+00:00,2013-07-08,windermere,south,water_temperature,2.0,degC,month_1,2013-07-09,2013-08-07,17.1248952315186,17.589692472943725,-0.46479724142512246,full_anomaly_persistence,1.0,1.0,False,True,5,2008|2009|2010|2011|2012,ecab13f22272f07d23962225e1315e9b8a993b4aaed545202f2a5d80b044564c,2013-06-09,2013-07-08,30,15.994810944444444,16.459608185869566,5,2008|2009|2010|2011|2012,observation_time_proxy,historical data_available_time is unknown; observation_time is a pseudo-operational proxy
2013-07-09T00:00:00+00:00,2013-07-08,windermere,south,water_temperature,2.0,degC,month_2,2013-08-08,2013-09-06,16.75642852801932,17.221225769444445,-0.46479724142512246,full_anomaly_persistence,1.0,1.0,False,True,5,2008|2009|2010|2011|2012,ef56c07202108925143f66e2be035d80045732b1b401239b8a03815bdaa12b76,2013-06-09,2013-07-08,30,15.994810944444444,16.459608185869566,5,2008|2009|2010|2011|2012,observation_time_proxy,historical data_available_time is unknown; observation_time is a pseudo-operational proxy
2013-07-09T00:00:00+00:00,2013-07-08,windermere,south,water_temperature,2.0,degC,month_3,2013-09-07,2013-10-06,14.473967475241544,14.938764716666666,-0.46479724142512246,full_anomaly_persistence,1.0,1.0,False,True,5,2008|2009|2010|2011|2012,14397f145fa742024778cf57f813147cc0e36bc17c5445071b71521a8c02eab2,2013-06-09,2013-07-08,30,15.994810944444444,16.459608185869566,5,2008|2009|2010|2011|2012,observation_time_proxy,historical data_available_time is unknown; observation_time is a pseudo-operational proxy
2013-07-16T00:00:00+00:00,2013-07-15,windermere,south,water_temperature,2.0,degC,month_1,2013-07-16,2013-08-14,17.890538770154965,17.63892603531746,0.25161273483750435,full_anomaly_persistence,1.0,1.0,False,True,5,2008|2009|2010|2011|2012,e8dff0af7d5361213e1598744dfbe1abe7b481fce95f849c33331f2d75f5f902,2013-06-16,2013-07-15,30,17.159742027777778,16.908129292940274,5,2008|2009|2010|2011|2012,observation_time_proxy,historical data_available_time is unknown; observation_time is a pseudo-operational proxy
2013-07-16T00:00:00+00:00,2013-07-15,windermere,south,water_temperature,2.0,degC,month_2,2013-08-15,2013-09-13,17.026572882059728,16.774960147222224,0.25161273483750435,full_anomaly_persistence,1.0,1.0,False,True,5,2008|2009|2010|2011|2012,0184c2d084ceb3ae6c8c3ea89e7c6d4e00ffaf96987baf5e66e63a662ab2302a,2013-06-16,2013-07-15,30,17.159742027777778,16.908129292940274,5,2008|2009|2010|2011|2012,observation_time_proxy,historical data_available_time is unknown; observation_time is a pseudo-operational proxy
2013-07-16T00:00:00+00:00,2013-07-15,windermere,south,water_temperature,2.0,degC,month_3,2013-09-14,2013-10-13,14.572200893170837,14.320588158333333,0.25161273483750435,full_anomaly_persistence,1.0,1.0,False,True,5,2008|2009|2010|2011|2012,cdb9f023a1e13d523e42d1c643fc26eaad8b5e2c326f68b6a54a65ee6aee62e5,2013-06-16,2013-07-15,30,17.159742027777778,16.908129292940274,5,2008|2009|2010|2011|2012,observation_time_proxy,historical data_available_time is unknown; observation_time is a pseudo-operational proxy
2013-07-23T00:00:00+00:00,2013-07-22,windermere,south,water_temperature,2.0,degC,month_1,2013-07-23,2013-08-21,19.18672324237719,17.727393932539684,1.459329309837507,full_anomaly_persistence,1.0,1.0,False,True,5,2008|2009|2010|2011|2012,96cbb6313d62a1c24f5d336c85d14af117d1104018547defc1739b4b0632b601,2013-06-23,2013-07-22,30,18.653881583333334,17.194552273495827,5,2008|2009|2010|2011|2012,observation_time_proxy,historical data_available_time is unknown; observation_time is a pseudo-operational proxy
2013-07-23T00:00:00+00:00,2013-07-22,windermere,south,water_temperature,2.0,degC,month_2,2013-08-22,2013-09-20,17.730892073726395,16.271562763888888,1.459329309837507,full_anomaly_persistence,1.0,1.0,False,True,5,2008|2009|2010|2011|2012,118d5b2e0bbf78d263078afb6711d16b138a9234ed3ea9859ed5242aa2aa22f8,2013-06-23,2013-07-22,30,18.653881583333334,17.194552273495827,5,2008|2009|2010|2011|2012,observation_time_proxy,historical data_available_time is unknown; observation_time is a pseudo-operational proxy
2013-07-23T00:00:00+00:00,2013-07-22,windermere,south,water_temperature,2.0,degC,month_3,2013-09-21,2013-10-20,15.180264507059729,13.720935197222222,1.459329309837507,full_anomaly_persistence,1.0,1.0,False,True,5,2008|2009|2010|2011|2012,e047be02c4021580dc3912179db0be853a2c2bb21072b8eec4cf0be71577eceb,2013-06-23,2013-07-22,30,18.653881583333334,17.194552273495827,5,2008|2009|2010|2011|2012,observation_time_proxy,historical data_available_time is unknown; observation_time is a pseudo-operational proxy
2013-07-30T00:00:00+00:00,2013-07-29,windermere,south,water_temperature,2.0,degC,month_1,2013-07-30,2013-08-28,20.24997018126608,17.616551604761906,2.633418576504173,full_anomaly_persistence,1.0,1.0,False,True,5,2008|2009|2010|2011|2012,e6f8d564501f620e86c9f3c9c8083dc1fc072fe5fd80435dfad49b6878690d50,2013-06-30,2013-07-29,30,20.120721458333332,17.48730288182916,5,2008|2009|2010|2011|2012,observation_time_proxy,historical data_available_time is unknown; observation_time is a pseudo-operational proxy
2013-07-30T00:00:00+00:00,2013-07-29,windermere,south,water_temperature,2.0,degC,month_2,2013-08-29,2013-09-27,18.321054282059727,15.687635705555556,2.633418576504173,full_anomaly_persistence,1.0,1.0,False,True,5,2008|2009|2010|2011|2012,c72b598cc65f0b5e05598f871beccc70153af517e9c933f30d27cdb37b181694,2013-06-30,2013-07-29,30,20.120721458333332,17.48730288182916,5,2008|2009|2010|2011|2012,observation_time_proxy,historical data_available_time is unknown; observation_time is a pseudo-operational proxy
2013-07-30T00:00:00+00:00,2013-07-29,windermere,south,water_temperature,2.0,degC,month_3,2013-09-28,2013-10-27,15.707837098726396,13.074418522222222,2.633418576504173,full_anomaly_persistence,1.0,1.0,False,True,5,2008|2009|2010|2011|2012,b53a1f63174898b499ad593a8d6e385ac16e8d5eecd825c3687b251f6cee3c6e,2013-06-30,2013-07-29,30,20.120721458333332,17.48730288182916,5,2008|2009|2010|2011|2012,observation_time_proxy,historical data_available_time is unknown; observation_time is a pseudo-operational proxy
2013-08-06T00:00:00+00:00,2013-08-05,windermere,south,water_temperature,2.0,degC,month_1,2013-08-06,2013-09-04,20.99514869213564,17.336774090873014,3.6583746012626257,full_anomaly_persistence,1.0,1.0,False,True,5,2008|2009|2010|2011|2012,5c761ad772a60ac00fd8be3860f601fe9fdd02703b74d6e3bcb5ca9e3e264f1f,2013-07-07,2013-08-05,30,21.218895,17.560520398737374,5,2008|2009|2010|2011|2012,observation_time_proxy,historical data_available_time is unknown; observation_time is a pseudo-operational proxy
2013-08-06T00:00:00+00:00,2013-08-05,windermere,south,water_temperature,2.0,degC,month_2,2013-09-05,2013-10-04,18.77287619570707,15.114501594444445,3.6583746012626257,full_anomaly_persistence,1.0,1.0,False,True,5,2008|2009|2010|2011|2012,7d23ed33a4c9e7dc069afc768f91c2c79db1ae6194c0c8991782490242afe8d0,2013-07-07,2013-08-05,30,21.218895,17.560520398737374,5,2008|2009|2010|2011|2012,observation_time_proxy,historical data_available_time is unknown; observation_time is a pseudo-operational proxy
2013-08-06T00:00:00+00:00,2013-08-05,windermere,south,water_temperature,2.0,degC,month_3,2013-10-05,2013-11-03,16.019041752470358,12.36066715120773,3.6583746012626257,full_anomaly_persistence,1.0,1.0,False,True,5,2008|2009|2010|2011|2012,cc12df5dd76b8ae0d278276a74c62c1c8039e304a52a054189db3edbdb39dda3,2013-07-07,2013-08-05,30,21.218895,17.560520398737374,5,2008|2009|2010|2011|2012,observation_time_proxy,historical data_available_time is unknown; observation_time is a pseudo-operational proxy
2013-08-13T00:00:00+00:00,2013-08-12,windermere,south,water_temperature,2.0,degC,month_1,2013-08-13,2013-09-11,20.410889948015875,16.900861213888888,3.510028734126987,full_anomaly_persistence,1.0,1.0,False,True,5,2008|2009|2010|2011|2012,98d246f9ca8f9f5c74e2e6e396daa91337ebf1bbab82d2a13bb78ee47abf84db,2013-07-14,2013-08-12,30,21.141823847222224,17.631795113095237,5,2008|2009|2010|2011|2012,observation_time_proxy,historical data_available_time is unknown; observation_time is a pseudo-operational proxy
2013-08-13T00:00:00+00:00,2013-08-12,windermere,south,water_temperature,2.0,degC,month_2,2013-09-12,2013-10-11,18.009385900793653,14.499357166666666,3.510028734126987,full_anomaly_persistence,1.0,1.0,False,True,5,2008|2009|2010|2011|2012,e7617dd8db2b8a96b83f9939123582d576fb986930bfd5ee6e5e58bd5e36a353,2013-07-14,2013-08-12,30,21.141823847222224,17.631795113095237,5,2008|2009|2010|2011|2012,observation_time_proxy,historical data_available_time is unknown; observation_time is a pseudo-operational proxy
2013-08-13T00:00:00+00:00,2013-08-12,windermere,south,water_temperature,2.0,degC,month_3,2013-10-12,2013-11-10,15.17076191977916,11.660733185652173,3.510028734126987,full_anomaly_persistence,1.0,1.0,False,True,5,2008|2009|2010|2011|2012,1ad1fae2769d1f474b82ecce8c6ff96ebe8b08ca85aa2fab178f047fcadfc67a,2013-07-14,2013-08-12,30,21.141823847222224,17.631795113095237,5,2008|2009|2010|2011|2012,observation_time_proxy,historical data_available_time is unknown; observation_time is a pseudo-operational proxy
2013-08-20T00:00:00+00:00,2013-08-19,windermere,south,water_temperature,2.0,degC,month_1,2013-08-20,2013-09-18,19.03227249246032,16.421140758333333,2.6111317341269853,full_anomaly_persistence,1.0,1.0,False,True,5,2008|2009|2010|2011|2012,2f09ff1b9db3cd7ef05fd10021fa0efbad06f7286bacc5e55980031deba1634a,2013-07-21,2013-08-19,30,20.323321430555556,17.71218969642857,5,2008|2009|2010|2011|2012,observation_time_proxy,historical data_available_time is unknown; observation_time is a pseudo-operational proxy
2013-08-20T00:00:00+00:00,2013-08-19,windermere,south,water_temperature,2.0,degC,month_2,2013-09-19,2013-10-18,16.5090707452381,13.897939011111111,2.6111317341269853,full_anomaly_persistence,1.0,1.0,False,True,5,2008|2009|2010|2011|2012,c6d056c13cad72f86b65c306d1d4abc98b452466fdab26bace24ac14caa88680,2013-07-21,2013-08-19,30,20.323321430555556,17.71218969642857,5,2008|2009|2010|2011|2012,observation_time_proxy,historical data_available_time is unknown; observation_time is a pseudo-operational proxy
2013-08-20T00:00:00+00:00,2013-08-19,windermere,south,water_temperature,2.0,degC,month_3,2013-10-19,2013-11-17,13.534081801168048,10.922950067041063,2.6111317341269853,full_anomaly_persistence,1.0,1.0,False,True,5,2008|2009|2010|2011|2012,c1cf6094ea5d52678d82ce5a8c2260e562a89413c1444a994c9ecd45ad9eeaaf,2013-07-21,2013-08-19,30,20.323321430555556,17.71218969642857,5,2008|2009|2010|2011|2012,observation_time_proxy,historical data_available_time is unknown; observation_time is a pseudo-operational proxy
2013-08-27T00:00:00+00:00,2013-08-26,windermere,south,water_temperature,2.0,degC,month_1,2013-08-27,2013-09-25,17.403065695238098,15.856400877777778,1.546664817460318,full_anomaly_persistence,1.0,1.0,False,True,5,2008|2009|2010|2011|2012,6364be74216360e884597e39ef7553a231fe6e8a1abfaf7460ee474619ce0e9f,2013-07-28,2013-08-26,30,19.231764069444445,17.685099251984127,5,2008|2009|2010|2011|2012,observation_time_proxy,historical data_available_time is unknown; observation_time is a pseudo-operational proxy
2013-08-27T00:00:00+00:00,2013-08-26,windermere,south,water_temperature,2.0,degC,month_2,2013-09-26,2013-10-25,14.80904522857143,13.262380411111112,1.546664817460318,full_anomaly_persistence,1.0,1.0,False,True,5,2008|2009|2010|2011|2012,35543c8a9bd703c4285fdc64fe882b48d209d24cd81e7fa67eecb5a64e58bc65,2013-07-28,2013-08-26,30,19.231764069444445,17.685099251984127,5,2008|2009|2010|2011|2012,observation_time_proxy,historical data_available_time is unknown; observation_time is a pseudo-operational proxy
2013-08-27T00:00:00+00:00,2013-08-26,windermere,south,water_temperature,2.0,degC,month_3,2013-10-26,2013-11-24,11.808282594223602,10.261617776763284,1.546664817460318,full_anomaly_persistence,1.0,1.0,False,True,5,2008|2009|2010|2011|2012,e85813c7f2b4df54cdce12df2f178481a746036c35609c5f6a8d9b32cb92d9da,2013-07-28,2013-08-26,30,19.231764069444445,17.685099251984127,5,2008|2009|2010|2011|2012,observation_time_proxy,historical data_available_time is unknown; observation_time is a pseudo-operational proxy
2013-09-03T00:00:00+00:00,2013-09-02,windermere,south,water_temperature,2.0,degC,month_1,2013-09-03,2013-10-02,16.417423311904763,15.297132858333333,1.1202904535714282,full_anomaly_persistence,1.0,1.0,False,True,5,2008|2009|2010|2011|2012,876042d6a6173161981e8e2bcb67e48021ed62d028b22494963bf0b7ac31b6ef,2013-08-04,2013-09-02,30,18.549611555555554,17.429321101984126,5,2008|2009|2010|2011|2012,observation_time_proxy,historical data_available_time is unknown; observation_time is a pseudo-operational proxy
2013-09-03T00:00:00+00:00,2013-09-02,windermere,south,water_temperature,2.0,degC,month_2,2013-10-03,2013-11-01,13.679103246445825,12.558812792874397,1.1202904535714282,full_anomaly_persistence,1.0,1.0,False,True,5,2008|2009|2010|2011|2012,eecae42bab293005cca76a77b78110524911093b7fb24bcdd8993b84fbc6a6b4,2013-08-04,2013-09-02,30,18.549611555555554,17.429321101984126,5,2008|2009|2010|2011|2012,observation_time_proxy,historical data_available_time is unknown; observation_time is a pseudo-operational proxy
2013-09-03T00:00:00+00:00,2013-09-02,windermere,south,water_temperature,2.0,degC,month_3,2013-11-02,2013-12-01,10.741729148571428,9.621438695,1.1202904535714282,full_anomaly_persistence,1.0,1.0,False,True,5,2008|2009|2010|2011|2012,77e68605d0f7fec92b0932c4be918ce490d300d434971c62e93f00537e4e310f,2013-08-04,2013-09-02,30,18.549611555555554,17.429321101984126,5,2008|2009|2010|2011|2012,observation_time_proxy,historical data_available_time is unknown; observation_time is a pseudo-operational proxy
2013-09-10T00:00:00+00:00,2013-09-09,windermere,south,water_temperature,2.0,degC,month_1,2013-09-10,2013-10-09,15.641913527777778,14.679139822222222,0.9627737055555556,full_anomaly_persistence,1.0,1.0,False,True,5,2008|2009|2010|2011|2012,677b90a260db7aa9c54ca5ad4550db0a53156bd44f955af2cb47b7e772d9f7e5,2013-08-11,2013-09-09,30,17.993351083333334,17.030577377777778,5,2008|2009|2010|2011|2012,observation_time_proxy,historical data_available_time is unknown; observation_time is a pseudo-operational proxy
2013-09-10T00:00:00+00:00,2013-09-09,windermere,south,water_temperature,2.0,degC,month_2,2013-10-10,2013-11-08,12.827850223152174,11.865076517596618,0.9627737055555556,full_anomaly_persistence,1.0,1.0,False,True,5,2008|2009|2010|2011|2012,31ae7431d0bc4b8fde659c1f58d74a5992e0be935909c96c25366135dcd31267,2013-08-11,2013-09-09,30,17.993351083333334,17.030577377777778,5,2008|2009|2010|2011|2012,observation_time_proxy,historical data_available_time is unknown; observation_time is a pseudo-operational proxy
2013-09-10T00:00:00+00:00,2013-09-09,windermere,south,water_temperature,2.0,degC,month_3,2013-11-09,2013-12-08,9.87670229388889,8.913928588333334,0.9627737055555556,full_anomaly_persistence,1.0,1.0,False,True,5,2008|2009|2010|2011|2012,a4b085fc24ecc8c447049d7b245f4e004c4ac4be7cdd6c281004fa45c3decbfa,2013-08-11,2013-09-09,30,17.993351083333334,17.030577377777778,5,2008|2009|2010|2011|2012,observation_time_proxy,historical data_available_time is unknown; observation_time is a pseudo-operational proxy
2013-09-17T00:00:00+00:00,2013-09-16,windermere,south,water_temperature,2.0,degC,month_1,2013-09-17,2013-10-16,14.891610577777776,14.06668475,0.8249258277777756,full_anomaly_persistence,1.0,1.0,False,True,5,2008|2009|2010|2011|2012,7b3c811d112aa0a262680d5d4691349883fc51c77b4e92a59173dccfc8a24d97,2013-08-18,2013-09-16,30,17.39299284722222,16.568067019444445,5,2008|2009|2010|2011|2012,observation_time_proxy,historical data_available_time is unknown; observation_time is a pseudo-operational proxy
2013-09-17T00:00:00+00:00,2013-09-16,windermere,south,water_temperature,2.0,degC,month_2,2013-10-17,2013-11-15,11.95203276342995,11.127106935652174,0.8249258277777756,full_anomaly_persistence,1.0,1.0,False,True,5,2008|2009|2010|2011|2012,d60592cf20768639a10fff1f1664f7341d72e18cb3055c3c2bd5b1ea3e914d0c,2013-08-18,2013-09-16,30,17.39299284722222,16.568067019444445,5,2008|2009|2010|2011|2012,observation_time_proxy,historical data_available_time is unknown; observation_time is a pseudo-operational proxy
2013-09-17T00:00:00+00:00,2013-09-16,windermere,south,water_temperature,2.0,degC,month_3,2013-11-16,2013-12-15,9.015435037777776,8.19050921,0.8249258277777756,full_anomaly_persistence,1.0,1.0,False,True,5,2008|2009|2010|2011|2012,505c6fd0ad8534b80723cfe4872b28ea96491429a1b1a5e3923c20cce302b31d,2013-08-18,2013-09-16,30,17.39299284722222,16.568067019444445,5,2008|2009|2010|2011|2012,observation_time_proxy,historical data_available_time is unknown; observation_time is a pseudo-operational proxy
2013-09-24T00:00:00+00:00,2013-09-23,windermere,south,water_temperature,2.0,degC,month_1,2013-09-24,2013-10-23,14.0515885,13.443498430555556,0.6080900694444438,full_anomaly_persistence,1.0,1.0,False,True,5,2008|2009|2010|2011|2012,65133b3c574f3a84ca3be014bdbaa7a833427ba7d729fcecde90ace12cd14a27,2013-08-25,2013-09-23,30,16.63603133333333,16.027941263888888,5,2008|2009|2010|2011|2012,observation_time_proxy,historical data_available_time is unknown; observation_time is a pseudo-operational proxy
2013-09-24T00:00:00+00:00,2013-09-23,windermere,south,water_temperature,2.0,degC,month_2,2013-10-24,2013-11-22,11.05263797481884,10.444547905374396,0.6080900694444438,full_anomaly_persistence,1.0,1.0,False,True,5,2008|2009|2010|2011|2012,0a16ddd660b2d6391ec61d1737a31cbbbd33765dc981dace5370a004e613b299,2013-08-25,2013-09-23,30,16.63603133333333,16.027941263888888,5,2008|2009|2010|2011|2012,observation_time_proxy,historical data_available_time is unknown; observation_time is a pseudo-operational proxy
2013-09-24T00:00:00+00:00,2013-09-23,windermere,south,water_temperature,2.0,degC,month_3,2013-11-23,2013-12-22,8.062017718888889,7.453927649444444,0.6080900694444438,full_anomaly_persistence,1.0,1.0,False,True,5,2008|2009|2010|2011|2012,7bb1d2885758595669b7e80bb7c04fc8337f6b0dcefe27cfae6fa68f186f7508,2013-08-25,2013-09-23,30,16.63603133333333,16.027941263888888,5,2008|2009|2010|2011|2012,observation_time_proxy,historical data_available_time is unknown; observation_time is a pseudo-operational proxy
2013-10-01T00:00:00+00:00,2013-09-30,windermere,south,water_temperature,2.0,degC,month_1,2013-10-01,2013-10-30,13.079765458333332,12.773413319444444,0.30635213888888835,full_anomaly_persistence,1.0,1.0,False,True,5,2008|2009|2010|2011|2012,72fc84bcb82b97776b76c3ab8ec08f6c9b692d6476b8ecf89303547bbf38320f,2013-09-01,2013-09-30,30,15.757986583333333,15.451634444444444,5,2008|2009|2010|2011|2012,observation_time_proxy,historical data_available_time is unknown; observation_time is a pseudo-operational proxy
2013-10-01T00:00:00+00:00,2013-09-30,windermere,south,water_temperature,2.0,degC,month_2,2013-10-31,2013-11-29,10.114934120652173,9.808581981763284,0.30635213888888835,full_anomaly_persistence,1.0,1.0,False,True,5,2008|2009|2010|2011|2012,ea234008be03f088a5f9346b7b470c61ac26b6c459a5257f59c20fc8a572ef14,2013-09-01,2013-09-30,30,15.757986583333333,15.451634444444444,5,2008|2009|2010|2011|2012,observation_time_proxy,historical data_available_time is unknown; observation_time is a pseudo-operational proxy
2013-10-01T00:00:00+00:00,2013-09-30,windermere,south,water_temperature,2.0,degC,month_3,2013-11-30,2013-12-29,7.066681618611111,6.760329479722222,0.30635213888888835,full_anomaly_persistence,1.0,1.0,False,True,5,2008|2009|2010|2011|2012,21de97b4834cb2a518378d93863ed27037d929facaac596479a8d181a1de09ba,2013-09-01,2013-09-30,30,15.757986583333333,15.451634444444444,5,2008|2009|2010|2011|2012,observation_time_proxy,historical data_available_time is unknown; observation_time is a pseudo-operational proxy
2013-10-08T00:00:00+00:00,2013-10-07,windermere,south,water_temperature,2.0,degC,month_1,2013-10-08,2013-11-06,12.261167563152172,12.06584661870773,0.19532094444444326,full_anomaly_persistence,1.0,1.0,False,True,5,2008|2009|2010|2011|2012,b8d65bf8094fcb857414b5c0977527694d61ab6da27cd33dfcab65ac4a284898,2013-09-08,2013-10-07,30,15.051563208333333,14.85624226388889,5,2008|2009|2010|2011|2012,observation_time_proxy,historical data_available_time is unknown; observation_time is a pseudo-operational proxy
2013-10-08T00:00:00+00:00,2013-10-07,windermere,south,water_temperature,2.0,degC,month_2,2013-11-07,2013-12-06,9.316532884166666,9.121211939722222,0.19532094444444326,full_anomaly_persistence,1.0,1.0,False,True,5,2008|2009|2010|2011|2012,ab5be20e16f9d5c9d8f468154963e1e95493763c8dddc0d4c8fb422089880b0b,2013-09-08,2013-10-07,30,15.051563208333333,14.85624226388889,5,2008|2009|2010|2011|2012,observation_time_proxy,historical data_available_time is unknown; observation_time is a pseudo-operational proxy
2013-10-08T00:00:00+00:00,2013-10-07,windermere,south,water_temperature,2.0,degC,month_3,2013-12-07,2014-01-05,6.405803233574878,6.210482289130435,0.19532094444444326,full_anomaly_persistence,1.0,1.0,False,True,4,2008|2009|2010|2011,9ec5be49f03ad1e70e659b0c138274f64f1a812b7dddb4585f54fa09e6d1ba9f,2013-09-08,2013-10-07,30,15.051563208333333,14.85624226388889,5,2008|2009|2010|2011|2012,observation_time_proxy,historical data_available_time is unknown; observation_time is a pseudo-operational proxy
2013-10-15T00:00:00+00:00,2013-10-14,windermere,south,water_temperature,2.0,degC,month_1,2013-10-15,2013-11-13,11.49229370509662,11.341706010652175,0.15058769444444486,full_anomaly_persistence,1.0,1.0,False,True,5,2008|2009|2010|2011|2012,4aacbf305911206463f66033cc7cfca2db2d78be392cbe9004f319dc1941afda,2013-09-15,2013-10-14,30,14.383501722222222,14.232914027777777,5,2008|2009|2010|2011|2012,observation_time_proxy,historical data_available_time is unknown; observation_time is a pseudo-operational proxy
2013-10-15T00:00:00+00:00,2013-10-14,windermere,south,water_temperature,2.0,degC,month_2,2013-11-14,2013-12-13,8.550353237222224,8.399765542777779,0.15058769444444486,full_anomaly_persistence,1.0,1.0,False,True,5,2008|2009|2010|2011|2012,998bda2f57921da832fb22889784bf8178ae1065a3be691c82961211625f0bbd,2013-09-15,2013-10-14,30,14.383501722222222,14.232914027777777,5,2008|2009|2010|2011|2012,observation_time_proxy,historical data_available_time is unknown; observation_time is a pseudo-operational proxy
2013-10-15T00:00:00+00:00,2013-10-14,windermere,south,water_temperature,2.0,degC,month_3,2013-12-14,2014-01-12,5.830330229060991,5.679742534616546,0.15058769444444486,full_anomaly_persistence,1.0,1.0,False,True,4,2008|2009|2010|2011,7c218254fdeee724dbdeddd185609e610bce06af79d68499d1a836cd8be1f3b7,2013-09-15,2013-10-14,30,14.383501722222222,14.232914027777777,5,2008|2009|2010|2011|2012,observation_time_proxy,historical data_available_time is unknown; observation_time is a pseudo-operational proxy
2013-10-22T00:00:00+00:00,2013-10-21,windermere,south,water_temperature,2.0,degC,month_1,2013-10-22,2013-11-20,10.782933320652175,10.629180637318841,0.1537526833333338,full_anomaly_persistence,1.0,1.0,False,True,5,2008|2009|2010|2011|2012,5dcffda3339976f9077c018cef1f2c58279254c94104dfdd44dde5db6675f16c,2013-09-22,2013-10-21,30,13.784438277777777,13.630685594444444,5,2008|2009|2010|2011|2012,observation_time_proxy,historical data_available_time is unknown; observation_time is a pseudo-operational proxy
2013-10-22T00:00:00+00:00,2013-10-21,windermere,south,water_temperature,2.0,degC,month_2,2013-11-21,2013-12-20,7.820128968055556,7.666376284722222,0.1537526833333338,full_anomaly_persistence,1.0,1.0,False,True,5,2008|2009|2010|2011|2012,a22abdc474c01a4a3d79ca61bff822bd6015d0a68ad4840f9be5851b55694500,2013-09-22,2013-10-21,30,13.784438277777777,13.630685594444444,5,2008|2009|2010|2011|2012,observation_time_proxy,historical data_available_time is unknown; observation_time is a pseudo-operational proxy
2013-10-22T00:00:00+00:00,2013-10-21,windermere,south,water_temperature,2.0,degC,month_3,2013-12-21,2014-01-19,5.42319912107488,5.269446437741546,0.1537526833333338,full_anomaly_persistence,1.0,1.0,False,True,4,2008|2009|2010|2011,2e85c2c9c22be938328ef6347e26f89aa0e6c231f28c608db45e7e443d6652da,2013-09-22,2013-10-21,30,13.784438277777777,13.630685594444444,5,2008|2009|2010|2011|2012,observation_time_proxy,historical data_available_time is unknown; observation_time is a pseudo-operational proxy
2013-10-29T00:00:00+00:00,2013-10-28,windermere,south,water_temperature,2.0,degC,month_1,2013-10-29,2013-11-27,10.191822410652174,9.992878974541062,0.19894343611111154,full_anomaly_persistence,1.0,1.0,False,True,5,2008|2009|2010|2011|2012,146101b49e9c03a8f80c2ca28a62b9f1fd9a01f511ceb3c2a7ebb1282717dcaa,2013-09-29,2013-10-28,30,13.175146277777777,12.976202841666666,5,2008|2009|2010|2011|2012,observation_time_proxy,historical data_available_time is unknown; observation_time is a pseudo-operational proxy
2013-10-29T00:00:00+00:00,2013-10-28,windermere,south,water_temperature,2.0,degC,month_2,2013-11-28,2013-12-27,7.144022166111111,6.94507873,0.19894343611111154,full_anomaly_persistence,1.0,1.0,False,True,5,2008|2009|2010|2011|2012,b3d33244236a9cbbb470e99ece6e73a1da99471aa6d1a5804bd315b725009c06,2013-09-29,2013-10-28,30,13.175146277777777,12.976202841666666,5,2008|2009|2010|2011|2012,observation_time_proxy,historical data_available_time is unknown; observation_time is a pseudo-operational proxy
2013-10-29T00:00:00+00:00,2013-10-28,windermere,south,water_temperature,2.0,degC,month_3,2013-12-28,2014-01-26,5.138367655102657,4.939424218991546,0.19894343611111154,full_anomaly_persistence,1.0,1.0,False,True,4,2008|2009|2010|2011,2116101f885b5dfa8f6142dfe2b6b4e3f7e558649e4c09c0e4333a38d7365c16,2013-09-29,2013-10-28,30,13.175146277777777,12.976202841666666,5,2008|2009|2010|2011|2012,observation_time_proxy,historical data_available_time is unknown; observation_time is a pseudo-operational proxy
2013-11-05T00:00:00+00:00,2013-11-04,windermere,south,water_temperature,2.0,degC,month_1,2013-11-05,2013-12-04,9.521791297403382,9.325101908333334,0.1966893890700483,full_anomaly_persistence,1.0,1.0,False,True,5,2008|2009|2010|2011|2012,ed3aff5dcceb81f5a4afe6ac9c3ea4cfad7a006587598760db4c15e2982dfd9f,2013-10-06,2013-11-04,30,12.45848611111111,12.261796722041062,5,2008|2009|2010|2011|2012,observation_time_proxy,historical data_available_time is unknown; observation_time is a pseudo-operational proxy
2013-11-05T00:00:00+00:00,2013-11-04,windermere,south,water_temperature,2.0,degC,month_2,2013-12-05,2014-01-03,6.546523768954643,6.349834379884594,0.1966893890700483,full_anomaly_persistence,1.0,1.0,False,True,5,2008|2009|2010|2011|2012,5de8020df98ed8f4cdadbd3c6f986e6b13f123a6d5db0bc81cca639d6db82a6a,2013-10-06,2013-11-04,30,12.45848611111111,12.261796722041062,5,2008|2009|2010|2011|2012,observation_time_proxy,historical data_available_time is unknown; observation_time is a pseudo-operational proxy
2013-11-05T00:00:00+00:00,2013-11-04,windermere,south,water_temperature,2.0,degC,month_3,2014-01-04,2014-02-02,5.053875339903382,4.857185950833333,0.1966893890700483,full_anomaly_persistence,1.0,1.0,False,True,5,2008|2009|2010|2011|2012,304548cbda2ed1d86081e3c0cf93d0492d1ec42d46455a79e96fdf04a34c7190,2013-10-06,2013-11-04,30,12.45848611111111,12.261796722041062,5,2008|2009|2010|2011|2012,observation_time_proxy,historical data_available_time is unknown; observation_time is a pseudo-operational proxy
2013-11-12T00:00:00+00:00,2013-11-11,windermere,south,water_temperature,2.0,degC,month_1,2013-11-12,2013-12-11,8.67950955629227,8.604953990833334,0.07455556545893671,full_anomaly_persistence,1.0,1.0,False,True,5,2008|2009|2010|2011|2012,d044f5cfb2629a5d943512788041d34fb4385c660149612e643a6c364f14c773,2013-10-13,2013-11-11,30,11.629244065277778,11.554688499818841,5,2008|2009|2010|2011|2012,observation_time_proxy,historical data_available_time is unknown; observation_time is a pseudo-operational proxy
2013-11-12T00:00:00+00:00,2013-11-11,windermere,south,water_temperature,2.0,degC,month_2,2013-12-12,2014-01-10,5.899070516047704,5.8245149505887674,0.07455556545893671,full_anomaly_persistence,1.0,1.0,False,True,4,2008|2009|2010|2011,893704467b27951ed32582e20344cffd1eed518a72fc282caa2cfdf3cee7c91a,2013-10-13,2013-11-11,30,11.629244065277778,11.554688499818841,5,2008|2009|2010|2011|2012,observation_time_proxy,historical data_available_time is unknown; observation_time is a pseudo-operational proxy
2013-11-12T00:00:00+00:00,2013-11-11,windermere,south,water_temperature,2.0,degC,month_3,2014-01-11,2014-02-09,4.778313236570048,4.703757671111111,0.07455556545893671,full_anomaly_persistence,1.0,1.0,False,True,5,2008|2009|2010|2011|2012,65f6484862feb099245957a96d1e41e920d0de097169c94b5d00e8888d9725d8,2013-10-13,2013-11-11,30,11.629244065277778,11.554688499818841,5,2008|2009|2010|2011|2012,observation_time_proxy,historical data_available_time is unknown; observation_time is a pseudo-operational proxy
2013-11-19T00:00:00+00:00,2013-11-18,windermere,south,water_temperature,2.0,degC,month_1,2013-11-19,2013-12-18,8.002615163514491,7.877399938611111,0.12521522490338022,full_anomaly_persistence,1.0,1.0,False,True,5,2008|2009|2010|2011|2012,efdc8b122db204e770d8897be9fb2224219c58904d4404b7de356db52ca8d83b,2013-10-20,2013-11-18,30,10.948376165277777,10.823160940374397,5,2008|2009|2010|2011|2012,observation_time_proxy,historical data_available_time is unknown; observation_time is a pseudo-operational proxy
2013-11-19T00:00:00+00:00,2013-11-18,windermere,south,water_temperature,2.0,degC,month_2,2013-12-19,2014-01-17,5.497515619589371,5.372300394685991,0.12521522490338022,full_anomaly_persistence,1.0,1.0,False,True,4,2008|2009|2010|2011,bf6b3d59c19ec7bd68bad43cce9a9703748f7c7491ed2c3190a07956ad04f0fd,2013-10-20,2013-11-18,30,10.948376165277777,10.823160940374397,5,2008|2009|2010|2011|2012,observation_time_proxy,historical data_available_time is unknown; observation_time is a pseudo-operational proxy
2013-11-19T00:00:00+00:00,2013-11-18,windermere,south,water_temperature,2.0,degC,month_3,2014-01-18,2014-02-16,4.710778585736714,4.5855633608333335,0.12521522490338022,full_anomaly_persistence,1.0,1.0,False,True,5,2008|2009|2010|2011|2012,2a9ba8dff7af37ef1b06c7b7587f32b23661652cec804add744619a6319fb7a7,2013-10-20,2013-11-18,30,10.948376165277777,10.823160940374397,5,2008|2009|2010|2011|2012,observation_time_proxy,historical data_available_time is unknown; observation_time is a pseudo-operational proxy
2013-11-26T00:00:00+00:00,2013-11-25,windermere,south,water_temperature,2.0,degC,month_1,2013-11-26,2013-12-25,7.159353074347828,7.138449081111111,0.020903993236716545,full_anomaly_persistence,1.0,1.0,False,True,5,2008|2009|2010|2011|2012,e96b8724fd6fe4186433283ce486d35a1269ff4c68d3d902ee30c5090f184605,2013-10-27,2013-11-25,30,10.193432675,10.172528681763284,5,2008|2009|2010|2011|2012,observation_time_proxy,historical data_available_time is unknown; observation_time is a pseudo-operational proxy
2013-11-26T00:00:00+00:00,2013-11-25,windermere,south,water_temperature,2.0,degC,month_2,2013-12-26,2014-01-24,5.046536987922707,5.02563299468599,0.020903993236716545,full_anomaly_persistence,1.0,1.0,False,True,4,2008|2009|2010|2011,cd9025fd6bce07234046e43304456c10af3c7dcc8fa2d46daae3a2099798861a,2013-10-27,2013-11-25,30,10.193432675,10.172528681763284,5,2008|2009|2010|2011|2012,observation_time_proxy,historical data_available_time is unknown; observation_time is a pseudo-operational proxy
2013-11-26T00:00:00+00:00,2013-11-25,windermere,south,water_temperature,2.0,degC,month_3,2014-01-25,2014-02-23,4.507535977958939,4.486631984722222,0.020903993236716545,full_anomaly_persistence,1.0,1.0,False,True,5,2008|2009|2010|2011|2012,bba46130d77d570195bb1e0f3e5a3dbcaeebf4f65a6a08301d35c5ff896bbd8c,2013-10-27,2013-11-25,30,10.193432675,10.172528681763284,5,2008|2009|2010|2011|2012,observation_time_proxy,historical data_available_time is unknown; observation_time is a pseudo-operational proxy
2013-12-03T00:00:00+00:00,2013-12-02,windermere,south,water_temperature,2.0,degC,month_1,2013-12-03,2014-01-01,6.386394431965268,6.505481376131934,-0.11908694416666599,full_anomaly_persistence,1.0,1.0,False,True,5,2008|2009|2010|2011|2012,05ec9b85742d58a294ada3ff0e62427f9f2157e7b9549471b138192e2ff6d20d,2013-11-03,2013-12-02,30,9.403922733333333,9.5230096775,5,2008|2009|2010|2011|2012,observation_time_proxy,historical data_available_time is unknown; observation_time is a pseudo-operational proxy
2013-12-03T00:00:00+00:00,2013-12-02,windermere,south,water_temperature,2.0,degC,month_2,2014-01-02,2014-01-31,4.797311847777778,4.916398791944444,-0.11908694416666599,full_anomaly_persistence,1.0,1.0,False,True,5,2008|2009|2010|2011|2012,8c6f36df5f8dadef00bb3092b7261fafba77c3b1c0c9b942540ff6c202c0fc74,2013-11-03,2013-12-02,30,9.403922733333333,9.5230096775,5,2008|2009|2010|2011|2012,observation_time_proxy,historical data_available_time is unknown; observation_time is a pseudo-operational proxy
2013-12-03T00:00:00+00:00,2013-12-02,windermere,south,water_temperature,2.0,degC,month_3,2014-02-01,2014-03-02,4.3328989675,4.451985911666666,-0.11908694416666599,full_anomaly_persistence,1.0,1.0,False,True,5,2008|2009|2010|2011|2012,ae87098ba4ec7ac938e9c5ebbf7856ee8d94874ce98ce47c21eddefd05be842a,2013-11-03,2013-12-02,30,9.403922733333333,9.5230096775,5,2008|2009|2010|2011|2012,observation_time_proxy,historical data_available_time is unknown; observation_time is a pseudo-operational proxy
2013-12-10T00:00:00+00:00,2013-12-09,windermere,south,water_temperature,2.0,degC,month_1,2013-12-10,2014-01-08,5.914579896416064,5.975465665172101,-0.06088576875603735,full_anomaly_persistence,1.0,1.0,False,True,4,2008|2009|2010|2011,3367fb22b36de913d96d93eae8f9d310f61a24a289523b72ba85e2d1770038dc,2013-11-10,2013-12-09,30,8.750943978743962,8.8118297475,5,2008|2009|2010|2011|2012,observation_time_proxy,historical data_available_time is unknown; observation_time is a pseudo-operational proxy
2013-12-10T00:00:00+00:00,2013-12-09,windermere,south,water_temperature,2.0,degC,month_2,2014-01-09,2014-02-07,4.675504505688407,4.736390274444444,-0.06088576875603735,full_anomaly_persistence,1.0,1.0,False,True,5,2008|2009|2010|2011|2012,cdf902b3a04280849493f697ea71e7f894a446cd68e6492590b78accddba1acd,2013-11-10,2013-12-09,30,8.750943978743962,8.8118297475,5,2008|2009|2010|2011|2012,observation_time_proxy,historical data_available_time is unknown; observation_time is a pseudo-operational proxy
2013-12-10T00:00:00+00:00,2013-12-09,windermere,south,water_temperature,2.0,degC,month_3,2014-02-08,2014-03-09,4.450311874855074,4.511197643611111,-0.06088576875603735,full_anomaly_persistence,1.0,1.0,False,True,5,2008|2009|2010|2011|2012,e5cf577309bcb7deb5a5e1cc4a598ea8918dc24aabe7a51958ae24ae1f676f79,2013-11-10,2013-12-09,30,8.750943978743962,8.8118297475,5,2008|2009|2010|2011|2012,observation_time_proxy,historical data_available_time is unknown; observation_time is a pseudo-operational proxy
2013-12-17T00:00:00+00:00,2013-12-16,windermere,south,water_temperature,2.0,degC,month_1,2013-12-17,2014-01-15,5.6364407000271735,5.487600663783213,0.14884003624396058,full_anomaly_persistence,1.0,1.0,False,True,4,2008|2009|2010|2011,2b7eec8d2be75d15187d2150481c5ecbeb7198026853068974e4784b4e80093c,2013-11-17,2013-12-16,30,8.233584909299516,8.084744873055556,5,2008|2009|2010|2011|2012,observation_time_proxy,historical data_available_time is unknown; observation_time is a pseudo-operational proxy
2013-12-17T00:00:00+00:00,2013-12-16,windermere,south,water_temperature,2.0,degC,month_2,2014-01-16,2014-02-14,4.770224926521738,4.621384890277778,0.14884003624396058,full_anomaly_persistence,1.0,1.0,False,True,5,2008|2009|2010|2011|2012,5fa1eb282cd8ea2f06cc4b8a3ce1d0cf7ad00ebef8ec9041ca80bb4346f2a897,2013-11-17,2013-12-16,30,8.233584909299516,8.084744873055556,5,2008|2009|2010|2011|2012,observation_time_proxy,historical data_available_time is unknown; observation_time is a pseudo-operational proxy
2013-12-17T00:00:00+00:00,2013-12-16,windermere,south,water_temperature,2.0,degC,month_3,2014-02-15,2014-03-16,4.802581346243961,4.65374131,0.14884003624396058,full_anomaly_persistence,1.0,1.0,False,True,5,2008|2009|2010|2011|2012,895c71c9b4f443213a8623dbf0b4032d1237323f9e21b89a83bb27f1b0c4de61,2013-11-17,2013-12-16,30,8.233584909299516,8.084744873055556,5,2008|2009|2010|2011|2012,observation_time_proxy,historical data_available_time is unknown; observation_time is a pseudo-operational proxy
2013-12-24T00:00:00+00:00,2013-12-23,windermere,south,water_temperature,2.0,degC,month_1,2013-12-24,2014-01-22,5.541407416763285,5.116804818297101,0.4246025984661834,full_anomaly_persistence,1.0,1.0,False,True,4,2008|2009|2010|2011,4cb7374ed0f481404c0a64de6d62e5954b7c96c2dbe901cac8484e5aaabd3533,2013-11-24,2013-12-23,30,7.770603128743962,7.346000530277778,5,2008|2009|2010|2011|2012,observation_time_proxy,historical data_available_time is unknown; observation_time is a pseudo-operational proxy
2013-12-24T00:00:00+00:00,2013-12-23,windermere,south,water_temperature,2.0,degC,month_2,2014-01-23,2014-02-21,4.935736266799517,4.511133668333334,0.4246025984661834,full_anomaly_persistence,1.0,1.0,False,True,5,2008|2009|2010|2011|2012,b4e5e77192e3a83312269de776f73e2622dee150a141e38507443854fcc262de,2013-11-24,2013-12-23,30,7.770603128743962,7.346000530277778,5,2008|2009|2010|2011|2012,observation_time_proxy,historical data_available_time is unknown; observation_time is a pseudo-operational proxy
2013-12-24T00:00:00+00:00,2013-12-23,windermere,south,water_temperature,2.0,degC,month_3,2014-02-22,2014-03-23,5.365784183188405,4.941181584722222,0.4246025984661834,full_anomaly_persistence,1.0,1.0,False,True,5,2008|2009|2010|2011|2012,93702f995f5dc091850286cc0b9fe9a590eabd4765f77400e59fcfafab6f5a1e,2013-11-24,2013-12-23,30,7.770603128743962,7.346000530277778,5,2008|2009|2010|2011|2012,observation_time_proxy,historical data_available_time is unknown; observation_time is a pseudo-operational proxy
2013-12-31T00:00:00+00:00,2013-12-30,windermere,south,water_temperature,2.0,degC,month_1,2013-12-31,2014-01-29,5.506182188916062,4.826006669338768,0.6801755195772943,full_anomaly_persistence,1.0,1.0,False,True,4,2008|2009|2010|2011,4d79fee134d0b169c3622bf8799ddeefa86c612b569189e56111f4a19e12f5e9,2013-12-01,2013-12-30,30,7.351483095410628,6.671307575833334,5,2008|2009|2010|2011|2012,observation_time_proxy,historical data_available_time is unknown; observation_time is a pseudo-operational proxy
2013-12-31T00:00:00+00:00,2013-12-30,windermere,south,water_temperature,2.0,degC,month_2,2014-01-30,2014-02-28,5.127997784855072,4.447822265277778,0.6801755195772943,full_anomaly_persistence,1.0,1.0,False,True,5,2008|2009|2010|2011|2012,d68caa026cfb0613b6f1ee85259b6ef6e0e2bc7cb44c87f2de4aa1096fa9571e,2013-12-01,2013-12-30,30,7.351483095410628,6.671307575833334,5,2008|2009|2010|2011|2012,observation_time_proxy,historical data_available_time is unknown; observation_time is a pseudo-operational proxy
2013-12-31T00:00:00+00:00,2013-12-30,windermere,south,water_temperature,2.0,degC,month_3,2014-03-01,2014-03-30,6.097106172910627,5.416930653333333,0.6801755195772943,full_anomaly_persistence,1.0,1.0,False,True,5,2008|2009|2010|2011|2012,0d0f9618f91847f7e9b37bb1f96350d28fcae631e23d60b458f0258b9c7059ed,2013-12-01,2013-12-30,30,7.351483095410628,6.671307575833334,5,2008|2009|2010|2011|2012,observation_time_proxy,historical data_available_time is unknown; observation_time is a pseudo-operational proxy
2014-01-07T00:00:00+00:00,2014-01-06,windermere,south,water_temperature,2.0,degC,month_1,2014-01-07,2014-02-05,5.707767365788907,4.8633135279265876,0.8444538378623196,full_anomaly_persistence,1.0,1.0,False,True,6,2008|2009|2010|2011|2012|2013,1fc4c41eba80a39b992c0c8609e40b582074437e77730303e9b25c2b3410e7d4,2013-12-08,2014-01-06,30,6.970023118055556,6.125569280193236,5,2008|2009|2010|2011|2012,observation_time_proxy,historical data_available_time is unknown; observation_time is a pseudo-operational proxy
2014-01-07T00:00:00+00:00,2014-01-06,windermere,south,water_temperature,2.0,degC,month_2,2014-02-06,2014-03-07,5.300644082769727,4.456190244907408,0.8444538378623196,full_anomaly_persistence,1.0,1.0,False,True,6,2008|2009|2010|2011|2012|2013,cc284485f21dd62f1d172e8e1f04ebd566867f89b8990b2d16701ca51b008e8d,2013-12-08,2014-01-06,30,6.970023118055556,6.125569280193236,5,2008|2009|2010|2011|2012,observation_time_proxy,historical data_available_time is unknown; observation_time is a pseudo-operational proxy
2014-01-07T00:00:00+00:00,2014-01-06,windermere,south,water_temperature,2.0,degC,month_3,2014-03-08,2014-04-06,6.400142908695653,5.555689070833333,0.8444538378623196,full_anomaly_persistence,1.0,1.0,False,True,6,2008|2009|2010|2011|2012|2013,03b750d2478c14fc5dedc3cfb83e6523b0ae06fb6c6afbc0adcdbc3fcdacc558,2013-12-08,2014-01-06,30,6.970023118055556,6.125569280193236,5,2008|2009|2010|2011|2012,observation_time_proxy,historical data_available_time is unknown; observation_time is a pseudo-operational proxy
2014-01-14T00:00:00+00:00,2014-01-13,windermere,south,water_temperature,2.0,degC,month_1,2014-01-14,2014-02-12,5.650626259072637,4.695041643154762,0.9555846159178749,full_anomaly_persistence,1.0,1.0,False,True,6,2008|2009|2010|2011|2012|2013,3d30817bc9b91c023390a41ec4e4eab194fe1c67ee6507f0c7d917afbd8f1e84,2013-12-15,2014-01-13,30,6.647168293055556,5.691583677137681,5,2008|2009|2010|2011|2012,observation_time_proxy,historical data_available_time is unknown; observation_time is a pseudo-operational proxy
2014-01-14T00:00:00+00:00,2014-01-13,windermere,south,water_temperature,2.0,degC,month_2,2014-02-13,2014-03-14,5.488403172399356,4.532818556481481,0.9555846159178749,full_anomaly_persistence,1.0,1.0,False,True,6,2008|2009|2010|2011|2012|2013,cf38590b2558807fef264ffa3a4e024bf3f719bd1b4a92d98403b883794974eb,2013-12-15,2014-01-13,30,6.647168293055556,5.691583677137681,5,2008|2009|2010|2011|2012,observation_time_proxy,historical data_available_time is unknown; observation_time is a pseudo-operational proxy
2014-01-14T00:00:00+00:00,2014-01-13,windermere,south,water_temperature,2.0,degC,month_3,2014-03-15,2014-04-13,7.021819206890097,6.066234590972222,0.9555846159178749,full_anomaly_persistence,1.0,1.0,False,True,6,2008|2009|2010|2011|2012|2013,07bb94ad261f107f03db8df4c67fd17acff5e389a02f4f7e1543b8c75371fdd6,2013-12-15,2014-01-13,30,6.647168293055556,5.691583677137681,5,2008|2009|2010|2011|2012,observation_time_proxy,historical data_available_time is unknown; observation_time is a pseudo-operational proxy
2014-01-21T00:00:00+00:00,2014-01-20,windermere,south,water_temperature,2.0,degC,month_1,2014-01-21,2014-02-19,5.534488537042213,4.552755759953704,0.9817327770885091,full_anomaly_persistence,1.0,1.0,False,True,6,2008|2009|2010|2011|2012|2013,bbea032e2ff43c871663e97009a23e358d1669cda16e1283e5562fee17ec9f11,2013-12-22,2014-01-20,30,6.343870523611111,5.362137746522602,5,2008|2009|2010|2011|2012,observation_time_proxy,historical data_available_time is unknown; observation_time is a pseudo-operational proxy
2014-01-21T00:00:00+00:00,2014-01-20,windermere,south,water_temperature,2.0,degC,month_2,2014-02-20,2014-03-21,5.710153706718139,4.72842092962963,0.9817327770885091,full_anomaly_persistence,1.0,1.0,False,True,6,2008|2009|2010|2011|2012|2013,79b60eeca43096c7ff9639eeec9631463f5f57b224f2122449506ebcd4661843,2013-12-22,2014-01-20,30,6.343870523611111,5.362137746522602,5,2008|2009|2010|2011|2012,observation_time_proxy,historical data_available_time is unknown; observation_time is a pseudo-operational proxy
2014-01-21T00:00:00+00:00,2014-01-20,windermere,south,water_temperature,2.0,degC,month_3,2014-03-22,2014-04-20,7.690102727530428,6.708369950441919,0.9817327770885091,full_anomaly_persistence,1.0,1.0,False,True,6,2008|2009|2010|2011|2012|2013,69450e2e448be7ada1eb45325e79a98b78c60b4b4a49e53650bdab720dd2f3a2,2013-12-22,2014-01-20,30,6.343870523611111,5.362137746522602,5,2008|2009|2010|2011|2012,observation_time_proxy,historical data_available_time is unknown; observation_time is a pseudo-operational proxy
2014-01-28T00:00:00+00:00,2014-01-27,windermere,south,water_temperature,2.0,degC,month_1,2014-01-28,2014-02-26,5.53014296126179,4.4541845171296295,1.0759584441321604,full_anomaly_persistence,1.0,1.0,False,True,6,2008|2009|2010|2011|2012|2013,28aa79f88cf79d0f3c1856377351d4b6184d57e33a5d2b5880af59a4e51292ea,2013-12-29,2014-01-27,30,6.141622379166667,5.0656639350345065,5,2008|2009|2010|2011|2012,observation_time_proxy,historical data_available_time is unknown; observation_time is a pseudo-operational proxy
2014-01-28T00:00:00+00:00,2014-01-27,windermere,south,water_temperature,2.0,degC,month_2,2014-02-27,2014-03-28,6.125659073067346,5.049700628935185,1.0759584441321604,full_anomaly_persistence,1.0,1.0,False,True,6,2008|2009|2010|2011|2012|2013,b52505e4a7cb80f183457373b10dcf5cd5ec3012fa72b816dbaba91a7132acf8,2013-12-29,2014-01-27,30,6.141622379166667,5.0656639350345065,5,2008|2009|2010|2011|2012,observation_time_proxy,historical data_available_time is unknown; observation_time is a pseudo-operational proxy
2014-01-28T00:00:00+00:00,2014-01-27,windermere,south,water_temperature,2.0,degC,month_3,2014-03-29,2014-04-27,8.55053579940994,7.474577355277778,1.0759584441321604,full_anomaly_persistence,1.0,1.0,False,True,5,2008|2009|2011|2012|2013,83502149ce00c3e2ca5d6e3c551b591d2175f1edb633f00e1bbd3e7ac559dde7,2013-12-29,2014-01-27,30,6.141622379166667,5.0656639350345065,5,2008|2009|2010|2011|2012,observation_time_proxy,historical data_available_time is unknown; observation_time is a pseudo-operational proxy
2014-02-04T00:00:00+00:00,2014-02-03,windermere,south,water_temperature,2.0,degC,month_1,2014-02-04,2014-03-05,5.499978476703043,4.446511775,1.0534667017030426,full_anomaly_persistence,1.0,1.0,False,True,6,2008|2009|2010|2011|2012|2013,68de928ed9a44dd122926a478416a0825a9aa63b5647726c2c8e51bccf88db86,2014-01-05,2014-02-03,30,5.975935861111111,4.9224691594080685,6,2008|2009|2010|2011|2012|2013,observation_time_proxy,historical data_available_time is unknown; observation_time is a pseudo-operational proxy
2014-02-04T00:00:00+00:00,2014-02-03,windermere,south,water_temperature,2.0,degC,month_2,2014-03-06,2014-04-04,6.507992629249339,5.454525927546296,1.0534667017030426,full_anomaly_persistence,1.0,1.0,False,True,6,2008|2009|2010|2011|2012|2013,758f8454f886e77022e9349b838610a3af89a4b4c0ea042d200bec8c982e7edc,2014-01-05,2014-02-03,30,5.975935861111111,4.9224691594080685,6,2008|2009|2010|2011|2012|2013,observation_time_proxy,historical data_available_time is unknown; observation_time is a pseudo-operational proxy
2014-02-04T00:00:00+00:00,2014-02-03,windermere,south,water_temperature,2.0,degC,month_3,2014-04-05,2014-05-04,9.273790483647486,8.220323781944444,1.0534667017030426,full_anomaly_persistence,1.0,1.0,False,True,5,2008|2009|2011|2012|2013,be0be440bbba93dbe06907e7f0c7c19d9ef8385e54aa8fbf89f58c209b9a4ff1,2014-01-05,2014-02-03,30,5.975935861111111,4.9224691594080685,6,2008|2009|2010|2011|2012|2013,observation_time_proxy,historical data_available_time is unknown; observation_time is a pseudo-operational proxy
2014-02-11T00:00:00+00:00,2014-02-10,windermere,south,water_temperature,2.0,degC,month_1,2014-02-11,2014-03-12,5.532978124917328,4.500709294675926,1.032268830241402,full_anomaly_persistence,1.0,1.0,False,True,6,2008|2009|2010|2011|2012|2013,d7e5176a3cec0755041db5a928eb8fde4bd25fd5d09bc56999539bfb23c736b5,2014-01-12,2014-02-10,30,5.773725027777778,4.741456197536376,6,2008|2009|2010|2011|2012|2013,observation_time_proxy,historical data_available_time is unknown; observation_time is a pseudo-operational proxy
2014-02-11T00:00:00+00:00,2014-02-10,windermere,south,water_temperature,2.0,degC,month_2,2014-03-13,2014-04-11,6.922079232556217,5.889810402314815,1.032268830241402,full_anomaly_persistence,1.0,1.0,False,True,6,2008|2009|2010|2011|2012|2013,0b860f2101103d7962aba76e225aa78e5f4055d3a7c4026c4d2fe74cb1d06108,2014-01-12,2014-02-10,30,5.773725027777778,4.741456197536376,6,2008|2009|2010|2011|2012|2013,observation_time_proxy,historical data_available_time is unknown; observation_time is a pseudo-operational proxy
2014-02-11T00:00:00+00:00,2014-02-10,windermere,south,water_temperature,2.0,degC,month_3,2014-04-12,2014-05-11,10.194150454408067,9.161881624166666,1.032268830241402,full_anomaly_persistence,1.0,1.0,False,True,5,2008|2009|2011|2012|2013,631a3018e2dbe442eb338b1917f577927c7e17258e54f350eeb8dad6a36e5fe3,2014-01-12,2014-02-10,30,5.773725027777778,4.741456197536376,6,2008|2009|2010|2011|2012|2013,observation_time_proxy,historical data_available_time is unknown; observation_time is a pseudo-operational proxy
2014-02-18T00:00:00+00:00,2014-02-17,windermere,south,water_temperature,2.0,degC,month_1,2014-02-18,2014-03-19,5.655868428472222,4.660761311574074,0.995107116898148,full_anomaly_persistence,1.0,1.0,False,True,6,2008|2009|2010|2011|2012|2013,864f4b23ebcfe3f6cf442dd850ced790b422f8d9f8cce3aad89c5bf2cdb54aa3,2014-01-19,2014-02-17,30,5.585426930555555,4.590319813657407,6,2008|2009|2010|2011|2012|2013,observation_time_proxy,historical data_available_time is unknown; observation_time is a pseudo-operational proxy
2014-02-18T00:00:00+00:00,2014-02-17,windermere,south,water_temperature,2.0,degC,month_2,2014-03-20,2014-04-18,7.503494204166667,6.508387087268519,0.995107116898148,full_anomaly_persistence,1.0,1.0,False,True,6,2008|2009|2010|2011|2012|2013,17413d0802fc172351ed5a4b33b749660575072ed63a9e5c3ad435dc3b2275da,2014-01-19,2014-02-17,30,5.585426930555555,4.590319813657407,6,2008|2009|2010|2011|2012|2013,observation_time_proxy,historical data_available_time is unknown; observation_time is a pseudo-operational proxy
2014-02-18T00:00:00+00:00,2014-02-17,windermere,south,water_temperature,2.0,degC,month_3,2014-04-19,2014-05-18,11.026603274120369,10.031496157222222,0.995107116898148,full_anomaly_persistence,1.0,1.0,False,True,5,2008|2009|2011|2012|2013,007595a4717b0ea268db2373c9844aaef38bcbc15f555bf35316980ef1742530,2014-01-19,2014-02-17,30,5.585426930555555,4.590319813657407,6,2008|2009|2010|2011|2012|2013,observation_time_proxy,historical data_available_time is unknown; observation_time is a pseudo-operational proxy
2014-02-25T00:00:00+00:00,2014-02-24,windermere,south,water_temperature,2.0,degC,month_1,2014-02-25,2014-03-26,5.9162805287037035,4.944773009953703,0.9715075187500002,full_anomaly_persistence,1.0,1.0,False,True,6,2008|2009|2010|2011|2012|2013,204b010a54a51dc05731b799232ef057114c2ea4a736e0bd7f6fdc859838a6ba,2014-01-26,2014-02-24,30,5.4475711944444445,4.476063675694444,6,2008|2009|2010|2011|2012|2013,observation_time_proxy,historical data_available_time is unknown; observation_time is a pseudo-operational proxy
2014-02-25T00:00:00+00:00,2014-02-24,windermere,south,water_temperature,2.0,degC,month_2,2014-03-27,2014-04-25,8.251111356527778,7.279603837777778,0.9715075187500002,full_anomaly_persistence,1.0,1.0,False,True,5,2008|2009|2011|2012|2013,4c416fc5e60fbaa217bb2ec0efc315ac391618d6471dce947b87dc0107741ce9,2014-01-26,2014-02-24,30,5.4475711944444445,4.476063675694444,6,2008|2009|2010|2011|2012|2013,observation_time_proxy,historical data_available_time is unknown; observation_time is a pseudo-operational proxy
2014-02-25T00:00:00+00:00,2014-02-24,windermere,south,water_temperature,2.0,degC,month_3,2014-04-26,2014-05-25,11.822681189861111,10.85117367111111,0.9715075187500002,full_anomaly_persistence,1.0,1.0,False,True,5,2008|2009|2011|2012|2013,6d5a4a57bfaf4d7773510994c94fb23a17154beacb141458c0ce8b65a6549ba1,2014-01-26,2014-02-24,30,5.4475711944444445,4.476063675694444,6,2008|2009|2010|2011|2012|2013,observation_time_proxy,historical data_available_time is unknown; observation_time is a pseudo-operational proxy
2014-03-04T00:00:00+00:00,2014-03-03,windermere,south,water_temperature,2.0,degC,month_1,2014-03-04,2014-04-02,6.3198953155092585,5.345591792361111,0.9743035231481478,full_anomaly_persistence,1.0,1.0,False,True,6,2008|2009|2010|2011|2012|2013,9d0c75c87bb32aaed337a4eb38d3fd346b67ae602cc93253379218f439479b61,2014-02-02,2014-03-03,30,5.4158580277777775,4.44155450462963,6,2008|2009|2010|2011|2012|2013,observation_time_proxy,historical data_available_time is unknown; observation_time is a pseudo-operational proxy
2014-03-04T00:00:00+00:00,2014-03-03,windermere,south,water_temperature,2.0,degC,month_2,2014-04-03,2014-05-02,8.959665392037037,7.985361868888889,0.9743035231481478,full_anomaly_persistence,1.0,1.0,False,True,5,2008|2009|2011|2012|2013,1ea8ae4b30d6bc244dd18e4e060ebb98d93cf16df2babcfa42b26587d7413803,2014-02-02,2014-03-03,30,5.4158580277777775,4.44155450462963,6,2008|2009|2010|2011|2012|2013,observation_time_proxy,historical data_available_time is unknown; observation_time is a pseudo-operational proxy
2014-03-04T00:00:00+00:00,2014-03-03,windermere,south,water_temperature,2.0,degC,month_3,2014-05-03,2014-06-01,12.863005910799808,11.88870238765166,0.9743035231481478,full_anomaly_persistence,1.0,1.0,False,True,6,2008|2009|2010|2011|2012|2013,d43934572d1ec59a6bf22a1f04fc2d6c637bc952c2cbd092468b7fe26cf687cd,2014-02-02,2014-03-03,30,5.4158580277777775,4.44155450462963,6,2008|2009|2010|2011|2012|2013,observation_time_proxy,historical data_available_time is unknown; observation_time is a pseudo-operational proxy
2014-03-11T00:00:00+00:00,2014-03-10,windermere,south,water_temperature,2.0,degC,month_1,2014-03-11,2014-04-09,6.761211519444444,5.737399773611111,1.0238117458333331,full_anomaly_persistence,1.0,1.0,False,True,6,2008|2009|2010|2011|2012|2013,963807b0b0c5d7ec314f36368e8ff99c2ca22dd9263bb3de2b8c632a718b1e2c,2014-02-09,2014-03-10,30,5.503161597222222,4.479349851388889,6,2008|2009|2010|2011|2012|2013,observation_time_proxy,historical data_available_time is unknown; observation_time is a pseudo-operational proxy
2014-03-11T00:00:00+00:00,2014-03-10,windermere,south,water_temperature,2.0,degC,month_2,2014-04-10,2014-05-09,9.927633126388889,8.903821380555556,1.0238117458333331,full_anomaly_persistence,1.0,1.0,False,True,5,2008|2009|2011|2012|2013,8f861ec04ac9c6cbfea4aacd42e471099d0f7226cc692c1547e3fd95be1f6c12,2014-02-09,2014-03-10,30,5.503161597222222,4.479349851388889,6,2008|2009|2010|2011|2012|2013,observation_time_proxy,historical data_available_time is unknown; observation_time is a pseudo-operational proxy
2014-03-11T00:00:00+00:00,2014-03-10,windermere,south,water_temperature,2.0,degC,month_3,2014-05-10,2014-06-08,14.109763034043741,13.085951288210408,1.0238117458333331,full_anomaly_persistence,1.0,1.0,False,True,6,2008|2009|2010|2011|2012|2013,6309e6d2767b735bf1195dc79c397be49fbee04c8a24a549594f5063501c0686,2014-02-09,2014-03-10,30,5.503161597222222,4.479349851388889,6,2008|2009|2010|2011|2012|2013,observation_time_proxy,historical data_available_time is unknown; observation_time is a pseudo-operational proxy
2014-03-18T00:00:00+00:00,2014-03-17,windermere,south,water_temperature,2.0,degC,month_1,2014-03-18,2014-04-16,7.4550706407407406,6.328136742361111,1.1269338983796295,full_anomaly_persistence,1.0,1.0,False,True,6,2008|2009|2010|2011|2012|2013,b589135c47a6a5c254b48f20c0e297b403e42f03cb4f1cf063c39847abb854f7,2014-02-16,2014-03-17,30,5.727642375,4.600708476620371,6,2008|2009|2010|2011|2012|2013,observation_time_proxy,historical data_available_time is unknown; observation_time is a pseudo-operational proxy
2014-03-18T00:00:00+00:00,2014-03-17,windermere,south,water_temperature,2.0,degC,month_2,2014-04-17,2014-05-16,10.918682061157408,9.791748162777779,1.1269338983796295,full_anomaly_persistence,1.0,1.0,False,True,5,2008|2009|2011|2012|2013,6bb5c39239518fad25e8893ea321608221cbe543406fff49dd1babd5bc292911,2014-02-16,2014-03-17,30,5.727642375,4.600708476620371,6,2008|2009|2010|2011|2012|2013,observation_time_proxy,historical data_available_time is unknown; observation_time is a pseudo-operational proxy
2014-03-18T00:00:00+00:00,2014-03-17,windermere,south,water_temperature,2.0,degC,month_3,2014-05-17,2014-06-15,15.314088129853129,14.1871542314735,1.1269338983796295,full_anomaly_persistence,1.0,1.0,False,True,6,2008|2009|2010|2011|2012|2013,1cf6f90d0d866b2df8322f8954f75b813d06929e4310955754b37fc4d47cb51f,2014-02-16,2014-03-17,30,5.727642375,4.600708476620371,6,2008|2009|2010|2011|2012|2013,observation_time_proxy,historical data_available_time is unknown; observation_time is a pseudo-operational proxy
2014-03-25T00:00:00+00:00,2014-03-24,windermere,south,water_temperature,2.0,degC,month_1,2014-03-25,2014-04-23,8.150998593520857,6.99289290347456,1.1581056900462956,full_anomaly_persistence,1.0,1.0,False,True,6,2008|2009|2010|2011|2012|2013,e9ba911c0566b196920242c38e5a4a5a1a0a8775b01ec37a171f31285958ff0c,2014-02-23,2014-03-24,30,6.007384458333333,4.8492787682870375,6,2008|2009|2010|2011|2012|2013,observation_time_proxy,historical data_available_time is unknown; observation_time is a pseudo-operational proxy
2014-03-25T00:00:00+00:00,2014-03-24,windermere,south,water_temperature,2.0,degC,month_2,2014-04-24,2014-05-23,11.763780232546296,10.6056745425,1.1581056900462956,full_anomaly_persistence,1.0,1.0,False,True,5,2008|2009|2011|2012|2013,b86b85680f24ddbdff64de9dffc8a8ded2ffc49f81ed18dad3fa4baf8c126314,2014-02-23,2014-03-24,30,6.007384458333333,4.8492787682870375,6,2008|2009|2010|2011|2012|2013,observation_time_proxy,historical data_available_time is unknown; observation_time is a pseudo-operational proxy
2014-03-25T00:00:00+00:00,2014-03-24,windermere,south,water_temperature,2.0,degC,month_3,2014-05-24,2014-06-22,16.252647433764366,15.094541743718072,1.1581056900462956,full_anomaly_persistence,1.0,1.0,False,True,6,2008|2009|2010|2011|2012|2013,de39f5c8994fc4afaa0655dc32076931f87c1508f5de18f45d122b5c9ced3c87,2014-02-23,2014-03-24,30,6.007384458333333,4.8492787682870375,6,2008|2009|2010|2011|2012|2013,observation_time_proxy,historical data_available_time is unknown; observation_time is a pseudo-operational proxy
2014-04-01T00:00:00+00:00,2014-03-31,windermere,south,water_temperature,2.0,degC,month_1,2014-04-01,2014-04-30,8.814700490601851,7.776791178333333,1.0379093122685186,full_anomaly_persistence,1.0,1.0,False,True,5,2008|2009|2011|2012|2013,b2deecec017c936adf2293c52de9751772b80b46bceea1fa1d65e056e0cbb7d8,2014-03-02,2014-03-31,30,6.279112777777778,5.241203465509259,6,2008|2009|2010|2011|2012|2013,observation_time_proxy,historical data_available_time is unknown; observation_time is a pseudo-operational proxy
2014-04-01T00:00:00+00:00,2014-03-31,windermere,south,water_temperature,2.0,degC,month_2,2014-05-01,2014-05-30,12.642058486574076,11.604149174305556,1.0379093122685186,full_anomaly_persistence,1.0,1.0,False,True,6,2008|2009|2010|2011|2012|2013,adf4074a7adcfff7d6554a0189441c3d650a651c96851b317657190df0c90cb3,2014-03-02,2014-03-31,30,6.279112777777778,5.241203465509259,6,2008|2009|2010|2011|2012|2013,observation_time_proxy,historical data_available_time is unknown; observation_time is a pseudo-operational proxy
2014-04-01T00:00:00+00:00,2014-03-31,windermere,south,water_temperature,2.0,degC,month_3,2014-05-31,2014-06-29,16.777785193095465,15.739875880826947,1.0379093122685186,full_anomaly_persistence,1.0,1.0,False,True,6,2008|2009|2010|2011|2012|2013,6b5b7f8762028dc39799caa71ba320233d20c26363e636a71211734e90f1c920,2014-03-02,2014-03-31,30,6.279112777777778,5.241203465509259,6,2008|2009|2010|2011|2012|2013,observation_time_proxy,historical data_available_time is unknown; observation_time is a pseudo-operational proxy
2014-04-08T00:00:00+00:00,2014-04-07,windermere,south,water_temperature,2.0,degC,month_1,2014-04-08,2014-05-07,9.757290852407408,8.628285440833334,1.1290054115740737,full_anomaly_persistence,1.0,1.0,False,True,5,2008|2009|2011|2012|2013,3facb01cfb8d01b7fdb242c4bce7d1f5d0d8bcff86c3529e0e2dd6818a6e9109,2014-03-09,2014-04-07,30,6.7405655,5.611560088425926,6,2008|2009|2010|2011|2012|2013,observation_time_proxy,historical data_available_time is unknown; observation_time is a pseudo-operational proxy
2014-04-08T00:00:00+00:00,2014-04-07,windermere,south,water_temperature,2.0,degC,month_2,2014-05-08,2014-06-06,13.873100832790549,12.744095421216475,1.1290054115740737,full_anomaly_persistence,1.0,1.0,False,True,6,2008|2009|2010|2011|2012|2013,0c609db686606f75557a867bcefc853784caa7cfd4657bd51e69e3c5b957359c,2014-03-09,2014-04-07,30,6.7405655,5.611560088425926,6,2008|2009|2010|2011|2012|2013,observation_time_proxy,historical data_available_time is unknown; observation_time is a pseudo-operational proxy
2014-04-08T00:00:00+00:00,2014-04-07,windermere,south,water_temperature,2.0,degC,month_3,2014-06-07,2014-07-06,17.389870247020934,16.26086483544686,1.1290054115740737,full_anomaly_persistence,1.0,1.0,False,True,6,2008|2009|2010|2011|2012|2013,0eb2fb24589a71933a0bd3fee43151c63a043be857e96842341dd74f855cec95,2014-03-09,2014-04-07,30,6.7405655,5.611560088425926,6,2008|2009|2010|2011|2012|2013,observation_time_proxy,historical data_available_time is unknown; observation_time is a pseudo-operational proxy
2014-04-15T00:00:00+00:00,2014-04-14,windermere,south,water_temperature,2.0,degC,month_1,2014-04-15,2014-05-14,10.568855459953705,9.537224497222223,1.031630962731482,full_anomaly_persistence,1.0,1.0,False,True,5,2008|2009|2011|2012|2013,7b0386437856251e28bcd463f4db1f80568dc7eac43839cb7ab4312a9d907577,2014-03-16,2014-04-14,30,7.1836243472222225,6.151993384490741,6,2008|2009|2010|2011|2012|2013,observation_time_proxy,historical data_available_time is unknown; observation_time is a pseudo-operational proxy
2014-04-15T00:00:00+00:00,2014-04-14,windermere,south,water_temperature,2.0,degC,month_2,2014-05-15,2014-06-13,14.929980244492338,13.898349281760856,1.031630962731482,full_anomaly_persistence,1.0,1.0,False,True,6,2008|2009|2010|2011|2012|2013,8ebdd18415d9e2fd1dd8f7df972014fdfe395c27e69936c98689eb72ba4fb020,2014-03-16,2014-04-14,30,7.1836243472222225,6.151993384490741,6,2008|2009|2010|2011|2012|2013,observation_time_proxy,historical data_available_time is unknown; observation_time is a pseudo-operational proxy
2014-04-15T00:00:00+00:00,2014-04-14,windermere,south,water_temperature,2.0,degC,month_3,2014-06-14,2014-07-13,17.801815442959487,16.770184480228004,1.031630962731482,full_anomaly_persistence,1.0,1.0,False,True,6,2008|2009|2010|2011|2012|2013,59e73c2829d6673c0e499df86f3bbdd6a03e887e9d8d183eb414958a0bd7552d,2014-03-16,2014-04-14,30,7.1836243472222225,6.151993384490741,6,2008|2009|2010|2011|2012|2013,observation_time_proxy,historical data_available_time is unknown; observation_time is a pseudo-operational proxy
2014-04-22T00:00:00+00:00,2014-04-21,windermere,south,water_temperature,2.0,degC,month_1,2014-04-22,2014-05-21,11.369970591029112,10.367489455,1.0024811360291128,full_anomaly_persistence,1.0,1.0,False,True,5,2008|2009|2011|2012|2013,56bcff6ebc20c35dc871e2988d57d5d1983850a05c1fb8c58b4d1cf54f6bbeb1,2014-03-23,2014-04-21,30,7.803066263888889,6.800585127859776,6,2008|2009|2010|2011|2012|2013,observation_time_proxy,historical data_available_time is unknown; observation_time is a pseudo-operational proxy
2014-04-22T00:00:00+00:00,2014-04-21,windermere,south,water_temperature,2.0,degC,month_2,2014-05-22,2014-06-20,15.884762124558806,14.882280988529693,1.0024811360291128,full_anomaly_persistence,1.0,1.0,False,True,6,2008|2009|2010|2011|2012|2013,6b88c0e8e69ddc57e11b86abcefd0f36de490d1f48ff835dd8593da26abc605a,2014-03-23,2014-04-21,30,7.803066263888889,6.800585127859776,6,2008|2009|2010|2011|2012|2013,observation_time_proxy,historical data_available_time is unknown; observation_time is a pseudo-operational proxy
2014-04-22T00:00:00+00:00,2014-04-21,windermere,south,water_temperature,2.0,degC,month_3,2014-06-21,2014-07-20,18.299600454220084,17.29711931819097,1.0024811360291128,full_anomaly_persistence,1.0,1.0,False,True,6,2008|2009|2010|2011|2012|2013,5e84015dd029719f9601a8241b7c4edb73ab7f209aeea8ee0659ec0bac4f61e2,2014-03-23,2014-04-21,30,7.803066263888889,6.800585127859776,6,2008|2009|2010|2011|2012|2013,observation_time_proxy,historical data_available_time is unknown; observation_time is a pseudo-operational proxy
2014-04-29T00:00:00+00:00,2014-04-28,windermere,south,water_temperature,2.0,degC,month_1,2014-04-29,2014-05-28,12.351542777536377,11.349126128091932,1.002416649444445,full_anomaly_persistence,1.0,1.0,False,True,6,2008|2009|2010|2011|2012|2013,633d18eb95664806e0c2b4f5aed1145ef7dcb520c49ae7713594c2932bb54fdb,2014-03-30,2014-04-28,30,8.576104236111112,7.573687586666667,5,2008|2009|2011|2012|2013,observation_time_proxy,historical data_available_time is unknown; observation_time is a pseudo-operational proxy
2014-04-29T00:00:00+00:00,2014-04-28,windermere,south,water_temperature,2.0,degC,month_2,2014-05-29,2014-06-27,16.536799759597702,15.534383110153257,1.002416649444445,full_anomaly_persistence,1.0,1.0,False,True,6,2008|2009|2010|2011|2012|2013,044ac4c18822380b2822868787936f47ea90c15b94be0e5c485f16986a514651,2014-03-30,2014-04-28,30,8.576104236111112,7.573687586666667,5,2008|2009|2011|2012|2013,observation_time_proxy,historical data_available_time is unknown; observation_time is a pseudo-operational proxy
2014-04-29T00:00:00+00:00,2014-04-28,windermere,south,water_temperature,2.0,degC,month_3,2014-06-28,2014-07-27,18.806204002357635,17.80378735291319,1.002416649444445,full_anomaly_persistence,1.0,1.0,False,True,6,2008|2009|2010|2011|2012|2013,8104f3265b35acacec926e1dc9659cb082e24066edbcee9787dc4751f49316f3,2014-03-30,2014-04-28,30,8.576104236111112,7.573687586666667,5,2008|2009|2011|2012|2013,observation_time_proxy,historical data_available_time is unknown; observation_time is a pseudo-operational proxy
2014-05-06T00:00:00+00:00,2014-05-05,windermere,south,water_temperature,2.0,degC,month_1,2014-05-06,2014-06-04,13.45856595743295,12.402808539655172,1.0557574177777784,full_anomaly_persistence,1.0,1.0,False,True,6,2008|2009|2010|2011|2012|2013,8b02113086bb98932b9b1b6850c09032aac4006f2ebde00bb8c5f654dffd34f1,2014-04-06,2014-05-05,30,9.403754333333334,8.347996915555555,5,2008|2009|2011|2012|2013,observation_time_proxy,historical data_available_time is unknown; observation_time is a pseudo-operational proxy
2014-05-06T00:00:00+00:00,2014-05-05,windermere,south,water_temperature,2.0,degC,month_2,2014-06-05,2014-07-04,17.1974735775,16.141716159722222,1.0557574177777784,full_anomaly_persistence,1.0,1.0,False,True,6,2008|2009|2010|2011|2012|2013,c1e911a6ab0b5c82015e3d727b3a83ef7a0c367c2a174e3d33bed3bfff94f390,2014-04-06,2014-05-05,30,9.403754333333334,8.347996915555555,5,2008|2009|2011|2012|2013,observation_time_proxy,historical data_available_time is unknown; observation_time is a pseudo-operational proxy
2014-05-06T00:00:00+00:00,2014-05-05,windermere,south,water_temperature,2.0,degC,month_3,2014-07-05,2014-08-03,19.168339039209485,18.11258162143171,1.0557574177777784,full_anomaly_persistence,1.0,1.0,False,True,6,2008|2009|2010|2011|2012|2013,6163a5512d8c4899af26b3bc2dedac9e5d7889cee51dcec1f1162d24c727a341,2014-04-06,2014-05-05,30,9.403754333333334,8.347996915555555,5,2008|2009|2011|2012|2013,observation_time_proxy,historical data_available_time is unknown; observation_time is a pseudo-operational proxy
2014-05-13T00:00:00+00:00,2014-05-12,windermere,south,water_temperature,2.0,degC,month_1,2014-05-13,2014-06-11,14.418705624436463,13.58525993471424,0.8334456897222218,full_anomaly_persistence,1.0,1.0,False,True,6,2008|2009|2010|2011|2012|2013,09930cb44c47b26e2bea7e80e9fc234575422044bc93b6970e9ac8f1c4b28767,2014-04-13,2014-05-12,30,10.119802944444444,9.286357254722223,5,2008|2009|2011|2012|2013,observation_time_proxy,historical data_available_time is unknown; observation_time is a pseudo-operational proxy
2014-05-13T00:00:00+00:00,2014-05-12,windermere,south,water_temperature,2.0,degC,month_2,2014-06-12,2014-07-11,17.434896640909823,16.6014509511876,0.8334456897222218,full_anomaly_persistence,1.0,1.0,False,True,6,2008|2009|2010|2011|2012|2013,f1ca6d6ae05d71368e65a4e13791db365a5ba14a70c61e05b3d033738efc357a,2014-04-13,2014-05-12,30,10.119802944444444,9.286357254722223,5,2008|2009|2011|2012|2013,observation_time_proxy,historical data_available_time is unknown; observation_time is a pseudo-operational proxy
2014-05-13T00:00:00+00:00,2014-05-12,windermere,south,water_temperature,2.0,degC,month_3,2014-07-12,2014-08-10,19.063880340786437,18.230434651064215,0.8334456897222218,full_anomaly_persistence,1.0,1.0,False,True,6,2008|2009|2010|2011|2012|2013,deede957905bfdceb270637e9231ad80a293d285b4f800f76dc7e84847bd72d3,2014-04-13,2014-05-12,30,10.119802944444444,9.286357254722223,5,2008|2009|2011|2012|2013,observation_time_proxy,historical data_available_time is unknown; observation_time is a pseudo-operational proxy
2014-05-20T00:00:00+00:00,2014-05-19,windermere,south,water_temperature,2.0,degC,month_1,2014-05-20,2014-06-18,15.518982115030331,14.620927160863666,0.8980549541666658,full_anomaly_persistence,1.0,1.0,False,True,6,2008|2009|2010|2011|2012|2013,4ba4a1c46e563989fb01b95643a382654620712189dcb06168ae36f1310eb188,2014-04-20,2014-05-19,30,11.043960847222221,10.145905893055556,5,2008|2009|2011|2012|2013,observation_time_proxy,historical data_available_time is unknown; observation_time is a pseudo-operational proxy
2014-05-20T00:00:00+00:00,2014-05-19,windermere,south,water_temperature,2.0,degC,month_2,2014-06-19,2014-07-18,18.057138619579852,17.15908366541319,0.8980549541666658,full_anomaly_persistence,1.0,1.0,False,True,6,2008|2009|2010|2011|2012|2013,e9db58ad4b624c34f053ef5bc1180186042743be9cba064c34fa0dd7cae527ca,2014-04-20,2014-05-19,30,11.043960847222221,10.145905893055556,5,2008|2009|2011|2012|2013,observation_time_proxy,historical data_available_time is unknown; observation_time is a pseudo-operational proxy
2014-05-20T00:00:00+00:00,2014-05-19,windermere,south,water_temperature,2.0,degC,month_3,2014-07-19,2014-08-17,19.076319698875658,18.178264744708994,0.8980549541666658,full_anomaly_persistence,1.0,1.0,False,True,6,2008|2009|2010|2011|2012|2013,2ad38041c9421671ebd12d4ef0ca6d6b9c54098757055bfe2e40d1bfc3371406,2014-04-20,2014-05-19,30,11.043960847222221,10.145905893055556,5,2008|2009|2011|2012|2013,observation_time_proxy,historical data_available_time is unknown; observation_time is a pseudo-operational proxy
2014-05-27T00:00:00+00:00,2014-05-26,windermere,south,water_temperature,2.0,degC,month_1,2014-05-27,2014-06-25,16.514621341819925,15.344129424042146,1.1704919177777793,full_anomaly_persistence,1.0,1.0,False,True,6,2008|2009|2010|2011|2012|2013,2be52ba5daef61ade395578ccf00b1ceafb84cab8c4fe8eeeac5ac6f0a6dbb93,2014-04-27,2014-05-26,30,12.15235101388889,10.98185909611111,5,2008|2009|2011|2012|2013,observation_time_proxy,historical data_available_time is unknown; observation_time is a pseudo-operational proxy
2014-05-27T00:00:00+00:00,2014-05-26,windermere,south,water_temperature,2.0,degC,month_2,2014-06-26,2014-07-25,18.827380083190967,17.65688816541319,1.1704919177777793,full_anomaly_persistence,1.0,1.0,False,True,6,2008|2009|2010|2011|2012|2013,24dea001075c7fa8e0f210cde8a6eff47201c4fe47596816db1d616c2fd356a2,2014-04-27,2014-05-26,30,12.15235101388889,10.98185909611111,5,2008|2009|2011|2012|2013,observation_time_proxy,historical data_available_time is unknown; observation_time is a pseudo-operational proxy
2014-05-27T00:00:00+00:00,2014-05-26,windermere,south,water_temperature,2.0,degC,month_3,2014-07-26,2014-08-24,19.196579076838624,18.026087159060847,1.1704919177777793,full_anomaly_persistence,1.0,1.0,False,True,6,2008|2009|2010|2011|2012|2013,a9fa1bfc88c2bfd4d8128a3fce4cec750d145fddb182853dac0b3bad3c0e99c7,2014-04-27,2014-05-26,30,12.15235101388889,10.98185909611111,5,2008|2009|2011|2012|2013,observation_time_proxy,historical data_available_time is unknown; observation_time is a pseudo-operational proxy
2014-06-03T00:00:00+00:00,2014-06-02,windermere,south,water_temperature,2.0,degC,month_1,2014-06-03,2014-07-02,16.9535133387053,16.010443849537037,0.9430694891682627,full_anomaly_persistence,1.0,1.0,False,True,6,2008|2009|2010|2011|2012|2013,3cbfd1815ec1df491aacaed12744e872f79371b46e182fb151c702845f0db8a2,2014-05-04,2014-06-02,30,12.994746652777778,12.051677163609515,6,2008|2009|2010|2011|2012|2013,observation_time_proxy,historical data_available_time is unknown; observation_time is a pseudo-operational proxy
2014-06-03T00:00:00+00:00,2014-06-02,windermere,south,water_temperature,2.0,degC,month_2,2014-07-03,2014-08-01,18.992790839766638,18.049721350598375,0.9430694891682627,full_anomaly_persistence,1.0,1.0,False,True,6,2008|2009|2010|2011|2012|2013,f2f28fb62176b31bf4b99e5d1c9100edad374b6139b48351724c03eeec4b7c6a,2014-05-04,2014-06-02,30,12.994746652777778,12.051677163609515,6,2008|2009|2010|2011|2012|2013,observation_time_proxy,historical data_available_time is unknown; observation_time is a pseudo-operational proxy
2014-06-03T00:00:00+00:00,2014-06-02,windermere,south,water_temperature,2.0,degC,month_3,2014-08-02,2014-08-31,18.65883071072911,17.715761221560847,0.9430694891682627,full_anomaly_persistence,1.0,1.0,False,True,6,2008|2009|2010|2011|2012|2013,119feb858bdc350a87141a89ac31cdaf589aeb7d5b089408f6076222df554863,2014-05-04,2014-06-02,30,12.994746652777778,12.051677163609515,6,2008|2009|2010|2011|2012|2013,observation_time_proxy,historical data_available_time is unknown; observation_time is a pseudo-operational proxy
2014-06-10T00:00:00+00:00,2014-06-09,windermere,south,water_temperature,2.0,degC,month_1,2014-06-10,2014-07-09,17.250830145592133,16.452293421095007,0.7985367244971258,full_anomaly_persistence,1.0,1.0,False,True,6,2008|2009|2010|2011|2012|2013,f00bf5cd4954965002f785e98f8a586779f5b2b6481ce5fd0cdc0b1bbd5a2d1e,2014-05-11,2014-06-09,30,14.055803847222222,13.257267122725096,6,2008|2009|2010|2011|2012|2013,observation_time_proxy,historical data_available_time is unknown; observation_time is a pseudo-operational proxy
2014-06-10T00:00:00+00:00,2014-06-09,windermere,south,water_temperature,2.0,degC,month_2,2014-07-10,2014-08-08,19.02517692417245,18.226640199675323,0.7985367244971258,full_anomaly_persistence,1.0,1.0,False,True,6,2008|2009|2010|2011|2012|2013,8306b0576d7e12913019156e45141393187e587765c0e47e8033fead14205b7f,2014-05-11,2014-06-09,30,14.055803847222222,13.257267122725096,6,2008|2009|2010|2011|2012|2013,observation_time_proxy,historical data_available_time is unknown; observation_time is a pseudo-operational proxy
2014-06-10T00:00:00+00:00,2014-06-09,windermere,south,water_temperature,2.0,degC,month_3,2014-08-09,2014-09-07,18.123147833293423,17.324611108796297,0.7985367244971258,full_anomaly_persistence,1.0,1.0,False,True,6,2008|2009|2010|2011|2012|2013,da7179daec0c67c7862474a6ba739cf6aad0a7580a947728c920940670c889d1,2014-05-11,2014-06-09,30,14.055803847222222,13.257267122725096,6,2008|2009|2010|2011|2012|2013,observation_time_proxy,historical data_available_time is unknown; observation_time is a pseudo-operational proxy
2014-06-17T00:00:00+00:00,2014-06-16,windermere,south,water_temperature,2.0,degC,month_1,2014-06-17,2014-07-16,17.814096479613383,17.02010685754282,0.793989622070562,full_anomaly_persistence,1.0,1.0,False,True,6,2008|2009|2010|2011|2012|2013,accd306065f6568e915b7ce16bf6d5968c11b337c945cc245cda68083a47c220,2014-05-18,2014-06-16,30,15.131541972222223,14.337552350151661,6,2008|2009|2010|2011|2012|2013,observation_time_proxy,historical data_available_time is unknown; observation_time is a pseudo-operational proxy
2014-06-17T00:00:00+00:00,2014-06-16,windermere,south,water_temperature,2.0,degC,month_2,2014-07-17,2014-08-15,18.984658179279556,18.190668557208994,0.793989622070562,full_anomaly_persistence,1.0,1.0,False,True,6,2008|2009|2010|2011|2012|2013,b0a84a69aed31a559112985cf9682b76f5380792205e39818166ad72759efe4d,2014-05-18,2014-06-16,30,15.131541972222223,14.337552350151661,6,2008|2009|2010|2011|2012|2013,observation_time_proxy,historical data_available_time is unknown; observation_time is a pseudo-operational proxy
2014-06-17T00:00:00+00:00,2014-06-16,windermere,south,water_temperature,2.0,degC,month_3,2014-08-16,2014-09-14,17.647785624385378,16.853796002314816,0.793989622070562,full_anomaly_persistence,1.0,1.0,False,True,6,2008|2009|2010|2011|2012|2013,3d1f44141d602a0f71b95ca945dbd4a529ed0a639f9b823743b718872501b2ed,2014-05-18,2014-06-16,30,15.131541972222223,14.337552350151661,6,2008|2009|2010|2011|2012|2013,observation_time_proxy,historical data_available_time is unknown; observation_time is a pseudo-operational proxy
2014-06-24T00:00:00+00:00,2014-06-23,windermere,south,water_temperature,2.0,degC,month_1,2014-06-24,2014-07-23,18.624228373155844,17.510354700135412,1.113873673020434,full_anomaly_persistence,1.0,1.0,False,True,6,2008|2009|2010|2011|2012|2013,e8814d11a52e61c3e2a0d51391dc3309d57baa38ed473f48fdf037e15e5577ae,2014-05-25,2014-06-23,30,16.297419027777778,15.183545354757344,6,2008|2009|2010|2011|2012|2013,observation_time_proxy,historical data_available_time is unknown; observation_time is a pseudo-operational proxy
2014-06-24T00:00:00+00:00,2014-06-23,windermere,south,water_temperature,2.0,degC,month_2,2014-07-24,2014-08-22,19.19722773022943,18.083354057208993,1.113873673020434,full_anomaly_persistence,1.0,1.0,False,True,6,2008|2009|2010|2011|2012|2013,b1f93b179306c174c1c0017d746540c7565ffea3347bbd6cf49ef45eb1a339b8,2014-05-25,2014-06-23,30,16.297419027777778,15.183545354757344,6,2008|2009|2010|2011|2012|2013,observation_time_proxy,historical data_available_time is unknown; observation_time is a pseudo-operational proxy
2014-06-24T00:00:00+00:00,2014-06-23,windermere,south,water_temperature,2.0,degC,month_3,2014-08-23,2014-09-21,17.418045054964878,16.304171381944442,1.113873673020434,full_anomaly_persistence,1.0,1.0,False,True,6,2008|2009|2010|2011|2012|2013,91d98a46133f997df70741d493f86f8afac79f97acce722b77694b5461bf0e9d,2014-05-25,2014-06-23,30,16.297419027777778,15.183545354757344,6,2008|2009|2010|2011|2012|2013,observation_time_proxy,historical data_available_time is unknown; observation_time is a pseudo-operational proxy
2014-07-01T00:00:00+00:00,2014-06-30,windermere,south,water_temperature,2.0,degC,month_1,2014-07-01,2014-07-30,19.62224287071332,17.975490801987263,1.6467520687260553,full_anomaly_persistence,1.0,1.0,False,True,6,2008|2009|2010|2011|2012|2013,dc4ea92c7d0b75da8cf88c411c5c023d94af20ba0b752b2985df9edc842988cc,2014-06-01,2014-06-30,30,17.478470555555557,15.831718486829502,6,2008|2009|2010|2011|2012|2013,observation_time_proxy,historical data_available_time is unknown; observation_time is a pseudo-operational proxy
2014-07-01T00:00:00+00:00,2014-06-30,windermere,south,water_temperature,2.0,degC,month_2,2014-07-31,2014-08-29,19.45226285741653,17.805510788690476,1.6467520687260553,full_anomaly_persistence,1.0,1.0,False,True,6,2008|2009|2010|2011|2012|2013,ecdcf215f7485fbadf662b730dafa1b3b0e677478ae636795db9bda7e4f67cea,2014-06-01,2014-06-30,30,17.478470555555557,15.831718486829502,6,2008|2009|2010|2011|2012|2013,observation_time_proxy,historical data_available_time is unknown; observation_time is a pseudo-operational proxy
2014-07-01T00:00:00+00:00,2014-06-30,windermere,south,water_temperature,2.0,degC,month_3,2014-08-30,2014-09-28,17.320027543263095,15.673275474537038,1.6467520687260553,full_anomaly_persistence,1.0,1.0,False,True,6,2008|2009|2010|2011|2012|2013,89570561f1b0bd0dba69bdfacbfab27e6e921d8c5911e7bfc11fb87d7a2a8158,2014-06-01,2014-06-30,30,17.478470555555557,15.831718486829502,6,2008|2009|2010|2011|2012|2013,observation_time_proxy,historical data_available_time is unknown; observation_time is a pseudo-operational proxy
2014-07-08T00:00:00+00:00,2014-07-07,windermere,south,water_temperature,2.0,degC,month_1,2014-07-08,2014-08-06,20.07017536257502,18.195823799873736,1.8743515627012854,full_anomaly_persistence,1.0,1.0,False,True,6,2008|2009|2010|2011|2012|2013,d6c94eec6a7bf93abb27738a5811fd428dd03d24b23b1c3c097422f2a471d773,2014-06-08,2014-07-07,30,18.19567509722222,16.321323534520936,6,2008|2009|2010|2011|2012|2013,observation_time_proxy,historical data_available_time is unknown; observation_time is a pseudo-operational proxy
2014-07-08T00:00:00+00:00,2014-07-07,windermere,south,water_temperature,2.0,degC,month_2,2014-08-07,2014-09-05,19.331691372225094,17.45733980952381,1.8743515627012854,full_anomaly_persistence,1.0,1.0,False,True,6,2008|2009|2010|2011|2012|2013,a97180a197919f736718cb00cae79688b314b5a56483c2940980627a30e4f07a,2014-06-08,2014-07-07,30,18.19567509722222,16.321323534520936,6,2008|2009|2010|2011|2012|2013,observation_time_proxy,historical data_available_time is unknown; observation_time is a pseudo-operational proxy
2014-07-08T00:00:00+00:00,2014-07-07,windermere,south,water_temperature,2.0,degC,month_3,2014-09-06,2014-10-05,16.933909053442026,15.05955749074074,1.8743515627012854,full_anomaly_persistence,1.0,1.0,False,True,6,2008|2009|2010|2011|2012|2013,600b7f03b3b8522321289751fc149eecbaf5e836f1a36ebbfd260b12cf6a807d,2014-06-08,2014-07-07,30,18.19567509722222,16.321323534520936,6,2008|2009|2010|2011|2012|2013,observation_time_proxy,historical data_available_time is unknown; observation_time is a pseudo-operational proxy
2014-07-15T00:00:00+00:00,2014-07-14,windermere,south,water_temperature,2.0,degC,month_1,2014-07-15,2014-08-13,20.34544894272173,18.20466536276455,2.14078357995718,full_anomaly_persistence,1.0,1.0,False,True,6,2008|2009|2010|2011|2012|2013,333d82f3b0a34571b3f64843de57f541d9462d883ece27d228fcec2bfcd9b9fc,2014-06-15,2014-07-14,30,19.00358048611111,16.862796906153932,6,2008|2009|2010|2011|2012|2013,observation_time_proxy,historical data_available_time is unknown; observation_time is a pseudo-operational proxy
2014-07-15T00:00:00+00:00,2014-07-14,windermere,south,water_temperature,2.0,degC,month_2,2014-08-14,2014-09-12,19.13028195032755,16.98949837037037,2.14078357995718,full_anomaly_persistence,1.0,1.0,False,True,6,2008|2009|2010|2011|2012|2013,dd6d55d583050d680a89074c5eefab67da73451b678160d054e1ddedd4229106,2014-06-15,2014-07-14,30,19.00358048611111,16.862796906153932,6,2008|2009|2010|2011|2012|2013,observation_time_proxy,historical data_available_time is unknown; observation_time is a pseudo-operational proxy
2014-07-15T00:00:00+00:00,2014-07-14,windermere,south,water_temperature,2.0,degC,month_3,2014-09-13,2014-10-12,16.583233529031254,14.442449949074074,2.14078357995718,full_anomaly_persistence,1.0,1.0,False,True,6,2008|2009|2010|2011|2012|2013,b4d89b292668e7f78a43c6642b3ee93727263243bb7c1ff3b4f9ebb7b6f51948,2014-06-15,2014-07-14,30,19.00358048611111,16.862796906153932,6,2008|2009|2010|2011|2012|2013,observation_time_proxy,historical data_available_time is unknown; observation_time is a pseudo-operational proxy
2014-07-22T00:00:00+00:00,2014-07-21,windermere,south,water_temperature,2.0,degC,month_1,2014-07-22,2014-08-20,20.048900914943957,18.12378131415344,1.9251196007905165,full_anomaly_persistence,1.0,1.0,False,True,6,2008|2009|2010|2011|2012|2013,9a7c4f08d5719d28e75421aca315927d2b081fbd4348c47668ada6f391c2dbe9,2014-06-22,2014-07-21,30,19.28562575,17.360506149209485,6,2008|2009|2010|2011|2012|2013,observation_time_proxy,historical data_available_time is unknown; observation_time is a pseudo-operational proxy
2014-07-22T00:00:00+00:00,2014-07-21,windermere,south,water_temperature,2.0,degC,month_2,2014-08-21,2014-09-19,18.396207103105333,16.471087502314816,1.9251196007905165,full_anomaly_persistence,1.0,1.0,False,True,6,2008|2009|2010|2011|2012|2013,ec25018a1745ba324334e0671c97df593a7cec4e58961b076dc50996918e9f05,2014-06-22,2014-07-21,30,19.28562575,17.360506149209485,6,2008|2009|2010|2011|2012|2013,observation_time_proxy,historical data_available_time is unknown; observation_time is a pseudo-operational proxy
2014-07-22T00:00:00+00:00,2014-07-21,windermere,south,water_temperature,2.0,degC,month_3,2014-09-20,2014-10-19,15.75566379986459,13.830544199074074,1.9251196007905165,full_anomaly_persistence,1.0,1.0,False,True,6,2008|2009|2010|2011|2012|2013,915f7ccb7dda9a5cc08c9a0e31f97d3b3aa39b09b52ac4d39532ca1284f9a166,2014-06-22,2014-07-21,30,19.28562575,17.360506149209485,6,2008|2009|2010|2011|2012|2013,observation_time_proxy,historical data_available_time is unknown; observation_time is a pseudo-operational proxy
2014-07-29T00:00:00+00:00,2014-07-28,windermere,south,water_temperature,2.0,degC,month_1,2014-07-29,2014-08-27,19.81009450522173,17.898775513227513,1.911318991994218,full_anomaly_persistence,1.0,1.0,False,True,6,2008|2009|2010|2011|2012|2013,b2840d3ccad6099e2ef7cb1beb1328afea314f00aa044aec7a473fe61c95d4db,2014-06-29,2014-07-28,30,19.779656208333332,17.868337216339114,6,2008|2009|2010|2011|2012|2013,observation_time_proxy,historical data_available_time is unknown; observation_time is a pseudo-operational proxy
2014-07-29T00:00:00+00:00,2014-07-28,windermere,south,water_temperature,2.0,degC,month_2,2014-08-28,2014-09-26,17.761444417920146,15.850125425925926,1.911318991994218,full_anomaly_persistence,1.0,1.0,False,True,6,2008|2009|2010|2011|2012|2013,ad8ecef6e85952c86660bad60c6277345dcc366e4bb16869be56b87742a2681b,2014-06-29,2014-07-28,30,19.779656208333332,17.868337216339114,6,2008|2009|2010|2011|2012|2013,observation_time_proxy,historical data_available_time is unknown; observation_time is a pseudo-operational proxy
2014-07-29T00:00:00+00:00,2014-07-28,windermere,south,water_temperature,2.0,degC,month_3,2014-09-27,2014-10-26,15.114654216531255,13.203335224537037,1.911318991994218,full_anomaly_persistence,1.0,1.0,False,True,6,2008|2009|2010|2011|2012|2013,42b1544413b0f95630c70f9e718d05000edd8f2849b6a3a6f920e426646fc78a,2014-06-29,2014-07-28,30,19.779656208333332,17.868337216339114,6,2008|2009|2010|2011|2012|2013,observation_time_proxy,historical data_available_time is unknown; observation_time is a pseudo-operational proxy
2014-08-05T00:00:00+00:00,2014-08-04,windermere,south,water_temperature,2.0,degC,month_1,2014-08-05,2014-09-03,19.6719456718884,17.564538089616402,2.107407582271996,full_anomaly_persistence,1.0,1.0,False,True,6,2008|2009|2010|2011|2012|2013,deaf77887f375bdcb2739ab71efbc298194354f0745b3dfd964ad6dbfb6302a3,2014-07-06,2014-08-04,30,20.249428069444445,18.14202048717245,6,2008|2009|2010|2011|2012|2013,observation_time_proxy,historical data_available_time is unknown; observation_time is a pseudo-operational proxy
2014-08-05T00:00:00+00:00,2014-08-04,windermere,south,water_temperature,2.0,degC,month_2,2014-09-04,2014-10-03,17.35647180449422,15.249064222222222,2.107407582271996,full_anomaly_persistence,1.0,1.0,False,True,6,2008|2009|2010|2011|2012|2013,883752face3e0e5f5ddc5aec3ed2e26fbc32ba029735dc12c401d65b1b905801,2014-07-06,2014-08-04,30,20.249428069444445,18.14202048717245,6,2008|2009|2010|2011|2012|2013,observation_time_proxy,historical data_available_time is unknown; observation_time is a pseudo-operational proxy
2014-08-05T00:00:00+00:00,2014-08-04,windermere,south,water_temperature,2.0,degC,month_3,2014-10-04,2014-11-02,14.604982460593252,12.497574878321256,2.107407582271996,full_anomaly_persistence,1.0,1.0,False,True,6,2008|2009|2010|2011|2012|2013,870bf8d64b4bb70975e090a55ec309660082e89b9ea75c283149322c3ff7289c,2014-07-06,2014-08-04,30,20.249428069444445,18.14202048717245,6,2008|2009|2010|2011|2012|2013,observation_time_proxy,historical data_available_time is unknown; observation_time is a pseudo-operational proxy
2014-08-12T00:00:00+00:00,2014-08-11,windermere,south,water_temperature,2.0,degC,month_1,2014-08-12,2014-09-10,19.141715843253966,17.122641627314813,2.0190742159391526,full_anomaly_persistence,1.0,1.0,False,True,6,2008|2009|2010|2011|2012|2013,767e3119ea31f4f8cc6d27d796d58e8bf3c8192939490d1b808133b36a43f2b9,2014-07-13,2014-08-11,30,20.24464698611111,18.225572770171958,6,2008|2009|2010|2011|2012|2013,observation_time_proxy,historical data_available_time is unknown; observation_time is a pseudo-operational proxy
2014-08-12T00:00:00+00:00,2014-08-11,windermere,south,water_temperature,2.0,degC,month_2,2014-09-11,2014-10-10,16.64652473445767,14.627450518518518,2.0190742159391526,full_anomaly_persistence,1.0,1.0,False,True,6,2008|2009|2010|2011|2012|2013,8c120f15e722b803ea21a2040d442bacd5ebcaeb2d10fe3743db919479be4e69,2014-07-13,2014-08-11,30,20.24464698611111,18.225572770171958,6,2008|2009|2010|2011|2012|2013,observation_time_proxy,historical data_available_time is unknown; observation_time is a pseudo-operational proxy
2014-08-12T00:00:00+00:00,2014-08-11,windermere,south,water_temperature,2.0,degC,month_3,2014-10-11,2014-11-09,13.795270442640039,11.776196226700886,2.0190742159391526,full_anomaly_persistence,1.0,1.0,False,True,6,2008|2009|2010|2011|2012|2013,a5672a4c04fea058c0560ac580bd1d60c697662bfc9746029ad5ea6b19c70de9,2014-07-13,2014-08-11,30,20.24464698611111,18.225572770171958,6,2008|2009|2010|2011|2012|2013,observation_time_proxy,historical data_available_time is unknown; observation_time is a pseudo-operational proxy
2014-08-19T00:00:00+00:00,2014-08-18,windermere,south,water_temperature,2.0,degC,month_1,2014-08-19,2014-09-17,18.270051102513225,16.62769512037037,1.6423559821428562,full_anomaly_persistence,1.0,1.0,False,True,6,2008|2009|2010|2011|2012|2013,803c3b7fe3899349c55addb05997c88cb68b1f8281386117c1980ec91502ef5c,2014-07-20,2014-08-18,30,19.807724180555557,18.1653681984127,6,2008|2009|2010|2011|2012|2013,observation_time_proxy,historical data_available_time is unknown; observation_time is a pseudo-operational proxy
2014-08-19T00:00:00+00:00,2014-08-18,windermere,south,water_temperature,2.0,degC,month_2,2014-09-18,2014-10-17,15.644434634920634,14.002078652777778,1.6423559821428562,full_anomaly_persistence,1.0,1.0,False,True,6,2008|2009|2010|2011|2012|2013,0d9e794bd3361e4d7bc98015bd4d0a6cc3651c371e2d7756883aaff35bedabe3,2014-07-20,2014-08-18,30,19.807724180555557,18.1653681984127,6,2008|2009|2010|2011|2012|2013,observation_time_proxy,historical data_available_time is unknown; observation_time is a pseudo-operational proxy
2014-08-19T00:00:00+00:00,2014-08-18,windermere,south,water_temperature,2.0,degC,month_3,2014-10-18,2014-11-16,12.686005521575224,11.043649539432367,1.6423559821428562,full_anomaly_persistence,1.0,1.0,False,True,6,2008|2009|2010|2011|2012|2013,181405a183d1f51da5a55c0dc7d7d31e9b8ee00706b2ec8269d4b579c4b6c4d6,2014-07-20,2014-08-18,30,19.807724180555557,18.1653681984127,6,2008|2009|2010|2011|2012|2013,observation_time_proxy,historical data_available_time is unknown; observation_time is a pseudo-operational proxy
2014-08-26T00:00:00+00:00,2014-08-25,windermere,south,water_temperature,2.0,degC,month_1,2014-08-26,2014-09-24,16.813921604828042,16.038092425925925,0.7758291789021179,full_anomaly_persistence,1.0,1.0,False,True,6,2008|2009|2010|2011|2012|2013,607986bd6b1b0bdd0a8720955c292603bacb20c09d79a50e030a7f2cddd532a6,2014-07-27,2014-08-25,30,18.76379648611111,17.987967307208994,6,2008|2009|2010|2011|2012|2013,observation_time_proxy,historical data_available_time is unknown; observation_time is a pseudo-operational proxy
2014-08-26T00:00:00+00:00,2014-08-25,windermere,south,water_temperature,2.0,degC,month_2,2014-09-25,2014-10-24,14.160987614087304,13.385158435185186,0.7758291789021179,full_anomaly_persistence,1.0,1.0,False,True,6,2008|2009|2010|2011|2012|2013,ca0240a88c61df893e02dd4c2db1234887a665b10a6eb2dc9c818b8a0a1ff054,2014-07-27,2014-08-25,30,18.76379648611111,17.987967307208994,6,2008|2009|2010|2011|2012|2013,observation_time_proxy,historical data_available_time is unknown; observation_time is a pseudo-operational proxy
2014-08-26T00:00:00+00:00,2014-08-25,windermere,south,water_temperature,2.0,degC,month_3,2014-10-25,2014-11-23,11.140707146343743,10.364877967441625,0.7758291789021179,full_anomaly_persistence,1.0,1.0,False,True,6,2008|2009|2010|2011|2012|2013,186bc79a11b9226a724c121e834033c07ab49648926f7937934feab88ac14e94,2014-07-27,2014-08-25,30,18.76379648611111,17.987967307208994,6,2008|2009|2010|2011|2012|2013,observation_time_proxy,historical data_available_time is unknown; observation_time is a pseudo-operational proxy
2014-09-02T00:00:00+00:00,2014-09-01,windermere,south,water_temperature,2.0,degC,month_1,2014-09-02,2014-10-01,15.43560911871693,15.422777921296296,0.012831197420634766,full_anomaly_persistence,1.0,1.0,False,True,6,2008|2009|2010|2011|2012|2013,e28e2eb67ec16d027a7ccfff4c771507165671494644ccc6b7f63328c4b6ebd0,2014-08-03,2014-09-01,30,17.680020222222222,17.667189024801587,6,2008|2009|2010|2011|2012|2013,observation_time_proxy,historical data_available_time is unknown; observation_time is a pseudo-operational proxy
2014-09-02T00:00:00+00:00,2014-09-01,windermere,south,water_temperature,2.0,degC,month_2,2014-10-02,2014-10-31,12.71518633037152,12.702355132950885,0.012831197420634766,full_anomaly_persistence,1.0,1.0,False,True,6,2008|2009|2010|2011|2012|2013,307a802c9034a4e2b67f5068434c64876c8f7cc577b5f3d27200b71adb03cae6,2014-08-03,2014-09-01,30,17.680020222222222,17.667189024801587,6,2008|2009|2010|2011|2012|2013,observation_time_proxy,historical data_available_time is unknown; observation_time is a pseudo-operational proxy
2014-09-02T00:00:00+00:00,2014-09-01,windermere,south,water_temperature,2.0,degC,month_3,2014-11-01,2014-11-30,9.713660365013228,9.700829167592593,0.012831197420634766,full_anomaly_persistence,1.0,1.0,False,True,6,2008|2009|2010|2011|2012|2013,0258a3b4d11dcd5f0e705149ba2816c5a0facf7a727264e6fef252e14cb5a5f9,2014-08-03,2014-09-01,30,17.680020222222222,17.667189024801587,6,2008|2009|2010|2011|2012|2013,observation_time_proxy,historical data_available_time is unknown; observation_time is a pseudo-operational proxy
2014-09-09T00:00:00+00:00,2014-09-08,windermere,south,water_temperature,2.0,degC,month_1,2014-09-09,2014-10-08,14.82184107638889,14.805270703703703,0.01657037268518735,full_anomaly_persistence,1.0,1.0,False,True,6,2008|2009|2010|2011|2012|2013,bf54258f8374846aab7039757a27b475b47aafebc1afd714d058a17fc9b1a0a1,2014-08-10,2014-09-08,30,17.271267680555557,17.25469730787037,6,2008|2009|2010|2011|2012|2013,observation_time_proxy,historical data_available_time is unknown; observation_time is a pseudo-operational proxy
2014-09-09T00:00:00+00:00,2014-09-08,windermere,south,water_temperature,2.0,degC,month_2,2014-10-09,2014-11-07,12.001883360497185,11.985312987811998,0.01657037268518735,full_anomaly_persistence,1.0,1.0,False,True,6,2008|2009|2010|2011|2012|2013,da54cf8eca7f116e0761e9064611d2904c0f39db42323f54f8d40d2f3a3374a7,2014-08-10,2014-09-08,30,17.271267680555557,17.25469730787037,6,2008|2009|2010|2011|2012|2013,observation_time_proxy,historical data_available_time is unknown; observation_time is a pseudo-operational proxy
2014-09-09T00:00:00+00:00,2014-09-08,windermere,south,water_temperature,2.0,degC,month_3,2014-11-08,2014-12-07,9.019400498309182,9.002830125623994,0.01657037268518735,full_anomaly_persistence,1.0,1.0,False,True,6,2008|2009|2010|2011|2012|2013,2f74c88391dea6764cb335955b646ba0d9e1943110af28a981868561fd1c4a1f,2014-08-10,2014-09-08,30,17.271267680555557,17.25469730787037,6,2008|2009|2010|2011|2012|2013,observation_time_proxy,historical data_available_time is unknown; observation_time is a pseudo-operational proxy
2014-09-16T00:00:00+00:00,2014-09-15,windermere,south,water_temperature,2.0,degC,month_1,2014-09-16,2014-10-15,14.514868629629627,14.170241293981482,0.34462733564814485,full_anomaly_persistence,1.0,1.0,False,True,6,2008|2009|2010|2011|2012|2013,9565f115103af25f1f149fa424eb87236ba877f5f547ed2015e622e61db66da8,2014-08-17,2014-09-15,30,17.12508709722222,16.780459761574075,6,2008|2009|2010|2011|2012|2013,observation_time_proxy,historical data_available_time is unknown; observation_time is a pseudo-operational proxy
2014-09-16T00:00:00+00:00,2014-09-15,windermere,south,water_temperature,2.0,degC,month_2,2014-10-16,2014-11-14,11.594536467441623,11.249909131793478,0.34462733564814485,full_anomaly_persistence,1.0,1.0,False,True,6,2008|2009|2010|2011|2012|2013,038fb9336a582d42488b7fa319546de48856f335ff677272e443bcaeaaddbe5d,2014-08-17,2014-09-15,30,17.12508709722222,16.780459761574075,6,2008|2009|2010|2011|2012|2013,observation_time_proxy,historical data_available_time is unknown; observation_time is a pseudo-operational proxy
2014-09-16T00:00:00+00:00,2014-09-15,windermere,south,water_temperature,2.0,degC,month_3,2014-11-15,2014-12-14,8.653913039975842,8.309285704327698,0.34462733564814485,full_anomaly_persistence,1.0,1.0,False,True,6,2008|2009|2010|2011|2012|2013,88a498ec4fc7e1074c71ba71f45856d1d12762415f1f50a6f52b98d2d5c218dd,2014-08-17,2014-09-15,30,17.12508709722222,16.780459761574075,6,2008|2009|2010|2011|2012|2013,observation_time_proxy,historical data_available_time is unknown; observation_time is a pseudo-operational proxy
2014-09-23T00:00:00+00:00,2014-09-22,windermere,south,water_temperature,2.0,degC,month_1,2014-09-23,2014-10-22,14.522754143518519,13.56586187962963,0.9568922638888893,full_anomaly_persistence,1.0,1.0,False,True,6,2008|2009|2010|2011|2012|2013,73680c084392adf7fb2ddff67c2328ad68ec4db7a37f1127d5e0b720242f6828,2014-08-24,2014-09-22,30,17.173613777777778,16.21672151388889,6,2008|2009|2010|2011|2012|2013,observation_time_proxy,historical data_available_time is unknown; observation_time is a pseudo-operational proxy
2014-09-23T00:00:00+00:00,2014-09-22,windermere,south,water_temperature,2.0,degC,month_2,2014-10-23,2014-11-21,11.5107008602657,10.553808596376811,0.9568922638888893,full_anomaly_persistence,1.0,1.0,False,True,6,2008|2009|2010|2011|2012|2013,0c1f9a999349da3db1f15e1ddd880e63cc9a7e6aab5cc10a7f581b1fbaeb04ad,2014-08-24,2014-09-22,30,17.173613777777778,16.21672151388889,6,2008|2009|2010|2011|2012|2013,observation_time_proxy,historical data_available_time is unknown; observation_time is a pseudo-operational proxy
2014-09-23T00:00:00+00:00,2014-09-22,windermere,south,water_temperature,2.0,degC,month_3,2014-11-22,2014-12-21,8.57343236705918,7.61654010317029,0.9568922638888893,full_anomaly_persistence,1.0,1.0,False,True,6,2008|2009|2010|2011|2012|2013,a01372eb2421d13c2ba19a81a4f5c8c697c7ae892e545468c0751ed46474fa30,2014-08-24,2014-09-22,30,17.173613777777778,16.21672151388889,6,2008|2009|2010|2011|2012|2013,observation_time_proxy,historical data_available_time is unknown; observation_time is a pseudo-operational proxy
2014-09-30T00:00:00+00:00,2014-09-29,windermere,south,water_temperature,2.0,degC,month_1,2014-09-30,2014-10-29,14.513365275462963,12.910140395833333,1.6032248796296305,full_anomaly_persistence,1.0,1.0,False,True,6,2008|2009|2010|2011|2012|2013,8e7b44f379662ec553007c9ba9084dfa029eb73fd18e84bcd4b60e9ebceeb705,2014-08-31,2014-09-29,30,17.19133661111111,15.588111731481481,6,2008|2009|2010|2011|2012|2013,observation_time_proxy,historical data_available_time is unknown; observation_time is a pseudo-operational proxy
2014-09-30T00:00:00+00:00,2014-09-29,windermere,south,water_temperature,2.0,degC,month_2,2014-10-30,2014-11-28,11.49528494452496,9.892060064895329,1.6032248796296305,full_anomaly_persistence,1.0,1.0,False,True,6,2008|2009|2010|2011|2012|2013,3774cf7a34cbca0117e79bb6b3fd6000f4938466d90123dedcb07523c6427205,2014-08-31,2014-09-29,30,17.19133661111111,15.588111731481481,6,2008|2009|2010|2011|2012|2013,observation_time_proxy,historical data_available_time is unknown; observation_time is a pseudo-operational proxy
2014-09-30T00:00:00+00:00,2014-09-29,windermere,south,water_temperature,2.0,degC,month_3,2014-11-29,2014-12-28,8.557934503401771,6.954709623772142,1.6032248796296305,full_anomaly_persistence,1.0,1.0,False,True,6,2008|2009|2010|2011|2012|2013,150e338e7787e68861ba5923d45ed4f29eb0aa4b0ffe29f6fadf0b1f8f354ca1,2014-08-31,2014-09-29,30,17.19133661111111,15.588111731481481,6,2008|2009|2010|2011|2012|2013,observation_time_proxy,historical data_available_time is unknown; observation_time is a pseudo-operational proxy
2014-10-07T00:00:00+00:00,2014-10-06,windermere,south,water_temperature,2.0,degC,month_1,2014-10-07,2014-11-05,14.10416896049718,12.193930196608292,1.9102387638888878,full_anomaly_persistence,1.0,1.0,False,True,6,2008|2009|2010|2011|2012|2013,4faba352b12fafc3d6519f2a30ed30b6f4cb9db2afdfce2370ebd18b5588681d,2014-09-07,2014-10-06,30,16.882327333333333,14.972088569444445,6,2008|2009|2010|2011|2012|2013,observation_time_proxy,historical data_available_time is unknown; observation_time is a pseudo-operational proxy
2014-10-07T00:00:00+00:00,2014-10-06,windermere,south,water_temperature,2.0,degC,month_2,2014-11-06,2014-12-05,11.11300595201288,9.202767188123993,1.9102387638888878,full_anomaly_persistence,1.0,1.0,False,True,6,2008|2009|2010|2011|2012|2013,a21e7f46a15048f7da45bfd27f181296ffed11a68e38604ae946eeb22e6c3ac6,2014-09-07,2014-10-06,30,16.882327333333333,14.972088569444445,6,2008|2009|2010|2011|2012|2013,observation_time_proxy,historical data_available_time is unknown; observation_time is a pseudo-operational proxy
2014-10-07T00:00:00+00:00,2014-10-06,windermere,south,water_temperature,2.0,degC,month_3,2014-12-06,2015-01-04,8.179691876026569,6.269453112137681,1.9102387638888878,full_anomaly_persistence,1.0,1.0,False,True,5,2008|2009|2010|2011|2012,42a350c8fbb411602413bae5dbc64b77bc06be2e513562355a5343966c3301a2,2014-09-07,2014-10-06,30,16.882327333333333,14.972088569444445,6,2008|2009|2010|2011|2012|2013,observation_time_proxy,historical data_available_time is unknown; observation_time is a pseudo-operational proxy
2014-10-14T00:00:00+00:00,2014-10-13,windermere,south,water_temperature,2.0,degC,month_1,2014-10-14,2014-11-12,13.216280009802736,11.461908681099034,1.7543713287037015,full_anomaly_persistence,1.0,1.0,False,True,6,2008|2009|2010|2011|2012|2013,775b8eb310e6bb35c645014d5de9b1cf198b58f0dee7b2c4a9d69481f6a6d3e2,2014-09-14,2014-10-13,30,16.10459511111111,14.350223782407408,6,2008|2009|2010|2011|2012|2013,observation_time_proxy,historical data_available_time is unknown; observation_time is a pseudo-operational proxy
2014-10-14T00:00:00+00:00,2014-10-13,windermere,south,water_temperature,2.0,degC,month_2,2014-11-13,2014-12-12,10.259712109420288,8.505340780716587,1.7543713287037015,full_anomaly_persistence,1.0,1.0,False,True,6,2008|2009|2010|2011|2012|2013,c22444da2b295644382a9e3202d3ad9d6217dc300166a1e5aa1deae2831a60a0,2014-09-14,2014-10-13,30,16.10459511111111,14.350223782407408,6,2008|2009|2010|2011|2012|2013,observation_time_proxy,historical data_available_time is unknown; observation_time is a pseudo-operational proxy
2014-10-14T00:00:00+00:00,2014-10-13,windermere,south,water_temperature,2.0,degC,month_3,2014-12-13,2015-01-11,7.558403594174716,5.804032265471014,1.7543713287037015,full_anomaly_persistence,1.0,1.0,False,True,5,2008|2009|2010|2011|2012,639fa474021205ba8b94d674e417841f307e4235da16549396490b8748078e2a,2014-09-14,2014-10-13,30,16.10459511111111,14.350223782407408,6,2008|2009|2010|2011|2012|2013,observation_time_proxy,historical data_available_time is unknown; observation_time is a pseudo-operational proxy
2014-10-21T00:00:00+00:00,2014-10-20,windermere,south,water_temperature,2.0,degC,month_1,2014-10-21,2014-11-19,12.190581965821254,10.746122507487922,1.4444594583333323,full_anomaly_persistence,1.0,1.0,False,True,6,2008|2009|2010|2011|2012|2013,4129ffe28d333a04526a2763b3fb2df1b54b6af3853a5ff0cbfd0cef0dcf1c7b,2014-09-21,2014-10-20,30,15.188106708333333,13.74364725,6,2008|2009|2010|2011|2012|2013,observation_time_proxy,historical data_available_time is unknown; observation_time is a pseudo-operational proxy
2014-10-21T00:00:00+00:00,2014-10-20,windermere,south,water_temperature,2.0,degC,month_2,2014-11-20,2014-12-19,9.259770435114733,7.815310976781401,1.4444594583333323,full_anomaly_persistence,1.0,1.0,False,True,6,2008|2009|2010|2011|2012|2013,9a5ac9cffbdd057e49e83c09e657f960221a1eadb57ca615cc39e8f27a03b540,2014-09-21,2014-10-20,30,15.188106708333333,13.74364725,6,2008|2009|2010|2011|2012|2013,observation_time_proxy,historical data_available_time is unknown; observation_time is a pseudo-operational proxy
2014-10-21T00:00:00+00:00,2014-10-20,windermere,south,water_temperature,2.0,degC,month_3,2014-12-20,2015-01-18,6.895318830471013,5.450859372137681,1.4444594583333323,full_anomaly_persistence,1.0,1.0,False,True,5,2008|2009|2010|2011|2012,8da19a4ba208f37ed7681b15a9badb6c2232b4f95818aa1f571e55970b0ca691,2014-09-21,2014-10-20,30,15.188106708333333,13.74364725,6,2008|2009|2010|2011|2012|2013,observation_time_proxy,historical data_available_time is unknown; observation_time is a pseudo-operational proxy
2014-10-28T00:00:00+00:00,2014-10-27,windermere,south,water_temperature,2.0,degC,month_1,2014-10-28,2014-11-26,11.133689223460143,10.083331447997182,1.0503577754629614,full_anomaly_persistence,1.0,1.0,False,True,6,2008|2009|2010|2011|2012|2013,5e9becc8e2d76ca6d144aeed742b35ce5472f3fbbc88b70e7a768ff0ef749b0a,2014-09-28,2014-10-27,30,14.158204041666666,13.107846266203705,6,2008|2009|2010|2011|2012|2013,observation_time_proxy,historical data_available_time is unknown; observation_time is a pseudo-operational proxy
2014-10-28T00:00:00+00:00,2014-10-27,windermere,south,water_temperature,2.0,degC,month_2,2014-11-27,2014-12-26,8.181144176086955,7.130786400623993,1.0503577754629614,full_anomaly_persistence,1.0,1.0,False,True,6,2008|2009|2010|2011|2012|2013,1afcd22449f73652b75d430c43dd1cf080aa941afc077ac48d5751283d33ca39,2014-09-28,2014-10-27,30,14.158204041666666,13.107846266203705,6,2008|2009|2010|2011|2012|2013,observation_time_proxy,historical data_available_time is unknown; observation_time is a pseudo-operational proxy
2014-10-28T00:00:00+00:00,2014-10-27,windermere,south,water_temperature,2.0,degC,month_3,2014-12-27,2015-01-25,6.1980314442871505,5.147673668824189,1.0503577754629614,full_anomaly_persistence,1.0,1.0,False,True,5,2008|2009|2010|2011|2012,c54ef62f6ab6a7dc2c9174370cd433b29de443eeef6d66cc5333a1be1f388955,2014-09-28,2014-10-27,30,14.158204041666666,13.107846266203705,6,2008|2009|2010|2011|2012|2013,observation_time_proxy,historical data_available_time is unknown; observation_time is a pseudo-operational proxy
2014-11-04T00:00:00+00:00,2014-11-03,windermere,south,water_temperature,2.0,degC,month_1,2014-11-04,2014-12-03,10.200351732719405,9.404594740670289,0.7957569920491157,full_anomaly_persistence,1.0,1.0,False,True,6,2008|2009|2010|2011|2012|2013,dad8c30ca79b270c056500468af9ecac4e4a80c519e0bb5f2af4bcea40171789,2014-10-05,2014-11-03,30,13.19201513888889,12.396258146839774,6,2008|2009|2010|2011|2012|2013,observation_time_proxy,historical data_available_time is unknown; observation_time is a pseudo-operational proxy
2014-11-04T00:00:00+00:00,2014-11-03,windermere,south,water_temperature,2.0,degC,month_2,2014-12-04,2015-01-02,7.355113290044141,6.559356297995025,0.7957569920491157,full_anomaly_persistence,1.0,1.0,False,True,6,2008|2009|2010|2011|2012|2013,4f56187244acce37efdd073498148960f182bc105a95a94c88b6e91a5d994c31,2014-10-05,2014-11-03,30,13.19201513888889,12.396258146839774,6,2008|2009|2010|2011|2012|2013,observation_time_proxy,historical data_available_time is unknown; observation_time is a pseudo-operational proxy
2014-11-04T00:00:00+00:00,2014-11-03,windermere,south,water_temperature,2.0,degC,month_3,2015-01-03,2015-02-01,5.780718100266708,4.984961108217592,0.7957569920491157,full_anomaly_persistence,1.0,1.0,False,True,6,2008|2009|2010|2011|2012|2013,b07d9f2e9d20f773e621d70d81e89536118c2af78528fc5b2eaf1ab11da67b8d,2014-10-05,2014-11-03,30,13.19201513888889,12.396258146839774,6,2008|2009|2010|2011|2012|2013,observation_time_proxy,historical data_available_time is unknown; observation_time is a pseudo-operational proxy
2014-11-11T00:00:00+00:00,2014-11-10,windermere,south,water_temperature,2.0,degC,month_1,2014-11-11,2014-12-10,9.400951716284219,8.701738933494363,0.6992127827898553,full_anomaly_persistence,1.0,1.0,False,True,6,2008|2009|2010|2011|2012|2013,264067051fd1ac362aabbec960c26dbceef5d6fb82f9722c00e317c9c0940055,2014-10-12,2014-11-10,30,12.371757791666667,11.672545008876812,6,2008|2009|2010|2011|2012|2013,observation_time_proxy,historical data_available_time is unknown; observation_time is a pseudo-operational proxy
2014-11-11T00:00:00+00:00,2014-11-10,windermere,south,water_temperature,2.0,degC,month_2,2014-12-11,2015-01-09,6.629416610760869,5.930203827971014,0.6992127827898553,full_anomaly_persistence,1.0,1.0,False,True,5,2008|2009|2010|2011|2012,741a484d5f3efeaabab6a0e813f105f8e24f6902d50064c1dc0e131208361016,2014-10-12,2014-11-10,30,12.371757791666667,11.672545008876812,6,2008|2009|2010|2011|2012|2013,observation_time_proxy,historical data_available_time is unknown; observation_time is a pseudo-operational proxy
2014-11-11T00:00:00+00:00,2014-11-10,windermere,south,water_temperature,2.0,degC,month_3,2015-01-10,2015-02-08,5.483702411642368,4.784489628852513,0.6992127827898553,full_anomaly_persistence,1.0,1.0,False,True,6,2008|2009|2010|2011|2012|2013,6f1d789b671a101f4f0b8a407be27bc703f6f3cdb8ffec0b8914befe53493aa4,2014-10-12,2014-11-10,30,12.371757791666667,11.672545008876812,6,2008|2009|2010|2011|2012|2013,observation_time_proxy,historical data_available_time is unknown; observation_time is a pseudo-operational proxy
2014-11-18T00:00:00+00:00,2014-11-17,windermere,south,water_temperature,2.0,degC,month_1,2014-11-18,2014-12-17,8.738290138737923,8.011819945994365,0.7264701927435588,full_anomaly_persistence,1.0,1.0,False,True,6,2008|2009|2010|2011|2012|2013,543fb8db04d836330e1262aca6d8aa5ce5fe06984602a021ec2676f9fe05abc9,2014-10-19,2014-11-17,30,11.669702680555556,10.943232487811997,6,2008|2009|2010|2011|2012|2013,observation_time_proxy,historical data_available_time is unknown; observation_time is a pseudo-operational proxy
2014-11-18T00:00:00+00:00,2014-11-17,windermere,south,water_temperature,2.0,degC,month_2,2014-12-18,2015-01-16,6.26465929738124,5.538189104637681,0.7264701927435588,full_anomaly_persistence,1.0,1.0,False,True,5,2008|2009|2010|2011|2012,dbdca6bbe4a9745148bb8bf6ce635dfa1ebbadcce9665c9ada5f936a1bf07e22,2014-10-19,2014-11-17,30,11.669702680555556,10.943232487811997,6,2008|2009|2010|2011|2012|2013,observation_time_proxy,historical data_available_time is unknown; observation_time is a pseudo-operational proxy
2014-11-18T00:00:00+00:00,2014-11-17,windermere,south,water_temperature,2.0,degC,month_3,2015-01-17,2015-02-15,5.349540937750173,4.623070745006614,0.7264701927435588,full_anomaly_persistence,1.0,1.0,False,True,6,2008|2009|2010|2011|2012|2013,5eb52e24ef753e4a32b30aadf5e44c42f562dac89f2bab0b8d72a7dcdb4de7b3,2014-10-19,2014-11-17,30,11.669702680555556,10.943232487811997,6,2008|2009|2010|2011|2012|2013,observation_time_proxy,historical data_available_time is unknown; observation_time is a pseudo-operational proxy
2014-11-25T00:00:00+00:00,2014-11-24,windermere,south,water_temperature,2.0,degC,month_1,2014-11-25,2014-12-24,8.095077463274961,7.3196986809480675,0.775378782326893,full_anomaly_persistence,1.0,1.0,False,True,6,2008|2009|2010|2011|2012|2013,04a88bc44109a104286a77accc4ddc7e0b10d6bc3ff4cef51a89d6f46ff1292f,2014-10-26,2014-11-24,30,11.044518430555556,10.269139648228663,6,2008|2009|2010|2011|2012|2013,observation_time_proxy,historical data_available_time is unknown; observation_time is a pseudo-operational proxy
2014-11-25T00:00:00+00:00,2014-11-24,windermere,south,water_temperature,2.0,degC,month_2,2014-12-25,2015-01-23,6.005655838750288,5.230277056423395,0.775378782326893,full_anomaly_persistence,1.0,1.0,False,True,5,2008|2009|2010|2011|2012,ac57d897a9f95c7bebff7f19dedd4f76f5f2ac8e8343c99a6ad7c0831b783df5,2014-10-26,2014-11-24,30,11.044518430555556,10.269139648228663,6,2008|2009|2010|2011|2012|2013,observation_time_proxy,historical data_available_time is unknown; observation_time is a pseudo-operational proxy
2014-11-25T00:00:00+00:00,2014-11-24,windermere,south,water_temperature,2.0,degC,month_3,2015-01-24,2015-02-22,5.278840012650967,4.503461230324074,0.775378782326893,full_anomaly_persistence,1.0,1.0,False,True,6,2008|2009|2010|2011|2012|2013,4992e1f23c85fcac6f735e974a6f0f11e6c2f2c3e469aa2f9170545fc2c1b389,2014-10-26,2014-11-24,30,11.044518430555556,10.269139648228663,6,2008|2009|2010|2011|2012|2013,observation_time_proxy,historical data_available_time is unknown; observation_time is a pseudo-operational proxy
2014-12-02T00:00:00+00:00,2014-12-01,windermere,south,water_temperature,2.0,degC,month_1,2014-12-02,2014-12-31,7.582322608383657,6.70308138708736,0.8792412212962972,full_anomaly_persistence,1.0,1.0,False,True,6,2008|2009|2010|2011|2012|2013,521bd48b9e1cc2e734fd35a0c0d37a0189316b107fe28654e54d8026e5e64c33,2014-11-02,2014-12-01,30,10.482341972222223,9.603100750925925,6,2008|2009|2010|2011|2012|2013,observation_time_proxy,historical data_available_time is unknown; observation_time is a pseudo-operational proxy
2014-12-02T00:00:00+00:00,2014-12-01,windermere,south,water_temperature,2.0,degC,month_2,2015-01-01,2015-01-30,5.934957312736515,5.0557160914402175,0.8792412212962972,full_anomaly_persistence,1.0,1.0,False,True,6,2008|2009|2010|2011|2012|2013,e317e7cca3bd5df7eaaaeb81b92e0361ad78c650feb0efd0fb4419b3c04f3ad6,2014-11-02,2014-12-01,30,10.482341972222223,9.603100750925925,6,2008|2009|2010|2011|2012|2013,observation_time_proxy,historical data_available_time is unknown; observation_time is a pseudo-operational proxy
2014-12-02T00:00:00+00:00,2014-12-01,windermere,south,water_temperature,2.0,degC,month_3,2015-01-31,2015-03-01,5.314353740277779,4.435112518981482,0.8792412212962972,full_anomaly_persistence,1.0,1.0,False,True,6,2008|2009|2010|2011|2012|2013,88ed9a1c469f378b3b1ba0a197320ecb310a86b99b34b15779b3889676c4ed76,2014-11-02,2014-12-01,30,10.482341972222223,9.603100750925925,6,2008|2009|2010|2011|2012|2013,observation_time_proxy,historical data_available_time is unknown; observation_time is a pseudo-operational proxy
2014-12-09T00:00:00+00:00,2014-12-08,windermere,south,water_temperature,2.0,degC,month_1,2014-12-09,2015-01-07,7.086553459198872,6.059212141304347,1.0273413178945248,full_anomaly_persistence,1.0,1.0,False,True,5,2008|2009|2010|2011|2012,6805d26ab2c60dd805ba2aa1d2158e17e5133afeef22b8c0e0cef6d28143d93b,2014-11-09,2014-12-08,30,9.928496208333334,8.901154890438809,6,2008|2009|2010|2011|2012|2013,observation_time_proxy,historical data_available_time is unknown; observation_time is a pseudo-operational proxy
2014-12-09T00:00:00+00:00,2014-12-08,windermere,south,water_temperature,2.0,degC,month_2,2015-01-08,2015-02-06,5.863144507411721,4.835803189517196,1.0273413178945248,full_anomaly_persistence,1.0,1.0,False,True,6,2008|2009|2010|2011|2012|2013,3a20b41c7c8b3bd09dd4a9eb8cb4374a6ca3344bdea228a0bbd2b94da7ac734e,2014-11-09,2014-12-08,30,9.928496208333334,8.901154890438809,6,2008|2009|2010|2011|2012|2013,observation_time_proxy,historical data_available_time is unknown; observation_time is a pseudo-operational proxy
2014-12-09T00:00:00+00:00,2014-12-08,windermere,south,water_temperature,2.0,degC,month_3,2015-02-07,2015-03-08,5.48950397483897,4.462162656944445,1.0273413178945248,full_anomaly_persistence,1.0,1.0,False,True,6,2008|2009|2010|2011|2012|2013,5283346dacdd4e4b778873fe5c65b176547e64732ce8304a0f14ebb47c9ff84b,2014-11-09,2014-12-08,30,9.928496208333334,8.901154890438809,6,2008|2009|2010|2011|2012|2013,observation_time_proxy,historical data_available_time is unknown; observation_time is a pseudo-operational proxy
2014-12-16T00:00:00+00:00,2014-12-15,windermere,south,water_temperature,2.0,degC,month_1,2014-12-16,2015-01-14,6.75965713910628,5.639627506859903,1.1200296322463767,full_anomaly_persistence,1.0,1.0,False,True,5,2008|2009|2010|2011|2012,f40699d71449953487dd34d56ef3976a7d3e357965db7e73f02b06dc9d89fcb2,2014-11-16,2014-12-15,30,9.329427013888889,8.209397381642512,6,2008|2009|2010|2011|2012|2013,observation_time_proxy,historical data_available_time is unknown; observation_time is a pseudo-operational proxy
2014-12-16T00:00:00+00:00,2014-12-15,windermere,south,water_temperature,2.0,degC,month_2,2015-01-15,2015-02-13,5.791299839306562,4.671270207060185,1.1200296322463767,full_anomaly_persistence,1.0,1.0,False,True,6,2008|2009|2010|2011|2012|2013,3490aa0ccdcf5a4b9d9ceddf3c06dc3332dbfe583b710d4f22691e11af04cb65,2014-11-16,2014-12-15,30,9.329427013888889,8.209397381642512,6,2008|2009|2010|2011|2012|2013,observation_time_proxy,historical data_available_time is unknown; observation_time is a pseudo-operational proxy
2014-12-16T00:00:00+00:00,2014-12-15,windermere,south,water_temperature,2.0,degC,month_3,2015-02-14,2015-03-15,5.674441837570451,4.554412205324074,1.1200296322463767,full_anomaly_persistence,1.0,1.0,False,True,6,2008|2009|2010|2011|2012|2013,18e22bd16ba53bf7f55ae9dea28cbb0a7e0ede8783f4c0d305b9065ace2fc680,2014-11-16,2014-12-15,30,9.329427013888889,8.209397381642512,6,2008|2009|2010|2011|2012|2013,observation_time_proxy,historical data_available_time is unknown; observation_time is a pseudo-operational proxy
2014-12-23T00:00:00+00:00,2014-12-22,windermere,south,water_temperature,2.0,degC,month_1,2014-12-23,2015-01-21,6.521725256679032,5.316240654062284,1.2054846026167478,full_anomaly_persistence,1.0,1.0,False,True,5,2008|2009|2010|2011|2012,957d62944c13b32e5210afe13645e41005b266bc8cdee1745dbcab4a2c206c0a,2014-11-23,2014-12-22,30,8.722680819444445,7.517196216827697,6,2008|2009|2010|2011|2012|2013,observation_time_proxy,historical data_available_time is unknown; observation_time is a pseudo-operational proxy
2014-12-23T00:00:00+00:00,2014-12-22,windermere,south,water_temperature,2.0,degC,month_2,2015-01-22,2015-02-20,5.740211107014896,4.534726504398148,1.2054846026167478,full_anomaly_persistence,1.0,1.0,False,True,6,2008|2009|2010|2011|2012|2013,11f15f68ce3294f5db04b90904501acd3a4009007126e02024e2b8d3288fc270,2014-11-23,2014-12-22,30,8.722680819444445,7.517196216827697,6,2008|2009|2010|2011|2012|2013,observation_time_proxy,historical data_available_time is unknown; observation_time is a pseudo-operational proxy
2014-12-23T00:00:00+00:00,2014-12-22,windermere,south,water_temperature,2.0,degC,month_3,2015-02-21,2015-03-22,5.973288797755637,4.767804195138889,1.2054846026167478,full_anomaly_persistence,1.0,1.0,False,True,6,2008|2009|2010|2011|2012|2013,93bc0cf08d6310e9bdae39933a889b6cdd01690a45014b0478f762e95d1d3363,2014-11-23,2014-12-22,30,8.722680819444445,7.517196216827697,6,2008|2009|2010|2011|2012|2013,observation_time_proxy,historical data_available_time is unknown; observation_time is a pseudo-operational proxy
2014-12-30T00:00:00+00:00,2014-12-29,windermere,south,water_temperature,2.0,degC,month_1,2014-12-30,2015-01-28,6.3692259004224185,5.027404578129745,1.3418213222926738,full_anomaly_persistence,1.0,1.0,False,True,5,2008|2009|2010|2011|2012,9dd4a31243b6b3affb3d29dce37fb89d667465746c6fb7eda6fbd466a176882d,2014-11-30,2014-12-29,30,8.210018611111112,6.868197288818438,6,2008|2009|2010|2011|2012|2013,observation_time_proxy,historical data_available_time is unknown; observation_time is a pseudo-operational proxy
2014-12-30T00:00:00+00:00,2014-12-29,windermere,south,water_temperature,2.0,degC,month_2,2015-01-29,2015-02-27,5.787059402153785,4.445238079861111,1.3418213222926738,full_anomaly_persistence,1.0,1.0,False,True,6,2008|2009|2010|2011|2012|2013,1314417bc3ed67b3addb6ea273b25e6916e3ef09ace40ba8f829bd942f1a0695,2014-11-30,2014-12-29,30,8.210018611111112,6.868197288818438,6,2008|2009|2010|2011|2012|2013,observation_time_proxy,historical data_available_time is unknown; observation_time is a pseudo-operational proxy
2014-12-30T00:00:00+00:00,2014-12-29,windermere,south,water_temperature,2.0,degC,month_3,2015-02-28,2015-03-29,6.447400799376007,5.105579477083333,1.3418213222926738,full_anomaly_persistence,1.0,1.0,False,True,6,2008|2009|2010|2011|2012|2013,e5680cfc2725757fccc19a8da02b4f9670556fd8ef24a79dd02e6c67b3ed2741,2014-11-30,2014-12-29,30,8.210018611111112,6.868197288818438,6,2008|2009|2010|2011|2012|2013,observation_time_proxy,historical data_available_time is unknown; observation_time is a pseudo-operational proxy
2015-01-06T00:00:00+00:00,2015-01-05,windermere,south,water_temperature,2.0,degC,month_1,2015-01-06,2015-02-04,6.39345857318553,5.041879689087302,1.3515788840982284,full_anomaly_persistence,1.0,1.0,False,True,7,2008|2009|2010|2011|2012|2013|2014,7723185adff05ac6d8d1bf90c49f4d243be65ab33a1dc57ce8c52d8876b2ca65,2014-12-07,2015-01-05,30,7.685510319444444,6.333931435346216,6,2008|2009|2010|2011|2012|2013,observation_time_proxy,historical data_available_time is unknown; observation_time is a pseudo-operational proxy
2015-01-06T00:00:00+00:00,2015-01-05,windermere,south,water_temperature,2.0,degC,month_2,2015-02-05,2015-03-06,5.943564268225212,4.591985384126984,1.3515788840982284,full_anomaly_persistence,1.0,1.0,False,True,7,2008|2009|2010|2011|2012|2013|2014,6a8b3ca00dbe725be1fc8426f07f1fdc32df6981fec1f0fda137ac8912938e5d,2014-12-07,2015-01-05,30,7.685510319444444,6.333931435346216,6,2008|2009|2010|2011|2012|2013,observation_time_proxy,historical data_available_time is unknown; observation_time is a pseudo-operational proxy
2015-01-06T00:00:00+00:00,2015-01-05,windermere,south,water_temperature,2.0,degC,month_3,2015-03-07,2015-04-05,7.0137987997728315,5.662219915674603,1.3515788840982284,full_anomaly_persistence,1.0,1.0,False,True,7,2008|2009|2010|2011|2012|2013|2014,27b52d8a93cb1d89d5ed995c9149914ce57906585aa97887efde3087e7314778,2014-12-07,2015-01-05,30,7.685510319444444,6.333931435346216,6,2008|2009|2010|2011|2012|2013,observation_time_proxy,historical data_available_time is unknown; observation_time is a pseudo-operational proxy
2015-01-13T00:00:00+00:00,2015-01-12,windermere,south,water_temperature,2.0,degC,month_1,2015-01-13,2015-02-11,6.254093652427782,4.864836916709184,1.3892567357185985,full_anomaly_persistence,1.0,1.0,False,True,7,2008|2009|2010|2011|2012|2013|2014,b1494a9021abd28a517093fb21161feca7077c26c6291d21a900e5dd5343c1b6,2014-12-14,2015-01-12,30,7.293318875,5.904062139281401,6,2008|2009|2010|2011|2012|2013,observation_time_proxy,historical data_available_time is unknown; observation_time is a pseudo-operational proxy
2015-01-13T00:00:00+00:00,2015-01-12,windermere,south,water_temperature,2.0,degC,month_2,2015-02-12,2015-03-13,6.058926558337646,4.669669822619047,1.3892567357185985,full_anomaly_persistence,1.0,1.0,False,True,7,2008|2009|2010|2011|2012|2013|2014,cbfb595ed353a1808d1f11d7a8e84c27b1167d37abcdb8b5f1c1a7561256ba4a,2014-12-14,2015-01-12,30,7.293318875,5.904062139281401,6,2008|2009|2010|2011|2012|2013,observation_time_proxy,historical data_available_time is unknown; observation_time is a pseudo-operational proxy
2015-01-13T00:00:00+00:00,2015-01-12,windermere,south,water_temperature,2.0,degC,month_3,2015-03-14,2015-04-12,7.52585761012336,6.1366008744047615,1.3892567357185985,full_anomaly_persistence,1.0,1.0,False,True,7,2008|2009|2010|2011|2012|2013|2014,fc5f3612afef87174ba8da2a66bf1bfd469471b80d1924cac7126731fe14d336,2014-12-14,2015-01-12,30,7.293318875,5.904062139281401,6,2008|2009|2010|2011|2012|2013,observation_time_proxy,historical data_available_time is unknown; observation_time is a pseudo-operational proxy
2015-01-20T00:00:00+00:00,2015-01-19,windermere,south,water_temperature,2.0,degC,month_1,2015-01-20,2015-02-18,6.108019237553917,4.71130505734127,1.3967141802126468,full_anomaly_persistence,1.0,1.0,False,True,7,2008|2009|2010|2011|2012|2013|2014,710ad81e135c8a1f1168e045aaa29bf8666a0d909192983b8b1d22dadc84d0cf,2014-12-21,2015-01-19,30,6.966847013888889,5.570132833676242,6,2008|2009|2010|2011|2012|2013,observation_time_proxy,historical data_available_time is unknown; observation_time is a pseudo-operational proxy
2015-01-20T00:00:00+00:00,2015-01-19,windermere,south,water_temperature,2.0,degC,month_2,2015-02-19,2015-03-20,6.255333516918996,4.858619336706349,1.3967141802126468,full_anomaly_persistence,1.0,1.0,False,True,7,2008|2009|2010|2011|2012|2013|2014,149016f7233a492a2b1fab54dd7231bb7e3f8dfbc70ba458831f2ff5f15948b4,2014-12-21,2015-01-19,30,6.966847013888889,5.570132833676242,6,2008|2009|2010|2011|2012|2013,observation_time_proxy,historical data_available_time is unknown; observation_time is a pseudo-operational proxy
2015-01-20T00:00:00+00:00,2015-01-19,windermere,south,water_temperature,2.0,degC,month_3,2015-03-21,2015-04-19,8.146249797276138,6.749535617063492,1.3967141802126468,full_anomaly_persistence,1.0,1.0,False,True,7,2008|2009|2010|2011|2012|2013|2014,9c2c5f82c55184955caf6af6842d529f56ed040e42ffa15a5f65d054f64fa0c5,2014-12-21,2015-01-19,30,6.966847013888889,5.570132833676242,6,2008|2009|2010|2011|2012|2013,observation_time_proxy,historical data_available_time is unknown; observation_time is a pseudo-operational proxy
2015-01-27T00:00:00+00:00,2015-01-26,windermere,south,water_temperature,2.0,degC,month_1,2015-01-27,2015-02-25,5.8471659213502125,4.6033433,1.2438226213502128,full_anomaly_persistence,1.0,1.0,False,True,7,2008|2009|2010|2011|2012|2013|2014,2cea2996f459d3abd8d286d238c18913a2fa53253d609c792f1c1c71e491bd8d,2014-12-28,2015-01-26,30,6.526042569444445,5.282219948094232,6,2008|2009|2010|2011|2012|2013,observation_time_proxy,historical data_available_time is unknown; observation_time is a pseudo-operational proxy
2015-01-27T00:00:00+00:00,2015-01-26,windermere,south,water_temperature,2.0,degC,month_2,2015-02-26,2015-03-27,6.4012896338502125,5.1574670125,1.2438226213502128,full_anomaly_persistence,1.0,1.0,False,True,7,2008|2009|2010|2011|2012|2013|2014,551097b52180ed02f87b64f18f761e262b17c26eb8cf8bee11627cb60b36b9c4,2014-12-28,2015-01-26,30,6.526042569444445,5.282219948094232,6,2008|2009|2010|2011|2012|2013,observation_time_proxy,historical data_available_time is unknown; observation_time is a pseudo-operational proxy
2015-01-27T00:00:00+00:00,2015-01-26,windermere,south,water_temperature,2.0,degC,month_3,2015-03-28,2015-04-26,8.781373632924286,7.537551011574074,1.2438226213502128,full_anomaly_persistence,1.0,1.0,False,True,6,2008|2009|2011|2012|2013|2014,ef19d7c884bb7732d04b0f3ca7e99fc1a0deab2a0348204db9b152e678b863ca,2014-12-28,2015-01-26,30,6.526042569444445,5.282219948094232,6,2008|2009|2010|2011|2012|2013,observation_time_proxy,historical data_available_time is unknown; observation_time is a pseudo-operational proxy
2015-02-03T00:00:00+00:00,2015-02-02,windermere,south,water_temperature,2.0,degC,month_1,2015-02-03,2015-03-04,5.57268281529195,4.582935807738095,0.9897470075538548,full_anomaly_persistence,1.0,1.0,False,True,7,2008|2009|2010|2011|2012|2013|2014,a04459b7a62d905b04aa07efc60a65845fcd46f319e6e814a162623982c3dcf8,2015-01-04,2015-02-02,30,6.094049597222222,5.104302589668367,7,2008|2009|2010|2011|2012|2013|2014,observation_time_proxy,historical data_available_time is unknown; observation_time is a pseudo-operational proxy
2015-02-03T00:00:00+00:00,2015-02-02,windermere,south,water_temperature,2.0,degC,month_2,2015-03-05,2015-04-03,6.547038588704648,5.5572915811507935,0.9897470075538548,full_anomaly_persistence,1.0,1.0,False,True,7,2008|2009|2010|2011|2012|2013|2014,7ae609b60c05da15c95a283a73871b09e07c19ac2ec8c5e9501f5f76861ced29,2015-01-04,2015-02-02,30,6.094049597222222,5.104302589668367,7,2008|2009|2010|2011|2012|2013|2014,observation_time_proxy,historical data_available_time is unknown; observation_time is a pseudo-operational proxy
2015-02-03T00:00:00+00:00,2015-02-02,windermere,south,water_temperature,2.0,degC,month_3,2015-04-04,2015-05-03,9.269621959174227,8.279874951620371,0.9897470075538548,full_anomaly_persistence,1.0,1.0,False,True,6,2008|2009|2011|2012|2013|2014,aa807ca203d3776ab7e22a7b0b83f4d00e2a3e1e5ed974c0643c2fd32833b2b5,2015-01-04,2015-02-02,30,6.094049597222222,5.104302589668367,7,2008|2009|2010|2011|2012|2013|2014,observation_time_proxy,historical data_available_time is unknown; observation_time is a pseudo-operational proxy
2015-02-10T00:00:00+00:00,2015-02-09,windermere,south,water_temperature,2.0,degC,month_1,2015-02-10,2015-03-11,5.368273289611678,4.638632569642857,0.7296407199688213,full_anomaly_persistence,1.0,1.0,False,True,7,2008|2009|2010|2011|2012|2013|2014,13dcf470d54e699db34bcd03d2d3e68a9958fa1498a9a34bf505ba8612c8e4eb,2015-01-11,2015-02-09,30,5.640677472222222,4.911036752253401,7,2008|2009|2010|2011|2012|2013|2014,observation_time_proxy,historical data_available_time is unknown; observation_time is a pseudo-operational proxy
2015-02-10T00:00:00+00:00,2015-02-09,windermere,south,water_temperature,2.0,degC,month_2,2015-03-12,2015-04-10,6.698206816794218,5.968566096825397,0.7296407199688213,full_anomaly_persistence,1.0,1.0,False,True,7,2008|2009|2010|2011|2012|2013|2014,dac062e2fbcac209c0305a76337a0b30e998351ed893f38ad1753a93082643db,2015-01-11,2015-02-09,30,5.640677472222222,4.911036752253401,7,2008|2009|2010|2011|2012|2013|2014,observation_time_proxy,historical data_available_time is unknown; observation_time is a pseudo-operational proxy
2015-02-10T00:00:00+00:00,2015-02-09,windermere,south,water_temperature,2.0,degC,month_3,2015-04-11,2015-05-10,9.909983097978081,9.180342378009259,0.7296407199688213,full_anomaly_persistence,1.0,1.0,False,True,6,2008|2009|2011|2012|2013|2014,1923e11ba5615789ca74e9fc61e8a2fd2e8c7db8891d5d1e9ea7f8698601a573,2015-01-11,2015-02-09,30,5.640677472222222,4.911036752253401,7,2008|2009|2010|2011|2012|2013|2014,observation_time_proxy,historical data_available_time is unknown; observation_time is a pseudo-operational proxy
2015-02-17T00:00:00+00:00,2015-02-16,windermere,south,water_temperature,2.0,degC,month_1,2015-02-17,2015-03-18,5.274573221941709,4.7906717202380955,0.48390150170361323,full_anomaly_persistence,1.0,1.0,False,True,7,2008|2009|2010|2011|2012|2013|2014,14b7833ddd0026feabdc607ccb1daebeb55793366533dffd3493703c38b9d12a,2015-01-18,2015-02-16,30,5.2338318472222225,4.749930345518609,7,2008|2009|2010|2011|2012|2013|2014,observation_time_proxy,historical data_available_time is unknown; observation_time is a pseudo-operational proxy
2015-02-17T00:00:00+00:00,2015-02-16,windermere,south,water_temperature,2.0,degC,month_2,2015-03-19,2015-04-17,7.044512685632185,6.560611183928572,0.48390150170361323,full_anomaly_persistence,1.0,1.0,False,True,7,2008|2009|2010|2011|2012|2013|2014,b540cbda4eb79189f54c493523b0dfb07d187b2ae87e636df1e24c3bb3dabda3,2015-01-18,2015-02-16,30,5.2338318472222225,4.749930345518609,7,2008|2009|2010|2011|2012|2013|2014,observation_time_proxy,historical data_available_time is unknown; observation_time is a pseudo-operational proxy
2015-02-17T00:00:00+00:00,2015-02-16,windermere,south,water_temperature,2.0,degC,month_3,2015-04-18,2015-05-17,10.540431562814724,10.056530061111111,0.48390150170361323,full_anomaly_persistence,1.0,1.0,False,True,6,2008|2009|2011|2012|2013|2014,067c6ad46937c2526cb15c3451e7d3e0d68e2bc2cd1a34e725ec57bf021832c7,2015-01-18,2015-02-16,30,5.2338318472222225,4.749930345518609,7,2008|2009|2010|2011|2012|2013|2014,observation_time_proxy,historical data_available_time is unknown; observation_time is a pseudo-operational proxy
2015-02-24T00:00:00+00:00,2015-02-23,windermere,south,water_temperature,2.0,degC,month_1,2015-02-24,2015-03-25,5.404126074206349,5.062003312103175,0.34212276210317416,full_anomaly_persistence,1.0,1.0,False,True,7,2008|2009|2010|2011|2012|2013|2014,79facc0fd5c6c65146ca287c42962fedc0ecde9e3cb6c468058c765cd0e75aa8,2015-01-25,2015-02-23,30,4.969286458333333,4.627163696230159,7,2008|2009|2010|2011|2012|2013|2014,observation_time_proxy,historical data_available_time is unknown; observation_time is a pseudo-operational proxy
2015-02-24T00:00:00+00:00,2015-02-23,windermere,south,water_temperature,2.0,degC,month_2,2015-03-26,2015-04-24,7.6743131125661375,7.332190350462963,0.34212276210317416,full_anomaly_persistence,1.0,1.0,False,True,6,2008|2009|2011|2012|2013|2014,3090d1390d91b334d2a8f218cb190406e7e7d229984156a07b139add1a8ebf10,2015-01-25,2015-02-23,30,4.969286458333333,4.627163696230159,7,2008|2009|2010|2011|2012|2013|2014,observation_time_proxy,historical data_available_time is unknown; observation_time is a pseudo-operational proxy
2015-02-24T00:00:00+00:00,2015-02-23,windermere,south,water_temperature,2.0,degC,month_3,2015-04-25,2015-05-24,11.257592398214285,10.91546963611111,0.34212276210317416,full_anomaly_persistence,1.0,1.0,False,True,6,2008|2009|2011|2012|2013|2014,8efd4bf56f63fc43cc6247b4dadf87bab810f6f8c6b80590c0b479d27940a0c5,2015-01-25,2015-02-23,30,4.969286458333333,4.627163696230159,7,2008|2009|2010|2011|2012|2013|2014,observation_time_proxy,historical data_available_time is unknown; observation_time is a pseudo-operational proxy
2015-03-03T00:00:00+00:00,2015-03-02,windermere,south,water_temperature,2.0,degC,month_1,2015-03-03,2015-04-01,5.664620512301586,5.441656266269841,0.22296424603174536,full_anomaly_persistence,1.0,1.0,False,True,7,2008|2009|2010|2011|2012|2013|2014,4b835b01cdddc01603a9eed11eafb7fcd640e2a848f54a301335562289af41c5,2015-02-01,2015-03-02,30,4.799126305555555,4.57616205952381,7,2008|2009|2010|2011|2012|2013|2014,observation_time_proxy,historical data_available_time is unknown; observation_time is a pseudo-operational proxy
2015-03-03T00:00:00+00:00,2015-03-02,windermere,south,water_temperature,2.0,degC,month_2,2015-04-02,2015-05-01,8.28425779209656,8.061293546064814,0.22296424603174536,full_anomaly_persistence,1.0,1.0,False,True,6,2008|2009|2011|2012|2013|2014,86c829c6f0ece5647bc75d3ffa2fb41b89752719efc638620ca44a5606e109a1,2015-02-01,2015-03-02,30,4.799126305555555,4.57616205952381,7,2008|2009|2010|2011|2012|2013|2014,observation_time_proxy,historical data_available_time is unknown; observation_time is a pseudo-operational proxy
2015-03-03T00:00:00+00:00,2015-03-02,windermere,south,water_temperature,2.0,degC,month_3,2015-05-02,2015-05-31,12.12205270813492,11.899088462103174,0.22296424603174536,full_anomaly_persistence,1.0,1.0,False,True,7,2008|2009|2010|2011|2012|2013|2014,e9bf1c8e49a3326e5a4699209d656818468b8b4ed6856ac2624e053ea90effc4,2015-02-01,2015-03-02,30,4.799126305555555,4.57616205952381,7,2008|2009|2010|2011|2012|2013|2014,observation_time_proxy,historical data_available_time is unknown; observation_time is a pseudo-operational proxy
2015-03-10T00:00:00+00:00,2015-03-09,windermere,south,water_temperature,2.0,degC,month_1,2015-03-10,2015-04-08,6.010090200198413,5.834254703769841,0.1758354964285722,full_anomaly_persistence,1.0,1.0,False,True,7,2008|2009|2010|2011|2012|2013|2014,ed545e1f17c3bb3ae85ae083d356d78f91d196d7c80871faaa14bea034428b33,2015-02-08,2015-03-09,30,4.790186902777778,4.614351406349206,7,2008|2009|2010|2011|2012|2013|2014,observation_time_proxy,historical data_available_time is unknown; observation_time is a pseudo-operational proxy
2015-03-10T00:00:00+00:00,2015-03-09,windermere,south,water_temperature,2.0,degC,month_2,2015-04-09,2015-05-08,9.103738777215609,8.927903280787037,0.1758354964285722,full_anomaly_persistence,1.0,1.0,False,True,6,2008|2009|2011|2012|2013|2014,eb72e0651a99a96513439ed1a68dbfce549476902819ba09e85f50cee0f94c1a,2015-02-08,2015-03-09,30,4.790186902777778,4.614351406349206,7,2008|2009|2010|2011|2012|2013|2014,observation_time_proxy,historical data_available_time is unknown; observation_time is a pseudo-operational proxy
2015-03-10T00:00:00+00:00,2015-03-09,windermere,south,water_temperature,2.0,degC,month_3,2015-05-09,2015-06-07,13.206524010385879,13.030688513957307,0.1758354964285722,full_anomaly_persistence,1.0,1.0,False,True,7,2008|2009|2010|2011|2012|2013|2014,e2f035161928bfedd3003f01a42d72bbea13de6ad6ee147fd815b77a572908cf,2015-02-08,2015-03-09,30,4.790186902777778,4.614351406349206,7,2008|2009|2010|2011|2012|2013|2014,observation_time_proxy,historical data_available_time is unknown; observation_time is a pseudo-operational proxy
2015-03-17T00:00:00+00:00,2015-03-16,windermere,south,water_temperature,2.0,degC,month_1,2015-03-17,2015-04-15,6.531680267063491,6.385740240277777,0.1459400267857136,full_anomaly_persistence,1.0,1.0,False,True,7,2008|2009|2010|2011|2012|2013|2014,f2843b1b188a3adbe37fd6400a8ea49ff426215db368c5047cfc414a42734590,2015-02-15,2015-03-16,30,4.881917708333333,4.735977681547619,7,2008|2009|2010|2011|2012|2013|2014,observation_time_proxy,historical data_available_time is unknown; observation_time is a pseudo-operational proxy
2015-03-17T00:00:00+00:00,2015-03-16,windermere,south,water_temperature,2.0,degC,month_2,2015-04-16,2015-05-15,9.949083378637564,9.803143351851851,0.1459400267857136,full_anomaly_persistence,1.0,1.0,False,True,6,2008|2009|2011|2012|2013|2014,dcd8369188d570db9b63a4a37e92821aa70211925dbb092be886b703e2409888,2015-02-15,2015-03-16,30,4.881917708333333,4.735977681547619,7,2008|2009|2010|2011|2012|2013|2014,observation_time_proxy,historical data_available_time is unknown; observation_time is a pseudo-operational proxy
2015-03-17T00:00:00+00:00,2015-03-16,windermere,south,water_temperature,2.0,degC,month_3,2015-05-16,2015-06-14,14.30123435266831,14.155294325882595,0.1459400267857136,full_anomaly_persistence,1.0,1.0,False,True,7,2008|2009|2010|2011|2012|2013|2014,3c249fa79a69ffcdab960f8984ad29fb9ca53379f1fa77b43c018c3e1db75608,2015-02-15,2015-03-16,30,4.881917708333333,4.735977681547619,7,2008|2009|2010|2011|2012|2013|2014,observation_time_proxy,historical data_available_time is unknown; observation_time is a pseudo-operational proxy
2015-03-24T00:00:00+00:00,2015-03-23,windermere,south,water_temperature,2.0,degC,month_1,2015-03-24,2015-04-22,7.140412145998248,7.039119782506184,0.10129236349206394,full_anomaly_persistence,1.0,1.0,False,True,7,2008|2009|2010|2011|2012|2013|2014,f0c7c32016556bd026a66f94708e9300491ba04a01cdab446452dbc6f402cdd5,2015-02-22,2015-03-23,30,5.0734785972222225,4.9721862337301586,7,2008|2009|2010|2011|2012|2013|2014,observation_time_proxy,historical data_available_time is unknown; observation_time is a pseudo-operational proxy
2015-03-24T00:00:00+00:00,2015-03-23,windermere,south,water_temperature,2.0,degC,month_2,2015-04-23,2015-05-22,10.770136080390213,10.668843716898149,0.10129236349206394,full_anomaly_persistence,1.0,1.0,False,True,6,2008|2009|2011|2012|2013|2014,e3b8e7987a34075a2e48c57839bc760c71ee1a9406cc01e42ccdbc0209b81259,2015-02-22,2015-03-23,30,5.0734785972222225,4.9721862337301586,7,2008|2009|2010|2011|2012|2013|2014,observation_time_proxy,historical data_available_time is unknown; observation_time is a pseudo-operational proxy
2015-03-24T00:00:00+00:00,2015-03-23,windermere,south,water_temperature,2.0,degC,month_3,2015-05-23,2015-06-21,15.234689945888068,15.133397582396004,0.10129236349206394,full_anomaly_persistence,1.0,1.0,False,True,7,2008|2009|2010|2011|2012|2013|2014,c30bc3d796e60c51566fe93ec0cb0b847efc0636ac29720935621cd8a6770457,2015-02-22,2015-03-23,30,5.0734785972222225,4.9721862337301586,7,2008|2009|2010|2011|2012|2013|2014,observation_time_proxy,historical data_available_time is unknown; observation_time is a pseudo-operational proxy
2015-03-31T00:00:00+00:00,2015-03-30,windermere,south,water_temperature,2.0,degC,month_1,2015-03-31,2015-04-29,7.819239589451057,7.845602078935185,-0.02636248948412767,full_anomaly_persistence,1.0,1.0,False,True,6,2008|2009|2011|2012|2013|2014,f004f9b20e335db2b18532562c3386c153e779a3e95d2bc0a41193b7879a4910,2015-03-01,2015-03-30,30,5.313640388888889,5.340002878373016,7,2008|2009|2010|2011|2012|2013|2014,observation_time_proxy,historical data_available_time is unknown; observation_time is a pseudo-operational proxy
2015-03-31T00:00:00+00:00,2015-03-30,windermere,south,water_temperature,2.0,degC,month_2,2015-04-30,2015-05-29,11.59824562045019,11.624608109934318,-0.02636248948412767,full_anomaly_persistence,1.0,1.0,False,True,7,2008|2009|2010|2011|2012|2013|2014,5943fa0d58e989981a94785d0c9274dbacc80dd94f81a5d21d6ac568f50344bf,2015-03-01,2015-03-30,30,5.313640388888889,5.340002878373016,7,2008|2009|2010|2011|2012|2013|2014,observation_time_proxy,historical data_available_time is unknown; observation_time is a pseudo-operational proxy
2015-03-31T00:00:00+00:00,2015-03-30,windermere,south,water_temperature,2.0,degC,month_3,2015-05-30,2015-06-28,15.835948940181993,15.86231142966612,-0.02636248948412767,full_anomaly_persistence,1.0,1.0,False,True,7,2008|2009|2010|2011|2012|2013|2014,7c492e3532815edcc590fbf9fcb1a3735c8d4348f68a7747d54d8dd064c37335,2015-03-01,2015-03-30,30,5.313640388888889,5.340002878373016,7,2008|2009|2010|2011|2012|2013|2014,observation_time_proxy,historical data_available_time is unknown; observation_time is a pseudo-operational proxy
2015-04-07T00:00:00+00:00,2015-04-06,windermere,south,water_temperature,2.0,degC,month_1,2015-04-07,2015-05-06,8.589247438657408,8.656635921990741,-0.06738848333333358,full_anomaly_persistence,1.0,1.0,False,True,6,2008|2009|2011|2012|2013|2014,57770770aea353237da1e1e6201ce77dc018fd4e4fbd1dba85f3cfaceb23aee0,2015-03-08,2015-04-06,30,5.648471958333333,5.715860441666667,7,2008|2009|2010|2011|2012|2013|2014,observation_time_proxy,historical data_available_time is unknown; observation_time is a pseudo-operational proxy
2015-04-07T00:00:00+00:00,2015-04-06,windermere,south,water_temperature,2.0,degC,month_2,2015-05-07,2015-06-05,12.629544726594144,12.696933209927478,-0.06738848333333358,full_anomaly_persistence,1.0,1.0,False,True,7,2008|2009|2010|2011|2012|2013|2014,8df9eee750f8be8834ea61d8989e176a5ac3b0e62fd6baa91b3500d52797c3c5,2015-03-08,2015-04-06,30,5.648471958333333,5.715860441666667,7,2008|2009|2010|2011|2012|2013|2014,observation_time_proxy,historical data_available_time is unknown; observation_time is a pseudo-operational proxy
2015-04-07T00:00:00+00:00,2015-04-06,windermere,south,water_temperature,2.0,degC,month_3,2015-06-06,2015-07-05,16.390815121825398,16.45820360515873,-0.06738848333333358,full_anomaly_persistence,1.0,1.0,False,True,7,2008|2009|2010|2011|2012|2013|2014,9809dfaed4ab57d23ba6541e6ded24e07642f7e41e2283246bdccf584d92eb2e,2015-03-08,2015-04-06,30,5.648471958333333,5.715860441666667,7,2008|2009|2010|2011|2012|2013|2014,observation_time_proxy,historical data_available_time is unknown; observation_time is a pseudo-operational proxy
2015-04-14T00:00:00+00:00,2015-04-13,windermere,south,water_temperature,2.0,degC,month_1,2015-04-14,2015-05-13,9.635039301289682,9.549736784027777,0.08530251726190485,full_anomaly_persistence,1.0,1.0,False,True,6,2008|2009|2011|2012|2013|2014,369a6b33b69e8d783dfa5c6742c48c84b33441d299dc34b491ccaf7bea6f4701,2015-03-15,2015-04-13,30,6.301119708333333,6.215817191071428,7,2008|2009|2010|2011|2012|2013|2014,observation_time_proxy,historical data_available_time is unknown; observation_time is a pseudo-operational proxy
2015-04-14T00:00:00+00:00,2015-04-13,windermere,south,water_temperature,2.0,degC,month_2,2015-05-14,2015-06-12,13.938689547420635,13.85338703015873,0.08530251726190485,full_anomaly_persistence,1.0,1.0,False,True,7,2008|2009|2010|2011|2012|2013|2014,778564e7a5facf1ff2dba6c0ae17851e9fd8d61e7a438295086545a919ec32f1,2015-03-15,2015-04-13,30,6.301119708333333,6.215817191071428,7,2008|2009|2010|2011|2012|2013|2014,observation_time_proxy,historical data_available_time is unknown; observation_time is a pseudo-operational proxy
2015-04-14T00:00:00+00:00,2015-04-13,windermere,south,water_temperature,2.0,degC,month_3,2015-06-13,2015-07-12,17.071791913012895,16.98648939575099,0.08530251726190485,full_anomaly_persistence,1.0,1.0,False,True,7,2008|2009|2010|2011|2012|2013|2014,3f42cd6b083571fa53bd723e49f0751f9612a0e7392980221066c24b97d9a2a3,2015-03-15,2015-04-13,30,6.301119708333333,6.215817191071428,7,2008|2009|2010|2011|2012|2013|2014,observation_time_proxy,historical data_available_time is unknown; observation_time is a pseudo-operational proxy
2015-04-21T00:00:00+00:00,2015-04-20,windermere,south,water_temperature,2.0,degC,month_1,2015-04-21,2015-05-20,10.528390627134439,10.413740564814814,0.11465006231962516,full_anomaly_persistence,1.0,1.0,False,True,6,2008|2009|2011|2012|2013|2014,f10523067b6a2201de1254e5b4d5192bfba8639c1a23254112e2c78260f5157d,2015-03-22,2015-04-20,30,6.966369611111111,6.851719548791486,7,2008|2009|2010|2011|2012|2013|2014,observation_time_proxy,historical data_available_time is unknown; observation_time is a pseudo-operational proxy
2015-04-21T00:00:00+00:00,2015-04-20,windermere,south,water_temperature,2.0,degC,month_2,2015-05-21,2015-06-19,14.988056659309226,14.8734065969896,0.11465006231962516,full_anomaly_persistence,1.0,1.0,False,True,7,2008|2009|2010|2011|2012|2013|2014,011999addccc69167fd585558f817df94fb5ee47b1036a849f0a4da6ddcef6da,2015-03-22,2015-04-20,30,6.966369611111111,6.851719548791486,7,2008|2009|2010|2011|2012|2013|2014,observation_time_proxy,historical data_available_time is unknown; observation_time is a pseudo-operational proxy
2015-04-21T00:00:00+00:00,2015-04-20,windermere,south,water_temperature,2.0,degC,month_3,2015-06-20,2015-07-19,17.632101444181725,17.5174513818621,0.11465006231962516,full_anomaly_persistence,1.0,1.0,False,True,7,2008|2009|2010|2011|2012|2013|2014,07a2db4223d1bd223f0514cd9ba25042770c257b3ae74140fd99fce0defcc1e2,2015-03-22,2015-04-20,30,6.966369611111111,6.851719548791486,7,2008|2009|2010|2011|2012|2013|2014,observation_time_proxy,historical data_available_time is unknown; observation_time is a pseudo-operational proxy
2015-04-28T00:00:00+00:00,2015-04-27,windermere,south,water_temperature,2.0,degC,month_1,2015-04-28,2015-05-27,11.662623072453705,11.377970264351852,0.28465280810185245,full_anomaly_persistence,1.0,1.0,False,True,7,2008|2009|2010|2011|2012|2013|2014,c25ef0f99bfc30ed8cf06487ac68f29ab414ecc3009ad8e1455e89e950a5234a,2015-03-29,2015-04-27,30,7.922770305555556,7.638117497453703,6,2008|2009|2011|2012|2013|2014,observation_time_proxy,historical data_available_time is unknown; observation_time is a pseudo-operational proxy
2015-04-28T00:00:00+00:00,2015-04-27,windermere,south,water_temperature,2.0,degC,month_2,2015-05-28,2015-06-26,15.922722799426428,15.638069991324576,0.28465280810185245,full_anomaly_persistence,1.0,1.0,False,True,7,2008|2009|2010|2011|2012|2013|2014,3fabee7cb4c926cb78ef21595d82d288ae6e1e4f360ed1d21f41b1b865950ec3,2015-03-29,2015-04-27,30,7.922770305555556,7.638117497453703,6,2008|2009|2011|2012|2013|2014,observation_time_proxy,historical data_available_time is unknown; observation_time is a pseudo-operational proxy
2015-04-28T00:00:00+00:00,2015-04-27,windermere,south,water_temperature,2.0,degC,month_3,2015-06-27,2015-07-26,18.283358307027445,17.99870549892559,0.28465280810185245,full_anomaly_persistence,1.0,1.0,False,True,7,2008|2009|2010|2011|2012|2013|2014,5a904c8df4bd803176d10675a77aaabaf0ec5c4cf00fa2f12c33228f937b5242,2015-03-29,2015-04-27,30,7.922770305555556,7.638117497453703,6,2008|2009|2011|2012|2013|2014,observation_time_proxy,historical data_available_time is unknown; observation_time is a pseudo-operational proxy
2015-05-05T00:00:00+00:00,2015-05-04,windermere,south,water_temperature,2.0,degC,month_1,2015-05-05,2015-06-03,12.572277935715425,12.352510663724685,0.2197672719907402,full_anomaly_persistence,1.0,1.0,False,True,7,2008|2009|2010|2011|2012|2013|2014,91e978045247dafafecd7a646dc2b0f31d5fc118caaeb18404c3236cbe957e67,2015-04-05,2015-05-04,30,8.620538277777777,8.400771005787037,6,2008|2009|2011|2012|2013|2014,observation_time_proxy,historical data_available_time is unknown; observation_time is a pseudo-operational proxy
2015-05-05T00:00:00+00:00,2015-05-04,windermere,south,water_temperature,2.0,degC,month_2,2015-06-04,2015-07-03,16.556140668816138,16.336373396825397,0.2197672719907402,full_anomaly_persistence,1.0,1.0,False,True,7,2008|2009|2010|2011|2012|2013|2014,2151fa93a3b31b264a62f1be24dde034e3f9c3b2192e85632b12ea1fd9601099,2015-04-05,2015-05-04,30,8.620538277777777,8.400771005787037,6,2008|2009|2011|2012|2013|2014,observation_time_proxy,historical data_available_time is unknown; observation_time is a pseudo-operational proxy
2015-05-05T00:00:00+00:00,2015-05-04,windermere,south,water_temperature,2.0,degC,month_3,2015-07-04,2015-08-02,18.593631082424267,18.373863810433527,0.2197672719907402,full_anomaly_persistence,1.0,1.0,False,True,7,2008|2009|2010|2011|2012|2013|2014,aaa86d38bf6a17293310a7277089cb249372ac12e730fe21e778979ae71b75c9,2015-04-05,2015-05-04,30,8.620538277777777,8.400771005787037,6,2008|2009|2011|2012|2013|2014,observation_time_proxy,historical data_available_time is unknown; observation_time is a pseudo-operational proxy
2015-05-12T00:00:00+00:00,2015-05-11,windermere,south,water_temperature,2.0,degC,month_1,2015-05-12,2015-06-10,13.253405020715883,13.5383159829844,-0.2849109622685173,full_anomaly_persistence,1.0,1.0,False,True,7,2008|2009|2010|2011|2012|2013|2014,dbf877fc48872a7ef513f19d53d183a87ec4b3b8500bf557d28fa0e6b8b79c80,2015-04-12,2015-05-11,30,9.017860208333333,9.30277117060185,6,2008|2009|2011|2012|2013|2014,observation_time_proxy,historical data_available_time is unknown; observation_time is a pseudo-operational proxy
2015-05-12T00:00:00+00:00,2015-05-11,windermere,south,water_temperature,2.0,degC,month_2,2015-06-11,2015-07-10,16.52508336692403,16.809994329192545,-0.2849109622685173,full_anomaly_persistence,1.0,1.0,False,True,7,2008|2009|2010|2011|2012|2013|2014,18b34ea45d9843b6a3cd4fab37dfac1fcc6560e4a19c027a1527b49fa5ec65e3,2015-04-12,2015-05-11,30,9.017860208333333,9.30277117060185,6,2008|2009|2011|2012|2013|2014,observation_time_proxy,historical data_available_time is unknown; observation_time is a pseudo-operational proxy
2015-05-12T00:00:00+00:00,2015-05-11,windermere,south,water_temperature,2.0,degC,month_3,2015-07-11,2015-08-09,18.24840673665954,18.533317698928055,-0.2849109622685173,full_anomaly_persistence,1.0,1.0,False,True,7,2008|2009|2010|2011|2012|2013|2014,bb5ff42a79bda56c7a90b216b716a8bf1efc08317926347e47b557adbb1086e3,2015-04-12,2015-05-11,30,9.017860208333333,9.30277117060185,6,2008|2009|2011|2012|2013|2014,observation_time_proxy,historical data_available_time is unknown; observation_time is a pseudo-operational proxy
2015-05-19T00:00:00+00:00,2015-05-18,windermere,south,water_temperature,2.0,degC,month_1,2015-05-19,2015-06-17,13.959829638676794,14.594906674787904,-0.6350770361111095,full_anomaly_persistence,1.0,1.0,False,True,7,2008|2009|2010|2011|2012|2013|2014,40f6ec973b58773a4b435dc0db7d7e26a7dded325d3a44ceb80397b1bfb1c082,2015-04-19,2015-05-18,30,9.542275180555556,10.177352216666666,6,2008|2009|2011|2012|2013|2014,observation_time_proxy,historical data_available_time is unknown; observation_time is a pseudo-operational proxy
2015-05-19T00:00:00+00:00,2015-05-18,windermere,south,water_temperature,2.0,degC,month_2,2015-06-18,2015-07-17,16.754792560036705,17.389869596147815,-0.6350770361111095,full_anomaly_persistence,1.0,1.0,False,True,7,2008|2009|2010|2011|2012|2013|2014,b7be6659cc3ddd65912df41dae7a4235065e36f38fa5ed67387fae06b9198e26,2015-04-19,2015-05-18,30,9.542275180555556,10.177352216666666,6,2008|2009|2011|2012|2013|2014,observation_time_proxy,historical data_available_time is unknown; observation_time is a pseudo-operational proxy
2015-05-19T00:00:00+00:00,2015-05-18,windermere,south,water_temperature,2.0,degC,month_3,2015-07-18,2015-08-16,17.80561066570295,18.44068770181406,-0.6350770361111095,full_anomaly_persistence,1.0,1.0,False,True,7,2008|2009|2010|2011|2012|2013|2014,b0a417679a3831cb1622ba88c600455ddf8c0b788cdd16a0e098c1f4ba8499a1,2015-04-19,2015-05-18,30,9.542275180555556,10.177352216666666,6,2008|2009|2011|2012|2013|2014,observation_time_proxy,historical data_available_time is unknown; observation_time is a pseudo-operational proxy
2015-05-26T00:00:00+00:00,2015-05-25,windermere,south,water_temperature,2.0,degC,month_1,2015-05-26,2015-06-24,14.337837625531382,15.440282219512863,-1.102444593981481,full_anomaly_persistence,1.0,1.0,False,True,7,2008|2009|2010|2011|2012|2013|2014,766354d7118afa3ce9c1a7ad73ee711e7de1f0e6dde2ac075f19dad1350c65e9,2015-04-26,2015-05-25,30,9.943018958333333,11.045463552314814,6,2008|2009|2011|2012|2013|2014,observation_time_proxy,historical data_available_time is unknown; observation_time is a pseudo-operational proxy
2015-05-26T00:00:00+00:00,2015-05-25,windermere,south,water_temperature,2.0,degC,month_2,2015-06-25,2015-07-24,16.739543795817127,17.84198838979861,-1.102444593981481,full_anomaly_persistence,1.0,1.0,False,True,7,2008|2009|2010|2011|2012|2013|2014,e950e12ae6751e379a2d0bebf34087cbbf469a464ac8c64bf996adf4da815818,2015-04-26,2015-05-25,30,9.943018958333333,11.045463552314814,6,2008|2009|2011|2012|2013|2014,observation_time_proxy,historical data_available_time is unknown; observation_time is a pseudo-operational proxy
2015-05-26T00:00:00+00:00,2015-05-25,windermere,south,water_temperature,2.0,degC,month_3,2015-07-25,2015-08-23,17.113559669340514,18.216004263321995,-1.102444593981481,full_anomaly_persistence,1.0,1.0,False,True,7,2008|2009|2010|2011|2012|2013|2014,a0326fed678c6be7155505ee9e2a5be41f466db6c9b7098c4dda6a9216232c91,2015-04-26,2015-05-25,30,9.943018958333333,11.045463552314814,6,2008|2009|2011|2012|2013|2014,observation_time_proxy,historical data_available_time is unknown; observation_time is a pseudo-operational proxy
2015-06-02T00:00:00+00:00,2015-06-01,windermere,south,water_temperature,2.0,degC,month_1,2015-06-02,2015-07-01,14.793447848282705,16.170366847222223,-1.3769189989395176,full_anomaly_persistence,1.0,1.0,False,True,7,2008|2009|2010|2011|2012|2013|2014,63ff404198261b46614a86ea5343e14a240d424dc920177b7fc6ca5d9e971e8b,2015-05-03,2015-06-01,30,10.652338791666667,12.029257790606184,7,2008|2009|2010|2011|2012|2013|2014,observation_time_proxy,historical data_available_time is unknown; observation_time is a pseudo-operational proxy
2015-06-02T00:00:00+00:00,2015-06-01,windermere,south,water_temperature,2.0,degC,month_2,2015-07-02,2015-07-31,16.926791930541626,18.303710929481145,-1.3769189989395176,full_anomaly_persistence,1.0,1.0,False,True,7,2008|2009|2010|2011|2012|2013|2014,f81b38a47321470b52c066608091e5e8353f0f15b0f308ca7caa080b8d7bef4a,2015-05-03,2015-06-01,30,10.652338791666667,12.029257790606184,7,2008|2009|2010|2011|2012|2013|2014,observation_time_proxy,historical data_available_time is unknown; observation_time is a pseudo-operational proxy
2015-06-02T00:00:00+00:00,2015-06-01,windermere,south,water_temperature,2.0,degC,month_3,2015-08-01,2015-08-30,16.40632384771581,17.78324284665533,-1.3769189989395176,full_anomaly_persistence,1.0,1.0,False,True,7,2008|2009|2010|2011|2012|2013|2014,2302294edf5563b582284f213d073377f6a977da0ef57fc347aea0a308fb6ec3,2015-05-03,2015-06-01,30,10.652338791666667,12.029257790606184,7,2008|2009|2010|2011|2012|2013|2014,observation_time_proxy,historical data_available_time is unknown; observation_time is a pseudo-operational proxy
2015-06-09T00:00:00+00:00,2015-06-08,windermere,south,water_temperature,2.0,degC,month_1,2015-06-09,2015-07-08,14.824476719059815,16.655351672446514,-1.830874953386699,full_anomaly_persistence,1.0,1.0,False,True,7,2008|2009|2010|2011|2012|2013|2014,6913c55876bdc295e4d9525150c6b7c308d458a9fc9e9ec4f694e63f9f2c1d64,2015-05-10,2015-06-08,30,11.370594319444445,13.201469272831144,7,2008|2009|2010|2011|2012|2013|2014,observation_time_proxy,historical data_available_time is unknown; observation_time is a pseudo-operational proxy
2015-06-09T00:00:00+00:00,2015-06-08,windermere,south,water_temperature,2.0,degC,month_2,2015-07-09,2015-08-07,16.68777027331913,18.518645226705832,-1.830874953386699,full_anomaly_persistence,1.0,1.0,False,True,7,2008|2009|2010|2011|2012|2013|2014,8d07a114b75b71852957ec19b3a174f97cffee96e77c49992d0428dec511e5f2,2015-05-10,2015-06-08,30,11.370594319444445,13.201469272831144,7,2008|2009|2010|2011|2012|2013|2014,observation_time_proxy,historical data_available_time is unknown; observation_time is a pseudo-operational proxy
2015-06-09T00:00:00+00:00,2015-06-08,windermere,south,water_temperature,2.0,degC,month_3,2015-08-08,2015-09-06,15.560215183518062,17.39109013690476,-1.830874953386699,full_anomaly_persistence,1.0,1.0,False,True,7,2008|2009|2010|2011|2012|2013|2014,f3e7fe58bd188186d46b746a0c2d52a3794e9ca14cc2522001c6c81040e697fd,2015-05-10,2015-06-08,30,11.370594319444445,13.201469272831144,7,2008|2009|2010|2011|2012|2013|2014,observation_time_proxy,historical data_available_time is unknown; observation_time is a pseudo-operational proxy
2015-06-16T00:00:00+00:00,2015-06-15,windermere,south,water_temperature,2.0,degC,month_1,2015-06-16,2015-07-15,15.391593147741956,17.252639167576383,-1.8610460198344274,full_anomaly_persistence,1.0,1.0,False,True,7,2008|2009|2010|2011|2012|2013|2014,3967ec08536b89be2db67e88f477a95be497147874329b80a1b7b3875d811e5c,2015-05-17,2015-06-15,30,12.439081819444445,14.300127839278872,7,2008|2009|2010|2011|2012|2013|2014,observation_time_proxy,historical data_available_time is unknown; observation_time is a pseudo-operational proxy
2015-06-16T00:00:00+00:00,2015-06-15,windermere,south,water_temperature,2.0,degC,month_2,2015-07-16,2015-08-14,16.60034076729709,18.46138678713152,-1.8610460198344274,full_anomaly_persistence,1.0,1.0,False,True,7,2008|2009|2010|2011|2012|2013|2014,79cdb6c483f5103178b568eec713263ffd73d768e3231ce657a93b620c91a6f8,2015-05-17,2015-06-15,30,12.439081819444445,14.300127839278872,7,2008|2009|2010|2011|2012|2013|2014,observation_time_proxy,historical data_available_time is unknown; observation_time is a pseudo-operational proxy
2015-06-16T00:00:00+00:00,2015-06-15,windermere,south,water_temperature,2.0,degC,month_3,2015-08-15,2015-09-13,15.096074293657635,16.957120313492062,-1.8610460198344274,full_anomaly_persistence,1.0,1.0,False,True,7,2008|2009|2010|2011|2012|2013|2014,f09ee9aec3cd741766dfc6b77840f2853f6137ea4ae37536a865145a92aabd4e,2015-05-17,2015-06-15,30,12.439081819444445,14.300127839278872,7,2008|2009|2010|2011|2012|2013|2014,observation_time_proxy,historical data_available_time is unknown; observation_time is a pseudo-operational proxy
2015-06-23T00:00:00+00:00,2015-06-22,windermere,south,water_temperature,2.0,degC,month_1,2015-06-23,2015-07-22,15.888984633278355,17.706023687417655,-1.8170390541393004,full_anomaly_persistence,1.0,1.0,False,True,7,2008|2009|2010|2011|2012|2013|2014,9ce9c3bb53dff71ed5a287c0d4c7f7e234be57924e4c42f2b013761a4d7a44c2,2015-05-24,2015-06-22,30,13.420003513888888,15.237042568028189,7,2008|2009|2010|2011|2012|2013|2014,observation_time_proxy,historical data_available_time is unknown; observation_time is a pseudo-operational proxy
2015-06-23T00:00:00+00:00,2015-06-22,windermere,south,water_temperature,2.0,degC,month_2,2015-07-23,2015-08-21,16.482091467119204,18.299130521258505,-1.8170390541393004,full_anomaly_persistence,1.0,1.0,False,True,7,2008|2009|2010|2011|2012|2013|2014,b7f34ee141a234f2c874bdf2244c424e6179dde008214487e5205dd2598a5f10,2015-05-24,2015-06-22,30,13.420003513888888,15.237042568028189,7,2008|2009|2010|2011|2012|2013|2014,observation_time_proxy,historical data_available_time is unknown; observation_time is a pseudo-operational proxy
2015-06-23T00:00:00+00:00,2015-06-22,windermere,south,water_temperature,2.0,degC,month_3,2015-08-22,2015-09-20,14.680655493479748,16.497694547619048,-1.8170390541393004,full_anomaly_persistence,1.0,1.0,False,True,7,2008|2009|2010|2011|2012|2013|2014,de103cf9f9f4b395c7051a52402c23f0cfecb8890ed02195795d65b1a82b582a,2015-05-24,2015-06-22,30,13.420003513888888,15.237042568028189,7,2008|2009|2010|2011|2012|2013|2014,observation_time_proxy,historical data_available_time is unknown; observation_time is a pseudo-operational proxy
2015-06-30T00:00:00+00:00,2015-06-29,windermere,south,water_temperature,2.0,degC,month_1,2015-06-30,2015-07-29,16.43952622805805,18.205803943370036,-1.766277715311988,full_anomaly_persistence,1.0,1.0,False,True,7,2008|2009|2010|2011|2012|2013|2014,137cf110944109fc17c9db1eb24accfb312cf3b8c260b4cea4a1b25f57f02a4c,2015-05-31,2015-06-29,30,14.202065708333333,15.96834342364532,7,2008|2009|2010|2011|2012|2013|2014,observation_time_proxy,historical data_available_time is unknown; observation_time is a pseudo-operational proxy
2015-06-30T00:00:00+00:00,2015-06-29,windermere,south,water_temperature,2.0,degC,month_2,2015-07-30,2015-08-28,16.14138531388302,17.90766302919501,-1.766277715311988,full_anomaly_persistence,1.0,1.0,False,True,7,2008|2009|2010|2011|2012|2013|2014,7cc22cecc2411da984a5fbedfe86dcc856a0444d55a42364fd8c26372a63b139,2015-05-31,2015-06-29,30,14.202065708333333,15.96834342364532,7,2008|2009|2010|2011|2012|2013|2014,observation_time_proxy,historical data_available_time is unknown; observation_time is a pseudo-operational proxy
2015-06-30T00:00:00+00:00,2015-06-29,windermere,south,water_temperature,2.0,degC,month_3,2015-08-29,2015-09-27,14.19740145730706,15.963679172619049,-1.766277715311988,full_anomaly_persistence,1.0,1.0,False,True,7,2008|2009|2010|2011|2012|2013|2014,ee1c1887fc6501747863453e84eec20c8f65adacf4abf221af19245f00d8d798,2015-05-31,2015-06-29,30,14.202065708333333,15.96834342364532,7,2008|2009|2010|2011|2012|2013|2014,observation_time_proxy,historical data_available_time is unknown; observation_time is a pseudo-operational proxy
2015-07-07T00:00:00+00:00,2015-07-06,windermere,south,water_temperature,2.0,degC,month_1,2015-07-07,2015-08-05,17.3736529953024,18.47252185624098,-1.0988688609385786,full_anomaly_persistence,1.0,1.0,False,True,7,2008|2009|2010|2011|2012|2013|2014,1e30db742c9b176f01a5bf42d4f54a31071fa0f9a26843844310e30ee4acc07a,2015-06-07,2015-07-06,30,15.42625475,16.52512361093858,7,2008|2009|2010|2011|2012|2013|2014,observation_time_proxy,historical data_available_time is unknown; observation_time is a pseudo-operational proxy
2015-07-07T00:00:00+00:00,2015-07-06,windermere,south,water_temperature,2.0,degC,month_2,2015-08-06,2015-09-04,16.405587876589763,17.504456737528344,-1.0988688609385786,full_anomaly_persistence,1.0,1.0,False,True,7,2008|2009|2010|2011|2012|2013|2014,ec00cb4350f4ada623f47b65d55501a45e90a1c1304fbb9793588018f924692d,2015-06-07,2015-07-06,30,15.42625475,16.52512361093858,7,2008|2009|2010|2011|2012|2013|2014,observation_time_proxy,historical data_available_time is unknown; observation_time is a pseudo-operational proxy
2015-07-07T00:00:00+00:00,2015-07-06,windermere,south,water_temperature,2.0,degC,month_3,2015-09-05,2015-10-04,14.326677994220152,15.42554685515873,-1.0988688609385786,full_anomaly_persistence,1.0,1.0,False,True,7,2008|2009|2010|2011|2012|2013|2014,23b3b59c30bbc167547ae618e46f6489e4227870be30562c6090e3a2db07f22d,2015-06-07,2015-07-06,30,15.42625475,16.52512361093858,7,2008|2009|2010|2011|2012|2013|2014,observation_time_proxy,historical data_available_time is unknown; observation_time is a pseudo-operational proxy
2015-07-14T00:00:00+00:00,2015-07-13,windermere,south,water_temperature,2.0,degC,month_1,2015-07-14,2015-08-12,17.6379675878091,18.496878681972788,-0.8589110941636875,full_anomaly_persistence,1.0,1.0,False,True,7,2008|2009|2010|2011|2012|2013|2014,0fa2abd521b1dd56ad25f7f2ef54734576ac1fc8f0aac701c43c456c7dbac88e,2015-06-14,2015-07-13,30,16.21690611111111,17.0758172052748,7,2008|2009|2010|2011|2012|2013|2014,observation_time_proxy,historical data_available_time is unknown; observation_time is a pseudo-operational proxy
2015-07-14T00:00:00+00:00,2015-07-13,windermere,south,water_temperature,2.0,degC,month_2,2015-08-13,2015-09-11,16.21380196734425,17.072713061507937,-0.8589110941636875,full_anomaly_persistence,1.0,1.0,False,True,7,2008|2009|2010|2011|2012|2013|2014,ce6866ef94f54eac92f25a14011d5e18990ec55e15b7132235ad8bee052834c8,2015-06-14,2015-07-13,30,16.21690611111111,17.0758172052748,7,2008|2009|2010|2011|2012|2013|2014,observation_time_proxy,historical data_available_time is unknown; observation_time is a pseudo-operational proxy
2015-07-14T00:00:00+00:00,2015-07-13,windermere,south,water_temperature,2.0,degC,month_3,2015-09-12,2015-10-11,13.935874995122028,14.794786089285715,-0.8589110941636875,full_anomaly_persistence,1.0,1.0,False,True,7,2008|2009|2010|2011|2012|2013|2014,f06e576293d5c7c5deeb3af577fb46d02da6876cf0cfc979e80bd83faf0e8ab0,2015-06-14,2015-07-13,30,16.21690611111111,17.0758172052748,7,2008|2009|2010|2011|2012|2013|2014,observation_time_proxy,historical data_available_time is unknown; observation_time is a pseudo-operational proxy
2015-07-21T00:00:00+00:00,2015-07-20,windermere,south,water_temperature,2.0,degC,month_1,2015-07-21,2015-08-19,17.593235159237675,18.371071604591837,-0.7778364453541613,full_anomaly_persistence,1.0,1.0,False,True,7,2008|2009|2010|2011|2012|2013|2014,d100eaf80c4f43c66bc724b6ec9a1f54255f323579aec30423c3df75078cc4f6,2015-06-21,2015-07-20,30,16.798939944444445,17.576776389798606,7,2008|2009|2010|2011|2012|2013|2014,observation_time_proxy,historical data_available_time is unknown; observation_time is a pseudo-operational proxy
2015-07-21T00:00:00+00:00,2015-07-20,windermere,south,water_temperature,2.0,degC,month_2,2015-08-20,2015-09-18,15.853623407820443,16.631459853174604,-0.7778364453541613,full_anomaly_persistence,1.0,1.0,False,True,7,2008|2009|2010|2011|2012|2013|2014,7c2e7b7ee84be3137da40715abcce85eecf9b9a078a085e9b931f83042c71104,2015-06-21,2015-07-20,30,16.798939944444445,17.576776389798606,7,2008|2009|2010|2011|2012|2013|2014,observation_time_proxy,historical data_available_time is unknown; observation_time is a pseudo-operational proxy
2015-07-21T00:00:00+00:00,2015-07-20,windermere,south,water_temperature,2.0,degC,month_3,2015-09-19,2015-10-18,13.360264175677585,14.138100621031747,-0.7778364453541613,full_anomaly_persistence,1.0,1.0,False,True,7,2008|2009|2010|2011|2012|2013|2014,7a925c0bd03e99a4cc6ee633c18f127d975b7c118b3e2b27f30694140a2d1d5c,2015-06-21,2015-07-20,30,16.798939944444445,17.576776389798606,7,2008|2009|2010|2011|2012|2013|2014,observation_time_proxy,historical data_available_time is unknown; observation_time is a pseudo-operational proxy
2015-08-04T00:00:00+00:00,2015-08-03,windermere,south,water_temperature,2.0,degC,month_1,2015-08-04,2015-09-02,16.304209494555135,17.61210490419501,-1.307895409639876,full_anomaly_persistence,1.0,1.0,False,True,7,2008|2009|2010|2011|2012|2013|2014,3a7cc7254261f47f9a6b11d03e674f5e2a35689a3d9339c7956b4b792339c590,2015-07-05,2015-08-03,28,17.103496041666666,18.411391451306542,7,2008|2009|2010|2011|2012|2013|2014,observation_time_proxy,historical data_available_time is unknown; observation_time is a pseudo-operational proxy
2015-08-04T00:00:00+00:00,2015-08-03,windermere,south,water_temperature,2.0,degC,month_2,2015-09-03,2015-10-02,14.292316058614091,15.600211468253967,-1.307895409639876,full_anomaly_persistence,1.0,1.0,False,True,7,2008|2009|2010|2011|2012|2013|2014,f510a62ff5fe24a881e552d3ca49104374a303a6213fe05b727186ce64968d75,2015-07-05,2015-08-03,28,17.103496041666666,18.411391451306542,7,2008|2009|2010|2011|2012|2013|2014,observation_time_proxy,historical data_available_time is unknown; observation_time is a pseudo-operational proxy
2015-08-04T00:00:00+00:00,2015-08-03,windermere,south,water_temperature,2.0,degC,month_3,2015-10-03,2015-11-01,11.411900311460883,12.719795721100759,-1.307895409639876,full_anomaly_persistence,1.0,1.0,False,True,7,2008|2009|2010|2011|2012|2013|2014,1f7b6ed35024882c54eef43e3a3701c2170d073273a326f2a2ebbdfa11997f51,2015-07-05,2015-08-03,28,17.103496041666666,18.411391451306542,7,2008|2009|2010|2011|2012|2013|2014,observation_time_proxy,historical data_available_time is unknown; observation_time is a pseudo-operational proxy
2015-08-11T00:00:00+00:00,2015-08-10,windermere,south,water_temperature,2.0,degC,month_1,2015-08-11,2015-09-09,15.629497206825913,17.19599750595238,-1.5665002991264672,full_anomaly_persistence,1.0,1.0,False,True,7,2008|2009|2010|2011|2012|2013|2014,88027f708371aa57048471d2c138a186ce05b839e03c0c728519ebc5767c43ce,2015-07-12,2015-08-10,28,16.959357455357143,18.52585775448361,7,2008|2009|2010|2011|2012|2013|2014,observation_time_proxy,historical data_available_time is unknown; observation_time is a pseudo-operational proxy
2015-08-11T00:00:00+00:00,2015-08-10,windermere,south,water_temperature,2.0,degC,month_2,2015-09-10,2015-10-09,13.415601244524327,14.982101543650794,-1.5665002991264672,full_anomaly_persistence,1.0,1.0,False,True,7,2008|2009|2010|2011|2012|2013|2014,a438319f592e0fb05cab1b5ab697507fc5f4f285dee6d900ee50a7dc459449e2,2015-07-12,2015-08-10,28,16.959357455357143,18.52585775448361,7,2008|2009|2010|2011|2012|2013|2014,observation_time_proxy,historical data_available_time is unknown; observation_time is a pseudo-operational proxy
2015-08-11T00:00:00+00:00,2015-08-10,windermere,south,water_temperature,2.0,degC,month_3,2015-10-10,2015-11-08,10.415533989236197,11.982034288362664,-1.5665002991264672,full_anomaly_persistence,1.0,1.0,False,True,7,2008|2009|2010|2011|2012|2013|2014,4e0b243f8b4bf29a8b76591215f528076f2fd924c453b2288ae13e436e86b660,2015-07-12,2015-08-10,28,16.959357455357143,18.52585775448361,7,2008|2009|2010|2011|2012|2013|2014,observation_time_proxy,historical data_available_time is unknown; observation_time is a pseudo-operational proxy
2015-08-18T00:00:00+00:00,2015-08-17,windermere,south,water_temperature,2.0,degC,month_1,2015-08-18,2015-09-16,15.251008044217684,16.764521589285714,-1.5135135450680295,full_anomaly_persistence,1.0,1.0,False,True,7,2008|2009|2010|2011|2012|2013|2014,e04ddd186cdc514e2ecbedc94d7f843e997eaa06fe641c13677b836b59c916c2,2015-07-19,2015-08-17,28,16.909645238095237,18.423158783163267,7,2008|2009|2010|2011|2012|2013|2014,observation_time_proxy,historical data_available_time is unknown; observation_time is a pseudo-operational proxy
2015-08-18T00:00:00+00:00,2015-08-17,windermere,south,water_temperature,2.0,degC,month_2,2015-09-17,2015-10-16,12.806448010487527,14.319961555555556,-1.5135135450680295,full_anomaly_persistence,1.0,1.0,False,True,7,2008|2009|2010|2011|2012|2013|2014,d750c64ce1ad9d044710f06c6ef19706e9e31587c2bd852e8ab046f618c8e511,2015-07-19,2015-08-17,28,16.909645238095237,18.423158783163267,7,2008|2009|2010|2011|2012|2013|2014,observation_time_proxy,historical data_available_time is unknown; observation_time is a pseudo-operational proxy
2015-08-18T00:00:00+00:00,2015-08-17,windermere,south,water_temperature,2.0,degC,month_3,2015-10-17,2015-11-15,9.735375302421618,11.248888847489647,-1.5135135450680295,full_anomaly_persistence,1.0,1.0,False,True,7,2008|2009|2010|2011|2012|2013|2014,bbc2b1e63195396263e196d09f145463e384ef63a0aa2e42d1e8924f006106a9,2015-07-19,2015-08-17,28,16.909645238095237,18.423158783163267,7,2008|2009|2010|2011|2012|2013|2014,observation_time_proxy,historical data_available_time is unknown; observation_time is a pseudo-operational proxy
2015-08-25T00:00:00+00:00,2015-08-24,windermere,south,water_temperature,2.0,degC,month_1,2015-08-25,2015-09-23,15.195098069019274,16.279712,-1.0846139309807263,full_anomaly_persistence,1.0,1.0,False,True,7,2008|2009|2010|2011|2012|2013|2014,b9012a083cbd95b690080e38a2500c4a0752c9cf3ccb24703a6b0223a209d648,2015-07-26,2015-08-24,28,17.07575200892857,18.160365939909298,7,2008|2009|2010|2011|2012|2013|2014,observation_time_proxy,historical data_available_time is unknown; observation_time is a pseudo-operational proxy
2015-08-25T00:00:00+00:00,2015-08-24,windermere,south,water_temperature,2.0,degC,month_2,2015-09-24,2015-10-23,12.57021532893991,13.654829259920636,-1.0846139309807263,full_anomaly_persistence,1.0,1.0,False,True,7,2008|2009|2010|2011|2012|2013|2014,1a491ddf2bf435fed022151f2dfb2a62f27bee1dc0a2b8bb97e13ad7829174a8,2015-07-26,2015-08-24,28,17.07575200892857,18.160365939909298,7,2008|2009|2010|2011|2012|2013|2014,observation_time_proxy,historical data_available_time is unknown; observation_time is a pseudo-operational proxy
2015-08-25T00:00:00+00:00,2015-08-24,windermere,south,water_temperature,2.0,degC,month_3,2015-10-24,2015-11-22,9.482089296270827,10.566703227251553,-1.0846139309807263,full_anomaly_persistence,1.0,1.0,False,True,7,2008|2009|2010|2011|2012|2013|2014,b698e17207b3799039e0da2285421ff062c66d5bd6ed588897e127cafabf971b,2015-07-26,2015-08-24,28,17.07575200892857,18.160365939909298,7,2008|2009|2010|2011|2012|2013|2014,observation_time_proxy,historical data_available_time is unknown; observation_time is a pseudo-operational proxy
2015-09-01T00:00:00+00:00,2015-08-31,windermere,south,water_temperature,2.0,degC,month_1,2015-09-01,2015-09-30,15.157816764455784,15.743535253968254,-0.5857184895124696,full_anomaly_persistence,1.0,1.0,False,True,7,2008|2009|2010|2011|2012|2013|2014,2e8a5dced9ac83a06b1d53773664d3afa23d90bf4e5f1daea8095d7f9cde9a4d,2015-08-02,2015-08-31,30,17.142349097222223,17.728067586734692,7,2008|2009|2010|2011|2012|2013|2014,observation_time_proxy,historical data_available_time is unknown; observation_time is a pseudo-operational proxy
2015-09-01T00:00:00+00:00,2015-08-31,windermere,south,water_temperature,2.0,degC,month_2,2015-10-01,2015-10-30,12.355130812074831,12.940849301587301,-0.5857184895124696,full_anomaly_persistence,1.0,1.0,False,True,7,2008|2009|2010|2011|2012|2013|2014,7c557b31b260345d69c29a2b0bcb41e5f59215265d7bd2d94d51c5ad95426bec,2015-08-02,2015-08-31,30,17.142349097222223,17.728067586734692,7,2008|2009|2010|2011|2012|2013|2014,observation_time_proxy,historical data_available_time is unknown; observation_time is a pseudo-operational proxy
2015-09-01T00:00:00+00:00,2015-08-31,windermere,south,water_temperature,2.0,degC,month_3,2015-10-31,2015-11-29,9.331884006389876,9.917602495902345,-0.5857184895124696,full_anomaly_persistence,1.0,1.0,False,True,7,2008|2009|2010|2011|2012|2013|2014,602c0ccd7519dff63b38094422b8283a0fd419b296eb599466cf42494221aab3,2015-08-02,2015-08-31,30,17.142349097222223,17.728067586734692,7,2008|2009|2010|2011|2012|2013|2014,observation_time_proxy,historical data_available_time is unknown; observation_time is a pseudo-operational proxy
2015-09-08T00:00:00+00:00,2015-09-07,windermere,south,water_temperature,2.0,degC,month_1,2015-09-08,2015-10-07,15.049656753968254,15.159643341269842,-0.10998658730158795,full_anomaly_persistence,1.0,1.0,False,True,7,2008|2009|2010|2011|2012|2013|2014,84fdcd90bc74ab50231981fa485a57381a1b2850a5d2e9f5dcd9ea27f3dc05e3,2015-08-09,2015-09-07,30,17.21346123611111,17.3234478234127,7,2008|2009|2010|2011|2012|2013|2014,observation_time_proxy,historical data_available_time is unknown; observation_time is a pseudo-operational proxy
2015-09-08T00:00:00+00:00,2015-09-07,windermere,south,water_temperature,2.0,degC,month_2,2015-10-08,2015-11-06,12.085980027251551,12.19596661455314,-0.10998658730158795,full_anomaly_persistence,1.0,1.0,False,True,7,2008|2009|2010|2011|2012|2013|2014,f3ba9468b48b33a2950b8b1fe0265df3190cdc90c280ce6ad756705fb75490af,2015-08-09,2015-09-07,30,17.21346123611111,17.3234478234127,7,2008|2009|2010|2011|2012|2013|2014,observation_time_proxy,historical data_available_time is unknown; observation_time is a pseudo-operational proxy
2015-09-08T00:00:00+00:00,2015-09-07,windermere,south,water_temperature,2.0,degC,month_3,2015-11-07,2015-12-06,9.133309439026915,9.243296026328503,-0.10998658730158795,full_anomaly_persistence,1.0,1.0,False,True,7,2008|2009|2010|2011|2012|2013|2014,7ffb1bc6508e5de25c669a6c5d22389c67576a4420488c2c7b6ecf60e833d630,2015-08-09,2015-09-07,30,17.21346123611111,17.3234478234127,7,2008|2009|2010|2011|2012|2013|2014,observation_time_proxy,historical data_available_time is unknown; observation_time is a pseudo-operational proxy
2015-09-15T00:00:00+00:00,2015-09-14,windermere,south,water_temperature,2.0,degC,month_1,2015-09-15,2015-10-14,14.708101632936506,14.503549253968254,0.20455237896825196,full_anomaly_persistence,1.0,1.0,False,True,7,2008|2009|2010|2011|2012|2013|2014,dbf5ce49fb340ca0996064e84e962601fc62b40ee0ef3c837cb0399a2869bcb0,2015-08-16,2015-09-14,30,17.0995875,16.895035121031746,7,2008|2009|2010|2011|2012|2013|2014,observation_time_proxy,historical data_available_time is unknown; observation_time is a pseudo-operational proxy
2015-09-15T00:00:00+00:00,2015-09-14,windermere,south,water_temperature,2.0,degC,month_2,2015-10-15,2015-11-13,11.661377882807106,11.456825503838854,0.20455237896825196,full_anomaly_persistence,1.0,1.0,False,True,7,2008|2009|2010|2011|2012|2013|2014,da00e215e07b86c0b104a4ff5f0e9bada5b599fb9aa36a0d3a1bb76df940f6b6,2015-08-16,2015-09-14,30,17.0995875,16.895035121031746,7,2008|2009|2010|2011|2012|2013|2014,observation_time_proxy,historical data_available_time is unknown; observation_time is a pseudo-operational proxy
2015-09-15T00:00:00+00:00,2015-09-14,windermere,south,water_temperature,2.0,degC,month_3,2015-11-14,2015-12-13,8.769381509066596,8.564829130098344,0.20455237896825196,full_anomaly_persistence,1.0,1.0,False,True,7,2008|2009|2010|2011|2012|2013|2014,1eadf4647a5d1c76fcaac1e2d77644b0fa6c5d9b6bda0d826abdd22a3f08a099,2015-08-16,2015-09-14,30,17.0995875,16.895035121031746,7,2008|2009|2010|2011|2012|2013|2014,observation_time_proxy,historical data_available_time is unknown; observation_time is a pseudo-operational proxy
2015-09-22T00:00:00+00:00,2015-09-21,windermere,south,water_temperature,2.0,degC,month_1,2015-09-22,2015-10-21,14.264970273809524,13.854320726190476,0.41064954761904815,full_anomaly_persistence,1.0,1.0,False,True,7,2008|2009|2010|2011|2012|2013|2014,3190f83e19b9b34464ba076665e053af2f2b78386f505d9e27f770a8f2497501,2015-08-23,2015-09-21,30,16.837142083333333,16.426492535714285,7,2008|2009|2010|2011|2012|2013|2014,observation_time_proxy,historical data_available_time is unknown; observation_time is a pseudo-operational proxy
2015-09-22T00:00:00+00:00,2015-09-21,windermere,south,water_temperature,2.0,degC,month_2,2015-10-22,2015-11-20,11.164348190346791,10.753698642727743,0.41064954761904815,full_anomaly_persistence,1.0,1.0,False,True,7,2008|2009|2010|2011|2012|2013|2014,50cb1a8650e1eca23a0888250947314c97a35e91b223cc16ff8d9295af919a11,2015-08-23,2015-09-21,30,16.837142083333333,16.426492535714285,7,2008|2009|2010|2011|2012|2013|2014,observation_time_proxy,historical data_available_time is unknown; observation_time is a pseudo-operational proxy
2015-09-22T00:00:00+00:00,2015-09-21,windermere,south,water_temperature,2.0,degC,month_3,2015-11-21,2015-12-20,8.293613418391995,7.882963870772947,0.41064954761904815,full_anomaly_persistence,1.0,1.0,False,True,7,2008|2009|2010|2011|2012|2013|2014,d07280888e14591dae1092dc6a7957df444d3326a1a93faa98b449e0075e616b,2015-08-23,2015-09-21,30,16.837142083333333,16.426492535714285,7,2008|2009|2010|2011|2012|2013|2014,observation_time_proxy,historical data_available_time is unknown; observation_time is a pseudo-operational proxy
2015-09-29T00:00:00+00:00,2015-09-28,windermere,south,water_temperature,2.0,degC,month_1,2015-09-29,2015-10-28,13.707727230158728,13.153901869047619,0.5538253611111088,full_anomaly_persistence,1.0,1.0,False,True,7,2008|2009|2010|2011|2012|2013|2014,aaede0a39073c1590e1c8678a1063c1a6a443b055d53cc7c9619842bff8e3ba4,2015-08-30,2015-09-28,30,16.44433284722222,15.890507486111112,7,2008|2009|2010|2011|2012|2013|2014,observation_time_proxy,historical data_available_time is unknown; observation_time is a pseudo-operational proxy
2015-09-29T00:00:00+00:00,2015-09-28,windermere,south,water_temperature,2.0,degC,month_2,2015-10-29,2015-11-27,10.658212534195995,10.104387173084886,0.5538253611111088,full_anomaly_persistence,1.0,1.0,False,True,7,2008|2009|2010|2011|2012|2013|2014,1e5d06f06e9d292f181c92a7ca0751dd4972d6242f4dd49db86ef7285169ef99,2015-08-30,2015-09-28,30,16.44433284722222,15.890507486111112,7,2008|2009|2010|2011|2012|2013|2014,observation_time_proxy,historical data_available_time is unknown; observation_time is a pseudo-operational proxy
2015-09-29T00:00:00+00:00,2015-09-28,windermere,south,water_temperature,2.0,degC,month_3,2015-11-28,2015-12-27,7.7842773080745316,7.230451946963423,0.5538253611111088,full_anomaly_persistence,1.0,1.0,False,True,7,2008|2009|2010|2011|2012|2013|2014,92e919940d837501e15a6e742089bb59243a0021150376304a201e64f7d47e9d,2015-08-30,2015-09-28,30,16.44433284722222,15.890507486111112,7,2008|2009|2010|2011|2012|2013|2014,observation_time_proxy,historical data_available_time is unknown; observation_time is a pseudo-operational proxy
2015-10-06T00:00:00+00:00,2015-10-05,windermere,south,water_temperature,2.0,degC,month_1,2015-10-06,2015-11-04,13.123558714156315,12.404744549473774,0.7188141646825414,full_anomaly_persistence,1.0,1.0,False,True,7,2008|2009|2010|2011|2012|2013|2014,484f16486264183fbfa9cd7921d3c36a116c2f285fccb45530e027f3aedb4a9e,2015-09-06,2015-10-05,30,16.052208055555557,15.333393890873015,7,2008|2009|2010|2011|2012|2013|2014,observation_time_proxy,historical data_available_time is unknown; observation_time is a pseudo-operational proxy
2015-10-06T00:00:00+00:00,2015-10-05,windermere,south,water_temperature,2.0,degC,month_2,2015-11-05,2015-12-04,10.157037812439615,9.438223647757074,0.7188141646825414,full_anomaly_persistence,1.0,1.0,False,True,7,2008|2009|2010|2011|2012|2013|2014,3eaf66be20e1eccc957e431a58f038e8baf948d349ce9eacf63ece47a6a434ea,2015-09-06,2015-10-05,30,16.052208055555557,15.333393890873015,7,2008|2009|2010|2011|2012|2013|2014,observation_time_proxy,historical data_available_time is unknown; observation_time is a pseudo-operational proxy
2015-10-06T00:00:00+00:00,2015-10-05,windermere,south,water_temperature,2.0,degC,month_3,2015-12-05,2016-01-03,7.398313092444025,6.679498927761483,0.7188141646825414,full_anomaly_persistence,1.0,1.0,False,True,7,2008|2009|2010|2011|2012|2013|2014,93dbdf3d7b8dbabbe11dea33239a9b6165c6a30bb9850e03ee765a5a605922cd,2015-09-06,2015-10-05,30,16.052208055555557,15.333393890873015,7,2008|2009|2010|2011|2012|2013|2014,observation_time_proxy,historical data_available_time is unknown; observation_time is a pseudo-operational proxy
2015-10-13T00:00:00+00:00,2015-10-12,windermere,south,water_temperature,2.0,degC,month_1,2015-10-13,2015-11-11,12.530555661973773,11.66617661832298,0.8643790436507928,full_anomaly_persistence,1.0,1.0,False,True,7,2008|2009|2010|2011|2012|2013|2014,f47d2e95db0eb4a77a9faa761d757b1ef39e3495b0963befddbea330599d6e7d,2015-09-13,2015-10-12,30,15.561851347222222,14.697472303571429,7,2008|2009|2010|2011|2012|2013|2014,observation_time_proxy,historical data_available_time is unknown; observation_time is a pseudo-operational proxy
2015-10-13T00:00:00+00:00,2015-10-12,windermere,south,water_temperature,2.0,degC,month_2,2015-11-12,2015-12-11,9.621150208074534,8.756771164423741,0.8643790436507928,full_anomaly_persistence,1.0,1.0,False,True,7,2008|2009|2010|2011|2012|2013|2014,9898592d317c4d6c008db3f22a9993ad7033bad3183a25d7a4694491622520a8,2015-09-13,2015-10-12,30,15.561851347222222,14.697472303571429,7,2008|2009|2010|2011|2012|2013|2014,observation_time_proxy,historical data_available_time is unknown; observation_time is a pseudo-operational proxy
2015-10-13T00:00:00+00:00,2015-10-12,windermere,south,water_temperature,2.0,degC,month_3,2015-12-12,2016-01-10,6.885010801913675,6.0206317582628825,0.8643790436507928,full_anomaly_persistence,1.0,1.0,False,True,6,2008|2009|2010|2011|2012|2013,7f04c2889b278ba7677ce5b20426d4b9fd6ca253b879ffd8b184d19a0854b283,2015-09-13,2015-10-12,30,15.561851347222222,14.697472303571429,7,2008|2009|2010|2011|2012|2013|2014,observation_time_proxy,historical data_available_time is unknown; observation_time is a pseudo-operational proxy
2015-10-20T00:00:00+00:00,2015-10-19,windermere,south,water_temperature,2.0,degC,month_1,2015-10-20,2015-11-18,11.894860929434092,10.947876270703933,0.9469846587301589,full_anomaly_persistence,1.0,1.0,False,True,7,2008|2009|2010|2011|2012|2013|2014,b02c37ea4f245f434773fd247d8b966917eb0371c951e99a570768b4e38aade8,2015-09-20,2015-10-19,30,14.991647152777778,14.04466249404762,7,2008|2009|2010|2011|2012|2013|2014,observation_time_proxy,historical data_available_time is unknown; observation_time is a pseudo-operational proxy
2015-10-20T00:00:00+00:00,2015-10-19,windermere,south,water_temperature,2.0,degC,month_2,2015-11-19,2015-12-18,9.025067744185645,8.078083085455486,0.9469846587301589,full_anomaly_persistence,1.0,1.0,False,True,7,2008|2009|2010|2011|2012|2013|2014,502411e66c648918f1c0b09bc34e2718f2a0f623d8bd883811a267898d16b17d,2015-09-20,2015-10-19,30,14.991647152777778,14.04466249404762,7,2008|2009|2010|2011|2012|2013|2014,observation_time_proxy,historical data_available_time is unknown; observation_time is a pseudo-operational proxy
2015-10-20T00:00:00+00:00,2015-10-19,windermere,south,water_temperature,2.0,degC,month_3,2015-12-19,2016-01-17,6.60136850708723,5.654383848357071,0.9469846587301589,full_anomaly_persistence,1.0,1.0,False,True,6,2008|2009|2010|2011|2012|2013,09d4982ef664afcaa60e92cddf0f4cb57f18e42c0584e064f7005a8f1d38d957,2015-09-20,2015-10-19,30,14.991647152777778,14.04466249404762,7,2008|2009|2010|2011|2012|2013|2014,observation_time_proxy,historical data_available_time is unknown; observation_time is a pseudo-operational proxy
2015-10-27T00:00:00+00:00,2015-10-26,windermere,south,water_temperature,2.0,degC,month_1,2015-10-27,2015-11-25,11.276549890942029,10.288994293719806,0.9875555972222223,full_anomaly_persistence,1.0,1.0,False,True,7,2008|2009|2010|2011|2012|2013|2014,070f383f1cad3a09e27a735b1661b8c158e0d376c1aba4a2ea9d570b87f0c502,2015-09-27,2015-10-26,30,14.347665486111111,13.36010988888889,7,2008|2009|2010|2011|2012|2013|2014,observation_time_proxy,historical data_available_time is unknown; observation_time is a pseudo-operational proxy
2015-10-27T00:00:00+00:00,2015-10-26,windermere,south,water_temperature,2.0,degC,month_2,2015-11-26,2015-12-25,8.3929921747412,7.405436577518978,0.9875555972222223,full_anomaly_persistence,1.0,1.0,False,True,7,2008|2009|2010|2011|2012|2013|2014,b02ef4d4f1e1f1e9bbf1482dfbe50d3a9e91146f5e6df964f01faf2f0e9e2aa7,2015-09-27,2015-10-26,30,14.347665486111111,13.36010988888889,7,2008|2009|2010|2011|2012|2013|2014,observation_time_proxy,historical data_available_time is unknown; observation_time is a pseudo-operational proxy
2015-10-27T00:00:00+00:00,2015-10-26,windermere,south,water_temperature,2.0,degC,month_3,2015-12-26,2016-01-24,6.348140225905078,5.360584628682855,0.9875555972222223,full_anomaly_persistence,1.0,1.0,False,True,6,2008|2009|2010|2011|2012|2013,2ced645024193841f6cc89960d0e251f70aa81f3b62b1d3e1b66a4ae741d4992,2015-09-27,2015-10-26,30,14.347665486111111,13.36010988888889,7,2008|2009|2010|2011|2012|2013|2014,observation_time_proxy,historical data_available_time is unknown; observation_time is a pseudo-operational proxy
2015-11-03T00:00:00+00:00,2015-11-02,windermere,south,water_temperature,2.0,degC,month_1,2015-11-03,2015-12-02,10.680178899335749,9.631477787103174,1.0487011122325747,full_anomaly_persistence,1.0,1.0,False,True,7,2008|2009|2010|2011|2012|2013|2014,e0f53a80328c9c20ee712a86dce40529752abac05367b482fe2883a41c20a4c1,2015-10-04,2015-11-02,30,13.66415138888889,12.615450276656315,7,2008|2009|2010|2011|2012|2013|2014,observation_time_proxy,historical data_available_time is unknown; observation_time is a pseudo-operational proxy
2015-11-03T00:00:00+00:00,2015-11-02,windermere,south,water_temperature,2.0,degC,month_2,2015-12-03,2016-01-01,7.871575512891769,6.822874400659194,1.0487011122325747,full_anomaly_persistence,1.0,1.0,False,True,7,2008|2009|2010|2011|2012|2013|2014,d285f4b8c892e49afe5019168b79268fbbb2de8e2bd071b1048374bea3a239ae,2015-10-04,2015-11-02,30,13.66415138888889,12.615450276656315,7,2008|2009|2010|2011|2012|2013|2014,observation_time_proxy,historical data_available_time is unknown; observation_time is a pseudo-operational proxy
2015-11-03T00:00:00+00:00,2015-11-02,windermere,south,water_temperature,2.0,degC,month_3,2016-01-02,2016-01-31,6.215676408774525,5.16697529654195,1.0487011122325747,full_anomaly_persistence,1.0,1.0,False,True,7,2008|2009|2010|2011|2012|2013|2014,343a020ecd7a242407f7414aeab8bf24f7d16c862fe383c277ccacab6310d0c8,2015-10-04,2015-11-02,30,13.66415138888889,12.615450276656315,7,2008|2009|2010|2011|2012|2013|2014,observation_time_proxy,historical data_available_time is unknown; observation_time is a pseudo-operational proxy
2015-11-10T00:00:00+00:00,2015-11-09,windermere,south,water_temperature,2.0,degC,month_1,2015-11-10,2015-12-09,10.065606296894408,8.951641705495168,1.11396459139924,full_anomaly_persistence,1.0,1.0,False,True,7,2008|2009|2010|2011|2012|2013|2014,f111d89f9953826df2b8fb3ade78bc63a62be4da562b306761027084fab3061f,2015-10-11,2015-11-09,30,12.990956638888889,11.876992047489649,7,2008|2009|2010|2011|2012|2013|2014,observation_time_proxy,historical data_available_time is unknown; observation_time is a pseudo-operational proxy
2015-11-10T00:00:00+00:00,2015-11-09,windermere,south,water_temperature,2.0,degC,month_2,2015-12-10,2016-01-08,7.254714761236197,6.140750169836957,1.11396459139924,full_anomaly_persistence,1.0,1.0,False,True,6,2008|2009|2010|2011|2012|2013,ab57d37a20439cca0a25cea5aa724621afe6b5193c967b227727ddb204a42ffb,2015-10-11,2015-11-09,30,12.990956638888889,11.876992047489649,7,2008|2009|2010|2011|2012|2013|2014,observation_time_proxy,historical data_available_time is unknown; observation_time is a pseudo-operational proxy
2015-11-10T00:00:00+00:00,2015-11-09,windermere,south,water_temperature,2.0,degC,month_3,2016-01-09,2016-02-07,6.073712959412278,4.959748368013038,1.11396459139924,full_anomaly_persistence,1.0,1.0,False,True,7,2008|2009|2010|2011|2012|2013|2014,5bf3ddf6d0ed6b9fdcb9c99a5121a37b822f9176b3dd2e4351fa9e7fa4426dc2,2015-10-11,2015-11-09,30,12.990956638888889,11.876992047489649,7,2008|2009|2010|2011|2012|2013|2014,observation_time_proxy,historical data_available_time is unknown; observation_time is a pseudo-operational proxy
2015-11-17T00:00:00+00:00,2015-11-16,windermere,south,water_temperature,2.0,degC,month_1,2015-11-17,2015-12-16,9.465414947886472,8.270363646368185,1.195051301518287,full_anomaly_persistence,1.0,1.0,False,True,7,2008|2009|2010|2011|2012|2013|2014,de8d3da2ba17b9eee122bbe21001e9acd1078c74c12ccd0f82054c5a8e230c82,2015-10-18,2015-11-16,30,12.342481833333332,11.147430531815045,7,2008|2009|2010|2011|2012|2013|2014,observation_time_proxy,historical data_available_time is unknown; observation_time is a pseudo-operational proxy
2015-11-17T00:00:00+00:00,2015-11-16,windermere,south,water_temperature,2.0,degC,month_2,2015-12-17,2016-01-15,6.943969238716354,5.748917937198067,1.195051301518287,full_anomaly_persistence,1.0,1.0,False,True,6,2008|2009|2010|2011|2012|2013,087cd27fb8eba90a0bf733e61fcf507851f4e95e170d81f44ec3f028b7937ff4,2015-10-18,2015-11-16,30,12.342481833333332,11.147430531815045,7,2008|2009|2010|2011|2012|2013|2014,observation_time_proxy,historical data_available_time is unknown; observation_time is a pseudo-operational proxy
2015-11-17T00:00:00+00:00,2015-11-16,windermere,south,water_temperature,2.0,degC,month_3,2016-01-16,2016-02-14,5.987662943737675,4.792611642219388,1.195051301518287,full_anomaly_persistence,1.0,1.0,False,True,7,2008|2009|2010|2011|2012|2013|2014,823d4bc8f8817d7fa644c2ad9ed363be8c20ab7a75659e5dd34de706d6d7f290,2015-10-18,2015-11-16,30,12.342481833333332,11.147430531815045,7,2008|2009|2010|2011|2012|2013|2014,observation_time_proxy,historical data_available_time is unknown; observation_time is a pseudo-operational proxy
2015-11-24T00:00:00+00:00,2015-11-23,windermere,south,water_temperature,2.0,degC,month_1,2015-11-24,2015-12-23,8.799938690942028,7.592447641209455,1.2074910497325728,full_anomaly_persistence,1.0,1.0,False,True,7,2008|2009|2010|2011|2012|2013|2014,5a4108b08ec80dbb33dc2d437f8a8c4f19fbc46d52a20f2dddb595e71bb3a2a8,2015-10-25,2015-11-23,30,11.681280041666666,10.473788991934093,7,2008|2009|2010|2011|2012|2013|2014,observation_time_proxy,historical data_available_time is unknown; observation_time is a pseudo-operational proxy
2015-11-24T00:00:00+00:00,2015-11-23,windermere,south,water_temperature,2.0,degC,month_2,2015-12-24,2016-01-22,6.647826710508682,5.4403356607761095,1.2074910497325728,full_anomaly_persistence,1.0,1.0,False,True,6,2008|2009|2010|2011|2012|2013,991db28d7fc0fe3547a69cf643a2a8fc937cdf508238b01eb13187e6a8356e2d,2015-10-25,2015-11-23,30,11.681280041666666,10.473788991934093,7,2008|2009|2010|2011|2012|2013|2014,observation_time_proxy,historical data_available_time is unknown; observation_time is a pseudo-operational proxy
2015-11-24T00:00:00+00:00,2015-11-23,windermere,south,water_temperature,2.0,degC,month_3,2016-01-23,2016-02-21,5.865833175327811,4.658342125595238,1.2074910497325728,full_anomaly_persistence,1.0,1.0,False,True,7,2008|2009|2010|2011|2012|2013|2014,18f771ad2828d7be86ac905690cbe137e0d3f074b1dfcbd6a21a6a6344b9d48a,2015-10-25,2015-11-23,30,11.681280041666666,10.473788991934093,7,2008|2009|2010|2011|2012|2013|2014,observation_time_proxy,historical data_available_time is unknown; observation_time is a pseudo-operational proxy
2015-12-01T00:00:00+00:00,2015-11-30,windermere,south,water_temperature,2.0,degC,month_1,2015-12-01,2015-12-30,8.13718995390787,6.97713588128882,1.1600540726190491,full_anomaly_persistence,1.0,1.0,False,True,7,2008|2009|2010|2011|2012|2013|2014,2a8ada66abdbe5983164148ecfbe555f8a7a6b92972a36d958985d4f35763508,2015-11-01,2015-11-30,30,10.984006430555556,9.823952357936507,7,2008|2009|2010|2011|2012|2013|2014,observation_time_proxy,historical data_available_time is unknown; observation_time is a pseudo-operational proxy
2015-12-01T00:00:00+00:00,2015-11-30,windermere,south,water_temperature,2.0,degC,month_2,2015-12-31,2016-01-29,6.332847753897805,5.172793681278756,1.1600540726190491,full_anomaly_persistence,1.0,1.0,False,True,6,2008|2009|2010|2011|2012|2013,26e71eafb84932e372c220dfc0dec39aad33df4f308c2163c4e9bdf97b53755b,2015-11-01,2015-11-30,30,10.984006430555556,9.823952357936507,7,2008|2009|2010|2011|2012|2013|2014,observation_time_proxy,historical data_available_time is unknown; observation_time is a pseudo-operational proxy
2015-12-01T00:00:00+00:00,2015-11-30,windermere,south,water_temperature,2.0,degC,month_3,2016-01-30,2016-02-28,5.737753116865081,4.577699044246032,1.1600540726190491,full_anomaly_persistence,1.0,1.0,False,True,7,2008|2009|2010|2011|2012|2013|2014,f56f181f06331d7605b17898fedb1b0afead741ec0b85365c5a772500a21f279,2015-11-01,2015-11-30,30,10.984006430555556,9.823952357936507,7,2008|2009|2010|2011|2012|2013|2014,observation_time_proxy,historical data_available_time is unknown; observation_time is a pseudo-operational proxy
2015-12-08T00:00:00+00:00,2015-12-07,windermere,south,water_temperature,2.0,degC,month_1,2015-12-08,2016-01-06,7.344228703032263,6.2663115865036225,1.0779171165286403,full_anomaly_persistence,1.0,1.0,False,True,6,2008|2009|2010|2011|2012|2013,9b15bef0f58b88db36d62307042db29e647f17feed998e9098053a835d428019,2015-11-08,2015-12-07,30,10.223818472222222,9.145901355693582,7,2008|2009|2010|2011|2012|2013|2014,observation_time_proxy,historical data_available_time is unknown; observation_time is a pseudo-operational proxy
2015-12-08T00:00:00+00:00,2015-12-07,windermere,south,water_temperature,2.0,degC,month_2,2016-01-07,2016-02-05,6.091648279354604,5.013731162825963,1.0779171165286403,full_anomaly_persistence,1.0,1.0,False,True,7,2008|2009|2010|2011|2012|2013|2014,85c4ed1caf3207ff22c0305ac6e58105af6b05be5b30283f99107f4836cc68d2,2015-11-08,2015-12-07,30,10.223818472222222,9.145901355693582,7,2008|2009|2010|2011|2012|2013|2014,observation_time_proxy,historical data_available_time is unknown; observation_time is a pseudo-operational proxy
2015-12-08T00:00:00+00:00,2015-12-07,windermere,south,water_temperature,2.0,degC,month_3,2016-02-06,2016-03-06,5.676329135973085,4.598412019444445,1.0779171165286403,full_anomaly_persistence,1.0,1.0,False,True,7,2008|2009|2010|2011|2012|2013|2014,8f66a6f5bd76a9c00ff80ffdf38b2e20056918258015cc74082c181a3b8b9ebe,2015-11-08,2015-12-07,30,10.223818472222222,9.145901355693582,7,2008|2009|2010|2011|2012|2013|2014,observation_time_proxy,historical data_available_time is unknown; observation_time is a pseudo-operational proxy
2015-12-15T00:00:00+00:00,2015-12-14,windermere,south,water_temperature,2.0,degC,month_1,2015-12-15,2016-01-13,6.870904134414539,5.85084777979066,1.020056354623879,full_anomaly_persistence,1.0,1.0,False,True,6,2008|2009|2010|2011|2012|2013,ba72a126f457e94ed0cc8e674b1eaea516ca842f653d88d5f64f8183355aafcc,2015-11-15,2015-12-14,30,9.488018708333334,8.467962353709455,7,2008|2009|2010|2011|2012|2013|2014,observation_time_proxy,historical data_available_time is unknown; observation_time is a pseudo-operational proxy
2015-12-15T00:00:00+00:00,2015-12-14,windermere,south,water_temperature,2.0,degC,month_2,2016-01-14,2016-02-12,5.861574336454945,4.841517981831066,1.020056354623879,full_anomaly_persistence,1.0,1.0,False,True,7,2008|2009|2010|2011|2012|2013|2014,fb5d0024b669683090ecf5735d294d0270ffc4de616756f9b5ffb538099260ed,2015-11-15,2015-12-14,30,9.488018708333334,8.467962353709455,7,2008|2009|2010|2011|2012|2013|2014,observation_time_proxy,historical data_available_time is unknown; observation_time is a pseudo-operational proxy
2015-12-15T00:00:00+00:00,2015-12-14,windermere,south,water_temperature,2.0,degC,month_3,2016-02-13,2016-03-13,5.709292952639752,4.689236598015873,1.020056354623879,full_anomaly_persistence,1.0,1.0,False,True,7,2008|2009|2010|2011|2012|2013|2014,cfc007961dd97a65b30184a37a184f40e8dbb4e516f5f6d6139c0ad816cff1f1,2015-11-15,2015-12-14,30,9.488018708333334,8.467962353709455,7,2008|2009|2010|2011|2012|2013|2014,observation_time_proxy,historical data_available_time is unknown; observation_time is a pseudo-operational proxy
2015-12-22T00:00:00+00:00,2015-12-21,windermere,south,water_temperature,2.0,degC,month_1,2015-12-22,2016-01-20,6.6480297697485335,5.525759876037354,1.12226989371118,full_anomaly_persistence,1.0,1.0,False,True,6,2008|2009|2010|2011|2012|2013,c1df99c7899cb0a8dc2941ed4b0e5b3293e55f9861fc31c7bf954a642963fab9,2015-11-22,2015-12-21,30,8.908499805555556,7.786229911844376,7,2008|2009|2010|2011|2012|2013|2014,observation_time_proxy,historical data_available_time is unknown; observation_time is a pseudo-operational proxy
2015-12-22T00:00:00+00:00,2015-12-21,windermere,south,water_temperature,2.0,degC,month_2,2016-01-21,2016-02-19,5.8156390847826085,4.693369191071429,1.12226989371118,full_anomaly_persistence,1.0,1.0,False,True,7,2008|2009|2010|2011|2012|2013|2014,e8b939c21898ff415b1eb6d36ef915d53322fa60df1ea9db043467547d151b4c,2015-11-22,2015-12-21,30,8.908499805555556,7.786229911844376,7,2008|2009|2010|2011|2012|2013|2014,observation_time_proxy,historical data_available_time is unknown; observation_time is a pseudo-operational proxy
2015-12-22T00:00:00+00:00,2015-12-21,windermere,south,water_temperature,2.0,degC,month_3,2016-02-20,2016-03-20,6.015699011965149,4.893429118253969,1.12226989371118,full_anomaly_persistence,1.0,1.0,False,True,7,2008|2009|2010|2011|2012|2013|2014,5e02db31034c70d8d79fd151408bab5ea662779d7a44efa5d4c3362b96247094,2015-11-22,2015-12-21,30,8.908499805555556,7.786229911844376,7,2008|2009|2010|2011|2012|2013|2014,observation_time_proxy,historical data_available_time is unknown; observation_time is a pseudo-operational proxy
2015-12-29T00:00:00+00:00,2015-12-28,windermere,south,water_temperature,2.0,degC,month_1,2015-12-29,2016-01-27,6.625006684712157,5.244990342389866,1.3800163423222909,full_anomaly_persistence,1.0,1.0,False,True,6,2008|2009|2010|2011|2012|2013,89152c6494626c7d59a24220f723661d0bd48b6e08df5f69cf19a70c4fec7e45,2015-11-29,2015-12-28,30,8.52468575,7.144669407677709,7,2008|2009|2010|2011|2012|2013|2014,observation_time_proxy,historical data_available_time is unknown; observation_time is a pseudo-operational proxy
2015-12-29T00:00:00+00:00,2015-12-28,windermere,south,water_temperature,2.0,degC,month_2,2016-01-28,2016-02-26,5.973407888750862,4.593391546428571,1.3800163423222909,full_anomaly_persistence,1.0,1.0,False,True,7,2008|2009|2010|2011|2012|2013|2014,41d496f929a258ec9ee86e09c2ea01a38b13e0a67760fc552830b376c3bdcf3d,2015-11-29,2015-12-28,30,8.52468575,7.144669407677709,7,2008|2009|2010|2011|2012|2013|2014,observation_time_proxy,historical data_available_time is unknown; observation_time is a pseudo-operational proxy
2015-12-29T00:00:00+00:00,2015-12-28,windermere,south,water_temperature,2.0,degC,month_3,2016-02-27,2016-03-27,6.5878665163302275,5.207850174007937,1.3800163423222909,full_anomaly_persistence,1.0,1.0,False,True,7,2008|2009|2010|2011|2012|2013|2014,ba32d5466fd8328996924597ec7850f8c54a54d3a1127418137368d7d0212952,2015-11-29,2015-12-28,30,8.52468575,7.144669407677709,7,2008|2009|2010|2011|2012|2013|2014,observation_time_proxy,historical data_available_time is unknown; observation_time is a pseudo-operational proxy
2016-01-05T00:00:00+00:00,2016-01-04,windermere,south,water_temperature,2.0,degC,month_1,2016-01-05,2016-02-03,6.838102731025168,5.192564004972718,1.6455387260524494,full_anomaly_persistence,1.0,1.0,False,True,8,2008|2009|2010|2011|2012|2013|2014|2015,1cb6e34462aec9c0a6cbff80d1c0605cc56e2640b9ca0c2c06ebefbffb3821be,2015-12-06,2016-01-04,30,8.242206513888888,6.596667787836439,7,2008|2009|2010|2011|2012|2013|2014,observation_time_proxy,historical data_available_time is unknown; observation_time is a pseudo-operational proxy
2016-01-05T00:00:00+00:00,2016-01-04,windermere,south,water_temperature,2.0,degC,month_2,2016-02-04,2016-03-04,6.255246741330227,4.609708015277778,1.6455387260524494,full_anomaly_persistence,1.0,1.0,False,True,8,2008|2009|2010|2011|2012|2013|2014|2015,e0bf94136392496ec241c55fa686091b6e9caebbb6f9fa0aef44cfc429c09a19,2015-12-06,2016-01-04,30,8.242206513888888,6.596667787836439,7,2008|2009|2010|2011|2012|2013|2014,observation_time_proxy,historical data_available_time is unknown; observation_time is a pseudo-operational proxy
2016-01-05T00:00:00+00:00,2016-01-04,windermere,south,water_temperature,2.0,degC,month_3,2016-03-05,2016-04-03,7.191998003656616,5.546459277604167,1.6455387260524494,full_anomaly_persistence,1.0,1.0,False,True,8,2008|2009|2010|2011|2012|2013|2014|2015,5a460b8c23e7718b6fa918d6c39f53ff87c89d3418d72e8ce784b9cd2fb04cda,2015-12-06,2016-01-04,30,8.242206513888888,6.596667787836439,7,2008|2009|2010|2011|2012|2013|2014,observation_time_proxy,historical data_available_time is unknown; observation_time is a pseudo-operational proxy
2016-01-12T00:00:00+00:00,2016-01-11,windermere,south,water_temperature,2.0,degC,month_1,2016-01-12,2016-02-10,6.806471167210685,4.97481474016617,1.8316564270445141,full_anomaly_persistence,1.0,1.0,False,True,8,2008|2009|2010|2011|2012|2013|2014|2015,fdc17a129238a5471b4ff58a38d082e7b53861518247e98fac9277ab51994078,2015-12-13,2016-01-11,30,7.989019875,6.157363447955486,7,2008|2009|2010|2011|2012|2013|2014,observation_time_proxy,historical data_available_time is unknown; observation_time is a pseudo-operational proxy
2016-01-12T00:00:00+00:00,2016-01-11,windermere,south,water_temperature,2.0,degC,month_2,2016-02-11,2016-03-11,6.50547968103757,4.6738232539930555,1.8316564270445141,full_anomaly_persistence,1.0,1.0,False,True,8,2008|2009|2010|2011|2012|2013|2014|2015,8acd80c03f80d51939f5464f07848e9b64886abc273d8eb64a1346ea731b306b,2015-12-13,2016-01-11,30,7.989019875,6.157363447955486,7,2008|2009|2010|2011|2012|2013|2014,observation_time_proxy,historical data_available_time is unknown; observation_time is a pseudo-operational proxy
2016-01-12T00:00:00+00:00,2016-01-11,windermere,south,water_temperature,2.0,degC,month_3,2016-03-12,2016-04-10,7.811936445794514,5.98028001875,1.8316564270445141,full_anomaly_persistence,1.0,1.0,False,True,8,2008|2009|2010|2011|2012|2013|2014|2015,3bff288a4e675d5be766358d7b653bec3ac97123ccc0bff6ab17dfdee214871d,2015-12-13,2016-01-11,30,7.989019875,6.157363447955486,7,2008|2009|2010|2011|2012|2013|2014,observation_time_proxy,historical data_available_time is unknown; observation_time is a pseudo-operational proxy
2016-01-19T00:00:00+00:00,2016-01-18,windermere,south,water_temperature,2.0,degC,month_1,2016-01-19,2016-02-17,6.673829752317331,4.789276841145833,1.8845529111714976,full_anomaly_persistence,1.0,1.0,False,True,8,2008|2009|2010|2011|2012|2013|2014|2015,930d6778467ed8975946db13f06adcff1190606b4d8cfd724db543b14ceff078,2015-12-20,2016-01-18,30,7.697946125,5.813393213828502,7,2008|2009|2010|2011|2012|2013|2014,observation_time_proxy,historical data_available_time is unknown; observation_time is a pseudo-operational proxy
2016-01-19T00:00:00+00:00,2016-01-18,windermere,south,water_temperature,2.0,degC,month_2,2016-02-18,2016-03-18,6.724320339296498,4.8397674281250005,1.8845529111714976,full_anomaly_persistence,1.0,1.0,False,True,8,2008|2009|2010|2011|2012|2013|2014|2015,1640d34e7164ee08fb07134c63d02f0d5d39ef4e59efcaa83be35bbff3139aae,2015-12-20,2016-01-18,30,7.697946125,5.813393213828502,7,2008|2009|2010|2011|2012|2013|2014,observation_time_proxy,historical data_available_time is unknown; observation_time is a pseudo-operational proxy
2016-01-19T00:00:00+00:00,2016-01-18,windermere,south,water_temperature,2.0,degC,month_3,2016-03-19,2016-04-17,8.458267221414554,6.573714310243056,1.8845529111714976,full_anomaly_persistence,1.0,1.0,False,True,8,2008|2009|2010|2011|2012|2013|2014|2015,6199fcc029135445d7bb0cd1bf93349d2a299aff1adebedb8fbfc2bc5e63e6f7,2015-12-20,2016-01-18,30,7.697946125,5.813393213828502,7,2008|2009|2010|2011|2012|2013|2014,observation_time_proxy,historical data_available_time is unknown; observation_time is a pseudo-operational proxy
2016-01-26T00:00:00+00:00,2016-01-25,windermere,south,water_temperature,2.0,degC,month_1,2016-01-26,2016-02-24,6.446554993324984,4.6554486942708335,1.7911062990541504,full_anomaly_persistence,1.0,1.0,False,True,8,2008|2009|2010|2011|2012|2013|2014|2015,556f638b0dbd89b30685f045e99e0ba0ccaab152d4a0d20e0c5b3e1626721778,2015-12-27,2016-01-25,30,7.2938135,5.502707200945849,7,2008|2009|2010|2011|2012|2013|2014,observation_time_proxy,historical data_available_time is unknown; observation_time is a pseudo-operational proxy
2016-01-26T00:00:00+00:00,2016-01-25,windermere,south,water_temperature,2.0,degC,month_2,2016-02-25,2016-03-25,6.908367066936095,5.117260767881945,1.7911062990541504,full_anomaly_persistence,1.0,1.0,False,True,8,2008|2009|2010|2011|2012|2013|2014|2015,c1a940c053e8f6da60491a42432ac739058f411cf3e5d88350de11f23c32d22c,2015-12-27,2016-01-25,30,7.2938135,5.502707200945849,7,2008|2009|2010|2011|2012|2013|2014,observation_time_proxy,historical data_available_time is unknown; observation_time is a pseudo-operational proxy
2016-01-26T00:00:00+00:00,2016-01-25,windermere,south,water_temperature,2.0,degC,month_3,2016-03-26,2016-04-24,9.153545164927166,7.362438865873016,1.7911062990541504,full_anomaly_persistence,1.0,1.0,False,True,7,2008|2009|2011|2012|2013|2014|2015,ba0bcdae20dc0a2545ca118331abd893d9cada4d37488afb78a00fb6744079a0,2015-12-27,2016-01-25,30,7.2938135,5.502707200945849,7,2008|2009|2010|2011|2012|2013|2014,observation_time_proxy,historical data_available_time is unknown; observation_time is a pseudo-operational proxy
2016-02-02T00:00:00+00:00,2016-02-01,windermere,south,water_temperature,2.0,degC,month_1,2016-02-02,2016-03-02,6.302632920572917,4.606345293402778,1.6962876271701388,full_anomaly_persistence,1.0,1.0,False,True,8,2008|2009|2010|2011|2012|2013|2014|2015,ff950986bcb20bb0615d23603ca3d1b8566cc6a289499450cbcd06ffba5808a1,2016-01-03,2016-02-01,30,6.95814575,5.261858122829861,8,2008|2009|2010|2011|2012|2013|2014|2015,observation_time_proxy,historical data_available_time is unknown; observation_time is a pseudo-operational proxy
2016-02-02T00:00:00+00:00,2016-02-01,windermere,south,water_temperature,2.0,degC,month_2,2016-03-03,2016-04-01,7.130425415711805,5.434137788541666,1.6962876271701388,full_anomaly_persistence,1.0,1.0,False,True,8,2008|2009|2010|2011|2012|2013|2014|2015,b5fc0afff1c7b93044ff4300a192cdff2dc5a770813d82b515e24a2d7ab3db02,2016-01-03,2016-02-01,30,6.95814575,5.261858122829861,8,2008|2009|2010|2011|2012|2013|2014|2015,observation_time_proxy,historical data_available_time is unknown; observation_time is a pseudo-operational proxy
2016-02-02T00:00:00+00:00,2016-02-01,windermere,south,water_temperature,2.0,degC,month_3,2016-04-02,2016-05-01,9.796776309511408,8.10048868234127,1.6962876271701388,full_anomaly_persistence,1.0,1.0,False,True,7,2008|2009|2011|2012|2013|2014|2015,eeb42b8b8d09eef1a7be619e13c32cb329e193b6c9af4dae9fed7f28e3985512,2016-01-03,2016-02-01,30,6.95814575,5.261858122829861,8,2008|2009|2010|2011|2012|2013|2014|2015,observation_time_proxy,historical data_available_time is unknown; observation_time is a pseudo-operational proxy
2016-02-09T00:00:00+00:00,2016-02-08,windermere,south,water_temperature,2.0,degC,month_1,2016-02-09,2016-03-09,6.289761948152282,4.6477451003472225,1.6420168478050599,full_anomaly_persistence,1.0,1.0,False,True,8,2008|2009|2010|2011|2012|2013|2014|2015,1b7fcb37fb3f84a960b6c10d230132c09e9f15d320acf9bb503531a92055e6ca,2016-01-10,2016-02-08,30,6.672408569444444,5.0303917216393845,8,2008|2009|2010|2011|2012|2013|2014|2015,observation_time_proxy,historical data_available_time is unknown; observation_time is a pseudo-operational proxy
2016-02-09T00:00:00+00:00,2016-02-08,windermere,south,water_temperature,2.0,degC,month_2,2016-03-10,2016-04-08,7.475160838603671,5.833143990798611,1.6420168478050599,full_anomaly_persistence,1.0,1.0,False,True,8,2008|2009|2010|2011|2012|2013|2014|2015,52d967fc19d03c99b7b8afa6dacba2010a60b598fc3367c69d9282bca6a1d6a2,2016-01-10,2016-02-08,30,6.672408569444444,5.0303917216393845,8,2008|2009|2010|2011|2012|2013|2014|2015,observation_time_proxy,historical data_available_time is unknown; observation_time is a pseudo-operational proxy
2016-02-09T00:00:00+00:00,2016-02-08,windermere,south,water_temperature,2.0,degC,month_3,2016-04-09,2016-05-08,10.561917632130456,8.919900784325396,1.6420168478050599,full_anomaly_persistence,1.0,1.0,False,True,7,2008|2009|2011|2012|2013|2014|2015,319220807c4c9fdc2406efc20285e98aad9f5e7ddbff07d7e38f03de6aec8121,2016-01-10,2016-02-08,30,6.672408569444444,5.0303917216393845,8,2008|2009|2010|2011|2012|2013|2014|2015,observation_time_proxy,historical data_available_time is unknown; observation_time is a pseudo-operational proxy
2016-02-16T00:00:00+00:00,2016-02-15,windermere,south,water_temperature,2.0,degC,month_1,2016-02-16,2016-03-16,6.400826651140873,4.778769093576389,1.6220575575644842,full_anomaly_persistence,1.0,1.0,False,True,8,2008|2009|2010|2011|2012|2013|2014|2015,ad4ec5ee44bd29713e6295c05d00104a901ee1f9b41b1306705b83dff1e482e2,2016-01-17,2016-02-15,30,6.4543899583333335,4.832332400768849,8,2008|2009|2010|2011|2012|2013|2014|2015,observation_time_proxy,historical data_available_time is unknown; observation_time is a pseudo-operational proxy
2016-02-16T00:00:00+00:00,2016-02-15,windermere,south,water_temperature,2.0,degC,month_2,2016-03-17,2016-04-15,8.016957031696428,6.394899474131945,1.6220575575644842,full_anomaly_persistence,1.0,1.0,False,True,8,2008|2009|2010|2011|2012|2013|2014|2015,98d6b88a0dbf926d27dc9e6aa046529a0f13f675f1908c05f009e06173f8e5dc,2016-01-17,2016-02-15,30,6.4543899583333335,4.832332400768849,8,2008|2009|2010|2011|2012|2013|2014|2015,observation_time_proxy,historical data_available_time is unknown; observation_time is a pseudo-operational proxy
2016-02-16T00:00:00+00:00,2016-02-15,windermere,south,water_temperature,2.0,degC,month_3,2016-04-16,2016-05-15,11.360117976215278,9.738060418650793,1.6220575575644842,full_anomaly_persistence,1.0,1.0,False,True,7,2008|2009|2011|2012|2013|2014|2015,21b44bc872ce71641e22796cad9af3659aa845e82229205a60e04b3e2bae5d5d,2016-01-17,2016-02-15,30,6.4543899583333335,4.832332400768849,8,2008|2009|2010|2011|2012|2013|2014|2015,observation_time_proxy,historical data_available_time is unknown; observation_time is a pseudo-operational proxy
2016-02-23T00:00:00+00:00,2016-02-22,windermere,south,water_temperature,2.0,degC,month_1,2016-02-23,2016-03-23,6.612796497222223,5.026228821006945,1.586567676215278,full_anomaly_persistence,1.0,1.0,False,True,8,2008|2009|2010|2011|2012|2013|2014|2015,ba0108ccfb063f26fa9a64fc4086d87aa26eee5b50c6c87eadf9dc155390fb28,2016-01-24,2016-02-22,30,6.273891486111111,4.687323809895833,8,2008|2009|2010|2011|2012|2013|2014|2015,observation_time_proxy,historical data_available_time is unknown; observation_time is a pseudo-operational proxy
2016-02-23T00:00:00+00:00,2016-02-22,windermere,south,water_temperature,2.0,degC,month_2,2016-03-24,2016-04-22,8.647981919935967,7.061414243720689,1.586567676215278,full_anomaly_persistence,1.0,1.0,False,True,8,2008|2009|2010|2011|2012|2013|2014|2015,e6c6776d9d66e7b655db0b1ac95cf0f8362d558dcd5bcb1242a75ad28d51ec59,2016-01-24,2016-02-22,30,6.273891486111111,4.687323809895833,8,2008|2009|2010|2011|2012|2013|2014|2015,observation_time_proxy,historical data_available_time is unknown; observation_time is a pseudo-operational proxy
2016-02-23T00:00:00+00:00,2016-02-22,windermere,south,water_temperature,2.0,degC,month_3,2016-04-23,2016-05-22,12.126410993080357,10.53984331686508,1.586567676215278,full_anomaly_persistence,1.0,1.0,False,True,7,2008|2009|2011|2012|2013|2014|2015,f29c8144bdd583f2466c82a1f3c00caa781caf0ec4c248589519b7d54ccc1a8f,2016-01-24,2016-02-22,30,6.273891486111111,4.687323809895833,8,2008|2009|2010|2011|2012|2013|2014|2015,observation_time_proxy,historical data_available_time is unknown; observation_time is a pseudo-operational proxy
2016-03-01T00:00:00+00:00,2016-02-29,windermere,south,water_temperature,2.0,degC,month_1,2016-03-01,2016-03-30,6.806617796006945,5.3367075671875,1.4699102288194448,full_anomaly_persistence,1.0,1.0,False,True,8,2008|2009|2010|2011|2012|2013|2014|2015,660efd635928db1c3538ad000f5ef7eb0d4b5f5a4cc61eab86d785130464f697,2016-01-31,2016-02-29,30,6.075153652777778,4.605243423958333,8,2008|2009|2010|2011|2012|2013|2014|2015,observation_time_proxy,historical data_available_time is unknown; observation_time is a pseudo-operational proxy
2016-03-01T00:00:00+00:00,2016-02-29,windermere,south,water_temperature,2.0,degC,month_2,2016-03-31,2016-04-29,9.355895850049603,7.885985621230159,1.4699102288194448,full_anomaly_persistence,1.0,1.0,False,True,7,2008|2009|2011|2012|2013|2014|2015,c6d79a1699306df08b6963fefca2a910ebeb8a208e097caf9d2513ec7b37c4cf,2016-01-31,2016-02-29,30,6.075153652777778,4.605243423958333,8,2008|2009|2010|2011|2012|2013|2014|2015,observation_time_proxy,historical data_available_time is unknown; observation_time is a pseudo-operational proxy
2016-03-01T00:00:00+00:00,2016-02-29,windermere,south,water_temperature,2.0,degC,month_3,2016-04-30,2016-05-29,12.932106844109196,11.46219661528975,1.4699102288194448,full_anomaly_persistence,1.0,1.0,False,True,8,2008|2009|2010|2011|2012|2013|2014|2015,31b9d5ed78d2b199e9f4b384f03becbc37012137625d6b983fc75293b27d0161,2016-01-31,2016-02-29,30,6.075153652777778,4.605243423958333,8,2008|2009|2010|2011|2012|2013|2014|2015,observation_time_proxy,historical data_available_time is unknown; observation_time is a pseudo-operational proxy
2016-03-08T00:00:00+00:00,2016-03-07,windermere,south,water_temperature,2.0,degC,month_1,2016-03-08,2016-04-06,6.928057371180556,5.7074368812500005,1.220620489930556,full_anomaly_persistence,1.0,1.0,False,True,8,2008|2009|2010|2011|2012|2013|2014|2015,5df60d730b42e35eedff7a21ab06f9e13a522ca27f41c06c9a6de1af3a39ceed,2016-02-07,2016-03-07,30,5.848258097222223,4.627637607291667,8,2008|2009|2010|2011|2012|2013|2014|2015,observation_time_proxy,historical data_available_time is unknown; observation_time is a pseudo-operational proxy
2016-03-08T00:00:00+00:00,2016-03-07,windermere,south,water_temperature,2.0,degC,month_2,2016-04-07,2016-05-06,9.891218968700397,8.670598478769842,1.220620489930556,full_anomaly_persistence,1.0,1.0,False,True,7,2008|2009|2011|2012|2013|2014|2015,91a086df47430418c1701b677bfabd4071a5ab58f357a64f3893e86491a27b8a,2016-02-07,2016-03-07,30,5.848258097222223,4.627637607291667,8,2008|2009|2010|2011|2012|2013|2014|2015,observation_time_proxy,historical data_available_time is unknown; observation_time is a pseudo-operational proxy
2016-03-08T00:00:00+00:00,2016-03-07,windermere,south,water_temperature,2.0,degC,month_3,2016-05-07,2016-06-05,13.716371701394877,12.49575121146432,1.220620489930556,full_anomaly_persistence,1.0,1.0,False,True,8,2008|2009|2010|2011|2012|2013|2014|2015,6ed85b982e1b3597f2137b2a9b2d62641107f5d29f924f4e5f1297ba509a4853,2016-02-07,2016-03-07,30,5.848258097222223,4.627637607291667,8,2008|2009|2010|2011|2012|2013|2014|2015,observation_time_proxy,historical data_available_time is unknown; observation_time is a pseudo-operational proxy
2016-03-15T00:00:00+00:00,2016-03-14,windermere,south,water_temperature,2.0,degC,month_1,2016-03-15,2016-04-13,7.163575374305555,6.226480005729167,0.9370953685763883,full_anomaly_persistence,1.0,1.0,False,True,8,2008|2009|2010|2011|2012|2013|2014|2015,bcc789182dcf47dc1aabaeb94d77c87f61e418f617170dac62b963fccd52d4a0,2016-02-14,2016-03-14,30,5.668809055555555,4.731713686979167,8,2008|2009|2010|2011|2012|2013|2014|2015,observation_time_proxy,historical data_available_time is unknown; observation_time is a pseudo-operational proxy
2016-03-15T00:00:00+00:00,2016-03-14,windermere,south,water_temperature,2.0,degC,month_2,2016-04-14,2016-05-13,10.430984383854167,9.493889015277778,0.9370953685763883,full_anomaly_persistence,1.0,1.0,False,True,7,2008|2009|2011|2012|2013|2014|2015,a9185aa86e41390f22cb05b387fb2c5174bb69ca92c5cc5565969db79d815767,2016-02-14,2016-03-14,30,5.668809055555555,4.731713686979167,8,2008|2009|2010|2011|2012|2013|2014|2015,observation_time_proxy,historical data_available_time is unknown; observation_time is a pseudo-operational proxy
2016-03-15T00:00:00+00:00,2016-03-14,windermere,south,water_temperature,2.0,degC,month_3,2016-05-14,2016-06-12,14.551121361979167,13.614025993402779,0.9370953685763883,full_anomaly_persistence,1.0,1.0,False,True,8,2008|2009|2010|2011|2012|2013|2014|2015,6ca1666e497da9dc4cc985918e3e51ebeeaa73b2161b32a525877e7cc5782eb1,2016-02-14,2016-03-14,30,5.668809055555555,4.731713686979167,8,2008|2009|2010|2011|2012|2013|2014|2015,observation_time_proxy,historical data_available_time is unknown; observation_time is a pseudo-operational proxy
2016-03-22T00:00:00+00:00,2016-03-21,windermere,south,water_temperature,2.0,degC,month_1,2016-03-22,2016-04-20,7.6329807539772725,6.866050806581439,0.7669299473958331,full_anomaly_persistence,1.0,1.0,False,True,8,2008|2009|2010|2011|2012|2013|2014|2015,092cff3ad8a8cbcc244ccdd45aa09d337e25258f5b4b3f4c64873cbe55893851,2016-02-21,2016-03-21,30,5.713212111111111,4.946282163715278,8,2008|2009|2010|2011|2012|2013|2014|2015,observation_time_proxy,historical data_available_time is unknown; observation_time is a pseudo-operational proxy
2016-03-22T00:00:00+00:00,2016-03-21,windermere,south,water_temperature,2.0,degC,month_2,2016-04-21,2016-05-20,11.073597790649803,10.306667843253969,0.7669299473958331,full_anomaly_persistence,1.0,1.0,False,True,7,2008|2009|2011|2012|2013|2014|2015,e0769f6c43c1c545a0250a4a484a71d58ed03dbfc6294704feae806ec61d9df0,2016-02-21,2016-03-21,30,5.713212111111111,4.946282163715278,8,2008|2009|2010|2011|2012|2013|2014|2015,observation_time_proxy,historical data_available_time is unknown; observation_time is a pseudo-operational proxy
2016-03-22T00:00:00+00:00,2016-03-21,windermere,south,water_temperature,2.0,degC,month_3,2016-05-21,2016-06-19,15.412353471497845,14.64542352410201,0.7669299473958331,full_anomaly_persistence,1.0,1.0,False,True,8,2008|2009|2010|2011|2012|2013|2014|2015,3574ff88947e1e3d68ad782ff9edb30613018838eb5994e044cc6aa85d088624,2016-02-21,2016-03-21,30,5.713212111111111,4.946282163715278,8,2008|2009|2010|2011|2012|2013|2014|2015,observation_time_proxy,historical data_available_time is unknown; observation_time is a pseudo-operational proxy
2016-03-29T00:00:00+00:00,2016-03-28,windermere,south,water_temperature,2.0,degC,month_1,2016-03-29,2016-04-27,8.285988593874007,7.678782184325397,0.6072064095486107,full_anomaly_persistence,1.0,1.0,False,True,7,2008|2009|2011|2012|2013|2014|2015,552c35199f36ba5fe8a79eee157078950c16f22859896c7d337beba521e6679e,2016-02-28,2016-03-28,30,5.870570361111111,5.2633639515625,8,2008|2009|2010|2011|2012|2013|2014|2015,observation_time_proxy,historical data_available_time is unknown; observation_time is a pseudo-operational proxy
2016-03-29T00:00:00+00:00,2016-03-28,windermere,south,water_temperature,2.0,degC,month_2,2016-04-28,2016-05-27,11.826741724189816,11.219535314641204,0.6072064095486107,full_anomaly_persistence,1.0,1.0,False,True,8,2008|2009|2010|2011|2012|2013|2014|2015,ef0f131a2fad1673a19feb0f770c64b70645ef17f1a6d0379d84db8e71399bc6,2016-02-28,2016-03-28,30,5.870570361111111,5.2633639515625,8,2008|2009|2010|2011|2012|2013|2014|2015,observation_time_proxy,historical data_available_time is unknown; observation_time is a pseudo-operational proxy
2016-03-29T00:00:00+00:00,2016-03-28,windermere,south,water_temperature,2.0,degC,month_3,2016-05-28,2016-06-26,16.02106384813817,15.41385743858956,0.6072064095486107,full_anomaly_persistence,1.0,1.0,False,True,8,2008|2009|2010|2011|2012|2013|2014|2015,8c257e6987101ed40e1e00fa8294ce809bc35b57875bcbe98792c5af4818fb68,2016-02-28,2016-03-28,30,5.870570361111111,5.2633639515625,8,2008|2009|2010|2011|2012|2013|2014|2015,observation_time_proxy,historical data_available_time is unknown; observation_time is a pseudo-operational proxy
2016-04-05T00:00:00+00:00,2016-04-04,windermere,south,water_temperature,2.0,degC,month_1,2016-04-05,2016-05-04,8.969257676364087,8.432166330357143,0.5370913460069442,full_anomaly_persistence,1.0,1.0,False,True,7,2008|2009|2011|2012|2013|2014|2015,8a6f0a20a10371ed29e10d7d3dc8a0db9b5581ab3b4ed64f53f2ea70c12f4736,2016-03-06,2016-04-04,30,6.1361814444444445,5.5990900984375,8,2008|2009|2010|2011|2012|2013|2014|2015,observation_time_proxy,historical data_available_time is unknown; observation_time is a pseudo-operational proxy
2016-04-05T00:00:00+00:00,2016-04-04,windermere,south,water_temperature,2.0,degC,month_2,2016-05-05,2016-06-03,12.700713518779933,12.163622172772989,0.5370913460069442,full_anomaly_persistence,1.0,1.0,False,True,8,2008|2009|2010|2011|2012|2013|2014|2015,d10e9b41e05e09032b131fc33e31ddeb42c586ea90889d5365cfebc67a2b9389,2016-03-06,2016-04-04,30,6.1361814444444445,5.5990900984375,8,2008|2009|2010|2011|2012|2013|2014|2015,observation_time_proxy,historical data_available_time is unknown; observation_time is a pseudo-operational proxy
2016-04-05T00:00:00+00:00,2016-04-04,windermere,south,water_temperature,2.0,degC,month_3,2016-06-04,2016-07-03,16.696392536979168,16.159301190972222,0.5370913460069442,full_anomaly_persistence,1.0,1.0,False,True,8,2008|2009|2010|2011|2012|2013|2014|2015,5a80cb50d640ddd72e46ed18822c64a37b44247fdd81ce90bade2fca28243323,2016-03-06,2016-04-04,30,6.1361814444444445,5.5990900984375,8,2008|2009|2010|2011|2012|2013|2014|2015,observation_time_proxy,historical data_available_time is unknown; observation_time is a pseudo-operational proxy
2016-04-12T00:00:00+00:00,2016-04-11,windermere,south,water_temperature,2.0,degC,month_1,2016-04-12,2016-05-11,9.758790589285713,9.262069604563491,0.4967209847222218,full_anomaly_persistence,1.0,1.0,False,True,7,2008|2009|2011|2012|2013|2014|2015,0a02d1becb38bb992d9f71c5aa75607b7093ff79a341aa778e80faa9dd791be5,2016-03-13,2016-04-11,30,6.55547175,6.058750765277778,8,2008|2009|2010|2011|2012|2013|2014|2015,observation_time_proxy,historical data_available_time is unknown; observation_time is a pseudo-operational proxy
2016-04-12T00:00:00+00:00,2016-04-11,windermere,south,water_temperature,2.0,degC,month_2,2016-05-12,2016-06-10,13.794368532333573,13.297647547611351,0.4967209847222218,full_anomaly_persistence,1.0,1.0,False,True,8,2008|2009|2010|2011|2012|2013|2014|2015,650394b036516100279a07c23195399d9786da5648c9e8fffb81af8983313d23,2016-03-13,2016-04-11,30,6.55547175,6.058750765277778,8,2008|2009|2010|2011|2012|2013|2014|2015,observation_time_proxy,historical data_available_time is unknown; observation_time is a pseudo-operational proxy
2016-04-12T00:00:00+00:00,2016-04-11,windermere,south,water_temperature,2.0,degC,month_3,2016-06-11,2016-07-10,17.202346625196256,16.705625640474032,0.4967209847222218,full_anomaly_persistence,1.0,1.0,False,True,8,2008|2009|2010|2011|2012|2013|2014|2015,c5b8fed3d71b7626669725d60a91a6f7adbcf10ae1d02846e08ab6ffb54814fc,2016-03-13,2016-04-11,30,6.55547175,6.058750765277778,8,2008|2009|2010|2011|2012|2013|2014|2015,observation_time_proxy,historical data_available_time is unknown; observation_time is a pseudo-operational proxy
2016-04-19T00:00:00+00:00,2016-04-18,windermere,south,water_temperature,2.0,degC,month_1,2016-04-19,2016-05-18,10.426088638120039,10.08662692579365,0.339461712326389,full_anomaly_persistence,1.0,1.0,False,True,7,2008|2009|2011|2012|2013|2014|2015,530addc92dfbb8163e071eb15da4f87f84237b450a895440f39fa062bcc8cf80,2016-03-20,2016-04-18,30,7.004411361111111,6.664949648784722,8,2008|2009|2010|2011|2012|2013|2014|2015,observation_time_proxy,historical data_available_time is unknown; observation_time is a pseudo-operational proxy
2016-04-19T00:00:00+00:00,2016-04-18,windermere,south,water_temperature,2.0,degC,month_2,2016-05-19,2016-06-17,14.705038992001917,14.365577279675527,0.339461712326389,full_anomaly_persistence,1.0,1.0,False,True,8,2008|2009|2010|2011|2012|2013|2014|2015,8a29d2e9882df50d252580867c4597b86881f9b0b7c1ac97b127a3c3ed943c0b,2016-03-20,2016-04-18,30,7.004411361111111,6.664949648784722,8,2008|2009|2010|2011|2012|2013|2014|2015,observation_time_proxy,historical data_available_time is unknown; observation_time is a pseudo-operational proxy
2016-04-19T00:00:00+00:00,2016-04-18,windermere,south,water_temperature,2.0,degC,month_3,2016-06-18,2016-07-17,17.629822180136284,17.290360467809894,0.339461712326389,full_anomaly_persistence,1.0,1.0,False,True,8,2008|2009|2010|2011|2012|2013|2014|2015,9fa4aa9fa25e476743ecba13eb16cd497c50ac84c76b7e4f313799f83620dbd4,2016-03-20,2016-04-18,30,7.004411361111111,6.664949648784722,8,2008|2009|2010|2011|2012|2013|2014|2015,observation_time_proxy,historical data_available_time is unknown; observation_time is a pseudo-operational proxy
2016-04-26T00:00:00+00:00,2016-04-25,windermere,south,water_temperature,2.0,degC,month_1,2016-04-26,2016-05-25,10.994988813492064,10.887971467460318,0.10701734603174629,full_anomaly_persistence,1.0,1.0,False,True,7,2008|2009|2011|2012|2013|2014|2015,cdfd0e78af4b767b2e7849fb112871a413a4256071f861b2b93ca54a2bad1c3d,2016-03-27,2016-04-25,30,7.573059152777778,7.4660418067460315,7,2008|2009|2011|2012|2013|2014|2015,observation_time_proxy,historical data_available_time is unknown; observation_time is a pseudo-operational proxy
2016-04-26T00:00:00+00:00,2016-04-25,windermere,south,water_temperature,2.0,degC,month_2,2016-05-26,2016-06-24,15.322481420049945,15.215464074018199,0.10701734603174629,full_anomaly_persistence,1.0,1.0,False,True,8,2008|2009|2010|2011|2012|2013|2014|2015,517646a62815387061fd847cd79fbb5f1320492fa81fbf9dc7436dbada8eab7e,2016-03-27,2016-04-25,30,7.573059152777778,7.4660418067460315,7,2008|2009|2011|2012|2013|2014|2015,observation_time_proxy,historical data_available_time is unknown; observation_time is a pseudo-operational proxy
2016-04-26T00:00:00+00:00,2016-04-25,windermere,south,water_temperature,2.0,degC,month_3,2016-06-25,2016-07-24,17.845072258286084,17.738054912254338,0.10701734603174629,full_anomaly_persistence,1.0,1.0,False,True,8,2008|2009|2010|2011|2012|2013|2014|2015,ab815b45a220031bd20853844add5b4610d4b56ca2da959589d022cc3047d1fa,2016-03-27,2016-04-25,30,7.573059152777778,7.4660418067460315,7,2008|2009|2011|2012|2013|2014|2015,observation_time_proxy,historical data_available_time is unknown; observation_time is a pseudo-operational proxy
2016-05-03T00:00:00+00:00,2016-05-02,windermere,south,water_temperature,2.0,degC,month_1,2016-05-03,2016-06-01,11.692028019310174,11.857142915738745,-0.16511489642857136,full_anomaly_persistence,1.0,1.0,False,True,8,2008|2009|2010|2011|2012|2013|2014|2015,596b2ac813dc8d5a1e5119a46b30f0036cf262f40fa3a00bb1d8ca49318ed2db,2016-04-03,2016-05-02,30,8.040939125,8.20605402142857,7,2008|2009|2011|2012|2013|2014|2015,observation_time_proxy,historical data_available_time is unknown; observation_time is a pseudo-operational proxy
2016-05-03T00:00:00+00:00,2016-05-02,windermere,south,water_temperature,2.0,degC,month_2,2016-06-02,2016-07-01,15.800790810168651,15.965905706597223,-0.16511489642857136,full_anomaly_persistence,1.0,1.0,False,True,8,2008|2009|2010|2011|2012|2013|2014|2015,8ffc2d81ce5d68be657ffd4b8b659a9d32b5e2f154c8b0496a5c77e48a2bbc66,2016-04-03,2016-05-02,30,8.040939125,8.20605402142857,7,2008|2009|2011|2012|2013|2014|2015,observation_time_proxy,historical data_available_time is unknown; observation_time is a pseudo-operational proxy
2016-05-03T00:00:00+00:00,2016-05-02,windermere,south,water_temperature,2.0,degC,month_3,2016-07-02,2016-07-31,18.003536677656122,18.168651574084695,-0.16511489642857136,full_anomaly_persistence,1.0,1.0,False,True,8,2008|2009|2010|2011|2012|2013|2014|2015,ecf199708565688ecd789ed06b02d820ee3622e2f550911613a375459d20372a,2016-04-03,2016-05-02,30,8.040939125,8.20605402142857,7,2008|2009|2011|2012|2013|2014|2015,observation_time_proxy,historical data_available_time is unknown; observation_time is a pseudo-operational proxy
2016-05-10T00:00:00+00:00,2016-05-09,windermere,south,water_temperature,2.0,degC,month_1,2016-05-10,2016-06-08,12.58945084214987,12.972609903657807,-0.38315906150793744,full_anomaly_persistence,1.0,1.0,False,True,8,2008|2009|2010|2011|2012|2013|2014|2015,7b3d3b5b9dd26b9bb909823af231fc82ff59c7f75d4a867a4d9112e9cbf4578d,2016-04-10,2016-05-09,30,8.651643791666666,9.034802853174604,7,2008|2009|2011|2012|2013|2014|2015,observation_time_proxy,historical data_available_time is unknown; observation_time is a pseudo-operational proxy
2016-05-10T00:00:00+00:00,2016-05-09,windermere,south,water_temperature,2.0,degC,month_2,2016-06-09,2016-07-08,16.15299763799387,16.53615669950181,-0.38315906150793744,full_anomaly_persistence,1.0,1.0,False,True,8,2008|2009|2010|2011|2012|2013|2014|2015,ac4220b7b39d26efe0a1e6326029bf9f5b24fdf036213ebc76408d5b4a07579c,2016-04-10,2016-05-09,30,8.651643791666666,9.034802853174604,7,2008|2009|2011|2012|2013|2014|2015,observation_time_proxy,historical data_available_time is unknown; observation_time is a pseudo-operational proxy
2016-05-10T00:00:00+00:00,2016-05-09,windermere,south,water_temperature,2.0,degC,month_3,2016-07-09,2016-08-07,17.948417734701927,18.331576796209866,-0.38315906150793744,full_anomaly_persistence,1.0,1.0,False,True,8,2008|2009|2010|2011|2012|2013|2014|2015,40ee24e24ec780b113c2fa0bde233d27cce9fe46cc6c9ad94b6c1938ff63ddff,2016-04-10,2016-05-09,30,8.651643791666666,9.034802853174604,7,2008|2009|2011|2012|2013|2014|2015,observation_time_proxy,historical data_available_time is unknown; observation_time is a pseudo-operational proxy
2016-05-17T00:00:00+00:00,2016-05-16,windermere,south,water_temperature,2.0,degC,month_1,2016-05-17,2016-06-15,14.053815347513854,14.06749708679957,-0.013681739285715366,full_anomaly_persistence,1.0,1.0,False,True,8,2008|2009|2010|2011|2012|2013|2014|2015,43fd8235e3841a1a2a1afaacb837a1f06c346fc0855445e817b45fc7f628fe0a,2016-04-17,2016-05-16,30,9.843416902777777,9.857098642063493,7,2008|2009|2011|2012|2013|2014|2015,observation_time_proxy,historical data_available_time is unknown; observation_time is a pseudo-operational proxy
2016-05-17T00:00:00+00:00,2016-05-16,windermere,south,water_temperature,2.0,degC,month_2,2016-06-16,2016-07-15,17.132159490676955,17.14584122996267,-0.013681739285715366,full_anomaly_persistence,1.0,1.0,False,True,8,2008|2009|2010|2011|2012|2013|2014|2015,ff99dd8f5bfdbc15bb732545a0a416819578192b90e8b33b6050c6c46941703e,2016-04-17,2016-05-16,30,9.843416902777777,9.857098642063493,7,2008|2009|2011|2012|2013|2014|2015,observation_time_proxy,historical data_available_time is unknown; observation_time is a pseudo-operational proxy
2016-05-17T00:00:00+00:00,2016-05-16,windermere,south,water_temperature,2.0,degC,month_3,2016-07-16,2016-08-14,18.257562460243054,18.27124419952877,-0.013681739285715366,full_anomaly_persistence,1.0,1.0,False,True,8,2008|2009|2010|2011|2012|2013|2014|2015,3d2266a03051fce2e2364d944d7af75b4a6873c1671bee9047bb014b878b3d2c,2016-04-17,2016-05-16,30,9.843416902777777,9.857098642063493,7,2008|2009|2011|2012|2013|2014|2015,observation_time_proxy,historical data_available_time is unknown; observation_time is a pseudo-operational proxy
2016-05-24T00:00:00+00:00,2016-05-23,windermere,south,water_temperature,2.0,degC,month_1,2016-05-24,2016-06-22,15.323585592411568,15.009912686260776,0.31367290615079213,full_anomaly_persistence,1.0,1.0,False,True,8,2008|2009|2010|2011|2012|2013|2014|2015,e2450fdfe5ed13bdb8e1cb0a696a0d40fa46f0ef3677907516d14abc277db5a2,2016-04-24,2016-05-23,30,10.96525448611111,10.651581579960318,7,2008|2009|2011|2012|2013|2014|2015,observation_time_proxy,historical data_available_time is unknown; observation_time is a pseudo-operational proxy
2016-05-24T00:00:00+00:00,2016-05-23,windermere,south,water_temperature,2.0,degC,month_2,2016-06-23,2016-07-22,17.92088492778013,17.607212021629337,0.31367290615079213,full_anomaly_persistence,1.0,1.0,False,True,8,2008|2009|2010|2011|2012|2013|2014|2015,504c881b25988ef170b203eeeda92d44c1ebdabf068b4a345a26c4c6afff8ee9,2016-04-24,2016-05-23,30,10.96525448611111,10.651581579960318,7,2008|2009|2011|2012|2013|2014|2015,observation_time_proxy,historical data_available_time is unknown; observation_time is a pseudo-operational proxy
2016-05-24T00:00:00+00:00,2016-05-23,windermere,south,water_temperature,2.0,degC,month_3,2016-07-23,2016-08-21,18.44859994707341,18.13492704092262,0.31367290615079213,full_anomaly_persistence,1.0,1.0,False,True,8,2008|2009|2010|2011|2012|2013|2014|2015,fa5c1f49f5f30b62d17edad1f237019fd8457d9f748972bb8da17f9e86a36994,2016-04-24,2016-05-23,30,10.96525448611111,10.651581579960318,7,2008|2009|2011|2012|2013|2014|2015,observation_time_proxy,historical data_available_time is unknown; observation_time is a pseudo-operational proxy
2016-05-31T00:00:00+00:00,2016-05-30,windermere,south,water_temperature,2.0,degC,month_1,2016-05-31,2016-06-29,16.46861808891882,15.74755870923132,0.7210593796874996,full_anomaly_persistence,1.0,1.0,False,True,8,2008|2009|2010|2011|2012|2013|2014|2015,b761f310be82537e82e983a980184ebe08ce72a0ff73280150192d6d88668de1,2016-05-01,2016-05-30,30,12.308895791666666,11.587836411979167,8,2008|2009|2010|2011|2012|2013|2014|2015,observation_time_proxy,historical data_available_time is unknown; observation_time is a pseudo-operational proxy
2016-05-31T00:00:00+00:00,2016-05-30,windermere,south,water_temperature,2.0,degC,month_2,2016-06-30,2016-07-29,18.807408771356517,18.086349391669017,0.7210593796874996,full_anomaly_persistence,1.0,1.0,False,True,8,2008|2009|2010|2011|2012|2013|2014|2015,276b7b1997048e5a02e6837282128f30bdf81968cc4b2c69c267fc6955a276a1,2016-05-01,2016-05-30,30,12.308895791666666,11.587836411979167,8,2008|2009|2010|2011|2012|2013|2014|2015,observation_time_proxy,historical data_available_time is unknown; observation_time is a pseudo-operational proxy
2016-05-31T00:00:00+00:00,2016-05-30,windermere,south,water_temperature,2.0,degC,month_3,2016-07-30,2016-08-28,18.529509292385914,17.808449912698414,0.7210593796874996,full_anomaly_persistence,1.0,1.0,False,True,8,2008|2009|2010|2011|2012|2013|2014|2015,a0d63f41ba3b79becd8ebfccb2993fd201619a816657a5512b4c1c0a8a9d5642,2016-05-01,2016-05-30,30,12.308895791666666,11.587836411979167,8,2008|2009|2010|2011|2012|2013|2014|2015,observation_time_proxy,historical data_available_time is unknown; observation_time is a pseudo-operational proxy
2016-06-07T00:00:00+00:00,2016-06-06,windermere,south,water_temperature,2.0,degC,month_1,2016-06-07,2016-07-06,17.872564039839453,16.387765003321256,1.484799036518199,full_anomaly_persistence,1.0,1.0,False,True,8,2008|2009|2010|2011|2012|2013|2014|2015,6d4601097025f0f0400d95e72af155fbc702df6a1b24bd87e23f37e3c531aa6a,2016-05-08,2016-06-06,30,14.135705291666666,12.650906255148467,8,2008|2009|2010|2011|2012|2013|2014|2015,observation_time_proxy,historical data_available_time is unknown; observation_time is a pseudo-operational proxy
2016-06-07T00:00:00+00:00,2016-06-06,windermere,south,water_temperature,2.0,degC,month_2,2016-07-07,2016-08-05,19.777868575535607,18.293069539017406,1.484799036518199,full_anomaly_persistence,1.0,1.0,False,True,8,2008|2009|2010|2011|2012|2013|2014|2015,234a0d64e39bf650fd21986cae7672ac0174b1f8047f5516c4e57f6a40da5671,2016-05-08,2016-06-06,30,14.135705291666666,12.650906255148467,8,2008|2009|2010|2011|2012|2013|2014|2015,observation_time_proxy,historical data_available_time is unknown; observation_time is a pseudo-operational proxy
2016-06-07T00:00:00+00:00,2016-06-06,windermere,south,water_temperature,2.0,degC,month_3,2016-08-06,2016-09-04,18.952130661022167,17.46733162450397,1.484799036518199,full_anomaly_persistence,1.0,1.0,False,True,8,2008|2009|2010|2011|2012|2013|2014|2015,7646aaca06197a34cdd2221dcf14e1e254799a4569231d810d660be82dedfcfe,2016-05-08,2016-06-06,30,14.135705291666666,12.650906255148467,8,2008|2009|2010|2011|2012|2013|2014|2015,observation_time_proxy,historical data_available_time is unknown; observation_time is a pseudo-operational proxy
2016-06-14T00:00:00+00:00,2016-06-13,windermere,south,water_temperature,2.0,degC,month_1,2016-06-14,2016-07-13,19.257573068989252,16.968453318504338,2.2891197504849146,full_anomaly_persistence,1.0,1.0,False,True,8,2008|2009|2010|2011|2012|2013|2014|2015,e50ff6c067debb5cce76a81fb257f7a717db6b92932c1ff1ec9d9be4b5ddb781,2016-05-15,2016-06-13,30,16.061583708333334,13.77246395784842,8,2008|2009|2010|2011|2012|2013|2014|2015,observation_time_proxy,historical data_available_time is unknown; observation_time is a pseudo-operational proxy
2016-06-14T00:00:00+00:00,2016-06-13,windermere,south,water_temperature,2.0,degC,month_2,2016-07-14,2016-08-12,20.59111100978551,18.301991259300596,2.2891197504849146,full_anomaly_persistence,1.0,1.0,False,True,8,2008|2009|2010|2011|2012|2013|2014|2015,e3df332ded959a7e3cbc784650dc511a39ba48e35f841ff3e4dcd1c7c2d762d1,2016-05-15,2016-06-13,30,16.061583708333334,13.77246395784842,8,2008|2009|2010|2011|2012|2013|2014|2015,observation_time_proxy,historical data_available_time is unknown; observation_time is a pseudo-operational proxy
2016-06-14T00:00:00+00:00,2016-06-13,windermere,south,water_temperature,2.0,degC,month_3,2016-08-13,2016-09-11,19.38175186854047,17.092632118055555,2.2891197504849146,full_anomaly_persistence,1.0,1.0,False,True,8,2008|2009|2010|2011|2012|2013|2014|2015,1d9974ab418e8db1493533a474de2329c57ddc246729a09385b7d757624b9c4f,2016-05-15,2016-06-13,30,16.061583708333334,13.77246395784842,8,2008|2009|2010|2011|2012|2013|2014|2015,observation_time_proxy,historical data_available_time is unknown; observation_time is a pseudo-operational proxy
2016-06-21T00:00:00+00:00,2016-06-20,windermere,south,water_temperature,2.0,degC,month_1,2016-06-21,2016-07-20,20.128885528495957,17.479546834129337,2.6493386943666177,full_anomaly_persistence,1.0,1.0,False,True,8,2008|2009|2010|2011|2012|2013|2014|2015,521ecd0476b36feba7cf454cc599e45cd71882144f0350fdd8823884bf80ecbc,2016-05-22,2016-06-20,30,17.427190375,14.77785168063338,8,2008|2009|2010|2011|2012|2013|2014|2015,observation_time_proxy,historical data_available_time is unknown; observation_time is a pseudo-operational proxy
2016-06-21T00:00:00+00:00,2016-06-20,windermere,south,water_temperature,2.0,degC,month_2,2016-07-21,2016-08-19,20.84308402323567,18.19374532886905,2.6493386943666177,full_anomaly_persistence,1.0,1.0,False,True,8,2008|2009|2010|2011|2012|2013|2014|2015,1a18631d9cb485ccc2c306da8051709572202ea925e22cf8c00f0d292a6989f8,2016-05-22,2016-06-20,30,17.427190375,14.77785168063338,8,2008|2009|2010|2011|2012|2013|2014|2015,observation_time_proxy,historical data_available_time is unknown; observation_time is a pseudo-operational proxy
2016-06-21T00:00:00+00:00,2016-06-20,windermere,south,water_temperature,2.0,degC,month_3,2016-08-20,2016-09-18,19.320087852352728,16.670749157986112,2.6493386943666177,full_anomaly_persistence,1.0,1.0,False,True,8,2008|2009|2010|2011|2012|2013|2014|2015,0929f904be401aa61654e1f85b2e434b701ee21aaf19e52f9de03606ee6a6154,2016-05-22,2016-06-20,30,17.427190375,14.77785168063338,8,2008|2009|2010|2011|2012|2013|2014|2015,observation_time_proxy,historical data_available_time is unknown; observation_time is a pseudo-operational proxy
2016-06-28T00:00:00+00:00,2016-06-27,windermere,south,water_temperature,2.0,degC,month_1,2016-06-28,2016-07-27,20.809264573952134,17.959287548928188,2.8499770250239465,full_anomaly_persistence,1.0,1.0,False,True,8,2008|2009|2010|2011|2012|2013|2014|2015,0ed8e4c34f27be3a658c3e032944303e2dfb7725a232805010a59fecea61f5db,2016-05-29,2016-06-27,30,18.37590848611111,15.525931461087165,8,2008|2009|2010|2011|2012|2013|2014|2015,observation_time_proxy,historical data_available_time is unknown; observation_time is a pseudo-operational proxy
2016-06-28T00:00:00+00:00,2016-06-27,windermere,south,water_temperature,2.0,degC,month_2,2016-07-28,2016-08-26,20.767374263153393,17.917397238129446,2.8499770250239465,full_anomaly_persistence,1.0,1.0,False,True,8,2008|2009|2010|2011|2012|2013|2014|2015,5719c8fe01b1aec31eb0299321a2b5abfa0d7b451ae91fcd37d1d8d855c5c7cf,2016-05-29,2016-06-27,30,18.37590848611111,15.525931461087165,8,2008|2009|2010|2011|2012|2013|2014|2015,observation_time_proxy,historical data_available_time is unknown; observation_time is a pseudo-operational proxy
2016-06-28T00:00:00+00:00,2016-06-27,windermere,south,water_temperature,2.0,degC,month_3,2016-08-27,2016-09-25,19.032816090996167,16.18283906597222,2.8499770250239465,full_anomaly_persistence,1.0,1.0,False,True,8,2008|2009|2010|2011|2012|2013|2014|2015,eb66e922dbe08f6628c9c1b98759fff3b1c65985f8755c8af90340de5d028906,2016-05-29,2016-06-27,30,18.37590848611111,15.525931461087165,8,2008|2009|2010|2011|2012|2013|2014|2015,observation_time_proxy,historical data_available_time is unknown; observation_time is a pseudo-operational proxy
2016-07-05T00:00:00+00:00,2016-07-04,windermere,south,water_temperature,2.0,degC,month_1,2016-07-05,2016-08-03,20.69786449385156,18.24790452510156,2.449959968750001,full_anomaly_persistence,1.0,1.0,False,True,8,2008|2009|2010|2011|2012|2013|2014|2015,73c400f5d13dd21452cbf99690b177cba09a4dd1c48417be2b1c1c44e31acca7,2016-06-05,2016-07-04,30,18.684945666666668,16.234985697916667,8,2008|2009|2010|2011|2012|2013|2014|2015,observation_time_proxy,historical data_available_time is unknown; observation_time is a pseudo-operational proxy
2016-07-05T00:00:00+00:00,2016-07-04,windermere,south,water_temperature,2.0,degC,month_2,2016-08-04,2016-09-02,20.006342306795634,17.556382338045633,2.449959968750001,full_anomaly_persistence,1.0,1.0,False,True,8,2008|2009|2010|2011|2012|2013|2014|2015,0fd345c6155e2614fbfef315095c55fcfb2c0aaaac7543d0a164586ff9567740,2016-06-05,2016-07-04,30,18.684945666666668,16.234985697916667,8,2008|2009|2010|2011|2012|2013|2014|2015,observation_time_proxy,historical data_available_time is unknown; observation_time is a pseudo-operational proxy
2016-07-05T00:00:00+00:00,2016-07-04,windermere,south,water_temperature,2.0,degC,month_3,2016-09-03,2016-10-02,18.128490609375,15.678530640624999,2.449959968750001,full_anomaly_persistence,1.0,1.0,False,True,8,2008|2009|2010|2011|2012|2013|2014|2015,2c576c3482df12e6f4dd0c4a71a762544c6f8961ba81ed3d2f5da3ca3100fffe,2016-06-05,2016-07-04,30,18.684945666666668,16.234985697916667,8,2008|2009|2010|2011|2012|2013|2014|2015,observation_time_proxy,historical data_available_time is unknown; observation_time is a pseudo-operational proxy
2016-07-12T00:00:00+00:00,2016-07-11,windermere,south,water_temperature,2.0,degC,month_1,2016-07-12,2016-08-10,19.4652037537021,18.330045217092803,1.1351585366092962,full_anomaly_persistence,1.0,1.0,False,True,8,2008|2009|2010|2011|2012|2013|2014|2015,6e1ca0be07c0c2e8f2eac9335e18c65c6c20dca47516cf1309f5e56b620e1f91,2016-06-12,2016-07-11,30,17.927903833333332,16.792745296724036,8,2008|2009|2010|2011|2012|2013|2014|2015,observation_time_proxy,historical data_available_time is unknown; observation_time is a pseudo-operational proxy
2016-07-12T00:00:00+00:00,2016-07-11,windermere,south,water_temperature,2.0,degC,month_2,2016-08-11,2016-09-09,18.337095691123185,17.20193715451389,1.1351585366092962,full_anomaly_persistence,1.0,1.0,False,True,8,2008|2009|2010|2011|2012|2013|2014|2015,120eb36bb901cbef467dcb3ae79432ba6f8c0f4414eb051995dcbdbdd0940567,2016-06-12,2016-07-11,30,17.927903833333332,16.792745296724036,8,2008|2009|2010|2011|2012|2013|2014|2015,observation_time_proxy,historical data_available_time is unknown; observation_time is a pseudo-operational proxy
2016-07-12T00:00:00+00:00,2016-07-11,windermere,south,water_temperature,2.0,degC,month_3,2016-09-10,2016-10-09,16.21746535778985,15.082306821180556,1.1351585366092962,full_anomaly_persistence,1.0,1.0,False,True,8,2008|2009|2010|2011|2012|2013|2014|2015,ab5ffcfe838356bc7010494e5fa0494108e8bd79c41dbd825096d08b28f140a9,2016-06-12,2016-07-11,30,17.927903833333332,16.792745296724036,8,2008|2009|2010|2011|2012|2013|2014|2015,observation_time_proxy,historical data_available_time is unknown; observation_time is a pseudo-operational proxy
2016-07-19T00:00:00+00:00,2016-07-18,windermere,south,water_temperature,2.0,degC,month_1,2016-07-19,2016-08-17,18.17383362569209,18.233969590029762,-0.060135964337671766,full_anomaly_persistence,1.0,1.0,False,True,8,2008|2009|2010|2011|2012|2013|2014|2015,a7f0cfd653170017cde21cbb0a5ad0a4e4e02dd6d518a9555ef920ce36ac03df,2016-06-19,2016-07-18,30,17.293907333333333,17.354043297671005,8,2008|2009|2010|2011|2012|2013|2014|2015,observation_time_proxy,historical data_available_time is unknown; observation_time is a pseudo-operational proxy
2016-07-19T00:00:00+00:00,2016-07-18,windermere,south,water_temperature,2.0,degC,month_2,2016-08-18,2016-09-16,16.737741995731774,16.797877960069446,-0.060135964337671766,full_anomaly_persistence,1.0,1.0,False,True,8,2008|2009|2010|2011|2012|2013|2014|2015,b771ca3c6e4a40e258ca16cd30ef814e5f31352e2123e29f57dd335b8574a1f6,2016-06-19,2016-07-18,30,17.293907333333333,17.354043297671005,8,2008|2009|2010|2011|2012|2013|2014|2015,observation_time_proxy,historical data_available_time is unknown; observation_time is a pseudo-operational proxy
2016-07-19T00:00:00+00:00,2016-07-18,windermere,south,water_temperature,2.0,degC,month_3,2016-09-17,2016-10-16,14.376690837745661,14.436826802083333,-0.060135964337671766,full_anomaly_persistence,1.0,1.0,False,True,8,2008|2009|2010|2011|2012|2013|2014|2015,547f15716091d9f34a8ce19afe6e912cd56ccc108b8c9d826846795d5d57eb3e,2016-06-19,2016-07-18,30,17.293907333333333,17.354043297671005,8,2008|2009|2010|2011|2012|2013|2014|2015,observation_time_proxy,historical data_available_time is unknown; observation_time is a pseudo-operational proxy
2016-07-26T00:00:00+00:00,2016-07-25,windermere,south,water_temperature,2.0,degC,month_1,2016-07-26,2016-08-24,17.70767330190737,18.024789198536705,-0.3171158966293355,full_anomaly_persistence,1.0,1.0,False,True,8,2008|2009|2010|2011|2012|2013|2014|2015,00332ac0263919581f2042dc4acf84cac79e0c9c1c7b37d3ceb4dbf4b872fc0b,2016-06-26,2016-07-25,30,17.495638652777778,17.812754549407114,8,2008|2009|2010|2011|2012|2013|2014|2015,observation_time_proxy,historical data_available_time is unknown; observation_time is a pseudo-operational proxy
2016-07-26T00:00:00+00:00,2016-07-25,windermere,south,water_temperature,2.0,degC,month_2,2016-08-25,2016-09-23,16.01702254781511,16.334138444444445,-0.3171158966293355,full_anomaly_persistence,1.0,1.0,False,True,8,2008|2009|2010|2011|2012|2013|2014|2015,df369aafc483aecfbb88f03bcc77f842fbd2778134d7a3e49873d1cbe5277b16,2016-06-26,2016-07-25,30,17.495638652777778,17.812754549407114,8,2008|2009|2010|2011|2012|2013|2014|2015,observation_time_proxy,historical data_available_time is unknown; observation_time is a pseudo-operational proxy
2016-07-26T00:00:00+00:00,2016-07-25,windermere,south,water_temperature,2.0,degC,month_3,2016-09-24,2016-10-23,13.458955341217887,13.776071237847223,-0.3171158966293355,full_anomaly_persistence,1.0,1.0,False,True,8,2008|2009|2010|2011|2012|2013|2014|2015,b38f361ece39f5becc36a8f3d742cc0f971443ad87312bec03ec559373814bfd,2016-06-26,2016-07-25,30,17.495638652777778,17.812754549407114,8,2008|2009|2010|2011|2012|2013|2014|2015,observation_time_proxy,historical data_available_time is unknown; observation_time is a pseudo-operational proxy
2016-08-02T00:00:00+00:00,2016-08-01,windermere,south,water_temperature,2.0,degC,month_1,2016-08-02,2016-08-31,17.281675084769475,17.654852775545635,-0.3731776907761599,full_anomaly_persistence,1.0,1.0,False,True,8,2008|2009|2010|2011|2012|2013|2014|2015,f36774782ce3a8a4347e66746a440a5125968c4983a6e07af66011837cb87a8c,2016-07-03,2016-08-01,30,17.82127540277778,18.19445309355394,8,2008|2009|2010|2011|2012|2013|2014|2015,observation_time_proxy,historical data_available_time is unknown; observation_time is a pseudo-operational proxy
2016-08-02T00:00:00+00:00,2016-08-01,windermere,south,water_temperature,2.0,degC,month_2,2016-09-01,2016-09-30,15.445027444640507,15.818205135416667,-0.3731776907761599,full_anomaly_persistence,1.0,1.0,False,True,8,2008|2009|2010|2011|2012|2013|2014|2015,9040ad8d9a7d75c5f050066f41226e80ee6dc9b9ef6f33a20c5c6ab6f2269923,2016-07-03,2016-08-01,30,17.82127540277778,18.19445309355394,8,2008|2009|2010|2011|2012|2013|2014|2015,observation_time_proxy,historical data_available_time is unknown; observation_time is a pseudo-operational proxy
2016-08-02T00:00:00+00:00,2016-08-01,windermere,south,water_temperature,2.0,degC,month_3,2016-10-01,2016-10-30,12.693948474154396,13.067126164930556,-0.3731776907761599,full_anomaly_persistence,1.0,1.0,False,True,8,2008|2009|2010|2011|2012|2013|2014|2015,118632d4176d94300f20b0327fc6f7f83d04d8a772667e5147262c849a502e03,2016-07-03,2016-08-01,30,17.82127540277778,18.19445309355394,8,2008|2009|2010|2011|2012|2013|2014|2015,observation_time_proxy,historical data_available_time is unknown; observation_time is a pseudo-operational proxy
2016-08-09T00:00:00+00:00,2016-08-08,windermere,south,water_temperature,2.0,degC,month_1,2016-08-09,2016-09-07,17.111947664107593,17.3096995,-0.19775183589240797,full_anomaly_persistence,1.0,1.0,False,True,8,2008|2009|2010|2011|2012|2013|2014|2015,f7997ea95d9a7f4c6d7c041f6dcecdbb63d15a1ae9996aaf5ff432760b533622,2016-07-10,2016-08-08,30,18.142344069444444,18.340095905336852,8,2008|2009|2010|2011|2012|2013|2014|2015,observation_time_proxy,historical data_available_time is unknown; observation_time is a pseudo-operational proxy
2016-08-09T00:00:00+00:00,2016-08-08,windermere,south,water_temperature,2.0,degC,month_2,2016-09-08,2016-10-07,15.058706429732592,15.256458265625,-0.19775183589240797,full_anomaly_persistence,1.0,1.0,False,True,8,2008|2009|2010|2011|2012|2013|2014|2015,7c7eb1e414d53c4f39fbca86a21982f8053d9521b7fa3d7e497fd09ed8ea5d61,2016-07-10,2016-08-08,30,18.142344069444444,18.340095905336852,8,2008|2009|2010|2011|2012|2013|2014|2015,observation_time_proxy,historical data_available_time is unknown; observation_time is a pseudo-operational proxy
2016-08-09T00:00:00+00:00,2016-08-08,windermere,south,water_temperature,2.0,degC,month_3,2016-10-08,2016-11-06,12.133921382397146,12.331673218289554,-0.19775183589240797,full_anomaly_persistence,1.0,1.0,False,True,8,2008|2009|2010|2011|2012|2013|2014|2015,8413109e20f2b474e09dccad8eb7e80e86c52a7ae88ea153f8670c401f3b0150,2016-07-10,2016-08-08,30,18.142344069444444,18.340095905336852,8,2008|2009|2010|2011|2012|2013|2014|2015,observation_time_proxy,historical data_available_time is unknown; observation_time is a pseudo-operational proxy
2016-08-16T00:00:00+00:00,2016-08-15,windermere,south,water_temperature,2.0,degC,month_1,2016-08-16,2016-09-14,16.958629349454366,16.92060416840278,0.038025181051587253,full_anomaly_persistence,1.0,1.0,False,True,8,2008|2009|2010|2011|2012|2013|2014|2015,9becb1d0050c795d0d3d2d5603731f66332f42dd5e3af45ac6479fcd92adffd5,2016-07-17,2016-08-15,30,18.29788288888889,18.259857707837302,8,2008|2009|2010|2011|2012|2013|2014|2015,observation_time_proxy,historical data_available_time is unknown; observation_time is a pseudo-operational proxy
2016-08-16T00:00:00+00:00,2016-08-15,windermere,south,water_temperature,2.0,degC,month_2,2016-09-15,2016-10-14,14.655674458829365,14.617649277777778,0.038025181051587253,full_anomaly_persistence,1.0,1.0,False,True,8,2008|2009|2010|2011|2012|2013|2014|2015,0e948dadc253ca5e4ceb59c3db14cde2c637e158e837d9f72205de45dd5e3048,2016-07-17,2016-08-15,30,18.29788288888889,18.259857707837302,8,2008|2009|2010|2011|2012|2013|2014|2015,observation_time_proxy,historical data_available_time is unknown; observation_time is a pseudo-operational proxy
2016-08-16T00:00:00+00:00,2016-08-15,windermere,south,water_temperature,2.0,degC,month_3,2016-10-15,2016-11-13,11.64029802121614,11.602272840164552,0.038025181051587253,full_anomaly_persistence,1.0,1.0,False,True,8,2008|2009|2010|2011|2012|2013|2014|2015,c8b490cebcd6b96f62094b255b5d5cd249e9c3bc26174df5c609eb6f219c0988,2016-07-17,2016-08-15,30,18.29788288888889,18.259857707837302,8,2008|2009|2010|2011|2012|2013|2014|2015,observation_time_proxy,historical data_available_time is unknown; observation_time is a pseudo-operational proxy
2016-08-23T00:00:00+00:00,2016-08-22,windermere,south,water_temperature,2.0,degC,month_1,2016-08-23,2016-09-21,16.588944986979165,16.477823729166666,0.11112125781249915,full_anomaly_persistence,1.0,1.0,False,True,8,2008|2009|2010|2011|2012|2013|2014|2015,5f8e3ce5abdbdd7487e8d45d30159b348645786e765de93ae4854bb2025dd6f7,2016-07-24,2016-08-22,30,18.215246458333333,18.104125200520834,8,2008|2009|2010|2011|2012|2013|2014|2015,observation_time_proxy,historical data_available_time is unknown; observation_time is a pseudo-operational proxy
2016-08-23T00:00:00+00:00,2016-08-22,windermere,south,water_temperature,2.0,degC,month_2,2016-09-22,2016-10-21,14.08548163454861,13.974360376736112,0.11112125781249915,full_anomaly_persistence,1.0,1.0,False,True,8,2008|2009|2010|2011|2012|2013|2014|2015,883e6b7eb966eba5c309cb916afc4405de09b4b0f9ea499b2085a137ea520adc,2016-07-24,2016-08-22,30,18.215246458333333,18.104125200520834,8,2008|2009|2010|2011|2012|2013|2014|2015,observation_time_proxy,historical data_available_time is unknown; observation_time is a pseudo-operational proxy
2016-08-23T00:00:00+00:00,2016-08-22,windermere,south,water_temperature,2.0,degC,month_3,2016-10-22,2016-11-20,11.016963372282607,10.905842114470108,0.11112125781249915,full_anomaly_persistence,1.0,1.0,False,True,8,2008|2009|2010|2011|2012|2013|2014|2015,d615d0d477b035bddb75ac72805b467e3315c342442c5435ff781c6fee9448d3,2016-07-24,2016-08-22,30,18.215246458333333,18.104125200520834,8,2008|2009|2010|2011|2012|2013|2014|2015,observation_time_proxy,historical data_available_time is unknown; observation_time is a pseudo-operational proxy
2016-08-30T00:00:00+00:00,2016-08-29,windermere,south,water_temperature,2.0,degC,month_1,2016-08-30,2016-09-28,16.2654960577877,15.95973565625,0.30576040153770023,full_anomaly_persistence,1.0,1.0,False,True,8,2008|2009|2010|2011|2012|2013|2014|2015,d46c74945e6e364894f0b7b48b9b35b7e616acdca4a4d1bb7c057e04b94494ab,2016-07-31,2016-08-29,30,18.057681833333334,17.751921431795633,8,2008|2009|2010|2011|2012|2013|2014|2015,observation_time_proxy,historical data_available_time is unknown; observation_time is a pseudo-operational proxy
2016-08-30T00:00:00+00:00,2016-08-29,windermere,south,water_temperature,2.0,degC,month_2,2016-09-29,2016-10-28,13.5846446359127,13.278884234374999,0.30576040153770023,full_anomaly_persistence,1.0,1.0,False,True,8,2008|2009|2010|2011|2012|2013|2014|2015,94d62b30e580a6bc29f91394a751597f8f3aa5073964ea5db54f725e2bfe163f,2016-07-31,2016-08-29,30,18.057681833333334,17.751921431795633,8,2008|2009|2010|2011|2012|2013|2014|2015,observation_time_proxy,historical data_available_time is unknown; observation_time is a pseudo-operational proxy
2016-08-30T00:00:00+00:00,2016-08-29,windermere,south,water_temperature,2.0,degC,month_3,2016-10-29,2016-11-27,10.558468113750864,10.252707712213164,0.30576040153770023,full_anomaly_persistence,1.0,1.0,False,True,8,2008|2009|2010|2011|2012|2013|2014|2015,6bdb9d21e56f83c7d4c27f7595c0ccd4fa2dde3e9649fbbd424de6b70cb77a96,2016-07-31,2016-08-29,30,18.057681833333334,17.751921431795633,8,2008|2009|2010|2011|2012|2013|2014|2015,observation_time_proxy,historical data_available_time is unknown; observation_time is a pseudo-operational proxy
2016-09-06T00:00:00+00:00,2016-09-05,windermere,south,water_temperature,2.0,degC,month_1,2016-09-06,2016-10-05,15.894666646329364,15.423245661458333,0.4714209848710311,full_anomaly_persistence,1.0,1.0,False,True,8,2008|2009|2010|2011|2012|2013|2014|2015,41dc950a002738bd2069064438ade1b164adf8d5bec7492f7409f2749de8a682,2016-08-07,2016-09-05,30,17.892938333333333,17.421517348462302,8,2008|2009|2010|2011|2012|2013|2014|2015,observation_time_proxy,historical data_available_time is unknown; observation_time is a pseudo-operational proxy
2016-09-06T00:00:00+00:00,2016-09-05,windermere,south,water_temperature,2.0,degC,month_2,2016-10-06,2016-11-04,13.010309106285584,12.538888121414553,0.4714209848710311,full_anomaly_persistence,1.0,1.0,False,True,8,2008|2009|2010|2011|2012|2013|2014|2015,d80b9872e86093aaf2dde2132889dfa50a0807ff0186378e13835d9fa9d0bc11,2016-08-07,2016-09-05,30,17.892938333333333,17.421517348462302,8,2008|2009|2010|2011|2012|2013|2014|2015,observation_time_proxy,historical data_available_time is unknown; observation_time is a pseudo-operational proxy
2016-09-06T00:00:00+00:00,2016-09-05,windermere,south,water_temperature,2.0,degC,month_3,2016-11-05,2016-12-04,10.048523353741803,9.577102368870772,0.4714209848710311,full_anomaly_persistence,1.0,1.0,False,True,8,2008|2009|2010|2011|2012|2013|2014|2015,e56fb91ec70e58376eeecc44f8269e93c453843f037d1a4c15efe9f5dae618e4,2016-08-07,2016-09-05,30,17.892938333333333,17.421517348462302,8,2008|2009|2010|2011|2012|2013|2014|2015,observation_time_proxy,historical data_available_time is unknown; observation_time is a pseudo-operational proxy
2016-09-13T00:00:00+00:00,2016-09-12,windermere,south,water_temperature,2.0,degC,month_1,2016-09-13,2016-10-12,15.647084967013889,14.805519684027779,0.8415652829861102,full_anomaly_persistence,1.0,1.0,False,True,8,2008|2009|2010|2011|2012|2013|2014|2015,484616a42c2835fa24c400fca635e3403eaec5e522afcebec28ac446fec8ed53,2016-08-14,2016-09-12,30,17.879775819444443,17.038210536458333,8,2008|2009|2010|2011|2012|2013|2014|2015,observation_time_proxy,historical data_available_time is unknown; observation_time is a pseudo-operational proxy
2016-09-13T00:00:00+00:00,2016-09-12,windermere,south,water_temperature,2.0,degC,month_2,2016-10-13,2016-11-11,12.64988748200483,11.80832219901872,0.8415652829861102,full_anomaly_persistence,1.0,1.0,False,True,8,2008|2009|2010|2011|2012|2013|2014|2015,7e9f11f8c0edf713c181afd5edb6810883817e8d58d316bdf5869bd62a2a5937,2016-08-14,2016-09-12,30,17.879775819444443,17.038210536458333,8,2008|2009|2010|2011|2012|2013|2014|2015,observation_time_proxy,historical data_available_time is unknown; observation_time is a pseudo-operational proxy
2016-09-13T00:00:00+00:00,2016-09-12,windermere,south,water_temperature,2.0,degC,month_3,2016-11-12,2016-12-11,9.729367654287438,8.887802371301328,0.8415652829861102,full_anomaly_persistence,1.0,1.0,False,True,8,2008|2009|2010|2011|2012|2013|2014|2015,67bfdc57028588ab0958ce99cb4475ca05d02bc57a524ecee4d46b802221918b,2016-08-14,2016-09-12,30,17.879775819444443,17.038210536458333,8,2008|2009|2010|2011|2012|2013|2014|2015,observation_time_proxy,historical data_available_time is unknown; observation_time is a pseudo-operational proxy
2016-09-20T00:00:00+00:00,2016-09-19,windermere,south,water_temperature,2.0,degC,month_1,2016-09-20,2016-10-19,15.305618848958332,14.16303557638889,1.1425832725694427,full_anomaly_persistence,1.0,1.0,False,True,8,2008|2009|2010|2011|2012|2013|2014|2015,4d62072e8b1f6eb6a12902e29384ff0fcc2aac31f8de98cc83e92870eef634b5,2016-08-21,2016-09-19,30,17.75143973611111,16.608856463541667,8,2008|2009|2010|2011|2012|2013|2014|2015,observation_time_proxy,historical data_available_time is unknown; observation_time is a pseudo-operational proxy
2016-09-20T00:00:00+00:00,2016-09-19,windermere,south,water_temperature,2.0,degC,month_2,2016-10-20,2016-11-18,12.241986082352051,11.099402809782609,1.1425832725694427,full_anomaly_persistence,1.0,1.0,False,True,8,2008|2009|2010|2011|2012|2013|2014|2015,34076dfeeb175deda657a1923f85d7905204aaed615958fb0ddb84ba5265089e,2016-08-21,2016-09-19,30,17.75143973611111,16.608856463541667,8,2008|2009|2010|2011|2012|2013|2014|2015,observation_time_proxy,historical data_available_time is unknown; observation_time is a pseudo-operational proxy
2016-09-20T00:00:00+00:00,2016-09-19,windermere,south,water_temperature,2.0,degC,month_3,2016-11-19,2016-12-18,9.35216002963466,8.209576757065218,1.1425832725694427,full_anomaly_persistence,1.0,1.0,False,True,8,2008|2009|2010|2011|2012|2013|2014|2015,d3c25d5af9f3b8a93c7cf77109990485f9bb05febdcae3d97dc9845bb84461a2,2016-08-21,2016-09-19,30,17.75143973611111,16.608856463541667,8,2008|2009|2010|2011|2012|2013|2014|2015,observation_time_proxy,historical data_available_time is unknown; observation_time is a pseudo-operational proxy
2016-09-27T00:00:00+00:00,2016-09-26,windermere,south,water_temperature,2.0,degC,month_1,2016-09-27,2016-10-26,14.883781065972224,13.483554338541667,1.4002267274305567,full_anomaly_persistence,1.0,1.0,False,True,8,2008|2009|2010|2011|2012|2013|2014|2015,8e1f659ca62cbcf4f762858133d7e77d33b1d97fec150ac4ddbb55f32f3fa906,2016-08-28,2016-09-26,30,17.50476101388889,16.104534286458332,8,2008|2009|2010|2011|2012|2013|2014|2015,observation_time_proxy,historical data_available_time is unknown; observation_time is a pseudo-operational proxy
2016-09-27T00:00:00+00:00,2016-09-26,windermere,south,water_temperature,2.0,degC,month_2,2016-10-27,2016-11-25,11.839286626796499,10.439059899365942,1.4002267274305567,full_anomaly_persistence,1.0,1.0,False,True,8,2008|2009|2010|2011|2012|2013|2014|2015,a9704a759111d2e11095afb25743f55e0fe84e01b405b326154e97c6b996c83c,2016-08-28,2016-09-26,30,17.50476101388889,16.104534286458332,8,2008|2009|2010|2011|2012|2013|2014|2015,observation_time_proxy,historical data_available_time is unknown; observation_time is a pseudo-operational proxy
2016-09-27T00:00:00+00:00,2016-09-26,windermere,south,water_temperature,2.0,degC,month_3,2016-11-26,2016-12-25,8.964900041787441,7.5646733143568845,1.4002267274305567,full_anomaly_persistence,1.0,1.0,False,True,8,2008|2009|2010|2011|2012|2013|2014|2015,b3ecf2d5b22f9dd2cb0856563df792e8ff296367afeaa55988429327323873bb,2016-08-28,2016-09-26,30,17.50476101388889,16.104534286458332,8,2008|2009|2010|2011|2012|2013|2014|2015,observation_time_proxy,historical data_available_time is unknown; observation_time is a pseudo-operational proxy
2016-10-04T00:00:00+00:00,2016-10-03,windermere,south,water_temperature,2.0,degC,month_1,2016-10-04,2016-11-02,14.113285764643718,12.746537915685387,1.3667478489583313,full_anomaly_persistence,1.0,1.0,False,True,8,2008|2009|2010|2011|2012|2013|2014|2015,3282f884b84a4b25f64d9f916b97b7b4f6edd4c634d5a593214dcd7badc0d4f9,2016-09-04,2016-10-03,30,16.96506108333333,15.598313234375,8,2008|2009|2010|2011|2012|2013|2014|2015,observation_time_proxy,historical data_available_time is unknown; observation_time is a pseudo-operational proxy
2016-10-04T00:00:00+00:00,2016-10-03,windermere,south,water_temperature,2.0,degC,month_2,2016-11-03,2016-12-02,11.139932534201387,9.773184685243056,1.3667478489583313,full_anomaly_persistence,1.0,1.0,False,True,8,2008|2009|2010|2011|2012|2013|2014|2015,97b2b4c4dc7304ff0c64951b68727498dbb35b18924bd98b5ca0adae644758c5,2016-09-04,2016-10-03,30,16.96506108333333,15.598313234375,8,2008|2009|2010|2011|2012|2013|2014|2015,observation_time_proxy,historical data_available_time is unknown; observation_time is a pseudo-operational proxy
2016-10-04T00:00:00+00:00,2016-10-03,windermere,south,water_temperature,2.0,degC,month_3,2016-12-03,2017-01-01,8.379909920799495,7.013162071841163,1.3667478489583313,full_anomaly_persistence,1.0,1.0,False,True,8,2008|2009|2010|2011|2012|2013|2014|2015,cecf63ebe7a9102af16cf9e9cf043ae777404c3f194366174095e4666c4e05d2,2016-09-04,2016-10-03,30,16.96506108333333,15.598313234375,8,2008|2009|2010|2011|2012|2013|2014|2015,observation_time_proxy,historical data_available_time is unknown; observation_time is a pseudo-operational proxy
2016-10-11T00:00:00+00:00,2016-10-10,windermere,south,water_temperature,2.0,degC,month_1,2016-10-11,2016-11-09,13.315865762039552,12.016237621414554,1.299628140624998,full_anomaly_persistence,1.0,1.0,False,True,8,2008|2009|2010|2011|2012|2013|2014|2015,98ac500e174da9cec7925a3b93f81708107d654ed40e56ce118974c8b75e4bb7,2016-09-11,2016-10-10,30,16.29202886111111,14.992400720486112,8,2008|2009|2010|2011|2012|2013|2014|2015,observation_time_proxy,historical data_available_time is unknown; observation_time is a pseudo-operational proxy
2016-10-11T00:00:00+00:00,2016-10-10,windermere,south,water_temperature,2.0,degC,month_2,2016-11-10,2016-12-09,10.384668415919382,9.085040275294384,1.299628140624998,full_anomaly_persistence,1.0,1.0,False,True,8,2008|2009|2010|2011|2012|2013|2014|2015,a0fdb18953c0c89adf5b27fc56bb9c6798a25645ce2ce801cbb5d008b42f2f25,2016-09-11,2016-10-10,30,16.29202886111111,14.992400720486112,8,2008|2009|2010|2011|2012|2013|2014|2015,observation_time_proxy,historical data_available_time is unknown; observation_time is a pseudo-operational proxy
2016-10-11T00:00:00+00:00,2016-10-10,windermere,south,water_temperature,2.0,degC,month_3,2016-12-10,2017-01-08,7.633532510405881,6.333904369780883,1.299628140624998,full_anomaly_persistence,1.0,1.0,False,True,7,2008|2009|2010|2011|2012|2013|2014,7c60ba41d96d091faa5bff510148d5fa23dce275919cb436d51664d6cc87797d,2016-09-11,2016-10-10,30,16.29202886111111,14.992400720486112,8,2008|2009|2010|2011|2012|2013|2014|2015,observation_time_proxy,historical data_available_time is unknown; observation_time is a pseudo-operational proxy
2016-10-18T00:00:00+00:00,2016-10-17,windermere,south,water_temperature,2.0,degC,month_1,2016-10-18,2016-11-16,12.40885863026872,11.296811944504832,1.1120466857638878,full_anomaly_persistence,1.0,1.0,False,True,8,2008|2009|2010|2011|2012|2013|2014|2015,82544eaccb8fe0be556463d4ac7c3ba92a9bda572f37db7375e7835e0b2fc0a3,2016-09-18,2016-10-17,30,15.459576958333333,14.347530272569445,8,2008|2009|2010|2011|2012|2013|2014|2015,observation_time_proxy,historical data_available_time is unknown; observation_time is a pseudo-operational proxy
2016-10-18T00:00:00+00:00,2016-10-17,windermere,south,water_temperature,2.0,degC,month_2,2016-11-17,2016-12-16,9.511410124599939,8.399363438836051,1.1120466857638878,full_anomaly_persistence,1.0,1.0,False,True,8,2008|2009|2010|2011|2012|2013|2014|2015,6ce376896911f1545319e46686b09c9984e31bf0db413463d22392286b42c83d,2016-09-18,2016-10-17,30,15.459576958333333,14.347530272569445,8,2008|2009|2010|2011|2012|2013|2014|2015,observation_time_proxy,historical data_available_time is unknown; observation_time is a pseudo-operational proxy
2016-10-18T00:00:00+00:00,2016-10-17,windermere,south,water_temperature,2.0,degC,month_3,2016-12-17,2017-01-15,7.0634149692352475,5.95136828347136,1.1120466857638878,full_anomaly_persistence,1.0,1.0,False,True,7,2008|2009|2010|2011|2012|2013|2014,5f605db75f495ed8de53f613fe427be013e78600cdd6779f2f65e99f938c8291,2016-09-18,2016-10-17,30,15.459576958333333,14.347530272569445,8,2008|2009|2010|2011|2012|2013|2014|2015,observation_time_proxy,historical data_available_time is unknown; observation_time is a pseudo-operational proxy
2016-10-25T00:00:00+00:00,2016-10-24,windermere,south,water_temperature,2.0,degC,month_1,2016-10-25,2016-11-23,11.430482551970108,10.624725373150664,0.8057571788194444,full_anomaly_persistence,1.0,1.0,False,True,8,2008|2009|2010|2011|2012|2013|2014|2015,cc178468d703cbe38230704493bd2051d29b57de8fe64fd0260bfa4d32652f86,2016-09-25,2016-10-24,30,14.485473875,13.679716696180556,8,2008|2009|2010|2011|2012|2013|2014|2015,observation_time_proxy,historical data_available_time is unknown; observation_time is a pseudo-operational proxy
2016-10-25T00:00:00+00:00,2016-10-24,windermere,south,water_temperature,2.0,degC,month_2,2016-11-24,2016-12-23,8.547834986405494,7.742077807586051,0.8057571788194444,full_anomaly_persistence,1.0,1.0,False,True,8,2008|2009|2010|2011|2012|2013|2014|2015,24dd7723995529b04800755f697802014ac0a4f466c4a7e66a62394230df48c1,2016-09-25,2016-10-24,30,14.485473875,13.679716696180556,8,2008|2009|2010|2011|2012|2013|2014|2015,observation_time_proxy,historical data_available_time is unknown; observation_time is a pseudo-operational proxy
2016-10-25T00:00:00+00:00,2016-10-24,windermere,south,water_temperature,2.0,degC,month_3,2016-12-24,2017-01-22,6.438356751151348,5.632599572331904,0.8057571788194444,full_anomaly_persistence,1.0,1.0,False,True,7,2008|2009|2010|2011|2012|2013|2014,3d0ab420287d3a0d303cddd49ff9faab4e3d30d3e67c6e522342ede135077863,2016-09-25,2016-10-24,30,14.485473875,13.679716696180556,8,2008|2009|2010|2011|2012|2013|2014|2015,observation_time_proxy,historical data_available_time is unknown; observation_time is a pseudo-operational proxy
2016-11-01T00:00:00+00:00,2016-10-31,windermere,south,water_temperature,2.0,degC,month_1,2016-11-01,2016-11-30,10.650715909661836,9.968959117013888,0.6817567926479473,full_anomaly_persistence,1.0,1.0,False,True,8,2008|2009|2010|2011|2012|2013|2014|2015,be9fd55e4d37df0c3e877d45d8e39c328795fc1d4d1c59062433e1d9f67ed602,2016-10-02,2016-10-31,30,13.639668791666667,12.95791199901872,8,2008|2009|2010|2011|2012|2013|2014|2015,observation_time_proxy,historical data_available_time is unknown; observation_time is a pseudo-operational proxy
2016-11-01T00:00:00+00:00,2016-10-31,windermere,south,water_temperature,2.0,degC,month_2,2016-12-01,2016-12-30,7.841727310303442,7.159970517655495,0.6817567926479473,full_anomaly_persistence,1.0,1.0,False,True,8,2008|2009|2010|2011|2012|2013|2014|2015,edb3653c54990a9546177895f3f77ad65230fbf4d14b683d01cea313f365ae2f,2016-10-02,2016-10-31,30,13.639668791666667,12.95791199901872,8,2008|2009|2010|2011|2012|2013|2014|2015,observation_time_proxy,historical data_available_time is unknown; observation_time is a pseudo-operational proxy
2016-11-01T00:00:00+00:00,2016-10-31,windermere,south,water_temperature,2.0,degC,month_3,2016-12-31,2017-01-29,6.021454257553547,5.3396974649055995,0.6817567926479473,full_anomaly_persistence,1.0,1.0,False,True,7,2008|2009|2010|2011|2012|2013|2014,2546f8b97fcaba589597078dccc000fa7edc1f3944db16cd7f91b3d40e9c95dc,2016-10-02,2016-10-31,30,13.639668791666667,12.95791199901872,8,2008|2009|2010|2011|2012|2013|2014|2015,observation_time_proxy,historical data_available_time is unknown; observation_time is a pseudo-operational proxy
2016-11-08T00:00:00+00:00,2016-11-07,windermere,south,water_temperature,2.0,degC,month_1,2016-11-08,2016-12-07,9.898898683220109,9.280640995259661,0.6182576879604476,full_anomaly_persistence,1.0,1.0,False,True,8,2008|2009|2010|2011|2012|2013|2014|2015,d0c0105830f5bd650d51d0339b14c9e52f052cf5f8ca41261b0f14184a607ed7,2016-10-09,2016-11-07,30,12.844468277777779,12.226210589817331,8,2008|2009|2010|2011|2012|2013|2014|2015,observation_time_proxy,historical data_available_time is unknown; observation_time is a pseudo-operational proxy
2016-11-08T00:00:00+00:00,2016-11-07,windermere,south,water_temperature,2.0,degC,month_2,2016-12-08,2017-01-06,7.077853871233394,6.4595961832729465,0.6182576879604476,full_anomaly_persistence,1.0,1.0,False,True,7,2008|2009|2010|2011|2012|2013|2014,ed95314b62490e7c603286f467093528bc0f2fab66ec8b26dea3f9f7b681bfca,2016-10-09,2016-11-07,30,12.844468277777779,12.226210589817331,8,2008|2009|2010|2011|2012|2013|2014|2015,observation_time_proxy,historical data_available_time is unknown; observation_time is a pseudo-operational proxy
2016-11-08T00:00:00+00:00,2016-11-07,windermere,south,water_temperature,2.0,degC,month_3,2017-01-07,2017-02-05,5.742387450224832,5.124129762264385,0.6182576879604476,full_anomaly_persistence,1.0,1.0,False,True,8,2008|2009|2010|2011|2012|2013|2014|2015,52a856524172d2040b308d6bc3498abcdd6befa01bf064ece6937f6481b551d7,2016-10-09,2016-11-07,30,12.844468277777779,12.226210589817331,8,2008|2009|2010|2011|2012|2013|2014|2015,observation_time_proxy,historical data_available_time is unknown; observation_time is a pseudo-operational proxy
2016-11-15T00:00:00+00:00,2016-11-14,windermere,south,water_temperature,2.0,degC,month_1,2016-11-15,2016-12-14,8.985656203706219,8.595469398037439,0.3901868056687796,full_anomaly_persistence,1.0,1.0,False,True,8,2008|2009|2010|2011|2012|2013|2014|2015,4fc23931fb9d38bb059c1c47f6d9892df5d000a691b3f84f9359126078b1983d,2016-10-16,2016-11-14,30,11.88892486111111,11.498738055442331,8,2008|2009|2010|2011|2012|2013|2014|2015,observation_time_proxy,historical data_available_time is unknown; observation_time is a pseudo-operational proxy
2016-11-15T00:00:00+00:00,2016-11-14,windermere,south,water_temperature,2.0,degC,month_2,2016-12-15,2017-01-13,6.441018878822678,6.050832073153899,0.3901868056687796,full_anomaly_persistence,1.0,1.0,False,True,7,2008|2009|2010|2011|2012|2013|2014,3517e77fe8656fc30b94ddbb2e27fa740556959da162c399e5d39c7297888d8c,2016-10-16,2016-11-14,30,11.88892486111111,11.498738055442331,8,2008|2009|2010|2011|2012|2013|2014|2015,observation_time_proxy,historical data_available_time is unknown; observation_time is a pseudo-operational proxy
2016-11-15T00:00:00+00:00,2016-11-14,windermere,south,water_temperature,2.0,degC,month_3,2017-01-14,2017-02-12,5.307328246368185,4.917141440699405,0.3901868056687796,full_anomaly_persistence,1.0,1.0,False,True,8,2008|2009|2010|2011|2012|2013|2014|2015,af4cb1f6aefe3ba1d3b2e705e3bd00b8fce19cc790bb39e1987bf08b446e4957,2016-10-16,2016-11-14,30,11.88892486111111,11.498738055442331,8,2008|2009|2010|2011|2012|2013|2014|2015,observation_time_proxy,historical data_available_time is unknown; observation_time is a pseudo-operational proxy
2016-11-22T00:00:00+00:00,2016-11-21,windermere,south,water_temperature,2.0,degC,month_1,2016-11-22,2016-12-21,8.101915932178443,7.926513648558273,0.17540228362016919,full_anomaly_persistence,1.0,1.0,False,True,8,2008|2009|2010|2011|2012|2013|2014|2015,7aab474d0e52e6e0c9341e9496f34bdc2e5df2ae4f5c57ed18bb2362cc6f3a1c,2016-10-23,2016-11-21,30,10.986718847222223,10.811316563602054,8,2008|2009|2010|2011|2012|2013|2014|2015,observation_time_proxy,historical data_available_time is unknown; observation_time is a pseudo-operational proxy
2016-11-22T00:00:00+00:00,2016-11-21,windermere,south,water_temperature,2.0,degC,month_2,2016-12-22,2017-01-20,5.898798421414091,5.723396137793922,0.17540228362016919,full_anomaly_persistence,1.0,1.0,False,True,7,2008|2009|2010|2011|2012|2013|2014,dccf9b6db97505201f0b725234d415b375d5f2e1894feb16feffbf9590a09580,2016-10-23,2016-11-21,30,10.986718847222223,10.811316563602054,8,2008|2009|2010|2011|2012|2013|2014|2015,observation_time_proxy,historical data_available_time is unknown; observation_time is a pseudo-operational proxy
2016-11-22T00:00:00+00:00,2016-11-21,windermere,south,water_temperature,2.0,degC,month_3,2017-01-21,2017-02-19,4.920290627891003,4.744888344270834,0.17540228362016919,full_anomaly_persistence,1.0,1.0,False,True,8,2008|2009|2010|2011|2012|2013|2014|2015,bcf07abfd7e8766d8d4264cc0392a912d7d2d6923f1fb265353ba33917e99dc3,2016-10-23,2016-11-21,30,10.986718847222223,10.811316563602054,8,2008|2009|2010|2011|2012|2013|2014|2015,observation_time_proxy,historical data_available_time is unknown; observation_time is a pseudo-operational proxy
2016-11-29T00:00:00+00:00,2016-11-28,windermere,south,water_temperature,2.0,degC,month_1,2016-11-29,2016-12-28,7.220676078879832,7.317171450467995,-0.09649537158816379,full_anomaly_persistence,1.0,1.0,False,True,8,2008|2009|2010|2011|2012|2013|2014|2015,aa3108970cb0a8524f0b74a99fc2440e672c52dc571ccc13bab9049eccdf981f,2016-10-30,2016-11-28,30,10.061640055555555,10.15813542714372,8,2008|2009|2010|2011|2012|2013|2014|2015,observation_time_proxy,historical data_available_time is unknown; observation_time is a pseudo-operational proxy
2016-11-29T00:00:00+00:00,2016-11-28,windermere,south,water_temperature,2.0,degC,month_2,2016-12-29,2017-01-27,5.322809564746008,5.419304936334171,-0.09649537158816379,full_anomaly_persistence,1.0,1.0,False,True,7,2008|2009|2010|2011|2012|2013|2014,f33a39054e6d9c66eba33379387c2a0780f1e2f4f5b235d957826bad9798d3a2,2016-10-30,2016-11-28,30,10.061640055555555,10.15813542714372,8,2008|2009|2010|2011|2012|2013|2014|2015,observation_time_proxy,historical data_available_time is unknown; observation_time is a pseudo-operational proxy
2016-11-29T00:00:00+00:00,2016-11-28,windermere,south,water_temperature,2.0,degC,month_3,2017-01-28,2017-02-26,4.533117110009059,4.629612481597222,-0.09649537158816379,full_anomaly_persistence,1.0,1.0,False,True,8,2008|2009|2010|2011|2012|2013|2014|2015,4c22978238b80e3015c938489c11e5ad0adad392676d42d0132859b72ef5a50a,2016-10-30,2016-11-28,30,10.061640055555555,10.15813542714372,8,2008|2009|2010|2011|2012|2013|2014|2015,observation_time_proxy,historical data_available_time is unknown; observation_time is a pseudo-operational proxy
2016-12-06T00:00:00+00:00,2016-12-05,windermere,south,water_temperature,2.0,degC,month_1,2016-12-06,2017-01-04,6.232328523479555,6.596667787836439,-0.36433926435688413,full_anomaly_persistence,1.0,1.0,False,True,7,2008|2009|2010|2011|2012|2013|2014,0c97e231df30451c9d3bd6d5dddeaa8f5afbccb7c1d433d418ebf656f4393bf7,2016-11-06,2016-12-05,30,9.112896625,9.477235889356884,8,2008|2009|2010|2011|2012|2013|2014|2015,observation_time_proxy,historical data_available_time is unknown; observation_time is a pseudo-operational proxy
2016-12-06T00:00:00+00:00,2016-12-05,windermere,south,water_temperature,2.0,degC,month_2,2017-01-05,2017-02-03,4.828224740615834,5.192564004972718,-0.36433926435688413,full_anomaly_persistence,1.0,1.0,False,True,8,2008|2009|2010|2011|2012|2013|2014|2015,1cb6e34462aec9c0a6cbff80d1c0605cc56e2640b9ca0c2c06ebefbffb3821be,2016-11-06,2016-12-05,30,9.112896625,9.477235889356884,8,2008|2009|2010|2011|2012|2013|2014|2015,observation_time_proxy,historical data_available_time is unknown; observation_time is a pseudo-operational proxy
2016-12-06T00:00:00+00:00,2016-12-05,windermere,south,water_temperature,2.0,degC,month_3,2017-02-04,2017-03-05,4.2453687509208935,4.609708015277778,-0.36433926435688413,full_anomaly_persistence,1.0,1.0,False,True,8,2008|2009|2010|2011|2012|2013|2014|2015,e0bf94136392496ec241c55fa686091b6e9caebbb6f9fa0aef44cfc429c09a19,2016-11-06,2016-12-05,30,9.112896625,9.477235889356884,8,2008|2009|2010|2011|2012|2013|2014|2015,observation_time_proxy,historical data_available_time is unknown; observation_time is a pseudo-operational proxy
2016-12-13T00:00:00+00:00,2016-12-12,windermere,south,water_temperature,2.0,degC,month_1,2016-12-13,2017-01-11,5.831201796445825,6.157363447955486,-0.32616165150966125,full_anomaly_persistence,1.0,1.0,False,True,7,2008|2009|2010|2011|2012|2013|2014,001b79ade17b0cd92c56df3642af5fe15a2409c8672c945d7cc5209305673289,2016-11-13,2016-12-12,30,8.464093861111111,8.790255512620773,8,2008|2009|2010|2011|2012|2013|2014|2015,observation_time_proxy,historical data_available_time is unknown; observation_time is a pseudo-operational proxy
2016-12-13T00:00:00+00:00,2016-12-12,windermere,south,water_temperature,2.0,degC,month_2,2017-01-12,2017-02-10,4.648653088656509,4.97481474016617,-0.32616165150966125,full_anomaly_persistence,1.0,1.0,False,True,8,2008|2009|2010|2011|2012|2013|2014|2015,fdc17a129238a5471b4ff58a38d082e7b53861518247e98fac9277ab51994078,2016-11-13,2016-12-12,30,8.464093861111111,8.790255512620773,8,2008|2009|2010|2011|2012|2013|2014|2015,observation_time_proxy,historical data_available_time is unknown; observation_time is a pseudo-operational proxy
2016-12-13T00:00:00+00:00,2016-12-12,windermere,south,water_temperature,2.0,degC,month_3,2017-02-11,2017-03-12,4.347661602483394,4.6738232539930555,-0.32616165150966125,full_anomaly_persistence,1.0,1.0,False,True,8,2008|2009|2010|2011|2012|2013|2014|2015,8acd80c03f80d51939f5464f07848e9b64886abc273d8eb64a1346ea731b306b,2016-11-13,2016-12-12,30,8.464093861111111,8.790255512620773,8,2008|2009|2010|2011|2012|2013|2014|2015,observation_time_proxy,historical data_available_time is unknown; observation_time is a pseudo-operational proxy
2016-12-20T00:00:00+00:00,2016-12-19,windermere,south,water_temperature,2.0,degC,month_1,2016-12-20,2017-01-18,5.678438170478563,5.813393213828502,-0.13495504334993935,full_anomaly_persistence,1.0,1.0,False,True,7,2008|2009|2010|2011|2012|2013|2014,db63a3a2777857b7f84ea5afc799ab497e459b3581c63a30116cb2ffc14ee9dc,2016-11-20,2016-12-19,30,7.979296375,8.114251418349939,8,2008|2009|2010|2011|2012|2013|2014|2015,observation_time_proxy,historical data_available_time is unknown; observation_time is a pseudo-operational proxy
2016-12-20T00:00:00+00:00,2016-12-19,windermere,south,water_temperature,2.0,degC,month_2,2017-01-19,2017-02-17,4.654321797795894,4.789276841145833,-0.13495504334993935,full_anomaly_persistence,1.0,1.0,False,True,8,2008|2009|2010|2011|2012|2013|2014|2015,930d6778467ed8975946db13f06adcff1190606b4d8cfd724db543b14ceff078,2016-11-20,2016-12-19,30,7.979296375,8.114251418349939,8,2008|2009|2010|2011|2012|2013|2014|2015,observation_time_proxy,historical data_available_time is unknown; observation_time is a pseudo-operational proxy
2016-12-20T00:00:00+00:00,2016-12-19,windermere,south,water_temperature,2.0,degC,month_3,2017-02-18,2017-03-19,4.704812384775061,4.8397674281250005,-0.13495504334993935,full_anomaly_persistence,1.0,1.0,False,True,8,2008|2009|2010|2011|2012|2013|2014|2015,1640d34e7164ee08fb07134c63d02f0d5d39ef4e59efcaa83be35bbff3139aae,2016-11-20,2016-12-19,30,7.979296375,8.114251418349939,8,2008|2009|2010|2011|2012|2013|2014|2015,observation_time_proxy,historical data_available_time is unknown; observation_time is a pseudo-operational proxy
2016-12-27T00:00:00+00:00,2016-12-26,windermere,south,water_temperature,2.0,degC,month_1,2016-12-27,2017-01-25,5.65332065915841,5.502707200945849,0.1506134582125611,full_anomaly_persistence,1.0,1.0,False,True,7,2008|2009|2010|2011|2012|2013|2014,90c98dc7475e2a706ba33e5559926e0d05987959e80f402c053d64877b6649de,2016-11-27,2016-12-26,30,7.630530236111111,7.47991677789855,8,2008|2009|2010|2011|2012|2013|2014|2015,observation_time_proxy,historical data_available_time is unknown; observation_time is a pseudo-operational proxy
2016-12-27T00:00:00+00:00,2016-12-26,windermere,south,water_temperature,2.0,degC,month_2,2017-01-26,2017-02-24,4.806062152483395,4.6554486942708335,0.1506134582125611,full_anomaly_persistence,1.0,1.0,False,True,8,2008|2009|2010|2011|2012|2013|2014|2015,556f638b0dbd89b30685f045e99e0ba0ccaab152d4a0d20e0c5b3e1626721778,2016-11-27,2016-12-26,30,7.630530236111111,7.47991677789855,8,2008|2009|2010|2011|2012|2013|2014|2015,observation_time_proxy,historical data_available_time is unknown; observation_time is a pseudo-operational proxy
2016-12-27T00:00:00+00:00,2016-12-26,windermere,south,water_temperature,2.0,degC,month_3,2017-02-25,2017-03-26,5.267874226094506,5.117260767881945,0.1506134582125611,full_anomaly_persistence,1.0,1.0,False,True,8,2008|2009|2010|2011|2012|2013|2014|2015,c1a940c053e8f6da60491a42432ac739058f411cf3e5d88350de11f23c32d22c,2016-11-27,2016-12-26,30,7.630530236111111,7.47991677789855,8,2008|2009|2010|2011|2012|2013|2014|2015,observation_time_proxy,historical data_available_time is unknown; observation_time is a pseudo-operational proxy
2017-01-03T00:00:00+00:00,2017-01-02,windermere,south,water_temperature,2.0,degC,month_1,2017-01-03,2017-02-01,5.833004607068572,5.450334525848765,0.38267008121980695,full_anomaly_persistence,1.0,1.0,False,True,9,2008|2009|2010|2011|2012|2013|2014|2015|2016,415c6523fcdd519f4e26ea3910d58a9185bbeb566581336f34c6ccbd6489cef0,2016-12-04,2017-01-02,30,7.374835902777778,6.992165821557971,9,2008|2009|2010|2011|2012|2013|2014|2015|2016,observation_time_proxy,historical data_available_time is unknown; observation_time is a pseudo-operational proxy
2017-01-03T00:00:00+00:00,2017-01-02,windermere,south,water_temperature,2.0,degC,month_2,2017-02-02,2017-03-03,5.145263872886473,4.762593791666666,0.38267008121980695,full_anomaly_persistence,1.0,1.0,False,True,9,2008|2009|2010|2011|2012|2013|2014|2015|2016,066905f9bef99bf2aa47296bf6ced9746baac7091e11c1a314be8da60a725766,2016-12-04,2017-01-02,30,7.374835902777778,6.992165821557971,9,2008|2009|2010|2011|2012|2013|2014|2015|2016,observation_time_proxy,historical data_available_time is unknown; observation_time is a pseudo-operational proxy
2017-01-03T00:00:00+00:00,2017-01-02,windermere,south,water_temperature,2.0,degC,month_3,2017-03-04,2017-04-02,5.932716402670424,5.550046321450617,0.38267008121980695,full_anomaly_persistence,1.0,1.0,False,True,9,2008|2009|2010|2011|2012|2013|2014|2015|2016,d89e6b3d7503ba5c9234d65da12afff34f0ba6d388697783ee06dbc6284b2db7,2016-12-04,2017-01-02,30,7.374835902777778,6.992165821557971,9,2008|2009|2010|2011|2012|2013|2014|2015|2016,observation_time_proxy,historical data_available_time is unknown; observation_time is a pseudo-operational proxy
2017-01-10T00:00:00+00:00,2017-01-09,windermere,south,water_temperature,2.0,degC,month_1,2017-01-10,2017-02-08,5.8529389875941735,5.212838038062169,0.6401009495320045,full_anomaly_persistence,1.0,1.0,False,True,9,2008|2009|2010|2011|2012|2013|2014|2015|2016,12c9dc3bd85d5f6048e3771a31f1a49895e6aba45b99bb900d4ce47095a72dd0,2016-12-11,2017-01-09,30,7.1371476666666664,6.497046717134662,8,2008|2009|2010|2011|2012|2013|2014|2015,observation_time_proxy,historical data_available_time is unknown; observation_time is a pseudo-operational proxy
2017-01-10T00:00:00+00:00,2017-01-09,windermere,south,water_temperature,2.0,degC,month_2,2017-02-09,2017-03-10,5.413804475457931,4.773703525925926,0.6401009495320045,full_anomaly_persistence,1.0,1.0,False,True,9,2008|2009|2010|2011|2012|2013|2014|2015|2016,61d44e4d0023d07959283c721b18c330c4786f11dd940ef80efebcc592fc4169,2016-12-11,2017-01-09,30,7.1371476666666664,6.497046717134662,8,2008|2009|2010|2011|2012|2013|2014|2015,observation_time_proxy,historical data_available_time is unknown; observation_time is a pseudo-operational proxy
2017-01-10T00:00:00+00:00,2017-01-09,windermere,south,water_temperature,2.0,degC,month_3,2017-03-11,2017-04-09,6.603563989964103,5.9634630404320985,0.6401009495320045,full_anomaly_persistence,1.0,1.0,False,True,9,2008|2009|2010|2011|2012|2013|2014|2015|2016,45b498b1299bb8047eaad209c5d0aea926b1dd675e0f582ca0866e16d2c41f4a,2016-12-11,2017-01-09,30,7.1371476666666664,6.497046717134662,8,2008|2009|2010|2011|2012|2013|2014|2015,observation_time_proxy,historical data_available_time is unknown; observation_time is a pseudo-operational proxy
2017-01-17T00:00:00+00:00,2017-01-16,windermere,south,water_temperature,2.0,degC,month_1,2017-01-17,2017-02-15,5.70569543985663,5.012561018276014,0.6931344215806154,full_anomaly_persistence,1.0,1.0,False,True,9,2008|2009|2010|2011|2012|2013|2014|2015|2016,34af91f2e3977e33277f084a7287a82d7920965d24741d9ad14f1d6aaa335931,2016-12-18,2017-01-16,30,6.832509361111111,6.139374939530495,8,2008|2009|2010|2011|2012|2013|2014|2015,observation_time_proxy,historical data_available_time is unknown; observation_time is a pseudo-operational proxy
2017-01-17T00:00:00+00:00,2017-01-16,windermere,south,water_temperature,2.0,degC,month_2,2017-02-16,2017-03-17,5.567166635932467,4.8740322143518515,0.6931344215806154,full_anomaly_persistence,1.0,1.0,False,True,9,2008|2009|2010|2011|2012|2013|2014|2015|2016,5753faf81bba3610570c94983d1ab4b43d1df274269df0bff0320f6c1555033c,2016-12-18,2017-01-16,30,6.832509361111111,6.139374939530495,8,2008|2009|2010|2011|2012|2013|2014|2015,observation_time_proxy,historical data_available_time is unknown; observation_time is a pseudo-operational proxy
2017-01-17T00:00:00+00:00,2017-01-16,windermere,south,water_temperature,2.0,degC,month_3,2017-03-18,2017-04-16,7.22423070506827,6.5310962834876545,0.6931344215806154,full_anomaly_persistence,1.0,1.0,False,True,9,2008|2009|2010|2011|2012|2013|2014|2015|2016,607d07f233c9da47597733f00639f8ec48c2e0494df6fd6c1a685109d1ecae95,2016-12-18,2017-01-16,30,6.832509361111111,6.139374939530495,8,2008|2009|2010|2011|2012|2013|2014|2015,observation_time_proxy,historical data_available_time is unknown; observation_time is a pseudo-operational proxy
2017-01-24T00:00:00+00:00,2017-01-23,windermere,south,water_temperature,2.0,degC,month_1,2017-01-24,2017-02-22,5.574495456016242,4.863609107253087,0.7108863487631556,full_anomaly_persistence,1.0,1.0,False,True,9,2008|2009|2010|2011|2012|2013|2014|2015|2016,bdea3f1e7c9e35c211d1f45e7a9d350859cbcdd33d85d5979ef0d37fc18871e7,2016-12-25,2017-01-23,30,6.526880708333334,5.815994359570178,8,2008|2009|2010|2011|2012|2013|2014|2015,observation_time_proxy,historical data_available_time is unknown; observation_time is a pseudo-operational proxy
2017-01-24T00:00:00+00:00,2017-01-23,windermere,south,water_temperature,2.0,degC,month_2,2017-02-23,2017-03-24,5.819802894905131,5.108916546141975,0.7108863487631556,full_anomaly_persistence,1.0,1.0,False,True,9,2008|2009|2010|2011|2012|2013|2014|2015|2016,2563a7913843d5ab27b5f98e4f9ff6abc9912c154c6fb8b4bb5bdc352a2e21a6,2016-12-25,2017-01-23,30,6.526880708333334,5.815994359570178,8,2008|2009|2010|2011|2012|2013|2014|2015,observation_time_proxy,historical data_available_time is unknown; observation_time is a pseudo-operational proxy
2017-01-24T00:00:00+00:00,2017-01-23,windermere,south,water_temperature,2.0,degC,month_3,2017-03-25,2017-04-23,7.901763917128912,7.190877568365757,0.7108863487631556,full_anomaly_persistence,1.0,1.0,False,True,9,2008|2009|2010|2011|2012|2013|2014|2015|2016,3d9e7dc93cb0b31be18f63d5325609f60f9d934f9513ce215ff5939ed1c0aece,2016-12-25,2017-01-23,30,6.526880708333334,5.815994359570178,8,2008|2009|2010|2011|2012|2013|2014|2015,observation_time_proxy,historical data_available_time is unknown; observation_time is a pseudo-operational proxy
2017-01-31T00:00:00+00:00,2017-01-30,windermere,south,water_temperature,2.0,degC,month_1,2017-01-31,2017-03-01,5.455579346910225,4.768566782716049,0.687012564194176,full_anomaly_persistence,1.0,1.0,False,True,9,2008|2009|2010|2011|2012|2013|2014|2015|2016,1512dc0484dbf4e7dcf9dd4910d821624883ffb9f6eaf9bad3d01e4fabeb45f0,2017-01-01,2017-01-30,30,6.213341138888889,5.526328574694713,9,2008|2009|2010|2011|2012|2013|2014|2015|2016,observation_time_proxy,historical data_available_time is unknown; observation_time is a pseudo-operational proxy
2017-01-31T00:00:00+00:00,2017-01-30,windermere,south,water_temperature,2.0,degC,month_2,2017-03-02,2017-03-31,6.137181763422571,5.450169199228395,0.687012564194176,full_anomaly_persistence,1.0,1.0,False,True,9,2008|2009|2010|2011|2012|2013|2014|2015|2016,a92a2936adc3ffbb21db71b923eda5dbd681216f9c34eeac8d17db0dea03652a,2017-01-01,2017-01-30,30,6.213341138888889,5.526328574694713,9,2008|2009|2010|2011|2012|2013|2014|2015|2016,observation_time_proxy,historical data_available_time is unknown; observation_time is a pseudo-operational proxy
2017-01-31T00:00:00+00:00,2017-01-30,windermere,south,water_temperature,2.0,degC,month_3,2017-04-01,2017-04-30,8.673231986416397,7.986219422222222,0.687012564194176,full_anomaly_persistence,1.0,1.0,False,True,8,2008|2009|2011|2012|2013|2014|2015|2016,8da19613239f241292c22b8dfd3d409002d0def4da17b116a2933a4697490499,2017-01-01,2017-01-30,30,6.213341138888889,5.526328574694713,9,2008|2009|2010|2011|2012|2013|2014|2015|2016,observation_time_proxy,historical data_available_time is unknown; observation_time is a pseudo-operational proxy
2017-02-07T00:00:00+00:00,2017-02-06,windermere,south,water_temperature,2.0,degC,month_1,2017-02-07,2017-03-08,5.455275523037919,4.7632621061728395,0.6920134168650796,full_anomaly_persistence,1.0,1.0,False,True,9,2008|2009|2010|2011|2012|2013|2014|2015|2016,b1e23274c9af8e439cc132fb2e557848ee292c6d3b09c628841a03ede7e79f89,2017-01-08,2017-02-06,30,5.967686777777778,5.275673360912698,9,2008|2009|2010|2011|2012|2013|2014|2015|2016,observation_time_proxy,historical data_available_time is unknown; observation_time is a pseudo-operational proxy
2017-02-07T00:00:00+00:00,2017-02-06,windermere,south,water_temperature,2.0,degC,month_2,2017-03-09,2017-04-07,6.5173706795194,5.825357262654321,0.6920134168650796,full_anomaly_persistence,1.0,1.0,False,True,9,2008|2009|2010|2011|2012|2013|2014|2015|2016,2aa365e73b99c3abae6e887ef5f6495a1cbf9381bb5211714b155ab12d797dbd,2017-01-08,2017-02-06,30,5.967686777777778,5.275673360912698,9,2008|2009|2010|2011|2012|2013|2014|2015|2016,observation_time_proxy,historical data_available_time is unknown; observation_time is a pseudo-operational proxy
2017-02-07T00:00:00+00:00,2017-02-06,windermere,south,water_temperature,2.0,degC,month_3,2017-04-08,2017-05-07,9.438082256622025,8.746068839756944,0.6920134168650796,full_anomaly_persistence,1.0,1.0,False,True,8,2008|2009|2011|2012|2013|2014|2015|2016,50066608f7c60e31b3a93204dcc3d010b6c152ad41ef993d60b4c5365c6dd482,2017-01-08,2017-02-06,30,5.967686777777778,5.275673360912698,9,2008|2009|2010|2011|2012|2013|2014|2015|2016,observation_time_proxy,historical data_available_time is unknown; observation_time is a pseudo-operational proxy
2017-02-14T00:00:00+00:00,2017-02-13,windermere,south,water_temperature,2.0,degC,month_1,2017-02-14,2017-03-15,5.518811850358964,4.8358353945987655,0.6829764557601985,full_anomaly_persistence,1.0,1.0,False,True,9,2008|2009|2010|2011|2012|2013|2014|2015|2016,753dbeb078cb61a4f780ddfb0b9b2720ce6d318f436b38f524a29049bbccd9aa,2017-01-15,2017-02-13,30,5.7517897650966185,5.06881330933642,9,2008|2009|2010|2011|2012|2013|2014|2015|2016,observation_time_proxy,historical data_available_time is unknown; observation_time is a pseudo-operational proxy
2017-02-14T00:00:00+00:00,2017-02-13,windermere,south,water_temperature,2.0,degC,month_2,2017-03-16,2017-04-14,7.042869505297236,6.359893049537037,0.6829764557601985,full_anomaly_persistence,1.0,1.0,False,True,9,2008|2009|2010|2011|2012|2013|2014|2015|2016,468ca76576f7aaaff98881258a438abb8ff7ae67468be6365f89a37353e62772,2017-01-15,2017-02-13,30,5.7517897650966185,5.06881330933642,9,2008|2009|2010|2011|2012|2013|2014|2015|2016,observation_time_proxy,historical data_available_time is unknown; observation_time is a pseudo-operational proxy
2017-02-14T00:00:00+00:00,2017-02-13,windermere,south,water_temperature,2.0,degC,month_3,2017-04-15,2017-05-14,10.279287950551865,9.596311494791667,0.6829764557601985,full_anomaly_persistence,1.0,1.0,False,True,8,2008|2009|2011|2012|2013|2014|2015|2016,94a8ac0a5f1121aa5ed62e1cfbd0b7672f8871fce2532e29920df1288b8fe128,2017-01-15,2017-02-13,30,5.7517897650966185,5.06881330933642,9,2008|2009|2010|2011|2012|2013|2014|2015|2016,observation_time_proxy,historical data_available_time is unknown; observation_time is a pseudo-operational proxy
2017-02-21T00:00:00+00:00,2017-02-20,windermere,south,water_temperature,2.0,degC,month_1,2017-02-21,2017-03-22,5.684668526516371,5.031496602314815,0.6531719242015566,full_anomaly_persistence,1.0,1.0,False,True,9,2008|2009|2010|2011|2012|2013|2014|2015|2016,a139426fd1d8b930d1df1765b95d5244f97fa356119997b6b9eb36b322debc01,2017-01-22,2017-02-20,30,5.555111098429951,4.901939174228395,9,2008|2009|2010|2011|2012|2013|2014|2015|2016,observation_time_proxy,historical data_available_time is unknown; observation_time is a pseudo-operational proxy
2017-02-21T00:00:00+00:00,2017-02-20,windermere,south,water_temperature,2.0,degC,month_2,2017-03-23,2017-04-21,7.644228921478444,6.991056997276887,0.6531719242015566,full_anomaly_persistence,1.0,1.0,False,True,9,2008|2009|2010|2011|2012|2013|2014|2015|2016,11843886a3f09eb6b4a11b622952402261c036aa740bf47e0d5e6dfc76840009,2017-01-22,2017-02-20,30,5.555111098429951,4.901939174228395,9,2008|2009|2010|2011|2012|2013|2014|2015|2016,observation_time_proxy,historical data_available_time is unknown; observation_time is a pseudo-operational proxy
2017-02-21T00:00:00+00:00,2017-02-20,windermere,south,water_temperature,2.0,degC,month_3,2017-04-22,2017-05-21,11.103391380451557,10.45021945625,0.6531719242015566,full_anomaly_persistence,1.0,1.0,False,True,8,2008|2009|2011|2012|2013|2014|2015|2016,d7e81a332f702d44d1657c0872e6546a5d5192cefb0eeb0d02a3b12c1115b0c2,2017-01-22,2017-02-20,30,5.555111098429951,4.901939174228395,9,2008|2009|2010|2011|2012|2013|2014|2015|2016,observation_time_proxy,historical data_available_time is unknown; observation_time is a pseudo-operational proxy
2017-02-28T00:00:00+00:00,2017-02-27,windermere,south,water_temperature,2.0,degC,month_1,2017-02-28,2017-03-29,6.055110608615136,5.330831330401234,0.7242792782139018,full_anomaly_persistence,1.0,1.0,False,True,9,2008|2009|2010|2011|2012|2013|2014|2015|2016,ff5cadb88fe1066eee4bbcb559b035cf53480ab90f52ad67dcce50d167c0f917,2017-01-29,2017-02-27,30,5.512255306763285,4.787976028549383,9,2008|2009|2010|2011|2012|2013|2014|2015|2016,observation_time_proxy,historical data_available_time is unknown; observation_time is a pseudo-operational proxy
2017-02-28T00:00:00+00:00,2017-02-27,windermere,south,water_temperature,2.0,degC,month_2,2017-03-30,2017-04-28,8.508074353213903,7.7837950750000005,0.7242792782139018,full_anomaly_persistence,1.0,1.0,False,True,8,2008|2009|2011|2012|2013|2014|2015|2016,0050da3d77ac6f0406dac51e5e7aac6ccae83f81b1f922cf850389047e77b244,2017-01-29,2017-02-27,30,5.512255306763285,4.787976028549383,9,2008|2009|2010|2011|2012|2013|2014|2015|2016,observation_time_proxy,historical data_available_time is unknown; observation_time is a pseudo-operational proxy
2017-02-28T00:00:00+00:00,2017-02-27,windermere,south,water_temperature,2.0,degC,month_3,2017-04-29,2017-05-28,12.123096326571485,11.398817048357584,0.7242792782139018,full_anomaly_persistence,1.0,1.0,False,True,9,2008|2009|2010|2011|2012|2013|2014|2015|2016,a73a1f2c724b1d575ba15a8ef4da176116d2563708d3ee5f594b4c979e45baee,2017-01-29,2017-02-27,30,5.512255306763285,4.787976028549383,9,2008|2009|2010|2011|2012|2013|2014|2015|2016,observation_time_proxy,historical data_available_time is unknown; observation_time is a pseudo-operational proxy
2017-03-07T00:00:00+00:00,2017-03-06,windermere,south,water_temperature,2.0,degC,month_1,2017-03-07,2017-04-05,6.499425280374397,5.711157891203704,0.7882673891706933,full_anomaly_persistence,1.0,1.0,False,True,9,2008|2009|2010|2011|2012|2013|2014|2015|2016,bfb44ec6ecb08514bddf120712b1dd7a00b0d0d79eb3011ae801aee4f496fb42,2017-02-05,2017-03-06,30,5.54754450120773,4.7592771120370365,9,2008|2009|2010|2011|2012|2013|2014|2015|2016,observation_time_proxy,historical data_available_time is unknown; observation_time is a pseudo-operational proxy
2017-03-07T00:00:00+00:00,2017-03-06,windermere,south,water_temperature,2.0,degC,month_2,2017-04-06,2017-05-05,9.294865815559582,8.506598426388889,0.7882673891706933,full_anomaly_persistence,1.0,1.0,False,True,8,2008|2009|2011|2012|2013|2014|2015|2016,cd63f5c1b664661cc6ceb9cd21850ad98ece75d7244ecbd84c0d4a9c80ed3a3b,2017-02-05,2017-03-06,30,5.54754450120773,4.7592771120370365,9,2008|2009|2010|2011|2012|2013|2014|2015|2016,observation_time_proxy,historical data_available_time is unknown; observation_time is a pseudo-operational proxy
2017-03-07T00:00:00+00:00,2017-03-06,windermere,south,water_temperature,2.0,degC,month_3,2017-05-06,2017-06-04,13.254712938755624,12.46644554958493,0.7882673891706933,full_anomaly_persistence,1.0,1.0,False,True,9,2008|2009|2010|2011|2012|2013|2014|2015|2016,e32d06515c3ae4929ced357470e78604ade2f149c5cf309ab04303176f6f78c8,2017-02-05,2017-03-06,30,5.54754450120773,4.7592771120370365,9,2008|2009|2010|2011|2012|2013|2014|2015|2016,observation_time_proxy,historical data_available_time is unknown; observation_time is a pseudo-operational proxy
2017-03-14T00:00:00+00:00,2017-03-13,windermere,south,water_temperature,2.0,degC,month_1,2017-03-14,2017-04-12,7.101509322685185,6.197688266512346,0.9038210561728395,full_anomaly_persistence,1.0,1.0,False,True,9,2008|2009|2010|2011|2012|2013|2014|2015|2016,352c07989608008f881934249343076aa4ec14e50ded9065d835830c9e2691e5,2017-02-12,2017-03-13,30,5.707574763888889,4.80375370771605,9,2008|2009|2010|2011|2012|2013|2014|2015|2016,observation_time_proxy,historical data_available_time is unknown; observation_time is a pseudo-operational proxy
2017-03-14T00:00:00+00:00,2017-03-13,windermere,south,water_temperature,2.0,degC,month_2,2017-04-13,2017-05-12,10.249819097318673,9.345998041145833,0.9038210561728395,full_anomaly_persistence,1.0,1.0,False,True,8,2008|2009|2011|2012|2013|2014|2015|2016,6e75297ede934a8e73fba55a06dbf378b1fe09d50497f12195247c2a94e00b35,2017-02-12,2017-03-13,30,5.707574763888889,4.80375370771605,9,2008|2009|2010|2011|2012|2013|2014|2015|2016,observation_time_proxy,historical data_available_time is unknown; observation_time is a pseudo-operational proxy
2017-03-14T00:00:00+00:00,2017-03-13,windermere,south,water_temperature,2.0,degC,month_3,2017-05-13,2017-06-11,14.596576964809493,13.692755908636654,0.9038210561728395,full_anomaly_persistence,1.0,1.0,False,True,9,2008|2009|2010|2011|2012|2013|2014|2015|2016,7c23882d0af043dc932905bd899c6573caa4618944f9223bfe60f57c492e542d,2017-02-12,2017-03-13,30,5.707574763888889,4.80375370771605,9,2008|2009|2010|2011|2012|2013|2014|2015|2016,observation_time_proxy,historical data_available_time is unknown; observation_time is a pseudo-operational proxy
2017-03-21T00:00:00+00:00,2017-03-20,windermere,south,water_temperature,2.0,degC,month_1,2017-03-21,2017-04-19,7.816986765895062,6.795641091049383,1.021345674845679,full_anomaly_persistence,1.0,1.0,False,True,9,2008|2009|2010|2011|2012|2013|2014|2015|2016,f38ef33d3d8418865a12edb53e4e407eb61ff82b1c0fdebfcf62a03db19ed853,2017-02-19,2017-03-20,30,5.983086833333333,4.961741158487654,9,2008|2009|2010|2011|2012|2013|2014|2015|2016,observation_time_proxy,historical data_available_time is unknown; observation_time is a pseudo-operational proxy
2017-03-21T00:00:00+00:00,2017-03-20,windermere,south,water_temperature,2.0,degC,month_2,2017-04-20,2017-05-19,11.240663257310956,10.219317582465278,1.021345674845679,full_anomaly_persistence,1.0,1.0,False,True,8,2008|2009|2011|2012|2013|2014|2015|2016,ed0199195f71deb4b68feed564421120856682904a623d8503e6ea58f008b82e,2017-02-19,2017-03-20,30,5.983086833333333,4.961741158487654,9,2008|2009|2010|2011|2012|2013|2014|2015|2016,observation_time_proxy,historical data_available_time is unknown; observation_time is a pseudo-operational proxy
2017-03-21T00:00:00+00:00,2017-03-20,windermere,south,water_temperature,2.0,degC,month_3,2017-05-20,2017-06-18,15.817119137026395,14.795773462180716,1.021345674845679,full_anomaly_persistence,1.0,1.0,False,True,9,2008|2009|2010|2011|2012|2013|2014|2015|2016,ebfe94137057c4a8a9c6689caa3a716b9305abc65068ee1242e6330ca03d3142,2017-02-19,2017-03-20,30,5.983086833333333,4.961741158487654,9,2008|2009|2010|2011|2012|2013|2014|2015|2016,observation_time_proxy,historical data_available_time is unknown; observation_time is a pseudo-operational proxy
2017-03-28T00:00:00+00:00,2017-03-27,windermere,south,water_temperature,2.0,degC,month_1,2017-03-28,2017-04-26,8.654308716550926,7.583702480902778,1.0706062356481478,full_anomaly_persistence,1.0,1.0,False,True,8,2008|2009|2011|2012|2013|2014|2015|2016,f91a24710d2bead40b55d42933e42547f153a44aa316df74c0bbebd2f02fdf0f,2017-02-26,2017-03-27,30,6.3086054166666665,5.237999181018519,9,2008|2009|2010|2011|2012|2013|2014|2015|2016,observation_time_proxy,historical data_available_time is unknown; observation_time is a pseudo-operational proxy
2017-03-28T00:00:00+00:00,2017-03-27,windermere,south,water_temperature,2.0,degC,month_2,2017-04-27,2017-05-26,12.140378670717592,11.069772435069444,1.0706062356481478,full_anomaly_persistence,1.0,1.0,False,True,8,2008|2009|2011|2012|2013|2014|2015|2016,036b33489ab3b21c97708eaa96639fd90e2d9e89970083375847c5b4833aa8bc,2017-02-26,2017-03-27,30,6.3086054166666665,5.237999181018519,9,2008|2009|2010|2011|2012|2013|2014|2015|2016,observation_time_proxy,historical data_available_time is unknown; observation_time is a pseudo-operational proxy
2017-03-28T00:00:00+00:00,2017-03-27,windermere,south,water_temperature,2.0,degC,month_3,2017-05-27,2017-06-25,16.695977325441675,15.625371089793529,1.0706062356481478,full_anomaly_persistence,1.0,1.0,False,True,9,2008|2009|2010|2011|2012|2013|2014|2015|2016,51c6f42935e66c188359d05d50266bf5f9f7d1f0ba13249a46bb2642e4878d13,2017-02-26,2017-03-27,30,6.3086054166666665,5.237999181018519,9,2008|2009|2010|2011|2012|2013|2014|2015|2016,observation_time_proxy,historical data_available_time is unknown; observation_time is a pseudo-operational proxy
2017-04-04T00:00:00+00:00,2017-04-03,windermere,south,water_temperature,2.0,degC,month_1,2017-04-04,2017-05-03,9.487748847550154,8.288091722395833,1.1996571251543209,full_anomaly_persistence,1.0,1.0,False,True,8,2008|2009|2011|2012|2013|2014|2015|2016,5043097dc3cc429deef37fd6c44d9b0e817774335a1683090072473c21d3e8fa,2017-03-05,2017-04-03,30,6.805987013888889,5.606329888734568,9,2008|2009|2010|2011|2012|2013|2014|2015|2016,observation_time_proxy,historical data_available_time is unknown; observation_time is a pseudo-operational proxy
2017-04-04T00:00:00+00:00,2017-04-03,windermere,south,water_temperature,2.0,degC,month_2,2017-05-04,2017-06-02,13.316942785153257,12.117285659998936,1.1996571251543209,full_anomaly_persistence,1.0,1.0,False,True,9,2008|2009|2010|2011|2012|2013|2014|2015|2016,fff66b665d558900ef6f64e3f2b49962525d91f2ba214c0d5d5374dc718ba441,2017-03-05,2017-04-03,30,6.805987013888889,5.606329888734568,9,2008|2009|2010|2011|2012|2013|2014|2015|2016,observation_time_proxy,historical data_available_time is unknown; observation_time is a pseudo-operational proxy
2017-04-04T00:00:00+00:00,2017-04-03,windermere,south,water_temperature,2.0,degC,month_3,2017-06-03,2017-07-02,17.558719697685184,16.359062572530863,1.1996571251543209,full_anomaly_persistence,1.0,1.0,False,True,9,2008|2009|2010|2011|2012|2013|2014|2015|2016,454946d7c03d032570ffcbfdba7736c4719aec42a3cb84d0097ff65115607592,2017-03-05,2017-04-03,30,6.805987013888889,5.606329888734568,9,2008|2009|2010|2011|2012|2013|2014|2015|2016,observation_time_proxy,historical data_available_time is unknown; observation_time is a pseudo-operational proxy
2017-04-11T00:00:00+00:00,2017-04-10,windermere,south,water_temperature,2.0,degC,month_1,2017-04-11,2017-05-10,10.562066846701388,9.104199405034722,1.4578674416666662,full_anomaly_persistence,1.0,1.0,False,True,8,2008|2009|2011|2012|2013|2014|2015|2016,4dbb66c354f8de7cf02d967df7c79aa2cd87fc65e61223f0df3f9fabf914f45e,2017-03-12,2017-04-10,30,7.495532138888889,6.0376646972222225,9,2008|2009|2010|2011|2012|2013|2014|2015|2016,observation_time_proxy,historical data_available_time is unknown; observation_time is a pseudo-operational proxy
2017-04-11T00:00:00+00:00,2017-04-10,windermere,south,water_temperature,2.0,degC,month_2,2017-05-11,2017-06-09,14.800940412372286,13.34307297070562,1.4578674416666662,full_anomaly_persistence,1.0,1.0,False,True,9,2008|2009|2010|2011|2012|2013|2014|2015|2016,38de7d87c9255ac51966eedf17d9572cbec8f9a6c390dc89d24c6c2e88bad1a4,2017-03-12,2017-04-10,30,7.495532138888889,6.0376646972222225,9,2008|2009|2010|2011|2012|2013|2014|2015|2016,observation_time_proxy,historical data_available_time is unknown; observation_time is a pseudo-operational proxy
2017-04-11T00:00:00+00:00,2017-04-10,windermere,south,water_temperature,2.0,degC,month_3,2017-06-10,2017-07-09,18.255056557273214,16.79718911560655,1.4578674416666662,full_anomaly_persistence,1.0,1.0,False,True,9,2008|2009|2010|2011|2012|2013|2014|2015|2016,1151c89b270238d2fc1282378ca5bd34d965f763ba1d502f9866f48ccc92c672,2017-03-12,2017-04-10,30,7.495532138888889,6.0376646972222225,9,2008|2009|2010|2011|2012|2013|2014|2015|2016,observation_time_proxy,historical data_available_time is unknown; observation_time is a pseudo-operational proxy
2017-04-18T00:00:00+00:00,2017-04-17,windermere,south,water_temperature,2.0,degC,month_1,2017-04-18,2017-05-17,11.545186696952161,9.980473318402778,1.5647133785493823,full_anomaly_persistence,1.0,1.0,False,True,8,2008|2009|2011|2012|2013|2014|2015|2016,2ea43cc43ef5bb689abb0dbc1aa09956b11b6c28052ea08c58f58215930fcb61,2017-03-19,2017-04-17,30,8.180143972222222,6.61543059367284,9,2008|2009|2010|2011|2012|2013|2014|2015|2016,observation_time_proxy,historical data_available_time is unknown; observation_time is a pseudo-operational proxy
2017-04-18T00:00:00+00:00,2017-04-17,windermere,south,water_temperature,2.0,degC,month_2,2017-05-18,2017-06-16,16.06047301321839,14.495759634669009,1.5647133785493823,full_anomaly_persistence,1.0,1.0,False,True,9,2008|2009|2010|2011|2012|2013|2014|2015|2016,e8e62f8b6cc33cbe0164999701e53c8cceb9d614237ba4f490752a123b24bd75,2017-03-19,2017-04-17,30,8.180143972222222,6.61543059367284,9,2008|2009|2010|2011|2012|2013|2014|2015|2016,observation_time_proxy,historical data_available_time is unknown; observation_time is a pseudo-operational proxy
2017-04-18T00:00:00+00:00,2017-04-17,windermere,south,water_temperature,2.0,degC,month_3,2017-06-17,2017-07-16,18.805091586047062,17.24037820749768,1.5647133785493823,full_anomaly_persistence,1.0,1.0,False,True,9,2008|2009|2010|2011|2012|2013|2014|2015|2016,770c9aede4166af48246da7e8b2708d61e976ef49742544c09e7eaca6266f6bb,2017-03-19,2017-04-17,30,8.180143972222222,6.61543059367284,9,2008|2009|2010|2011|2012|2013|2014|2015|2016,observation_time_proxy,historical data_available_time is unknown; observation_time is a pseudo-operational proxy
2017-04-25T00:00:00+00:00,2017-04-24,windermere,south,water_temperature,2.0,degC,month_1,2017-04-25,2017-05-24,12.361267853125,10.809144846875,1.5521230062499995,full_anomaly_persistence,1.0,1.0,False,True,8,2008|2009|2011|2012|2013|2014|2015|2016,b592ab345ced6ab026ea44cf0e71a428daae68a77a217fb1067fede48499a357,2017-03-26,2017-04-24,30,8.928010833333333,7.375887827083334,8,2008|2009|2011|2012|2013|2014|2015|2016,observation_time_proxy,historical data_available_time is unknown; observation_time is a pseudo-operational proxy
2017-04-25T00:00:00+00:00,2017-04-24,windermere,south,water_temperature,2.0,degC,month_2,2017-05-25,2017-06-23,16.97056915787835,15.418446151628354,1.5521230062499995,full_anomaly_persistence,1.0,1.0,False,True,9,2008|2009|2010|2011|2012|2013|2014|2015|2016,5740c25b4336fe8a371c5903e0f4891122bd1ff4a1fb3f06de27342bfc56322e,2017-03-26,2017-04-24,30,8.928010833333333,7.375887827083334,8,2008|2009|2011|2012|2013|2014|2015|2016,observation_time_proxy,historical data_available_time is unknown; observation_time is a pseudo-operational proxy
2017-04-25T00:00:00+00:00,2017-04-24,windermere,south,water_temperature,2.0,degC,month_3,2017-06-24,2017-07-23,19.19933462887114,17.64721162262114,1.5521230062499995,full_anomaly_persistence,1.0,1.0,False,True,9,2008|2009|2010|2011|2012|2013|2014|2015|2016,557066500c7bdd1fecdf340f5a4150774e6ed21db20609994faf9449687e0e50,2017-03-26,2017-04-24,30,8.928010833333333,7.375887827083334,8,2008|2009|2011|2012|2013|2014|2015|2016,observation_time_proxy,historical data_available_time is unknown; observation_time is a pseudo-operational proxy
2017-05-02T00:00:00+00:00,2017-05-01,windermere,south,water_temperature,2.0,degC,month_1,2017-05-02,2017-05-31,13.244387604185958,11.82015923595679,1.4242283682291674,full_anomaly_persistence,1.0,1.0,False,True,9,2008|2009|2010|2011|2012|2013|2014|2015|2016,8e5f238ae79e96ac5c71749f0a294ac87b9c42949c833e3843441b192e8f6ef4,2017-04-02,2017-05-01,30,9.509865263888889,8.085636895659722,8,2008|2009|2011|2012|2013|2014|2015|2016,observation_time_proxy,historical data_available_time is unknown; observation_time is a pseudo-operational proxy
2017-05-02T00:00:00+00:00,2017-05-01,windermere,south,water_temperature,2.0,degC,month_2,2017-06-01,2017-06-30,17.580431734448837,16.156203366219668,1.4242283682291674,full_anomaly_persistence,1.0,1.0,False,True,9,2008|2009|2010|2011|2012|2013|2014|2015|2016,2a08a97b6cfb404f3cb3bf18d52492d61df4ba153a03f27455b50f80daa240a4,2017-04-02,2017-05-01,30,9.509865263888889,8.085636895659722,8,2008|2009|2011|2012|2013|2014|2015|2016,observation_time_proxy,historical data_available_time is unknown; observation_time is a pseudo-operational proxy
2017-05-02T00:00:00+00:00,2017-05-01,windermere,south,water_temperature,2.0,degC,month_3,2017-07-01,2017-07-30,19.510153596119267,18.085925227890097,1.4242283682291674,full_anomaly_persistence,1.0,1.0,False,True,9,2008|2009|2010|2011|2012|2013|2014|2015|2016,10afd6c914919b3467419915734896849526570082f4e50582b3dce61d3e8d4e,2017-04-02,2017-05-01,30,9.509865263888889,8.085636895659722,8,2008|2009|2011|2012|2013|2014|2015|2016,observation_time_proxy,historical data_available_time is unknown; observation_time is a pseudo-operational proxy
2017-05-09T00:00:00+00:00,2017-05-08,windermere,south,water_temperature,2.0,degC,month_1,2017-05-09,2017-06-07,14.097035417742257,12.991255626596423,1.1057797911458334,full_anomaly_persistence,1.0,1.0,False,True,9,2008|2009|2010|2011|2012|2013|2014|2015|2016,066bcf9332a14c6b2b3642447178c1c652188a2226d8a79f06c23f1ed2d867de,2017-04-09,2017-05-08,30,9.972908236111111,8.867128444965278,8,2008|2009|2011|2012|2013|2014|2015|2016,observation_time_proxy,historical data_available_time is unknown; observation_time is a pseudo-operational proxy
2017-05-09T00:00:00+00:00,2017-05-08,windermere,south,water_temperature,2.0,degC,month_2,2017-06-08,2017-07-07,17.790245125888184,16.684465334742352,1.1057797911458334,full_anomaly_persistence,1.0,1.0,False,True,9,2008|2009|2010|2011|2012|2013|2014|2015|2016,ab4350d5df4fa8ea78da33fc026e38431e8f7055c44d3ed658d1703914e5751d,2017-04-09,2017-05-08,30,9.972908236111111,8.867128444965278,8,2008|2009|2011|2012|2013|2014|2015|2016,observation_time_proxy,historical data_available_time is unknown; observation_time is a pseudo-operational proxy
2017-05-09T00:00:00+00:00,2017-05-08,windermere,south,water_temperature,2.0,degC,month_3,2017-07-08,2017-08-06,19.39412648477859,18.288346693632757,1.1057797911458334,full_anomaly_persistence,1.0,1.0,False,True,9,2008|2009|2010|2011|2012|2013|2014|2015|2016,2310684f7abe3f78ad495d55e66c2c4d5a541770f72feebd7fe8d87e501fe710,2017-04-09,2017-05-08,30,9.972908236111111,8.867128444965278,8,2008|2009|2011|2012|2013|2014|2015|2016,observation_time_proxy,historical data_available_time is unknown; observation_time is a pseudo-operational proxy
2017-05-16T00:00:00+00:00,2017-05-15,windermere,south,water_temperature,2.0,degC,month_1,2017-05-16,2017-06-14,15.095091192893253,14.182912279698808,0.9121789131944453,full_anomaly_persistence,1.0,1.0,False,True,9,2008|2009|2010|2011|2012|2013|2014|2015|2016,b0586f6a8946332c90c8715996ca06c15938574c83e6a0b2c01dc0183906dc5c,2017-04-16,2017-05-15,30,10.638926958333334,9.726748045138889,8,2008|2009|2011|2012|2013|2014|2015|2016,observation_time_proxy,historical data_available_time is unknown; observation_time is a pseudo-operational proxy
2017-05-16T00:00:00+00:00,2017-05-15,windermere,south,water_temperature,2.0,degC,month_2,2017-06-15,2017-07-14,18.032606656185955,17.12042774299151,0.9121789131944453,full_anomaly_persistence,1.0,1.0,False,True,9,2008|2009|2010|2011|2012|2013|2014|2015|2016,979ab507a824e0be00767a26b10a5e378dd69e30b6d03d92c20f6b7b181c5346,2017-04-16,2017-05-15,30,10.638926958333334,9.726748045138889,8,2008|2009|2011|2012|2013|2014|2015|2016,observation_time_proxy,historical data_available_time is unknown; observation_time is a pseudo-operational proxy
2017-05-16T00:00:00+00:00,2017-05-15,windermere,south,water_temperature,2.0,degC,month_3,2017-07-15,2017-08-13,19.19409823561508,18.281919322420634,0.9121789131944453,full_anomaly_persistence,1.0,1.0,False,True,9,2008|2009|2010|2011|2012|2013|2014|2015|2016,4601de8347a31bc1a97daa87dede50b8b43f6f8a6831c69e849f5041bfe9e887,2017-04-16,2017-05-15,30,10.638926958333334,9.726748045138889,8,2008|2009|2011|2012|2013|2014|2015|2016,observation_time_proxy,historical data_available_time is unknown; observation_time is a pseudo-operational proxy
2017-05-23T00:00:00+00:00,2017-05-22,windermere,south,water_temperature,2.0,degC,month_1,2017-05-23,2017-06-21,15.988397769274822,15.202591760073435,0.7858060092013872,full_anomaly_persistence,1.0,1.0,False,True,9,2008|2009|2010|2011|2012|2013|2014|2015|2016,b8f745a7b55153a6fb86146428b54724860e30a4d528ad7b6e96fc20cd837e6a,2017-04-23,2017-05-22,30,11.358347180555555,10.572541171354167,8,2008|2009|2011|2012|2013|2014|2015|2016,observation_time_proxy,historical data_available_time is unknown; observation_time is a pseudo-operational proxy
2017-05-23T00:00:00+00:00,2017-05-22,windermere,south,water_temperature,2.0,degC,month_2,2017-06-22,2017-07-21,18.305314017624994,17.519508008423607,0.7858060092013872,full_anomaly_persistence,1.0,1.0,False,True,9,2008|2009|2010|2011|2012|2013|2014|2015|2016,8d914870773c4c5d2151b7b474b8eb37441edd3511ec3f82be8ddb1c50a8072d,2017-04-23,2017-05-22,30,11.358347180555555,10.572541171354167,8,2008|2009|2011|2012|2013|2014|2015|2016,observation_time_proxy,historical data_available_time is unknown; observation_time is a pseudo-operational proxy
2017-05-23T00:00:00+00:00,2017-05-22,windermere,south,water_temperature,2.0,degC,month_3,2017-07-22,2017-08-20,18.969376223046183,18.183570213844796,0.7858060092013872,full_anomaly_persistence,1.0,1.0,False,True,9,2008|2009|2010|2011|2012|2013|2014|2015|2016,1d9423c91c7ef4baf7409c586c5551577ebf70f2811b3a28f51a6f03ae93454c,2017-04-23,2017-05-22,30,11.358347180555555,10.572541171354167,8,2008|2009|2011|2012|2013|2014|2015|2016,observation_time_proxy,historical data_available_time is unknown; observation_time is a pseudo-operational proxy
2017-05-30T00:00:00+00:00,2017-05-29,windermere,south,water_temperature,2.0,degC,month_1,2017-05-30,2017-06-28,16.998352930779056,15.953159102703278,1.045193828075778,full_anomaly_persistence,1.0,1.0,False,True,9,2008|2009|2010|2011|2012|2013|2014|2015|2016,d7c3e7c08cc43a3ae896ed1a119c473c299d383af38973beee411963229db365,2017-04-30,2017-05-29,30,12.575254875,11.530061046924223,9,2008|2009|2010|2011|2012|2013|2014|2015|2016,observation_time_proxy,historical data_available_time is unknown; observation_time is a pseudo-operational proxy
2017-05-30T00:00:00+00:00,2017-05-29,windermere,south,water_temperature,2.0,degC,month_2,2017-06-29,2017-07-28,19.02202200515018,17.976828177074403,1.045193828075778,full_anomaly_persistence,1.0,1.0,False,True,9,2008|2009|2010|2011|2012|2013|2014|2015|2016,d52ce11f1a280759f962f62c6292c798326716fbea6a41d0349dbdcbe57ca65b,2017-04-30,2017-05-29,30,12.575254875,11.530061046924223,9,2008|2009|2010|2011|2012|2013|2014|2015|2016,observation_time_proxy,historical data_available_time is unknown; observation_time is a pseudo-operational proxy
2017-05-30T00:00:00+00:00,2017-05-29,windermere,south,water_temperature,2.0,degC,month_3,2017-07-29,2017-08-27,18.934630276708937,17.88943644863316,1.045193828075778,full_anomaly_persistence,1.0,1.0,False,True,9,2008|2009|2010|2011|2012|2013|2014|2015|2016,2747abd8ac7890fcd71ac3891c44ea515bbc87d3228e9a86c4757e61d46047bb,2017-04-30,2017-05-29,30,12.575254875,11.530061046924223,9,2008|2009|2010|2011|2012|2013|2014|2015|2016,observation_time_proxy,historical data_available_time is unknown; observation_time is a pseudo-operational proxy
2017-06-06T00:00:00+00:00,2017-06-05,windermere,south,water_temperature,2.0,degC,month_1,2017-06-06,2017-07-05,17.978702736414434,16.568057052469136,1.4106456839452957,full_anomaly_persistence,1.0,1.0,False,True,9,2008|2009|2010|2011|2012|2013|2014|2015|2016,2aeacc5900fd3dbc1c7f8e03a37edd55f399d3c7c28f79bd86d7083a8085d1f4,2017-05-07,2017-06-05,30,14.054495680555556,12.64384999661026,9,2008|2009|2010|2011|2012|2013|2014|2015|2016,observation_time_proxy,historical data_available_time is unknown; observation_time is a pseudo-operational proxy
2017-06-06T00:00:00+00:00,2017-06-05,windermere,south,water_temperature,2.0,degC,month_2,2017-07-06,2017-08-04,19.64959864254527,18.238952958599974,1.4106456839452957,full_anomaly_persistence,1.0,1.0,False,True,9,2008|2009|2010|2011|2012|2013|2014|2015|2016,fd97359bd85277e22f232f6bf03caabcafd8c7be052d491af77294db5946c704,2017-05-07,2017-06-05,30,14.054495680555556,12.64384999661026,9,2008|2009|2010|2011|2012|2013|2014|2015|2016,observation_time_proxy,historical data_available_time is unknown; observation_time is a pseudo-operational proxy
2017-06-06T00:00:00+00:00,2017-06-05,windermere,south,water_temperature,2.0,degC,month_3,2017-08-05,2017-09-03,18.96839015726981,17.557744473324515,1.4106456839452957,full_anomaly_persistence,1.0,1.0,False,True,9,2008|2009|2010|2011|2012|2013|2014|2015|2016,840590249028030d5bcadaf83a1636403b1e27889d00200f7811ce4405650ac3,2017-05-07,2017-06-05,30,14.054495680555556,12.64384999661026,9,2008|2009|2010|2011|2012|2013|2014|2015|2016,observation_time_proxy,historical data_available_time is unknown; observation_time is a pseudo-operational proxy
2017-06-13T00:00:00+00:00,2017-06-12,windermere,south,water_temperature,2.0,degC,month_1,2017-06-13,2017-07-12,18.025728505028546,16.98552484021373,1.0402036648148147,full_anomaly_persistence,1.0,1.0,False,True,9,2008|2009|2010|2011|2012|2013|2014|2015|2016,d6645a06b9e97ad811f932f728edf12598ab8e5dc603fb4e00d1e107534a1b89,2017-05-14,2017-06-12,30,14.899799152777778,13.859595487962963,9,2008|2009|2010|2011|2012|2013|2014|2015|2016,observation_time_proxy,historical data_available_time is unknown; observation_time is a pseudo-operational proxy
2017-06-13T00:00:00+00:00,2017-06-12,windermere,south,water_temperature,2.0,degC,month_2,2017-07-13,2017-08-11,19.348681046979717,18.308477382164902,1.0402036648148147,full_anomaly_persistence,1.0,1.0,False,True,9,2008|2009|2010|2011|2012|2013|2014|2015|2016,dc08dfa0368ff67fec098525ec5b23a1b169e9ee1e0385c4d88cf66463ff1bfa,2017-05-14,2017-06-12,30,14.899799152777778,13.859595487962963,9,2008|2009|2010|2011|2012|2013|2014|2015|2016,observation_time_proxy,historical data_available_time is unknown; observation_time is a pseudo-operational proxy
2017-06-13T00:00:00+00:00,2017-06-12,windermere,south,water_temperature,2.0,degC,month_3,2017-08-12,2017-09-10,18.269997692592593,17.22979402777778,1.0402036648148147,full_anomaly_persistence,1.0,1.0,False,True,9,2008|2009|2010|2011|2012|2013|2014|2015|2016,70982189ed7981074814ca316e165152aea3dfa7238a3391111f8935fb0103e1,2017-05-14,2017-06-12,30,14.899799152777778,13.859595487962963,9,2008|2009|2010|2011|2012|2013|2014|2015|2016,observation_time_proxy,historical data_available_time is unknown; observation_time is a pseudo-operational proxy
2017-06-20T00:00:00+00:00,2017-06-19,windermere,south,water_temperature,2.0,degC,month_1,2017-06-20,2017-07-19,18.13220835582676,17.404975388053238,0.7272329677735208,full_anomaly_persistence,1.0,1.0,False,True,9,2008|2009|2010|2011|2012|2013|2014|2015|2016,31b381581f914e9810b5d493bb4061490d1d046a40638c1df6653729bcea0ed8,2017-05-21,2017-06-19,30,15.664136305555555,14.936903337782034,9,2008|2009|2010|2011|2012|2013|2014|2015|2016,observation_time_proxy,historical data_available_time is unknown; observation_time is a pseudo-operational proxy
2017-06-20T00:00:00+00:00,2017-06-19,windermere,south,water_temperature,2.0,degC,month_2,2017-07-20,2017-08-18,18.963126334065407,18.235893366291887,0.7272329677735208,full_anomaly_persistence,1.0,1.0,False,True,9,2008|2009|2010|2011|2012|2013|2014|2015|2016,933fa01482f17b150377b4ff0496b7c78fab44dff978a8452a619a68020fe2f5,2017-05-21,2017-06-19,30,15.664136305555555,14.936903337782034,9,2008|2009|2010|2011|2012|2013|2014|2015|2016,observation_time_proxy,historical data_available_time is unknown; observation_time is a pseudo-operational proxy
2017-06-20T00:00:00+00:00,2017-06-19,windermere,south,water_temperature,2.0,degC,month_3,2017-08-19,2017-09-17,17.57926446314389,16.85203149537037,0.7272329677735208,full_anomaly_persistence,1.0,1.0,False,True,9,2008|2009|2010|2011|2012|2013|2014|2015|2016,4366f8ef1e92412bb9597fe743c6c9667ec0d453835624789951d28abdcf539c,2017-05-21,2017-06-19,30,15.664136305555555,14.936903337782034,9,2008|2009|2010|2011|2012|2013|2014|2015|2016,observation_time_proxy,historical data_available_time is unknown; observation_time is a pseudo-operational proxy
2017-06-27T00:00:00+00:00,2017-06-26,windermere,south,water_temperature,2.0,degC,month_1,2017-06-27,2017-07-26,18.68065202906005,17.846178923547065,0.8344731055129859,full_anomaly_persistence,1.0,1.0,False,True,9,2008|2009|2010|2011|2012|2013|2014|2015|2016,5bca2b38f38c732545077273e692058c293a3026b7303675715ad88743d80ce4,2017-05-28,2017-06-26,30,16.564872472222223,15.730399366709237,9,2008|2009|2010|2011|2012|2013|2014|2015|2016,observation_time_proxy,historical data_available_time is unknown; observation_time is a pseudo-operational proxy
2017-06-27T00:00:00+00:00,2017-06-26,windermere,south,water_temperature,2.0,degC,month_2,2017-07-27,2017-08-25,18.827919983599408,17.99344687808642,0.8344731055129859,full_anomaly_persistence,1.0,1.0,False,True,9,2008|2009|2010|2011|2012|2013|2014|2015|2016,b3abeaa9db8198eec16d31010e6aa08de3f31431b56506564bc9867d8d7b6d1a,2017-05-28,2017-06-26,30,16.564872472222223,15.730399366709237,9,2008|2009|2010|2011|2012|2013|2014|2015|2016,observation_time_proxy,historical data_available_time is unknown; observation_time is a pseudo-operational proxy
2017-06-27T00:00:00+00:00,2017-06-26,windermere,south,water_temperature,2.0,degC,month_3,2017-08-26,2017-09-24,17.2445248570562,16.41005175154321,0.8344731055129859,full_anomaly_persistence,1.0,1.0,False,True,9,2008|2009|2010|2011|2012|2013|2014|2015|2016,56ccfc18215f110a726f95a52f578fc6ac8712363b0dc0970e130754cfa61d1c,2017-05-28,2017-06-26,30,16.564872472222223,15.730399366709237,9,2008|2009|2010|2011|2012|2013|2014|2015|2016,observation_time_proxy,historical data_available_time is unknown; observation_time is a pseudo-operational proxy
2017-07-04T00:00:00+00:00,2017-07-03,windermere,south,water_temperature,2.0,degC,month_1,2017-07-04,2017-08-02,18.268311607629958,18.18399682830897,0.0843147793209873,full_anomaly_persistence,1.0,1.0,False,True,9,2008|2009|2010|2011|2012|2013|2014|2015|2016,1a048a68281d8148758fb37979c95b23919369f21667f1b88ac8a818b927ad93,2017-06-04,2017-07-03,30,16.52552586111111,16.441211081790122,9,2008|2009|2010|2011|2012|2013|2014|2015|2016,observation_time_proxy,historical data_available_time is unknown; observation_time is a pseudo-operational proxy
2017-07-04T00:00:00+00:00,2017-07-03,windermere,south,water_temperature,2.0,degC,month_2,2017-08-03,2017-09-01,17.730080195546737,17.64576541622575,0.0843147793209873,full_anomaly_persistence,1.0,1.0,False,True,9,2008|2009|2010|2011|2012|2013|2014|2015|2016,c62ed3950d732bab02bcf23c179d13be4f946ceb3bb616e2d50f3b38a0d89e74,2017-06-04,2017-07-03,30,16.52552586111111,16.441211081790122,9,2008|2009|2010|2011|2012|2013|2014|2015|2016,observation_time_proxy,historical data_available_time is unknown; observation_time is a pseudo-operational proxy
2017-07-04T00:00:00+00:00,2017-07-03,windermere,south,water_temperature,2.0,degC,month_3,2017-09-02,2017-10-01,15.98636125308642,15.902046473765433,0.0843147793209873,full_anomaly_persistence,1.0,1.0,False,True,9,2008|2009|2010|2011|2012|2013|2014|2015|2016,9c443dfa60f04205fcd7981f173a06081c2e804e6d8fc72f0babff4bc085cf38,2017-06-04,2017-07-03,30,16.52552586111111,16.441211081790122,9,2008|2009|2010|2011|2012|2013|2014|2015|2016,observation_time_proxy,historical data_available_time is unknown; observation_time is a pseudo-operational proxy
2017-07-11T00:00:00+00:00,2017-07-10,windermere,south,water_temperature,2.0,degC,month_1,2017-07-11,2017-08-09,18.202787543083527,18.322764916406125,-0.11997737332259817,full_anomaly_persistence,1.0,1.0,False,True,9,2008|2009|2010|2011|2012|2013|2014|2015|2016,be625c42b083dad095a81ac743b5c30e0f5b85515dfd6a27a01eede3a01ef90e,2017-06-11,2017-07-10,30,16.73639797222222,16.85637534554482,9,2008|2009|2010|2011|2012|2013|2014|2015|2016,observation_time_proxy,historical data_available_time is unknown; observation_time is a pseudo-operational proxy
2017-07-11T00:00:00+00:00,2017-07-10,windermere,south,water_temperature,2.0,degC,month_2,2017-08-10,2017-09-08,17.205299480072462,17.32527685339506,-0.11997737332259817,full_anomaly_persistence,1.0,1.0,False,True,9,2008|2009|2010|2011|2012|2013|2014|2015|2016,7df388bb867a7588b7c7337686a00daab42006ca7834df288fbe602c333327fe,2017-06-11,2017-07-10,30,16.73639797222222,16.85637534554482,9,2008|2009|2010|2011|2012|2013|2014|2015|2016,observation_time_proxy,historical data_available_time is unknown; observation_time is a pseudo-operational proxy
2017-07-11T00:00:00+00:00,2017-07-10,windermere,south,water_temperature,2.0,degC,month_3,2017-09-09,2017-10-08,15.196743064949006,15.316720438271604,-0.11997737332259817,full_anomaly_persistence,1.0,1.0,False,True,9,2008|2009|2010|2011|2012|2013|2014|2015|2016,14849aaf47d19cb1a45ffd75b7c734c25e4b9c5a0d8cfcd37ea2437353f4df16,2017-06-11,2017-07-10,30,16.73639797222222,16.85637534554482,9,2008|2009|2010|2011|2012|2013|2014|2015|2016,observation_time_proxy,historical data_available_time is unknown; observation_time is a pseudo-operational proxy
2017-07-18T00:00:00+00:00,2017-07-17,windermere,south,water_temperature,2.0,degC,month_1,2017-07-18,2017-08-16,18.321348355112548,18.256542968474427,0.06480538663812041,full_anomaly_persistence,1.0,1.0,False,True,9,2008|2009|2010|2011|2012|2013|2014|2015|2016,34f7b6af350f416e96995e658d85ffe3be765c2c3a58142c7311ba6000a568c8,2017-06-18,2017-07-17,30,17.36110875,17.29630336336188,9,2008|2009|2010|2011|2012|2013|2014|2015|2016,observation_time_proxy,historical data_available_time is unknown; observation_time is a pseudo-operational proxy
2017-07-18T00:00:00+00:00,2017-07-17,windermere,south,water_temperature,2.0,degC,month_2,2017-08-17,2017-09-15,17.035572939107254,16.970767552469134,0.06480538663812041,full_anomaly_persistence,1.0,1.0,False,True,9,2008|2009|2010|2011|2012|2013|2014|2015|2016,0016c621ea42e5d0d50eb313c43d30c24c62d6383e5bfb047f17fab7e1a243ec,2017-06-18,2017-07-17,30,17.36110875,17.29630336336188,9,2008|2009|2010|2011|2012|2013|2014|2015|2016,observation_time_proxy,historical data_available_time is unknown; observation_time is a pseudo-operational proxy
2017-07-18T00:00:00+00:00,2017-07-17,windermere,south,water_temperature,2.0,degC,month_3,2017-09-16,2017-10-15,14.726179295588738,14.661373908950617,0.06480538663812041,full_anomaly_persistence,1.0,1.0,False,True,9,2008|2009|2010|2011|2012|2013|2014|2015|2016,e57bce6ba3ae4f3ea35dcf2165a8dc6d800f2cbf38ac4d7b0c0ec8a310a91556,2017-06-18,2017-07-17,30,17.36110875,17.29630336336188,9,2008|2009|2010|2011|2012|2013|2014|2015|2016,observation_time_proxy,historical data_available_time is unknown; observation_time is a pseudo-operational proxy
2017-07-25T00:00:00+00:00,2017-07-24,windermere,south,water_temperature,2.0,degC,month_1,2017-07-25,2017-08-23,17.919793222396496,18.079280374338623,-0.15948715194212681,full_anomaly_persistence,1.0,1.0,False,True,9,2008|2009|2010|2011|2012|2013|2014|2015|2016,799c650b04251dbe7fc6d1981550349180e54c0a975fa7abf0dadb0151fa7a37,2017-06-25,2017-07-24,30,17.549765430555556,17.709252582497683,9,2008|2009|2010|2011|2012|2013|2014|2015|2016,observation_time_proxy,historical data_available_time is unknown; observation_time is a pseudo-operational proxy
2017-07-25T00:00:00+00:00,2017-07-24,windermere,south,water_temperature,2.0,degC,month_2,2017-08-24,2017-09-22,16.395638704539355,16.55512585648148,-0.15948715194212681,full_anomaly_persistence,1.0,1.0,False,True,9,2008|2009|2010|2011|2012|2013|2014|2015|2016,3cea423aef996219ecbab21d55fd54152cd93adf4f4f6431e84522d7dc66f1cb,2017-06-25,2017-07-24,30,17.549765430555556,17.709252582497683,9,2008|2009|2010|2011|2012|2013|2014|2015|2016,observation_time_proxy,historical data_available_time is unknown; observation_time is a pseudo-operational proxy
2017-07-25T00:00:00+00:00,2017-07-24,windermere,south,water_temperature,2.0,degC,month_3,2017-09-23,2017-10-22,13.814569591885034,13.97405674382716,-0.15948715194212681,full_anomaly_persistence,1.0,1.0,False,True,9,2008|2009|2010|2011|2012|2013|2014|2015|2016,6efa23de4f185f48e2fa11970c3ae9263eb5e07470be7afee34b89a1725d63a7,2017-06-25,2017-07-24,30,17.549765430555556,17.709252582497683,9,2008|2009|2010|2011|2012|2013|2014|2015|2016,observation_time_proxy,historical data_available_time is unknown; observation_time is a pseudo-operational proxy
2017-08-01T00:00:00+00:00,2017-07-31,windermere,south,water_temperature,2.0,degC,month_1,2017-08-01,2017-08-30,17.41820117444676,17.737668845238094,-0.3194676707913331,full_anomaly_persistence,1.0,1.0,False,True,9,2008|2009|2010|2011|2012|2013|2014|2015|2016,6209f1bf8be698eb1ef5df4751eafd22e5154f62044e97bea95519fbf3011070,2017-07-02,2017-07-31,30,17.803237347222222,18.122705018013555,9,2008|2009|2010|2011|2012|2013|2014|2015|2016,observation_time_proxy,historical data_available_time is unknown; observation_time is a pseudo-operational proxy
2017-08-01T00:00:00+00:00,2017-07-31,windermere,south,water_temperature,2.0,degC,month_2,2017-08-31,2017-09-29,15.724313778282742,16.043781449074075,-0.3194676707913331,full_anomaly_persistence,1.0,1.0,False,True,9,2008|2009|2010|2011|2012|2013|2014|2015|2016,6b10e99aba77c59b1ba027939bf4a2857600b7c5454bd54d2ff6011fff9e180d,2017-07-02,2017-07-31,30,17.803237347222222,18.122705018013555,9,2008|2009|2010|2011|2012|2013|2014|2015|2016,observation_time_proxy,historical data_available_time is unknown; observation_time is a pseudo-operational proxy
2017-08-01T00:00:00+00:00,2017-07-31,windermere,south,water_temperature,2.0,degC,month_3,2017-09-30,2017-10-29,12.930764623961753,13.250232294753086,-0.3194676707913331,full_anomaly_persistence,1.0,1.0,False,True,9,2008|2009|2010|2011|2012|2013|2014|2015|2016,e40e79d7600c02d90c4801f97cde6d290818c257bde2087c2a2e6579d6e75844,2017-07-02,2017-07-31,30,17.803237347222222,18.122705018013555,9,2008|2009|2010|2011|2012|2013|2014|2015|2016,observation_time_proxy,historical data_available_time is unknown; observation_time is a pseudo-operational proxy
2017-08-08T00:00:00+00:00,2017-08-07,windermere,south,water_temperature,2.0,degC,month_1,2017-08-08,2017-09-06,17.069773165714686,17.426506353395062,-0.3567331876803763,full_anomaly_persistence,1.0,1.0,False,True,9,2008|2009|2010|2011|2012|2013|2014|2015|2016,40d1f95ea0d1bbfbab3e11deab71dadd472075c8b7f5e81472768becf23683a4,2017-07-09,2017-08-07,30,17.950331694444444,18.30706488212482,9,2008|2009|2010|2011|2012|2013|2014|2015|2016,observation_time_proxy,historical data_available_time is unknown; observation_time is a pseudo-operational proxy
2017-08-08T00:00:00+00:00,2017-08-07,windermere,south,water_temperature,2.0,degC,month_2,2017-09-07,2017-10-06,15.133032634850487,15.489765822530863,-0.3567331876803763,full_anomaly_persistence,1.0,1.0,False,True,9,2008|2009|2010|2011|2012|2013|2014|2015|2016,9f072db53c032b3160ae2e508bbcf16c81fdb696f65f24e1901825d972f4d1fb,2017-07-09,2017-08-07,30,17.950331694444444,18.30706488212482,9,2008|2009|2010|2011|2012|2013|2014|2015|2016,observation_time_proxy,historical data_available_time is unknown; observation_time is a pseudo-operational proxy
2017-08-08T00:00:00+00:00,2017-08-07,windermere,south,water_temperature,2.0,degC,month_3,2017-10-07,2017-11-05,12.153135603885646,12.509868791566022,-0.3567331876803763,full_anomaly_persistence,1.0,1.0,False,True,9,2008|2009|2010|2011|2012|2013|2014|2015|2016,1cfc2d2acb52c55f46e0844a3741b1759ae745c6af489a25da63d6a59d33291c,2017-07-09,2017-08-07,30,17.950331694444444,18.30706488212482,9,2008|2009|2010|2011|2012|2013|2014|2015|2016,observation_time_proxy,historical data_available_time is unknown; observation_time is a pseudo-operational proxy
2017-08-15T00:00:00+00:00,2017-08-14,windermere,south,water_temperature,2.0,degC,month_1,2017-08-15,2017-09-13,16.668672561838623,17.07915636728395,-0.4104838054453275,full_anomaly_persistence,1.0,1.0,False,True,9,2008|2009|2010|2011|2012|2013|2014|2015|2016,e86d96de44a99d5fd105ff3adc424da675a6ba94861239560ce2524e2eea9923,2017-07-16,2017-08-14,30,17.86109351388889,18.271577319334217,9,2008|2009|2010|2011|2012|2013|2014|2015|2016,observation_time_proxy,historical data_available_time is unknown; observation_time is a pseudo-operational proxy
2017-08-15T00:00:00+00:00,2017-08-14,windermere,south,water_temperature,2.0,degC,month_2,2017-09-14,2017-10-13,14.443832888999117,14.854316694444444,-0.4104838054453275,full_anomaly_persistence,1.0,1.0,False,True,9,2008|2009|2010|2011|2012|2013|2014|2015|2016,be8058b7156ca9a07092357c3277b47fb0c8d75af974cbcc7c450b7d61a67ac1,2017-07-16,2017-08-14,30,17.86109351388889,18.271577319334217,9,2008|2009|2010|2011|2012|2013|2014|2015|2016,observation_time_proxy,historical data_available_time is unknown; observation_time is a pseudo-operational proxy
2017-08-15T00:00:00+00:00,2017-08-14,windermere,south,water_temperature,2.0,degC,month_3,2017-10-14,2017-11-12,11.345094907879954,11.755578713325281,-0.4104838054453275,full_anomaly_persistence,1.0,1.0,False,True,9,2008|2009|2010|2011|2012|2013|2014|2015|2016,4ed38eaa7d205dfb4d24a18b742946f5a9799e02692bd02fabbff972a46296ae,2017-07-16,2017-08-14,30,17.86109351388889,18.271577319334217,9,2008|2009|2010|2011|2012|2013|2014|2015|2016,observation_time_proxy,historical data_available_time is unknown; observation_time is a pseudo-operational proxy
2017-08-22T00:00:00+00:00,2017-08-21,windermere,south,water_temperature,2.0,degC,month_1,2017-08-22,2017-09-20,15.998665648809524,16.680465686728393,-0.6818000379188689,full_anomaly_persistence,1.0,1.0,False,True,9,2008|2009|2010|2011|2012|2013|2014|2015|2016,decc6421decdd75ea6e0615ad1280a3811a33550f4b6306bef671aea6aee8280,2017-07-23,2017-08-21,30,17.469323791666667,18.151123829585536,9,2008|2009|2010|2011|2012|2013|2014|2015|2016,observation_time_proxy,historical data_available_time is unknown; observation_time is a pseudo-operational proxy
2017-08-22T00:00:00+00:00,2017-08-21,windermere,south,water_temperature,2.0,degC,month_2,2017-09-21,2017-10-20,13.495025036155205,14.176825074074074,-0.6818000379188689,full_anomaly_persistence,1.0,1.0,False,True,9,2008|2009|2010|2011|2012|2013|2014|2015|2016,b401e709ddc67227d5662c316d7ca21febd846ded5cde3773d2f89e0cacf5f48,2017-07-23,2017-08-21,30,17.469323791666667,18.151123829585536,9,2008|2009|2010|2011|2012|2013|2014|2015|2016,observation_time_proxy,historical data_available_time is unknown; observation_time is a pseudo-operational proxy
2017-08-22T00:00:00+00:00,2017-08-21,windermere,south,water_temperature,2.0,degC,month_3,2017-10-21,2017-11-19,10.347587812752092,11.029387850670961,-0.6818000379188689,full_anomaly_persistence,1.0,1.0,False,True,9,2008|2009|2010|2011|2012|2013|2014|2015|2016,1f91f7069d0823e4c9039399a541193ff8b5ad2e40064c5c7fb4de57aded1cd8,2017-07-23,2017-08-21,30,17.469323791666667,18.151123829585536,9,2008|2009|2010|2011|2012|2013|2014|2015|2016,observation_time_proxy,historical data_available_time is unknown; observation_time is a pseudo-operational proxy
2017-08-29T00:00:00+00:00,2017-08-28,windermere,south,water_temperature,2.0,degC,month_1,2017-08-29,2017-09-27,15.595226196428573,16.185540638888888,-0.5903144424603148,full_anomaly_persistence,1.0,1.0,False,True,9,2008|2009|2010|2011|2012|2013|2014|2015|2016,befc5e1937935be3391542ab7fcdff08cb877aa3caf4d0b5ecf8e293c8351021,2017-07-30,2017-08-28,30,17.248414958333335,17.83872940079365,9,2008|2009|2010|2011|2012|2013|2014|2015|2016,observation_time_proxy,historical data_available_time is unknown; observation_time is a pseudo-operational proxy
2017-08-29T00:00:00+00:00,2017-08-28,windermere,south,water_temperature,2.0,degC,month_2,2017-09-28,2017-10-27,12.871049330687834,13.461363773148149,-0.5903144424603148,full_anomaly_persistence,1.0,1.0,False,True,9,2008|2009|2010|2011|2012|2013|2014|2015|2016,002ee735e505010d090dd36cb3eda73d7849ce3f3d34b6068b55f46a62edfb34,2017-07-30,2017-08-28,30,17.248414958333335,17.83872940079365,9,2008|2009|2010|2011|2012|2013|2014|2015|2016,observation_time_proxy,historical data_available_time is unknown; observation_time is a pseudo-operational proxy
2017-08-29T00:00:00+00:00,2017-08-28,windermere,south,water_temperature,2.0,degC,month_3,2017-10-28,2017-11-26,9.755608951883486,10.345923394343801,-0.5903144424603148,full_anomaly_persistence,1.0,1.0,False,True,9,2008|2009|2010|2011|2012|2013|2014|2015|2016,322f74eb9d35cfea7166a06e300dc0e5748a815fd90ca2df538c035d5ab68dfc,2017-07-30,2017-08-28,30,17.248414958333335,17.83872940079365,9,2008|2009|2010|2011|2012|2013|2014|2015|2016,observation_time_proxy,historical data_available_time is unknown; observation_time is a pseudo-operational proxy
2017-09-05T00:00:00+00:00,2017-09-04,windermere,south,water_temperature,2.0,degC,month_1,2017-09-05,2017-10-04,15.333715623897707,15.663230925925927,-0.32951530202822,full_anomaly_persistence,1.0,1.0,False,True,9,2008|2009|2010|2011|2012|2013|2014|2015|2016,250df209a18cc732484fbe84c7d61e8d719f416991010ffd6062afc619e078d7,2017-08-06,2017-09-04,30,17.18717951388889,17.51669481591711,9,2008|2009|2010|2011|2012|2013|2014|2015|2016,observation_time_proxy,historical data_available_time is unknown; observation_time is a pseudo-operational proxy
2017-09-05T00:00:00+00:00,2017-09-04,windermere,south,water_temperature,2.0,degC,month_2,2017-10-05,2017-11-03,12.38861097179089,12.71812627381911,-0.32951530202822,full_anomaly_persistence,1.0,1.0,False,True,9,2008|2009|2010|2011|2012|2013|2014|2015|2016,4756a12506cf2d0693b34882afd7fa63e5f6a048cab4400d4cc6969841e259cb,2017-08-06,2017-09-04,30,17.18717951388889,17.51669481591711,9,2008|2009|2010|2011|2012|2013|2014|2015|2016,observation_time_proxy,historical data_available_time is unknown; observation_time is a pseudo-operational proxy
2017-09-05T00:00:00+00:00,2017-09-04,windermere,south,water_temperature,2.0,degC,month_3,2017-11-04,2017-12-03,9.312528167060615,9.642043469088835,-0.32951530202822,full_anomaly_persistence,1.0,1.0,False,True,9,2008|2009|2010|2011|2012|2013|2014|2015|2016,7760a3b8b5bf04819ec18768ccddc5780b7f86b336c83b725068e353386e7e76,2017-08-06,2017-09-04,30,17.18717951388889,17.51669481591711,9,2008|2009|2010|2011|2012|2013|2014|2015|2016,observation_time_proxy,historical data_available_time is unknown; observation_time is a pseudo-operational proxy
2017-09-12T00:00:00+00:00,2017-09-11,windermere,south,water_temperature,2.0,degC,month_1,2017-09-12,2017-10-11,14.901687942901235,15.043430401234568,-0.14174245833333288,full_anomaly_persistence,1.0,1.0,False,True,9,2008|2009|2010|2011|2012|2013|2014|2015|2016,8daea9018e9925ac63357c43dc0ab70628890878e135d33a74ef87c99dc88ad5,2017-08-13,2017-09-11,30,17.039527791666668,17.18127025,9,2008|2009|2010|2011|2012|2013|2014|2015|2016,observation_time_proxy,historical data_available_time is unknown; observation_time is a pseudo-operational proxy
2017-09-12T00:00:00+00:00,2017-09-11,windermere,south,water_temperature,2.0,degC,month_2,2017-10-12,2017-11-10,11.829592169498122,11.971334627831455,-0.14174245833333288,full_anomaly_persistence,1.0,1.0,False,True,9,2008|2009|2010|2011|2012|2013|2014|2015|2016,eeaab54f00416a685a040b052db41972e65047328f53a1832a3e0d633a61b03e,2017-08-13,2017-09-11,30,17.039527791666668,17.18127025,9,2008|2009|2010|2011|2012|2013|2014|2015|2016,observation_time_proxy,historical data_available_time is unknown; observation_time is a pseudo-operational proxy
2017-09-12T00:00:00+00:00,2017-09-11,windermere,south,water_temperature,2.0,degC,month_3,2017-11-11,2017-12-10,8.804132869243157,8.94587532757649,-0.14174245833333288,full_anomaly_persistence,1.0,1.0,False,True,9,2008|2009|2010|2011|2012|2013|2014|2015|2016,51ee73830d60622bbefb211df5e29f2ee0db6165a1df39979cdac56c9804504f,2017-08-13,2017-09-11,30,17.039527791666668,17.18127025,9,2008|2009|2010|2011|2012|2013|2014|2015|2016,observation_time_proxy,historical data_available_time is unknown; observation_time is a pseudo-operational proxy
2017-09-19T00:00:00+00:00,2017-09-18,windermere,south,water_temperature,2.0,degC,month_1,2017-09-19,2017-10-18,14.241281836419754,14.37435037654321,-0.1330685401234568,full_anomaly_persistence,1.0,1.0,False,True,9,2008|2009|2010|2011|2012|2013|2014|2015|2016,dc6188603c840a1ed873f855eaf14b2ddebd4e18b3b0b40fd107a9d9bb45f370,2017-08-20,2017-09-18,30,16.658170138888888,16.791238679012345,9,2008|2009|2010|2011|2012|2013|2014|2015|2016,observation_time_proxy,historical data_available_time is unknown; observation_time is a pseudo-operational proxy
2017-09-19T00:00:00+00:00,2017-09-18,windermere,south,water_temperature,2.0,degC,month_2,2017-10-19,2017-11-17,11.098852734158616,11.231921274282072,-0.1330685401234568,full_anomaly_persistence,1.0,1.0,False,True,9,2008|2009|2010|2011|2012|2013|2014|2015|2016,5440028fc445d9c803f8ff62267e38f981437415d257dfa10ea96bce117641af,2017-08-20,2017-09-18,30,16.658170138888888,16.791238679012345,9,2008|2009|2010|2011|2012|2013|2014|2015|2016,observation_time_proxy,historical data_available_time is unknown; observation_time is a pseudo-operational proxy
2017-09-19T00:00:00+00:00,2017-09-18,windermere,south,water_temperature,2.0,degC,month_3,2017-11-18,2017-12-17,8.14859710751476,8.281665647638217,-0.1330685401234568,full_anomaly_persistence,1.0,1.0,False,True,9,2008|2009|2010|2011|2012|2013|2014|2015|2016,adf59c58e2d90536daffd14e8b713d7622c87f07822a02d89db27c9ff7336aaf,2017-08-20,2017-09-18,30,16.658170138888888,16.791238679012345,9,2008|2009|2010|2011|2012|2013|2014|2015|2016,observation_time_proxy,historical data_available_time is unknown; observation_time is a pseudo-operational proxy
2017-09-26T00:00:00+00:00,2017-09-25,windermere,south,water_temperature,2.0,degC,month_1,2017-09-26,2017-10-25,13.497082155864195,13.668154549382717,-0.17107239351852144,full_anomaly_persistence,1.0,1.0,False,True,9,2008|2009|2010|2011|2012|2013|2014|2015|2016,7a1f3d82ce821c171240cad7c4a9c09ec9369fe599db9da2e4e708d0d0a505df,2017-08-27,2017-09-25,30,16.165168180555554,16.336240574074075,9,2008|2009|2010|2011|2012|2013|2014|2015|2016,observation_time_proxy,historical data_available_time is unknown; observation_time is a pseudo-operational proxy
2017-09-26T00:00:00+00:00,2017-09-25,windermere,south,water_temperature,2.0,degC,month_2,2017-10-26,2017-11-24,10.367109404374661,10.538181797893182,-0.17107239351852144,full_anomaly_persistence,1.0,1.0,False,True,9,2008|2009|2010|2011|2012|2013|2014|2015|2016,463dd73e230fdc01d31ed460f2587755c36ed35badfe48aa9ced6e530b41880d,2017-08-27,2017-09-25,30,16.165168180555554,16.336240574074075,9,2008|2009|2010|2011|2012|2013|2014|2015|2016,observation_time_proxy,historical data_available_time is unknown; observation_time is a pseudo-operational proxy
2017-09-26T00:00:00+00:00,2017-09-25,windermere,south,water_temperature,2.0,degC,month_3,2017-11-25,2017-12-24,7.489309310446857,7.6603817039653785,-0.17107239351852144,full_anomaly_persistence,1.0,1.0,False,True,9,2008|2009|2010|2011|2012|2013|2014|2015|2016,f4a0efc907fbc5396de4e5ee5813ec2b2813e9b6ad4588451eb1e16e3b3471f0,2017-08-27,2017-09-25,30,16.165168180555554,16.336240574074075,9,2008|2009|2010|2011|2012|2013|2014|2015|2016,observation_time_proxy,historical data_available_time is unknown; observation_time is a pseudo-operational proxy
2017-10-03T00:00:00+00:00,2017-10-02,windermere,south,water_temperature,2.0,degC,month_1,2017-10-03,2017-11-01,12.69742115499195,12.925503810856146,-0.22808265586419552,full_anomaly_persistence,1.0,1.0,False,True,9,2008|2009|2010|2011|2012|2013|2014|2015|2016,abc4e5e371290b8c25942d599428d748d9c9001da2ff358d32f1af4ff6f62583,2017-09-03,2017-10-02,30,15.60196863888889,15.830051294753085,9,2008|2009|2010|2011|2012|2013|2014|2015|2016,observation_time_proxy,historical data_available_time is unknown; observation_time is a pseudo-operational proxy
2017-10-03T00:00:00+00:00,2017-10-02,windermere,south,water_temperature,2.0,degC,month_2,2017-11-02,2017-12-01,9.618484650308643,9.846567306172838,-0.22808265586419552,full_anomaly_persistence,1.0,1.0,False,True,9,2008|2009|2010|2011|2012|2013|2014|2015|2016,ca7d72b5b405366c26669f5993afdd695fef48511fd9de9d9a629fd38b7a6e36,2017-09-03,2017-10-02,30,15.60196863888889,15.830051294753085,9,2008|2009|2010|2011|2012|2013|2014|2015|2016,observation_time_proxy,historical data_available_time is unknown; observation_time is a pseudo-operational proxy
2017-10-03T00:00:00+00:00,2017-10-02,windermere,south,water_temperature,2.0,degC,month_3,2017-12-02,2017-12-31,6.896301099107625,7.12438375497182,-0.22808265586419552,full_anomaly_persistence,1.0,1.0,False,True,9,2008|2009|2010|2011|2012|2013|2014|2015|2016,a2b0361ae99618aa533743129eb6096037bae0af2085ea6ab81fe2cf73a50a6e,2017-09-03,2017-10-02,30,15.60196863888889,15.830051294753085,9,2008|2009|2010|2011|2012|2013|2014|2015|2016,observation_time_proxy,historical data_available_time is unknown; observation_time is a pseudo-operational proxy
2017-10-10T00:00:00+00:00,2017-10-09,windermere,south,water_temperature,2.0,degC,month_1,2017-10-10,2017-11-08,11.861463054528985,12.186541923356145,-0.32507886882716086,full_anomaly_persistence,1.0,1.0,False,True,9,2008|2009|2010|2011|2012|2013|2014|2015|2016,dd3ef82c493a51e0a7a824ddd79e54bcbb5ebbb6264e70b09cf561af16c65d64,2017-09-10,2017-10-09,30,14.902354416666666,15.227433285493827,9,2008|2009|2010|2011|2012|2013|2014|2015|2016,observation_time_proxy,historical data_available_time is unknown; observation_time is a pseudo-operational proxy
2017-10-10T00:00:00+00:00,2017-10-09,windermere,south,water_temperature,2.0,degC,month_2,2017-11-09,2017-12-08,8.814369795786366,9.139448664613527,-0.32507886882716086,full_anomaly_persistence,1.0,1.0,False,True,9,2008|2009|2010|2011|2012|2013|2014|2015|2016,dde0ae34ac82491c4df6509522339c12954de1191dd836cae8e731e57154c906,2017-09-10,2017-10-09,30,14.902354416666666,15.227433285493827,9,2008|2009|2010|2011|2012|2013|2014|2015|2016,observation_time_proxy,historical data_available_time is unknown; observation_time is a pseudo-operational proxy
2017-10-10T00:00:00+00:00,2017-10-09,windermere,south,water_temperature,2.0,degC,month_3,2017-12-09,2018-01-07,6.287991211501946,6.6130700803291065,-0.32507886882716086,full_anomaly_persistence,1.0,1.0,False,True,8,2008|2009|2010|2011|2012|2013|2014|2015,52b6339497113c28e2f20ae07be265be2d7666cffc0424659b34c9b5b79a538c,2017-09-10,2017-10-09,30,14.902354416666666,15.227433285493827,9,2008|2009|2010|2011|2012|2013|2014|2015|2016,observation_time_proxy,historical data_available_time is unknown; observation_time is a pseudo-operational proxy
2017-10-17T00:00:00+00:00,2017-10-16,windermere,south,water_temperature,2.0,degC,month_1,2017-10-17,2017-11-15,11.182815975516638,11.437394571195652,-0.2545785956790141,full_anomaly_persistence,1.0,1.0,False,True,9,2008|2009|2010|2011|2012|2013|2014|2015|2016,2735cebe35fcfdb354c3da6e9979479a422bb31c81ee6245e7fd8d81227b49dd,2017-09-17,2017-10-16,30,14.311622722222221,14.566201317901236,9,2008|2009|2010|2011|2012|2013|2014|2015|2016,observation_time_proxy,historical data_available_time is unknown; observation_time is a pseudo-operational proxy
2017-10-17T00:00:00+00:00,2017-10-16,windermere,south,water_temperature,2.0,degC,month_2,2017-11-16,2017-12-15,8.214437777576487,8.469016373255501,-0.2545785956790141,full_anomaly_persistence,1.0,1.0,False,True,9,2008|2009|2010|2011|2012|2013|2014|2015|2016,f1249e2b7e8aeb389bafa1ede4f55aedf6945d8dbd8f9328f96bb4282d584f89,2017-09-17,2017-10-16,30,14.311622722222221,14.566201317901236,9,2008|2009|2010|2011|2012|2013|2014|2015|2016,observation_time_proxy,historical data_available_time is unknown; observation_time is a pseudo-operational proxy
2017-10-17T00:00:00+00:00,2017-10-16,windermere,south,water_temperature,2.0,degC,month_3,2017-12-16,2018-01-14,5.981818408087593,6.236397003766607,-0.2545785956790141,full_anomaly_persistence,1.0,1.0,False,True,8,2008|2009|2010|2011|2012|2013|2014|2015,77c58a104fd4d334d606377139ac4c7901671957031853a0e5b92f88565ce85f,2017-09-17,2017-10-16,30,14.311622722222221,14.566201317901236,9,2008|2009|2010|2011|2012|2013|2014|2015|2016,observation_time_proxy,historical data_available_time is unknown; observation_time is a pseudo-operational proxy
2017-10-24T00:00:00+00:00,2017-10-23,windermere,south,water_temperature,2.0,degC,month_1,2017-10-24,2017-11-22,10.60514888662775,10.733836128911701,-0.12868724228395045,full_anomaly_persistence,1.0,1.0,False,True,9,2008|2009|2010|2011|2012|2013|2014|2015|2016,1825e1bfab6275cf445fb2c8b28e1bf49e9bf9c544a3ca637bc9717e4492fd8e,2017-09-24,2017-10-23,30,13.741290527777778,13.869977770061729,9,2008|2009|2010|2011|2012|2013|2014|2015|2016,observation_time_proxy,historical data_available_time is unknown; observation_time is a pseudo-operational proxy
2017-10-24T00:00:00+00:00,2017-10-23,windermere,south,water_temperature,2.0,degC,month_2,2017-11-23,2017-12-22,7.703274180045626,7.831961422329576,-0.12868724228395045,full_anomaly_persistence,1.0,1.0,False,True,9,2008|2009|2010|2011|2012|2013|2014|2015|2016,0cd508303d82111ba4c96f1346f34e42fe5233a42ebdbf291c886ffdd4916c9d,2017-09-24,2017-10-23,30,13.741290527777778,13.869977770061729,9,2008|2009|2010|2011|2012|2013|2014|2015|2016,observation_time_proxy,historical data_available_time is unknown; observation_time is a pseudo-operational proxy
2017-10-24T00:00:00+00:00,2017-10-23,windermere,south,water_temperature,2.0,degC,month_3,2017-12-23,2018-01-21,5.779821567199422,5.908508809483372,-0.12868724228395045,full_anomaly_persistence,1.0,1.0,False,True,8,2008|2009|2010|2011|2012|2013|2014|2015,45e6d4a0caecd5dbe413df9ce800ecdc432404c9ae1a4ba66dd5d0b01bc10159,2017-09-24,2017-10-23,30,13.741290527777778,13.869977770061729,9,2008|2009|2010|2011|2012|2013|2014|2015|2016,observation_time_proxy,historical data_available_time is unknown; observation_time is a pseudo-operational proxy
2017-10-31T00:00:00+00:00,2017-10-30,windermere,south,water_temperature,2.0,degC,month_1,2017-10-31,2017-11-29,10.024676749899355,10.048600857924047,-0.02392410802469236,full_anomaly_persistence,1.0,1.0,False,True,9,2008|2009|2010|2011|2012|2013|2014|2015|2016,886dca3fa307c5309de19cebff7018661023914812891b978fa6ef11be6bafc4,2017-10-01,2017-10-30,30,13.118558875,13.142482983024692,9,2008|2009|2010|2011|2012|2013|2014|2015|2016,observation_time_proxy,historical data_available_time is unknown; observation_time is a pseudo-operational proxy
2017-10-31T00:00:00+00:00,2017-10-30,windermere,south,water_temperature,2.0,degC,month_2,2017-11-30,2017-12-29,7.244363430199946,7.268287538224638,-0.02392410802469236,full_anomaly_persistence,1.0,1.0,False,True,9,2008|2009|2010|2011|2012|2013|2014|2015|2016,00c40b21d0330c62d17d80164cbce17e7b18fc808585896faf493d05265549ef,2017-10-01,2017-10-30,30,13.118558875,13.142482983024692,9,2008|2009|2010|2011|2012|2013|2014|2015|2016,observation_time_proxy,historical data_available_time is unknown; observation_time is a pseudo-operational proxy
2017-10-31T00:00:00+00:00,2017-10-30,windermere,south,water_temperature,2.0,degC,month_3,2017-12-30,2018-01-28,5.576108348271676,5.600032456296368,-0.02392410802469236,full_anomaly_persistence,1.0,1.0,False,True,8,2008|2009|2010|2011|2012|2013|2014|2015,e7f5b048807a874f0104f36967272727ba6f75968ace291e6db54131bb5f3246,2017-10-01,2017-10-30,30,13.118558875,13.142482983024692,9,2008|2009|2010|2011|2012|2013|2014|2015|2016,observation_time_proxy,historical data_available_time is unknown; observation_time is a pseudo-operational proxy
2017-11-07T00:00:00+00:00,2017-11-06,windermere,south,water_temperature,2.0,degC,month_1,2017-11-07,2017-12-06,9.514847639714171,9.337300048255502,0.17754759145866927,full_anomaly_persistence,1.0,1.0,False,True,9,2008|2009|2010|2011|2012|2013|2014|2015|2016,76ef0372a3bda7ca473679ed6daca6d241376a8e49637d4fc4f58f306bfdaac7,2017-10-08,2017-11-06,30,12.580816861111112,12.403269269652442,9,2008|2009|2010|2011|2012|2013|2014|2015|2016,observation_time_proxy,historical data_available_time is unknown; observation_time is a pseudo-operational proxy
2017-11-07T00:00:00+00:00,2017-11-06,windermere,south,water_temperature,2.0,degC,month_2,2017-12-07,2018-01-05,6.9144435013016645,6.736895909842995,0.17754759145866927,full_anomaly_persistence,1.0,1.0,False,True,8,2008|2009|2010|2011|2012|2013|2014|2015,a9274a30c4d9fff0277304808dd14b360cf6b081f9b0dff544d1512081073730,2017-10-08,2017-11-06,30,12.580816861111112,12.403269269652442,9,2008|2009|2010|2011|2012|2013|2014|2015|2016,observation_time_proxy,historical data_available_time is unknown; observation_time is a pseudo-operational proxy
2017-11-07T00:00:00+00:00,2017-11-06,windermere,south,water_temperature,2.0,degC,month_3,2018-01-06,2018-02-04,5.5199521243290395,5.34240453287037,0.17754759145866927,full_anomaly_persistence,1.0,1.0,False,True,9,2008|2009|2010|2011|2012|2013|2014|2015|2016,e97d46b7673fcb073d750f53e1ae4a2a599eb7a36c2c44cce872abda441c0277,2017-10-08,2017-11-06,30,12.580816861111112,12.403269269652442,9,2008|2009|2010|2011|2012|2013|2014|2015|2016,observation_time_proxy,historical data_available_time is unknown; observation_time is a pseudo-operational proxy
2017-11-14T00:00:00+00:00,2017-11-13,windermere,south,water_temperature,2.0,degC,month_1,2017-11-14,2017-12-13,9.030577442337627,8.659223801804885,0.37135364053274245,full_anomaly_persistence,1.0,1.0,False,True,9,2008|2009|2010|2011|2012|2013|2014|2015|2016,8275fb7572ee2e623d48a039900e678ab0c898b1e71708f3fcbf836633de3c45,2017-10-15,2017-11-13,30,12.020295402777778,11.648941762245036,9,2008|2009|2010|2011|2012|2013|2014|2015|2016,observation_time_proxy,historical data_available_time is unknown; observation_time is a pseudo-operational proxy
2017-11-14T00:00:00+00:00,2017-11-13,windermere,south,water_temperature,2.0,degC,month_2,2017-12-14,2018-01-12,6.705732635618793,6.334378995086051,0.37135364053274245,full_anomaly_persistence,1.0,1.0,False,True,8,2008|2009|2010|2011|2012|2013|2014|2015,ed58ff947d51a6d623db9b7f729678ef0150ad989362475b3322bf44635144a5,2017-10-15,2017-11-13,30,12.020295402777778,11.648941762245036,9,2008|2009|2010|2011|2012|2013|2014|2015|2016,observation_time_proxy,historical data_available_time is unknown; observation_time is a pseudo-operational proxy
2017-11-14T00:00:00+00:00,2017-11-13,windermere,south,water_temperature,2.0,degC,month_3,2018-01-13,2018-02-11,5.497224943034947,5.125871302502205,0.37135364053274245,full_anomaly_persistence,1.0,1.0,False,True,9,2008|2009|2010|2011|2012|2013|2014|2015|2016,40eb6c166fccf38e74fcb914b208bb7dcfcd840e4d856623c4172cfe4c3bb3dc,2017-10-15,2017-11-13,30,12.020295402777778,11.648941762245036,9,2008|2009|2010|2011|2012|2013|2014|2015|2016,observation_time_proxy,historical data_available_time is unknown; observation_time is a pseudo-operational proxy
2017-11-21T00:00:00+00:00,2017-11-20,windermere,south,water_temperature,2.0,degC,month_1,2017-11-21,2017-12-20,8.482354144961084,8.008892816156736,0.47346132880434766,full_anomaly_persistence,1.0,1.0,False,True,9,2008|2009|2010|2011|2012|2013|2014|2015|2016,75d304ffb748a6c5e8d305ebd50e7a539fd3dd2175effd6b1f44925f49f904bf,2017-10-22,2017-11-20,30,11.40279173611111,10.929330407306763,9,2008|2009|2010|2011|2012|2013|2014|2015|2016,observation_time_proxy,historical data_available_time is unknown; observation_time is a pseudo-operational proxy
2017-11-21T00:00:00+00:00,2017-11-20,windermere,south,water_temperature,2.0,degC,month_2,2017-12-21,2018-01-19,6.477537164130974,6.004075835326626,0.47346132880434766,full_anomaly_persistence,1.0,1.0,False,True,8,2008|2009|2010|2011|2012|2013|2014|2015,6a556820ac269f754e2bbddfec912d84780e904266be51453020f131ce43e2e6,2017-10-22,2017-11-20,30,11.40279173611111,10.929330407306763,9,2008|2009|2010|2011|2012|2013|2014|2015|2016,observation_time_proxy,historical data_available_time is unknown; observation_time is a pseudo-operational proxy
2017-11-21T00:00:00+00:00,2017-11-20,windermere,south,water_temperature,2.0,degC,month_3,2018-01-20,2018-02-18,5.41735790889694,4.943896580092592,0.47346132880434766,full_anomaly_persistence,1.0,1.0,False,True,9,2008|2009|2010|2011|2012|2013|2014|2015|2016,3cf8d0e63f00fb7995cf52097ac1b12d21e05ae93c7b13538949ad065dfa227e,2017-10-22,2017-11-20,30,11.40279173611111,10.929330407306763,9,2008|2009|2010|2011|2012|2013|2014|2015|2016,observation_time_proxy,historical data_available_time is unknown; observation_time is a pseudo-operational proxy
2017-11-28T00:00:00+00:00,2017-11-27,windermere,south,water_temperature,2.0,degC,month_1,2017-11-28,2017-12-27,7.95005596764627,7.419869398564144,0.5301865690821259,full_anomaly_persistence,1.0,1.0,False,True,9,2008|2009|2010|2011|2012|2013|2014|2015|2016,e911a4c372477b74f5327682a688e8a6f2ebd8076f456fd91eca5afdd5e32eae,2017-10-29,2017-11-27,30,10.776775013888889,10.246588444806763,9,2008|2009|2010|2011|2012|2013|2014|2015|2016,observation_time_proxy,historical data_available_time is unknown; observation_time is a pseudo-operational proxy
2017-11-28T00:00:00+00:00,2017-11-27,windermere,south,water_temperature,2.0,degC,month_2,2017-12-28,2018-01-26,6.2127810301528,5.682594461070674,0.5301865690821259,full_anomaly_persistence,1.0,1.0,False,True,8,2008|2009|2010|2011|2012|2013|2014|2015,b4ae5bd256e3db7fbf975461408e9aa4164aebd4c75f979ba5f1a7825e3686f2,2017-10-29,2017-11-27,30,10.776775013888889,10.246588444806763,9,2008|2009|2010|2011|2012|2013|2014|2015|2016,observation_time_proxy,historical data_available_time is unknown; observation_time is a pseudo-operational proxy
2017-11-28T00:00:00+00:00,2017-11-27,windermere,south,water_temperature,2.0,degC,month_3,2018-01-27,2018-02-25,5.345251101798175,4.8150645327160495,0.5301865690821259,full_anomaly_persistence,1.0,1.0,False,True,9,2008|2009|2010|2011|2012|2013|2014|2015|2016,9880b78a532cd7bbac2d70d47c5ad890f6e588bd4b9c03efd115d2d354baee59,2017-10-29,2017-11-27,30,10.776775013888889,10.246588444806763,9,2008|2009|2010|2011|2012|2013|2014|2015|2016,observation_time_proxy,historical data_available_time is unknown; observation_time is a pseudo-operational proxy
2017-12-05T00:00:00+00:00,2017-12-04,windermere,south,water_temperature,2.0,degC,month_1,2017-12-05,2018-01-03,7.415264136676956,6.928545754685543,0.4867183819914125,full_anomaly_persistence,1.0,1.0,False,True,9,2008|2009|2010|2011|2012|2013|2014|2015|2016,b3ede439ccb9b45e09c15b9d9489368c2a9c602255482f4d28d8cd5a15cc7b99,2017-11-05,2017-12-04,30,10.026197583333333,9.539479201341921,9,2008|2009|2010|2011|2012|2013|2014|2015|2016,observation_time_proxy,historical data_available_time is unknown; observation_time is a pseudo-operational proxy
2017-12-05T00:00:00+00:00,2017-12-04,windermere,south,water_temperature,2.0,degC,month_2,2018-01-04,2018-02-02,5.902036308214957,5.415317926223545,0.4867183819914125,full_anomaly_persistence,1.0,1.0,False,True,9,2008|2009|2010|2011|2012|2013|2014|2015|2016,140f51bf5fffccf9d2c4895b414e7c703e653e7cbb0497e75c2224a123af9ef0,2017-11-05,2017-12-04,30,10.026197583333333,9.539479201341921,9,2008|2009|2010|2011|2012|2013|2014|2015|2016,observation_time_proxy,historical data_available_time is unknown; observation_time is a pseudo-operational proxy
2017-12-05T00:00:00+00:00,2017-12-04,windermere,south,water_temperature,2.0,degC,month_3,2018-02-03,2018-03-04,5.246811460849437,4.7600930788580245,0.4867183819914125,full_anomaly_persistence,1.0,1.0,False,True,9,2008|2009|2010|2011|2012|2013|2014|2015|2016,e9f2b3b1da605da15c294428c8e78377a5d296cd33b0dae163f362b6d7bef187,2017-11-05,2017-12-04,30,10.026197583333333,9.539479201341921,9,2008|2009|2010|2011|2012|2013|2014|2015|2016,observation_time_proxy,historical data_available_time is unknown; observation_time is a pseudo-operational proxy
2017-12-12T00:00:00+00:00,2017-12-11,windermere,south,water_temperature,2.0,degC,month_1,2017-12-12,2018-01-10,6.831240363265734,6.441486398558273,0.38975396470746126,full_anomaly_persistence,1.0,1.0,False,True,8,2008|2009|2010|2011|2012|2013|2014|2015,91a55055bb0603b08e7b7ebfb5519b70de8d20d78cb2d20bc97aec5dfe202658,2017-11-12,2017-12-11,30,9.238917180555555,8.849163215848094,9,2008|2009|2010|2011|2012|2013|2014|2015|2016,observation_time_proxy,historical data_available_time is unknown; observation_time is a pseudo-operational proxy
2017-12-12T00:00:00+00:00,2017-12-11,windermere,south,water_temperature,2.0,degC,month_2,2018-01-11,2018-02-09,5.573724012756403,5.183970048048942,0.38975396470746126,full_anomaly_persistence,1.0,1.0,False,True,9,2008|2009|2010|2011|2012|2013|2014|2015|2016,499999050d2b904a1001aedeedc3b5d50822af95069b423cd28b4731aed6788b,2017-11-12,2017-12-11,30,9.238917180555555,8.849163215848094,9,2008|2009|2010|2011|2012|2013|2014|2015|2016,observation_time_proxy,historical data_available_time is unknown; observation_time is a pseudo-operational proxy
2017-12-12T00:00:00+00:00,2017-12-11,windermere,south,water_temperature,2.0,degC,month_3,2018-02-10,2018-03-11,5.171463548195115,4.781709583487654,0.38975396470746126,full_anomaly_persistence,1.0,1.0,False,True,9,2008|2009|2010|2011|2012|2013|2014|2015|2016,594629e38503c3e9b611954323e5170b28d0d1cd8ba9c30e303a3d7d122ff3f1,2017-11-12,2017-12-11,30,9.238917180555555,8.849163215848094,9,2008|2009|2010|2011|2012|2013|2014|2015|2016,observation_time_proxy,historical data_available_time is unknown; observation_time is a pseudo-operational proxy
2017-12-19T00:00:00+00:00,2017-12-18,windermere,south,water_temperature,2.0,degC,month_1,2017-12-19,2018-01-17,6.330721758652733,6.093082863698359,0.23763889495437418,full_anomaly_persistence,1.0,1.0,False,True,8,2008|2009|2010|2011|2012|2013|2014|2015,55afbbd9aa24dc1d9449e949fe02c7d07bd7857ea8d2767b2950484713c6f3fc,2017-11-19,2017-12-18,30,8.42850161111111,8.190862716156737,9,2008|2009|2010|2011|2012|2013|2014|2015|2016,observation_time_proxy,historical data_available_time is unknown; observation_time is a pseudo-operational proxy
2017-12-19T00:00:00+00:00,2017-12-18,windermere,south,water_temperature,2.0,degC,month_2,2018-01-18,2018-02-16,5.227764825728108,4.990125930773734,0.23763889495437418,full_anomaly_persistence,1.0,1.0,False,True,9,2008|2009|2010|2011|2012|2013|2014|2015|2016,dbfbacdae568167fd6edf6b1d7f74525295d25568932ebf078746d2cf3f23efa,2017-11-19,2017-12-18,30,8.42850161111111,8.190862716156737,9,2008|2009|2010|2011|2012|2013|2014|2015|2016,observation_time_proxy,historical data_available_time is unknown; observation_time is a pseudo-operational proxy
2017-12-19T00:00:00+00:00,2017-12-18,windermere,south,water_temperature,2.0,degC,month_3,2018-02-17,2018-03-18,5.136314316250671,4.898675421296296,0.23763889495437418,full_anomaly_persistence,1.0,1.0,False,True,9,2008|2009|2010|2011|2012|2013|2014|2015|2016,472aa9c2488d07316ef46c7f4f0acd5eebf86ab16d9829d4f10c122cca5f45e6,2017-11-19,2017-12-18,30,8.42850161111111,8.190862716156737,9,2008|2009|2010|2011|2012|2013|2014|2015|2016,observation_time_proxy,historical data_available_time is unknown; observation_time is a pseudo-operational proxy
2017-12-26T00:00:00+00:00,2017-12-25,windermere,south,water_temperature,2.0,degC,month_1,2017-12-26,2018-01-24,5.874091392122381,5.771491132970475,0.10260025915190596,full_anomaly_persistence,1.0,1.0,False,True,8,2008|2009|2010|2011|2012|2013|2014|2015,60d0ca8cc2c23ce253e05c198073e443fc6b5a646364d8281df67c0d3e0ad91e,2017-11-26,2017-12-25,30,7.679066833333334,7.576466574181428,9,2008|2009|2010|2011|2012|2013|2014|2015|2016,observation_time_proxy,historical data_available_time is unknown; observation_time is a pseudo-operational proxy
2017-12-26T00:00:00+00:00,2017-12-25,windermere,south,water_temperature,2.0,degC,month_2,2018-01-25,2018-02-23,4.9480260892444985,4.8454258300925925,0.10260025915190596,full_anomaly_persistence,1.0,1.0,False,True,9,2008|2009|2010|2011|2012|2013|2014|2015|2016,aaf4055e228b41af267aea02946680d884f7f830212ac4547184903e0faa5687,2017-11-26,2017-12-25,30,7.679066833333334,7.576466574181428,9,2008|2009|2010|2011|2012|2013|2014|2015|2016,observation_time_proxy,historical data_available_time is unknown; observation_time is a pseudo-operational proxy
2017-12-26T00:00:00+00:00,2017-12-25,windermere,south,water_temperature,2.0,degC,month_3,2018-02-24,2018-03-25,5.25489787072598,5.152297611574074,0.10260025915190596,full_anomaly_persistence,1.0,1.0,False,True,9,2008|2009|2010|2011|2012|2013|2014|2015|2016,9a96cc3daf0b2fde0085f2a665c652f74cc06035d7d258a15bd51111364a3286,2017-11-26,2017-12-25,30,7.679066833333334,7.576466574181428,9,2008|2009|2010|2011|2012|2013|2014|2015|2016,observation_time_proxy,historical data_available_time is unknown; observation_time is a pseudo-operational proxy
2018-01-02T00:00:00+00:00,2018-01-01,windermere,south,water_temperature,2.0,degC,month_1,2018-01-02,2018-01-31,5.580626854368886,5.55611830063492,0.02450855373396621,full_anomaly_persistence,1.0,1.0,False,True,10,2008|2009|2010|2011|2012|2013|2014|2015|2016|2017,e2ef62bee2dfbe32fae6981b19a13291ca4501c972b0d65c29aaa08153a220ba,2017-12-03,2018-01-01,30,7.086342513888889,7.061833960154923,10,2008|2009|2010|2011|2012|2013|2014|2015|2016|2017,observation_time_proxy,historical data_available_time is unknown; observation_time is a pseudo-operational proxy
2018-01-02T00:00:00+00:00,2018-01-01,windermere,south,water_temperature,2.0,degC,month_2,2018-02-01,2018-03-02,4.863947358021406,4.83943880428744,0.02450855373396621,full_anomaly_persistence,1.0,1.0,False,True,10,2008|2009|2010|2011|2012|2013|2014|2015|2016|2017,1f06c3d34ca63b09c2a6ee7980597ed8e0eac9671d042d24b6fe11e1d7ca1f53,2017-12-03,2018-01-01,30,7.086342513888889,7.061833960154923,10,2008|2009|2010|2011|2012|2013|2014|2015|2016|2017,observation_time_proxy,historical data_available_time is unknown; observation_time is a pseudo-operational proxy
2018-01-02T00:00:00+00:00,2018-01-01,windermere,south,water_temperature,2.0,degC,month_3,2018-03-03,2018-04-01,5.636787504011744,5.612278950277778,0.02450855373396621,full_anomaly_persistence,1.0,1.0,False,True,10,2008|2009|2010|2011|2012|2013|2014|2015|2016|2017,a982d23b61d7a3a3fc11a1486fbf2be3354a989cb77cf4aaccf997ae9ac8b43a,2017-12-03,2018-01-01,30,7.086342513888889,7.061833960154923,10,2008|2009|2010|2011|2012|2013|2014|2015|2016|2017,observation_time_proxy,historical data_available_time is unknown; observation_time is a pseudo-operational proxy
2018-01-09T00:00:00+00:00,2018-01-08,windermere,south,water_temperature,2.0,degC,month_1,2018-01-09,2018-02-07,5.286230270773379,5.313057661775794,-0.02682739100241527,full_anomaly_persistence,1.0,1.0,False,True,10,2008|2009|2010|2011|2012|2013|2014|2015|2016|2017,4c30c4434b430d3b8a5401aa4a0999d14f5cf5c93bed8780c78c2e5cc240ade1,2017-12-10,2018-01-08,30,6.595792861111111,6.622620252113526,9,2008|2009|2010|2011|2012|2013|2014|2015|2016,observation_time_proxy,historical data_available_time is unknown; observation_time is a pseudo-operational proxy
2018-01-09T00:00:00+00:00,2018-01-08,windermere,south,water_temperature,2.0,degC,month_2,2018-02-08,2018-03-09,4.821669668562802,4.848497059565218,-0.02682739100241527,full_anomaly_persistence,1.0,1.0,False,True,10,2008|2009|2010|2011|2012|2013|2014|2015|2016|2017,c6dc3d57ce64b110d33c1145d972e260521aa9b136fe996b101cc4f50af6341d,2017-12-10,2018-01-08,30,6.595792861111111,6.622620252113526,9,2008|2009|2010|2011|2012|2013|2014|2015|2016,observation_time_proxy,historical data_available_time is unknown; observation_time is a pseudo-operational proxy
2018-01-09T00:00:00+00:00,2018-01-08,windermere,south,water_temperature,2.0,degC,month_3,2018-03-10,2018-04-08,6.005910007192029,6.0327373981944445,-0.02682739100241527,full_anomaly_persistence,1.0,1.0,False,True,10,2008|2009|2010|2011|2012|2013|2014|2015|2016|2017,33fd63d0b9eb93e0132cd9c1f6f11ae2f0dcd3a7dae2ce2656de159c79150b8e,2017-12-10,2018-01-08,30,6.595792861111111,6.622620252113526,9,2008|2009|2010|2011|2012|2013|2014|2015|2016,observation_time_proxy,historical data_available_time is unknown; observation_time is a pseudo-operational proxy
2018-01-16T00:00:00+00:00,2018-01-15,windermere,south,water_temperature,2.0,degC,month_1,2018-01-16,2018-02-14,5.071396164227484,5.1086579927299,-0.037261828502415995,full_anomaly_persistence,1.0,1.0,False,True,10,2008|2009|2010|2011|2012|2013|2014|2015|2016|2017,fc94dde5bbd960933f448343459d34e9bd50e750e4c0cdccbf93d67d62064cc1,2017-12-17,2018-01-15,30,6.227181222222222,6.264443050724638,9,2008|2009|2010|2011|2012|2013|2014|2015|2016,observation_time_proxy,historical data_available_time is unknown; observation_time is a pseudo-operational proxy
2018-01-16T00:00:00+00:00,2018-01-15,windermere,south,water_temperature,2.0,degC,month_2,2018-02-15,2018-03-16,4.911762363858696,4.949024192361112,-0.037261828502415995,full_anomaly_persistence,1.0,1.0,False,True,10,2008|2009|2010|2011|2012|2013|2014|2015|2016|2017,5c11565c78783f191bb286e9180ab28cd6686d1f51937a6b5b8c422b29c3ec9d,2017-12-17,2018-01-15,30,6.227181222222222,6.264443050724638,9,2008|2009|2010|2011|2012|2013|2014|2015|2016,observation_time_proxy,historical data_available_time is unknown; observation_time is a pseudo-operational proxy
2018-01-16T00:00:00+00:00,2018-01-15,windermere,south,water_temperature,2.0,degC,month_3,2018-03-17,2018-04-15,6.562317966080918,6.599579794583334,-0.037261828502415995,full_anomaly_persistence,1.0,1.0,False,True,10,2008|2009|2010|2011|2012|2013|2014|2015|2016|2017,615974d06d9ac6b91739a69dfccf5cb236cd1ce6b6d87bb0e18ad36d8d28afb2,2017-12-17,2018-01-15,30,6.227181222222222,6.264443050724638,9,2008|2009|2010|2011|2012|2013|2014|2015|2016,observation_time_proxy,historical data_available_time is unknown; observation_time is a pseudo-operational proxy
2018-01-23T00:00:00+00:00,2018-01-22,windermere,south,water_temperature,2.0,degC,month_1,2018-01-23,2018-02-21,4.8905149365632425,4.9481763755374395,-0.057661438974196955,full_anomaly_persistence,1.0,1.0,False,True,10,2008|2009|2010|2011|2012|2013|2014|2015|2016|2017,8656bd1fafb01264f9ec1433b9323ed9971edfcfd89a17b5dadb43554f73e128,2017-12-24,2018-01-22,30,5.883235388888889,5.940896827863086,9,2008|2009|2010|2011|2012|2013|2014|2015|2016,observation_time_proxy,historical data_available_time is unknown; observation_time is a pseudo-operational proxy
2018-01-23T00:00:00+00:00,2018-01-22,windermere,south,water_temperature,2.0,degC,month_2,2018-02-22,2018-03-23,5.115339071859136,5.173000510833333,-0.057661438974196955,full_anomaly_persistence,1.0,1.0,False,True,10,2008|2009|2010|2011|2012|2013|2014|2015|2016|2017,c052a8b721d5198c52aa8f2bc2f03970291786de573a8c6f4e3b9741a2723432,2017-12-24,2018-01-22,30,5.883235388888889,5.940896827863086,9,2008|2009|2010|2011|2012|2013|2014|2015|2016,observation_time_proxy,historical data_available_time is unknown; observation_time is a pseudo-operational proxy
2018-01-23T00:00:00+00:00,2018-01-22,windermere,south,water_temperature,2.0,degC,month_3,2018-03-24,2018-04-22,7.188507076835688,7.2461685158098845,-0.057661438974196955,full_anomaly_persistence,1.0,1.0,False,True,10,2008|2009|2010|2011|2012|2013|2014|2015|2016|2017,da177221a7e1a7226456f03783a3ca445502c6798aa27e655c377121428b179a,2017-12-24,2018-01-22,30,5.883235388888889,5.940896827863086,9,2008|2009|2010|2011|2012|2013|2014|2015|2016,observation_time_proxy,historical data_available_time is unknown; observation_time is a pseudo-operational proxy
2018-01-30T00:00:00+00:00,2018-01-29,windermere,south,water_temperature,2.0,degC,month_1,2018-01-30,2018-02-28,4.7514515420306145,4.8500676783152175,-0.09861613628460297,full_anomaly_persistence,1.0,1.0,False,True,10,2008|2009|2010|2011|2012|2013|2014|2015|2016|2017,fe779c9526486b8ce3161e303f414cd3c44c1f748844bcbbfe56a230971d0ca7,2017-12-31,2018-01-29,30,5.5382911805555555,5.636907316840158,9,2008|2009|2010|2011|2012|2013|2014|2015|2016,observation_time_proxy,historical data_available_time is unknown; observation_time is a pseudo-operational proxy
2018-01-30T00:00:00+00:00,2018-01-29,windermere,south,water_temperature,2.0,degC,month_2,2018-03-01,2018-03-30,5.414334853576508,5.512950989861111,-0.09861613628460297,full_anomaly_persistence,1.0,1.0,False,True,10,2008|2009|2010|2011|2012|2013|2014|2015|2016|2017,73865fb94c59ca6ddd3f28d170ae9d736af2101b7391d74f935656adfaa766c7,2017-12-31,2018-01-29,30,5.5382911805555555,5.636907316840158,9,2008|2009|2010|2011|2012|2013|2014|2015|2016,observation_time_proxy,historical data_available_time is unknown; observation_time is a pseudo-operational proxy
2018-01-30T00:00:00+00:00,2018-01-29,windermere,south,water_temperature,2.0,degC,month_3,2018-03-31,2018-04-29,7.9479306539931756,8.046546790277779,-0.09861613628460297,full_anomaly_persistence,1.0,1.0,False,True,9,2008|2009|2011|2012|2013|2014|2015|2016|2017,e7157849a5daf524049411f6592a8d94115839107a91dd7bec72ccd4390236f2,2017-12-31,2018-01-29,30,5.5382911805555555,5.636907316840158,9,2008|2009|2010|2011|2012|2013|2014|2015|2016,observation_time_proxy,historical data_available_time is unknown; observation_time is a pseudo-operational proxy
2018-02-06T00:00:00+00:00,2018-02-05,windermere,south,water_temperature,2.0,degC,month_1,2018-02-06,2018-03-07,4.771481033087043,4.840466823454107,-0.06898579036706387,full_anomaly_persistence,1.0,1.0,False,True,10,2008|2009|2010|2011|2012|2013|2014|2015|2016|2017,9be450f63b3b8bb3e3c43ac57a949f0f84415541efb8c73e44f5f58c4fba48e1,2018-01-07,2018-02-05,30,5.308487972222222,5.377473762589286,10,2008|2009|2010|2011|2012|2013|2014|2015|2016|2017,observation_time_proxy,historical data_available_time is unknown; observation_time is a pseudo-operational proxy
2018-02-06T00:00:00+00:00,2018-02-05,windermere,south,water_temperature,2.0,degC,month_2,2018-03-08,2018-04-06,5.828611534077381,5.897597324444445,-0.06898579036706387,full_anomaly_persistence,1.0,1.0,False,True,10,2008|2009|2010|2011|2012|2013|2014|2015|2016|2017,101071d1db63a630e10e7dfda52e28b901ed859834ae7f50c253fd5a6b4e7d72,2018-01-07,2018-02-05,30,5.308487972222222,5.377473762589286,10,2008|2009|2010|2011|2012|2013|2014|2015|2016|2017,observation_time_proxy,historical data_available_time is unknown; observation_time is a pseudo-operational proxy
2018-02-06T00:00:00+00:00,2018-02-05,windermere,south,water_temperature,2.0,degC,month_3,2018-04-07,2018-05-06,8.691169615960096,8.76015540632716,-0.06898579036706387,full_anomaly_persistence,1.0,1.0,False,True,9,2008|2009|2011|2012|2013|2014|2015|2016|2017,18d1ccb15027e2f4d324fefdcbc3ea7ef69a853770b47878b8ad9c3e2f6284be,2018-01-07,2018-02-05,30,5.308487972222222,5.377473762589286,10,2008|2009|2010|2011|2012|2013|2014|2015|2016|2017,observation_time_proxy,historical data_available_time is unknown; observation_time is a pseudo-operational proxy
2018-02-13T00:00:00+00:00,2018-02-12,windermere,south,water_temperature,2.0,degC,month_1,2018-02-13,2018-03-14,4.852436603430815,4.910386206111111,-0.057949602680296586,full_anomaly_persistence,1.0,1.0,False,True,10,2008|2009|2010|2011|2012|2013|2014|2015|2016|2017,ac6c9ea615261bc9b256215a78c873cd274e67373b7c9c20361d32d9abf4c1c9,2018-01-14,2018-02-12,30,5.107655847222222,5.165605449902519,10,2008|2009|2010|2011|2012|2013|2014|2015|2016|2017,observation_time_proxy,historical data_available_time is unknown; observation_time is a pseudo-operational proxy
2018-02-13T00:00:00+00:00,2018-02-12,windermere,south,water_temperature,2.0,degC,month_2,2018-03-15,2018-04-13,6.3728572227363705,6.430806825416667,-0.057949602680296586,full_anomaly_persistence,1.0,1.0,False,True,10,2008|2009|2010|2011|2012|2013|2014|2015|2016|2017,d0144bf525dee2a08807aba109c55a3acf4886f673c5b0f07b547a451b3ed083,2018-01-14,2018-02-12,30,5.107655847222222,5.165605449902519,10,2008|2009|2010|2011|2012|2013|2014|2015|2016|2017,observation_time_proxy,historical data_available_time is unknown; observation_time is a pseudo-operational proxy
2018-02-13T00:00:00+00:00,2018-02-12,windermere,south,water_temperature,2.0,degC,month_3,2018-04-14,2018-05-13,9.520238609819703,9.5781882125,-0.057949602680296586,full_anomaly_persistence,1.0,1.0,False,True,9,2008|2009|2011|2012|2013|2014|2015|2016|2017,dd0b2c9739fdb236e23a85b5b4279201bc1774bd186c5154f5053a44cd9beb05,2018-01-14,2018-02-12,30,5.107655847222222,5.165605449902519,10,2008|2009|2010|2011|2012|2013|2014|2015|2016|2017,observation_time_proxy,historical data_available_time is unknown; observation_time is a pseudo-operational proxy
2018-02-20T00:00:00+00:00,2018-02-19,windermere,south,water_temperature,2.0,degC,month_1,2018-02-20,2018-03-21,5.040900798725845,5.098045964722222,-0.05714516599637687,full_anomaly_persistence,1.0,1.0,False,True,10,2008|2009|2010|2011|2012|2013|2014|2015|2016|2017,a8387d20a8bd57f6f52f60914d8de1cb57ad20600487330dc1fb8e2a85e6314f,2018-01-21,2018-02-19,30,4.9312500150966185,4.988395181092995,10,2008|2009|2010|2011|2012|2013|2014|2015|2016|2017,observation_time_proxy,historical data_available_time is unknown; observation_time is a pseudo-operational proxy
2018-02-20T00:00:00+00:00,2018-02-19,windermere,south,water_temperature,2.0,degC,month_2,2018-03-22,2018-04-20,6.996742498713219,7.053887664709596,-0.05714516599637687,full_anomaly_persistence,1.0,1.0,False,True,10,2008|2009|2010|2011|2012|2013|2014|2015|2016|2017,61cb03d88483e913a5665c8a2248456f950ea78bff14f970a603883523092420,2018-01-21,2018-02-19,30,4.9312500150966185,4.988395181092995,10,2008|2009|2010|2011|2012|2013|2014|2015|2016|2017,observation_time_proxy,historical data_available_time is unknown; observation_time is a pseudo-operational proxy
2018-02-20T00:00:00+00:00,2018-02-19,windermere,south,water_temperature,2.0,degC,month_3,2018-04-21,2018-05-20,10.366519659620906,10.423664825617283,-0.05714516599637687,full_anomaly_persistence,1.0,1.0,False,True,9,2008|2009|2011|2012|2013|2014|2015|2016|2017,3a901e42552dbb57086e60b6a02c4926856ad0dbe68afaaac3e680649aa70ac3,2018-01-21,2018-02-19,30,4.9312500150966185,4.988395181092995,10,2008|2009|2010|2011|2012|2013|2014|2015|2016|2017,observation_time_proxy,historical data_available_time is unknown; observation_time is a pseudo-operational proxy
2018-02-27T00:00:00+00:00,2018-02-26,windermere,south,water_temperature,2.0,degC,month_1,2018-02-27,2018-03-28,5.347814897336956,5.3926361329166665,-0.044821235579710184,full_anomaly_persistence,1.0,1.0,False,True,10,2008|2009|2010|2011|2012|2013|2014|2015|2016|2017,9f156ca5225e93a21d4370da15dcd34848bd23b02bd29f1f8d86d632c9b409d5,2018-01-28,2018-02-26,30,4.8273074734299515,4.872128709009662,10,2008|2009|2010|2011|2012|2013|2014|2015|2016|2017,observation_time_proxy,historical data_available_time is unknown; observation_time is a pseudo-operational proxy
2018-02-27T00:00:00+00:00,2018-02-26,windermere,south,water_temperature,2.0,degC,month_2,2018-03-29,2018-04-27,7.804698538957327,7.849519774537037,-0.044821235579710184,full_anomaly_persistence,1.0,1.0,False,True,9,2008|2009|2011|2012|2013|2014|2015|2016|2017,f1a8093884350fdcc9b4d43f927c0fecac54ec9e8cae7144e72f2d3e7fedde29,2018-01-28,2018-02-26,30,4.8273074734299515,4.872128709009662,10,2008|2009|2010|2011|2012|2013|2014|2015|2016|2017,observation_time_proxy,historical data_available_time is unknown; observation_time is a pseudo-operational proxy
2018-02-27T00:00:00+00:00,2018-02-26,windermere,south,water_temperature,2.0,degC,month_3,2018-04-28,2018-05-27,11.312647168911031,11.35746840449074,-0.044821235579710184,full_anomaly_persistence,1.0,1.0,False,True,10,2008|2009|2010|2011|2012|2013|2014|2015|2016|2017,ba4ea450ee14f6929d8733db5d4e1979c39d088ec07d4f73081225dfd9ad6d07,2018-01-28,2018-02-26,30,4.8273074734299515,4.872128709009662,10,2008|2009|2010|2011|2012|2013|2014|2015|2016|2017,observation_time_proxy,historical data_available_time is unknown; observation_time is a pseudo-operational proxy
2018-03-06T00:00:00+00:00,2018-03-05,windermere,south,water_temperature,2.0,degC,month_1,2018-03-06,2018-04-04,5.520926653725845,5.781987864861112,-0.26106121113526637,full_anomaly_persistence,1.0,1.0,False,True,10,2008|2009|2010|2011|2012|2013|2014|2015|2016|2017,1e5875d431dff586038fb04e4debf3c1be97e08a38e1d570b02733604a7919cb,2018-02-04,2018-03-05,30,4.575227723429951,4.836288934565218,10,2008|2009|2010|2011|2012|2013|2014|2015|2016|2017,observation_time_proxy,historical data_available_time is unknown; observation_time is a pseudo-operational proxy
2018-03-06T00:00:00+00:00,2018-03-05,windermere,south,water_temperature,2.0,degC,month_2,2018-04-05,2018-05-04,8.282302561241277,8.543363772376543,-0.26106121113526637,full_anomaly_persistence,1.0,1.0,False,True,9,2008|2009|2011|2012|2013|2014|2015|2016|2017,5178b77dd69f53c7f32f0690af332c747aa27ecb29247b45c0cc0713e2b2e2ee,2018-02-04,2018-03-05,30,4.575227723429951,4.836288934565218,10,2008|2009|2010|2011|2012|2013|2014|2015|2016|2017,observation_time_proxy,historical data_available_time is unknown; observation_time is a pseudo-operational proxy
2018-03-06T00:00:00+00:00,2018-03-05,windermere,south,water_temperature,2.0,degC,month_3,2018-05-05,2018-06-03,12.162878243749791,12.423939454885057,-0.26106121113526637,full_anomaly_persistence,1.0,1.0,False,True,10,2008|2009|2010|2011|2012|2013|2014|2015|2016|2017,6fe6e5a552a28b1f1a9ce4ee4387ffe256b5042153db86e6a5730e5f3eba3db2,2018-02-04,2018-03-05,30,4.575227723429951,4.836288934565218,10,2008|2009|2010|2011|2012|2013|2014|2015|2016|2017,observation_time_proxy,historical data_available_time is unknown; observation_time is a pseudo-operational proxy
2018-03-13T00:00:00+00:00,2018-03-12,windermere,south,water_temperature,2.0,degC,month_1,2018-03-13,2018-04-11,5.72992209495773,6.261098958055555,-0.5311768630978255,full_anomaly_persistence,1.0,1.0,False,True,10,2008|2009|2010|2011|2012|2013|2014|2015|2016|2017,715b383ef1ee51de7d0d0cd9764dd957ebdcaffae60d40ec2ddf29f2609a3152,2018-02-11,2018-03-12,30,4.3482136262077296,4.879390489305555,10,2008|2009|2010|2011|2012|2013|2014|2015|2016|2017,observation_time_proxy,historical data_available_time is unknown; observation_time is a pseudo-operational proxy
2018-03-13T00:00:00+00:00,2018-03-12,windermere,south,water_temperature,2.0,degC,month_2,2018-04-12,2018-05-11,8.807118315451557,9.338295178549382,-0.5311768630978255,full_anomaly_persistence,1.0,1.0,False,True,9,2008|2009|2011|2012|2013|2014|2015|2016|2017,ccfba126ed3c5b7c6f666ada42cb81d30b36d006d64e9e18cf6cc3c1698d0788,2018-02-11,2018-03-12,30,4.3482136262077296,4.879390489305555,10,2008|2009|2010|2011|2012|2013|2014|2015|2016|2017,observation_time_proxy,historical data_available_time is unknown; observation_time is a pseudo-operational proxy
2018-03-13T00:00:00+00:00,2018-03-12,windermere,south,water_temperature,2.0,degC,month_3,2018-05-12,2018-06-10,13.111465869435698,13.642642732533524,-0.5311768630978255,full_anomaly_persistence,1.0,1.0,False,True,10,2008|2009|2010|2011|2012|2013|2014|2015|2016|2017,ca934c458bdc3bf78f87bf5d31d4f93f611aa1df4b3dd7b3946da7b48166f5a3,2018-02-11,2018-03-12,30,4.3482136262077296,4.879390489305555,10,2008|2009|2010|2011|2012|2013|2014|2015|2016|2017,observation_time_proxy,historical data_available_time is unknown; observation_time is a pseudo-operational proxy
2018-03-20T00:00:00+00:00,2018-03-19,windermere,south,water_temperature,2.0,degC,month_1,2018-03-20,2018-04-18,6.0546147416243965,6.86008639125,-0.8054716496256038,full_anomaly_persistence,1.0,1.0,False,True,10,2008|2009|2010|2011|2012|2013|2014|2015|2016|2017,2666aebc11a11074efbb6e5f9c4157430b1641b944e6fda12af3aafa73ca1e93,2018-02-18,2018-03-19,30,4.224616778985507,5.030088428611111,10,2008|2009|2010|2011|2012|2013|2014|2015|2016|2017,observation_time_proxy,historical data_available_time is unknown; observation_time is a pseudo-operational proxy
2018-03-20T00:00:00+00:00,2018-03-19,windermere,south,water_temperature,2.0,degC,month_2,2018-04-19,2018-05-18,9.388869985559582,10.194341635185186,-0.8054716496256038,full_anomaly_persistence,1.0,1.0,False,True,9,2008|2009|2011|2012|2013|2014|2015|2016|2017,bf58db8e855f382a00c58c7ed91516e89bd5418f3081e2e03badf2bf2f574a7c,2018-02-18,2018-03-19,30,4.224616778985507,5.030088428611111,10,2008|2009|2010|2011|2012|2013|2014|2015|2016|2017,observation_time_proxy,historical data_available_time is unknown; observation_time is a pseudo-operational proxy
2018-03-20T00:00:00+00:00,2018-03-19,windermere,south,water_temperature,2.0,degC,month_3,2018-05-19,2018-06-17,13.917646593559262,14.723118243184866,-0.8054716496256038,full_anomaly_persistence,1.0,1.0,False,True,10,2008|2009|2010|2011|2012|2013|2014|2015|2016|2017,c2853b15b66806aba8b53833084829217741384e92cb02ef5f8f750a55af5537,2018-02-18,2018-03-19,30,4.224616778985507,5.030088428611111,10,2008|2009|2010|2011|2012|2013|2014|2015|2016|2017,observation_time_proxy,historical data_available_time is unknown; observation_time is a pseudo-operational proxy
2018-03-27T00:00:00+00:00,2018-03-26,windermere,south,water_temperature,2.0,degC,month_1,2018-03-27,2018-04-25,6.509332382453703,7.65136644537037,-1.1420340629166672,full_anomaly_persistence,1.0,1.0,False,True,9,2008|2009|2011|2012|2013|2014|2015|2016|2017,c829cba94be14fd4c9700b9fb8b19db3cb7131cbd249ceb47114bf33ea9d8347,2018-02-25,2018-03-26,30,4.157556097222222,5.299590160138889,10,2008|2009|2010|2011|2012|2013|2014|2015|2016|2017,observation_time_proxy,historical data_available_time is unknown; observation_time is a pseudo-operational proxy
2018-03-27T00:00:00+00:00,2018-03-26,windermere,south,water_temperature,2.0,degC,month_2,2018-04-26,2018-05-25,9.884959428750001,11.026993491666667,-1.1420340629166672,full_anomaly_persistence,1.0,1.0,False,True,9,2008|2009|2011|2012|2013|2014|2015|2016|2017,a7f6b0fd1a76d2272c0c4cad8f26a8fc37d2510a4eb3cde8b44a0d54820146f0,2018-02-25,2018-03-26,30,4.157556097222222,5.299590160138889,10,2008|2009|2010|2011|2012|2013|2014|2015|2016|2017,observation_time_proxy,historical data_available_time is unknown; observation_time is a pseudo-operational proxy
2018-03-27T00:00:00+00:00,2018-03-26,windermere,south,water_temperature,2.0,degC,month_3,2018-05-26,2018-06-24,14.47744440046456,15.619478463381226,-1.1420340629166672,full_anomaly_persistence,1.0,1.0,False,True,10,2008|2009|2010|2011|2012|2013|2014|2015|2016|2017,e09d3324da87f81f5440ab4a72b1737859c9a26d36f3b52213e57c42d2192e30,2018-02-25,2018-03-26,30,4.157556097222222,5.299590160138889,10,2008|2009|2010|2011|2012|2013|2014|2015|2016|2017,observation_time_proxy,historical data_available_time is unknown; observation_time is a pseudo-operational proxy
2018-04-03T00:00:00+00:00,2018-04-02,windermere,south,water_temperature,2.0,degC,month_1,2018-04-03,2018-05-02,6.946854413163581,8.339926319135802,-1.3930719059722216,full_anomaly_persistence,1.0,1.0,False,True,9,2008|2009|2011|2012|2013|2014|2015|2016|2017,e1e552fc35400ae72be7c68c398adfd1ee1b4fbeb6b5ae8ac1a76d4dd7f915c4,2018-03-04,2018-04-02,30,4.274491791666667,5.667563697638888,10,2008|2009|2010|2011|2012|2013|2014|2015|2016|2017,observation_time_proxy,historical data_available_time is unknown; observation_time is a pseudo-operational proxy
2018-04-03T00:00:00+00:00,2018-04-02,windermere,south,water_temperature,2.0,degC,month_2,2018-05-03,2018-06-01,10.69072500856322,12.08379691453544,-1.3930719059722216,full_anomaly_persistence,1.0,1.0,False,True,10,2008|2009|2010|2011|2012|2013|2014|2015|2016|2017,72b7d2bbcc913ce869177689539645cc6a44c3c46a49fdb31a6786695cff141d,2018-03-04,2018-04-02,30,4.274491791666667,5.667563697638888,10,2008|2009|2010|2011|2012|2013|2014|2015|2016|2017,observation_time_proxy,historical data_available_time is unknown; observation_time is a pseudo-operational proxy
2018-04-03T00:00:00+00:00,2018-04-02,windermere,south,water_temperature,2.0,degC,month_3,2018-06-02,2018-07-01,14.90239429541667,16.29546620138889,-1.3930719059722216,full_anomaly_persistence,1.0,1.0,False,True,10,2008|2009|2010|2011|2012|2013|2014|2015|2016|2017,da896ccfbfea30f5f78799cb82cc1af66612821b9d3ced7ac7dbc9d4a5f6e2cb,2018-03-04,2018-04-02,30,4.274491791666667,5.667563697638888,10,2008|2009|2010|2011|2012|2013|2014|2015|2016|2017,observation_time_proxy,historical data_available_time is unknown; observation_time is a pseudo-operational proxy
2018-04-10T00:00:00+00:00,2018-04-09,windermere,south,water_temperature,2.0,degC,month_1,2018-04-10,2018-05-09,7.598259939845679,9.104811581790123,-1.5065516419444442,full_anomaly_persistence,1.0,1.0,False,True,9,2008|2009|2011|2012|2013|2014|2015|2016|2017,2ed13ea03f3bb0c4d9e9c8f80e0d16f795d55cdafe39edb52bc2de7d0eb7abf2,2018-03-11,2018-04-09,30,4.600854541666667,6.107406183611111,10,2008|2009|2010|2011|2012|2013|2014|2015|2016|2017,observation_time_proxy,historical data_available_time is unknown; observation_time is a pseudo-operational proxy
2018-04-10T00:00:00+00:00,2018-04-09,windermere,south,water_temperature,2.0,degC,month_2,2018-05-10,2018-06-08,11.79629834625958,13.302849988204024,-1.5065516419444442,full_anomaly_persistence,1.0,1.0,False,True,10,2008|2009|2010|2011|2012|2013|2014|2015|2016|2017,729638640ff3a180ad73778a9a833d6ec66a9e39c2cd33cfc96019af9c48ce9d,2018-03-11,2018-04-09,30,4.600854541666667,6.107406183611111,10,2008|2009|2010|2011|2012|2013|2014|2015|2016|2017,observation_time_proxy,historical data_available_time is unknown; observation_time is a pseudo-operational proxy
2018-04-10T00:00:00+00:00,2018-04-09,windermere,south,water_temperature,2.0,degC,month_3,2018-06-09,2018-07-08,15.218953496823673,16.725505138768117,-1.5065516419444442,full_anomaly_persistence,1.0,1.0,False,True,10,2008|2009|2010|2011|2012|2013|2014|2015|2016|2017,aa1066820c347f584059790d97a7accbb344c20bb0bcd70785d8069b05cbaf48,2018-03-11,2018-04-09,30,4.600854541666667,6.107406183611111,10,2008|2009|2010|2011|2012|2013|2014|2015|2016|2017,observation_time_proxy,historical data_available_time is unknown; observation_time is a pseudo-operational proxy
2018-04-17T00:00:00+00:00,2018-04-16,windermere,south,water_temperature,2.0,degC,month_1,2018-04-17,2018-05-16,8.309517438842594,9.952605903703704,-1.643088464861111,full_anomaly_persistence,1.0,1.0,False,True,9,2008|2009|2011|2012|2013|2014|2015|2016|2017,deab859ccc8cd8481e3d4d9f852849dc090d07432f95c1c09c96d7acb23856d2,2018-03-18,2018-04-16,30,5.043670347222222,6.686758812083333,10,2008|2009|2010|2011|2012|2013|2014|2015|2016|2017,observation_time_proxy,historical data_available_time is unknown; observation_time is a pseudo-operational proxy
2018-04-17T00:00:00+00:00,2018-04-16,windermere,south,water_temperature,2.0,degC,month_2,2018-05-17,2018-06-15,12.7822816601341,14.425370124995212,-1.643088464861111,full_anomaly_persistence,1.0,1.0,False,True,10,2008|2009|2010|2011|2012|2013|2014|2015|2016|2017,47b88248f2c40ddd5d43275f5f331b35d06cd234a9ee5ebe67a9450c674ad3f1,2018-03-18,2018-04-16,30,5.043670347222222,6.686758812083333,10,2008|2009|2010|2011|2012|2013|2014|2015|2016|2017,observation_time_proxy,historical data_available_time is unknown; observation_time is a pseudo-operational proxy
2018-04-17T00:00:00+00:00,2018-04-16,windermere,south,water_temperature,2.0,degC,month_3,2018-06-16,2018-07-15,15.540958546886802,17.184047011747914,-1.643088464861111,full_anomaly_persistence,1.0,1.0,False,True,10,2008|2009|2010|2011|2012|2013|2014|2015|2016|2017,9d491579244e496392e9d308fad8b946628ad9243785f63fcbcc66dc68c49596,2018-03-18,2018-04-16,30,5.043670347222222,6.686758812083333,10,2008|2009|2010|2011|2012|2013|2014|2015|2016|2017,observation_time_proxy,historical data_available_time is unknown; observation_time is a pseudo-operational proxy
2018-04-24T00:00:00+00:00,2018-04-23,windermere,south,water_temperature,2.0,degC,month_1,2018-04-24,2018-05-23,9.241957516865881,10.775705057561728,-1.5337475406958472,full_anomaly_persistence,1.0,1.0,False,True,9,2008|2009|2011|2012|2013|2014|2015|2016|2017,ff30468f1f3718e7cb919ec840fabfa4652fa757e0526562b768c8e7f9fdaa69,2018-03-25,2018-04-23,30,5.81895575,7.352703290695847,10,2008|2009|2010|2011|2012|2013|2014|2015|2016|2017,observation_time_proxy,historical data_available_time is unknown; observation_time is a pseudo-operational proxy
2018-04-24T00:00:00+00:00,2018-04-23,windermere,south,water_temperature,2.0,degC,month_2,2018-05-24,2018-06-22,13.873132473590552,15.406880014286399,-1.5337475406958472,full_anomaly_persistence,1.0,1.0,False,True,10,2008|2009|2010|2011|2012|2013|2014|2015|2016|2017,a839ee0dbf200ab177998485d4df7c1765685fbfeb6c3841130187a18b05e130,2018-03-25,2018-04-23,30,5.81895575,7.352703290695847,10,2008|2009|2010|2011|2012|2013|2014|2015|2016|2017,observation_time_proxy,historical data_available_time is unknown; observation_time is a pseudo-operational proxy
2018-04-24T00:00:00+00:00,2018-04-23,windermere,south,water_temperature,2.0,degC,month_3,2018-06-23,2018-07-22,16.04059647105207,17.574344011747915,-1.5337475406958472,full_anomaly_persistence,1.0,1.0,False,True,10,2008|2009|2010|2011|2012|2013|2014|2015|2016|2017,4e5921d3709e301cb2874825c0b4e08630d7df2bfbb315d7e0c5d1fce226f47a,2018-03-25,2018-04-23,30,5.81895575,7.352703290695847,10,2008|2009|2010|2011|2012|2013|2014|2015|2016|2017,observation_time_proxy,historical data_available_time is unknown; observation_time is a pseudo-operational proxy
2018-05-01T00:00:00+00:00,2018-04-30,windermere,south,water_temperature,2.0,degC,month_1,2018-05-01,2018-05-30,10.369867040848767,11.780229592083334,-1.4103625512345674,full_anomaly_persistence,1.0,1.0,False,True,10,2008|2009|2010|2011|2012|2013|2014|2015|2016|2017,aadf4a680363be9ddb98d2a4ff103ad5fcbf090fcf5d64bd875a994df170f3d0,2018-04-01,2018-04-30,30,6.736938777777778,8.147301329012345,9,2008|2009|2011|2012|2013|2014|2015|2016|2017,observation_time_proxy,historical data_available_time is unknown; observation_time is a pseudo-operational proxy
2018-05-01T00:00:00+00:00,2018-04-30,windermere,south,water_temperature,2.0,degC,month_2,2018-05-31,2018-06-29,14.699451666150491,16.109814217385058,-1.4103625512345674,full_anomaly_persistence,1.0,1.0,False,True,10,2008|2009|2010|2011|2012|2013|2014|2015|2016|2017,22f569996f5b338493cfcde1cb67714d7749002909b0f6309e3fe3238a083728,2018-04-01,2018-04-30,30,6.736938777777778,8.147301329012345,9,2008|2009|2011|2012|2013|2014|2015|2016|2017,observation_time_proxy,historical data_available_time is unknown; observation_time is a pseudo-operational proxy
2018-05-01T00:00:00+00:00,2018-04-30,windermere,south,water_temperature,2.0,degC,month_3,2018-06-30,2018-07-29,16.59390392460065,18.004266475835216,-1.4103625512345674,full_anomaly_persistence,1.0,1.0,False,True,10,2008|2009|2010|2011|2012|2013|2014|2015|2016|2017,0dc21fdac9991d2bab785047ff6ec3aa8633ac945e0280cb836e59d2b36fa9e2,2018-04-01,2018-04-30,30,6.736938777777778,8.147301329012345,9,2008|2009|2011|2012|2013|2014|2015|2016|2017,observation_time_proxy,historical data_available_time is unknown; observation_time is a pseudo-operational proxy
2018-05-08T00:00:00+00:00,2018-05-07,windermere,south,water_temperature,2.0,degC,month_1,2018-05-08,2018-06-06,11.77989073945828,12.957412390229885,-1.177521650771606,full_anomaly_persistence,1.0,1.0,False,True,10,2008|2009|2010|2011|2012|2013|2014|2015|2016|2017,3933ffdaa82006a5f83af01c6fb299b948551d466ffdabbc859783f913659cc7,2018-04-08,2018-05-07,30,7.698144972222222,8.875666622993828,9,2008|2009|2011|2012|2013|2014|2015|2016|2017,observation_time_proxy,historical data_available_time is unknown; observation_time is a pseudo-operational proxy
2018-05-08T00:00:00+00:00,2018-05-07,windermere,south,water_temperature,2.0,degC,month_2,2018-06-07,2018-07-06,15.44354462549651,16.621066276268117,-1.177521650771606,full_anomaly_persistence,1.0,1.0,False,True,10,2008|2009|2010|2011|2012|2013|2014|2015|2016|2017,2a9c981790171dbfa151091591bd7802d6977cf87dc2ac45e388293f87a0f2d9,2018-04-08,2018-05-07,30,7.698144972222222,8.875666622993828,9,2008|2009|2011|2012|2013|2014|2015|2016|2017,observation_time_proxy,historical data_available_time is unknown; observation_time is a pseudo-operational proxy
2018-05-08T00:00:00+00:00,2018-05-07,windermere,south,water_temperature,2.0,degC,month_3,2018-07-07,2018-08-05,17.054366135997874,18.23188778676948,-1.177521650771606,full_anomaly_persistence,1.0,1.0,False,True,10,2008|2009|2010|2011|2012|2013|2014|2015|2016|2017,ffb131f887f688950180fcd7c3b550d8a0044ca6d76a88341a09a64f32a5e1ad,2018-04-08,2018-05-07,30,7.698144972222222,8.875666622993828,9,2008|2009|2011|2012|2013|2014|2015|2016|2017,observation_time_proxy,historical data_available_time is unknown; observation_time is a pseudo-operational proxy
2018-05-15T00:00:00+00:00,2018-05-14,windermere,south,water_temperature,2.0,degC,month_1,2018-05-15,2018-06-13,13.400638067667625,14.123951887112069,-0.723313819444444,full_anomaly_persistence,1.0,1.0,False,True,10,2008|2009|2010|2011|2012|2013|2014|2015|2016|2017,fa799d4312807847aa89b7d8a75274ea6ddfd3af517f0f77c838a33a966a95b6,2018-04-15,2018-05-14,30,8.978990708333333,9.702304527777777,9,2008|2009|2011|2012|2013|2014|2015|2016|2017,observation_time_proxy,historical data_available_time is unknown; observation_time is a pseudo-operational proxy
2018-05-15T00:00:00+00:00,2018-05-14,windermere,south,water_temperature,2.0,degC,month_2,2018-06-14,2018-07-13,16.323682254803472,17.046996074247915,-0.723313819444444,full_anomaly_persistence,1.0,1.0,False,True,10,2008|2009|2010|2011|2012|2013|2014|2015|2016|2017,42e7826b8ded51d1d341d25b69cb739104fe6f131194c82e558e8f0f952e5db8,2018-04-15,2018-05-14,30,8.978990708333333,9.702304527777777,9,2008|2009|2011|2012|2013|2014|2015|2016|2017,observation_time_proxy,historical data_available_time is unknown; observation_time is a pseudo-operational proxy
2018-05-15T00:00:00+00:00,2018-05-14,windermere,south,water_temperature,2.0,degC,month_3,2018-07-14,2018-08-12,17.530370403273807,18.253684222718253,-0.723313819444444,full_anomaly_persistence,1.0,1.0,False,True,10,2008|2009|2010|2011|2012|2013|2014|2015|2016|2017,d58b5a5e489a45fa994cde015709f189676d611a6ae47c4a48e713561298d316,2018-04-15,2018-05-14,30,8.978990708333333,9.702304527777777,9,2008|2009|2011|2012|2013|2014|2015|2016|2017,observation_time_proxy,historical data_available_time is unknown; observation_time is a pseudo-operational proxy
2018-05-22T00:00:00+00:00,2018-05-21,windermere,south,water_temperature,2.0,degC,month_1,2018-05-22,2018-06-20,15.264799129846212,15.152004043117817,0.11279508672839533,full_anomaly_persistence,1.0,1.0,False,True,10,2008|2009|2010|2011|2012|2013|2014|2015|2016|2017,840870ab99202f61186fc7876db9b8cc7669b766494e3543155463dd60445c7d,2018-04-22,2018-05-21,30,10.652783888888889,10.539988802160494,9,2008|2009|2011|2012|2013|2014|2015|2016|2017,observation_time_proxy,historical data_available_time is unknown; observation_time is a pseudo-operational proxy
2018-05-22T00:00:00+00:00,2018-05-21,windermere,south,water_temperature,2.0,degC,month_2,2018-06-21,2018-07-20,17.583587841531866,17.47079275480347,0.11279508672839533,full_anomaly_persistence,1.0,1.0,False,True,10,2008|2009|2010|2011|2012|2013|2014|2015|2016|2017,51c70777ce614d4b807985134a8e3b331892377da181695db104225ec77191e1,2018-04-22,2018-05-21,30,10.652783888888889,10.539988802160494,9,2008|2009|2011|2012|2013|2014|2015|2016|2017,observation_time_proxy,historical data_available_time is unknown; observation_time is a pseudo-operational proxy
2018-05-22T00:00:00+00:00,2018-05-21,windermere,south,water_temperature,2.0,degC,month_3,2018-07-21,2018-08-19,18.263035192879187,18.150240106150793,0.11279508672839533,full_anomaly_persistence,1.0,1.0,False,True,10,2008|2009|2010|2011|2012|2013|2014|2015|2016|2017,954566b854746310843f8e9950ea5714566751af5137d5ea4bf63a669ece2981,2018-04-22,2018-05-21,30,10.652783888888889,10.539988802160494,9,2008|2009|2011|2012|2013|2014|2015|2016|2017,observation_time_proxy,historical data_available_time is unknown; observation_time is a pseudo-operational proxy
2018-05-29T00:00:00+00:00,2018-05-28,windermere,south,water_temperature,2.0,degC,month_1,2018-05-29,2018-06-27,16.86844943090346,15.918339521647509,0.9501099092559517,full_anomaly_persistence,1.0,1.0,False,True,10,2008|2009|2010|2011|2012|2013|2014|2015|2016|2017,4e39d66d2687d33a0266f0481370e7bee6006640c3a1bc0b03056f4e25bb0b80,2018-04-29,2018-05-28,30,12.445070319444444,11.494960410188492,10,2008|2009|2010|2011|2012|2013|2014|2015|2016|2017,observation_time_proxy,historical data_available_time is unknown; observation_time is a pseudo-operational proxy
2018-05-29T00:00:00+00:00,2018-05-28,windermere,south,water_temperature,2.0,degC,month_2,2018-06-28,2018-07-27,18.836268909509613,17.886159000253663,0.9501099092559517,full_anomaly_persistence,1.0,1.0,False,True,10,2008|2009|2010|2011|2012|2013|2014|2015|2016|2017,ac5078562f7ac77e20aa564d105d0ee192e1ef3057adbfb0906fc2ee62c3e5d6,2018-04-29,2018-05-28,30,12.445070319444444,11.494960410188492,10,2008|2009|2010|2011|2012|2013|2014|2015|2016|2017,observation_time_proxy,historical data_available_time is unknown; observation_time is a pseudo-operational proxy
2018-05-29T00:00:00+00:00,2018-05-28,windermere,south,water_temperature,2.0,degC,month_3,2018-07-28,2018-08-26,18.824790156703955,17.874680247448,0.9501099092559517,full_anomaly_persistence,1.0,1.0,False,True,10,2008|2009|2010|2011|2012|2013|2014|2015|2016|2017,352e2c47ab79db0d856d2c5a5f0cb521e6f4c0134866bb0fddddd91a55d89b80,2018-04-29,2018-05-28,30,12.445070319444444,11.494960410188492,10,2008|2009|2010|2011|2012|2013|2014|2015|2016|2017,observation_time_proxy,historical data_available_time is unknown; observation_time is a pseudo-operational proxy
2018-06-05T00:00:00+00:00,2018-06-04,windermere,south,water_temperature,2.0,degC,month_1,2018-06-05,2018-07-04,18.598824976206895,16.507332070833332,2.0914929053735634,full_anomaly_persistence,1.0,1.0,False,True,10,2008|2009|2010|2011|2012|2013|2014|2015|2016|2017,97cced299b18f163464f6b63d1fe297430167df77fd18aa303f3b50dd756464c,2018-05-06,2018-06-04,30,14.697722569444444,12.60622966407088,10,2008|2009|2010|2011|2012|2013|2014|2015|2016|2017,observation_time_proxy,historical data_available_time is unknown; observation_time is a pseudo-operational proxy
2018-06-05T00:00:00+00:00,2018-06-04,windermere,south,water_temperature,2.0,degC,month_2,2018-07-05,2018-08-03,20.274914397677033,18.18342149230347,2.0914929053735634,full_anomaly_persistence,1.0,1.0,False,True,10,2008|2009|2010|2011|2012|2013|2014|2015|2016|2017,d5b3c18eb782151088ee26fcb9490555957ac91bf8c8c71a7eaa831c534b2622,2018-05-06,2018-06-04,30,14.697722569444444,12.60622966407088,10,2008|2009|2010|2011|2012|2013|2014|2015|2016|2017,observation_time_proxy,historical data_available_time is unknown; observation_time is a pseudo-operational proxy
2018-06-05T00:00:00+00:00,2018-06-04,windermere,south,water_temperature,2.0,degC,month_3,2018-08-04,2018-09-02,19.652312785532292,17.56081988015873,2.0914929053735634,full_anomaly_persistence,1.0,1.0,False,True,10,2008|2009|2010|2011|2012|2013|2014|2015|2016|2017,78e6863efa042d48c7e28c86840092104da57096f6473fd977f1b7b6410a533b,2018-05-06,2018-06-04,30,14.697722569444444,12.60622966407088,10,2008|2009|2010|2011|2012|2013|2014|2015|2016|2017,observation_time_proxy,historical data_available_time is unknown; observation_time is a pseudo-operational proxy
2018-06-12T00:00:00+00:00,2018-06-11,windermere,south,water_temperature,2.0,degC,month_1,2018-06-12,2018-07-11,20.037466909884017,16.90885172210145,3.128615187782568,full_anomaly_persistence,1.0,1.0,False,True,10,2008|2009|2010|2011|2012|2013|2014|2015|2016|2017,33f16aa9fe1a317f4a3962729b70f86019a9bf35f02aea54802d81798e8d6ea1,2018-05-13,2018-06-11,30,16.93338825,13.804773062217432,10,2008|2009|2010|2011|2012|2013|2014|2015|2016|2017,observation_time_proxy,historical data_available_time is unknown; observation_time is a pseudo-operational proxy
2018-06-12T00:00:00+00:00,2018-06-11,windermere,south,water_temperature,2.0,degC,month_2,2018-07-12,2018-08-10,21.40744355867903,18.278828370896463,3.128615187782568,full_anomaly_persistence,1.0,1.0,False,True,10,2008|2009|2010|2011|2012|2013|2014|2015|2016|2017,38e53cc1665d0761d7ea02d1024c9e7b09fb7f02e8b18b0f5a0aa6728961df17,2018-05-13,2018-06-11,30,16.93338825,13.804773062217432,10,2008|2009|2010|2011|2012|2013|2014|2015|2016|2017,observation_time_proxy,historical data_available_time is unknown; observation_time is a pseudo-operational proxy
2018-06-12T00:00:00+00:00,2018-06-11,windermere,south,water_temperature,2.0,degC,month_3,2018-08-11,2018-09-09,20.389226033615902,17.260610845833334,3.128615187782568,full_anomaly_persistence,1.0,1.0,False,True,10,2008|2009|2010|2011|2012|2013|2014|2015|2016|2017,8de16b637d5deb9c6520a6292aa416daf762fcd26faca9b45b6e18df11f3ec39,2018-05-13,2018-06-11,30,16.93338825,13.804773062217432,10,2008|2009|2010|2011|2012|2013|2014|2015|2016|2017,observation_time_proxy,historical data_available_time is unknown; observation_time is a pseudo-operational proxy
2018-06-19T00:00:00+00:00,2018-06-18,windermere,south,water_temperature,2.0,degC,month_1,2018-06-19,2018-07-18,20.60986923189638,17.357605636747913,3.2522635951484666,full_anomaly_persistence,1.0,1.0,False,True,10,2008|2009|2010|2011|2012|2013|2014|2015|2016|2017,463462c59214d778d19b32945c1530ba1af841ec13c67cf365af5056fdaec3ac,2018-05-20,2018-06-18,30,18.120188041666665,14.867924446518199,10,2008|2009|2010|2011|2012|2013|2014|2015|2016|2017,observation_time_proxy,historical data_available_time is unknown; observation_time is a pseudo-operational proxy
2018-06-19T00:00:00+00:00,2018-06-18,windermere,south,water_temperature,2.0,degC,month_2,2018-07-19,2018-08-17,21.449129979672275,18.19686638452381,3.2522635951484666,full_anomaly_persistence,1.0,1.0,False,True,10,2008|2009|2010|2011|2012|2013|2014|2015|2016|2017,9e40319246f3022c4de30b02487cbfe14a85e1639a3501f7f2d3622def14bc08,2018-05-20,2018-06-18,30,18.120188041666665,14.867924446518199,10,2008|2009|2010|2011|2012|2013|2014|2015|2016|2017,observation_time_proxy,historical data_available_time is unknown; observation_time is a pseudo-operational proxy
2018-06-19T00:00:00+00:00,2018-06-18,windermere,south,water_temperature,2.0,degC,month_3,2018-08-18,2018-09-16,20.151610157648467,16.8993465625,3.2522635951484666,full_anomaly_persistence,1.0,1.0,False,True,10,2008|2009|2010|2011|2012|2013|2014|2015|2016|2017,3b9186b0562400c22add216c33f149ec32ec6b502216d25f40bfefaec313a6be,2018-05-20,2018-06-18,30,18.120188041666665,14.867924446518199,10,2008|2009|2010|2011|2012|2013|2014|2015|2016|2017,observation_time_proxy,historical data_available_time is unknown; observation_time is a pseudo-operational proxy
2018-06-26T00:00:00+00:00,2018-06-25,windermere,south,water_temperature,2.0,degC,month_1,2018-06-26,2018-07-25,20.605554261489292,17.75909211591458,2.846462145574712,full_anomaly_persistence,1.0,1.0,False,True,10,2008|2009|2010|2011|2012|2013|2014|2015|2016|2017,f1665f512edc4a185bddc0b8171a441d649b527283eea7f118e28bc454012135,2018-05-27,2018-06-25,30,18.562793652777778,15.716331507203066,10,2008|2009|2010|2011|2012|2013|2014|2015|2016|2017,observation_time_proxy,historical data_available_time is unknown; observation_time is a pseudo-operational proxy
2018-06-26T00:00:00+00:00,2018-06-25,windermere,south,water_temperature,2.0,degC,month_2,2018-07-26,2018-08-24,20.814132004404076,17.967669858829364,2.846462145574712,full_anomaly_persistence,1.0,1.0,False,True,10,2008|2009|2010|2011|2012|2013|2014|2015|2016|2017,71c5d0af2c39e92fbf76436ae2c14409f6857ebda690e5511904b146419c1701,2018-05-27,2018-06-25,30,18.562793652777778,15.716331507203066,10,2008|2009|2010|2011|2012|2013|2014|2015|2016|2017,observation_time_proxy,historical data_available_time is unknown; observation_time is a pseudo-operational proxy
2018-06-26T00:00:00+00:00,2018-06-25,windermere,south,water_temperature,2.0,degC,month_3,2018-08-25,2018-09-23,19.314620894185822,16.46815874861111,2.846462145574712,full_anomaly_persistence,1.0,1.0,False,True,10,2008|2009|2010|2011|2012|2013|2014|2015|2016|2017,e4a0e3e9f0b44e5a5e3d59746c64e05fa9a5db72f862dc9db8e6552f79209a36,2018-05-27,2018-06-25,30,18.562793652777778,15.716331507203066,10,2008|2009|2010|2011|2012|2013|2014|2015|2016|2017,observation_time_proxy,historical data_available_time is unknown; observation_time is a pseudo-operational proxy
2018-07-03T00:00:00+00:00,2018-07-02,windermere,south,water_temperature,2.0,degC,month_1,2018-07-03,2018-08-01,21.222032045676485,18.12207220262093,3.0999598430555544,full_anomaly_persistence,1.0,1.0,False,True,10,2008|2009|2010|2011|2012|2013|2014|2015|2016|2017,924da434b1914ffe1d5098c51f120cb720f1d4dc92d244397b5f6c4ac93ed057,2018-06-03,2018-07-02,30,19.477864166666667,16.377904323611112,10,2008|2009|2010|2011|2012|2013|2014|2015|2016|2017,observation_time_proxy,historical data_available_time is unknown; observation_time is a pseudo-operational proxy
2018-07-03T00:00:00+00:00,2018-07-02,windermere,south,water_temperature,2.0,degC,month_2,2018-08-02,2018-08-31,20.745802513492063,17.645842670436508,3.0999598430555544,full_anomaly_persistence,1.0,1.0,False,True,10,2008|2009|2010|2011|2012|2013|2014|2015|2016|2017,68936519ea35c44487b9d25c348206b4def4ed40f748c594c3b4814875e6daaa,2018-06-03,2018-07-02,30,19.477864166666667,16.377904323611112,10,2008|2009|2010|2011|2012|2013|2014|2015|2016|2017,observation_time_proxy,historical data_available_time is unknown; observation_time is a pseudo-operational proxy
2018-07-03T00:00:00+00:00,2018-07-02,windermere,south,water_temperature,2.0,degC,month_3,2018-09-01,2018-09-30,19.053600420833334,15.953640577777778,3.0999598430555544,full_anomaly_persistence,1.0,1.0,False,True,10,2008|2009|2010|2011|2012|2013|2014|2015|2016|2017,feb70a9df0137ebc7ea3768da249216ae67cd3efbe6d50c9d547c60d52b6eb90,2018-06-03,2018-07-02,30,19.477864166666667,16.377904323611112,10,2008|2009|2010|2011|2012|2013|2014|2015|2016|2017,observation_time_proxy,historical data_available_time is unknown; observation_time is a pseudo-operational proxy
2018-07-10T00:00:00+00:00,2018-07-09,windermere,south,water_temperature,2.0,degC,month_1,2018-07-10,2018-08-08,21.683965750779144,18.28131537288059,3.402650377898553,full_anomaly_persistence,1.0,1.0,False,True,10,2008|2009|2010|2011|2012|2013|2014|2015|2016|2017,09d92f16615f10edc49b8c221b7ff058ae99a20b81cc6f8f149bb24edff28d24,2018-06-10,2018-07-09,30,20.186939847222224,16.78428946932367,10,2008|2009|2010|2011|2012|2013|2014|2015|2016|2017,observation_time_proxy,historical data_available_time is unknown; observation_time is a pseudo-operational proxy
2018-07-10T00:00:00+00:00,2018-07-09,windermere,south,water_temperature,2.0,degC,month_2,2018-08-09,2018-09-07,20.754717425120774,17.35206704722222,3.402650377898553,full_anomaly_persistence,1.0,1.0,False,True,10,2008|2009|2010|2011|2012|2013|2014|2015|2016|2017,779d9a882710c58d522a3b630ee0a8333b853b0dc37d56ec0197b63b7a7c1041,2018-06-10,2018-07-09,30,20.186939847222224,16.78428946932367,10,2008|2009|2010|2011|2012|2013|2014|2015|2016|2017,observation_time_proxy,historical data_available_time is unknown; observation_time is a pseudo-operational proxy
2018-07-10T00:00:00+00:00,2018-07-09,windermere,south,water_temperature,2.0,degC,month_3,2018-09-08,2018-10-07,18.776213545954107,15.373563168055556,3.402650377898553,full_anomaly_persistence,1.0,1.0,False,True,10,2008|2009|2010|2011|2012|2013|2014|2015|2016|2017,52058678069b2ff93a9e2b27c2ca83dbf8e180a7d46ad13128e7ee17f3d8b41e,2018-06-10,2018-07-09,30,20.186939847222224,16.78428946932367,10,2008|2009|2010|2011|2012|2013|2014|2015|2016|2017,observation_time_proxy,historical data_available_time is unknown; observation_time is a pseudo-operational proxy
2018-07-17T00:00:00+00:00,2018-07-16,windermere,south,water_temperature,2.0,degC,month_1,2018-07-17,2018-08-15,21.79428286146637,18.22103479126984,3.573248070196531,full_anomaly_persistence,1.0,1.0,False,True,10,2008|2009|2010|2011|2012|2013|2014|2015|2016|2017,f7cc3d32cf78d68b72902e3bde9399a4f91973f64b23378725942201a3a1bb0b,2018-06-17,2018-07-16,30,20.816083444444445,17.242835374247914,10,2008|2009|2010|2011|2012|2013|2014|2015|2016|2017,observation_time_proxy,historical data_available_time is unknown; observation_time is a pseudo-operational proxy
2018-07-17T00:00:00+00:00,2018-07-16,windermere,south,water_temperature,2.0,degC,month_2,2018-08-16,2018-09-14,20.585018114640974,17.011770044444443,3.573248070196531,full_anomaly_persistence,1.0,1.0,False,True,10,2008|2009|2010|2011|2012|2013|2014|2015|2016|2017,f1a9a623aa2867481a2e125787b8710a15c9955880aa3d6ae3f8f6620360b0bf,2018-06-17,2018-07-16,30,20.816083444444445,17.242835374247914,10,2008|2009|2010|2011|2012|2013|2014|2015|2016|2017,observation_time_proxy,historical data_available_time is unknown; observation_time is a pseudo-operational proxy
2018-07-17T00:00:00+00:00,2018-07-16,windermere,south,water_temperature,2.0,degC,month_3,2018-09-15,2018-10-14,18.30182428269653,14.7285762125,3.573248070196531,full_anomaly_persistence,1.0,1.0,False,True,10,2008|2009|2010|2011|2012|2013|2014|2015|2016|2017,247cf8b6a20bfa5b8c29ac1c8bb62ce39f0a6435c72d46a92d070d3ba86cb012,2018-06-17,2018-07-16,30,20.816083444444445,17.242835374247914,10,2008|2009|2010|2011|2012|2013|2014|2015|2016|2017,observation_time_proxy,historical data_available_time is unknown; observation_time is a pseudo-operational proxy
2018-07-24T00:00:00+00:00,2018-07-23,windermere,south,water_temperature,2.0,degC,month_1,2018-07-24,2018-08-22,22.13405684172431,18.046525549305557,4.087531292418753,full_anomaly_persistence,1.0,1.0,False,True,10,2008|2009|2010|2011|2012|2013|2014|2015|2016|2017,92283d946dd29fabf0b0110db7acc4ff69c9ea2f989c6de2235ad369f619a4fe,2018-06-24,2018-07-23,30,21.721593263888888,17.634061971470135,10,2008|2009|2010|2011|2012|2013|2014|2015|2016|2017,observation_time_proxy,historical data_available_time is unknown; observation_time is a pseudo-operational proxy
2018-07-24T00:00:00+00:00,2018-07-23,windermere,south,water_temperature,2.0,degC,month_2,2018-08-23,2018-09-21,20.692490488252083,16.60495919583333,4.087531292418753,full_anomaly_persistence,1.0,1.0,False,True,10,2008|2009|2010|2011|2012|2013|2014|2015|2016|2017,a841c04b66b177e00a4483af2d9b5fbe09434fcb5c0321ee66878fded9a0643e,2018-06-24,2018-07-23,30,21.721593263888888,17.634061971470135,10,2008|2009|2010|2011|2012|2013|2014|2015|2016|2017,observation_time_proxy,historical data_available_time is unknown; observation_time is a pseudo-operational proxy
2018-07-24T00:00:00+00:00,2018-07-23,windermere,south,water_temperature,2.0,degC,month_3,2018-09-22,2018-10-21,18.147660336863197,14.060129044444444,4.087531292418753,full_anomaly_persistence,1.0,1.0,False,True,10,2008|2009|2010|2011|2012|2013|2014|2015|2016|2017,be240a513382e1e7a963b08cccbf8348f7d9439a620ef5f74255516265e57a29,2018-06-24,2018-07-23,30,21.721593263888888,17.634061971470135,10,2008|2009|2010|2011|2012|2013|2014|2015|2016|2017,observation_time_proxy,historical data_available_time is unknown; observation_time is a pseudo-operational proxy
2018-07-31T00:00:00+00:00,2018-07-30,windermere,south,water_temperature,2.0,degC,month_1,2018-07-31,2018-08-29,21.45012715005764,17.73042269126984,3.719704458787799,full_anomaly_persistence,1.0,1.0,False,True,10,2008|2009|2010|2011|2012|2013|2014|2015|2016|2017,a0b59f3cac263608f6719fd870330477f80c3ab128d69307b8fe6edd7030da94,2018-07-01,2018-07-30,30,21.773765,18.054060541212202,10,2008|2009|2010|2011|2012|2013|2014|2015|2016|2017,observation_time_proxy,historical data_available_time is unknown; observation_time is a pseudo-operational proxy
2018-07-31T00:00:00+00:00,2018-07-30,windermere,south,water_temperature,2.0,degC,month_2,2018-08-30,2018-09-28,19.8182746837878,16.098570225,3.719704458787799,full_anomaly_persistence,1.0,1.0,False,True,10,2008|2009|2010|2011|2012|2013|2014|2015|2016|2017,3bda08defe0295f28eb4818af28f93efe00772ec1ede4069aee4558ff1dab314,2018-07-01,2018-07-30,30,21.773765,18.054060541212202,10,2008|2009|2010|2011|2012|2013|2014|2015|2016|2017,observation_time_proxy,historical data_available_time is unknown; observation_time is a pseudo-operational proxy
2018-07-31T00:00:00+00:00,2018-07-30,windermere,south,water_temperature,2.0,degC,month_3,2018-09-29,2018-10-28,17.07042458239891,13.350720123611111,3.719704458787799,full_anomaly_persistence,1.0,1.0,False,True,10,2008|2009|2010|2011|2012|2013|2014|2015|2016|2017,0c78457252414153ddd7ebe551656fed2de5a62b68a785bb6aa0b3a7cf0a9dd9,2018-07-01,2018-07-30,30,21.773765,18.054060541212202,10,2008|2009|2010|2011|2012|2013|2014|2015|2016|2017,observation_time_proxy,historical data_available_time is unknown; observation_time is a pseudo-operational proxy
2018-08-07T00:00:00+00:00,2018-08-06,windermere,south,water_temperature,2.0,degC,month_1,2018-08-07,2018-09-05,20.175738701722583,17.44438269404762,2.7313560076749646,full_anomaly_persistence,1.0,1.0,False,True,10,2008|2009|2010|2011|2012|2013|2014|2015|2016|2017,25fed446c3b406059477dd4e6c3241c16550250bb17987309d90a0bfa446e028,2018-07-08,2018-08-06,30,20.985772222222224,18.25441621454726,10,2008|2009|2010|2011|2012|2013|2014|2015|2016|2017,observation_time_proxy,historical data_available_time is unknown; observation_time is a pseudo-operational proxy
2018-08-07T00:00:00+00:00,2018-08-06,windermere,south,water_temperature,2.0,degC,month_2,2018-09-06,2018-10-05,18.27864160489719,15.547285597222222,2.7313560076749646,full_anomaly_persistence,1.0,1.0,False,True,10,2008|2009|2010|2011|2012|2013|2014|2015|2016|2017,b978015cf1e89b8a5949c0fcc59ae32e3f960fc3e38c531e3224f67e39c1dfdf,2018-07-08,2018-08-06,30,20.985772222222224,18.25441621454726,10,2008|2009|2010|2011|2012|2013|2014|2015|2016|2017,observation_time_proxy,historical data_available_time is unknown; observation_time is a pseudo-operational proxy
2018-08-07T00:00:00+00:00,2018-08-06,windermere,south,water_temperature,2.0,degC,month_3,2018-10-06,2018-11-04,15.355994272862162,12.624638265187198,2.7313560076749646,full_anomaly_persistence,1.0,1.0,False,True,10,2008|2009|2010|2011|2012|2013|2014|2015|2016|2017,914ee5a61031ccebabfc4e0365343865f24b4cc95af4d8b82ddafcf36d3b9a8b,2018-07-08,2018-08-06,30,20.985772222222224,18.25441621454726,10,2008|2009|2010|2011|2012|2013|2014|2015|2016|2017,observation_time_proxy,historical data_available_time is unknown; observation_time is a pseudo-operational proxy
2018-08-14T00:00:00+00:00,2018-08-13,windermere,south,water_temperature,2.0,degC,month_1,2018-08-14,2018-09-12,19.038248298710315,17.117365030555554,1.9208832681547605,full_anomaly_persistence,1.0,1.0,False,True,10,2008|2009|2010|2011|2012|2013|2014|2015|2016|2017,879681f7432e7845ae59a58adfb5939e63bd9f844a22631df1f24aefbf2d5840,2018-07-15,2018-08-13,30,20.161445208333333,18.240561940178573,10,2008|2009|2010|2011|2012|2013|2014|2015|2016|2017,observation_time_proxy,historical data_available_time is unknown; observation_time is a pseudo-operational proxy
2018-08-14T00:00:00+00:00,2018-08-13,windermere,south,water_temperature,2.0,degC,month_2,2018-09-13,2018-10-12,16.83840226954365,14.91751900138889,1.9208832681547605,full_anomaly_persistence,1.0,1.0,False,True,10,2008|2009|2010|2011|2012|2013|2014|2015|2016|2017,51ba6b1d3e0b0c272f586f669e58aaae5c24891899d45becc9c47f9a7f06dff5,2018-07-15,2018-08-13,30,20.161445208333333,18.240561940178573,10,2008|2009|2010|2011|2012|2013|2014|2015|2016|2017,observation_time_proxy,historical data_available_time is unknown; observation_time is a pseudo-operational proxy
2018-08-14T00:00:00+00:00,2018-08-13,windermere,south,water_temperature,2.0,degC,month_3,2018-10-13,2018-11-11,13.816598719036403,11.895715450881642,1.9208832681547605,full_anomaly_persistence,1.0,1.0,False,True,10,2008|2009|2010|2011|2012|2013|2014|2015|2016|2017,d2944211096aaf6c84e9106afd87ae5cbebc01beaa2360ea5625bce4af3aac8e,2018-07-15,2018-08-13,30,20.161445208333333,18.240561940178573,10,2008|2009|2010|2011|2012|2013|2014|2015|2016|2017,observation_time_proxy,historical data_available_time is unknown; observation_time is a pseudo-operational proxy
2018-08-21T00:00:00+00:00,2018-08-20,windermere,south,water_temperature,2.0,degC,month_1,2018-08-21,2018-09-19,18.085171478373013,16.7225196,1.3626518783730148,full_anomaly_persistence,1.0,1.0,False,True,10,2008|2009|2010|2011|2012|2013|2014|2015|2016|2017,bff2e59178d82a309799671b8f300fc1efeb27f5ab695cfd83ebed2a3c719935,2018-07-22,2018-08-20,30,19.48002636111111,18.117374482738096,10,2008|2009|2010|2011|2012|2013|2014|2015|2016|2017,observation_time_proxy,historical data_available_time is unknown; observation_time is a pseudo-operational proxy
2018-08-21T00:00:00+00:00,2018-08-20,windermere,south,water_temperature,2.0,degC,month_2,2018-09-20,2018-10-19,15.617799531150792,14.255147652777778,1.3626518783730148,full_anomaly_persistence,1.0,1.0,False,True,10,2008|2009|2010|2011|2012|2013|2014|2015|2016|2017,31b042432996ea6d00dbe995267887ab06a6e0985e33797aa7c7714865d2b372,2018-07-22,2018-08-20,30,19.48002636111111,18.117374482738096,10,2008|2009|2010|2011|2012|2013|2014|2015|2016|2017,observation_time_proxy,historical data_available_time is unknown; observation_time is a pseudo-operational proxy
2018-08-21T00:00:00+00:00,2018-08-20,windermere,south,water_temperature,2.0,degC,month_3,2018-10-20,2018-11-18,12.538294660921323,11.175642782548309,1.3626518783730148,full_anomaly_persistence,1.0,1.0,False,True,10,2008|2009|2010|2011|2012|2013|2014|2015|2016|2017,4788ad53f1848ed69155263f9e9d27440c1e6e7f7a42d509248b1a3c1fd6c7ed,2018-07-22,2018-08-20,30,19.48002636111111,18.117374482738096,10,2008|2009|2010|2011|2012|2013|2014|2015|2016|2017,observation_time_proxy,historical data_available_time is unknown; observation_time is a pseudo-operational proxy
2018-08-28T00:00:00+00:00,2018-08-27,windermere,south,water_temperature,2.0,degC,month_1,2018-08-28,2018-09-26,17.165933190191513,16.24337950416667,0.9225536860248447,full_anomaly_persistence,1.0,1.0,False,True,10,2008|2009|2010|2011|2012|2013|2014|2015|2016|2017,53b3a85afd26550cfa710365064d5bdb0a130daca767ab7409fd5ef43eb2ae97,2018-07-29,2018-08-27,30,18.749361813405798,17.826808127380954,10,2008|2009|2010|2011|2012|2013|2014|2015|2016|2017,observation_time_proxy,historical data_available_time is unknown; observation_time is a pseudo-operational proxy
2018-08-28T00:00:00+00:00,2018-08-27,windermere,south,water_temperature,2.0,degC,month_2,2018-09-27,2018-10-26,14.480240265191512,13.557686579166667,0.9225536860248447,full_anomaly_persistence,1.0,1.0,False,True,10,2008|2009|2010|2011|2012|2013|2014|2015|2016|2017,c62e2f36bfe9b8c32e3f87eab39d713d84bfbd5b7cad009302c6036bf381fe2f,2018-07-29,2018-08-27,30,18.749361813405798,17.826808127380954,10,2008|2009|2010|2011|2012|2013|2014|2015|2016|2017,observation_time_proxy,historical data_available_time is unknown; observation_time is a pseudo-operational proxy
2018-08-28T00:00:00+00:00,2018-08-27,windermere,south,water_temperature,2.0,degC,month_3,2018-10-27,2018-11-25,11.41765937773982,10.495105691714976,0.9225536860248447,full_anomaly_persistence,1.0,1.0,False,True,10,2008|2009|2010|2011|2012|2013|2014|2015|2016|2017,4806172ea1f58634e474f82b5184045d210f91e5d2ac7c5e2499cc4fe4d797ab,2018-07-29,2018-08-27,30,18.749361813405798,17.826808127380954,10,2008|2009|2010|2011|2012|2013|2014|2015|2016|2017,observation_time_proxy,historical data_available_time is unknown; observation_time is a pseudo-operational proxy
2018-09-04T00:00:00+00:00,2018-09-03,windermere,south,water_temperature,2.0,degC,month_1,2018-09-04,2018-10-03,16.478416631731914,15.725159343055555,0.7532572886763589,full_anomaly_persistence,1.0,1.0,False,True,10,2008|2009|2010|2011|2012|2013|2014|2015|2016|2017,bf8ee80ef72652ff0f8cf39a8b722772d68ba757c82d0dd5e9d2ee78048cfae0,2018-08-05,2018-09-03,30,18.27528306466842,17.522025775992063,10,2008|2009|2010|2011|2012|2013|2014|2015|2016|2017,observation_time_proxy,historical data_available_time is unknown; observation_time is a pseudo-operational proxy
2018-09-04T00:00:00+00:00,2018-09-03,windermere,south,water_temperature,2.0,degC,month_2,2018-10-04,2018-11-02,13.580109860113557,12.826852571437199,0.7532572886763589,full_anomaly_persistence,1.0,1.0,False,True,10,2008|2009|2010|2011|2012|2013|2014|2015|2016|2017,6336b2abb9ab040338607bc1c398cd85173df9b4acb29166b6ad00ad1907f793,2018-08-05,2018-09-03,30,18.27528306466842,17.522025775992063,10,2008|2009|2010|2011|2012|2013|2014|2015|2016|2017,observation_time_proxy,historical data_available_time is unknown; observation_time is a pseudo-operational proxy
2018-09-04T00:00:00+00:00,2018-09-03,windermere,south,water_temperature,2.0,degC,month_3,2018-11-03,2018-12-02,10.547463743815248,9.79420645513889,0.7532572886763589,full_anomaly_persistence,1.0,1.0,False,True,10,2008|2009|2010|2011|2012|2013|2014|2015|2016|2017,8dd96fa66704d837e4c76903ea8fd50ac790e560f38523888b32f26f603bee9a,2018-08-05,2018-09-03,30,18.27528306466842,17.522025775992063,10,2008|2009|2010|2011|2012|2013|2014|2015|2016|2017,observation_time_proxy,historical data_available_time is unknown; observation_time is a pseudo-operational proxy
2018-09-11T00:00:00+00:00,2018-09-10,windermere,south,water_temperature,2.0,degC,month_1,2018-09-11,2018-10-10,15.653812556335087,15.104099111111111,0.5497134452239756,full_anomaly_persistence,1.0,1.0,False,True,10,2008|2009|2010|2011|2012|2013|2014|2015|2016|2017,1ca9514dd4347b5273164d49f5be98bc16d6a7a19646f3616a5a97e799b6431e,2018-08-12,2018-09-10,30,17.76392035633509,17.214206911111113,10,2008|2009|2010|2011|2012|2013|2014|2015|2016|2017,observation_time_proxy,historical data_available_time is unknown; observation_time is a pseudo-operational proxy
2018-09-11T00:00:00+00:00,2018-09-10,windermere,south,water_temperature,2.0,degC,month_2,2018-10-11,2018-11-09,12.655548810411174,12.105835365187199,0.5497134452239756,full_anomaly_persistence,1.0,1.0,False,True,10,2008|2009|2010|2011|2012|2013|2014|2015|2016|2017,5c311d7424965e7ba0b2e5e9f4fa1827deeb1ac1b9747cba8b2c30acdafaecfb,2018-08-12,2018-09-10,30,17.76392035633509,17.214206911111113,10,2008|2009|2010|2011|2012|2013|2014|2015|2016|2017,observation_time_proxy,historical data_available_time is unknown; observation_time is a pseudo-operational proxy
2018-09-11T00:00:00+00:00,2018-09-10,windermere,south,water_temperature,2.0,degC,month_3,2018-11-10,2018-12-09,9.63451078073726,9.084797335513285,0.5497134452239756,full_anomaly_persistence,1.0,1.0,False,True,10,2008|2009|2010|2011|2012|2013|2014|2015|2016|2017,d9721e90eabdccc1f220145283988603dd318750fc95b918bdf1e3d4d78dc793,2018-08-12,2018-09-10,30,17.76392035633509,17.214206911111113,10,2008|2009|2010|2011|2012|2013|2014|2015|2016|2017,observation_time_proxy,historical data_available_time is unknown; observation_time is a pseudo-operational proxy
2018-09-18T00:00:00+00:00,2018-09-17,windermere,south,water_temperature,2.0,degC,month_1,2018-09-18,2018-10-17,14.711206902168422,14.446916180555556,0.26429072161286626,full_anomaly_persistence,1.0,1.0,False,True,10,2008|2009|2010|2011|2012|2013|2014|2015|2016|2017,609bdb5b43c18199a1bd7cf3bbb67d512f64ca66b49de057934dd5f1827e1279,2018-08-19,2018-09-17,30,17.1027122174462,16.838421495833334,10,2008|2009|2010|2011|2012|2013|2014|2015|2016|2017,observation_time_proxy,historical data_available_time is unknown; observation_time is a pseudo-operational proxy
2018-09-18T00:00:00+00:00,2018-09-17,windermere,south,water_temperature,2.0,degC,month_2,2018-10-18,2018-11-16,11.64108961610562,11.376798894492754,0.26429072161286626,full_anomaly_persistence,1.0,1.0,False,True,10,2008|2009|2010|2011|2012|2013|2014|2015|2016|2017,5f090501b203fb74ed93bce250a02155256988553f54438d96f4c13e4791f5d2,2018-08-19,2018-09-17,30,17.1027122174462,16.838421495833334,10,2008|2009|2010|2011|2012|2013|2014|2015|2016|2017,observation_time_proxy,historical data_available_time is unknown; observation_time is a pseudo-operational proxy
2018-09-18T00:00:00+00:00,2018-09-17,windermere,south,water_temperature,2.0,degC,month_3,2018-11-17,2018-12-16,8.66716970462615,8.402878983013284,0.26429072161286626,full_anomaly_persistence,1.0,1.0,False,True,10,2008|2009|2010|2011|2012|2013|2014|2015|2016|2017,252ad8b310e7f0178c3b00f780c46f6cb17f910bd184c7c73a144b153b7f3c59,2018-08-19,2018-09-17,30,17.1027122174462,16.838421495833334,10,2008|2009|2010|2011|2012|2013|2014|2015|2016|2017,observation_time_proxy,historical data_available_time is unknown; observation_time is a pseudo-operational proxy
2018-09-25T00:00:00+00:00,2018-09-24,windermere,south,water_temperature,2.0,degC,month_1,2018-09-25,2018-10-24,13.722213717808518,13.758269909722223,-0.036056191913704794,full_anomaly_persistence,1.0,1.0,False,True,10,2008|2009|2010|2011|2012|2013|2014|2015|2016|2017,cb190ce8b4cc2b010155ff320355309605d8bfeabfc2fb46b72c58c08145884a,2018-08-26,2018-09-24,30,16.35699947891963,16.393055670833334,10,2008|2009|2010|2011|2012|2013|2014|2015|2016|2017,observation_time_proxy,historical data_available_time is unknown; observation_time is a pseudo-operational proxy
2018-09-25T00:00:00+00:00,2018-09-24,windermere,south,water_temperature,2.0,degC,month_2,2018-10-25,2018-11-23,10.651780817717938,10.687837009631643,-0.036056191913704794,full_anomaly_persistence,1.0,1.0,False,True,10,2008|2009|2010|2011|2012|2013|2014|2015|2016|2017,ad4743fe59ec117e1ba83aadd6627355d181d5cb42a78fa725fa67f985357c4d,2018-08-26,2018-09-24,30,16.35699947891963,16.393055670833334,10,2008|2009|2010|2011|2012|2013|2014|2015|2016|2017,observation_time_proxy,historical data_available_time is unknown; observation_time is a pseudo-operational proxy
2018-09-25T00:00:00+00:00,2018-09-24,windermere,south,water_temperature,2.0,degC,month_3,2018-11-24,2018-12-23,7.722328426377358,7.758384618291063,-0.036056191913704794,full_anomaly_persistence,1.0,1.0,False,True,10,2008|2009|2010|2011|2012|2013|2014|2015|2016|2017,7d2ae9ff3d17249fdf5f9676b531d1e219ea348a095aca78bd4b67703c213521,2018-08-26,2018-09-24,30,16.35699947891963,16.393055670833334,10,2008|2009|2010|2011|2012|2013|2014|2015|2016|2017,observation_time_proxy,historical data_available_time is unknown; observation_time is a pseudo-operational proxy
2018-10-02T00:00:00+00:00,2018-10-01,windermere,south,water_temperature,2.0,degC,month_1,2018-10-02,2018-10-31,12.700919971168204,13.033201039492754,-0.3322810683245496,full_anomaly_persistence,1.0,1.0,False,True,10,2008|2009|2010|2011|2012|2013|2014|2015|2016|2017,d4547eb5b893c36d14eeb3e246dd68c7c19203642d38a6144ec5843d29e6c86d,2018-09-02,2018-10-01,30,15.54962603167545,15.8819071,10,2008|2009|2010|2011|2012|2013|2014|2015|2016|2017,observation_time_proxy,historical data_available_time is unknown; observation_time is a pseudo-operational proxy
2018-10-02T00:00:00+00:00,2018-10-01,windermere,south,water_temperature,2.0,degC,month_2,2018-11-01,2018-11-30,9.66820187806434,10.000482946388889,-0.3322810683245496,full_anomaly_persistence,1.0,1.0,False,True,10,2008|2009|2010|2011|2012|2013|2014|2015|2016|2017,baa1e74686fe956884c55f5750fda5fd33e585f843be8851eb9992dc7e74dd52,2018-09-02,2018-10-01,30,15.54962603167545,15.8819071,10,2008|2009|2010|2011|2012|2013|2014|2015|2016|2017,observation_time_proxy,historical data_available_time is unknown; observation_time is a pseudo-operational proxy
2018-10-02T00:00:00+00:00,2018-10-01,windermere,south,water_temperature,2.0,degC,month_3,2018-12-01,2018-12-30,6.867729180522069,7.200010248846619,-0.3322810683245496,full_anomaly_persistence,1.0,1.0,False,True,10,2008|2009|2010|2011|2012|2013|2014|2015|2016|2017,fa5a154df75de59a946c675ac29e4fd49e50812e715e3560aefbb8585a97e8ef,2018-09-02,2018-10-01,30,15.54962603167545,15.8819071,10,2008|2009|2010|2011|2012|2013|2014|2015|2016|2017,observation_time_proxy,historical data_available_time is unknown; observation_time is a pseudo-operational proxy
2018-10-09T00:00:00+00:00,2018-10-08,windermere,south,water_temperature,2.0,degC,month_1,2018-10-09,2018-11-07,11.615665054918205,12.316127106576086,-0.7004620516578814,full_anomaly_persistence,1.0,1.0,False,True,10,2008|2009|2010|2011|2012|2013|2014|2015|2016|2017,ba8d319099adcb374feb3a996fbf82004e7c33dfcf0fc2ffd39c4299eaf3d27d,2018-09-09,2018-10-08,30,14.584305490008784,15.284767541666666,10,2008|2009|2010|2011|2012|2013|2014|2015|2016|2017,observation_time_proxy,historical data_available_time is unknown; observation_time is a pseudo-operational proxy
2018-10-09T00:00:00+00:00,2018-10-08,windermere,south,water_temperature,2.0,degC,month_2,2018-11-08,2018-12-07,8.58254824177207,9.283010293429951,-0.7004620516578814,full_anomaly_persistence,1.0,1.0,False,True,10,2008|2009|2010|2011|2012|2013|2014|2015|2016|2017,798990d8ae209fd46c837f78ad4540015e99ffb8427de98357b50e516d924c14,2018-09-09,2018-10-08,30,14.584305490008784,15.284767541666666,10,2008|2009|2010|2011|2012|2013|2014|2015|2016|2017,observation_time_proxy,historical data_available_time is unknown; observation_time is a pseudo-operational proxy
2018-10-09T00:00:00+00:00,2018-10-08,windermere,south,water_temperature,2.0,degC,month_3,2018-12-08,2019-01-06,6.0362378578630524,6.736699909520934,-0.7004620516578814,full_anomaly_persistence,1.0,1.0,False,True,9,2008|2009|2010|2011|2012|2013|2014|2015|2016,c0c8a526339fe04e4029159035e383dbbdd506a38711540616166987293af66c,2018-09-09,2018-10-08,30,14.584305490008784,15.284767541666666,10,2008|2009|2010|2011|2012|2013|2014|2015|2016|2017,observation_time_proxy,historical data_available_time is unknown; observation_time is a pseudo-operational proxy
2018-10-16T00:00:00+00:00,2018-10-15,windermere,south,water_temperature,2.0,degC,month_1,2018-10-16,2018-11-14,10.730012016307093,11.581122291576087,-0.8511102752689936,full_anomaly_persistence,1.0,1.0,False,True,10,2008|2009|2010|2011|2012|2013|2014|2015|2016|2017,1fa7bf0633a12d566704ddb9446a4dac249743febf45bd2d8ca8fffe858bcf8e,2018-09-16,2018-10-15,30,13.782837476119894,14.633947751388888,10,2008|2009|2010|2011|2012|2013|2014|2015|2016|2017,observation_time_proxy,historical data_available_time is unknown; observation_time is a pseudo-operational proxy
2018-10-16T00:00:00+00:00,2018-10-15,windermere,south,water_temperature,2.0,degC,month_2,2018-11-15,2018-12-14,7.747035095938736,8.59814537120773,-0.8511102752689936,full_anomaly_persistence,1.0,1.0,False,True,10,2008|2009|2010|2011|2012|2013|2014|2015|2016|2017,441f0599ead19d5954e9d5aec69f8d0d6875da3cd659360340f53a041a93b7ae,2018-09-16,2018-10-15,30,13.782837476119894,14.633947751388888,10,2008|2009|2010|2011|2012|2013|2014|2015|2016|2017,observation_time_proxy,historical data_available_time is unknown; observation_time is a pseudo-operational proxy
2018-10-16T00:00:00+00:00,2018-10-15,windermere,south,water_temperature,2.0,degC,month_3,2018-12-15,2019-01-13,5.509979618048236,6.36108989331723,-0.8511102752689936,full_anomaly_persistence,1.0,1.0,False,True,9,2008|2009|2010|2011|2012|2013|2014|2015|2016,34ac8ab8b7f86a789551de326ea46b795a67c24b6321db2a93d158ef82c28708,2018-09-16,2018-10-15,30,13.782837476119894,14.633947751388888,10,2008|2009|2010|2011|2012|2013|2014|2015|2016|2017,observation_time_proxy,historical data_available_time is unknown; observation_time is a pseudo-operational proxy
2018-10-23T00:00:00+00:00,2018-10-22,windermere,south,water_temperature,2.0,degC,month_1,2018-10-23,2018-11-21,10.039294065528107,10.87983001754831,-0.8405359520202023,full_anomaly_persistence,1.0,1.0,False,True,10,2008|2009|2010|2011|2012|2013|2014|2015|2016|2017,c40078835fde5da59d90c00424af0aabdd5c751b22d99b439789792ab4e0b63e,2018-09-23,2018-10-22,30,13.118444631313132,13.958980583333334,10,2008|2009|2010|2011|2012|2013|2014|2015|2016|2017,observation_time_proxy,historical data_available_time is unknown; observation_time is a pseudo-operational proxy
2018-10-23T00:00:00+00:00,2018-10-22,windermere,south,water_temperature,2.0,degC,month_2,2018-11-22,2018-12-21,7.096776350159749,7.937312302179952,-0.8405359520202023,full_anomaly_persistence,1.0,1.0,False,True,10,2008|2009|2010|2011|2012|2013|2014|2015|2016|2017,2c19185c31cbd54a596408f540d3efa77166d03526ebd09744da2daa22be3f2d,2018-09-23,2018-10-22,30,13.118444631313132,13.958980583333334,10,2008|2009|2010|2011|2012|2013|2014|2015|2016|2017,observation_time_proxy,historical data_available_time is unknown; observation_time is a pseudo-operational proxy
2018-10-23T00:00:00+00:00,2018-10-22,windermere,south,water_temperature,2.0,degC,month_3,2018-12-22,2019-01-20,5.194776312560255,6.035312264580457,-0.8405359520202023,full_anomaly_persistence,1.0,1.0,False,True,9,2008|2009|2010|2011|2012|2013|2014|2015|2016,7835d296465097b40316ce35147799cd5f5e13182863601f2805d1e534b1b597,2018-09-23,2018-10-22,30,13.118444631313132,13.958980583333334,10,2008|2009|2010|2011|2012|2013|2014|2015|2016|2017,observation_time_proxy,historical data_available_time is unknown; observation_time is a pseudo-operational proxy
2018-10-30T00:00:00+00:00,2018-10-29,windermere,south,water_temperature,2.0,degC,month_1,2018-10-30,2018-11-28,9.505003520881642,10.20059658615942,-0.6955930652777784,full_anomaly_persistence,1.0,1.0,False,True,10,2008|2009|2010|2011|2012|2013|2014|2015|2016|2017,a67388f88a86f963ea95e605fc672852a74f01a41033d02ff29e36b54b7685f1,2018-09-30,2018-10-29,30,12.550447013888888,13.246040079166667,10,2008|2009|2010|2011|2012|2013|2014|2015|2016|2017,observation_time_proxy,historical data_available_time is unknown; observation_time is a pseudo-operational proxy
2018-10-30T00:00:00+00:00,2018-10-29,windermere,south,water_temperature,2.0,degC,month_2,2018-11-29,2018-12-28,6.654100171485506,7.349693236763285,-0.6955930652777784,full_anomaly_persistence,1.0,1.0,False,True,10,2008|2009|2010|2011|2012|2013|2014|2015|2016|2017,441bdb31ba78b8d444ae36a8d49156af1f7246c63c948ab2c6729fe0896d69de,2018-09-30,2018-10-29,30,12.550447013888888,13.246040079166667,10,2008|2009|2010|2011|2012|2013|2014|2015|2016|2017,observation_time_proxy,historical data_available_time is unknown; observation_time is a pseudo-operational proxy
2018-10-30T00:00:00+00:00,2018-10-29,windermere,south,water_temperature,2.0,degC,month_3,2018-12-29,2019-01-27,5.02394095156238,5.719534016840158,-0.6955930652777784,full_anomaly_persistence,1.0,1.0,False,True,9,2008|2009|2010|2011|2012|2013|2014|2015|2016,577d3732e83f1b1d42da2a8f83225e69d3ae3ca4f28161a2fe3b0491abfe6c43,2018-09-30,2018-10-29,30,12.550447013888888,13.246040079166667,10,2008|2009|2010|2011|2012|2013|2014|2015|2016|2017,observation_time_proxy,historical data_available_time is unknown; observation_time is a pseudo-operational proxy
2018-11-06T00:00:00+00:00,2018-11-05,windermere,south,water_temperature,2.0,degC,month_1,2018-11-06,2018-12-05,8.844450362964976,9.48432085870773,-0.6398704957427537,full_anomaly_persistence,1.0,1.0,False,True,10,2008|2009|2010|2011|2012|2013|2014|2015|2016|2017,d3b7549fe6c396eb06938f6b197144f33d106342d767cabf4847b8d793e4c7a0,2018-10-07,2018-11-05,30,11.88411125,12.523981745742754,10,2008|2009|2010|2011|2012|2013|2014|2015|2016|2017,observation_time_proxy,historical data_available_time is unknown; observation_time is a pseudo-operational proxy
2018-11-06T00:00:00+00:00,2018-11-05,windermere,south,water_temperature,2.0,degC,month_2,2018-12-06,2019-01-04,6.2188780136238595,6.858748509366613,-0.6398704957427537,full_anomaly_persistence,1.0,1.0,False,True,9,2008|2009|2010|2011|2012|2013|2014|2015|2016,f9b6a7fc91e49d1ffae81687984ddfbd4b524490a40caa50a00a6629c592ad61,2018-10-07,2018-11-05,30,11.88411125,12.523981745742754,10,2008|2009|2010|2011|2012|2013|2014|2015|2016|2017,observation_time_proxy,historical data_available_time is unknown; observation_time is a pseudo-operational proxy
2018-11-06T00:00:00+00:00,2018-11-05,windermere,south,water_temperature,2.0,degC,month_3,2019-01-05,2019-02-03,4.80720348462431,5.447073980367064,-0.6398704957427537,full_anomaly_persistence,1.0,1.0,False,True,10,2008|2009|2010|2011|2012|2013|2014|2015|2016|2017,d2a032ebaee2956f19e4bae5414d1752318678f6b9c85bf5175ce24a73017e67,2018-10-07,2018-11-05,30,11.88411125,12.523981745742754,10,2008|2009|2010|2011|2012|2013|2014|2015|2016|2017,observation_time_proxy,historical data_available_time is unknown; observation_time is a pseudo-operational proxy
2018-11-13T00:00:00+00:00,2018-11-12,windermere,south,water_temperature,2.0,degC,month_1,2018-11-13,2018-12-12,8.241778450048308,8.791323161485508,-0.5495447114371999,full_anomaly_persistence,1.0,1.0,False,True,10,2008|2009|2010|2011|2012|2013|2014|2015|2016|2017,54c6f48138d3b37f3bf21c5dc9d085806677135c3f626d40283b423722d2f3ba,2018-10-14,2018-11-12,30,11.241277375,11.790822086437199,10,2008|2009|2010|2011|2012|2013|2014|2015|2016|2017,observation_time_proxy,historical data_available_time is unknown; observation_time is a pseudo-operational proxy
2018-11-13T00:00:00+00:00,2018-11-12,windermere,south,water_temperature,2.0,degC,month_2,2018-12-13,2019-01-11,5.911638535120772,6.4611832465579715,-0.5495447114371999,full_anomaly_persistence,1.0,1.0,False,True,9,2008|2009|2010|2011|2012|2013|2014|2015|2016,5538d998594bbb4696f5594c42ea42ebbbfbfc7f4a5ff1731311d701bfe8c593,2018-10-14,2018-11-12,30,11.241277375,11.790822086437199,10,2008|2009|2010|2011|2012|2013|2014|2015|2016|2017,observation_time_proxy,historical data_available_time is unknown; observation_time is a pseudo-operational proxy
2018-11-13T00:00:00+00:00,2018-11-12,windermere,south,water_temperature,2.0,degC,month_3,2019-01-12,2019-02-10,4.6744106585942875,5.223955370031487,-0.5495447114371999,full_anomaly_persistence,1.0,1.0,False,True,10,2008|2009|2010|2011|2012|2013|2014|2015|2016|2017,5424c2e4c41b7c44465c9f187d3e896146eb49168a87a458116675d0e0869e8f,2018-10-14,2018-11-12,30,11.241277375,11.790822086437199,10,2008|2009|2010|2011|2012|2013|2014|2015|2016|2017,observation_time_proxy,historical data_available_time is unknown; observation_time is a pseudo-operational proxy
2018-11-20T00:00:00+00:00,2018-11-19,windermere,south,water_temperature,2.0,degC,month_1,2018-11-20,2018-12-19,7.622605335742753,8.120909451346618,-0.4983041156038652,full_anomaly_persistence,1.0,1.0,False,True,10,2008|2009|2010|2011|2012|2013|2014|2015|2016|2017,2027a9debb1ab35a53183e5c6c1c96aec6eb7c28331c56db66141c6bd519ee56,2018-10-21,2018-11-19,30,10.577312069444444,11.07561618504831,10,2008|2009|2010|2011|2012|2013|2014|2015|2016|2017,observation_time_proxy,historical data_available_time is unknown; observation_time is a pseudo-operational proxy
2018-11-20T00:00:00+00:00,2018-11-19,windermere,south,water_temperature,2.0,degC,month_2,2018-12-20,2019-01-18,5.62822520657139,6.126529322175255,-0.4983041156038652,full_anomaly_persistence,1.0,1.0,False,True,9,2008|2009|2010|2011|2012|2013|2014|2015|2016,5b802420ec87b3e3925f95b5d1867a521c9bcabd70262f8bea4ded42385b931e,2018-10-21,2018-11-19,30,10.577312069444444,11.07561618504831,10,2008|2009|2010|2011|2012|2013|2014|2015|2016|2017,observation_time_proxy,historical data_available_time is unknown; observation_time is a pseudo-operational proxy
2018-11-20T00:00:00+00:00,2018-11-19,windermere,south,water_temperature,2.0,degC,month_3,2019-01-19,2019-02-17,4.5366818560446855,5.034985971648551,-0.4983041156038652,full_anomaly_persistence,1.0,1.0,False,True,10,2008|2009|2010|2011|2012|2013|2014|2015|2016|2017,b274ac80069debd166928b82abe1515a287e5e402f8b2e2a106fcb1787808574,2018-10-21,2018-11-19,30,10.577312069444444,11.07561618504831,10,2008|2009|2010|2011|2012|2013|2014|2015|2016|2017,observation_time_proxy,historical data_available_time is unknown; observation_time is a pseudo-operational proxy
2018-11-27T00:00:00+00:00,2018-11-26,windermere,south,water_temperature,2.0,degC,month_1,2018-11-27,2018-12-26,6.984003681298309,7.505921890374396,-0.5219182090760874,full_anomaly_persistence,1.0,1.0,False,True,10,2008|2009|2010|2011|2012|2013|2014|2015|2016|2017,edfe5d73619767519800e486311d84dac1d2d008f07c917d7faf94faddc5a5da,2018-10-28,2018-11-26,30,9.876890041666666,10.398808250742754,10,2008|2009|2010|2011|2012|2013|2014|2015|2016|2017,observation_time_proxy,historical data_available_time is unknown; observation_time is a pseudo-operational proxy
2018-11-27T00:00:00+00:00,2018-11-26,windermere,south,water_temperature,2.0,degC,month_2,2018-12-27,2019-01-25,5.283722041350932,5.805640250427019,-0.5219182090760874,full_anomaly_persistence,1.0,1.0,False,True,9,2008|2009|2010|2011|2012|2013|2014|2015|2016,c336d7b979852fda78f0264719e8b16803f4b3af0cf800849d0e682c22174325,2018-10-28,2018-11-26,30,9.876890041666666,10.398808250742754,10,2008|2009|2010|2011|2012|2013|2014|2015|2016|2017,observation_time_proxy,historical data_available_time is unknown; observation_time is a pseudo-operational proxy
2018-11-27T00:00:00+00:00,2018-11-26,windermere,south,water_temperature,2.0,degC,month_3,2019-01-26,2019-02-24,4.377111143683575,4.899029352759662,-0.5219182090760874,full_anomaly_persistence,1.0,1.0,False,True,10,2008|2009|2010|2011|2012|2013|2014|2015|2016|2017,3c4e384dcaa5ca61919ef1eb624ce16a56ff63c4bad22a1db369c3656bb0b31d,2018-10-28,2018-11-26,30,9.876890041666666,10.398808250742754,10,2008|2009|2010|2011|2012|2013|2014|2015|2016|2017,observation_time_proxy,historical data_available_time is unknown; observation_time is a pseudo-operational proxy
2018-12-04T00:00:00+00:00,2018-12-03,windermere,south,water_temperature,2.0,degC,month_1,2018-12-04,2019-01-02,6.6478008554166665,6.995963090096619,-0.3481622346799522,full_anomaly_persistence,1.0,1.0,False,True,10,2008|2009|2010|2011|2012|2013|2014|2015|2016|2017,b529f51180cb4d91b47ffc95343044f384ad04f508aa778ada2de1fa9f1867aa,2018-11-04,2018-12-03,30,9.34355123611111,9.691713470791063,10,2008|2009|2010|2011|2012|2013|2014|2015|2016|2017,observation_time_proxy,historical data_available_time is unknown; observation_time is a pseudo-operational proxy
2018-12-04T00:00:00+00:00,2018-12-03,windermere,south,water_temperature,2.0,degC,month_2,2019-01-03,2019-02-01,5.170424885806159,5.518587120486111,-0.3481622346799522,full_anomaly_persistence,1.0,1.0,False,True,10,2008|2009|2010|2011|2012|2013|2014|2015|2016|2017,ecd557727c1ed98927bd24acc0e043b62cdb6705abbc37ccdcefa130dfa7682f,2018-11-04,2018-12-03,30,9.34355123611111,9.691713470791063,10,2008|2009|2010|2011|2012|2013|2014|2015|2016|2017,observation_time_proxy,historical data_available_time is unknown; observation_time is a pseudo-operational proxy
2018-12-04T00:00:00+00:00,2018-12-03,windermere,south,water_temperature,2.0,degC,month_3,2019-02-02,2019-03-03,4.490250352940821,4.838412587620773,-0.3481622346799522,full_anomaly_persistence,1.0,1.0,False,True,10,2008|2009|2010|2011|2012|2013|2014|2015|2016|2017,351907c23258a05dbcd55f00188f2c4cf18179c2a5eb875d5f9f13f73f7ac905,2018-11-04,2018-12-03,30,9.34355123611111,9.691713470791063,10,2008|2009|2010|2011|2012|2013|2014|2015|2016|2017,observation_time_proxy,historical data_available_time is unknown; observation_time is a pseudo-operational proxy
2018-12-11T00:00:00+00:00,2018-12-10,windermere,south,water_temperature,2.0,degC,month_1,2018-12-11,2019-01-09,6.437362248652711,6.56816904486044,-0.13080679620772884,full_anomaly_persistence,1.0,1.0,False,True,9,2008|2009|2010|2011|2012|2013|2014|2015|2016,dbb0fe60c06b80ccdb08b3c72b5a34b8b5d17316a4de36fd4c376d7ebc62fb73,2018-11-11,2018-12-10,30,8.855526138888889,8.986332935096618,10,2008|2009|2010|2011|2012|2013|2014|2015|2016|2017,observation_time_proxy,historical data_available_time is unknown; observation_time is a pseudo-operational proxy
2018-12-11T00:00:00+00:00,2018-12-10,windermere,south,water_temperature,2.0,degC,month_2,2019-01-10,2019-02-08,5.151218408881557,5.282025205089286,-0.13080679620772884,full_anomaly_persistence,1.0,1.0,False,True,10,2008|2009|2010|2011|2012|2013|2014|2015|2016|2017,9e6c2c0a31dfd4b92b8f92879b2e941a4233061fa5ae3eec1514d8e7164206ee,2018-11-11,2018-12-10,30,8.855526138888889,8.986332935096618,10,2008|2009|2010|2011|2012|2013|2014|2015|2016|2017,observation_time_proxy,historical data_available_time is unknown; observation_time is a pseudo-operational proxy
2018-12-11T00:00:00+00:00,2018-12-10,windermere,south,water_temperature,2.0,degC,month_3,2019-02-09,2019-03-10,4.7257877619686,4.856594558176329,-0.13080679620772884,full_anomaly_persistence,1.0,1.0,False,True,10,2008|2009|2010|2011|2012|2013|2014|2015|2016|2017,3c3b6c5901ca5d18307896ee68a1386c743b3489928fb7e77b797cff1a4468b5,2018-11-11,2018-12-10,30,8.855526138888889,8.986332935096618,10,2008|2009|2010|2011|2012|2013|2014|2015|2016|2017,observation_time_proxy,historical data_available_time is unknown; observation_time is a pseudo-operational proxy
2018-12-18T00:00:00+00:00,2018-12-17,windermere,south,water_temperature,2.0,degC,month_1,2018-12-18,2019-01-16,6.265041806276168,6.216389875261674,0.0486519310144935,full_anomaly_persistence,1.0,1.0,False,True,9,2008|2009|2010|2011|2012|2013|2014|2015|2016,46019a503c5d1e151860eba481b7afebeb93ea949c00b3be436cfb95d9ed0457,2018-11-18,2018-12-17,30,8.356464527777778,8.307812596763284,10,2008|2009|2010|2011|2012|2013|2014|2015|2016|2017,observation_time_proxy,historical data_available_time is unknown; observation_time is a pseudo-operational proxy
2018-12-18T00:00:00+00:00,2018-12-17,windermere,south,water_temperature,2.0,degC,month_2,2019-01-17,2019-02-15,5.129427936472568,5.080776005458074,0.0486519310144935,full_anomaly_persistence,1.0,1.0,False,True,10,2008|2009|2010|2011|2012|2013|2014|2015|2016|2017,c7859ef1aa293b2740218be7874a5b5242a6b87c1c2abdd1c8666facbdd5ae79,2018-11-18,2018-12-17,30,8.356464527777778,8.307812596763284,10,2008|2009|2010|2011|2012|2013|2014|2015|2016|2017,observation_time_proxy,historical data_available_time is unknown; observation_time is a pseudo-operational proxy
2018-12-18T00:00:00+00:00,2018-12-17,windermere,south,water_temperature,2.0,degC,month_3,2019-02-16,2019-03-17,5.019436722542271,4.970784791527778,0.0486519310144935,full_anomaly_persistence,1.0,1.0,False,True,10,2008|2009|2010|2011|2012|2013|2014|2015|2016|2017,495a51b1a08c6fe02581428768f46e1c78933addc85fbab997540315b8c67e4e,2018-11-18,2018-12-17,30,8.356464527777778,8.307812596763284,10,2008|2009|2010|2011|2012|2013|2014|2015|2016|2017,observation_time_proxy,historical data_available_time is unknown; observation_time is a pseudo-operational proxy
2018-12-25T00:00:00+00:00,2018-12-24,windermere,south,water_temperature,2.0,degC,month_1,2018-12-25,2019-01-23,6.105028268919465,5.894981731654973,0.21004653726449263,full_anomaly_persistence,1.0,1.0,False,True,9,2008|2009|2010|2011|2012|2013|2014|2015|2016,ed43a28685e581c3f57e6b4173206473ceebfd5841b1353f1c6f130474bcffe7,2018-11-25,2018-12-24,30,7.882114486111111,7.672067948846618,10,2008|2009|2010|2011|2012|2013|2014|2015|2016|2017,observation_time_proxy,historical data_available_time is unknown; observation_time is a pseudo-operational proxy
2018-12-25T00:00:00+00:00,2018-12-24,windermere,south,water_temperature,2.0,degC,month_2,2019-01-24,2019-02-22,5.140775507524155,4.930728970259662,0.21004653726449263,full_anomaly_persistence,1.0,1.0,False,True,10,2008|2009|2010|2011|2012|2013|2014|2015|2016|2017,df0702573ed2fa7f67e1871260c3f9b2b2944cac37c46fdc24e73996bf8f14e5,2018-11-25,2018-12-24,30,7.882114486111111,7.672067948846618,10,2008|2009|2010|2011|2012|2013|2014|2015|2016|2017,observation_time_proxy,historical data_available_time is unknown; observation_time is a pseudo-operational proxy
2018-12-25T00:00:00+00:00,2018-12-24,windermere,south,water_temperature,2.0,degC,month_3,2019-02-23,2019-03-24,5.42332446768116,5.213277930416667,0.21004653726449263,full_anomaly_persistence,1.0,1.0,False,True,10,2008|2009|2010|2011|2012|2013|2014|2015|2016|2017,a963e421216dd2e9275a7a82ecf6e51c548e462259300ab322c0fe43ae28e73a,2018-11-25,2018-12-24,30,7.882114486111111,7.672067948846618,10,2008|2009|2010|2011|2012|2013|2014|2015|2016|2017,observation_time_proxy,historical data_available_time is unknown; observation_time is a pseudo-operational proxy
