forecast_issue_time,forecast_state_date,lake_id,basin,variable,depth_m,target_name,target_window_start,target_window_end,predicted_mean_temperature,unit,model_identifier,model_version,is_valid_forecast,n_candidate_previous_years,n_valid_training_years,training_years,training_windows_sha256,historical_window_standard_deviation,availability_mode,availability_assumption
2008-01-08T00:00:00+00:00,2008-01-07,windermere,south,water_temperature,2.0,month_1,2008-01-08,2008-02-06,,degC,expanding_prior_year_window_climatology,1.0,False,0,0,,4f53cda18c2baa0c0354bb5f9a3ecbe5ed12ab4d8e11ba873c2f11161202b945,,observation_time_proxy,historical data_available_time is unknown; observation_time is a pseudo-operational proxy
2008-01-08T00:00:00+00:00,2008-01-07,windermere,south,water_temperature,2.0,month_2,2008-02-07,2008-03-07,,degC,expanding_prior_year_window_climatology,1.0,False,0,0,,4f53cda18c2baa0c0354bb5f9a3ecbe5ed12ab4d8e11ba873c2f11161202b945,,observation_time_proxy,historical data_available_time is unknown; observation_time is a pseudo-operational proxy
2008-01-08T00:00:00+00:00,2008-01-07,windermere,south,water_temperature,2.0,month_3,2008-03-08,2008-04-06,,degC,expanding_prior_year_window_climatology,1.0,False,0,0,,4f53cda18c2baa0c0354bb5f9a3ecbe5ed12ab4d8e11ba873c2f11161202b945,,observation_time_proxy,historical data_available_time is unknown; observation_time is a pseudo-operational proxy
2008-01-15T00:00:00+00:00,2008-01-14,windermere,south,water_temperature,2.0,month_1,2008-01-15,2008-02-13,,degC,expanding_prior_year_window_climatology,1.0,False,0,0,,4f53cda18c2baa0c0354bb5f9a3ecbe5ed12ab4d8e11ba873c2f11161202b945,,observation_time_proxy,historical data_available_time is unknown; observation_time is a pseudo-operational proxy
2008-01-15T00:00:00+00:00,2008-01-14,windermere,south,water_temperature,2.0,month_2,2008-02-14,2008-03-14,,degC,expanding_prior_year_window_climatology,1.0,False,0,0,,4f53cda18c2baa0c0354bb5f9a3ecbe5ed12ab4d8e11ba873c2f11161202b945,,observation_time_proxy,historical data_available_time is unknown; observation_time is a pseudo-operational proxy
2008-01-15T00:00:00+00:00,2008-01-14,windermere,south,water_temperature,2.0,month_3,2008-03-15,2008-04-13,,degC,expanding_prior_year_window_climatology,1.0,False,0,0,,4f53cda18c2baa0c0354bb5f9a3ecbe5ed12ab4d8e11ba873c2f11161202b945,,observation_time_proxy,historical data_available_time is unknown; observation_time is a pseudo-operational proxy
2008-01-22T00:00:00+00:00,2008-01-21,windermere,south,water_temperature,2.0,month_1,2008-01-22,2008-02-20,,degC,expanding_prior_year_window_climatology,1.0,False,0,0,,4f53cda18c2baa0c0354bb5f9a3ecbe5ed12ab4d8e11ba873c2f11161202b945,,observation_time_proxy,historical data_available_time is unknown; observation_time is a pseudo-operational proxy
2008-01-22T00:00:00+00:00,2008-01-21,windermere,south,water_temperature,2.0,month_2,2008-02-21,2008-03-21,,degC,expanding_prior_year_window_climatology,1.0,False,0,0,,4f53cda18c2baa0c0354bb5f9a3ecbe5ed12ab4d8e11ba873c2f11161202b945,,observation_time_proxy,historical data_available_time is unknown; observation_time is a pseudo-operational proxy
2008-01-22T00:00:00+00:00,2008-01-21,windermere,south,water_temperature,2.0,month_3,2008-03-22,2008-04-20,,degC,expanding_prior_year_window_climatology,1.0,False,0,0,,4f53cda18c2baa0c0354bb5f9a3ecbe5ed12ab4d8e11ba873c2f11161202b945,,observation_time_proxy,historical data_available_time is unknown; observation_time is a pseudo-operational proxy
2008-01-29T00:00:00+00:00,2008-01-28,windermere,south,water_temperature,2.0,month_1,2008-01-29,2008-02-27,,degC,expanding_prior_year_window_climatology,1.0,False,0,0,,4f53cda18c2baa0c0354bb5f9a3ecbe5ed12ab4d8e11ba873c2f11161202b945,,observation_time_proxy,historical data_available_time is unknown; observation_time is a pseudo-operational proxy
2008-01-29T00:00:00+00:00,2008-01-28,windermere,south,water_temperature,2.0,month_2,2008-02-28,2008-03-28,,degC,expanding_prior_year_window_climatology,1.0,False,0,0,,4f53cda18c2baa0c0354bb5f9a3ecbe5ed12ab4d8e11ba873c2f11161202b945,,observation_time_proxy,historical data_available_time is unknown; observation_time is a pseudo-operational proxy
2008-01-29T00:00:00+00:00,2008-01-28,windermere,south,water_temperature,2.0,month_3,2008-03-29,2008-04-27,,degC,expanding_prior_year_window_climatology,1.0,False,0,0,,4f53cda18c2baa0c0354bb5f9a3ecbe5ed12ab4d8e11ba873c2f11161202b945,,observation_time_proxy,historical data_available_time is unknown; observation_time is a pseudo-operational proxy
2008-02-05T00:00:00+00:00,2008-02-04,windermere,south,water_temperature,2.0,month_1,2008-02-05,2008-03-05,,degC,expanding_prior_year_window_climatology,1.0,False,0,0,,4f53cda18c2baa0c0354bb5f9a3ecbe5ed12ab4d8e11ba873c2f11161202b945,,observation_time_proxy,historical data_available_time is unknown; observation_time is a pseudo-operational proxy
2008-02-05T00:00:00+00:00,2008-02-04,windermere,south,water_temperature,2.0,month_2,2008-03-06,2008-04-04,,degC,expanding_prior_year_window_climatology,1.0,False,0,0,,4f53cda18c2baa0c0354bb5f9a3ecbe5ed12ab4d8e11ba873c2f11161202b945,,observation_time_proxy,historical data_available_time is unknown; observation_time is a pseudo-operational proxy
2008-02-05T00:00:00+00:00,2008-02-04,windermere,south,water_temperature,2.0,month_3,2008-04-05,2008-05-04,,degC,expanding_prior_year_window_climatology,1.0,False,0,0,,4f53cda18c2baa0c0354bb5f9a3ecbe5ed12ab4d8e11ba873c2f11161202b945,,observation_time_proxy,historical data_available_time is unknown; observation_time is a pseudo-operational proxy
2008-02-12T00:00:00+00:00,2008-02-11,windermere,south,water_temperature,2.0,month_1,2008-02-12,2008-03-12,,degC,expanding_prior_year_window_climatology,1.0,False,0,0,,4f53cda18c2baa0c0354bb5f9a3ecbe5ed12ab4d8e11ba873c2f11161202b945,,observation_time_proxy,historical data_available_time is unknown; observation_time is a pseudo-operational proxy
2008-02-12T00:00:00+00:00,2008-02-11,windermere,south,water_temperature,2.0,month_2,2008-03-13,2008-04-11,,degC,expanding_prior_year_window_climatology,1.0,False,0,0,,4f53cda18c2baa0c0354bb5f9a3ecbe5ed12ab4d8e11ba873c2f11161202b945,,observation_time_proxy,historical data_available_time is unknown; observation_time is a pseudo-operational proxy
2008-02-12T00:00:00+00:00,2008-02-11,windermere,south,water_temperature,2.0,month_3,2008-04-12,2008-05-11,,degC,expanding_prior_year_window_climatology,1.0,False,0,0,,4f53cda18c2baa0c0354bb5f9a3ecbe5ed12ab4d8e11ba873c2f11161202b945,,observation_time_proxy,historical data_available_time is unknown; observation_time is a pseudo-operational proxy
2008-02-19T00:00:00+00:00,2008-02-18,windermere,south,water_temperature,2.0,month_1,2008-02-19,2008-03-19,,degC,expanding_prior_year_window_climatology,1.0,False,0,0,,4f53cda18c2baa0c0354bb5f9a3ecbe5ed12ab4d8e11ba873c2f11161202b945,,observation_time_proxy,historical data_available_time is unknown; observation_time is a pseudo-operational proxy
2008-02-19T00:00:00+00:00,2008-02-18,windermere,south,water_temperature,2.0,month_2,2008-03-20,2008-04-18,,degC,expanding_prior_year_window_climatology,1.0,False,0,0,,4f53cda18c2baa0c0354bb5f9a3ecbe5ed12ab4d8e11ba873c2f11161202b945,,observation_time_proxy,historical data_available_time is unknown; observation_time is a pseudo-operational proxy
2008-02-19T00:00:00+00:00,2008-02-18,windermere,south,water_temperature,2.0,month_3,2008-04-19,2008-05-18,,degC,expanding_prior_year_window_climatology,1.0,False,0,0,,4f53cda18c2baa0c0354bb5f9a3ecbe5ed12ab4d8e11ba873c2f11161202b945,,observation_time_proxy,historical data_available_time is unknown; observation_time is a pseudo-operational proxy
2008-02-26T00:00:00+00:00,2008-02-25,windermere,south,water_temperature,2.0,month_1,2008-02-26,2008-03-26,,degC,expanding_prior_year_window_climatology,1.0,False,0,0,,4f53cda18c2baa0c0354bb5f9a3ecbe5ed12ab4d8e11ba873c2f11161202b945,,observation_time_proxy,historical data_available_time is unknown; observation_time is a pseudo-operational proxy
2008-02-26T00:00:00+00:00,2008-02-25,windermere,south,water_temperature,2.0,month_2,2008-03-27,2008-04-25,,degC,expanding_prior_year_window_climatology,1.0,False,0,0,,4f53cda18c2baa0c0354bb5f9a3ecbe5ed12ab4d8e11ba873c2f11161202b945,,observation_time_proxy,historical data_available_time is unknown; observation_time is a pseudo-operational proxy
2008-02-26T00:00:00+00:00,2008-02-25,windermere,south,water_temperature,2.0,month_3,2008-04-26,2008-05-25,,degC,expanding_prior_year_window_climatology,1.0,False,0,0,,4f53cda18c2baa0c0354bb5f9a3ecbe5ed12ab4d8e11ba873c2f11161202b945,,observation_time_proxy,historical data_available_time is unknown; observation_time is a pseudo-operational proxy
2008-03-04T00:00:00+00:00,2008-03-03,windermere,south,water_temperature,2.0,month_1,2008-03-04,2008-04-02,,degC,expanding_prior_year_window_climatology,1.0,False,0,0,,4f53cda18c2baa0c0354bb5f9a3ecbe5ed12ab4d8e11ba873c2f11161202b945,,observation_time_proxy,historical data_available_time is unknown; observation_time is a pseudo-operational proxy
2008-03-04T00:00:00+00:00,2008-03-03,windermere,south,water_temperature,2.0,month_2,2008-04-03,2008-05-02,,degC,expanding_prior_year_window_climatology,1.0,False,0,0,,4f53cda18c2baa0c0354bb5f9a3ecbe5ed12ab4d8e11ba873c2f11161202b945,,observation_time_proxy,historical data_available_time is unknown; observation_time is a pseudo-operational proxy
2008-03-04T00:00:00+00:00,2008-03-03,windermere,south,water_temperature,2.0,month_3,2008-05-03,2008-06-01,,degC,expanding_prior_year_window_climatology,1.0,False,0,0,,4f53cda18c2baa0c0354bb5f9a3ecbe5ed12ab4d8e11ba873c2f11161202b945,,observation_time_proxy,historical data_available_time is unknown; observation_time is a pseudo-operational proxy
2008-03-11T00:00:00+00:00,2008-03-10,windermere,south,water_temperature,2.0,month_1,2008-03-11,2008-04-09,,degC,expanding_prior_year_window_climatology,1.0,False,0,0,,4f53cda18c2baa0c0354bb5f9a3ecbe5ed12ab4d8e11ba873c2f11161202b945,,observation_time_proxy,historical data_available_time is unknown; observation_time is a pseudo-operational proxy
2008-03-11T00:00:00+00:00,2008-03-10,windermere,south,water_temperature,2.0,month_2,2008-04-10,2008-05-09,,degC,expanding_prior_year_window_climatology,1.0,False,0,0,,4f53cda18c2baa0c0354bb5f9a3ecbe5ed12ab4d8e11ba873c2f11161202b945,,observation_time_proxy,historical data_available_time is unknown; observation_time is a pseudo-operational proxy
2008-03-11T00:00:00+00:00,2008-03-10,windermere,south,water_temperature,2.0,month_3,2008-05-10,2008-06-08,,degC,expanding_prior_year_window_climatology,1.0,False,0,0,,4f53cda18c2baa0c0354bb5f9a3ecbe5ed12ab4d8e11ba873c2f11161202b945,,observation_time_proxy,historical data_available_time is unknown; observation_time is a pseudo-operational proxy
2008-03-18T00:00:00+00:00,2008-03-17,windermere,south,water_temperature,2.0,month_1,2008-03-18,2008-04-16,,degC,expanding_prior_year_window_climatology,1.0,False,0,0,,4f53cda18c2baa0c0354bb5f9a3ecbe5ed12ab4d8e11ba873c2f11161202b945,,observation_time_proxy,historical data_available_time is unknown; observation_time is a pseudo-operational proxy
2008-03-18T00:00:00+00:00,2008-03-17,windermere,south,water_temperature,2.0,month_2,2008-04-17,2008-05-16,,degC,expanding_prior_year_window_climatology,1.0,False,0,0,,4f53cda18c2baa0c0354bb5f9a3ecbe5ed12ab4d8e11ba873c2f11161202b945,,observation_time_proxy,historical data_available_time is unknown; observation_time is a pseudo-operational proxy
2008-03-18T00:00:00+00:00,2008-03-17,windermere,south,water_temperature,2.0,month_3,2008-05-17,2008-06-15,,degC,expanding_prior_year_window_climatology,1.0,False,0,0,,4f53cda18c2baa0c0354bb5f9a3ecbe5ed12ab4d8e11ba873c2f11161202b945,,observation_time_proxy,historical data_available_time is unknown; observation_time is a pseudo-operational proxy
2008-03-25T00:00:00+00:00,2008-03-24,windermere,south,water_temperature,2.0,month_1,2008-03-25,2008-04-23,,degC,expanding_prior_year_window_climatology,1.0,False,0,0,,4f53cda18c2baa0c0354bb5f9a3ecbe5ed12ab4d8e11ba873c2f11161202b945,,observation_time_proxy,historical data_available_time is unknown; observation_time is a pseudo-operational proxy
2008-03-25T00:00:00+00:00,2008-03-24,windermere,south,water_temperature,2.0,month_2,2008-04-24,2008-05-23,,degC,expanding_prior_year_window_climatology,1.0,False,0,0,,4f53cda18c2baa0c0354bb5f9a3ecbe5ed12ab4d8e11ba873c2f11161202b945,,observation_time_proxy,historical data_available_time is unknown; observation_time is a pseudo-operational proxy
2008-03-25T00:00:00+00:00,2008-03-24,windermere,south,water_temperature,2.0,month_3,2008-05-24,2008-06-22,,degC,expanding_prior_year_window_climatology,1.0,False,0,0,,4f53cda18c2baa0c0354bb5f9a3ecbe5ed12ab4d8e11ba873c2f11161202b945,,observation_time_proxy,historical data_available_time is unknown; observation_time is a pseudo-operational proxy
2008-04-01T00:00:00+00:00,2008-03-31,windermere,south,water_temperature,2.0,month_1,2008-04-01,2008-04-30,,degC,expanding_prior_year_window_climatology,1.0,False,0,0,,4f53cda18c2baa0c0354bb5f9a3ecbe5ed12ab4d8e11ba873c2f11161202b945,,observation_time_proxy,historical data_available_time is unknown; observation_time is a pseudo-operational proxy
2008-04-01T00:00:00+00:00,2008-03-31,windermere,south,water_temperature,2.0,month_2,2008-05-01,2008-05-30,,degC,expanding_prior_year_window_climatology,1.0,False,0,0,,4f53cda18c2baa0c0354bb5f9a3ecbe5ed12ab4d8e11ba873c2f11161202b945,,observation_time_proxy,historical data_available_time is unknown; observation_time is a pseudo-operational proxy
2008-04-01T00:00:00+00:00,2008-03-31,windermere,south,water_temperature,2.0,month_3,2008-05-31,2008-06-29,,degC,expanding_prior_year_window_climatology,1.0,False,0,0,,4f53cda18c2baa0c0354bb5f9a3ecbe5ed12ab4d8e11ba873c2f11161202b945,,observation_time_proxy,historical data_available_time is unknown; observation_time is a pseudo-operational proxy
2008-04-08T00:00:00+00:00,2008-04-07,windermere,south,water_temperature,2.0,month_1,2008-04-08,2008-05-07,,degC,expanding_prior_year_window_climatology,1.0,False,0,0,,4f53cda18c2baa0c0354bb5f9a3ecbe5ed12ab4d8e11ba873c2f11161202b945,,observation_time_proxy,historical data_available_time is unknown; observation_time is a pseudo-operational proxy
2008-04-08T00:00:00+00:00,2008-04-07,windermere,south,water_temperature,2.0,month_2,2008-05-08,2008-06-06,,degC,expanding_prior_year_window_climatology,1.0,False,0,0,,4f53cda18c2baa0c0354bb5f9a3ecbe5ed12ab4d8e11ba873c2f11161202b945,,observation_time_proxy,historical data_available_time is unknown; observation_time is a pseudo-operational proxy
2008-04-08T00:00:00+00:00,2008-04-07,windermere,south,water_temperature,2.0,month_3,2008-06-07,2008-07-06,,degC,expanding_prior_year_window_climatology,1.0,False,0,0,,4f53cda18c2baa0c0354bb5f9a3ecbe5ed12ab4d8e11ba873c2f11161202b945,,observation_time_proxy,historical data_available_time is unknown; observation_time is a pseudo-operational proxy
2008-04-15T00:00:00+00:00,2008-04-14,windermere,south,water_temperature,2.0,month_1,2008-04-15,2008-05-14,,degC,expanding_prior_year_window_climatology,1.0,False,0,0,,4f53cda18c2baa0c0354bb5f9a3ecbe5ed12ab4d8e11ba873c2f11161202b945,,observation_time_proxy,historical data_available_time is unknown; observation_time is a pseudo-operational proxy
2008-04-15T00:00:00+00:00,2008-04-14,windermere,south,water_temperature,2.0,month_2,2008-05-15,2008-06-13,,degC,expanding_prior_year_window_climatology,1.0,False,0,0,,4f53cda18c2baa0c0354bb5f9a3ecbe5ed12ab4d8e11ba873c2f11161202b945,,observation_time_proxy,historical data_available_time is unknown; observation_time is a pseudo-operational proxy
2008-04-15T00:00:00+00:00,2008-04-14,windermere,south,water_temperature,2.0,month_3,2008-06-14,2008-07-13,,degC,expanding_prior_year_window_climatology,1.0,False,0,0,,4f53cda18c2baa0c0354bb5f9a3ecbe5ed12ab4d8e11ba873c2f11161202b945,,observation_time_proxy,historical data_available_time is unknown; observation_time is a pseudo-operational proxy
2008-04-22T00:00:00+00:00,2008-04-21,windermere,south,water_temperature,2.0,month_1,2008-04-22,2008-05-21,,degC,expanding_prior_year_window_climatology,1.0,False,0,0,,4f53cda18c2baa0c0354bb5f9a3ecbe5ed12ab4d8e11ba873c2f11161202b945,,observation_time_proxy,historical data_available_time is unknown; observation_time is a pseudo-operational proxy
2008-04-22T00:00:00+00:00,2008-04-21,windermere,south,water_temperature,2.0,month_2,2008-05-22,2008-06-20,,degC,expanding_prior_year_window_climatology,1.0,False,0,0,,4f53cda18c2baa0c0354bb5f9a3ecbe5ed12ab4d8e11ba873c2f11161202b945,,observation_time_proxy,historical data_available_time is unknown; observation_time is a pseudo-operational proxy
2008-04-22T00:00:00+00:00,2008-04-21,windermere,south,water_temperature,2.0,month_3,2008-06-21,2008-07-20,,degC,expanding_prior_year_window_climatology,1.0,False,0,0,,4f53cda18c2baa0c0354bb5f9a3ecbe5ed12ab4d8e11ba873c2f11161202b945,,observation_time_proxy,historical data_available_time is unknown; observation_time is a pseudo-operational proxy
2008-04-29T00:00:00+00:00,2008-04-28,windermere,south,water_temperature,2.0,month_1,2008-04-29,2008-05-28,,degC,expanding_prior_year_window_climatology,1.0,False,0,0,,4f53cda18c2baa0c0354bb5f9a3ecbe5ed12ab4d8e11ba873c2f11161202b945,,observation_time_proxy,historical data_available_time is unknown; observation_time is a pseudo-operational proxy
2008-04-29T00:00:00+00:00,2008-04-28,windermere,south,water_temperature,2.0,month_2,2008-05-29,2008-06-27,,degC,expanding_prior_year_window_climatology,1.0,False,0,0,,4f53cda18c2baa0c0354bb5f9a3ecbe5ed12ab4d8e11ba873c2f11161202b945,,observation_time_proxy,historical data_available_time is unknown; observation_time is a pseudo-operational proxy
2008-04-29T00:00:00+00:00,2008-04-28,windermere,south,water_temperature,2.0,month_3,2008-06-28,2008-07-27,,degC,expanding_prior_year_window_climatology,1.0,False,0,0,,4f53cda18c2baa0c0354bb5f9a3ecbe5ed12ab4d8e11ba873c2f11161202b945,,observation_time_proxy,historical data_available_time is unknown; observation_time is a pseudo-operational proxy
2008-05-06T00:00:00+00:00,2008-05-05,windermere,south,water_temperature,2.0,month_1,2008-05-06,2008-06-04,,degC,expanding_prior_year_window_climatology,1.0,False,0,0,,4f53cda18c2baa0c0354bb5f9a3ecbe5ed12ab4d8e11ba873c2f11161202b945,,observation_time_proxy,historical data_available_time is unknown; observation_time is a pseudo-operational proxy
2008-05-06T00:00:00+00:00,2008-05-05,windermere,south,water_temperature,2.0,month_2,2008-06-05,2008-07-04,,degC,expanding_prior_year_window_climatology,1.0,False,0,0,,4f53cda18c2baa0c0354bb5f9a3ecbe5ed12ab4d8e11ba873c2f11161202b945,,observation_time_proxy,historical data_available_time is unknown; observation_time is a pseudo-operational proxy
2008-05-06T00:00:00+00:00,2008-05-05,windermere,south,water_temperature,2.0,month_3,2008-07-05,2008-08-03,,degC,expanding_prior_year_window_climatology,1.0,False,0,0,,4f53cda18c2baa0c0354bb5f9a3ecbe5ed12ab4d8e11ba873c2f11161202b945,,observation_time_proxy,historical data_available_time is unknown; observation_time is a pseudo-operational proxy
2008-05-13T00:00:00+00:00,2008-05-12,windermere,south,water_temperature,2.0,month_1,2008-05-13,2008-06-11,,degC,expanding_prior_year_window_climatology,1.0,False,0,0,,4f53cda18c2baa0c0354bb5f9a3ecbe5ed12ab4d8e11ba873c2f11161202b945,,observation_time_proxy,historical data_available_time is unknown; observation_time is a pseudo-operational proxy
2008-05-13T00:00:00+00:00,2008-05-12,windermere,south,water_temperature,2.0,month_2,2008-06-12,2008-07-11,,degC,expanding_prior_year_window_climatology,1.0,False,0,0,,4f53cda18c2baa0c0354bb5f9a3ecbe5ed12ab4d8e11ba873c2f11161202b945,,observation_time_proxy,historical data_available_time is unknown; observation_time is a pseudo-operational proxy
2008-05-13T00:00:00+00:00,2008-05-12,windermere,south,water_temperature,2.0,month_3,2008-07-12,2008-08-10,,degC,expanding_prior_year_window_climatology,1.0,False,0,0,,4f53cda18c2baa0c0354bb5f9a3ecbe5ed12ab4d8e11ba873c2f11161202b945,,observation_time_proxy,historical data_available_time is unknown; observation_time is a pseudo-operational proxy
2008-05-20T00:00:00+00:00,2008-05-19,windermere,south,water_temperature,2.0,month_1,2008-05-20,2008-06-18,,degC,expanding_prior_year_window_climatology,1.0,False,0,0,,4f53cda18c2baa0c0354bb5f9a3ecbe5ed12ab4d8e11ba873c2f11161202b945,,observation_time_proxy,historical data_available_time is unknown; observation_time is a pseudo-operational proxy
2008-05-20T00:00:00+00:00,2008-05-19,windermere,south,water_temperature,2.0,month_2,2008-06-19,2008-07-18,,degC,expanding_prior_year_window_climatology,1.0,False,0,0,,4f53cda18c2baa0c0354bb5f9a3ecbe5ed12ab4d8e11ba873c2f11161202b945,,observation_time_proxy,historical data_available_time is unknown; observation_time is a pseudo-operational proxy
2008-05-20T00:00:00+00:00,2008-05-19,windermere,south,water_temperature,2.0,month_3,2008-07-19,2008-08-17,,degC,expanding_prior_year_window_climatology,1.0,False,0,0,,4f53cda18c2baa0c0354bb5f9a3ecbe5ed12ab4d8e11ba873c2f11161202b945,,observation_time_proxy,historical data_available_time is unknown; observation_time is a pseudo-operational proxy
2008-05-27T00:00:00+00:00,2008-05-26,windermere,south,water_temperature,2.0,month_1,2008-05-27,2008-06-25,,degC,expanding_prior_year_window_climatology,1.0,False,0,0,,4f53cda18c2baa0c0354bb5f9a3ecbe5ed12ab4d8e11ba873c2f11161202b945,,observation_time_proxy,historical data_available_time is unknown; observation_time is a pseudo-operational proxy
2008-05-27T00:00:00+00:00,2008-05-26,windermere,south,water_temperature,2.0,month_2,2008-06-26,2008-07-25,,degC,expanding_prior_year_window_climatology,1.0,False,0,0,,4f53cda18c2baa0c0354bb5f9a3ecbe5ed12ab4d8e11ba873c2f11161202b945,,observation_time_proxy,historical data_available_time is unknown; observation_time is a pseudo-operational proxy
2008-05-27T00:00:00+00:00,2008-05-26,windermere,south,water_temperature,2.0,month_3,2008-07-26,2008-08-24,,degC,expanding_prior_year_window_climatology,1.0,False,0,0,,4f53cda18c2baa0c0354bb5f9a3ecbe5ed12ab4d8e11ba873c2f11161202b945,,observation_time_proxy,historical data_available_time is unknown; observation_time is a pseudo-operational proxy
2008-06-03T00:00:00+00:00,2008-06-02,windermere,south,water_temperature,2.0,month_1,2008-06-03,2008-07-02,,degC,expanding_prior_year_window_climatology,1.0,False,0,0,,4f53cda18c2baa0c0354bb5f9a3ecbe5ed12ab4d8e11ba873c2f11161202b945,,observation_time_proxy,historical data_available_time is unknown; observation_time is a pseudo-operational proxy
2008-06-03T00:00:00+00:00,2008-06-02,windermere,south,water_temperature,2.0,month_2,2008-07-03,2008-08-01,,degC,expanding_prior_year_window_climatology,1.0,False,0,0,,4f53cda18c2baa0c0354bb5f9a3ecbe5ed12ab4d8e11ba873c2f11161202b945,,observation_time_proxy,historical data_available_time is unknown; observation_time is a pseudo-operational proxy
2008-06-03T00:00:00+00:00,2008-06-02,windermere,south,water_temperature,2.0,month_3,2008-08-02,2008-08-31,,degC,expanding_prior_year_window_climatology,1.0,False,0,0,,4f53cda18c2baa0c0354bb5f9a3ecbe5ed12ab4d8e11ba873c2f11161202b945,,observation_time_proxy,historical data_available_time is unknown; observation_time is a pseudo-operational proxy
2008-06-10T00:00:00+00:00,2008-06-09,windermere,south,water_temperature,2.0,month_1,2008-06-10,2008-07-09,,degC,expanding_prior_year_window_climatology,1.0,False,0,0,,4f53cda18c2baa0c0354bb5f9a3ecbe5ed12ab4d8e11ba873c2f11161202b945,,observation_time_proxy,historical data_available_time is unknown; observation_time is a pseudo-operational proxy
2008-06-10T00:00:00+00:00,2008-06-09,windermere,south,water_temperature,2.0,month_2,2008-07-10,2008-08-08,,degC,expanding_prior_year_window_climatology,1.0,False,0,0,,4f53cda18c2baa0c0354bb5f9a3ecbe5ed12ab4d8e11ba873c2f11161202b945,,observation_time_proxy,historical data_available_time is unknown; observation_time is a pseudo-operational proxy
2008-06-10T00:00:00+00:00,2008-06-09,windermere,south,water_temperature,2.0,month_3,2008-08-09,2008-09-07,,degC,expanding_prior_year_window_climatology,1.0,False,0,0,,4f53cda18c2baa0c0354bb5f9a3ecbe5ed12ab4d8e11ba873c2f11161202b945,,observation_time_proxy,historical data_available_time is unknown; observation_time is a pseudo-operational proxy
2008-06-17T00:00:00+00:00,2008-06-16,windermere,south,water_temperature,2.0,month_1,2008-06-17,2008-07-16,,degC,expanding_prior_year_window_climatology,1.0,False,0,0,,4f53cda18c2baa0c0354bb5f9a3ecbe5ed12ab4d8e11ba873c2f11161202b945,,observation_time_proxy,historical data_available_time is unknown; observation_time is a pseudo-operational proxy
2008-06-17T00:00:00+00:00,2008-06-16,windermere,south,water_temperature,2.0,month_2,2008-07-17,2008-08-15,,degC,expanding_prior_year_window_climatology,1.0,False,0,0,,4f53cda18c2baa0c0354bb5f9a3ecbe5ed12ab4d8e11ba873c2f11161202b945,,observation_time_proxy,historical data_available_time is unknown; observation_time is a pseudo-operational proxy
2008-06-17T00:00:00+00:00,2008-06-16,windermere,south,water_temperature,2.0,month_3,2008-08-16,2008-09-14,,degC,expanding_prior_year_window_climatology,1.0,False,0,0,,4f53cda18c2baa0c0354bb5f9a3ecbe5ed12ab4d8e11ba873c2f11161202b945,,observation_time_proxy,historical data_available_time is unknown; observation_time is a pseudo-operational proxy
2008-06-24T00:00:00+00:00,2008-06-23,windermere,south,water_temperature,2.0,month_1,2008-06-24,2008-07-23,,degC,expanding_prior_year_window_climatology,1.0,False,0,0,,4f53cda18c2baa0c0354bb5f9a3ecbe5ed12ab4d8e11ba873c2f11161202b945,,observation_time_proxy,historical data_available_time is unknown; observation_time is a pseudo-operational proxy
2008-06-24T00:00:00+00:00,2008-06-23,windermere,south,water_temperature,2.0,month_2,2008-07-24,2008-08-22,,degC,expanding_prior_year_window_climatology,1.0,False,0,0,,4f53cda18c2baa0c0354bb5f9a3ecbe5ed12ab4d8e11ba873c2f11161202b945,,observation_time_proxy,historical data_available_time is unknown; observation_time is a pseudo-operational proxy
2008-06-24T00:00:00+00:00,2008-06-23,windermere,south,water_temperature,2.0,month_3,2008-08-23,2008-09-21,,degC,expanding_prior_year_window_climatology,1.0,False,0,0,,4f53cda18c2baa0c0354bb5f9a3ecbe5ed12ab4d8e11ba873c2f11161202b945,,observation_time_proxy,historical data_available_time is unknown; observation_time is a pseudo-operational proxy
2008-07-01T00:00:00+00:00,2008-06-30,windermere,south,water_temperature,2.0,month_1,2008-07-01,2008-07-30,,degC,expanding_prior_year_window_climatology,1.0,False,0,0,,4f53cda18c2baa0c0354bb5f9a3ecbe5ed12ab4d8e11ba873c2f11161202b945,,observation_time_proxy,historical data_available_time is unknown; observation_time is a pseudo-operational proxy
2008-07-01T00:00:00+00:00,2008-06-30,windermere,south,water_temperature,2.0,month_2,2008-07-31,2008-08-29,,degC,expanding_prior_year_window_climatology,1.0,False,0,0,,4f53cda18c2baa0c0354bb5f9a3ecbe5ed12ab4d8e11ba873c2f11161202b945,,observation_time_proxy,historical data_available_time is unknown; observation_time is a pseudo-operational proxy
2008-07-01T00:00:00+00:00,2008-06-30,windermere,south,water_temperature,2.0,month_3,2008-08-30,2008-09-28,,degC,expanding_prior_year_window_climatology,1.0,False,0,0,,4f53cda18c2baa0c0354bb5f9a3ecbe5ed12ab4d8e11ba873c2f11161202b945,,observation_time_proxy,historical data_available_time is unknown; observation_time is a pseudo-operational proxy
2008-07-08T00:00:00+00:00,2008-07-07,windermere,south,water_temperature,2.0,month_1,2008-07-08,2008-08-06,,degC,expanding_prior_year_window_climatology,1.0,False,0,0,,4f53cda18c2baa0c0354bb5f9a3ecbe5ed12ab4d8e11ba873c2f11161202b945,,observation_time_proxy,historical data_available_time is unknown; observation_time is a pseudo-operational proxy
2008-07-08T00:00:00+00:00,2008-07-07,windermere,south,water_temperature,2.0,month_2,2008-08-07,2008-09-05,,degC,expanding_prior_year_window_climatology,1.0,False,0,0,,4f53cda18c2baa0c0354bb5f9a3ecbe5ed12ab4d8e11ba873c2f11161202b945,,observation_time_proxy,historical data_available_time is unknown; observation_time is a pseudo-operational proxy
2008-07-08T00:00:00+00:00,2008-07-07,windermere,south,water_temperature,2.0,month_3,2008-09-06,2008-10-05,,degC,expanding_prior_year_window_climatology,1.0,False,0,0,,4f53cda18c2baa0c0354bb5f9a3ecbe5ed12ab4d8e11ba873c2f11161202b945,,observation_time_proxy,historical data_available_time is unknown; observation_time is a pseudo-operational proxy
2008-07-15T00:00:00+00:00,2008-07-14,windermere,south,water_temperature,2.0,month_1,2008-07-15,2008-08-13,,degC,expanding_prior_year_window_climatology,1.0,False,0,0,,4f53cda18c2baa0c0354bb5f9a3ecbe5ed12ab4d8e11ba873c2f11161202b945,,observation_time_proxy,historical data_available_time is unknown; observation_time is a pseudo-operational proxy
2008-07-15T00:00:00+00:00,2008-07-14,windermere,south,water_temperature,2.0,month_2,2008-08-14,2008-09-12,,degC,expanding_prior_year_window_climatology,1.0,False,0,0,,4f53cda18c2baa0c0354bb5f9a3ecbe5ed12ab4d8e11ba873c2f11161202b945,,observation_time_proxy,historical data_available_time is unknown; observation_time is a pseudo-operational proxy
2008-07-15T00:00:00+00:00,2008-07-14,windermere,south,water_temperature,2.0,month_3,2008-09-13,2008-10-12,,degC,expanding_prior_year_window_climatology,1.0,False,0,0,,4f53cda18c2baa0c0354bb5f9a3ecbe5ed12ab4d8e11ba873c2f11161202b945,,observation_time_proxy,historical data_available_time is unknown; observation_time is a pseudo-operational proxy
2008-07-22T00:00:00+00:00,2008-07-21,windermere,south,water_temperature,2.0,month_1,2008-07-22,2008-08-20,,degC,expanding_prior_year_window_climatology,1.0,False,0,0,,4f53cda18c2baa0c0354bb5f9a3ecbe5ed12ab4d8e11ba873c2f11161202b945,,observation_time_proxy,historical data_available_time is unknown; observation_time is a pseudo-operational proxy
2008-07-22T00:00:00+00:00,2008-07-21,windermere,south,water_temperature,2.0,month_2,2008-08-21,2008-09-19,,degC,expanding_prior_year_window_climatology,1.0,False,0,0,,4f53cda18c2baa0c0354bb5f9a3ecbe5ed12ab4d8e11ba873c2f11161202b945,,observation_time_proxy,historical data_available_time is unknown; observation_time is a pseudo-operational proxy
2008-07-22T00:00:00+00:00,2008-07-21,windermere,south,water_temperature,2.0,month_3,2008-09-20,2008-10-19,,degC,expanding_prior_year_window_climatology,1.0,False,0,0,,4f53cda18c2baa0c0354bb5f9a3ecbe5ed12ab4d8e11ba873c2f11161202b945,,observation_time_proxy,historical data_available_time is unknown; observation_time is a pseudo-operational proxy
2008-07-29T00:00:00+00:00,2008-07-28,windermere,south,water_temperature,2.0,month_1,2008-07-29,2008-08-27,,degC,expanding_prior_year_window_climatology,1.0,False,0,0,,4f53cda18c2baa0c0354bb5f9a3ecbe5ed12ab4d8e11ba873c2f11161202b945,,observation_time_proxy,historical data_available_time is unknown; observation_time is a pseudo-operational proxy
2008-07-29T00:00:00+00:00,2008-07-28,windermere,south,water_temperature,2.0,month_2,2008-08-28,2008-09-26,,degC,expanding_prior_year_window_climatology,1.0,False,0,0,,4f53cda18c2baa0c0354bb5f9a3ecbe5ed12ab4d8e11ba873c2f11161202b945,,observation_time_proxy,historical data_available_time is unknown; observation_time is a pseudo-operational proxy
2008-07-29T00:00:00+00:00,2008-07-28,windermere,south,water_temperature,2.0,month_3,2008-09-27,2008-10-26,,degC,expanding_prior_year_window_climatology,1.0,False,0,0,,4f53cda18c2baa0c0354bb5f9a3ecbe5ed12ab4d8e11ba873c2f11161202b945,,observation_time_proxy,historical data_available_time is unknown; observation_time is a pseudo-operational proxy
2008-08-05T00:00:00+00:00,2008-08-04,windermere,south,water_temperature,2.0,month_1,2008-08-05,2008-09-03,,degC,expanding_prior_year_window_climatology,1.0,False,0,0,,4f53cda18c2baa0c0354bb5f9a3ecbe5ed12ab4d8e11ba873c2f11161202b945,,observation_time_proxy,historical data_available_time is unknown; observation_time is a pseudo-operational proxy
2008-08-05T00:00:00+00:00,2008-08-04,windermere,south,water_temperature,2.0,month_2,2008-09-04,2008-10-03,,degC,expanding_prior_year_window_climatology,1.0,False,0,0,,4f53cda18c2baa0c0354bb5f9a3ecbe5ed12ab4d8e11ba873c2f11161202b945,,observation_time_proxy,historical data_available_time is unknown; observation_time is a pseudo-operational proxy
2008-08-05T00:00:00+00:00,2008-08-04,windermere,south,water_temperature,2.0,month_3,2008-10-04,2008-11-02,,degC,expanding_prior_year_window_climatology,1.0,False,0,0,,4f53cda18c2baa0c0354bb5f9a3ecbe5ed12ab4d8e11ba873c2f11161202b945,,observation_time_proxy,historical data_available_time is unknown; observation_time is a pseudo-operational proxy
2008-08-12T00:00:00+00:00,2008-08-11,windermere,south,water_temperature,2.0,month_1,2008-08-12,2008-09-10,,degC,expanding_prior_year_window_climatology,1.0,False,0,0,,4f53cda18c2baa0c0354bb5f9a3ecbe5ed12ab4d8e11ba873c2f11161202b945,,observation_time_proxy,historical data_available_time is unknown; observation_time is a pseudo-operational proxy
2008-08-12T00:00:00+00:00,2008-08-11,windermere,south,water_temperature,2.0,month_2,2008-09-11,2008-10-10,,degC,expanding_prior_year_window_climatology,1.0,False,0,0,,4f53cda18c2baa0c0354bb5f9a3ecbe5ed12ab4d8e11ba873c2f11161202b945,,observation_time_proxy,historical data_available_time is unknown; observation_time is a pseudo-operational proxy
2008-08-12T00:00:00+00:00,2008-08-11,windermere,south,water_temperature,2.0,month_3,2008-10-11,2008-11-09,,degC,expanding_prior_year_window_climatology,1.0,False,0,0,,4f53cda18c2baa0c0354bb5f9a3ecbe5ed12ab4d8e11ba873c2f11161202b945,,observation_time_proxy,historical data_available_time is unknown; observation_time is a pseudo-operational proxy
2008-08-19T00:00:00+00:00,2008-08-18,windermere,south,water_temperature,2.0,month_1,2008-08-19,2008-09-17,,degC,expanding_prior_year_window_climatology,1.0,False,0,0,,4f53cda18c2baa0c0354bb5f9a3ecbe5ed12ab4d8e11ba873c2f11161202b945,,observation_time_proxy,historical data_available_time is unknown; observation_time is a pseudo-operational proxy
2008-08-19T00:00:00+00:00,2008-08-18,windermere,south,water_temperature,2.0,month_2,2008-09-18,2008-10-17,,degC,expanding_prior_year_window_climatology,1.0,False,0,0,,4f53cda18c2baa0c0354bb5f9a3ecbe5ed12ab4d8e11ba873c2f11161202b945,,observation_time_proxy,historical data_available_time is unknown; observation_time is a pseudo-operational proxy
2008-08-19T00:00:00+00:00,2008-08-18,windermere,south,water_temperature,2.0,month_3,2008-10-18,2008-11-16,,degC,expanding_prior_year_window_climatology,1.0,False,0,0,,4f53cda18c2baa0c0354bb5f9a3ecbe5ed12ab4d8e11ba873c2f11161202b945,,observation_time_proxy,historical data_available_time is unknown; observation_time is a pseudo-operational proxy
2008-08-26T00:00:00+00:00,2008-08-25,windermere,south,water_temperature,2.0,month_1,2008-08-26,2008-09-24,,degC,expanding_prior_year_window_climatology,1.0,False,0,0,,4f53cda18c2baa0c0354bb5f9a3ecbe5ed12ab4d8e11ba873c2f11161202b945,,observation_time_proxy,historical data_available_time is unknown; observation_time is a pseudo-operational proxy
2008-08-26T00:00:00+00:00,2008-08-25,windermere,south,water_temperature,2.0,month_2,2008-09-25,2008-10-24,,degC,expanding_prior_year_window_climatology,1.0,False,0,0,,4f53cda18c2baa0c0354bb5f9a3ecbe5ed12ab4d8e11ba873c2f11161202b945,,observation_time_proxy,historical data_available_time is unknown; observation_time is a pseudo-operational proxy
2008-08-26T00:00:00+00:00,2008-08-25,windermere,south,water_temperature,2.0,month_3,2008-10-25,2008-11-23,,degC,expanding_prior_year_window_climatology,1.0,False,0,0,,4f53cda18c2baa0c0354bb5f9a3ecbe5ed12ab4d8e11ba873c2f11161202b945,,observation_time_proxy,historical data_available_time is unknown; observation_time is a pseudo-operational proxy
2008-09-02T00:00:00+00:00,2008-09-01,windermere,south,water_temperature,2.0,month_1,2008-09-02,2008-10-01,,degC,expanding_prior_year_window_climatology,1.0,False,0,0,,4f53cda18c2baa0c0354bb5f9a3ecbe5ed12ab4d8e11ba873c2f11161202b945,,observation_time_proxy,historical data_available_time is unknown; observation_time is a pseudo-operational proxy
2008-09-02T00:00:00+00:00,2008-09-01,windermere,south,water_temperature,2.0,month_2,2008-10-02,2008-10-31,,degC,expanding_prior_year_window_climatology,1.0,False,0,0,,4f53cda18c2baa0c0354bb5f9a3ecbe5ed12ab4d8e11ba873c2f11161202b945,,observation_time_proxy,historical data_available_time is unknown; observation_time is a pseudo-operational proxy
2008-09-02T00:00:00+00:00,2008-09-01,windermere,south,water_temperature,2.0,month_3,2008-11-01,2008-11-30,,degC,expanding_prior_year_window_climatology,1.0,False,0,0,,4f53cda18c2baa0c0354bb5f9a3ecbe5ed12ab4d8e11ba873c2f11161202b945,,observation_time_proxy,historical data_available_time is unknown; observation_time is a pseudo-operational proxy
2008-09-09T00:00:00+00:00,2008-09-08,windermere,south,water_temperature,2.0,month_1,2008-09-09,2008-10-08,,degC,expanding_prior_year_window_climatology,1.0,False,0,0,,4f53cda18c2baa0c0354bb5f9a3ecbe5ed12ab4d8e11ba873c2f11161202b945,,observation_time_proxy,historical data_available_time is unknown; observation_time is a pseudo-operational proxy
2008-09-09T00:00:00+00:00,2008-09-08,windermere,south,water_temperature,2.0,month_2,2008-10-09,2008-11-07,,degC,expanding_prior_year_window_climatology,1.0,False,0,0,,4f53cda18c2baa0c0354bb5f9a3ecbe5ed12ab4d8e11ba873c2f11161202b945,,observation_time_proxy,historical data_available_time is unknown; observation_time is a pseudo-operational proxy
2008-09-09T00:00:00+00:00,2008-09-08,windermere,south,water_temperature,2.0,month_3,2008-11-08,2008-12-07,,degC,expanding_prior_year_window_climatology,1.0,False,0,0,,4f53cda18c2baa0c0354bb5f9a3ecbe5ed12ab4d8e11ba873c2f11161202b945,,observation_time_proxy,historical data_available_time is unknown; observation_time is a pseudo-operational proxy
2008-09-16T00:00:00+00:00,2008-09-15,windermere,south,water_temperature,2.0,month_1,2008-09-16,2008-10-15,,degC,expanding_prior_year_window_climatology,1.0,False,0,0,,4f53cda18c2baa0c0354bb5f9a3ecbe5ed12ab4d8e11ba873c2f11161202b945,,observation_time_proxy,historical data_available_time is unknown; observation_time is a pseudo-operational proxy
2008-09-16T00:00:00+00:00,2008-09-15,windermere,south,water_temperature,2.0,month_2,2008-10-16,2008-11-14,,degC,expanding_prior_year_window_climatology,1.0,False,0,0,,4f53cda18c2baa0c0354bb5f9a3ecbe5ed12ab4d8e11ba873c2f11161202b945,,observation_time_proxy,historical data_available_time is unknown; observation_time is a pseudo-operational proxy
2008-09-16T00:00:00+00:00,2008-09-15,windermere,south,water_temperature,2.0,month_3,2008-11-15,2008-12-14,,degC,expanding_prior_year_window_climatology,1.0,False,0,0,,4f53cda18c2baa0c0354bb5f9a3ecbe5ed12ab4d8e11ba873c2f11161202b945,,observation_time_proxy,historical data_available_time is unknown; observation_time is a pseudo-operational proxy
2008-09-23T00:00:00+00:00,2008-09-22,windermere,south,water_temperature,2.0,month_1,2008-09-23,2008-10-22,,degC,expanding_prior_year_window_climatology,1.0,False,0,0,,4f53cda18c2baa0c0354bb5f9a3ecbe5ed12ab4d8e11ba873c2f11161202b945,,observation_time_proxy,historical data_available_time is unknown; observation_time is a pseudo-operational proxy
2008-09-23T00:00:00+00:00,2008-09-22,windermere,south,water_temperature,2.0,month_2,2008-10-23,2008-11-21,,degC,expanding_prior_year_window_climatology,1.0,False,0,0,,4f53cda18c2baa0c0354bb5f9a3ecbe5ed12ab4d8e11ba873c2f11161202b945,,observation_time_proxy,historical data_available_time is unknown; observation_time is a pseudo-operational proxy
2008-09-23T00:00:00+00:00,2008-09-22,windermere,south,water_temperature,2.0,month_3,2008-11-22,2008-12-21,,degC,expanding_prior_year_window_climatology,1.0,False,0,0,,4f53cda18c2baa0c0354bb5f9a3ecbe5ed12ab4d8e11ba873c2f11161202b945,,observation_time_proxy,historical data_available_time is unknown; observation_time is a pseudo-operational proxy
2008-09-30T00:00:00+00:00,2008-09-29,windermere,south,water_temperature,2.0,month_1,2008-09-30,2008-10-29,,degC,expanding_prior_year_window_climatology,1.0,False,0,0,,4f53cda18c2baa0c0354bb5f9a3ecbe5ed12ab4d8e11ba873c2f11161202b945,,observation_time_proxy,historical data_available_time is unknown; observation_time is a pseudo-operational proxy
2008-09-30T00:00:00+00:00,2008-09-29,windermere,south,water_temperature,2.0,month_2,2008-10-30,2008-11-28,,degC,expanding_prior_year_window_climatology,1.0,False,0,0,,4f53cda18c2baa0c0354bb5f9a3ecbe5ed12ab4d8e11ba873c2f11161202b945,,observation_time_proxy,historical data_available_time is unknown; observation_time is a pseudo-operational proxy
2008-09-30T00:00:00+00:00,2008-09-29,windermere,south,water_temperature,2.0,month_3,2008-11-29,2008-12-28,,degC,expanding_prior_year_window_climatology,1.0,False,0,0,,4f53cda18c2baa0c0354bb5f9a3ecbe5ed12ab4d8e11ba873c2f11161202b945,,observation_time_proxy,historical data_available_time is unknown; observation_time is a pseudo-operational proxy
2008-10-07T00:00:00+00:00,2008-10-06,windermere,south,water_temperature,2.0,month_1,2008-10-07,2008-11-05,,degC,expanding_prior_year_window_climatology,1.0,False,0,0,,4f53cda18c2baa0c0354bb5f9a3ecbe5ed12ab4d8e11ba873c2f11161202b945,,observation_time_proxy,historical data_available_time is unknown; observation_time is a pseudo-operational proxy
2008-10-07T00:00:00+00:00,2008-10-06,windermere,south,water_temperature,2.0,month_2,2008-11-06,2008-12-05,,degC,expanding_prior_year_window_climatology,1.0,False,0,0,,4f53cda18c2baa0c0354bb5f9a3ecbe5ed12ab4d8e11ba873c2f11161202b945,,observation_time_proxy,historical data_available_time is unknown; observation_time is a pseudo-operational proxy
2008-10-07T00:00:00+00:00,2008-10-06,windermere,south,water_temperature,2.0,month_3,2008-12-06,2009-01-04,,degC,expanding_prior_year_window_climatology,1.0,False,0,0,,4f53cda18c2baa0c0354bb5f9a3ecbe5ed12ab4d8e11ba873c2f11161202b945,,observation_time_proxy,historical data_available_time is unknown; observation_time is a pseudo-operational proxy
2008-10-14T00:00:00+00:00,2008-10-13,windermere,south,water_temperature,2.0,month_1,2008-10-14,2008-11-12,,degC,expanding_prior_year_window_climatology,1.0,False,0,0,,4f53cda18c2baa0c0354bb5f9a3ecbe5ed12ab4d8e11ba873c2f11161202b945,,observation_time_proxy,historical data_available_time is unknown; observation_time is a pseudo-operational proxy
2008-10-14T00:00:00+00:00,2008-10-13,windermere,south,water_temperature,2.0,month_2,2008-11-13,2008-12-12,,degC,expanding_prior_year_window_climatology,1.0,False,0,0,,4f53cda18c2baa0c0354bb5f9a3ecbe5ed12ab4d8e11ba873c2f11161202b945,,observation_time_proxy,historical data_available_time is unknown; observation_time is a pseudo-operational proxy
2008-10-14T00:00:00+00:00,2008-10-13,windermere,south,water_temperature,2.0,month_3,2008-12-13,2009-01-11,,degC,expanding_prior_year_window_climatology,1.0,False,0,0,,4f53cda18c2baa0c0354bb5f9a3ecbe5ed12ab4d8e11ba873c2f11161202b945,,observation_time_proxy,historical data_available_time is unknown; observation_time is a pseudo-operational proxy
2008-10-21T00:00:00+00:00,2008-10-20,windermere,south,water_temperature,2.0,month_1,2008-10-21,2008-11-19,,degC,expanding_prior_year_window_climatology,1.0,False,0,0,,4f53cda18c2baa0c0354bb5f9a3ecbe5ed12ab4d8e11ba873c2f11161202b945,,observation_time_proxy,historical data_available_time is unknown; observation_time is a pseudo-operational proxy
2008-10-21T00:00:00+00:00,2008-10-20,windermere,south,water_temperature,2.0,month_2,2008-11-20,2008-12-19,,degC,expanding_prior_year_window_climatology,1.0,False,0,0,,4f53cda18c2baa0c0354bb5f9a3ecbe5ed12ab4d8e11ba873c2f11161202b945,,observation_time_proxy,historical data_available_time is unknown; observation_time is a pseudo-operational proxy
2008-10-21T00:00:00+00:00,2008-10-20,windermere,south,water_temperature,2.0,month_3,2008-12-20,2009-01-18,,degC,expanding_prior_year_window_climatology,1.0,False,0,0,,4f53cda18c2baa0c0354bb5f9a3ecbe5ed12ab4d8e11ba873c2f11161202b945,,observation_time_proxy,historical data_available_time is unknown; observation_time is a pseudo-operational proxy
2008-10-28T00:00:00+00:00,2008-10-27,windermere,south,water_temperature,2.0,month_1,2008-10-28,2008-11-26,,degC,expanding_prior_year_window_climatology,1.0,False,0,0,,4f53cda18c2baa0c0354bb5f9a3ecbe5ed12ab4d8e11ba873c2f11161202b945,,observation_time_proxy,historical data_available_time is unknown; observation_time is a pseudo-operational proxy
2008-10-28T00:00:00+00:00,2008-10-27,windermere,south,water_temperature,2.0,month_2,2008-11-27,2008-12-26,,degC,expanding_prior_year_window_climatology,1.0,False,0,0,,4f53cda18c2baa0c0354bb5f9a3ecbe5ed12ab4d8e11ba873c2f11161202b945,,observation_time_proxy,historical data_available_time is unknown; observation_time is a pseudo-operational proxy
2008-10-28T00:00:00+00:00,2008-10-27,windermere,south,water_temperature,2.0,month_3,2008-12-27,2009-01-25,,degC,expanding_prior_year_window_climatology,1.0,False,0,0,,4f53cda18c2baa0c0354bb5f9a3ecbe5ed12ab4d8e11ba873c2f11161202b945,,observation_time_proxy,historical data_available_time is unknown; observation_time is a pseudo-operational proxy
2008-11-04T00:00:00+00:00,2008-11-03,windermere,south,water_temperature,2.0,month_1,2008-11-04,2008-12-03,,degC,expanding_prior_year_window_climatology,1.0,False,0,0,,4f53cda18c2baa0c0354bb5f9a3ecbe5ed12ab4d8e11ba873c2f11161202b945,,observation_time_proxy,historical data_available_time is unknown; observation_time is a pseudo-operational proxy
2008-11-04T00:00:00+00:00,2008-11-03,windermere,south,water_temperature,2.0,month_2,2008-12-04,2009-01-02,,degC,expanding_prior_year_window_climatology,1.0,False,0,0,,4f53cda18c2baa0c0354bb5f9a3ecbe5ed12ab4d8e11ba873c2f11161202b945,,observation_time_proxy,historical data_available_time is unknown; observation_time is a pseudo-operational proxy
2008-11-04T00:00:00+00:00,2008-11-03,windermere,south,water_temperature,2.0,month_3,2009-01-03,2009-02-01,,degC,expanding_prior_year_window_climatology,1.0,False,0,0,,4f53cda18c2baa0c0354bb5f9a3ecbe5ed12ab4d8e11ba873c2f11161202b945,,observation_time_proxy,historical data_available_time is unknown; observation_time is a pseudo-operational proxy
2008-11-11T00:00:00+00:00,2008-11-10,windermere,south,water_temperature,2.0,month_1,2008-11-11,2008-12-10,,degC,expanding_prior_year_window_climatology,1.0,False,0,0,,4f53cda18c2baa0c0354bb5f9a3ecbe5ed12ab4d8e11ba873c2f11161202b945,,observation_time_proxy,historical data_available_time is unknown; observation_time is a pseudo-operational proxy
2008-11-11T00:00:00+00:00,2008-11-10,windermere,south,water_temperature,2.0,month_2,2008-12-11,2009-01-09,,degC,expanding_prior_year_window_climatology,1.0,False,0,0,,4f53cda18c2baa0c0354bb5f9a3ecbe5ed12ab4d8e11ba873c2f11161202b945,,observation_time_proxy,historical data_available_time is unknown; observation_time is a pseudo-operational proxy
2008-11-11T00:00:00+00:00,2008-11-10,windermere,south,water_temperature,2.0,month_3,2009-01-10,2009-02-08,,degC,expanding_prior_year_window_climatology,1.0,False,0,0,,4f53cda18c2baa0c0354bb5f9a3ecbe5ed12ab4d8e11ba873c2f11161202b945,,observation_time_proxy,historical data_available_time is unknown; observation_time is a pseudo-operational proxy
2008-11-18T00:00:00+00:00,2008-11-17,windermere,south,water_temperature,2.0,month_1,2008-11-18,2008-12-17,,degC,expanding_prior_year_window_climatology,1.0,False,0,0,,4f53cda18c2baa0c0354bb5f9a3ecbe5ed12ab4d8e11ba873c2f11161202b945,,observation_time_proxy,historical data_available_time is unknown; observation_time is a pseudo-operational proxy
2008-11-18T00:00:00+00:00,2008-11-17,windermere,south,water_temperature,2.0,month_2,2008-12-18,2009-01-16,,degC,expanding_prior_year_window_climatology,1.0,False,0,0,,4f53cda18c2baa0c0354bb5f9a3ecbe5ed12ab4d8e11ba873c2f11161202b945,,observation_time_proxy,historical data_available_time is unknown; observation_time is a pseudo-operational proxy
2008-11-18T00:00:00+00:00,2008-11-17,windermere,south,water_temperature,2.0,month_3,2009-01-17,2009-02-15,,degC,expanding_prior_year_window_climatology,1.0,False,0,0,,4f53cda18c2baa0c0354bb5f9a3ecbe5ed12ab4d8e11ba873c2f11161202b945,,observation_time_proxy,historical data_available_time is unknown; observation_time is a pseudo-operational proxy
2008-11-25T00:00:00+00:00,2008-11-24,windermere,south,water_temperature,2.0,month_1,2008-11-25,2008-12-24,,degC,expanding_prior_year_window_climatology,1.0,False,0,0,,4f53cda18c2baa0c0354bb5f9a3ecbe5ed12ab4d8e11ba873c2f11161202b945,,observation_time_proxy,historical data_available_time is unknown; observation_time is a pseudo-operational proxy
2008-11-25T00:00:00+00:00,2008-11-24,windermere,south,water_temperature,2.0,month_2,2008-12-25,2009-01-23,,degC,expanding_prior_year_window_climatology,1.0,False,0,0,,4f53cda18c2baa0c0354bb5f9a3ecbe5ed12ab4d8e11ba873c2f11161202b945,,observation_time_proxy,historical data_available_time is unknown; observation_time is a pseudo-operational proxy
2008-11-25T00:00:00+00:00,2008-11-24,windermere,south,water_temperature,2.0,month_3,2009-01-24,2009-02-22,,degC,expanding_prior_year_window_climatology,1.0,False,0,0,,4f53cda18c2baa0c0354bb5f9a3ecbe5ed12ab4d8e11ba873c2f11161202b945,,observation_time_proxy,historical data_available_time is unknown; observation_time is a pseudo-operational proxy
2008-12-02T00:00:00+00:00,2008-12-01,windermere,south,water_temperature,2.0,month_1,2008-12-02,2008-12-31,,degC,expanding_prior_year_window_climatology,1.0,False,0,0,,4f53cda18c2baa0c0354bb5f9a3ecbe5ed12ab4d8e11ba873c2f11161202b945,,observation_time_proxy,historical data_available_time is unknown; observation_time is a pseudo-operational proxy
2008-12-02T00:00:00+00:00,2008-12-01,windermere,south,water_temperature,2.0,month_2,2009-01-01,2009-01-30,,degC,expanding_prior_year_window_climatology,1.0,False,0,0,,4f53cda18c2baa0c0354bb5f9a3ecbe5ed12ab4d8e11ba873c2f11161202b945,,observation_time_proxy,historical data_available_time is unknown; observation_time is a pseudo-operational proxy
2008-12-02T00:00:00+00:00,2008-12-01,windermere,south,water_temperature,2.0,month_3,2009-01-31,2009-03-01,,degC,expanding_prior_year_window_climatology,1.0,False,0,0,,4f53cda18c2baa0c0354bb5f9a3ecbe5ed12ab4d8e11ba873c2f11161202b945,,observation_time_proxy,historical data_available_time is unknown; observation_time is a pseudo-operational proxy
2008-12-09T00:00:00+00:00,2008-12-08,windermere,south,water_temperature,2.0,month_1,2008-12-09,2009-01-07,,degC,expanding_prior_year_window_climatology,1.0,False,0,0,,4f53cda18c2baa0c0354bb5f9a3ecbe5ed12ab4d8e11ba873c2f11161202b945,,observation_time_proxy,historical data_available_time is unknown; observation_time is a pseudo-operational proxy
2008-12-09T00:00:00+00:00,2008-12-08,windermere,south,water_temperature,2.0,month_2,2009-01-08,2009-02-06,,degC,expanding_prior_year_window_climatology,1.0,False,0,0,,4f53cda18c2baa0c0354bb5f9a3ecbe5ed12ab4d8e11ba873c2f11161202b945,,observation_time_proxy,historical data_available_time is unknown; observation_time is a pseudo-operational proxy
2008-12-09T00:00:00+00:00,2008-12-08,windermere,south,water_temperature,2.0,month_3,2009-02-07,2009-03-08,,degC,expanding_prior_year_window_climatology,1.0,False,0,0,,4f53cda18c2baa0c0354bb5f9a3ecbe5ed12ab4d8e11ba873c2f11161202b945,,observation_time_proxy,historical data_available_time is unknown; observation_time is a pseudo-operational proxy
2008-12-16T00:00:00+00:00,2008-12-15,windermere,south,water_temperature,2.0,month_1,2008-12-16,2009-01-14,,degC,expanding_prior_year_window_climatology,1.0,False,0,0,,4f53cda18c2baa0c0354bb5f9a3ecbe5ed12ab4d8e11ba873c2f11161202b945,,observation_time_proxy,historical data_available_time is unknown; observation_time is a pseudo-operational proxy
2008-12-16T00:00:00+00:00,2008-12-15,windermere,south,water_temperature,2.0,month_2,2009-01-15,2009-02-13,,degC,expanding_prior_year_window_climatology,1.0,False,0,0,,4f53cda18c2baa0c0354bb5f9a3ecbe5ed12ab4d8e11ba873c2f11161202b945,,observation_time_proxy,historical data_available_time is unknown; observation_time is a pseudo-operational proxy
2008-12-16T00:00:00+00:00,2008-12-15,windermere,south,water_temperature,2.0,month_3,2009-02-14,2009-03-15,,degC,expanding_prior_year_window_climatology,1.0,False,0,0,,4f53cda18c2baa0c0354bb5f9a3ecbe5ed12ab4d8e11ba873c2f11161202b945,,observation_time_proxy,historical data_available_time is unknown; observation_time is a pseudo-operational proxy
2008-12-23T00:00:00+00:00,2008-12-22,windermere,south,water_temperature,2.0,month_1,2008-12-23,2009-01-21,,degC,expanding_prior_year_window_climatology,1.0,False,0,0,,4f53cda18c2baa0c0354bb5f9a3ecbe5ed12ab4d8e11ba873c2f11161202b945,,observation_time_proxy,historical data_available_time is unknown; observation_time is a pseudo-operational proxy
2008-12-23T00:00:00+00:00,2008-12-22,windermere,south,water_temperature,2.0,month_2,2009-01-22,2009-02-20,,degC,expanding_prior_year_window_climatology,1.0,False,0,0,,4f53cda18c2baa0c0354bb5f9a3ecbe5ed12ab4d8e11ba873c2f11161202b945,,observation_time_proxy,historical data_available_time is unknown; observation_time is a pseudo-operational proxy
2008-12-23T00:00:00+00:00,2008-12-22,windermere,south,water_temperature,2.0,month_3,2009-02-21,2009-03-22,,degC,expanding_prior_year_window_climatology,1.0,False,0,0,,4f53cda18c2baa0c0354bb5f9a3ecbe5ed12ab4d8e11ba873c2f11161202b945,,observation_time_proxy,historical data_available_time is unknown; observation_time is a pseudo-operational proxy
2008-12-30T00:00:00+00:00,2008-12-29,windermere,south,water_temperature,2.0,month_1,2008-12-30,2009-01-28,,degC,expanding_prior_year_window_climatology,1.0,False,0,0,,4f53cda18c2baa0c0354bb5f9a3ecbe5ed12ab4d8e11ba873c2f11161202b945,,observation_time_proxy,historical data_available_time is unknown; observation_time is a pseudo-operational proxy
2008-12-30T00:00:00+00:00,2008-12-29,windermere,south,water_temperature,2.0,month_2,2009-01-29,2009-02-27,,degC,expanding_prior_year_window_climatology,1.0,False,0,0,,4f53cda18c2baa0c0354bb5f9a3ecbe5ed12ab4d8e11ba873c2f11161202b945,,observation_time_proxy,historical data_available_time is unknown; observation_time is a pseudo-operational proxy
2008-12-30T00:00:00+00:00,2008-12-29,windermere,south,water_temperature,2.0,month_3,2009-02-28,2009-03-29,,degC,expanding_prior_year_window_climatology,1.0,False,0,0,,4f53cda18c2baa0c0354bb5f9a3ecbe5ed12ab4d8e11ba873c2f11161202b945,,observation_time_proxy,historical data_available_time is unknown; observation_time is a pseudo-operational proxy
2009-01-06T00:00:00+00:00,2009-01-05,windermere,south,water_temperature,2.0,month_1,2009-01-06,2009-02-04,,degC,expanding_prior_year_window_climatology,1.0,False,1,1,2008,590b688f408fdb986ab176575a9a731fa69237ea1e0d83a55ea84a04141ed4e8,,observation_time_proxy,historical data_available_time is unknown; observation_time is a pseudo-operational proxy
2009-01-06T00:00:00+00:00,2009-01-05,windermere,south,water_temperature,2.0,month_2,2009-02-05,2009-03-06,,degC,expanding_prior_year_window_climatology,1.0,False,1,1,2008,8d7b794a827e97bbf0f311ac0c9df5ba1920188e6b10b543f6273489c4fb3de9,,observation_time_proxy,historical data_available_time is unknown; observation_time is a pseudo-operational proxy
2009-01-06T00:00:00+00:00,2009-01-05,windermere,south,water_temperature,2.0,month_3,2009-03-07,2009-04-05,,degC,expanding_prior_year_window_climatology,1.0,False,1,1,2008,50172f48edd33fabbe4594ee0c7814eaa6924c541c0c55f76c29b9b88f4384f9,,observation_time_proxy,historical data_available_time is unknown; observation_time is a pseudo-operational proxy
2009-01-13T00:00:00+00:00,2009-01-12,windermere,south,water_temperature,2.0,month_1,2009-01-13,2009-02-11,,degC,expanding_prior_year_window_climatology,1.0,False,1,1,2008,b6a4624794e006e8f43420d0703bde1c01091f928633e1eec4e2f3909055e2c4,,observation_time_proxy,historical data_available_time is unknown; observation_time is a pseudo-operational proxy
2009-01-13T00:00:00+00:00,2009-01-12,windermere,south,water_temperature,2.0,month_2,2009-02-12,2009-03-13,,degC,expanding_prior_year_window_climatology,1.0,False,1,1,2008,566f30f99d119cf1b1a74bee3d707f709c638d0c3e59670645295a2984473af7,,observation_time_proxy,historical data_available_time is unknown; observation_time is a pseudo-operational proxy
2009-01-13T00:00:00+00:00,2009-01-12,windermere,south,water_temperature,2.0,month_3,2009-03-14,2009-04-12,,degC,expanding_prior_year_window_climatology,1.0,False,1,1,2008,e1ff851415d9b744109fd8c850708c80750ec6fdb97d1caa4e91275d2bccbe52,,observation_time_proxy,historical data_available_time is unknown; observation_time is a pseudo-operational proxy
2009-01-20T00:00:00+00:00,2009-01-19,windermere,south,water_temperature,2.0,month_1,2009-01-20,2009-02-18,,degC,expanding_prior_year_window_climatology,1.0,False,1,1,2008,a65151a72daf5f4f5ed8a0c92c7f52308dbbbf01f5441072bc425f207ac4770a,,observation_time_proxy,historical data_available_time is unknown; observation_time is a pseudo-operational proxy
2009-01-20T00:00:00+00:00,2009-01-19,windermere,south,water_temperature,2.0,month_2,2009-02-19,2009-03-20,,degC,expanding_prior_year_window_climatology,1.0,False,1,1,2008,506d47b94a94c275982c854cf21dec01d5f3e1ab33c9a0dcc4e7136005dec68b,,observation_time_proxy,historical data_available_time is unknown; observation_time is a pseudo-operational proxy
2009-01-20T00:00:00+00:00,2009-01-19,windermere,south,water_temperature,2.0,month_3,2009-03-21,2009-04-19,,degC,expanding_prior_year_window_climatology,1.0,False,1,1,2008,f274874e84cf116069bb51f4b5029e76d84ecd07be13aed06d2c5144dbb2264d,,observation_time_proxy,historical data_available_time is unknown; observation_time is a pseudo-operational proxy
2009-01-27T00:00:00+00:00,2009-01-26,windermere,south,water_temperature,2.0,month_1,2009-01-27,2009-02-25,,degC,expanding_prior_year_window_climatology,1.0,False,1,1,2008,a63f1e453b656d08d08133f8582b7e48c8eecdaf763462502faeba477c631e36,,observation_time_proxy,historical data_available_time is unknown; observation_time is a pseudo-operational proxy
2009-01-27T00:00:00+00:00,2009-01-26,windermere,south,water_temperature,2.0,month_2,2009-02-26,2009-03-27,,degC,expanding_prior_year_window_climatology,1.0,False,1,1,2008,7d51ef8188b091882bb234a0811d8f209173213fc001d3c27c32a16b565891c7,,observation_time_proxy,historical data_available_time is unknown; observation_time is a pseudo-operational proxy
2009-01-27T00:00:00+00:00,2009-01-26,windermere,south,water_temperature,2.0,month_3,2009-03-28,2009-04-26,,degC,expanding_prior_year_window_climatology,1.0,False,1,1,2008,6f6178587ec6ccfefaf928de0ed63f5e3621356c631eca7527111933a8c44c0c,,observation_time_proxy,historical data_available_time is unknown; observation_time is a pseudo-operational proxy
2009-02-03T00:00:00+00:00,2009-02-02,windermere,south,water_temperature,2.0,month_1,2009-02-03,2009-03-04,,degC,expanding_prior_year_window_climatology,1.0,False,1,1,2008,91b818da3f90afcf4c38f58227eeafa15fb8e03b3ab9104a90cc6f709ce00f7f,,observation_time_proxy,historical data_available_time is unknown; observation_time is a pseudo-operational proxy
2009-02-03T00:00:00+00:00,2009-02-02,windermere,south,water_temperature,2.0,month_2,2009-03-05,2009-04-03,,degC,expanding_prior_year_window_climatology,1.0,False,1,1,2008,b8622b421f3261168b505cab8a2a05a42c33a2cb895d4a2d18ccd3b2ec4e4105,,observation_time_proxy,historical data_available_time is unknown; observation_time is a pseudo-operational proxy
2009-02-03T00:00:00+00:00,2009-02-02,windermere,south,water_temperature,2.0,month_3,2009-04-04,2009-05-03,,degC,expanding_prior_year_window_climatology,1.0,False,1,1,2008,05b8c38f63b174489c3081997d1b774dd8a911cc325143f6242809bead3c329a,,observation_time_proxy,historical data_available_time is unknown; observation_time is a pseudo-operational proxy
2009-02-10T00:00:00+00:00,2009-02-09,windermere,south,water_temperature,2.0,month_1,2009-02-10,2009-03-11,,degC,expanding_prior_year_window_climatology,1.0,False,1,1,2008,2249922b0dfe6c7330831289ef62bc88c9e3b084f84734bd3326ec0550c056be,,observation_time_proxy,historical data_available_time is unknown; observation_time is a pseudo-operational proxy
2009-02-10T00:00:00+00:00,2009-02-09,windermere,south,water_temperature,2.0,month_2,2009-03-12,2009-04-10,,degC,expanding_prior_year_window_climatology,1.0,False,1,1,2008,ee9c6f0a06e39653b7bf8c19ad4103e61d4e081a6fb06c6e8b05dda2efe9442d,,observation_time_proxy,historical data_available_time is unknown; observation_time is a pseudo-operational proxy
2009-02-10T00:00:00+00:00,2009-02-09,windermere,south,water_temperature,2.0,month_3,2009-04-11,2009-05-10,,degC,expanding_prior_year_window_climatology,1.0,False,1,1,2008,695b40f531de964dc7d695961a83611e343c2cb4021045df9fccf0ca63989ead,,observation_time_proxy,historical data_available_time is unknown; observation_time is a pseudo-operational proxy
2009-02-17T00:00:00+00:00,2009-02-16,windermere,south,water_temperature,2.0,month_1,2009-02-17,2009-03-18,,degC,expanding_prior_year_window_climatology,1.0,False,1,1,2008,a3648c2e348a2d4bc32870a6e8944350ff12c6171d123d2fcd6c330d93bb84d3,,observation_time_proxy,historical data_available_time is unknown; observation_time is a pseudo-operational proxy
2009-02-17T00:00:00+00:00,2009-02-16,windermere,south,water_temperature,2.0,month_2,2009-03-19,2009-04-17,,degC,expanding_prior_year_window_climatology,1.0,False,1,1,2008,74276007aa7c84cdcfab9d4b54ab9b3bb6870af9bb4f824f2dd449ccf01914d4,,observation_time_proxy,historical data_available_time is unknown; observation_time is a pseudo-operational proxy
2009-02-17T00:00:00+00:00,2009-02-16,windermere,south,water_temperature,2.0,month_3,2009-04-18,2009-05-17,,degC,expanding_prior_year_window_climatology,1.0,False,1,1,2008,1f3f84457560b6cc70d2badeffa89856775bdad84e299f857421abe7a990a32f,,observation_time_proxy,historical data_available_time is unknown; observation_time is a pseudo-operational proxy
2009-02-24T00:00:00+00:00,2009-02-23,windermere,south,water_temperature,2.0,month_1,2009-02-24,2009-03-25,,degC,expanding_prior_year_window_climatology,1.0,False,1,1,2008,264a6af47dca3f315bdd97e9150dc8479e377c0fd85bd1278a6f4e06e973a2ca,,observation_time_proxy,historical data_available_time is unknown; observation_time is a pseudo-operational proxy
2009-02-24T00:00:00+00:00,2009-02-23,windermere,south,water_temperature,2.0,month_2,2009-03-26,2009-04-24,,degC,expanding_prior_year_window_climatology,1.0,False,1,1,2008,b84dc2ef777de63878bf74aee8e3c029f2169c0bdca120ffa12140e7b79e5d0d,,observation_time_proxy,historical data_available_time is unknown; observation_time is a pseudo-operational proxy
2009-02-24T00:00:00+00:00,2009-02-23,windermere,south,water_temperature,2.0,month_3,2009-04-25,2009-05-24,,degC,expanding_prior_year_window_climatology,1.0,False,1,1,2008,2f96c90e8a84514b69cfafe299799109851448e397f0f8e01345936c31bfa828,,observation_time_proxy,historical data_available_time is unknown; observation_time is a pseudo-operational proxy
2009-03-03T00:00:00+00:00,2009-03-02,windermere,south,water_temperature,2.0,month_1,2009-03-03,2009-04-01,,degC,expanding_prior_year_window_climatology,1.0,False,1,1,2008,abc3f37223eb3f0ecbe6f075f3f255cb90e488b01e8b4ad86d329b0e595bec84,,observation_time_proxy,historical data_available_time is unknown; observation_time is a pseudo-operational proxy
2009-03-03T00:00:00+00:00,2009-03-02,windermere,south,water_temperature,2.0,month_2,2009-04-02,2009-05-01,,degC,expanding_prior_year_window_climatology,1.0,False,1,1,2008,798bfbe1e34cea4a23cc83d79c3da01c8f9a25001163f51372c9d5ce4c894c8b,,observation_time_proxy,historical data_available_time is unknown; observation_time is a pseudo-operational proxy
2009-03-03T00:00:00+00:00,2009-03-02,windermere,south,water_temperature,2.0,month_3,2009-05-02,2009-05-31,,degC,expanding_prior_year_window_climatology,1.0,False,1,1,2008,4da1cdc9a924152e100c98a14695eed5424cbc90e8ef8ae6cd6d0afca26a7e32,,observation_time_proxy,historical data_available_time is unknown; observation_time is a pseudo-operational proxy
2009-03-10T00:00:00+00:00,2009-03-09,windermere,south,water_temperature,2.0,month_1,2009-03-10,2009-04-08,,degC,expanding_prior_year_window_climatology,1.0,False,1,1,2008,4482c5b364405a7155391bd32a5eb516f5a404964e515710c53362a8de83d776,,observation_time_proxy,historical data_available_time is unknown; observation_time is a pseudo-operational proxy
2009-03-10T00:00:00+00:00,2009-03-09,windermere,south,water_temperature,2.0,month_2,2009-04-09,2009-05-08,,degC,expanding_prior_year_window_climatology,1.0,False,1,1,2008,5875f340b759b62353af34c225f2babefd0d91114223a1d8c89702fe48e75dac,,observation_time_proxy,historical data_available_time is unknown; observation_time is a pseudo-operational proxy
2009-03-10T00:00:00+00:00,2009-03-09,windermere,south,water_temperature,2.0,month_3,2009-05-09,2009-06-07,,degC,expanding_prior_year_window_climatology,1.0,False,1,1,2008,478b89326d7daa238b1841818b4356928359d2e31700f07d354e98906430eca1,,observation_time_proxy,historical data_available_time is unknown; observation_time is a pseudo-operational proxy
2009-03-17T00:00:00+00:00,2009-03-16,windermere,south,water_temperature,2.0,month_1,2009-03-17,2009-04-15,,degC,expanding_prior_year_window_climatology,1.0,False,1,1,2008,f0165eaa1e433c4d6ac920272ea4746592afcab03a7fcfd6f1af08e10c15f3cc,,observation_time_proxy,historical data_available_time is unknown; observation_time is a pseudo-operational proxy
2009-03-17T00:00:00+00:00,2009-03-16,windermere,south,water_temperature,2.0,month_2,2009-04-16,2009-05-15,,degC,expanding_prior_year_window_climatology,1.0,False,1,1,2008,5c0d7eecccab9753153dd655c7e784ec5c1e071da91c670b44ff5f6f97637960,,observation_time_proxy,historical data_available_time is unknown; observation_time is a pseudo-operational proxy
2009-03-17T00:00:00+00:00,2009-03-16,windermere,south,water_temperature,2.0,month_3,2009-05-16,2009-06-14,,degC,expanding_prior_year_window_climatology,1.0,False,1,1,2008,e07695e968dca25a3bab76a6f720399c9ca4022fe8f3634e98e032acf6deb375,,observation_time_proxy,historical data_available_time is unknown; observation_time is a pseudo-operational proxy
2009-03-24T00:00:00+00:00,2009-03-23,windermere,south,water_temperature,2.0,month_1,2009-03-24,2009-04-22,,degC,expanding_prior_year_window_climatology,1.0,False,1,1,2008,70871539fcb76d60ae19a7ebb36673cefc1922c3503f0db7d1f3ba56961db041,,observation_time_proxy,historical data_available_time is unknown; observation_time is a pseudo-operational proxy
2009-03-24T00:00:00+00:00,2009-03-23,windermere,south,water_temperature,2.0,month_2,2009-04-23,2009-05-22,,degC,expanding_prior_year_window_climatology,1.0,False,1,1,2008,0d53376d223ac57e6dc0d9fc319d2dbb63093494db1f523ec1264d8672712146,,observation_time_proxy,historical data_available_time is unknown; observation_time is a pseudo-operational proxy
2009-03-24T00:00:00+00:00,2009-03-23,windermere,south,water_temperature,2.0,month_3,2009-05-23,2009-06-21,,degC,expanding_prior_year_window_climatology,1.0,False,1,1,2008,c6d1c273808cc2a7ea02d016c95933795918431a9b0cf17efeb5e3dcf4c2732f,,observation_time_proxy,historical data_available_time is unknown; observation_time is a pseudo-operational proxy
2009-03-31T00:00:00+00:00,2009-03-30,windermere,south,water_temperature,2.0,month_1,2009-03-31,2009-04-29,,degC,expanding_prior_year_window_climatology,1.0,False,1,1,2008,9e2d64123b2c5f0100b0e402f33a9ba0516908a482c72e548897f719fcf7e7ea,,observation_time_proxy,historical data_available_time is unknown; observation_time is a pseudo-operational proxy
2009-03-31T00:00:00+00:00,2009-03-30,windermere,south,water_temperature,2.0,month_2,2009-04-30,2009-05-29,,degC,expanding_prior_year_window_climatology,1.0,False,1,1,2008,1084de2f79cf05f565a61113b73d5dfde574f009584a740a414b7747e35e5d38,,observation_time_proxy,historical data_available_time is unknown; observation_time is a pseudo-operational proxy
2009-03-31T00:00:00+00:00,2009-03-30,windermere,south,water_temperature,2.0,month_3,2009-05-30,2009-06-28,,degC,expanding_prior_year_window_climatology,1.0,False,1,1,2008,ecc6c3efe6e9d1f0a8faeaad7e34c8884f9767eaa2bbebc70483fa758c02757f,,observation_time_proxy,historical data_available_time is unknown; observation_time is a pseudo-operational proxy
2009-04-07T00:00:00+00:00,2009-04-06,windermere,south,water_temperature,2.0,month_1,2009-04-07,2009-05-06,,degC,expanding_prior_year_window_climatology,1.0,False,1,1,2008,465fd1db42f865b710de5deda117940e7d9b687f241dc18bce650ac38706d9b9,,observation_time_proxy,historical data_available_time is unknown; observation_time is a pseudo-operational proxy
2009-04-07T00:00:00+00:00,2009-04-06,windermere,south,water_temperature,2.0,month_2,2009-05-07,2009-06-05,,degC,expanding_prior_year_window_climatology,1.0,False,1,1,2008,4f98d791523414644690a86b8c5c67362236acc6f3fa0377eafdd0308536db56,,observation_time_proxy,historical data_available_time is unknown; observation_time is a pseudo-operational proxy
2009-04-07T00:00:00+00:00,2009-04-06,windermere,south,water_temperature,2.0,month_3,2009-06-06,2009-07-05,,degC,expanding_prior_year_window_climatology,1.0,False,1,1,2008,7fae5fb7c30037404dce17a59c009c0acece508d975a296f67d45007c17fe35e,,observation_time_proxy,historical data_available_time is unknown; observation_time is a pseudo-operational proxy
2009-04-14T00:00:00+00:00,2009-04-13,windermere,south,water_temperature,2.0,month_1,2009-04-14,2009-05-13,,degC,expanding_prior_year_window_climatology,1.0,False,1,1,2008,6a82f1ff7b23a98d7f4448374fecc42afa6271c57648617aa637717531e454a4,,observation_time_proxy,historical data_available_time is unknown; observation_time is a pseudo-operational proxy
2009-04-14T00:00:00+00:00,2009-04-13,windermere,south,water_temperature,2.0,month_2,2009-05-14,2009-06-12,,degC,expanding_prior_year_window_climatology,1.0,False,1,1,2008,bfb0a12b08862ee42b4e93ad64a6464bfc557bd9dba378b552fee5d38f8cba3b,,observation_time_proxy,historical data_available_time is unknown; observation_time is a pseudo-operational proxy
2009-04-14T00:00:00+00:00,2009-04-13,windermere,south,water_temperature,2.0,month_3,2009-06-13,2009-07-12,,degC,expanding_prior_year_window_climatology,1.0,False,1,1,2008,7aedcd9cef0cc701b3bd54f6c94730e8a8f4748450948fcbedeae7b63e1d69ad,,observation_time_proxy,historical data_available_time is unknown; observation_time is a pseudo-operational proxy
2009-04-21T00:00:00+00:00,2009-04-20,windermere,south,water_temperature,2.0,month_1,2009-04-21,2009-05-20,,degC,expanding_prior_year_window_climatology,1.0,False,1,1,2008,55c9a722c10be9689579daeb780476afb23912e846611a6c64f5e6d4180bfb76,,observation_time_proxy,historical data_available_time is unknown; observation_time is a pseudo-operational proxy
2009-04-21T00:00:00+00:00,2009-04-20,windermere,south,water_temperature,2.0,month_2,2009-05-21,2009-06-19,,degC,expanding_prior_year_window_climatology,1.0,False,1,1,2008,8ead71fc31c4fd5e53ab325dcfa0a89116e0f13b94bab9939b3040d732c88328,,observation_time_proxy,historical data_available_time is unknown; observation_time is a pseudo-operational proxy
2009-04-21T00:00:00+00:00,2009-04-20,windermere,south,water_temperature,2.0,month_3,2009-06-20,2009-07-19,,degC,expanding_prior_year_window_climatology,1.0,False,1,1,2008,2a14604de442a5b32f63c530cab0a8dc3a3ced931046f6d749234fd17bef1d02,,observation_time_proxy,historical data_available_time is unknown; observation_time is a pseudo-operational proxy
2009-04-28T00:00:00+00:00,2009-04-27,windermere,south,water_temperature,2.0,month_1,2009-04-28,2009-05-27,,degC,expanding_prior_year_window_climatology,1.0,False,1,1,2008,9be81e3b94ad4c88cb7d9dcfbab2bd32a8138ced210ca6549d06a92c6fba5672,,observation_time_proxy,historical data_available_time is unknown; observation_time is a pseudo-operational proxy
2009-04-28T00:00:00+00:00,2009-04-27,windermere,south,water_temperature,2.0,month_2,2009-05-28,2009-06-26,,degC,expanding_prior_year_window_climatology,1.0,False,1,1,2008,d9657d33125fdceb5b06202ee9dafcaed75db160b1ddd7a8b43fdf5b1cc6702c,,observation_time_proxy,historical data_available_time is unknown; observation_time is a pseudo-operational proxy
2009-04-28T00:00:00+00:00,2009-04-27,windermere,south,water_temperature,2.0,month_3,2009-06-27,2009-07-26,,degC,expanding_prior_year_window_climatology,1.0,False,1,1,2008,146f6393942f2601afa7ecad61b817bfccd1a624ea46d3a579a35f492f443fd3,,observation_time_proxy,historical data_available_time is unknown; observation_time is a pseudo-operational proxy
2009-05-05T00:00:00+00:00,2009-05-04,windermere,south,water_temperature,2.0,month_1,2009-05-05,2009-06-03,,degC,expanding_prior_year_window_climatology,1.0,False,1,1,2008,74dbdb121621b4b02a2aaeb2513a499ffafa475364f1ed4dfa6eb891895d855e,,observation_time_proxy,historical data_available_time is unknown; observation_time is a pseudo-operational proxy
2009-05-05T00:00:00+00:00,2009-05-04,windermere,south,water_temperature,2.0,month_2,2009-06-04,2009-07-03,,degC,expanding_prior_year_window_climatology,1.0,False,1,1,2008,57c1b4e21706842cdab47c50722e06bf065c94ce2455b15ccd6a9b99eee99fb0,,observation_time_proxy,historical data_available_time is unknown; observation_time is a pseudo-operational proxy
2009-05-05T00:00:00+00:00,2009-05-04,windermere,south,water_temperature,2.0,month_3,2009-07-04,2009-08-02,,degC,expanding_prior_year_window_climatology,1.0,False,1,1,2008,0860edf986cfae881655076e97a55ed0184d15079adfb273aed57f4b5a723339,,observation_time_proxy,historical data_available_time is unknown; observation_time is a pseudo-operational proxy
2009-05-12T00:00:00+00:00,2009-05-11,windermere,south,water_temperature,2.0,month_1,2009-05-12,2009-06-10,,degC,expanding_prior_year_window_climatology,1.0,False,1,1,2008,0e04f9dad10286bc856bcf605ca7333924d4b8f4685b8519506d7e5516b43a8b,,observation_time_proxy,historical data_available_time is unknown; observation_time is a pseudo-operational proxy
2009-05-12T00:00:00+00:00,2009-05-11,windermere,south,water_temperature,2.0,month_2,2009-06-11,2009-07-10,,degC,expanding_prior_year_window_climatology,1.0,False,1,1,2008,c87fedd3c5115a0771e7a7922ca61e12257676558ab5d849b151a90354813939,,observation_time_proxy,historical data_available_time is unknown; observation_time is a pseudo-operational proxy
2009-05-12T00:00:00+00:00,2009-05-11,windermere,south,water_temperature,2.0,month_3,2009-07-11,2009-08-09,,degC,expanding_prior_year_window_climatology,1.0,False,1,1,2008,31b476138d9bb39acad46906c52e71890472b39be20ebc86a6656bde88e3e2b9,,observation_time_proxy,historical data_available_time is unknown; observation_time is a pseudo-operational proxy
2009-05-19T00:00:00+00:00,2009-05-18,windermere,south,water_temperature,2.0,month_1,2009-05-19,2009-06-17,,degC,expanding_prior_year_window_climatology,1.0,False,1,1,2008,09c5e70a329dcda0d6af89839b55a85e0ee91c60f695db8680fbd3abc139d019,,observation_time_proxy,historical data_available_time is unknown; observation_time is a pseudo-operational proxy
2009-05-19T00:00:00+00:00,2009-05-18,windermere,south,water_temperature,2.0,month_2,2009-06-18,2009-07-17,,degC,expanding_prior_year_window_climatology,1.0,False,1,1,2008,8fc79009ad9c761072acc5981373a06a02b57f91df8e9d640a2997d2df04997f,,observation_time_proxy,historical data_available_time is unknown; observation_time is a pseudo-operational proxy
2009-05-19T00:00:00+00:00,2009-05-18,windermere,south,water_temperature,2.0,month_3,2009-07-18,2009-08-16,,degC,expanding_prior_year_window_climatology,1.0,False,1,1,2008,aaeae3a7c8fabd95eb4131c2cb86a9351f1b917f244d16e580c3ae525f8dbf4f,,observation_time_proxy,historical data_available_time is unknown; observation_time is a pseudo-operational proxy
2009-05-26T00:00:00+00:00,2009-05-25,windermere,south,water_temperature,2.0,month_1,2009-05-26,2009-06-24,,degC,expanding_prior_year_window_climatology,1.0,False,1,1,2008,0b3146403e6e1fdaeef0b290261d64e782d0978f81e56b3d1ba222652f8a36b2,,observation_time_proxy,historical data_available_time is unknown; observation_time is a pseudo-operational proxy
2009-05-26T00:00:00+00:00,2009-05-25,windermere,south,water_temperature,2.0,month_2,2009-06-25,2009-07-24,,degC,expanding_prior_year_window_climatology,1.0,False,1,1,2008,d08a7e7824bad2e8bb330b221a2e652c9e274367c1377e73a67165f4b1734f24,,observation_time_proxy,historical data_available_time is unknown; observation_time is a pseudo-operational proxy
2009-05-26T00:00:00+00:00,2009-05-25,windermere,south,water_temperature,2.0,month_3,2009-07-25,2009-08-23,,degC,expanding_prior_year_window_climatology,1.0,False,1,1,2008,030f996e703f42ef0dc69f3b2c58337018f594f43deb1d4442993ddc564c6a8b,,observation_time_proxy,historical data_available_time is unknown; observation_time is a pseudo-operational proxy
2009-06-02T00:00:00+00:00,2009-06-01,windermere,south,water_temperature,2.0,month_1,2009-06-02,2009-07-01,,degC,expanding_prior_year_window_climatology,1.0,False,1,1,2008,7b466dfe9780c4e5dd791bba5e3bb13fdaf20f2a8dc5f4d42bef16f83abcc7b9,,observation_time_proxy,historical data_available_time is unknown; observation_time is a pseudo-operational proxy
2009-06-02T00:00:00+00:00,2009-06-01,windermere,south,water_temperature,2.0,month_2,2009-07-02,2009-07-31,,degC,expanding_prior_year_window_climatology,1.0,False,1,1,2008,5fa199fd140dfafbd8e1b69c18e3067a353962893f5022070a3e22a6cafa8f2d,,observation_time_proxy,historical data_available_time is unknown; observation_time is a pseudo-operational proxy
2009-06-02T00:00:00+00:00,2009-06-01,windermere,south,water_temperature,2.0,month_3,2009-08-01,2009-08-30,,degC,expanding_prior_year_window_climatology,1.0,False,1,1,2008,40743f33c32194d5c5ae8a3dd2fa78e7d241a55868111eccf7021cadd210bc0d,,observation_time_proxy,historical data_available_time is unknown; observation_time is a pseudo-operational proxy
2009-06-09T00:00:00+00:00,2009-06-08,windermere,south,water_temperature,2.0,month_1,2009-06-09,2009-07-08,,degC,expanding_prior_year_window_climatology,1.0,False,1,1,2008,5fa0cb08f6e68082e1edaa7eb86b703017578d5fdf1054b251d03a24dfc2231c,,observation_time_proxy,historical data_available_time is unknown; observation_time is a pseudo-operational proxy
2009-06-09T00:00:00+00:00,2009-06-08,windermere,south,water_temperature,2.0,month_2,2009-07-09,2009-08-07,,degC,expanding_prior_year_window_climatology,1.0,False,1,1,2008,d5711a461c9f34c7617f71e8c2852968ecb2a1104158c7399db8651974e9b43c,,observation_time_proxy,historical data_available_time is unknown; observation_time is a pseudo-operational proxy
2009-06-09T00:00:00+00:00,2009-06-08,windermere,south,water_temperature,2.0,month_3,2009-08-08,2009-09-06,,degC,expanding_prior_year_window_climatology,1.0,False,1,1,2008,9b498464ba4a9f8d834db6d6ab31eddc46d3cc139b26486d320f4640fb8683f6,,observation_time_proxy,historical data_available_time is unknown; observation_time is a pseudo-operational proxy
2009-06-16T00:00:00+00:00,2009-06-15,windermere,south,water_temperature,2.0,month_1,2009-06-16,2009-07-15,,degC,expanding_prior_year_window_climatology,1.0,False,1,1,2008,8f8f0efcd645b249b65378608fb445c325751845163280dcd433abbb73f58c88,,observation_time_proxy,historical data_available_time is unknown; observation_time is a pseudo-operational proxy
2009-06-16T00:00:00+00:00,2009-06-15,windermere,south,water_temperature,2.0,month_2,2009-07-16,2009-08-14,,degC,expanding_prior_year_window_climatology,1.0,False,1,1,2008,6f5cf933b6d4a95a897fcb64884c158553aab8c207af0941f74b515b5cc4a4a9,,observation_time_proxy,historical data_available_time is unknown; observation_time is a pseudo-operational proxy
2009-06-16T00:00:00+00:00,2009-06-15,windermere,south,water_temperature,2.0,month_3,2009-08-15,2009-09-13,,degC,expanding_prior_year_window_climatology,1.0,False,1,1,2008,388693146054ba343a3f27e929cfc6d5aae36c95cbdc601ebd6fbba1a10727d2,,observation_time_proxy,historical data_available_time is unknown; observation_time is a pseudo-operational proxy
2009-06-23T00:00:00+00:00,2009-06-22,windermere,south,water_temperature,2.0,month_1,2009-06-23,2009-07-22,,degC,expanding_prior_year_window_climatology,1.0,False,1,1,2008,ebfbdd85e76537bc1508582d350e57740563ed3e847eebcaedcc83c33763a6ef,,observation_time_proxy,historical data_available_time is unknown; observation_time is a pseudo-operational proxy
2009-06-23T00:00:00+00:00,2009-06-22,windermere,south,water_temperature,2.0,month_2,2009-07-23,2009-08-21,,degC,expanding_prior_year_window_climatology,1.0,False,1,1,2008,b4866f4267c885f27c7b5a11579ee39f3eb43d41ffa9b93c5edfcb25f1937609,,observation_time_proxy,historical data_available_time is unknown; observation_time is a pseudo-operational proxy
2009-06-23T00:00:00+00:00,2009-06-22,windermere,south,water_temperature,2.0,month_3,2009-08-22,2009-09-20,,degC,expanding_prior_year_window_climatology,1.0,False,1,1,2008,41a5620bca9a2c42d85e8cad28313597bdea6dd4d08566c939c58618f6052b10,,observation_time_proxy,historical data_available_time is unknown; observation_time is a pseudo-operational proxy
2009-06-30T00:00:00+00:00,2009-06-29,windermere,south,water_temperature,2.0,month_1,2009-06-30,2009-07-29,,degC,expanding_prior_year_window_climatology,1.0,False,1,1,2008,b40e5031e7223df984bf5f4643681c3f869c6fd985b97b4e0931c0cb4fecbb34,,observation_time_proxy,historical data_available_time is unknown; observation_time is a pseudo-operational proxy
2009-06-30T00:00:00+00:00,2009-06-29,windermere,south,water_temperature,2.0,month_2,2009-07-30,2009-08-28,,degC,expanding_prior_year_window_climatology,1.0,False,1,1,2008,e377e4b70cb5c3a4425977979f158708aaafa9700a0f537e2f553225b462d4d9,,observation_time_proxy,historical data_available_time is unknown; observation_time is a pseudo-operational proxy
2009-06-30T00:00:00+00:00,2009-06-29,windermere,south,water_temperature,2.0,month_3,2009-08-29,2009-09-27,,degC,expanding_prior_year_window_climatology,1.0,False,1,1,2008,bb76ef2ad996f077130be85b2d673ccea291a901a02d3adcd62f423cc84432a6,,observation_time_proxy,historical data_available_time is unknown; observation_time is a pseudo-operational proxy
2009-07-07T00:00:00+00:00,2009-07-06,windermere,south,water_temperature,2.0,month_1,2009-07-07,2009-08-05,,degC,expanding_prior_year_window_climatology,1.0,False,1,1,2008,da2f84ad92641fecf375aa0daf36adba8511f4c5bcab312293f8035e3426afc0,,observation_time_proxy,historical data_available_time is unknown; observation_time is a pseudo-operational proxy
2009-07-07T00:00:00+00:00,2009-07-06,windermere,south,water_temperature,2.0,month_2,2009-08-06,2009-09-04,,degC,expanding_prior_year_window_climatology,1.0,False,1,1,2008,eb101e35d6a94044436503b62ae855fe48d6332ec1dd7ccbddba91444b3d8705,,observation_time_proxy,historical data_available_time is unknown; observation_time is a pseudo-operational proxy
2009-07-07T00:00:00+00:00,2009-07-06,windermere,south,water_temperature,2.0,month_3,2009-09-05,2009-10-04,,degC,expanding_prior_year_window_climatology,1.0,False,1,1,2008,1a0e11770e7d83b2498fbc4a60f22603b1cfdc4d48c60335522a967d32c942e9,,observation_time_proxy,historical data_available_time is unknown; observation_time is a pseudo-operational proxy
2009-07-14T00:00:00+00:00,2009-07-13,windermere,south,water_temperature,2.0,month_1,2009-07-14,2009-08-12,,degC,expanding_prior_year_window_climatology,1.0,False,1,1,2008,5952b92d08f1035c9a974882da8782dc517424be0fc722dcc2f82988b98cded5,,observation_time_proxy,historical data_available_time is unknown; observation_time is a pseudo-operational proxy
2009-07-14T00:00:00+00:00,2009-07-13,windermere,south,water_temperature,2.0,month_2,2009-08-13,2009-09-11,,degC,expanding_prior_year_window_climatology,1.0,False,1,1,2008,e4eac4fa283261b6765a5b8ce84afe39addacb6892db1f860e65c757c79f060f,,observation_time_proxy,historical data_available_time is unknown; observation_time is a pseudo-operational proxy
2009-07-14T00:00:00+00:00,2009-07-13,windermere,south,water_temperature,2.0,month_3,2009-09-12,2009-10-11,,degC,expanding_prior_year_window_climatology,1.0,False,1,1,2008,899db631f42716d53f9b7d929e98a8af578157b6ca827c93a00b4b6e60959432,,observation_time_proxy,historical data_available_time is unknown; observation_time is a pseudo-operational proxy
2009-07-21T00:00:00+00:00,2009-07-20,windermere,south,water_temperature,2.0,month_1,2009-07-21,2009-08-19,,degC,expanding_prior_year_window_climatology,1.0,False,1,1,2008,f46d1c35269522705f0c62f5ea6344927f48f5cea924749d4d0bed6965b2be36,,observation_time_proxy,historical data_available_time is unknown; observation_time is a pseudo-operational proxy
2009-07-21T00:00:00+00:00,2009-07-20,windermere,south,water_temperature,2.0,month_2,2009-08-20,2009-09-18,,degC,expanding_prior_year_window_climatology,1.0,False,1,1,2008,5307e6ae97fbf7e1f9079db0bdc91bdd6074a541e1c425e954e2ca28fc3dddbf,,observation_time_proxy,historical data_available_time is unknown; observation_time is a pseudo-operational proxy
2009-07-21T00:00:00+00:00,2009-07-20,windermere,south,water_temperature,2.0,month_3,2009-09-19,2009-10-18,,degC,expanding_prior_year_window_climatology,1.0,False,1,1,2008,9b58aeabee6d6a214edb34c9f23b54337819d732ce82c080b272034bbad89862,,observation_time_proxy,historical data_available_time is unknown; observation_time is a pseudo-operational proxy
2009-07-28T00:00:00+00:00,2009-07-27,windermere,south,water_temperature,2.0,month_1,2009-07-28,2009-08-26,,degC,expanding_prior_year_window_climatology,1.0,False,1,1,2008,1fa5869d237b36be5d15db45518ca1baf04bb0316c2acfe9e71a3d9ad048ec1a,,observation_time_proxy,historical data_available_time is unknown; observation_time is a pseudo-operational proxy
2009-07-28T00:00:00+00:00,2009-07-27,windermere,south,water_temperature,2.0,month_2,2009-08-27,2009-09-25,,degC,expanding_prior_year_window_climatology,1.0,False,1,1,2008,c57ceeb38da4c56dcf0bba2996b65b5b66bec1baba12079b7274d179ad84b3f8,,observation_time_proxy,historical data_available_time is unknown; observation_time is a pseudo-operational proxy
2009-07-28T00:00:00+00:00,2009-07-27,windermere,south,water_temperature,2.0,month_3,2009-09-26,2009-10-25,,degC,expanding_prior_year_window_climatology,1.0,False,1,1,2008,e154b1db29c5c4f49851a2d99475d80dfca049f58ac0890652746cbbde33d95d,,observation_time_proxy,historical data_available_time is unknown; observation_time is a pseudo-operational proxy
2009-08-04T00:00:00+00:00,2009-08-03,windermere,south,water_temperature,2.0,month_1,2009-08-04,2009-09-02,,degC,expanding_prior_year_window_climatology,1.0,False,1,1,2008,875f2c4c7d4dba59a8a291e8283194f094d398ce831271d85e551c8bd27bedb7,,observation_time_proxy,historical data_available_time is unknown; observation_time is a pseudo-operational proxy
2009-08-04T00:00:00+00:00,2009-08-03,windermere,south,water_temperature,2.0,month_2,2009-09-03,2009-10-02,,degC,expanding_prior_year_window_climatology,1.0,False,1,1,2008,f1253fe8d363dd4d39e6827b922f51f01453576d82a6a519fecc32f5cdb71cc4,,observation_time_proxy,historical data_available_time is unknown; observation_time is a pseudo-operational proxy
2009-08-04T00:00:00+00:00,2009-08-03,windermere,south,water_temperature,2.0,month_3,2009-10-03,2009-11-01,,degC,expanding_prior_year_window_climatology,1.0,False,1,1,2008,05f851fd889d2290b6bbd39b59cfe3497272d24f1741c3162c424ad00fe80536,,observation_time_proxy,historical data_available_time is unknown; observation_time is a pseudo-operational proxy
2009-08-11T00:00:00+00:00,2009-08-10,windermere,south,water_temperature,2.0,month_1,2009-08-11,2009-09-09,,degC,expanding_prior_year_window_climatology,1.0,False,1,1,2008,76eb15228b595e5c6900cfec189db1c6a104b10add074a31133b2a4d1516167c,,observation_time_proxy,historical data_available_time is unknown; observation_time is a pseudo-operational proxy
2009-08-11T00:00:00+00:00,2009-08-10,windermere,south,water_temperature,2.0,month_2,2009-09-10,2009-10-09,,degC,expanding_prior_year_window_climatology,1.0,False,1,1,2008,51b14cb987fd0cf5e7d03dba48fdf5215d89e07e939513613e8e9d89f40bb159,,observation_time_proxy,historical data_available_time is unknown; observation_time is a pseudo-operational proxy
2009-08-11T00:00:00+00:00,2009-08-10,windermere,south,water_temperature,2.0,month_3,2009-10-10,2009-11-08,,degC,expanding_prior_year_window_climatology,1.0,False,1,1,2008,0bf81658ff1acea0512facf753ba47c196148b5a7128c1bfdbe1b5a231f1b8af,,observation_time_proxy,historical data_available_time is unknown; observation_time is a pseudo-operational proxy
2009-08-18T00:00:00+00:00,2009-08-17,windermere,south,water_temperature,2.0,month_1,2009-08-18,2009-09-16,,degC,expanding_prior_year_window_climatology,1.0,False,1,1,2008,1e8f564c71047f8a5185bd9e0e321e65242d1b7d21844f1d40de7834643cdf5a,,observation_time_proxy,historical data_available_time is unknown; observation_time is a pseudo-operational proxy
2009-08-18T00:00:00+00:00,2009-08-17,windermere,south,water_temperature,2.0,month_2,2009-09-17,2009-10-16,,degC,expanding_prior_year_window_climatology,1.0,False,1,1,2008,fa98c5c4bafe59533fd2a508bce67e80b6d6ee89427be1054c359eb38402c0c7,,observation_time_proxy,historical data_available_time is unknown; observation_time is a pseudo-operational proxy
2009-08-18T00:00:00+00:00,2009-08-17,windermere,south,water_temperature,2.0,month_3,2009-10-17,2009-11-15,,degC,expanding_prior_year_window_climatology,1.0,False,1,1,2008,cb4d977c0c494f26d12470e7086c98c6d516d9c9fff5d56f1b9c05f1d8a7abc3,,observation_time_proxy,historical data_available_time is unknown; observation_time is a pseudo-operational proxy
2009-08-25T00:00:00+00:00,2009-08-24,windermere,south,water_temperature,2.0,month_1,2009-08-25,2009-09-23,,degC,expanding_prior_year_window_climatology,1.0,False,1,1,2008,19d627638cbe401da8f60e9e17e98f4bc38ca909d7dc0651c2ec3961e9e6a0fe,,observation_time_proxy,historical data_available_time is unknown; observation_time is a pseudo-operational proxy
2009-08-25T00:00:00+00:00,2009-08-24,windermere,south,water_temperature,2.0,month_2,2009-09-24,2009-10-23,,degC,expanding_prior_year_window_climatology,1.0,False,1,1,2008,b90375cb58ca3bc02064ebde9590fc99a6f947a4279110bb75fe7eb799fd9778,,observation_time_proxy,historical data_available_time is unknown; observation_time is a pseudo-operational proxy
2009-08-25T00:00:00+00:00,2009-08-24,windermere,south,water_temperature,2.0,month_3,2009-10-24,2009-11-22,,degC,expanding_prior_year_window_climatology,1.0,False,1,1,2008,9ee157bc3e2e8e2e814b3514ac2b4866e611aea357876ed31016e0669a203cc1,,observation_time_proxy,historical data_available_time is unknown; observation_time is a pseudo-operational proxy
2009-09-01T00:00:00+00:00,2009-08-31,windermere,south,water_temperature,2.0,month_1,2009-09-01,2009-09-30,,degC,expanding_prior_year_window_climatology,1.0,False,1,1,2008,c2979b6e3d3f245eb88954f9ca5fbf4b7cf5dffef4633cabf7b88679e504cf08,,observation_time_proxy,historical data_available_time is unknown; observation_time is a pseudo-operational proxy
2009-09-01T00:00:00+00:00,2009-08-31,windermere,south,water_temperature,2.0,month_2,2009-10-01,2009-10-30,,degC,expanding_prior_year_window_climatology,1.0,False,1,1,2008,9dd7815eb374fdd5d0d7a347dbae7c28c4119d35f87566b28902ad122e655a4f,,observation_time_proxy,historical data_available_time is unknown; observation_time is a pseudo-operational proxy
2009-09-01T00:00:00+00:00,2009-08-31,windermere,south,water_temperature,2.0,month_3,2009-10-31,2009-11-29,,degC,expanding_prior_year_window_climatology,1.0,False,1,1,2008,ff3cac82a224a5aba4b9ad196d091a095bf4f37134f5e340f7e022e3feb77076,,observation_time_proxy,historical data_available_time is unknown; observation_time is a pseudo-operational proxy
2009-09-08T00:00:00+00:00,2009-09-07,windermere,south,water_temperature,2.0,month_1,2009-09-08,2009-10-07,,degC,expanding_prior_year_window_climatology,1.0,False,1,1,2008,615b9142687a14753315c6483b77e050975d297fbcee843a8df003c2d9983e30,,observation_time_proxy,historical data_available_time is unknown; observation_time is a pseudo-operational proxy
2009-09-08T00:00:00+00:00,2009-09-07,windermere,south,water_temperature,2.0,month_2,2009-10-08,2009-11-06,,degC,expanding_prior_year_window_climatology,1.0,False,1,1,2008,ec0425b0bcb2c5da79b1b2338cf9404d0dfa52b58cdee9549667219262b464fa,,observation_time_proxy,historical data_available_time is unknown; observation_time is a pseudo-operational proxy
2009-09-08T00:00:00+00:00,2009-09-07,windermere,south,water_temperature,2.0,month_3,2009-11-07,2009-12-06,,degC,expanding_prior_year_window_climatology,1.0,False,1,1,2008,91497bc7b4d5c463ba2c7edbe585217cc117450560d4934a8af2bf11f201b295,,observation_time_proxy,historical data_available_time is unknown; observation_time is a pseudo-operational proxy
2009-09-15T00:00:00+00:00,2009-09-14,windermere,south,water_temperature,2.0,month_1,2009-09-15,2009-10-14,,degC,expanding_prior_year_window_climatology,1.0,False,1,1,2008,b6e0b82d28c0fcd53a95dd9b4a973562df41c4267f7b229923bc778445a64fed,,observation_time_proxy,historical data_available_time is unknown; observation_time is a pseudo-operational proxy
2009-09-15T00:00:00+00:00,2009-09-14,windermere,south,water_temperature,2.0,month_2,2009-10-15,2009-11-13,,degC,expanding_prior_year_window_climatology,1.0,False,1,1,2008,24068b391afd1b0b2e04a2bd1b74bc50d0475029ba47d4eda2c43b016bc83b85,,observation_time_proxy,historical data_available_time is unknown; observation_time is a pseudo-operational proxy
2009-09-15T00:00:00+00:00,2009-09-14,windermere,south,water_temperature,2.0,month_3,2009-11-14,2009-12-13,,degC,expanding_prior_year_window_climatology,1.0,False,1,1,2008,767e065bb839d85a4835efe54a34e5f317c7b15243f242b9ac6d19a8bf3a0070,,observation_time_proxy,historical data_available_time is unknown; observation_time is a pseudo-operational proxy
2009-09-22T00:00:00+00:00,2009-09-21,windermere,south,water_temperature,2.0,month_1,2009-09-22,2009-10-21,,degC,expanding_prior_year_window_climatology,1.0,False,1,1,2008,361870b27e7f56deab9d8a5b49500ad959fe1157d04005fe46d5e85b717f2c68,,observation_time_proxy,historical data_available_time is unknown; observation_time is a pseudo-operational proxy
2009-09-22T00:00:00+00:00,2009-09-21,windermere,south,water_temperature,2.0,month_2,2009-10-22,2009-11-20,,degC,expanding_prior_year_window_climatology,1.0,False,1,1,2008,1c15157f87783d341eea942e5e8b9883408be720916ce4f184f9520e11dbecea,,observation_time_proxy,historical data_available_time is unknown; observation_time is a pseudo-operational proxy
2009-09-22T00:00:00+00:00,2009-09-21,windermere,south,water_temperature,2.0,month_3,2009-11-21,2009-12-20,,degC,expanding_prior_year_window_climatology,1.0,False,1,1,2008,620a4878bab50563ae2d0f67f1328a3042b050b517ad847be89fa49fd6a0ea0b,,observation_time_proxy,historical data_available_time is unknown; observation_time is a pseudo-operational proxy
2009-09-29T00:00:00+00:00,2009-09-28,windermere,south,water_temperature,2.0,month_1,2009-09-29,2009-10-28,,degC,expanding_prior_year_window_climatology,1.0,False,1,1,2008,acf194806161c8f9d0feb8dd9e91fa0e1c326329c0d111896796b48a5384944f,,observation_time_proxy,historical data_available_time is unknown; observation_time is a pseudo-operational proxy
2009-09-29T00:00:00+00:00,2009-09-28,windermere,south,water_temperature,2.0,month_2,2009-10-29,2009-11-27,,degC,expanding_prior_year_window_climatology,1.0,False,1,1,2008,87b835b64853c3d003084d205dd69b0b3bc2525a816e8363950799d2842342a4,,observation_time_proxy,historical data_available_time is unknown; observation_time is a pseudo-operational proxy
2009-09-29T00:00:00+00:00,2009-09-28,windermere,south,water_temperature,2.0,month_3,2009-11-28,2009-12-27,,degC,expanding_prior_year_window_climatology,1.0,False,1,1,2008,1fd599e4bf3859f4d0a2242229475eefb41494a9151b8535e6b179cac035e392,,observation_time_proxy,historical data_available_time is unknown; observation_time is a pseudo-operational proxy
2009-10-06T00:00:00+00:00,2009-10-05,windermere,south,water_temperature,2.0,month_1,2009-10-06,2009-11-04,,degC,expanding_prior_year_window_climatology,1.0,False,1,1,2008,76bdea487f6abee83aa7423d0715d5d5842e0e5e285eab603bc8c36047b77b9f,,observation_time_proxy,historical data_available_time is unknown; observation_time is a pseudo-operational proxy
2009-10-06T00:00:00+00:00,2009-10-05,windermere,south,water_temperature,2.0,month_2,2009-11-05,2009-12-04,,degC,expanding_prior_year_window_climatology,1.0,False,1,1,2008,075622cfc56126bedc15dd9e3ebf821a91d240a5b98e581038390dbadadeb42e,,observation_time_proxy,historical data_available_time is unknown; observation_time is a pseudo-operational proxy
2009-10-06T00:00:00+00:00,2009-10-05,windermere,south,water_temperature,2.0,month_3,2009-12-05,2010-01-03,,degC,expanding_prior_year_window_climatology,1.0,False,1,1,2008,e68e9730111a35c2f5aa7faed62064119f942be6b8a03a322bfa33e3dcdf46b6,,observation_time_proxy,historical data_available_time is unknown; observation_time is a pseudo-operational proxy
2009-10-13T00:00:00+00:00,2009-10-12,windermere,south,water_temperature,2.0,month_1,2009-10-13,2009-11-11,,degC,expanding_prior_year_window_climatology,1.0,False,1,1,2008,bda328c6e9ea91118daefd5241d2b4e661f355475dfaf296f402d4b2672ea3dd,,observation_time_proxy,historical data_available_time is unknown; observation_time is a pseudo-operational proxy
2009-10-13T00:00:00+00:00,2009-10-12,windermere,south,water_temperature,2.0,month_2,2009-11-12,2009-12-11,,degC,expanding_prior_year_window_climatology,1.0,False,1,1,2008,be0ef50c52aef8de9c1ad90e2bedcb281d5e6e37dbc6d2d0d4b84e63f5289416,,observation_time_proxy,historical data_available_time is unknown; observation_time is a pseudo-operational proxy
2009-10-13T00:00:00+00:00,2009-10-12,windermere,south,water_temperature,2.0,month_3,2009-12-12,2010-01-10,,degC,expanding_prior_year_window_climatology,1.0,False,1,0,,4f53cda18c2baa0c0354bb5f9a3ecbe5ed12ab4d8e11ba873c2f11161202b945,,observation_time_proxy,historical data_available_time is unknown; observation_time is a pseudo-operational proxy
2009-10-20T00:00:00+00:00,2009-10-19,windermere,south,water_temperature,2.0,month_1,2009-10-20,2009-11-18,,degC,expanding_prior_year_window_climatology,1.0,False,1,1,2008,285b9cc73fe901d5feaa47c17a7c0c230f01f27cc2932db07fb152498ef0befd,,observation_time_proxy,historical data_available_time is unknown; observation_time is a pseudo-operational proxy
2009-10-20T00:00:00+00:00,2009-10-19,windermere,south,water_temperature,2.0,month_2,2009-11-19,2009-12-18,,degC,expanding_prior_year_window_climatology,1.0,False,1,1,2008,43b99a89cc5f6830d3a34494f60e2fc0dbb4fe8f77eacf2d2fb7671fd4585f5c,,observation_time_proxy,historical data_available_time is unknown; observation_time is a pseudo-operational proxy
2009-10-20T00:00:00+00:00,2009-10-19,windermere,south,water_temperature,2.0,month_3,2009-12-19,2010-01-17,,degC,expanding_prior_year_window_climatology,1.0,False,1,0,,4f53cda18c2baa0c0354bb5f9a3ecbe5ed12ab4d8e11ba873c2f11161202b945,,observation_time_proxy,historical data_available_time is unknown; observation_time is a pseudo-operational proxy
2009-10-27T00:00:00+00:00,2009-10-26,windermere,south,water_temperature,2.0,month_1,2009-10-27,2009-11-25,,degC,expanding_prior_year_window_climatology,1.0,False,1,1,2008,5220915d19a84b6d78cb8bad5d5ec88b7d62d59153ffc8f8217c218966f38c3e,,observation_time_proxy,historical data_available_time is unknown; observation_time is a pseudo-operational proxy
2009-10-27T00:00:00+00:00,2009-10-26,windermere,south,water_temperature,2.0,month_2,2009-11-26,2009-12-25,,degC,expanding_prior_year_window_climatology,1.0,False,1,1,2008,9bc5fc4ca80e62051ae2b2de847a5e57819e92687ce17334f55bfbaa91fb3985,,observation_time_proxy,historical data_available_time is unknown; observation_time is a pseudo-operational proxy
2009-10-27T00:00:00+00:00,2009-10-26,windermere,south,water_temperature,2.0,month_3,2009-12-26,2010-01-24,,degC,expanding_prior_year_window_climatology,1.0,False,1,0,,4f53cda18c2baa0c0354bb5f9a3ecbe5ed12ab4d8e11ba873c2f11161202b945,,observation_time_proxy,historical data_available_time is unknown; observation_time is a pseudo-operational proxy
2009-11-03T00:00:00+00:00,2009-11-02,windermere,south,water_temperature,2.0,month_1,2009-11-03,2009-12-02,,degC,expanding_prior_year_window_climatology,1.0,False,1,1,2008,68c5f3f4a04798ece885067de9272624f146f68246c53dd040d4daaf435685b1,,observation_time_proxy,historical data_available_time is unknown; observation_time is a pseudo-operational proxy
2009-11-03T00:00:00+00:00,2009-11-02,windermere,south,water_temperature,2.0,month_2,2009-12-03,2010-01-01,,degC,expanding_prior_year_window_climatology,1.0,False,1,1,2008,de3dc8e74125fc9b7485294bceb016e9845e0f2dc866b00ad76f7b1a9cd9e021,,observation_time_proxy,historical data_available_time is unknown; observation_time is a pseudo-operational proxy
2009-11-03T00:00:00+00:00,2009-11-02,windermere,south,water_temperature,2.0,month_3,2010-01-02,2010-01-31,,degC,expanding_prior_year_window_climatology,1.0,False,1,1,2008,71fb615798eb183fe5b97edef758973f9abe74e14d71574e05e68ea3b86b52d1,,observation_time_proxy,historical data_available_time is unknown; observation_time is a pseudo-operational proxy
2009-11-10T00:00:00+00:00,2009-11-09,windermere,south,water_temperature,2.0,month_1,2009-11-10,2009-12-09,,degC,expanding_prior_year_window_climatology,1.0,False,1,1,2008,b4a1313e6091fc12e2d6e22f235eeef86dcdb70cb1c8c0c49b078409221e7502,,observation_time_proxy,historical data_available_time is unknown; observation_time is a pseudo-operational proxy
2009-11-10T00:00:00+00:00,2009-11-09,windermere,south,water_temperature,2.0,month_2,2009-12-10,2010-01-08,,degC,expanding_prior_year_window_climatology,1.0,False,1,0,,4f53cda18c2baa0c0354bb5f9a3ecbe5ed12ab4d8e11ba873c2f11161202b945,,observation_time_proxy,historical data_available_time is unknown; observation_time is a pseudo-operational proxy
2009-11-10T00:00:00+00:00,2009-11-09,windermere,south,water_temperature,2.0,month_3,2010-01-09,2010-02-07,,degC,expanding_prior_year_window_climatology,1.0,False,1,1,2008,2654e848b68f1dd3c1eb857d4ec29f14f39223c65c48ed191162e683ce17cc12,,observation_time_proxy,historical data_available_time is unknown; observation_time is a pseudo-operational proxy
2009-11-17T00:00:00+00:00,2009-11-16,windermere,south,water_temperature,2.0,month_1,2009-11-17,2009-12-16,,degC,expanding_prior_year_window_climatology,1.0,False,1,1,2008,f18a24934642b7740885a04e200eee8f62c4c73a8480e542c4187a4d134e405a,,observation_time_proxy,historical data_available_time is unknown; observation_time is a pseudo-operational proxy
2009-11-17T00:00:00+00:00,2009-11-16,windermere,south,water_temperature,2.0,month_2,2009-12-17,2010-01-15,,degC,expanding_prior_year_window_climatology,1.0,False,1,0,,4f53cda18c2baa0c0354bb5f9a3ecbe5ed12ab4d8e11ba873c2f11161202b945,,observation_time_proxy,historical data_available_time is unknown; observation_time is a pseudo-operational proxy
2009-11-17T00:00:00+00:00,2009-11-16,windermere,south,water_temperature,2.0,month_3,2010-01-16,2010-02-14,,degC,expanding_prior_year_window_climatology,1.0,False,1,1,2008,9e4da29bf7ee3b83a44b06760fb9aabc7ce635c2dad655b0f93580c1e6a8b645,,observation_time_proxy,historical data_available_time is unknown; observation_time is a pseudo-operational proxy
2009-11-24T00:00:00+00:00,2009-11-23,windermere,south,water_temperature,2.0,month_1,2009-11-24,2009-12-23,,degC,expanding_prior_year_window_climatology,1.0,False,1,1,2008,9b2d42c5c4ef27a4fecc87ce7088d7c2a7db04a48ec483b09906a5cb0eea7772,,observation_time_proxy,historical data_available_time is unknown; observation_time is a pseudo-operational proxy
2009-11-24T00:00:00+00:00,2009-11-23,windermere,south,water_temperature,2.0,month_2,2009-12-24,2010-01-22,,degC,expanding_prior_year_window_climatology,1.0,False,1,0,,4f53cda18c2baa0c0354bb5f9a3ecbe5ed12ab4d8e11ba873c2f11161202b945,,observation_time_proxy,historical data_available_time is unknown; observation_time is a pseudo-operational proxy
2009-11-24T00:00:00+00:00,2009-11-23,windermere,south,water_temperature,2.0,month_3,2010-01-23,2010-02-21,,degC,expanding_prior_year_window_climatology,1.0,False,1,1,2008,a1c4f64314c196c57c6fdecd1b80ba4b7ba3b5cf55d672536335a4420d82ab28,,observation_time_proxy,historical data_available_time is unknown; observation_time is a pseudo-operational proxy
2009-12-01T00:00:00+00:00,2009-11-30,windermere,south,water_temperature,2.0,month_1,2009-12-01,2009-12-30,,degC,expanding_prior_year_window_climatology,1.0,False,1,1,2008,b76892762ccbda553aaeb47bb64a8f3a8e51ec181d604bdac13c3e3c60e711da,,observation_time_proxy,historical data_available_time is unknown; observation_time is a pseudo-operational proxy
2009-12-01T00:00:00+00:00,2009-11-30,windermere,south,water_temperature,2.0,month_2,2009-12-31,2010-01-29,,degC,expanding_prior_year_window_climatology,1.0,False,1,0,,4f53cda18c2baa0c0354bb5f9a3ecbe5ed12ab4d8e11ba873c2f11161202b945,,observation_time_proxy,historical data_available_time is unknown; observation_time is a pseudo-operational proxy
2009-12-01T00:00:00+00:00,2009-11-30,windermere,south,water_temperature,2.0,month_3,2010-01-30,2010-02-28,,degC,expanding_prior_year_window_climatology,1.0,False,1,1,2008,ecc8d2643383eec4aa44519fd789647fa189509123a9694421152fc42d408189,,observation_time_proxy,historical data_available_time is unknown; observation_time is a pseudo-operational proxy
2009-12-08T00:00:00+00:00,2009-12-07,windermere,south,water_temperature,2.0,month_1,2009-12-08,2010-01-06,,degC,expanding_prior_year_window_climatology,1.0,False,1,0,,4f53cda18c2baa0c0354bb5f9a3ecbe5ed12ab4d8e11ba873c2f11161202b945,,observation_time_proxy,historical data_available_time is unknown; observation_time is a pseudo-operational proxy
2009-12-08T00:00:00+00:00,2009-12-07,windermere,south,water_temperature,2.0,month_2,2010-01-07,2010-02-05,,degC,expanding_prior_year_window_climatology,1.0,False,1,1,2008,3b839e305b52e0ae9fb2c612d6aa54617d7a87173d1579d2ab185b385264b15d,,observation_time_proxy,historical data_available_time is unknown; observation_time is a pseudo-operational proxy
2009-12-08T00:00:00+00:00,2009-12-07,windermere,south,water_temperature,2.0,month_3,2010-02-06,2010-03-07,,degC,expanding_prior_year_window_climatology,1.0,False,1,1,2008,f69f1e3d26bd5762785b3e07994f7b79f6998053aadf72783e52024a78ab61c6,,observation_time_proxy,historical data_available_time is unknown; observation_time is a pseudo-operational proxy
2009-12-15T00:00:00+00:00,2009-12-14,windermere,south,water_temperature,2.0,month_1,2009-12-15,2010-01-13,,degC,expanding_prior_year_window_climatology,1.0,False,1,0,,4f53cda18c2baa0c0354bb5f9a3ecbe5ed12ab4d8e11ba873c2f11161202b945,,observation_time_proxy,historical data_available_time is unknown; observation_time is a pseudo-operational proxy
2009-12-15T00:00:00+00:00,2009-12-14,windermere,south,water_temperature,2.0,month_2,2010-01-14,2010-02-12,,degC,expanding_prior_year_window_climatology,1.0,False,1,1,2008,ed12f63a8156a1dd76d82d18475cd672c786e52a99f8280a2aa0858b244414d3,,observation_time_proxy,historical data_available_time is unknown; observation_time is a pseudo-operational proxy
2009-12-15T00:00:00+00:00,2009-12-14,windermere,south,water_temperature,2.0,month_3,2010-02-13,2010-03-14,,degC,expanding_prior_year_window_climatology,1.0,False,1,1,2008,70672636b23e24a32e7302f7a0b40d6dc186ec991c2e3c6ae25fc002918b51fd,,observation_time_proxy,historical data_available_time is unknown; observation_time is a pseudo-operational proxy
2009-12-22T00:00:00+00:00,2009-12-21,windermere,south,water_temperature,2.0,month_1,2009-12-22,2010-01-20,,degC,expanding_prior_year_window_climatology,1.0,False,1,0,,4f53cda18c2baa0c0354bb5f9a3ecbe5ed12ab4d8e11ba873c2f11161202b945,,observation_time_proxy,historical data_available_time is unknown; observation_time is a pseudo-operational proxy
2009-12-22T00:00:00+00:00,2009-12-21,windermere,south,water_temperature,2.0,month_2,2010-01-21,2010-02-19,,degC,expanding_prior_year_window_climatology,1.0,False,1,1,2008,69fec781ccd2b62251c61c0045f011030cfb48f2cd0cee7394a864b99ad6fbee,,observation_time_proxy,historical data_available_time is unknown; observation_time is a pseudo-operational proxy
2009-12-22T00:00:00+00:00,2009-12-21,windermere,south,water_temperature,2.0,month_3,2010-02-20,2010-03-21,,degC,expanding_prior_year_window_climatology,1.0,False,1,1,2008,c66017c888009d55d5a05e778544240704ba5ae624ec833132c5ce0e4557c8fb,,observation_time_proxy,historical data_available_time is unknown; observation_time is a pseudo-operational proxy
2009-12-29T00:00:00+00:00,2009-12-28,windermere,south,water_temperature,2.0,month_1,2009-12-29,2010-01-27,,degC,expanding_prior_year_window_climatology,1.0,False,1,0,,4f53cda18c2baa0c0354bb5f9a3ecbe5ed12ab4d8e11ba873c2f11161202b945,,observation_time_proxy,historical data_available_time is unknown; observation_time is a pseudo-operational proxy
2009-12-29T00:00:00+00:00,2009-12-28,windermere,south,water_temperature,2.0,month_2,2010-01-28,2010-02-26,,degC,expanding_prior_year_window_climatology,1.0,False,1,1,2008,ee899cc3e1ffe482cf49bc922babec0a5c7669a125ee837ca11875d726231e4f,,observation_time_proxy,historical data_available_time is unknown; observation_time is a pseudo-operational proxy
2009-12-29T00:00:00+00:00,2009-12-28,windermere,south,water_temperature,2.0,month_3,2010-02-27,2010-03-28,,degC,expanding_prior_year_window_climatology,1.0,False,1,1,2008,0b6759b967958f4a9551dbd5ecf3bf73d427076dedc5abaa40ef90d7e3883243,,observation_time_proxy,historical data_available_time is unknown; observation_time is a pseudo-operational proxy
2010-01-05T00:00:00+00:00,2010-01-04,windermere,south,water_temperature,2.0,month_1,2010-01-05,2010-02-03,,degC,expanding_prior_year_window_climatology,1.0,False,2,2,2008|2009,95bcca348c3a2c95e74bd0a6802456fa3deb91cecf4e73c4a67f3efbe5e65867,0.7043339090845763,observation_time_proxy,historical data_available_time is unknown; observation_time is a pseudo-operational proxy
2010-01-05T00:00:00+00:00,2010-01-04,windermere,south,water_temperature,2.0,month_2,2010-02-04,2010-03-05,,degC,expanding_prior_year_window_climatology,1.0,False,2,2,2008|2009,ee47ba593777fae73b43d7cfda91fe683d1b1c11901bdf45a81a1547b4ce4677,0.9531321131224607,observation_time_proxy,historical data_available_time is unknown; observation_time is a pseudo-operational proxy
2010-01-05T00:00:00+00:00,2010-01-04,windermere,south,water_temperature,2.0,month_3,2010-03-06,2010-04-04,,degC,expanding_prior_year_window_climatology,1.0,False,2,2,2008|2009,08ba74a7956b2aa01b8ad61c9d62d0b2cacd5e498ecfe27d9a5a1eeb4fa39b3b,0.15952800388089308,observation_time_proxy,historical data_available_time is unknown; observation_time is a pseudo-operational proxy
2010-01-12T00:00:00+00:00,2010-01-11,windermere,south,water_temperature,2.0,month_1,2010-01-12,2010-02-10,,degC,expanding_prior_year_window_climatology,1.0,False,2,2,2008|2009,3876461e8eb0c4ab537ae033be7032c4dfe1f85d452f1cc1c9a0b83f1fb92a61,0.8068303451651122,observation_time_proxy,historical data_available_time is unknown; observation_time is a pseudo-operational proxy
2010-01-12T00:00:00+00:00,2010-01-11,windermere,south,water_temperature,2.0,month_2,2010-02-11,2010-03-12,,degC,expanding_prior_year_window_climatology,1.0,False,2,2,2008|2009,448047a8d264d62b1e12f5d52e5d6ee65537ecb277a77e4d6311ac948d9b2664,0.8876092417551112,observation_time_proxy,historical data_available_time is unknown; observation_time is a pseudo-operational proxy
2010-01-12T00:00:00+00:00,2010-01-11,windermere,south,water_temperature,2.0,month_3,2010-03-13,2010-04-11,,degC,expanding_prior_year_window_climatology,1.0,False,2,2,2008|2009,4b2494693b404ebfa6da8ae8209f4997f2d0743e74eeb77db172ee3ba5f8792b,0.08458774690871594,observation_time_proxy,historical data_available_time is unknown; observation_time is a pseudo-operational proxy
2010-01-19T00:00:00+00:00,2010-01-18,windermere,south,water_temperature,2.0,month_1,2010-01-19,2010-02-17,,degC,expanding_prior_year_window_climatology,1.0,False,2,2,2008|2009,d1c2f38501a00e427f0ca94f2157350b8e572de0b51ac69cf7eefc739b550360,0.9409520023979723,observation_time_proxy,historical data_available_time is unknown; observation_time is a pseudo-operational proxy
2010-01-19T00:00:00+00:00,2010-01-18,windermere,south,water_temperature,2.0,month_2,2010-02-18,2010-03-19,,degC,expanding_prior_year_window_climatology,1.0,False,2,2,2008|2009,c8d6fead481fca2a894d8fc4d56f38583e79872b8c5cd36f090219b44e91d0f6,0.7175714705017329,observation_time_proxy,historical data_available_time is unknown; observation_time is a pseudo-operational proxy
2010-01-19T00:00:00+00:00,2010-01-18,windermere,south,water_temperature,2.0,month_3,2010-03-20,2010-04-18,,degC,expanding_prior_year_window_climatology,1.0,False,2,2,2008|2009,62dfe8524746f7b4e7168e65bb59d4349fcc130f3145c98ec576dfefdfa21b30,0.4250146822020129,observation_time_proxy,historical data_available_time is unknown; observation_time is a pseudo-operational proxy
2010-01-26T00:00:00+00:00,2010-01-25,windermere,south,water_temperature,2.0,month_1,2010-01-26,2010-02-24,,degC,expanding_prior_year_window_climatology,1.0,False,2,2,2008|2009,fa7ec9ea5941f19670a689944f4b46463bd1d142b4deeef31a89a787bb656736,0.9809945755330901,observation_time_proxy,historical data_available_time is unknown; observation_time is a pseudo-operational proxy
2010-01-26T00:00:00+00:00,2010-01-25,windermere,south,water_temperature,2.0,month_2,2010-02-25,2010-03-26,,degC,expanding_prior_year_window_climatology,1.0,False,2,2,2008|2009,17bb6dc0734e095153bae26f8138589772d4ac89e5940bf294b6a320ad560987,0.4654672790609437,observation_time_proxy,historical data_available_time is unknown; observation_time is a pseudo-operational proxy
2010-01-26T00:00:00+00:00,2010-01-25,windermere,south,water_temperature,2.0,month_3,2010-03-27,2010-04-25,,degC,expanding_prior_year_window_climatology,1.0,False,2,2,2008|2009,2484edc912129dc1617e8545d96fee523ff96d203cd338c65140a486bd3f4343,0.7579466784518335,observation_time_proxy,historical data_available_time is unknown; observation_time is a pseudo-operational proxy
2010-02-02T00:00:00+00:00,2010-02-01,windermere,south,water_temperature,2.0,month_1,2010-02-02,2010-03-03,,degC,expanding_prior_year_window_climatology,1.0,False,2,2,2008|2009,f6fdfd9e00ac31fae9893476f40cd184fb794970b9eb4061e338200165ecfac3,0.9634308287626172,observation_time_proxy,historical data_available_time is unknown; observation_time is a pseudo-operational proxy
2010-02-02T00:00:00+00:00,2010-02-01,windermere,south,water_temperature,2.0,month_2,2010-03-04,2010-04-02,,degC,expanding_prior_year_window_climatology,1.0,False,2,2,2008|2009,38068c2d71ec880b8ca3b026930cd2c6217b649cf22c2943c135f73dff922160,0.22950093392451013,observation_time_proxy,historical data_available_time is unknown; observation_time is a pseudo-operational proxy
2010-02-02T00:00:00+00:00,2010-02-01,windermere,south,water_temperature,2.0,month_3,2010-04-03,2010-05-02,,degC,expanding_prior_year_window_climatology,1.0,False,2,2,2008|2009,130b2fdfd2e752927a70bc0b0493daa15c478390a7a8ba7169f8be50cf47739c,1.0099715167982888,observation_time_proxy,historical data_available_time is unknown; observation_time is a pseudo-operational proxy
2010-02-09T00:00:00+00:00,2010-02-08,windermere,south,water_temperature,2.0,month_1,2010-02-09,2010-03-10,,degC,expanding_prior_year_window_climatology,1.0,False,2,2,2008|2009,0dab91699865893bdbde155dee336546cb9c6dffc542e601ce8a8a8f062da488,0.9186500509378988,observation_time_proxy,historical data_available_time is unknown; observation_time is a pseudo-operational proxy
2010-02-09T00:00:00+00:00,2010-02-08,windermere,south,water_temperature,2.0,month_2,2010-03-11,2010-04-09,,degC,expanding_prior_year_window_climatology,1.0,False,2,2,2008|2009,7476dd1d6b2e7110764ce8933dd73365a49174dbd31b48b4be430f87dc31d1b6,0.011284343925710736,observation_time_proxy,historical data_available_time is unknown; observation_time is a pseudo-operational proxy
2010-02-09T00:00:00+00:00,2010-02-08,windermere,south,water_temperature,2.0,month_3,2010-04-10,2010-05-09,,degC,expanding_prior_year_window_climatology,1.0,False,2,2,2008|2009,80456db8eb31283408924bf311f15054235f54ba3e59b49f40f9a7be16137957,0.7962115654971929,observation_time_proxy,historical data_available_time is unknown; observation_time is a pseudo-operational proxy
2010-02-16T00:00:00+00:00,2010-02-15,windermere,south,water_temperature,2.0,month_1,2010-02-16,2010-03-17,,degC,expanding_prior_year_window_climatology,1.0,False,2,2,2008|2009,586e90c9dd30210dccace11fea1297166a6ff4f4627061a58496def22ed1464c,0.7866678827645033,observation_time_proxy,historical data_available_time is unknown; observation_time is a pseudo-operational proxy
2010-02-16T00:00:00+00:00,2010-02-15,windermere,south,water_temperature,2.0,month_2,2010-03-18,2010-04-16,,degC,expanding_prior_year_window_climatology,1.0,False,2,2,2008|2009,0c7a561ccf31acfb36f9546091a0858eeafb211c31daf49bb3c45c49b21b9ce5,0.3424522069657456,observation_time_proxy,historical data_available_time is unknown; observation_time is a pseudo-operational proxy
2010-02-16T00:00:00+00:00,2010-02-15,windermere,south,water_temperature,2.0,month_3,2010-04-17,2010-05-16,,degC,expanding_prior_year_window_climatology,1.0,False,2,2,2008|2009,41c99f2d9914636e1d3b5da2896b3e988c65ed78bfc48af97a06e67d5edeb9cd,0.12743802501151957,observation_time_proxy,historical data_available_time is unknown; observation_time is a pseudo-operational proxy
2010-02-23T00:00:00+00:00,2010-02-22,windermere,south,water_temperature,2.0,month_1,2010-02-23,2010-03-24,,degC,expanding_prior_year_window_climatology,1.0,False,2,2,2008|2009,b41612768771dc5215b37390b3af63b139ca83c6642eb7d2c40f29e83aeab14b,0.5260200736400282,observation_time_proxy,historical data_available_time is unknown; observation_time is a pseudo-operational proxy
2010-02-23T00:00:00+00:00,2010-02-22,windermere,south,water_temperature,2.0,month_2,2010-03-25,2010-04-23,,degC,expanding_prior_year_window_climatology,1.0,False,2,2,2008|2009,b4863c63f609db3e0638514f1534893fbae85aea4e81d0ede6d85e2d9429da18,0.6642540478518645,observation_time_proxy,historical data_available_time is unknown; observation_time is a pseudo-operational proxy
2010-02-23T00:00:00+00:00,2010-02-22,windermere,south,water_temperature,2.0,month_3,2010-04-24,2010-05-23,,degC,expanding_prior_year_window_climatology,1.0,False,2,2,2008|2009,ebd8240038726c48989889d2dcb82778e023433d5e00b7c881d84e6f2c5bf942,1.1589577370829929,observation_time_proxy,historical data_available_time is unknown; observation_time is a pseudo-operational proxy
2010-03-02T00:00:00+00:00,2010-03-01,windermere,south,water_temperature,2.0,month_1,2010-03-02,2010-03-31,,degC,expanding_prior_year_window_climatology,1.0,False,2,2,2008|2009,5f69c49698eff0160a4cf1a96e3e8eefe18dab51edc24d9d5099ef47afd0a8ec,0.3160894001868831,observation_time_proxy,historical data_available_time is unknown; observation_time is a pseudo-operational proxy
2010-03-02T00:00:00+00:00,2010-03-01,windermere,south,water_temperature,2.0,month_2,2010-04-01,2010-04-30,,degC,expanding_prior_year_window_climatology,1.0,False,2,2,2008|2009,ea8ac5698217dbb8028ffaae2add0078de7c00ef0c6df72f83ab611cac1e2efb,0.9661086028592607,observation_time_proxy,historical data_available_time is unknown; observation_time is a pseudo-operational proxy
2010-03-02T00:00:00+00:00,2010-03-01,windermere,south,water_temperature,2.0,month_3,2010-05-01,2010-05-30,,degC,expanding_prior_year_window_climatology,1.0,False,2,2,2008|2009,975b71d3bbd4531f17829b2df51077658418a681120758bd7eab428d6f5bfdd8,1.6419238465835253,observation_time_proxy,historical data_available_time is unknown; observation_time is a pseudo-operational proxy
2010-03-09T00:00:00+00:00,2010-03-08,windermere,south,water_temperature,2.0,month_1,2010-03-09,2010-04-07,,degC,expanding_prior_year_window_climatology,1.0,False,2,2,2008|2009,813aca630a87cb85775577bd377927c8826a96308261bbb3380dc79bd7021baa,0.04994913913954098,observation_time_proxy,historical data_available_time is unknown; observation_time is a pseudo-operational proxy
2010-03-09T00:00:00+00:00,2010-03-08,windermere,south,water_temperature,2.0,month_2,2010-04-08,2010-05-07,,degC,expanding_prior_year_window_climatology,1.0,False,2,2,2008|2009,901b8f914a78c6ac3069b207bfd53ff5201672aadb0c2a18f7132fd6aa2bbc94,0.9553009667552009,observation_time_proxy,historical data_available_time is unknown; observation_time is a pseudo-operational proxy
2010-03-09T00:00:00+00:00,2010-03-08,windermere,south,water_temperature,2.0,month_3,2010-05-08,2010-06-06,,degC,expanding_prior_year_window_climatology,1.0,False,2,2,2008|2009,af92c431631a1879efd8d0c47edbca1350b01bc4a77c0f3cdd3472ea1cf35ba7,1.526355689196248,observation_time_proxy,historical data_available_time is unknown; observation_time is a pseudo-operational proxy
2010-03-16T00:00:00+00:00,2010-03-15,windermere,south,water_temperature,2.0,month_1,2010-03-16,2010-04-14,,degC,expanding_prior_year_window_climatology,1.0,False,2,2,2008|2009,8b876a27ff87ab995ed834574bf053a1d2a427998553ff0129bac1facdd673f3,0.2516031277188982,observation_time_proxy,historical data_available_time is unknown; observation_time is a pseudo-operational proxy
2010-03-16T00:00:00+00:00,2010-03-15,windermere,south,water_temperature,2.0,month_2,2010-04-15,2010-05-14,,degC,expanding_prior_year_window_climatology,1.0,False,2,2,2008|2009,eba1f1e0ac37531b117593595fff583105c3dbac31c0e0c2058eba6c8c8e850a,0.15781218963448893,observation_time_proxy,historical data_available_time is unknown; observation_time is a pseudo-operational proxy
2010-03-16T00:00:00+00:00,2010-03-15,windermere,south,water_temperature,2.0,month_3,2010-05-15,2010-06-13,,degC,expanding_prior_year_window_climatology,1.0,False,2,2,2008|2009,04b171bb595ccb0423fd1ed4f3c83a2e578a63fc7202a9428e01863aacfcb8a4,1.2143066185896454,observation_time_proxy,historical data_available_time is unknown; observation_time is a pseudo-operational proxy
2010-03-23T00:00:00+00:00,2010-03-22,windermere,south,water_temperature,2.0,month_1,2010-03-23,2010-04-21,,degC,expanding_prior_year_window_climatology,1.0,False,2,2,2008|2009,c6686950c641a923556c8b64d84e0f8321554530a3e5f5f712b4fdcff240ac62,0.5789375881214252,observation_time_proxy,historical data_available_time is unknown; observation_time is a pseudo-operational proxy
2010-03-23T00:00:00+00:00,2010-03-22,windermere,south,water_temperature,2.0,month_2,2010-04-22,2010-05-21,,degC,expanding_prior_year_window_climatology,1.0,False,2,2,2008|2009,81f97474cbb39d0e93b1a3de424263cabe65946e14e3767879d7836f68807c01,0.8972155820053564,observation_time_proxy,historical data_available_time is unknown; observation_time is a pseudo-operational proxy
2010-03-23T00:00:00+00:00,2010-03-22,windermere,south,water_temperature,2.0,month_3,2010-05-22,2010-06-20,,degC,expanding_prior_year_window_climatology,1.0,False,2,2,2008|2009,8b27b46765537374355b0fd113117e401d12cada6d8951c5f983eb567ce45bc3,0.4978866518392198,observation_time_proxy,historical data_available_time is unknown; observation_time is a pseudo-operational proxy
2010-03-30T00:00:00+00:00,2010-03-29,windermere,south,water_temperature,2.0,month_1,2010-03-30,2010-04-28,,degC,expanding_prior_year_window_climatology,1.0,False,2,2,2008|2009,05a7b3eb82694e88b62f21a3de0c36efef314414970da6261f9fcce564a15fe2,0.8918980408015575,observation_time_proxy,historical data_available_time is unknown; observation_time is a pseudo-operational proxy
2010-03-30T00:00:00+00:00,2010-03-29,windermere,south,water_temperature,2.0,month_2,2010-04-29,2010-05-28,,degC,expanding_prior_year_window_climatology,1.0,False,2,2,2008|2009,3a635bd513d52e86ff488bb8c7272b37d8511c3f8089fe65c45a7fb21b34ebc5,1.56709829804474,observation_time_proxy,historical data_available_time is unknown; observation_time is a pseudo-operational proxy
2010-03-30T00:00:00+00:00,2010-03-29,windermere,south,water_temperature,2.0,month_3,2010-05-29,2010-06-27,,degC,expanding_prior_year_window_climatology,1.0,False,2,2,2008|2009,97aab4825b20a0fca719141003383d722140b19b3995bdff010547a0900b5a63,0.31375899229649745,observation_time_proxy,historical data_available_time is unknown; observation_time is a pseudo-operational proxy
2010-04-06T00:00:00+00:00,2010-04-05,windermere,south,water_temperature,2.0,month_1,2010-04-06,2010-05-05,,degC,expanding_prior_year_window_climatology,1.0,False,2,2,2008|2009,9e5d84b09ebb327f39c517b0eb5f7e3d74f707baf8a856b82151a743bee23453,1.0485636371484985,observation_time_proxy,historical data_available_time is unknown; observation_time is a pseudo-operational proxy
2010-04-06T00:00:00+00:00,2010-04-05,windermere,south,water_temperature,2.0,month_2,2010-05-06,2010-06-04,,degC,expanding_prior_year_window_climatology,1.0,False,2,2,2008|2009,7209f9fa29636b9ed355e53abd2d96767661ed481e4a43894345d63bc28b3358,1.5855246168789856,observation_time_proxy,historical data_available_time is unknown; observation_time is a pseudo-operational proxy
2010-04-06T00:00:00+00:00,2010-04-05,windermere,south,water_temperature,2.0,month_3,2010-06-05,2010-07-04,,degC,expanding_prior_year_window_climatology,1.0,False,2,2,2008|2009,e99987c980125a108d47e772f75607cb3b4322317eb4e9128f826069be4f9fbb,1.045092037480697,observation_time_proxy,historical data_available_time is unknown; observation_time is a pseudo-operational proxy
2010-04-13T00:00:00+00:00,2010-04-12,windermere,south,water_temperature,2.0,month_1,2010-04-13,2010-05-12,,degC,expanding_prior_year_window_climatology,1.0,False,2,2,2008|2009,583e37ff510234e8c5e2a28dd9c2649708fb3f9e13c34f5bdf9b3ae38ebce3f1,0.4489307030994206,observation_time_proxy,historical data_available_time is unknown; observation_time is a pseudo-operational proxy
2010-04-13T00:00:00+00:00,2010-04-12,windermere,south,water_temperature,2.0,month_2,2010-05-13,2010-06-11,,degC,expanding_prior_year_window_climatology,1.0,False,2,2,2008|2009,145b2625a8cef82fa8b445c26e5ffd7c630f6bf0b1850dd9816e47ed04a05601,1.3501303407703868,observation_time_proxy,historical data_available_time is unknown; observation_time is a pseudo-operational proxy
2010-04-13T00:00:00+00:00,2010-04-12,windermere,south,water_temperature,2.0,month_3,2010-06-12,2010-07-11,,degC,expanding_prior_year_window_climatology,1.0,False,2,2,2008|2009,bfa5d4f3fa19903af7052a3578798e8833d4b7891610bf97bcef42c44e7815e4,2.040102255091107,observation_time_proxy,historical data_available_time is unknown; observation_time is a pseudo-operational proxy
2010-04-20T00:00:00+00:00,2010-04-19,windermere,south,water_temperature,2.0,month_1,2010-04-20,2010-05-19,,degC,expanding_prior_year_window_climatology,1.0,False,2,2,2008|2009,ed3132608d5f6b105bf46ff697cec8d1926721092edfcef36bd94725e953a398,0.572643944931764,observation_time_proxy,historical data_available_time is unknown; observation_time is a pseudo-operational proxy
2010-04-20T00:00:00+00:00,2010-04-19,windermere,south,water_temperature,2.0,month_2,2010-05-20,2010-06-18,,degC,expanding_prior_year_window_climatology,1.0,False,2,2,2008|2009,0ade6373020ab27b97d8adb746fa6a7f47faac71f3794497e71b462096c98138,0.6960454705247363,observation_time_proxy,historical data_available_time is unknown; observation_time is a pseudo-operational proxy
2010-04-20T00:00:00+00:00,2010-04-19,windermere,south,water_temperature,2.0,month_3,2010-06-19,2010-07-18,,degC,expanding_prior_year_window_climatology,1.0,False,2,2,2008|2009,b6649e75a184230e90ce1814f59ee03c23fc7dcfa0318771e88beb534965c343,2.602701944614665,observation_time_proxy,historical data_available_time is unknown; observation_time is a pseudo-operational proxy
2010-05-04T00:00:00+00:00,2010-05-03,windermere,south,water_temperature,2.0,month_1,2010-05-04,2010-06-02,,degC,expanding_prior_year_window_climatology,1.0,False,2,2,2008|2009,0b1d0bce7af54d3b2997515638657ec46b38b056f7592a8ef4f0858d3386b5c9,1.6611586241709273,observation_time_proxy,historical data_available_time is unknown; observation_time is a pseudo-operational proxy
2010-05-04T00:00:00+00:00,2010-05-03,windermere,south,water_temperature,2.0,month_2,2010-06-03,2010-07-02,,degC,expanding_prior_year_window_climatology,1.0,False,2,2,2008|2009,030d193d4e17edcd339e8553c3eb517eea5c224a28f20d976242c9a85c38914b,0.8779624392835002,observation_time_proxy,historical data_available_time is unknown; observation_time is a pseudo-operational proxy
2010-05-04T00:00:00+00:00,2010-05-03,windermere,south,water_temperature,2.0,month_3,2010-07-03,2010-08-01,,degC,expanding_prior_year_window_climatology,1.0,False,2,2,2008|2009,40b720544cdd0071608755914c6fb2ee008187f0a667a36ea80397099ffc209b,1.311644777483733,observation_time_proxy,historical data_available_time is unknown; observation_time is a pseudo-operational proxy
2010-05-11T00:00:00+00:00,2010-05-10,windermere,south,water_temperature,2.0,month_1,2010-05-11,2010-06-09,,degC,expanding_prior_year_window_climatology,1.0,False,2,2,2008|2009,596e39cb7ae31afecd17571c05179700b7236e9fc95e5d6a1e933fe9949d2fd9,1.4499374808421166,observation_time_proxy,historical data_available_time is unknown; observation_time is a pseudo-operational proxy
2010-05-11T00:00:00+00:00,2010-05-10,windermere,south,water_temperature,2.0,month_2,2010-06-10,2010-07-09,,degC,expanding_prior_year_window_climatology,1.0,False,2,2,2008|2009,336424d62762a0f4600dafbd2274b3606185f894c34d2f6bde8ade8875c19b90,1.7403852249576701,observation_time_proxy,historical data_available_time is unknown; observation_time is a pseudo-operational proxy
2010-05-11T00:00:00+00:00,2010-05-10,windermere,south,water_temperature,2.0,month_3,2010-07-10,2010-08-08,,degC,expanding_prior_year_window_climatology,1.0,False,2,2,2008|2009,ed9da55922fb8fee1eccd2584770a04221c4fb0f0ce04e72def189963f2bea99,0.30553200131594094,observation_time_proxy,historical data_available_time is unknown; observation_time is a pseudo-operational proxy
2010-05-18T00:00:00+00:00,2010-05-17,windermere,south,water_temperature,2.0,month_1,2010-05-18,2010-06-16,,degC,expanding_prior_year_window_climatology,1.0,False,2,2,2008|2009,4e54429e5f42be307a794a139bb7c190a1997b7bcac894324608b259b921e72f,0.9132738787968272,observation_time_proxy,historical data_available_time is unknown; observation_time is a pseudo-operational proxy
2010-05-18T00:00:00+00:00,2010-05-17,windermere,south,water_temperature,2.0,month_2,2010-06-17,2010-07-16,,degC,expanding_prior_year_window_climatology,1.0,False,2,2,2008|2009,b42e3b2f320f61fd8bcf81545bb718fef263dec2d8bd07f73812981f9268cb93,2.494467466641046,observation_time_proxy,historical data_available_time is unknown; observation_time is a pseudo-operational proxy
2010-05-18T00:00:00+00:00,2010-05-17,windermere,south,water_temperature,2.0,month_3,2010-07-17,2010-08-15,,degC,expanding_prior_year_window_climatology,1.0,False,2,2,2008|2009,13145a7aaa2cd07357aebe0c3a87aac014b530299a0fb2541f6edcf81ae0c754,0.14652038180386795,observation_time_proxy,historical data_available_time is unknown; observation_time is a pseudo-operational proxy
2010-05-25T00:00:00+00:00,2010-05-24,windermere,south,water_temperature,2.0,month_1,2010-05-25,2010-06-23,,degC,expanding_prior_year_window_climatology,1.0,False,2,2,2008|2009,d5254671aeb9fabc5bd521d4c7755e267647104064d85783d16c54edab38acf1,0.15779578868553717,observation_time_proxy,historical data_available_time is unknown; observation_time is a pseudo-operational proxy
2010-05-25T00:00:00+00:00,2010-05-24,windermere,south,water_temperature,2.0,month_2,2010-06-24,2010-07-23,,degC,expanding_prior_year_window_climatology,1.0,False,2,2,2008|2009,87222236022b69e03f982a0cf7b68ed33bfdc593086b761a2d5692b3c74b7fc5,2.680213615038482,observation_time_proxy,historical data_available_time is unknown; observation_time is a pseudo-operational proxy
2010-05-25T00:00:00+00:00,2010-05-24,windermere,south,water_temperature,2.0,month_3,2010-07-24,2010-08-22,,degC,expanding_prior_year_window_climatology,1.0,False,2,2,2008|2009,b1170e39b6df88a4dfa21a7fca23384fa1eabe6c5bbae1bf67a21e4694bee0c0,0.43114755680822847,observation_time_proxy,historical data_available_time is unknown; observation_time is a pseudo-operational proxy
2010-06-01T00:00:00+00:00,2010-05-31,windermere,south,water_temperature,2.0,month_1,2010-06-01,2010-06-30,,degC,expanding_prior_year_window_climatology,1.0,False,2,2,2008|2009,21d0a5289c3acfa200247c5bb4e6b7f972a6b796ae25d3bb4dbbc4cd53a6f448,0.6595184948126932,observation_time_proxy,historical data_available_time is unknown; observation_time is a pseudo-operational proxy
2010-06-01T00:00:00+00:00,2010-05-31,windermere,south,water_temperature,2.0,month_2,2010-07-01,2010-07-30,,degC,expanding_prior_year_window_climatology,1.0,False,2,2,2008|2009,dd9e4262508cc305f655c439fc4239b18594cde83eddbd9cd5e6137ed55a5d0d,1.7040998440625317,observation_time_proxy,historical data_available_time is unknown; observation_time is a pseudo-operational proxy
2010-06-01T00:00:00+00:00,2010-05-31,windermere,south,water_temperature,2.0,month_3,2010-07-31,2010-08-29,,degC,expanding_prior_year_window_climatology,1.0,False,2,2,2008|2009,1cb27b70431c340c6f2bc20a0f76b64a7b0716d87030e8e1cc589ca3a2bcbd2a,0.18820138027655695,observation_time_proxy,historical data_available_time is unknown; observation_time is a pseudo-operational proxy
2010-06-08T00:00:00+00:00,2010-06-07,windermere,south,water_temperature,2.0,month_1,2010-06-08,2010-07-07,,degC,expanding_prior_year_window_climatology,1.0,False,2,2,2008|2009,16e11b4f05f4ccf81c1f33a72c88a40c57f146a777d2cc587cca79afd0152e62,1.4276976958532215,observation_time_proxy,historical data_available_time is unknown; observation_time is a pseudo-operational proxy
2010-06-08T00:00:00+00:00,2010-06-07,windermere,south,water_temperature,2.0,month_2,2010-07-08,2010-08-06,,degC,expanding_prior_year_window_climatology,1.0,False,2,2,2008|2009,45350908105ea5053eef5e27a6cd2189aca341e080ad6d5e5ce17e59b6ed71f1,0.54330353113918,observation_time_proxy,historical data_available_time is unknown; observation_time is a pseudo-operational proxy
2010-06-08T00:00:00+00:00,2010-06-07,windermere,south,water_temperature,2.0,month_3,2010-08-07,2010-09-05,,degC,expanding_prior_year_window_climatology,1.0,False,2,2,2008|2009,c1e6cb658e6d47c0b88a38992ac432655faee9fffda4217664d18ae2c941edb4,0.007905846650765769,observation_time_proxy,historical data_available_time is unknown; observation_time is a pseudo-operational proxy
2010-06-15T00:00:00+00:00,2010-06-14,windermere,south,water_temperature,2.0,month_1,2010-06-15,2010-07-14,,degC,expanding_prior_year_window_climatology,1.0,False,2,2,2008|2009,a7880409ca2b184ebde74fab487019cd69f38c6b5e4054ae5094bbb8a83a0297,2.352677825621867,observation_time_proxy,historical data_available_time is unknown; observation_time is a pseudo-operational proxy
2010-06-15T00:00:00+00:00,2010-06-14,windermere,south,water_temperature,2.0,month_2,2010-07-15,2010-08-13,,degC,expanding_prior_year_window_climatology,1.0,False,2,2,2008|2009,c623b8debc9dc7d104b3cd9b04e7e34b6d313de25433e64f3f0ac83e0bef8065,0.04068712060802509,observation_time_proxy,historical data_available_time is unknown; observation_time is a pseudo-operational proxy
2010-06-15T00:00:00+00:00,2010-06-14,windermere,south,water_temperature,2.0,month_3,2010-08-14,2010-09-12,,degC,expanding_prior_year_window_climatology,1.0,False,2,2,2008|2009,89c37438fa68a51bcb64aeecf47ee028abac69c8781432a1f5fd42fae7f14656,0.03906077501129479,observation_time_proxy,historical data_available_time is unknown; observation_time is a pseudo-operational proxy
2010-06-22T00:00:00+00:00,2010-06-21,windermere,south,water_temperature,2.0,month_1,2010-06-22,2010-07-21,,degC,expanding_prior_year_window_climatology,1.0,False,2,2,2008|2009,3ca95357853c1a5649f7be5b9184c71fbdcd8ee4f681a6f942734376ee454522,2.7240041487417144,observation_time_proxy,historical data_available_time is unknown; observation_time is a pseudo-operational proxy
2010-06-22T00:00:00+00:00,2010-06-21,windermere,south,water_temperature,2.0,month_2,2010-07-22,2010-08-20,,degC,expanding_prior_year_window_climatology,1.0,False,2,2,2008|2009,cf761f04d6301c0d0d64a5a5be10eb8215073bdf00df3f02c1a366ababda298f,0.3718183515884222,observation_time_proxy,historical data_available_time is unknown; observation_time is a pseudo-operational proxy
2010-06-22T00:00:00+00:00,2010-06-21,windermere,south,water_temperature,2.0,month_3,2010-08-21,2010-09-19,,degC,expanding_prior_year_window_climatology,1.0,False,2,2,2008|2009,80b25cd7835550796123283d644f21912250a2d038635343c41eebef9a74ad5b,0.03964708438402926,observation_time_proxy,historical data_available_time is unknown; observation_time is a pseudo-operational proxy
2010-06-29T00:00:00+00:00,2010-06-28,windermere,south,water_temperature,2.0,month_1,2010-06-29,2010-07-28,,degC,expanding_prior_year_window_climatology,1.0,False,2,2,2008|2009,882be0b3720b7df4ae5ec29b1209912875ad87d41fb5b0141eadc20793799f3f,2.0790893731460285,observation_time_proxy,historical data_available_time is unknown; observation_time is a pseudo-operational proxy
2010-06-29T00:00:00+00:00,2010-06-28,windermere,south,water_temperature,2.0,month_2,2010-07-29,2010-08-27,,degC,expanding_prior_year_window_climatology,1.0,False,2,2,2008|2009,25b8d5b4a5828f09112eb2f6190f14ef5e5e29a1ce0e02c6b398014da1db5431,0.304787575010193,observation_time_proxy,historical data_available_time is unknown; observation_time is a pseudo-operational proxy
2010-06-29T00:00:00+00:00,2010-06-28,windermere,south,water_temperature,2.0,month_3,2010-08-28,2010-09-26,,degC,expanding_prior_year_window_climatology,1.0,False,2,2,2008|2009,e774ae14fd436184e9747677de694870b4fb37549e097204ab53a41f52c431dd,0.02239760729408382,observation_time_proxy,historical data_available_time is unknown; observation_time is a pseudo-operational proxy
2010-07-06T00:00:00+00:00,2010-07-05,windermere,south,water_temperature,2.0,month_1,2010-07-06,2010-08-04,,degC,expanding_prior_year_window_climatology,1.0,False,2,2,2008|2009,651b28b934a57c30592632fe8ae4772e416e9c225f36151e4fb682dca6614df4,0.8238118091431327,observation_time_proxy,historical data_available_time is unknown; observation_time is a pseudo-operational proxy
2010-07-06T00:00:00+00:00,2010-07-05,windermere,south,water_temperature,2.0,month_2,2010-08-05,2010-09-03,,degC,expanding_prior_year_window_climatology,1.0,False,2,2,2008|2009,7d62d626309683d3bc32f2766c1770616407d9daaa0f28b06c5278d04342345f,0.04105147701888518,observation_time_proxy,historical data_available_time is unknown; observation_time is a pseudo-operational proxy
2010-07-06T00:00:00+00:00,2010-07-05,windermere,south,water_temperature,2.0,month_3,2010-09-04,2010-10-03,,degC,expanding_prior_year_window_climatology,1.0,False,2,2,2008|2009,c0e5558a697046108f52d7168794fd5f0e0a1575edb3042bed91f4e07e35cdc7,0.10560934404846473,observation_time_proxy,historical data_available_time is unknown; observation_time is a pseudo-operational proxy
2010-07-13T00:00:00+00:00,2010-07-12,windermere,south,water_temperature,2.0,month_1,2010-07-13,2010-08-11,,degC,expanding_prior_year_window_climatology,1.0,False,2,2,2008|2009,c1d3455b20faa9ce5e762327188586f6badf16d577009615c3ee6a309a3c043b,0.05631221628674401,observation_time_proxy,historical data_available_time is unknown; observation_time is a pseudo-operational proxy
2010-07-13T00:00:00+00:00,2010-07-12,windermere,south,water_temperature,2.0,month_2,2010-08-12,2010-09-10,,degC,expanding_prior_year_window_climatology,1.0,False,2,2,2008|2009,69758066027b7037f4584b014032ab498b66c77ac34033dc84661fbbedd8c7cf,0.04044945416212676,observation_time_proxy,historical data_available_time is unknown; observation_time is a pseudo-operational proxy
2010-07-13T00:00:00+00:00,2010-07-12,windermere,south,water_temperature,2.0,month_3,2010-09-11,2010-10-10,,degC,expanding_prior_year_window_climatology,1.0,False,2,2,2008|2009,d2dc4c89c7cc193ad5c4d424b2ffe5718b52d0ef059c372ea16f362587b5b1bf,0.29263614139405275,observation_time_proxy,historical data_available_time is unknown; observation_time is a pseudo-operational proxy
2010-07-20T00:00:00+00:00,2010-07-19,windermere,south,water_temperature,2.0,month_1,2010-07-20,2010-08-18,,degC,expanding_prior_year_window_climatology,1.0,False,2,2,2008|2009,1046379e44641dcc09cb8b999c6a9bcebcdfedcf2dabfa28e2a442c8b3b84034,0.299432223235458,observation_time_proxy,historical data_available_time is unknown; observation_time is a pseudo-operational proxy
2010-07-20T00:00:00+00:00,2010-07-19,windermere,south,water_temperature,2.0,month_2,2010-08-19,2010-09-17,,degC,expanding_prior_year_window_climatology,1.0,False,2,2,2008|2009,376933c0e93fa578272ea259c33a4c6ced6fa3293663008fa816c2ee719f3938,0.03904015106351201,observation_time_proxy,historical data_available_time is unknown; observation_time is a pseudo-operational proxy
2010-07-20T00:00:00+00:00,2010-07-19,windermere,south,water_temperature,2.0,month_3,2010-09-18,2010-10-17,,degC,expanding_prior_year_window_climatology,1.0,False,2,2,2008|2009,c57e8fd7e761a01675d1d86d29afb5a9e4de1c04be06b7d80a427c0c768de93a,0.40245080660507515,observation_time_proxy,historical data_available_time is unknown; observation_time is a pseudo-operational proxy
2010-07-27T00:00:00+00:00,2010-07-26,windermere,south,water_temperature,2.0,month_1,2010-07-27,2010-08-25,,degC,expanding_prior_year_window_climatology,1.0,False,2,2,2008|2009,26858b27edea2719a154a591113dc707db9d0ba4242eac6a81afa308736f29fa,0.40750956636881475,observation_time_proxy,historical data_available_time is unknown; observation_time is a pseudo-operational proxy
2010-07-27T00:00:00+00:00,2010-07-26,windermere,south,water_temperature,2.0,month_2,2010-08-26,2010-09-24,,degC,expanding_prior_year_window_climatology,1.0,False,2,2,2008|2009,c9df8ada47c4d6bd49e7ab35f97eaa396d9ccae916a3d90bf87a2936a50f6dac,0.03518347282778922,observation_time_proxy,historical data_available_time is unknown; observation_time is a pseudo-operational proxy
2010-07-27T00:00:00+00:00,2010-07-26,windermere,south,water_temperature,2.0,month_3,2010-09-25,2010-10-24,,degC,expanding_prior_year_window_climatology,1.0,False,2,2,2008|2009,d4a03f47afcb800bd0bbba6015ea997fb5c2b60977119f64fd21e5f1f070cfac,0.6273264765064235,observation_time_proxy,historical data_available_time is unknown; observation_time is a pseudo-operational proxy
2010-08-03T00:00:00+00:00,2010-08-02,windermere,south,water_temperature,2.0,month_1,2010-08-03,2010-09-01,,degC,expanding_prior_year_window_climatology,1.0,False,2,2,2008|2009,19256d97a1057d7fa9304f50a513a22e46a3777e05d0a133e6552bb8978e913f,0.09572359841037621,observation_time_proxy,historical data_available_time is unknown; observation_time is a pseudo-operational proxy
2010-08-03T00:00:00+00:00,2010-08-02,windermere,south,water_temperature,2.0,month_2,2010-09-02,2010-10-01,,degC,expanding_prior_year_window_climatology,1.0,False,2,2,2008|2009,217b043354f7ecb3f4e62240804243e2c14c978d5c1e83eab830648fc28a8faf,0.06763869199150022,observation_time_proxy,historical data_available_time is unknown; observation_time is a pseudo-operational proxy
2010-08-03T00:00:00+00:00,2010-08-02,windermere,south,water_temperature,2.0,month_3,2010-10-02,2010-10-31,,degC,expanding_prior_year_window_climatology,1.0,False,2,2,2008|2009,8d3a281fc523fdda432679a3ae4ad18f08f1c6ccf0b507f9fd5aed244f266806,0.9652709716814115,observation_time_proxy,historical data_available_time is unknown; observation_time is a pseudo-operational proxy
2010-08-10T00:00:00+00:00,2010-08-09,windermere,south,water_temperature,2.0,month_1,2010-08-10,2010-09-08,,degC,expanding_prior_year_window_climatology,1.0,False,2,2,2008|2009,5e67bfee2ac8ecdeeb55d9037a223885c1a73a000ef2ed38416b90ee31d2ebe1,0.04847413403584169,observation_time_proxy,historical data_available_time is unknown; observation_time is a pseudo-operational proxy
2010-08-10T00:00:00+00:00,2010-08-09,windermere,south,water_temperature,2.0,month_2,2010-09-09,2010-10-08,,degC,expanding_prior_year_window_climatology,1.0,False,2,2,2008|2009,325e5e6e357c0b5bab71530aece0ebc6c11a1fb3ea91971d8aac6ceed1945f5f,0.25044936515426164,observation_time_proxy,historical data_available_time is unknown; observation_time is a pseudo-operational proxy
2010-08-10T00:00:00+00:00,2010-08-09,windermere,south,water_temperature,2.0,month_3,2010-10-09,2010-11-07,,degC,expanding_prior_year_window_climatology,1.0,False,2,2,2008|2009,27b892e9724a10477b2dc2a1d6e519eda2188ecba87f4013e3c6947cdc17cbcb,1.2367344700705112,observation_time_proxy,historical data_available_time is unknown; observation_time is a pseudo-operational proxy
2010-08-17T00:00:00+00:00,2010-08-16,windermere,south,water_temperature,2.0,month_1,2010-08-17,2010-09-15,,degC,expanding_prior_year_window_climatology,1.0,False,2,2,2008|2009,280a53a516faeb3cd09f43e7f416a18dc2c2c1fa1c7591b424c763b41a17b012,0.03255146425337234,observation_time_proxy,historical data_available_time is unknown; observation_time is a pseudo-operational proxy
2010-08-17T00:00:00+00:00,2010-08-16,windermere,south,water_temperature,2.0,month_2,2010-09-16,2010-10-15,,degC,expanding_prior_year_window_climatology,1.0,False,2,2,2008|2009,1ef66b98c54b254f829c68042c15e7ba52bf34b502f035c022ce94ee0fb7eb4a,0.3565831467321087,observation_time_proxy,historical data_available_time is unknown; observation_time is a pseudo-operational proxy
2010-08-17T00:00:00+00:00,2010-08-16,windermere,south,water_temperature,2.0,month_3,2010-10-16,2010-11-14,,degC,expanding_prior_year_window_climatology,1.0,False,2,2,2008|2009,bc6233a812dcccc804605c4adbefd8192b732066fb31d5637080476494cf080b,1.381668379243364,observation_time_proxy,historical data_available_time is unknown; observation_time is a pseudo-operational proxy
2010-08-24T00:00:00+00:00,2010-08-23,windermere,south,water_temperature,2.0,month_1,2010-08-24,2010-09-22,,degC,expanding_prior_year_window_climatology,1.0,False,2,2,2008|2009,929db664d3423af3393ebe6ed04dced0560b14ba0abd42f9bf1d856302e60bd3,0.04117423861284191,observation_time_proxy,historical data_available_time is unknown; observation_time is a pseudo-operational proxy
2010-08-24T00:00:00+00:00,2010-08-23,windermere,south,water_temperature,2.0,month_2,2010-09-23,2010-10-22,,degC,expanding_prior_year_window_climatology,1.0,False,2,2,2008|2009,eaaef1b39dd654b23e22a32cb72352be6c80af9403a3311908fcc77b1dcc2222,0.5531794558497533,observation_time_proxy,historical data_available_time is unknown; observation_time is a pseudo-operational proxy
2010-08-24T00:00:00+00:00,2010-08-23,windermere,south,water_temperature,2.0,month_3,2010-10-23,2010-11-21,,degC,expanding_prior_year_window_climatology,1.0,False,2,2,2008|2009,4562908ee2354031e1988f31e0b1b628b081de974957f3060014952050db45a8,1.4116865352438608,observation_time_proxy,historical data_available_time is unknown; observation_time is a pseudo-operational proxy
2010-08-31T00:00:00+00:00,2010-08-30,windermere,south,water_temperature,2.0,month_1,2010-08-31,2010-09-29,,degC,expanding_prior_year_window_climatology,1.0,False,2,2,2008|2009,6d2af47acb31daa917325783829d04317e6f8c5497bfce558a35d5422f36057d,0.02988606452539874,observation_time_proxy,historical data_available_time is unknown; observation_time is a pseudo-operational proxy
2010-08-31T00:00:00+00:00,2010-08-30,windermere,south,water_temperature,2.0,month_2,2010-09-30,2010-10-29,,degC,expanding_prior_year_window_climatology,1.0,False,2,2,2008|2009,b395822b19091901309ab94e409f34fc296cd279d3f75427c73f3be451285ae3,0.8575074114521748,observation_time_proxy,historical data_available_time is unknown; observation_time is a pseudo-operational proxy
2010-08-31T00:00:00+00:00,2010-08-30,windermere,south,water_temperature,2.0,month_3,2010-10-30,2010-11-28,,degC,expanding_prior_year_window_climatology,1.0,False,2,2,2008|2009,aa80a06458146a60e3a802e62c9f6b23848dac4dced8ab9612d2b671e7863a69,1.3506077317869936,observation_time_proxy,historical data_available_time is unknown; observation_time is a pseudo-operational proxy
2010-09-07T00:00:00+00:00,2010-09-06,windermere,south,water_temperature,2.0,month_1,2010-09-07,2010-10-06,,degC,expanding_prior_year_window_climatology,1.0,False,2,2,2008|2009,ac9f415347332b4604414781859444a7a18dff1088fe4ae3993decae7bc3fbc4,0.1981273917174648,observation_time_proxy,historical data_available_time is unknown; observation_time is a pseudo-operational proxy
2010-09-07T00:00:00+00:00,2010-09-06,windermere,south,water_temperature,2.0,month_2,2010-10-07,2010-11-05,,degC,expanding_prior_year_window_climatology,1.0,False,2,2,2008|2009,c0d754bfea98a72975d875aaae60f0262d28943361388003bcab9094800f2edf,1.1854837634072104,observation_time_proxy,historical data_available_time is unknown; observation_time is a pseudo-operational proxy
2010-09-07T00:00:00+00:00,2010-09-06,windermere,south,water_temperature,2.0,month_3,2010-11-06,2010-12-05,,degC,expanding_prior_year_window_climatology,1.0,False,2,2,2008|2009,b09230c478c306a4cc7a3d78a99f83d9efdc67d38dae033e07337d8344fd3de7,1.1460789655749817,observation_time_proxy,historical data_available_time is unknown; observation_time is a pseudo-operational proxy
2010-09-14T00:00:00+00:00,2010-09-13,windermere,south,water_temperature,2.0,month_1,2010-09-14,2010-10-13,,degC,expanding_prior_year_window_climatology,1.0,False,2,2,2008|2009,5fc184af1fbc1210d4a840da80b293f9c8c648667517ea43becf83b447bca9e5,0.3186124946751417,observation_time_proxy,historical data_available_time is unknown; observation_time is a pseudo-operational proxy
2010-09-14T00:00:00+00:00,2010-09-13,windermere,south,water_temperature,2.0,month_2,2010-10-14,2010-11-12,,degC,expanding_prior_year_window_climatology,1.0,False,2,2,2008|2009,eb9856ad46217945aaf34ecc3e96c47682a0618ae619f5ad6b0772cb9d2f6f41,1.3483221073260832,observation_time_proxy,historical data_available_time is unknown; observation_time is a pseudo-operational proxy
2010-09-14T00:00:00+00:00,2010-09-13,windermere,south,water_temperature,2.0,month_3,2010-11-13,2010-12-12,,degC,expanding_prior_year_window_climatology,1.0,False,2,2,2008|2009,613e7a02254a00bf5685c74e847d093d9e9bd82a9e4f107ab1133a4187fbbb3e,1.0671201814816116,observation_time_proxy,historical data_available_time is unknown; observation_time is a pseudo-operational proxy
2010-09-21T00:00:00+00:00,2010-09-20,windermere,south,water_temperature,2.0,month_1,2010-09-21,2010-10-20,,degC,expanding_prior_year_window_climatology,1.0,False,2,2,2008|2009,e03422872ff36c0c6824c01de17f6b295d42dbddb5b324e360aa81c03f433d99,0.48097796093409667,observation_time_proxy,historical data_available_time is unknown; observation_time is a pseudo-operational proxy
2010-09-21T00:00:00+00:00,2010-09-20,windermere,south,water_temperature,2.0,month_2,2010-10-21,2010-11-19,,degC,expanding_prior_year_window_climatology,1.0,False,2,2,2008|2009,47bcf5761f9add794dbdc686c7641d8a626c382457d4e9f3f9ae403d66068bbd,1.4081529655234324,observation_time_proxy,historical data_available_time is unknown; observation_time is a pseudo-operational proxy
2010-09-21T00:00:00+00:00,2010-09-20,windermere,south,water_temperature,2.0,month_3,2010-11-20,2010-12-19,,degC,expanding_prior_year_window_climatology,1.0,False,2,2,2008|2009,f0ee74c2c762af0c288c01a805061412afcf6af5192329ab058b138b96d5ce32,1.0648313161146212,observation_time_proxy,historical data_available_time is unknown; observation_time is a pseudo-operational proxy
2010-09-28T00:00:00+00:00,2010-09-27,windermere,south,water_temperature,2.0,month_1,2010-09-28,2010-10-27,,degC,expanding_prior_year_window_climatology,1.0,False,2,2,2008|2009,61dff279967304d6a3790b6eb05b09391b32049f5d8324b48569e61759b2946c,0.7550309432814665,observation_time_proxy,historical data_available_time is unknown; observation_time is a pseudo-operational proxy
2010-09-28T00:00:00+00:00,2010-09-27,windermere,south,water_temperature,2.0,month_2,2010-10-28,2010-11-26,,degC,expanding_prior_year_window_climatology,1.0,False,2,2,2008|2009,84232d8eb6ae3aaf80f40df5d555827db3682fd1363cb10c06b97346731f5010,1.3775115734627386,observation_time_proxy,historical data_available_time is unknown; observation_time is a pseudo-operational proxy
2010-09-28T00:00:00+00:00,2010-09-27,windermere,south,water_temperature,2.0,month_3,2010-11-27,2010-12-26,,degC,expanding_prior_year_window_climatology,1.0,False,2,2,2008|2009,907564f69cac35873a4dd5fcc882daaf6a1607bbf83be45f53387d7127676715,0.9460401267349853,observation_time_proxy,historical data_available_time is unknown; observation_time is a pseudo-operational proxy
2010-10-05T00:00:00+00:00,2010-10-04,windermere,south,water_temperature,2.0,month_1,2010-10-05,2010-11-03,,degC,expanding_prior_year_window_climatology,1.0,False,2,2,2008|2009,eecf095ed87844d579cdcd0c14c9612787d7d2e5e3e3e1177c7c593c5c62cde3,1.1216867236323316,observation_time_proxy,historical data_available_time is unknown; observation_time is a pseudo-operational proxy
2010-10-05T00:00:00+00:00,2010-10-04,windermere,south,water_temperature,2.0,month_2,2010-11-04,2010-12-03,,degC,expanding_prior_year_window_climatology,1.0,False,2,2,2008|2009,5b215d79a1df35530adcb9019e3e8b26f1663d6d7cbdd368460e684f3ef8901e,1.1973027628968866,observation_time_proxy,historical data_available_time is unknown; observation_time is a pseudo-operational proxy
2010-10-05T00:00:00+00:00,2010-10-04,windermere,south,water_temperature,2.0,month_3,2010-12-04,2011-01-02,,degC,expanding_prior_year_window_climatology,1.0,False,2,2,2008|2009,07f36605c451af1f9ca87bf13a5482ff5d428e084f141e3d632e12c62ca8ce22,0.8443539351816265,observation_time_proxy,historical data_available_time is unknown; observation_time is a pseudo-operational proxy
2010-10-12T00:00:00+00:00,2010-10-11,windermere,south,water_temperature,2.0,month_1,2010-10-12,2010-11-10,,degC,expanding_prior_year_window_climatology,1.0,False,2,2,2008|2009,5d31824a98532f333e9d0bf024c1bcb94e131ee4422075e25e5ab8c9a31421df,1.302615903501487,observation_time_proxy,historical data_available_time is unknown; observation_time is a pseudo-operational proxy
2010-10-12T00:00:00+00:00,2010-10-11,windermere,south,water_temperature,2.0,month_2,2010-11-11,2010-12-10,,degC,expanding_prior_year_window_climatology,1.0,False,2,2,2008|2009,434eb1eb276954ae9932ff9e92b8737f803dfa84a19c200b1a6db0b2cc9a6fb4,1.0799946317815152,observation_time_proxy,historical data_available_time is unknown; observation_time is a pseudo-operational proxy
2010-10-12T00:00:00+00:00,2010-10-11,windermere,south,water_temperature,2.0,month_3,2010-12-11,2011-01-09,,degC,expanding_prior_year_window_climatology,1.0,False,2,1,2008,abdf9e49c1c96cf394c2331e719a1b986c0fde23813bcc0cbe078d41676e93aa,,observation_time_proxy,historical data_available_time is unknown; observation_time is a pseudo-operational proxy
2010-10-19T00:00:00+00:00,2010-10-18,windermere,south,water_temperature,2.0,month_1,2010-10-19,2010-11-17,,degC,expanding_prior_year_window_climatology,1.0,False,2,2,2008|2009,565c83fad3d6231dae8634e8a2a917e7d3b1f5dc6bf9c4eff5541e734991fa1a,1.4024943435069859,observation_time_proxy,historical data_available_time is unknown; observation_time is a pseudo-operational proxy
2010-10-19T00:00:00+00:00,2010-10-18,windermere,south,water_temperature,2.0,month_2,2010-11-18,2010-12-17,,degC,expanding_prior_year_window_climatology,1.0,False,2,2,2008|2009,f039ea96478186fb36cfe963a18d49e03e916e04d479a2c18cb0599bdd97feef,1.0626901574974779,observation_time_proxy,historical data_available_time is unknown; observation_time is a pseudo-operational proxy
2010-10-19T00:00:00+00:00,2010-10-18,windermere,south,water_temperature,2.0,month_3,2010-12-18,2011-01-16,,degC,expanding_prior_year_window_climatology,1.0,False,2,1,2008,1cea9725b44d6c61e89742c3d5cde6b966aafc66890e4d68962cc9df86aa3158,,observation_time_proxy,historical data_available_time is unknown; observation_time is a pseudo-operational proxy
2010-10-26T00:00:00+00:00,2010-10-25,windermere,south,water_temperature,2.0,month_1,2010-10-26,2010-11-24,,degC,expanding_prior_year_window_climatology,1.0,False,2,2,2008|2009,230a9421998a8627a79d785769d222120867a508a759bfdc7de54725c1245ba4,1.3939109510668577,observation_time_proxy,historical data_available_time is unknown; observation_time is a pseudo-operational proxy
2010-10-26T00:00:00+00:00,2010-10-25,windermere,south,water_temperature,2.0,month_2,2010-11-25,2010-12-24,,degC,expanding_prior_year_window_climatology,1.0,False,2,2,2008|2009,a8f794a9920d50c7c501bc1896bad86661ee918f43a5705bcc189da9de9c1eea,0.9974903946454204,observation_time_proxy,historical data_available_time is unknown; observation_time is a pseudo-operational proxy
2010-10-26T00:00:00+00:00,2010-10-25,windermere,south,water_temperature,2.0,month_3,2010-12-25,2011-01-23,,degC,expanding_prior_year_window_climatology,1.0,False,2,1,2008,315452ea451cce498e42f30b7a3794f84bdf98f418b158037d43d182cf6ca353,,observation_time_proxy,historical data_available_time is unknown; observation_time is a pseudo-operational proxy
2010-11-02T00:00:00+00:00,2010-11-01,windermere,south,water_temperature,2.0,month_1,2010-11-02,2010-12-01,,degC,expanding_prior_year_window_climatology,1.0,False,2,2,2008|2009,c23394db08d8cbecedf4466b6c27a13e9686d3cb38249260d2d78ec66091635a,1.262560076384191,observation_time_proxy,historical data_available_time is unknown; observation_time is a pseudo-operational proxy
2010-11-02T00:00:00+00:00,2010-11-01,windermere,south,water_temperature,2.0,month_2,2010-12-02,2010-12-31,,degC,expanding_prior_year_window_climatology,1.0,False,2,2,2008|2009,8bf924317ea3bd67d703e9d79da7ac1e9d133ecb96e7ee9e4f8658f2f157b7ef,0.8165682303344872,observation_time_proxy,historical data_available_time is unknown; observation_time is a pseudo-operational proxy
2010-11-02T00:00:00+00:00,2010-11-01,windermere,south,water_temperature,2.0,month_3,2011-01-01,2011-01-30,,degC,expanding_prior_year_window_climatology,1.0,False,2,2,2008|2009,4096420d95d6974e6b1dab6d68f8dc27303bd1345c3f61999f3fde5c4164a531,0.6518263243876856,observation_time_proxy,historical data_available_time is unknown; observation_time is a pseudo-operational proxy
2010-11-09T00:00:00+00:00,2010-11-08,windermere,south,water_temperature,2.0,month_1,2010-11-09,2010-12-08,,degC,expanding_prior_year_window_climatology,1.0,False,2,2,2008|2009,6a059531e1af032c23204e4cbec823d011a7dd379bf9d56ac14b9e22478346cb,1.097730342992801,observation_time_proxy,historical data_available_time is unknown; observation_time is a pseudo-operational proxy
2010-11-09T00:00:00+00:00,2010-11-08,windermere,south,water_temperature,2.0,month_2,2010-12-09,2011-01-07,,degC,expanding_prior_year_window_climatology,1.0,False,2,1,2008,b5e13e538402bed74d303121c39b79b4a1eb3508967dab22e6837c274428ed77,,observation_time_proxy,historical data_available_time is unknown; observation_time is a pseudo-operational proxy
2010-11-09T00:00:00+00:00,2010-11-08,windermere,south,water_temperature,2.0,month_3,2011-01-08,2011-02-06,,degC,expanding_prior_year_window_climatology,1.0,False,2,2,2008|2009,71d37810b442a293e9f0324cff09ca0b7c33d01d0f07b8edf9f5c181cf7031a4,0.7404116087897092,observation_time_proxy,historical data_available_time is unknown; observation_time is a pseudo-operational proxy
2010-11-16T00:00:00+00:00,2010-11-15,windermere,south,water_temperature,2.0,month_1,2010-11-16,2010-12-15,,degC,expanding_prior_year_window_climatology,1.0,False,2,2,2008|2009,869aaabbc8385fcebd25deaab17031db7375060b24dc48cfd707ae087dc8f3a4,1.059007898934449,observation_time_proxy,historical data_available_time is unknown; observation_time is a pseudo-operational proxy
2010-11-16T00:00:00+00:00,2010-11-15,windermere,south,water_temperature,2.0,month_2,2010-12-16,2011-01-14,,degC,expanding_prior_year_window_climatology,1.0,False,2,1,2008,c03d295dea4da88e7fa701600654c383c72fb3ca68607362243d5227aea33870,,observation_time_proxy,historical data_available_time is unknown; observation_time is a pseudo-operational proxy
2010-11-16T00:00:00+00:00,2010-11-15,windermere,south,water_temperature,2.0,month_3,2011-01-15,2011-02-13,,degC,expanding_prior_year_window_climatology,1.0,False,2,2,2008|2009,6cf0bfbeb5b072cb626393a04b5db90ab2c5c1cf553b512594b00551a2ee83bf,0.8677594776866279,observation_time_proxy,historical data_available_time is unknown; observation_time is a pseudo-operational proxy
2010-11-23T00:00:00+00:00,2010-11-22,windermere,south,water_temperature,2.0,month_1,2010-11-23,2010-12-22,,degC,expanding_prior_year_window_climatology,1.0,False,2,2,2008|2009,3790ce9a54f6bab93b0f09712f05105bb69384edd6c53843a15d2e18564817de,1.0360770152762206,observation_time_proxy,historical data_available_time is unknown; observation_time is a pseudo-operational proxy
2010-11-23T00:00:00+00:00,2010-11-22,windermere,south,water_temperature,2.0,month_2,2010-12-23,2011-01-21,,degC,expanding_prior_year_window_climatology,1.0,False,2,1,2008,7612241c5370fad9ad98c35f330d90d93ba251e4d67ec8177cd23f600aaca623,,observation_time_proxy,historical data_available_time is unknown; observation_time is a pseudo-operational proxy
2010-11-23T00:00:00+00:00,2010-11-22,windermere,south,water_temperature,2.0,month_3,2011-01-22,2011-02-20,,degC,expanding_prior_year_window_climatology,1.0,False,2,2,2008|2009,c629521ffcd1b43e732457a3359e9d276c6b73f7fd03b90651d79e462e7458e3,0.9662896025533892,observation_time_proxy,historical data_available_time is unknown; observation_time is a pseudo-operational proxy
2010-11-30T00:00:00+00:00,2010-11-29,windermere,south,water_temperature,2.0,month_1,2010-11-30,2010-12-29,,degC,expanding_prior_year_window_climatology,1.0,False,2,2,2008|2009,ad0633b426b2a2d59c44340d2a5a054c05d2fba5063e576d81fee7e1e569ac1e,0.8642007663917566,observation_time_proxy,historical data_available_time is unknown; observation_time is a pseudo-operational proxy
2010-11-30T00:00:00+00:00,2010-11-29,windermere,south,water_temperature,2.0,month_2,2010-12-30,2011-01-28,,degC,expanding_prior_year_window_climatology,1.0,False,2,1,2008,e418441e815a6813a02c60f70359fd569553a8f1e5127799fde7e5ab9af9a549,,observation_time_proxy,historical data_available_time is unknown; observation_time is a pseudo-operational proxy
2010-11-30T00:00:00+00:00,2010-11-29,windermere,south,water_temperature,2.0,month_3,2011-01-29,2011-02-27,,degC,expanding_prior_year_window_climatology,1.0,False,2,2,2008|2009,e053dc070965d8ab88ed97e56cf3e6e8fad95a9007f77b1d653a1dee738daf56,0.9803314665071772,observation_time_proxy,historical data_available_time is unknown; observation_time is a pseudo-operational proxy
2010-12-07T00:00:00+00:00,2010-12-06,windermere,south,water_temperature,2.0,month_1,2010-12-07,2011-01-05,,degC,expanding_prior_year_window_climatology,1.0,False,2,1,2008,460dfc128c2a724ef259fd75ea63adf300f920f7e99dcdc3450a9b11d1d4c07a,,observation_time_proxy,historical data_available_time is unknown; observation_time is a pseudo-operational proxy
2010-12-07T00:00:00+00:00,2010-12-06,windermere,south,water_temperature,2.0,month_2,2011-01-06,2011-02-04,,degC,expanding_prior_year_window_climatology,1.0,False,2,2,2008|2009,4b1eaae422b0e9de2d0039023d54c074d77591dfcb0e8d642aa0ac2942f5ce05,0.7164894007079667,observation_time_proxy,historical data_available_time is unknown; observation_time is a pseudo-operational proxy
2010-12-07T00:00:00+00:00,2010-12-06,windermere,south,water_temperature,2.0,month_3,2011-02-05,2011-03-06,,degC,expanding_prior_year_window_climatology,1.0,False,2,2,2008|2009,cc3e1b4eaa699a4c4a313d2e35997ff8ee301d63d146bd8359768dae7e101b3b,0.9486429671546778,observation_time_proxy,historical data_available_time is unknown; observation_time is a pseudo-operational proxy
2010-12-14T00:00:00+00:00,2010-12-13,windermere,south,water_temperature,2.0,month_1,2010-12-14,2011-01-12,,degC,expanding_prior_year_window_climatology,1.0,False,2,1,2008,cc50be9f33f6fae6c5c947e49262c3972c7d13dae974a52334e49cad712d4ccb,,observation_time_proxy,historical data_available_time is unknown; observation_time is a pseudo-operational proxy
2010-12-14T00:00:00+00:00,2010-12-13,windermere,south,water_temperature,2.0,month_2,2011-01-13,2011-02-11,,degC,expanding_prior_year_window_climatology,1.0,False,2,2,2008|2009,773dfd1adaaba4c94b8b967ea380cd57395d28c1b093c6d8385a7bbf757154d0,0.8260250533682457,observation_time_proxy,historical data_available_time is unknown; observation_time is a pseudo-operational proxy
2010-12-14T00:00:00+00:00,2010-12-13,windermere,south,water_temperature,2.0,month_3,2011-02-12,2011-03-13,,degC,expanding_prior_year_window_climatology,1.0,False,2,2,2008|2009,ed9a7c158e18896d91601a168cb47a96b4ced2d585baec5dd7a69fb5053df55a,0.8689843437664828,observation_time_proxy,historical data_available_time is unknown; observation_time is a pseudo-operational proxy
2010-12-21T00:00:00+00:00,2010-12-20,windermere,south,water_temperature,2.0,month_1,2010-12-21,2011-01-19,,degC,expanding_prior_year_window_climatology,1.0,False,2,1,2008,d66982583e040b4f6b6c286c89b34728fa93b827410c06b8339d9bee909b4491,,observation_time_proxy,historical data_available_time is unknown; observation_time is a pseudo-operational proxy
2010-12-21T00:00:00+00:00,2010-12-20,windermere,south,water_temperature,2.0,month_2,2011-01-20,2011-02-18,,degC,expanding_prior_year_window_climatology,1.0,False,2,2,2008|2009,d30d25c288640c2e11a3c7bea279eea38f7af0055c4c0130c1ad3023a0dfd5e5,0.9523983916277047,observation_time_proxy,historical data_available_time is unknown; observation_time is a pseudo-operational proxy
2010-12-21T00:00:00+00:00,2010-12-20,windermere,south,water_temperature,2.0,month_3,2011-02-19,2011-03-20,,degC,expanding_prior_year_window_climatology,1.0,False,2,2,2008|2009,dc24a010ba23bc15d5e8467e9ebf608a83f5e44fa4e57cad3de5eea14680b8f4,0.6792569877724147,observation_time_proxy,historical data_available_time is unknown; observation_time is a pseudo-operational proxy
2010-12-28T00:00:00+00:00,2010-12-27,windermere,south,water_temperature,2.0,month_1,2010-12-28,2011-01-26,,degC,expanding_prior_year_window_climatology,1.0,False,2,1,2008,7b82b8ce5c3e2d70f6b860f8316c064d55eb6a744c0d9dd87f6ae206544b793b,,observation_time_proxy,historical data_available_time is unknown; observation_time is a pseudo-operational proxy
2010-12-28T00:00:00+00:00,2010-12-27,windermere,south,water_temperature,2.0,month_2,2011-01-27,2011-02-25,,degC,expanding_prior_year_window_climatology,1.0,False,2,2,2008|2009,3d8aa724f630d85be6433b93942bfd21f3fdacf5994cc154afde4aa8f9933368,0.9821918448066239,observation_time_proxy,historical data_available_time is unknown; observation_time is a pseudo-operational proxy
2010-12-28T00:00:00+00:00,2010-12-27,windermere,south,water_temperature,2.0,month_3,2011-02-26,2011-03-27,,degC,expanding_prior_year_window_climatology,1.0,False,2,2,2008|2009,dc0596db76ff1791bc0f6a68db9d8464ab0cd1b492621c9ed01aca619a19b441,0.4362240924507728,observation_time_proxy,historical data_available_time is unknown; observation_time is a pseudo-operational proxy
2011-01-04T00:00:00+00:00,2011-01-03,windermere,south,water_temperature,2.0,month_1,2011-01-04,2011-02-02,4.784244548148148,degC,expanding_prior_year_window_climatology,1.0,True,3,3,2008|2009|2010,668fdeea83528974d4ebdc7100760a563cb4c34dcc29bde9716ba7cc1074d46c,0.6784160947287816,observation_time_proxy,historical data_available_time is unknown; observation_time is a pseudo-operational proxy
2011-01-04T00:00:00+00:00,2011-01-03,windermere,south,water_temperature,2.0,month_2,2011-02-03,2011-03-04,4.223522546296296,degC,expanding_prior_year_window_climatology,1.0,True,3,3,2008|2009|2010,e518166ace248503163521e96051d15cd113551573dc0d4836a67dae150d3c34,0.9000330172478088,observation_time_proxy,historical data_available_time is unknown; observation_time is a pseudo-operational proxy
2011-01-04T00:00:00+00:00,2011-01-03,windermere,south,water_temperature,2.0,month_3,2011-03-05,2011-04-03,5.0953,degC,expanding_prior_year_window_climatology,1.0,True,3,3,2008|2009|2010,9aaf1b6f752ca65ac01a61a58f7d895a8db16c092076b21cd28405f9c33d0b82,0.6031680868727877,observation_time_proxy,historical data_available_time is unknown; observation_time is a pseudo-operational proxy
2011-01-11T00:00:00+00:00,2011-01-10,windermere,south,water_temperature,2.0,month_1,2011-01-11,2011-02-09,4.596859490740741,degC,expanding_prior_year_window_climatology,1.0,True,3,3,2008|2009|2010,baba712e744d7ab4941b3604f019c6eecf5c4ebfc93ecacc715d97d11c0d061f,0.7888643493806718,observation_time_proxy,historical data_available_time is unknown; observation_time is a pseudo-operational proxy
2011-01-11T00:00:00+00:00,2011-01-10,windermere,south,water_temperature,2.0,month_2,2011-02-10,2011-03-11,4.241603148148148,degC,expanding_prior_year_window_climatology,1.0,True,3,3,2008|2009|2010,74d4024e77f6c73fc20cc88c19ea615facd146cee665dc6fbf6cc44ecf8b0ea5,0.8977134639889562,observation_time_proxy,historical data_available_time is unknown; observation_time is a pseudo-operational proxy
2011-01-11T00:00:00+00:00,2011-01-10,windermere,south,water_temperature,2.0,month_3,2011-03-12,2011-04-10,5.551173148148148,degC,expanding_prior_year_window_climatology,1.0,True,3,3,2008|2009|2010,d0f198be3b37de86536b708b4397b9baa205aead650536204c308c00427fc718,0.47987818896597206,observation_time_proxy,historical data_available_time is unknown; observation_time is a pseudo-operational proxy
2011-01-18T00:00:00+00:00,2011-01-17,windermere,south,water_temperature,2.0,month_1,2011-01-18,2011-02-16,4.4685610185185185,degC,expanding_prior_year_window_climatology,1.0,True,3,3,2008|2009|2010,e3ff9bd35d58b47c2abaa2833f39f0feb00247a9ac0e74bb17496ddf8fb1e4aa,0.875452092009983,observation_time_proxy,historical data_available_time is unknown; observation_time is a pseudo-operational proxy
2011-01-18T00:00:00+00:00,2011-01-17,windermere,south,water_temperature,2.0,month_2,2011-02-17,2011-03-18,4.375756064814815,degC,expanding_prior_year_window_climatology,1.0,True,3,3,2008|2009|2010,d4f03a437200add0933950fa13f466fff79b4781f29778ee8dcd0d9ad1e34215,0.8457046124570797,observation_time_proxy,historical data_available_time is unknown; observation_time is a pseudo-operational proxy
2011-01-18T00:00:00+00:00,2011-01-17,windermere,south,water_temperature,2.0,month_3,2011-03-19,2011-04-17,6.200062685185185,degC,expanding_prior_year_window_climatology,1.0,True,3,3,2008|2009|2010,118552c6f1339f0bcac4d1546bbda7750e9ff96647b04293b10694a46bbd1621,0.3389793211200594,observation_time_proxy,historical data_available_time is unknown; observation_time is a pseudo-operational proxy
2011-01-25T00:00:00+00:00,2011-01-24,windermere,south,water_temperature,2.0,month_1,2011-01-25,2011-02-23,4.33534375,degC,expanding_prior_year_window_climatology,1.0,True,3,3,2008|2009|2010,2a0181c49a25ec7f922b57a4c384340bc75e23720df594b2a19553dda94ef671,0.9073777636828555,observation_time_proxy,historical data_available_time is unknown; observation_time is a pseudo-operational proxy
2011-01-25T00:00:00+00:00,2011-01-24,windermere,south,water_temperature,2.0,month_2,2011-02-24,2011-03-25,4.661362361111111,degC,expanding_prior_year_window_climatology,1.0,True,3,3,2008|2009|2010,3318644d506090f4d39e9bccb37bfec8e9312bfc38c604014d20f10f42af254e,0.7634142915902126,observation_time_proxy,historical data_available_time is unknown; observation_time is a pseudo-operational proxy
2011-01-25T00:00:00+00:00,2011-01-24,windermere,south,water_temperature,2.0,month_3,2011-03-26,2011-04-24,,degC,expanding_prior_year_window_climatology,1.0,False,3,2,2008|2009,07284c064b4e3f15ee18dbbe547b4429c0b26d65ed9851ffefeca4eca39b398f,0.7091152590729427,observation_time_proxy,historical data_available_time is unknown; observation_time is a pseudo-operational proxy
2011-02-01T00:00:00+00:00,2011-01-31,windermere,south,water_temperature,2.0,month_1,2011-02-01,2011-03-02,4.235452268518518,degC,expanding_prior_year_window_climatology,1.0,True,3,3,2008|2009|2010,564cac7d7fd35b41253ee843636bcd94c432e49dadf20d21f47a4606f7b6bcfe,0.9020633718958624,observation_time_proxy,historical data_available_time is unknown; observation_time is a pseudo-operational proxy
2011-02-01T00:00:00+00:00,2011-01-31,windermere,south,water_temperature,2.0,month_2,2011-03-03,2011-04-01,4.969578333333334,degC,expanding_prior_year_window_climatology,1.0,True,3,3,2008|2009|2010,eb0357aaa785ade313ec88b00f241c19e3752441c7c65f1137c9238cdbd88ddb,0.6243042045483469,observation_time_proxy,historical data_available_time is unknown; observation_time is a pseudo-operational proxy
2011-02-01T00:00:00+00:00,2011-01-31,windermere,south,water_temperature,2.0,month_3,2011-04-02,2011-05-01,,degC,expanding_prior_year_window_climatology,1.0,False,3,2,2008|2009,108437d7d69dfb85c437e074eb21c37c131ccd07cbec632d998cd5c7ff68baaa,0.989162837367097,observation_time_proxy,historical data_available_time is unknown; observation_time is a pseudo-operational proxy
2011-02-08T00:00:00+00:00,2011-02-07,windermere,south,water_temperature,2.0,month_1,2011-02-08,2011-03-09,4.2254,degC,expanding_prior_year_window_climatology,1.0,True,3,3,2008|2009|2010,989d09d994a5454bb3b17370a0e3dbcfaa866e634cfe11a9c01e62431c6043f1,0.9001502303900164,observation_time_proxy,historical data_available_time is unknown; observation_time is a pseudo-operational proxy
2011-02-08T00:00:00+00:00,2011-02-07,windermere,south,water_temperature,2.0,month_2,2011-03-10,2011-04-08,5.408607916666667,degC,expanding_prior_year_window_climatology,1.0,True,3,3,2008|2009|2010,b70e22b76f70b7b28576bf6b8426cefcb43d3e29307200fcbc0419aebc17c38d,0.5306974260973373,observation_time_proxy,historical data_available_time is unknown; observation_time is a pseudo-operational proxy
2011-02-08T00:00:00+00:00,2011-02-07,windermere,south,water_temperature,2.0,month_3,2011-04-09,2011-05-08,,degC,expanding_prior_year_window_climatology,1.0,False,3,2,2008|2009,6b9f32e2dd127a4f2fca1b8e6cbd87b30fb8dea0c5032680d22020c109aa86a4,0.8867433305759832,observation_time_proxy,historical data_available_time is unknown; observation_time is a pseudo-operational proxy
2011-02-15T00:00:00+00:00,2011-02-14,windermere,south,water_temperature,2.0,month_1,2011-02-15,2011-03-16,4.32269425925926,degC,expanding_prior_year_window_climatology,1.0,True,3,3,2008|2009|2010,f9ad2c26691c822f2d17d7ddd09eac0a261ac17e46d000d51ceba97be740d591,0.8639367543939731,observation_time_proxy,historical data_available_time is unknown; observation_time is a pseudo-operational proxy
2011-02-15T00:00:00+00:00,2011-02-14,windermere,south,water_temperature,2.0,month_2,2011-03-17,2011-04-15,6.012064027777778,degC,expanding_prior_year_window_climatology,1.0,True,3,3,2008|2009|2010,b55cc65b684229a246912aec11725a12e1be863bd7253af96efce05fb3ed333e,0.3635828283957368,observation_time_proxy,historical data_available_time is unknown; observation_time is a pseudo-operational proxy
2011-02-15T00:00:00+00:00,2011-02-14,windermere,south,water_temperature,2.0,month_3,2011-04-16,2011-05-15,,degC,expanding_prior_year_window_climatology,1.0,False,3,2,2008|2009,02bd362ed7b0051ae437f45063c5bf4ad95aed9719f95f5f6433c5856b5672c5,0.016557494537135,observation_time_proxy,historical data_available_time is unknown; observation_time is a pseudo-operational proxy
2011-02-22T00:00:00+00:00,2011-02-21,windermere,south,water_temperature,2.0,month_1,2011-02-22,2011-03-23,4.582329722222222,degC,expanding_prior_year_window_climatology,1.0,True,3,3,2008|2009|2010,c1704b61238ba9721cb7f7ac61ab62114cd79de8221184ee30569d88e176d1dc,0.7901362679766376,observation_time_proxy,historical data_available_time is unknown; observation_time is a pseudo-operational proxy
2011-02-22T00:00:00+00:00,2011-02-21,windermere,south,water_temperature,2.0,month_2,2011-03-24,2011-04-22,6.621820379088504,degC,expanding_prior_year_window_climatology,1.0,True,3,3,2008|2009|2010,64a6cc3fb3c2ffc1b8c6255c09b636ecf0bf896a09b07c7487cfbdb661181125,0.45203227372892624,observation_time_proxy,historical data_available_time is unknown; observation_time is a pseudo-operational proxy
2011-02-22T00:00:00+00:00,2011-02-21,windermere,south,water_temperature,2.0,month_3,2011-04-23,2011-05-22,,degC,expanding_prior_year_window_climatology,1.0,False,3,2,2008|2009,469ebda895473687a2e4f133db3e4fd233f0b85c0cf3b71a2696c22d53e4c874,1.0329014183637668,observation_time_proxy,historical data_available_time is unknown; observation_time is a pseudo-operational proxy
2011-03-01T00:00:00+00:00,2011-02-28,windermere,south,water_temperature,2.0,month_1,2011-03-01,2011-03-30,4.876382777777778,degC,expanding_prior_year_window_climatology,1.0,True,3,3,2008|2009|2010,75f07807afcbb9cf2f92e6bf95012158d92a03a5eb5b583bb2a8a8ebdf1d5b11,0.6628518750326196,observation_time_proxy,historical data_available_time is unknown; observation_time is a pseudo-operational proxy
2011-03-01T00:00:00+00:00,2011-02-28,windermere,south,water_temperature,2.0,month_2,2011-03-31,2011-04-29,,degC,expanding_prior_year_window_climatology,1.0,False,3,2,2008|2009,2f17fa709ac4ad9dbe71749a1bc8b8a6086655c2c4616b828f526a1f083ebb8f,0.9281484591947372,observation_time_proxy,historical data_available_time is unknown; observation_time is a pseudo-operational proxy
2011-03-01T00:00:00+00:00,2011-02-28,windermere,south,water_temperature,2.0,month_3,2011-04-30,2011-05-29,11.706534505587484,degC,expanding_prior_year_window_climatology,1.0,True,3,3,2008|2009|2010,fd92f33c5f62b070822bef3fb0379bd630d4c431c1a77ef6ecdf8b92c76c6333,1.1669397150804928,observation_time_proxy,historical data_available_time is unknown; observation_time is a pseudo-operational proxy
2011-03-08T00:00:00+00:00,2011-03-07,windermere,south,water_temperature,2.0,month_1,2011-03-08,2011-04-06,5.287160462962963,degC,expanding_prior_year_window_climatology,1.0,True,3,3,2008|2009|2010,cf84bae0cf7672a9f6a04b91dc8afb278112403d1a714c3251ab290d2211bbc5,0.5776411787644182,observation_time_proxy,historical data_available_time is unknown; observation_time is a pseudo-operational proxy
2011-03-08T00:00:00+00:00,2011-03-07,windermere,south,water_temperature,2.0,month_2,2011-04-07,2011-05-06,,degC,expanding_prior_year_window_climatology,1.0,False,3,2,2008|2009,5500dcb06cd012b9cfbc923e5c9755de90694ae0d1009fb9b4497a278fcdd212,1.0112189710114328,observation_time_proxy,historical data_available_time is unknown; observation_time is a pseudo-operational proxy
2011-03-08T00:00:00+00:00,2011-03-07,windermere,south,water_temperature,2.0,month_3,2011-05-07,2011-06-05,12.99277637037037,degC,expanding_prior_year_window_climatology,1.0,True,3,3,2008|2009|2010,c17637b1bca719f3b39d0765afbeda1d83789d8fc4b05b65ae51d47c62f79aa0,1.1034001888733678,observation_time_proxy,historical data_available_time is unknown; observation_time is a pseudo-operational proxy
2011-03-15T00:00:00+00:00,2011-03-14,windermere,south,water_temperature,2.0,month_1,2011-03-15,2011-04-13,5.823234814814815,degC,expanding_prior_year_window_climatology,1.0,True,3,3,2008|2009|2010,aa364888c3164cde241c8132aec4b1fd82470b63b3044ef2427177872be5f3c8,0.3880286763250689,observation_time_proxy,historical data_available_time is unknown; observation_time is a pseudo-operational proxy
2011-03-15T00:00:00+00:00,2011-03-14,windermere,south,water_temperature,2.0,month_2,2011-04-14,2011-05-13,,degC,expanding_prior_year_window_climatology,1.0,False,3,2,2008|2009,12900bd143979518cda96a5691b054e74c073c7644e85eef447af1cac5cad5f1,0.30481693958346767,observation_time_proxy,historical data_available_time is unknown; observation_time is a pseudo-operational proxy
2011-03-15T00:00:00+00:00,2011-03-14,windermere,south,water_temperature,2.0,month_3,2011-05-14,2011-06-12,14.176036351851852,degC,expanding_prior_year_window_climatology,1.0,True,3,3,2008|2009|2010,60017eee21f0eb3c9f5f4a4a0c3980a8c7d59690f690470c8cbc04bdf6d65b3d,1.0079457713320963,observation_time_proxy,historical data_available_time is unknown; observation_time is a pseudo-operational proxy
2011-03-22T00:00:00+00:00,2011-03-21,windermere,south,water_temperature,2.0,month_1,2011-03-22,2011-04-20,6.478096023569024,degC,expanding_prior_year_window_climatology,1.0,True,3,3,2008|2009|2010,5c7e273b295c349a85016c134c45ca799107985d14c002dca3c4fcc069b1165e,0.38718862826745987,observation_time_proxy,historical data_available_time is unknown; observation_time is a pseudo-operational proxy
2011-03-22T00:00:00+00:00,2011-03-21,windermere,south,water_temperature,2.0,month_2,2011-04-21,2011-05-20,,degC,expanding_prior_year_window_climatology,1.0,False,3,2,2008|2009,8667e34bcd4bccee9bd724803edb0141c506085b4a047257d5175e5219a3a17b,0.7470996604284311,observation_time_proxy,historical data_available_time is unknown; observation_time is a pseudo-operational proxy
2011-03-22T00:00:00+00:00,2011-03-21,windermere,south,water_temperature,2.0,month_3,2011-05-21,2011-06-19,15.161346430555556,degC,expanding_prior_year_window_climatology,1.0,True,3,3,2008|2009|2010,4aeddabd9034fbf40a69aff5df6c973d1dd252541536ff169de3139f40594344,0.8939751556301869,observation_time_proxy,historical data_available_time is unknown; observation_time is a pseudo-operational proxy
2011-03-29T00:00:00+00:00,2011-03-28,windermere,south,water_temperature,2.0,month_1,2011-03-29,2011-04-27,,degC,expanding_prior_year_window_climatology,1.0,False,3,2,2008|2009,d405e86efcf5f4d55c5a402731422be173f846acf006a6a51fccc1987efec1ea,0.851199724336165,observation_time_proxy,historical data_available_time is unknown; observation_time is a pseudo-operational proxy
2011-03-29T00:00:00+00:00,2011-03-28,windermere,south,water_temperature,2.0,month_2,2011-04-28,2011-05-27,11.46555237191358,degC,expanding_prior_year_window_climatology,1.0,True,3,3,2008|2009|2010,6031e93f076d0d944456468385e45b86d89ef38b61de6971c882f51864faf18c,1.10486452115367,observation_time_proxy,historical data_available_time is unknown; observation_time is a pseudo-operational proxy
2011-03-29T00:00:00+00:00,2011-03-28,windermere,south,water_temperature,2.0,month_3,2011-05-28,2011-06-26,15.807706111111111,degC,expanding_prior_year_window_climatology,1.0,True,3,3,2008|2009|2010,f89ad505c49d13d04e8e8119c357685da9d6eca61dd2bc35487c7a660cb71cea,0.8151719792273039,observation_time_proxy,historical data_available_time is unknown; observation_time is a pseudo-operational proxy
2011-04-05T00:00:00+00:00,2011-04-04,windermere,south,water_temperature,2.0,month_1,2011-04-05,2011-05-04,,degC,expanding_prior_year_window_climatology,1.0,False,3,2,2008|2009,d23b6159f308d5d773dac34dacc1b7adc28a4d76f8023caff1a69d320712c0ae,1.0547313760473978,observation_time_proxy,historical data_available_time is unknown; observation_time is a pseudo-operational proxy
2011-04-05T00:00:00+00:00,2011-04-04,windermere,south,water_temperature,2.0,month_2,2011-05-05,2011-06-03,12.587841314814815,degC,expanding_prior_year_window_climatology,1.0,True,3,3,2008|2009|2010,36509669ad259c6b5fddb8a10e2868f37c259878b3bc87cff6b294f3b4cdd880,1.1574047767759028,observation_time_proxy,historical data_available_time is unknown; observation_time is a pseudo-operational proxy
2011-04-05T00:00:00+00:00,2011-04-04,windermere,south,water_temperature,2.0,month_3,2011-06-04,2011-07-03,16.599369041666666,degC,expanding_prior_year_window_climatology,1.0,True,3,3,2008|2009|2010,5762abbc5671318aaab8defa4afb0321f8f64c5ffc385010563af7f16b0a0233,1.2358437544061904,observation_time_proxy,historical data_available_time is unknown; observation_time is a pseudo-operational proxy
2011-04-12T00:00:00+00:00,2011-04-11,windermere,south,water_temperature,2.0,month_1,2011-04-12,2011-05-11,,degC,expanding_prior_year_window_climatology,1.0,False,3,2,2008|2009,eaf99b4027ee7585c6cb3b43f902ceb74e8e0e59d32ff12cf72936809b6f5b8f,0.5898615040072815,observation_time_proxy,historical data_available_time is unknown; observation_time is a pseudo-operational proxy
2011-04-12T00:00:00+00:00,2011-04-11,windermere,south,water_temperature,2.0,month_2,2011-05-12,2011-06-10,13.870324587962964,degC,expanding_prior_year_window_climatology,1.0,True,3,3,2008|2009|2010,3f186163a5de98d09add57c023dd83e2add404d2d8b17d2ea469be9f0402b25f,1.0523646240694182,observation_time_proxy,historical data_available_time is unknown; observation_time is a pseudo-operational proxy
2011-04-12T00:00:00+00:00,2011-04-11,windermere,south,water_temperature,2.0,month_3,2011-06-11,2011-07-10,17.059016074074073,degC,expanding_prior_year_window_climatology,1.0,True,3,3,2008|2009|2010,387608a105b0ce72e50b9ab152b67be1200172732e03dace51962d88aa548eb0,1.623645259086237,observation_time_proxy,historical data_available_time is unknown; observation_time is a pseudo-operational proxy
2011-04-19T00:00:00+00:00,2011-04-18,windermere,south,water_temperature,2.0,month_1,2011-04-19,2011-05-18,,degC,expanding_prior_year_window_climatology,1.0,False,3,2,2008|2009,a54346c806ac4894c77dd6ed900852977c97c48b2db0329763385c164fea9fca,0.40983103721515957,observation_time_proxy,historical data_available_time is unknown; observation_time is a pseudo-operational proxy
2011-04-19T00:00:00+00:00,2011-04-18,windermere,south,water_temperature,2.0,month_2,2011-05-19,2011-06-17,14.918230615740741,degC,expanding_prior_year_window_climatology,1.0,True,3,3,2008|2009|2010,c245ff69afd77e936f6099affd7e669e6b10858a4a9b21d0a3d87904e342486d,0.8797749936130141,observation_time_proxy,historical data_available_time is unknown; observation_time is a pseudo-operational proxy
2011-04-19T00:00:00+00:00,2011-04-18,windermere,south,water_temperature,2.0,month_3,2011-06-18,2011-07-17,17.35377025925926,degC,expanding_prior_year_window_climatology,1.0,True,3,3,2008|2009|2010,021a97b59ed7a4ef85fa71787640bbcff85f60643eff137b8711a11f2129fa88,1.99836428766775,observation_time_proxy,historical data_available_time is unknown; observation_time is a pseudo-operational proxy
2011-04-26T00:00:00+00:00,2011-04-25,windermere,south,water_temperature,2.0,month_1,2011-04-26,2011-05-25,,degC,expanding_prior_year_window_climatology,1.0,False,3,2,2008|2009,c1a70f1dfd9a06d4b20ee032747c9e4c85dd4facfbdf7e908e04cf5ac3d2b5b5,1.3667391005491567,observation_time_proxy,historical data_available_time is unknown; observation_time is a pseudo-operational proxy
2011-04-26T00:00:00+00:00,2011-04-25,windermere,south,water_temperature,2.0,month_2,2011-05-26,2011-06-24,15.607037944444444,degC,expanding_prior_year_window_climatology,1.0,True,3,3,2008|2009|2010,a16d5e35a6dc046496b5c22aad484829c1611f75b6c82f14efc36b56f1f7bad7,0.836453676264729,observation_time_proxy,historical data_available_time is unknown; observation_time is a pseudo-operational proxy
2011-04-26T00:00:00+00:00,2011-04-25,windermere,south,water_temperature,2.0,month_3,2011-06-25,2011-07-24,17.533731796296294,degC,expanding_prior_year_window_climatology,1.0,True,3,3,2008|2009|2010,a540b9370ccf80a20b43acc2c26891b0e77611370bc2762061b08922b1a2772d,1.906999548274919,observation_time_proxy,historical data_available_time is unknown; observation_time is a pseudo-operational proxy
2011-05-03T00:00:00+00:00,2011-05-02,windermere,south,water_temperature,2.0,month_1,2011-05-03,2011-06-01,12.194101786574073,degC,expanding_prior_year_window_climatology,1.0,True,3,3,2008|2009|2010,59792420173a55f67dbcd186cf05ef2fef5cdce05f45d0662a909b4d36dfc0c4,1.1886091308268736,observation_time_proxy,historical data_available_time is unknown; observation_time is a pseudo-operational proxy
2011-05-03T00:00:00+00:00,2011-05-02,windermere,south,water_temperature,2.0,month_2,2011-06-02,2011-07-01,16.403306949074075,degC,expanding_prior_year_window_climatology,1.0,True,3,3,2008|2009|2010,fcdacfdaff0a8b55511be1bcdc3b2d55adeb69b653ada438fc1e1ad65333a7ea,1.109517405986625,observation_time_proxy,historical data_available_time is unknown; observation_time is a pseudo-operational proxy
2011-05-03T00:00:00+00:00,2011-05-02,windermere,south,water_temperature,2.0,month_3,2011-07-02,2011-07-31,17.577466092592594,degC,expanding_prior_year_window_climatology,1.0,True,3,3,2008|2009|2010,dafcb444329a6731b466b3c4747dfcdaa753eab5e652e0a9e02a571ebe0f748b,1.0695730666102443,observation_time_proxy,historical data_available_time is unknown; observation_time is a pseudo-operational proxy
2011-05-10T00:00:00+00:00,2011-05-09,windermere,south,water_temperature,2.0,month_1,2011-05-10,2011-06-08,13.544356699074074,degC,expanding_prior_year_window_climatology,1.0,True,3,3,2008|2009|2010,8413cad724836edc214c6783a0b481f53f2e5beda96961dd3fa48c1529ffabe8,1.0693134705371132,observation_time_proxy,historical data_available_time is unknown; observation_time is a pseudo-operational proxy
2011-05-10T00:00:00+00:00,2011-05-09,windermere,south,water_temperature,2.0,month_2,2011-06-09,2011-07-08,16.933232921296295,degC,expanding_prior_year_window_climatology,1.0,True,3,3,2008|2009|2010,98d1fc5b0e9a610af10c3605657e2dffa0f9cd37cfc64b2470302e7b50b3c321,1.4574667079057277,observation_time_proxy,historical data_available_time is unknown; observation_time is a pseudo-operational proxy
2011-05-10T00:00:00+00:00,2011-05-09,windermere,south,water_temperature,2.0,month_3,2011-07-09,2011-08-07,17.416930037037037,degC,expanding_prior_year_window_climatology,1.0,True,3,3,2008|2009|2010,e61f53d9e333ad07d580ec0187a437ac721138f4ef6d73ec246bc2d9972998c6,0.29659324912938406,observation_time_proxy,historical data_available_time is unknown; observation_time is a pseudo-operational proxy
2011-05-17T00:00:00+00:00,2011-05-16,windermere,south,water_temperature,2.0,month_1,2011-05-17,2011-06-15,14.614869782407407,degC,expanding_prior_year_window_climatology,1.0,True,3,3,2008|2009|2010,d3e41aed8bb2a8962b9a5c7e643d24dce64d6544c73b322d5b6ac7153e76ea47,0.9262526222462989,observation_time_proxy,historical data_available_time is unknown; observation_time is a pseudo-operational proxy
2011-05-17T00:00:00+00:00,2011-05-16,windermere,south,water_temperature,2.0,month_2,2011-06-16,2011-07-15,17.30628749074074,degC,expanding_prior_year_window_climatology,1.0,True,3,3,2008|2009|2010,b3061ae4535c4f9e56340be9c097f101b8d2f6d85bd4a16cf6a783c1ce7d7667,1.9495069901393434,observation_time_proxy,historical data_available_time is unknown; observation_time is a pseudo-operational proxy
2011-05-17T00:00:00+00:00,2011-05-16,windermere,south,water_temperature,2.0,month_3,2011-07-16,2011-08-14,17.375697805555557,degC,expanding_prior_year_window_climatology,1.0,True,3,3,2008|2009|2010,885a37d65beb2776036c95235f95abb8ee4e50a6f5910fe477bc43628ffaa6e8,0.06774820307069272,observation_time_proxy,historical data_available_time is unknown; observation_time is a pseudo-operational proxy
2011-05-24T00:00:00+00:00,2011-05-23,windermere,south,water_temperature,2.0,month_1,2011-05-24,2011-06-22,15.449786773148148,degC,expanding_prior_year_window_climatology,1.0,True,3,3,2008|2009|2010,b95cdb3e2b750e04c9ebaf7ce5d83b277437c144231d28258203371e9278dcb5,0.909489417713168,observation_time_proxy,historical data_available_time is unknown; observation_time is a pseudo-operational proxy
2011-05-24T00:00:00+00:00,2011-05-23,windermere,south,water_temperature,2.0,month_2,2011-06-23,2011-07-22,17.496908273148147,degC,expanding_prior_year_window_climatology,1.0,True,3,3,2008|2009|2010,71a7f875ee25f3b3a186a3bf2c3207991efe3c61c36db5106ae5763c05822fba,1.9955788762426356,observation_time_proxy,historical data_available_time is unknown; observation_time is a pseudo-operational proxy
2011-05-24T00:00:00+00:00,2011-05-23,windermere,south,water_temperature,2.0,month_3,2011-07-23,2011-08-21,17.425659180555556,degC,expanding_prior_year_window_climatology,1.0,True,3,3,2008|2009|2010,0251cab1eb0d45030fbd6fad1ec291364dafc3b796df4a11c083d8f44edc6338,0.3150506601210054,observation_time_proxy,historical data_available_time is unknown; observation_time is a pseudo-operational proxy
2011-05-31T00:00:00+00:00,2011-05-30,windermere,south,water_temperature,2.0,month_1,2011-05-31,2011-06-29,16.173912375,degC,expanding_prior_year_window_climatology,1.0,True,3,3,2008|2009|2010,26fb5ccb2065ecb7a3f8a0c1ed2e3fd67e2e59102cce12cc6f793fb64c1dbb0f,0.9460899187821044,observation_time_proxy,historical data_available_time is unknown; observation_time is a pseudo-operational proxy
2011-05-31T00:00:00+00:00,2011-05-30,windermere,south,water_temperature,2.0,month_2,2011-06-30,2011-07-29,17.613673504629627,degC,expanding_prior_year_window_climatology,1.0,True,3,3,2008|2009|2010,9ffee57ee2c73b1620ac69817b4f6e01cbb468950a6f0e3ab2106eee3bc894e8,1.351948534625942,observation_time_proxy,historical data_available_time is unknown; observation_time is a pseudo-operational proxy
2011-05-31T00:00:00+00:00,2011-05-30,windermere,south,water_temperature,2.0,month_3,2011-07-30,2011-08-28,17.287383439814814,degC,expanding_prior_year_window_climatology,1.0,True,3,3,2008|2009|2010,f663aa49907c01e7c2c68773d47992755356bd5f1185ad8cfc2086b57afad31a,0.33744525734790404,observation_time_proxy,historical data_available_time is unknown; observation_time is a pseudo-operational proxy
2011-06-07T00:00:00+00:00,2011-06-06,windermere,south,water_temperature,2.0,month_1,2011-06-07,2011-07-06,16.804002328703703,degC,expanding_prior_year_window_climatology,1.0,True,3,3,2008|2009|2010,b96d5ef072767ce943a62f089a911666c2b5f4e8095cc49edae4d888fd1ded46,1.3573687546155062,observation_time_proxy,historical data_available_time is unknown; observation_time is a pseudo-operational proxy
2011-06-07T00:00:00+00:00,2011-06-06,windermere,south,water_temperature,2.0,month_2,2011-07-07,2011-08-05,17.43457287962963,degC,expanding_prior_year_window_climatology,1.0,True,3,3,2008|2009|2010,8e1f93d6d45f20edf978db6ff700ed30513e709fe39f89afad84b7f4d1a2aad6,0.47994115420525085,observation_time_proxy,historical data_available_time is unknown; observation_time is a pseudo-operational proxy
2011-06-07T00:00:00+00:00,2011-06-06,windermere,south,water_temperature,2.0,month_3,2011-08-06,2011-09-04,17.040241421296297,degC,expanding_prior_year_window_climatology,1.0,True,3,3,2008|2009|2010,dd1768ff173193dc022645f6f507bfcdb195681d4418c1a197ddd0219612649c,0.4755969027843106,observation_time_proxy,historical data_available_time is unknown; observation_time is a pseudo-operational proxy
2011-06-14T00:00:00+00:00,2011-06-13,windermere,south,water_temperature,2.0,month_1,2011-06-14,2011-07-13,17.208895125,degC,expanding_prior_year_window_climatology,1.0,True,3,3,2008|2009|2010,54bd46f62711ad80b66adefcc8944ccd8e4e361d3e25cc843476fe55a35df8de,1.8395665610867997,observation_time_proxy,historical data_available_time is unknown; observation_time is a pseudo-operational proxy
2011-06-14T00:00:00+00:00,2011-06-13,windermere,south,water_temperature,2.0,month_2,2011-07-14,2011-08-12,17.38972562037037,degC,expanding_prior_year_window_climatology,1.0,True,3,3,2008|2009|2010,5d71d485417c375a31f77509692a5471ede69aed1357633efb5e7e658bd2a998,0.005795910252327984,observation_time_proxy,historical data_available_time is unknown; observation_time is a pseudo-operational proxy
2011-06-14T00:00:00+00:00,2011-06-13,windermere,south,water_temperature,2.0,month_3,2011-08-13,2011-09-11,16.620908777777778,degC,expanding_prior_year_window_climatology,1.0,True,3,3,2008|2009|2010,11f121d6cda528dd91c88cb08bc09f6df110d4733cdf5cedaf75a5d5a066c96a,0.7833187004880172,observation_time_proxy,historical data_available_time is unknown; observation_time is a pseudo-operational proxy
2011-06-21T00:00:00+00:00,2011-06-20,windermere,south,water_temperature,2.0,month_1,2011-06-21,2011-07-20,17.439612342592593,degC,expanding_prior_year_window_climatology,1.0,True,3,3,2008|2009|2010,e5ff530fa5a67042dc310ffa4410b12a5f40f56b40a75f85dfd6660a60a09cfb,2.019896786318179,observation_time_proxy,historical data_available_time is unknown; observation_time is a pseudo-operational proxy
2011-06-21T00:00:00+00:00,2011-06-20,windermere,south,water_temperature,2.0,month_2,2011-07-21,2011-08-19,17.416418458333332,degC,expanding_prior_year_window_climatology,1.0,True,3,3,2008|2009|2010,fb20de740c0be0f3ee835b928c9f632625af5f2d7cc57392c309874ce9bc8184,0.2609649272337334,observation_time_proxy,historical data_available_time is unknown; observation_time is a pseudo-operational proxy
2011-06-21T00:00:00+00:00,2011-06-20,windermere,south,water_temperature,2.0,month_3,2011-08-20,2011-09-18,16.238884902777777,degC,expanding_prior_year_window_climatology,1.0,True,3,3,2008|2009|2010,aa1e30cc30345fc359290e4b7461099d910b3229b756d3fa87a8cb31ae006692,0.881108047590074,observation_time_proxy,historical data_available_time is unknown; observation_time is a pseudo-operational proxy
2011-06-28T00:00:00+00:00,2011-06-27,windermere,south,water_temperature,2.0,month_1,2011-06-28,2011-07-27,17.58581401388889,degC,expanding_prior_year_window_climatology,1.0,True,3,3,2008|2009|2010,4c19d839142a0ce1b85f9f84bd7b7f4d0ed4cebfea6f1627da9ecf339f62ac5f,1.6214227416464195,observation_time_proxy,historical data_available_time is unknown; observation_time is a pseudo-operational proxy
2011-06-28T00:00:00+00:00,2011-06-27,windermere,south,water_temperature,2.0,month_2,2011-07-28,2011-08-26,17.368583064814814,degC,expanding_prior_year_window_climatology,1.0,True,3,3,2008|2009|2010,b5de2570a9c9bbb68be468d35d83a125207482254513bbc3b5ce287ec766b64a,0.3508224501026836,observation_time_proxy,historical data_available_time is unknown; observation_time is a pseudo-operational proxy
2011-06-28T00:00:00+00:00,2011-06-27,windermere,south,water_temperature,2.0,month_3,2011-08-27,2011-09-25,15.784842203703704,degC,expanding_prior_year_window_climatology,1.0,True,3,3,2008|2009|2010,f196aeda1e105f166dc9dde96d57b2afc9eff203a2267837cc8709a0ac2d32ed,0.8966975196574466,observation_time_proxy,historical data_available_time is unknown; observation_time is a pseudo-operational proxy
2011-07-05T00:00:00+00:00,2011-07-04,windermere,south,water_temperature,2.0,month_1,2011-07-05,2011-08-03,17.47822922222222,degC,expanding_prior_year_window_climatology,1.0,True,3,3,2008|2009|2010,6b7c3665d7e73d67145e6634de3bdd6a9580772b71516c2d61e693348a875b74,0.6921813733467466,observation_time_proxy,historical data_available_time is unknown; observation_time is a pseudo-operational proxy
2011-07-05T00:00:00+00:00,2011-07-04,windermere,south,water_temperature,2.0,month_2,2011-08-04,2011-09-02,17.117887305555556,degC,expanding_prior_year_window_climatology,1.0,True,3,3,2008|2009|2010,269a654e083ac1bafba04c34d6632b8c7c825dda8c5644b6ebe69b3732690573,0.4014680018962953,observation_time_proxy,historical data_available_time is unknown; observation_time is a pseudo-operational proxy
2011-07-05T00:00:00+00:00,2011-07-04,windermere,south,water_temperature,2.0,month_3,2011-09-03,2011-10-02,15.293626833333333,degC,expanding_prior_year_window_climatology,1.0,True,3,3,2008|2009|2010,fb57ad2819545b34ed38a5455c60302f30c64e3306ea3871efe7a24ef992ecc6,0.8021880629152328,observation_time_proxy,historical data_available_time is unknown; observation_time is a pseudo-operational proxy
2011-07-12T00:00:00+00:00,2011-07-11,windermere,south,water_temperature,2.0,month_1,2011-07-12,2011-08-10,17.402729592592593,degC,expanding_prior_year_window_climatology,1.0,True,3,3,2008|2009|2010,e8fdaa859ca811b648a365d85a231287653bb2c913905213eda1fde3665d4aa5,0.08214817385571029,observation_time_proxy,historical data_available_time is unknown; observation_time is a pseudo-operational proxy
2011-07-12T00:00:00+00:00,2011-07-11,windermere,south,water_temperature,2.0,month_2,2011-08-11,2011-09-09,16.734118689814814,degC,expanding_prior_year_window_climatology,1.0,True,3,3,2008|2009|2010,5b716d85f1e563811707ae1872bc8744170a49ee230ffacae75222b0aaebc89e,0.7088226087986791,observation_time_proxy,historical data_available_time is unknown; observation_time is a pseudo-operational proxy
2011-07-12T00:00:00+00:00,2011-07-11,windermere,south,water_temperature,2.0,month_3,2011-09-10,2011-10-09,14.758989203703704,degC,expanding_prior_year_window_climatology,1.0,True,3,3,2008|2009|2010,41bfa98a35ebe55a127f9916f0e8bbd32170f5762e9d6de9810df2a3913ab86b,0.5885412196402009,observation_time_proxy,historical data_available_time is unknown; observation_time is a pseudo-operational proxy
2011-07-19T00:00:00+00:00,2011-07-18,windermere,south,water_temperature,2.0,month_1,2011-07-19,2011-08-17,17.393570805555555,degC,expanding_prior_year_window_climatology,1.0,True,3,3,2008|2009|2010,248794f172b43ea759017a67b3a838389ae042e46da740cfe5b85f347fc0ceb0,0.18700654942420825,observation_time_proxy,historical data_available_time is unknown; observation_time is a pseudo-operational proxy
2011-07-19T00:00:00+00:00,2011-07-18,windermere,south,water_temperature,2.0,month_2,2011-08-18,2011-09-16,16.358903574074073,degC,expanding_prior_year_window_climatology,1.0,True,3,3,2008|2009|2010,8304faeb8037cd72529bdf21f3e7014cf1e69b8f5ae969263faf13704db5aa27,0.8740037138941367,observation_time_proxy,historical data_available_time is unknown; observation_time is a pseudo-operational proxy
2011-07-19T00:00:00+00:00,2011-07-18,windermere,south,water_temperature,2.0,month_3,2011-09-17,2011-10-16,14.183128703703703,degC,expanding_prior_year_window_climatology,1.0,True,3,3,2008|2009|2010,60a996010909efc1eab1818a4b6752286cd7dcfafc2c81df283c7c80bbbb02eb,0.4789824676094772,observation_time_proxy,historical data_available_time is unknown; observation_time is a pseudo-operational proxy
2011-07-26T00:00:00+00:00,2011-07-25,windermere,south,water_temperature,2.0,month_1,2011-07-26,2011-08-24,17.41829865740741,degC,expanding_prior_year_window_climatology,1.0,True,3,3,2008|2009|2010,f5b9744fd3f6b13ec443702d98eabe438b2e38bbd13bb14d7aea221fa8476ee6,0.3595805852125133,observation_time_proxy,historical data_available_time is unknown; observation_time is a pseudo-operational proxy
2011-07-26T00:00:00+00:00,2011-07-25,windermere,south,water_temperature,2.0,month_2,2011-08-25,2011-09-23,15.920983560185185,degC,expanding_prior_year_window_climatology,1.0,True,3,3,2008|2009|2010,093f1a998b00fdc347d14831fad4df5c999e224ee86a33e76a52f30ec4946d82,0.9041071532863104,observation_time_proxy,historical data_available_time is unknown; observation_time is a pseudo-operational proxy
2011-07-26T00:00:00+00:00,2011-07-25,windermere,south,water_temperature,2.0,month_3,2011-09-24,2011-10-23,13.538333254629629,degC,expanding_prior_year_window_climatology,1.0,True,3,3,2008|2009|2010,41dcaed3ba98dd46094e0fd7d691208d5a8ff1467507706c8a53a77046bedda2,0.5089052945028877,observation_time_proxy,historical data_available_time is unknown; observation_time is a pseudo-operational proxy
2011-08-02T00:00:00+00:00,2011-08-01,windermere,south,water_temperature,2.0,month_1,2011-08-02,2011-08-31,17.18284048148148,degC,expanding_prior_year_window_climatology,1.0,True,3,3,2008|2009|2010,542f063dabd7693ea5273237ae151336341ee8072eee862f92c4151451a5c758,0.3665685062697812,observation_time_proxy,historical data_available_time is unknown; observation_time is a pseudo-operational proxy
2011-08-02T00:00:00+00:00,2011-08-01,windermere,south,water_temperature,2.0,month_2,2011-09-01,2011-09-30,15.440831162037037,degC,expanding_prior_year_window_climatology,1.0,True,3,3,2008|2009|2010,259476141b8550611c1f8e020ca53228ce247911fe50b7c07e8e615a19849670,0.8415726637267765,observation_time_proxy,historical data_available_time is unknown; observation_time is a pseudo-operational proxy
2011-08-02T00:00:00+00:00,2011-08-01,windermere,south,water_temperature,2.0,month_3,2011-10-01,2011-10-30,12.82094225,degC,expanding_prior_year_window_climatology,1.0,True,3,3,2008|2009|2010,2c964528f64b2f0711cea70fbe5c5d7f66f69cee86aa56f35c9e070e381c75f1,0.6837726218697422,observation_time_proxy,historical data_available_time is unknown; observation_time is a pseudo-operational proxy
2011-08-09T00:00:00+00:00,2011-08-08,windermere,south,water_temperature,2.0,month_1,2011-08-09,2011-09-07,16.852367041666668,degC,expanding_prior_year_window_climatology,1.0,True,3,3,2008|2009|2010,3feeb5f50658755930adf492efb72e16b96f252511dd903b8984664636dec1a6,0.6180501445056177,observation_time_proxy,historical data_available_time is unknown; observation_time is a pseudo-operational proxy
2011-08-09T00:00:00+00:00,2011-08-08,windermere,south,water_temperature,2.0,month_2,2011-09-08,2011-10-07,14.910040986111111,degC,expanding_prior_year_window_climatology,1.0,True,3,3,2008|2009|2010,851a563606c519aa107db88a9d6061bee4b585a680ed9b9318d797a2de2caabe,0.6417325826239592,observation_time_proxy,historical data_available_time is unknown; observation_time is a pseudo-operational proxy
2011-08-09T00:00:00+00:00,2011-08-08,windermere,south,water_temperature,2.0,month_3,2011-10-08,2011-11-06,12.082043168679549,degC,expanding_prior_year_window_climatology,1.0,True,3,3,2008|2009|2010,437b8e677e37fdb3e7f0957e5b96bf99b1ab2da89385e7e29820beb6cba01440,0.8795721697817142,observation_time_proxy,historical data_available_time is unknown; observation_time is a pseudo-operational proxy
2011-08-16T00:00:00+00:00,2011-08-15,windermere,south,water_temperature,2.0,month_1,2011-08-16,2011-09-14,16.474850115740743,degC,expanding_prior_year_window_climatology,1.0,True,3,3,2008|2009|2010,a20d2a33cec0afd176b8c8d809ffa154c31b8227f0ed4103e3030a108c744270,0.8671865706746456,observation_time_proxy,historical data_available_time is unknown; observation_time is a pseudo-operational proxy
2011-08-16T00:00:00+00:00,2011-08-15,windermere,south,water_temperature,2.0,month_2,2011-09-15,2011-10-14,14.34867398148148,degC,expanding_prior_year_window_climatology,1.0,True,3,3,2008|2009|2010,6ae91f01510adf8ad3c61e10c5a3c97e9e525b68d29ca64b9a64784032c5fb2f,0.49483333707651406,observation_time_proxy,historical data_available_time is unknown; observation_time is a pseudo-operational proxy
2011-08-16T00:00:00+00:00,2011-08-15,windermere,south,water_temperature,2.0,month_3,2011-10-15,2011-11-13,11.281149001086957,degC,expanding_prior_year_window_climatology,1.0,True,3,3,2008|2009|2010,5e003386e6cb1435e1d74e9b2a38e449e70f7d138d2f784bebfda7b8ae8cd7b5,0.9719169666787957,observation_time_proxy,historical data_available_time is unknown; observation_time is a pseudo-operational proxy
2011-08-23T00:00:00+00:00,2011-08-22,windermere,south,water_temperature,2.0,month_1,2011-08-23,2011-09-21,16.050486310185185,degC,expanding_prior_year_window_climatology,1.0,True,3,3,2008|2009|2010,b6c08bf08448f6497bac272d472b1b47bb2edc7297c46956924ac23308bc9a81,0.8917440831881758,observation_time_proxy,historical data_available_time is unknown; observation_time is a pseudo-operational proxy
2011-08-23T00:00:00+00:00,2011-08-22,windermere,south,water_temperature,2.0,month_2,2011-09-22,2011-10-21,13.738468546296296,degC,expanding_prior_year_window_climatology,1.0,True,3,3,2008|2009|2010,0833e9408ada49e3d8a97568a632ec4805d1acbe7f227a30f4c8f94a2f9f1489,0.4931770484323581,observation_time_proxy,historical data_available_time is unknown; observation_time is a pseudo-operational proxy
2011-08-23T00:00:00+00:00,2011-08-22,windermere,south,water_temperature,2.0,month_3,2011-10-22,2011-11-20,10.479847409883252,degC,expanding_prior_year_window_climatology,1.0,True,3,3,2008|2009|2010,30902ea735a8a23352f80286760d014b181340b7ac85de865234e30beb6ce395,0.9983283861973348,observation_time_proxy,historical data_available_time is unknown; observation_time is a pseudo-operational proxy
2011-08-30T00:00:00+00:00,2011-08-29,windermere,south,water_temperature,2.0,month_1,2011-08-30,2011-09-28,15.582673699074073,degC,expanding_prior_year_window_climatology,1.0,True,3,3,2008|2009|2010,fc090c0b7c1397ac8820e7c308d4e3a43d796887369188c075f82eb364659639,0.8593575548705785,observation_time_proxy,historical data_available_time is unknown; observation_time is a pseudo-operational proxy
2011-08-30T00:00:00+00:00,2011-08-29,windermere,south,water_temperature,2.0,month_2,2011-09-29,2011-10-28,13.02951588425926,degC,expanding_prior_year_window_climatology,1.0,True,3,3,2008|2009|2010,1302ccad6014b1c179e98226417a86b9edc777a7fe5e46704e2dbdbc49708333,0.6207049847399507,observation_time_proxy,historical data_available_time is unknown; observation_time is a pseudo-operational proxy
2011-08-30T00:00:00+00:00,2011-08-29,windermere,south,water_temperature,2.0,month_3,2011-10-29,2011-11-27,9.77078563766103,degC,expanding_prior_year_window_climatology,1.0,True,3,3,2008|2009|2010,cf779836b4382dbadc93a6cfb3fec0161c66a048aea25eb3462caf4803ca51e9,0.9717631360109352,observation_time_proxy,historical data_available_time is unknown; observation_time is a pseudo-operational proxy
2011-09-06T00:00:00+00:00,2011-09-05,windermere,south,water_temperature,2.0,month_1,2011-09-06,2011-10-05,15.050147523148148,degC,expanding_prior_year_window_climatology,1.0,True,3,3,2008|2009|2010,f2ac5af494176ea68db92e04fd6b8adbee260e92302e20189a05a56cf360a8ca,0.7009945884651114,observation_time_proxy,historical data_available_time is unknown; observation_time is a pseudo-operational proxy
2011-09-06T00:00:00+00:00,2011-09-05,windermere,south,water_temperature,2.0,month_2,2011-10-06,2011-11-04,12.291816228864734,degC,expanding_prior_year_window_climatology,1.0,True,3,3,2008|2009|2010,59290bdb2863b70d2dfae73c54d909cb2463a7fdd4ce3ea696d95d3362e00d60,0.8424175283904065,observation_time_proxy,historical data_available_time is unknown; observation_time is a pseudo-operational proxy
2011-09-06T00:00:00+00:00,2011-09-05,windermere,south,water_temperature,2.0,month_3,2011-11-05,2011-12-04,9.0195236875,degC,expanding_prior_year_window_climatology,1.0,True,3,3,2008|2009|2010,ab5eb8984405cd3df77eb1c59fc536651744ad0346cc28d38b49b64146634b8d,0.860513364464648,observation_time_proxy,historical data_available_time is unknown; observation_time is a pseudo-operational proxy
2011-09-13T00:00:00+00:00,2011-09-12,windermere,south,water_temperature,2.0,month_1,2011-09-13,2011-10-12,14.520636393518519,degC,expanding_prior_year_window_climatology,1.0,True,3,3,2008|2009|2010,c033b8f5b7eeb8ab527b384040a974233cc51b5bc17ed387e5c590620bec38f3,0.5221041217614264,observation_time_proxy,historical data_available_time is unknown; observation_time is a pseudo-operational proxy
2011-09-13T00:00:00+00:00,2011-09-12,windermere,south,water_temperature,2.0,month_2,2011-10-13,2011-11-11,11.520594050623993,degC,expanding_prior_year_window_climatology,1.0,True,3,3,2008|2009|2010,3f3382e968c9b667a4ef85fe62c95b02699e06e4fc3ed0ef304aadc7fdcdf3b7,0.9477873245131169,observation_time_proxy,historical data_available_time is unknown; observation_time is a pseudo-operational proxy
2011-09-13T00:00:00+00:00,2011-09-12,windermere,south,water_temperature,2.0,month_3,2011-11-12,2011-12-11,8.245979348611112,degC,expanding_prior_year_window_climatology,1.0,True,3,3,2008|2009|2010,f80b99d139ef11209cf3c06c3694b6d56e1add5a8517db807cee625769cc5054,0.8675472065223376,observation_time_proxy,historical data_available_time is unknown; observation_time is a pseudo-operational proxy
2011-09-20T00:00:00+00:00,2011-09-19,windermere,south,water_temperature,2.0,month_1,2011-09-20,2011-10-19,13.927047319444444,degC,expanding_prior_year_window_climatology,1.0,True,3,3,2008|2009|2010,5294f407131d9baa80a1934cfb0d665fef3ba18582cb4aaa6b62de9da7e4b225,0.48178149276374843,observation_time_proxy,historical data_available_time is unknown; observation_time is a pseudo-operational proxy
2011-09-20T00:00:00+00:00,2011-09-19,windermere,south,water_temperature,2.0,month_2,2011-10-20,2011-11-18,10.694818889975846,degC,expanding_prior_year_window_climatology,1.0,True,3,3,2008|2009|2010,6986adaede0f0ef5b2f766f2789bd5e8c1583f2be8300b40d1e5d2a2d10b6efd,0.9936137591455526,observation_time_proxy,historical data_available_time is unknown; observation_time is a pseudo-operational proxy
2011-09-20T00:00:00+00:00,2011-09-19,windermere,south,water_temperature,2.0,month_3,2011-11-19,2011-12-18,7.538418897222222,degC,expanding_prior_year_window_climatology,1.0,True,3,3,2008|2009|2010,77f75bc4c33ed11b91b703e9ecbb0ad114b7b8103367971c48d9e2e1293ff177,0.9339858918890396,observation_time_proxy,historical data_available_time is unknown; observation_time is a pseudo-operational proxy
2011-09-27T00:00:00+00:00,2011-09-26,windermere,south,water_temperature,2.0,month_1,2011-09-27,2011-10-26,13.235672884259259,degC,expanding_prior_year_window_climatology,1.0,True,3,3,2008|2009|2010,00a4a07e7f4f77d349ae36eee51aed4c8f0582afc33d81b60f83072f7635c48a,0.564549495140327,observation_time_proxy,historical data_available_time is unknown; observation_time is a pseudo-operational proxy
2011-09-27T00:00:00+00:00,2011-09-26,windermere,south,water_temperature,2.0,month_2,2011-10-27,2011-11-25,9.973361398772141,degC,expanding_prior_year_window_climatology,1.0,True,3,3,2008|2009|2010,c86a589bf2a8eedfd23dd1257272293736b0be82bc9d1c4f3bc2f5b17adaf456,0.9843301035640486,observation_time_proxy,historical data_available_time is unknown; observation_time is a pseudo-operational proxy
2011-09-27T00:00:00+00:00,2011-09-26,windermere,south,water_temperature,2.0,month_3,2011-11-26,2011-12-25,6.815170617592592,degC,expanding_prior_year_window_climatology,1.0,True,3,3,2008|2009|2010,82d50e029e73a4c7a474a95dae165f81196ccbdfae7facd34056a53b073a3fad,0.9624519434219572,observation_time_proxy,historical data_available_time is unknown; observation_time is a pseudo-operational proxy
2011-10-04T00:00:00+00:00,2011-10-03,windermere,south,water_temperature,2.0,month_1,2011-10-04,2011-11-02,12.502482645531401,degC,expanding_prior_year_window_climatology,1.0,True,3,3,2008|2009|2010,07364fe0d7a35155512614e4fdce9d4cdafee6bebbe1b8872047a635a6ecd8eb,0.7910668464663364,observation_time_proxy,historical data_available_time is unknown; observation_time is a pseudo-operational proxy
2011-10-04T00:00:00+00:00,2011-10-03,windermere,south,water_temperature,2.0,month_2,2011-11-03,2011-12-02,9.241518598148149,degC,expanding_prior_year_window_climatology,1.0,True,3,3,2008|2009|2010,1f87150759ea648501739ba2680a84675b1497fd12ebfc8f147564046567af5a,0.8884770927943155,observation_time_proxy,historical data_available_time is unknown; observation_time is a pseudo-operational proxy
2011-10-04T00:00:00+00:00,2011-10-03,windermere,south,water_temperature,2.0,month_3,2011-12-03,2012-01-01,6.180509797767783,degC,expanding_prior_year_window_climatology,1.0,True,3,3,2008|2009|2010,3308577afa0ee7eb8d685618e08519f375c1e00a48e56fdc6ef867de54602fee,0.9425552623808638,observation_time_proxy,historical data_available_time is unknown; observation_time is a pseudo-operational proxy
2011-10-11T00:00:00+00:00,2011-10-10,windermere,south,water_temperature,2.0,month_1,2011-10-11,2011-11-09,11.753869094605475,degC,expanding_prior_year_window_climatology,1.0,True,3,3,2008|2009|2010,4415bff025b7f524615523459ba97b754055290582a9bdd5387a2787fab618e3,0.9206806440796641,observation_time_proxy,historical data_available_time is unknown; observation_time is a pseudo-operational proxy
2011-10-11T00:00:00+00:00,2011-10-10,windermere,south,water_temperature,2.0,month_2,2011-11-10,2011-12-09,8.457752664351851,degC,expanding_prior_year_window_climatology,1.0,True,3,3,2008|2009|2010,7d29983689206a00ce42c28a24b4bd7380aaccbecb75a11fcd0fde0433f11699,0.854832126474342,observation_time_proxy,historical data_available_time is unknown; observation_time is a pseudo-operational proxy
2011-10-11T00:00:00+00:00,2011-10-10,windermere,south,water_temperature,2.0,month_3,2011-12-10,2012-01-08,,degC,expanding_prior_year_window_climatology,1.0,False,3,2,2008|2009,2c17b87e5e6fbbc34fda98f0254343edcf3929a4b6dba1e01301123fa56bf85c,0.5829814214670458,observation_time_proxy,historical data_available_time is unknown; observation_time is a pseudo-operational proxy
2011-10-18T00:00:00+00:00,2011-10-17,windermere,south,water_temperature,2.0,month_1,2011-10-18,2011-11-16,10.924115302475846,degC,expanding_prior_year_window_climatology,1.0,True,3,3,2008|2009|2010,69d6f7e8c32ec7a3f6b2aa0fa21b81f3f43499a6b6bf6c1b8591123ead574265,0.9903219995354601,observation_time_proxy,historical data_available_time is unknown; observation_time is a pseudo-operational proxy
2011-10-18T00:00:00+00:00,2011-10-17,windermere,south,water_temperature,2.0,month_2,2011-11-17,2011-12-16,7.736909824537038,degC,expanding_prior_year_window_climatology,1.0,True,3,3,2008|2009|2010,cdfc11d8522f294b67c9ebf79d96c0191fb882210c7421c06e320255d0159107,0.9132751428669189,observation_time_proxy,historical data_available_time is unknown; observation_time is a pseudo-operational proxy
2011-10-18T00:00:00+00:00,2011-10-17,windermere,south,water_temperature,2.0,month_3,2011-12-17,2012-01-15,,degC,expanding_prior_year_window_climatology,1.0,False,3,2,2008|2009,3ce29fc49bb3d7accec14afe6bf8a39466c4100ec63a566f6953035041710422,0.26022282582227196,observation_time_proxy,historical data_available_time is unknown; observation_time is a pseudo-operational proxy
2011-10-25T00:00:00+00:00,2011-10-24,windermere,south,water_temperature,2.0,month_1,2011-10-25,2011-11-23,10.172522900623994,degC,expanding_prior_year_window_climatology,1.0,True,3,3,2008|2009|2010,aeefb8bfc8db701925147e67df2ec21caef5118b2515c60c6af6d0ed5c3e137c,0.9920039960032099,observation_time_proxy,historical data_available_time is unknown; observation_time is a pseudo-operational proxy
2011-10-25T00:00:00+00:00,2011-10-24,windermere,south,water_temperature,2.0,month_2,2011-11-24,2011-12-23,7.016291301388889,degC,expanding_prior_year_window_climatology,1.0,True,3,3,2008|2009|2010,369936e1c7aaaba3708ecaf4bdd5b84571b11bf251b73a291f719d2f763b08e1,0.9615928150843802,observation_time_proxy,historical data_available_time is unknown; observation_time is a pseudo-operational proxy
2011-10-25T00:00:00+00:00,2011-10-24,windermere,south,water_temperature,2.0,month_3,2011-12-24,2012-01-22,,degC,expanding_prior_year_window_climatology,1.0,False,3,2,2008|2009,0dc8eea3721949af77562ad26ec26b3d04edeacc3f69f0e23ef34d3a11ee9dd0,0.016987682930921642,observation_time_proxy,historical data_available_time is unknown; observation_time is a pseudo-operational proxy
2011-11-01T00:00:00+00:00,2011-10-31,windermere,south,water_temperature,2.0,month_1,2011-11-01,2011-11-30,9.457571033333334,degC,expanding_prior_year_window_climatology,1.0,True,3,3,2008|2009|2010,b7e5bf3a094ce8db996063a9f5071be47ff43c572ed0416a8b4f4434855b8060,0.9289240423427303,observation_time_proxy,historical data_available_time is unknown; observation_time is a pseudo-operational proxy
2011-11-01T00:00:00+00:00,2011-10-31,windermere,south,water_temperature,2.0,month_2,2011-12-01,2011-12-30,6.339381258796296,degC,expanding_prior_year_window_climatology,1.0,True,3,3,2008|2009|2010,628bb409ea617d6aa10c62fe23404d77c6d11e876516f1255a1d4b1468af2f91,0.9659422922236842,observation_time_proxy,historical data_available_time is unknown; observation_time is a pseudo-operational proxy
2011-11-01T00:00:00+00:00,2011-10-31,windermere,south,water_temperature,2.0,month_3,2011-12-31,2012-01-29,,degC,expanding_prior_year_window_climatology,1.0,False,3,2,2008|2009,758af9b2e4aad2541544b533af36df7478522e7f4e452adf7c6ab378d8511fc8,0.15586443684871062,observation_time_proxy,historical data_available_time is unknown; observation_time is a pseudo-operational proxy
2011-11-08T00:00:00+00:00,2011-11-07,windermere,south,water_temperature,2.0,month_1,2011-11-08,2011-12-07,8.679619858333334,degC,expanding_prior_year_window_climatology,1.0,True,3,3,2008|2009|2010,6617d8967d2674c9f1fe9ae38a766f33b3f78f6e2308b90813c220e6a388f252,0.8478452041894879,observation_time_proxy,historical data_available_time is unknown; observation_time is a pseudo-operational proxy
2011-11-08T00:00:00+00:00,2011-11-07,windermere,south,water_temperature,2.0,month_2,2011-12-08,2012-01-06,,degC,expanding_prior_year_window_climatology,1.0,False,3,2,2008|2009,d00a9fe8a390f2adae56531a9f855689462c8f654bfbf280eb858a44695ca979,0.6524789204095898,observation_time_proxy,historical data_available_time is unknown; observation_time is a pseudo-operational proxy
2011-11-08T00:00:00+00:00,2011-11-07,windermere,south,water_temperature,2.0,month_3,2012-01-07,2012-02-05,4.689331018518518,degC,expanding_prior_year_window_climatology,1.0,True,3,3,2008|2009|2010,56de89356a8e01cbdb5c1f8dfb619c3669447136d0f27a645023328b025c8418,0.7310845332479189,observation_time_proxy,historical data_available_time is unknown; observation_time is a pseudo-operational proxy
2011-11-15T00:00:00+00:00,2011-11-14,windermere,south,water_temperature,2.0,month_1,2011-11-15,2011-12-14,7.940560446759259,degC,expanding_prior_year_window_climatology,1.0,True,3,3,2008|2009|2010,c790fd23fd078b9d4116a725766cd1ec3e88367973fcd747fa973b29c7eacd10,0.8911114437205041,observation_time_proxy,historical data_available_time is unknown; observation_time is a pseudo-operational proxy
2011-11-15T00:00:00+00:00,2011-11-14,windermere,south,water_temperature,2.0,month_2,2011-12-15,2012-01-13,,degC,expanding_prior_year_window_climatology,1.0,False,3,2,2008|2009,5aed85ee7d5a18762bbad007afde9a0abbf0fe1ca53ddced60f0e26a2147d548,0.36008673085504656,observation_time_proxy,historical data_available_time is unknown; observation_time is a pseudo-operational proxy
2011-11-15T00:00:00+00:00,2011-11-14,windermere,south,water_temperature,2.0,month_3,2012-01-14,2012-02-12,4.5397388888888885,degC,expanding_prior_year_window_climatology,1.0,True,3,3,2008|2009|2010,295b6a15f10232043ac991bd5059d39eac6a9e96aecb241be2833a1bfc9e4705,0.8317823996639051,observation_time_proxy,historical data_available_time is unknown; observation_time is a pseudo-operational proxy
2011-11-22T00:00:00+00:00,2011-11-21,windermere,south,water_temperature,2.0,month_1,2011-11-22,2011-12-21,7.226658585185185,degC,expanding_prior_year_window_climatology,1.0,True,3,3,2008|2009|2010,53463eba63c8a6854ff24e21533467a3d7c4407fcc71829f62cefcbdb0f5a7ff,0.9518986314015663,observation_time_proxy,historical data_available_time is unknown; observation_time is a pseudo-operational proxy
2011-11-22T00:00:00+00:00,2011-11-21,windermere,south,water_temperature,2.0,month_2,2011-12-22,2012-01-20,,degC,expanding_prior_year_window_climatology,1.0,False,3,2,2008|2009,d9f2dae73f879bc7e4fc8bca5e4b475d29779a78e429bda7c199f1b05f34278f,0.03772657023961548,observation_time_proxy,historical data_available_time is unknown; observation_time is a pseudo-operational proxy
2011-11-22T00:00:00+00:00,2011-11-21,windermere,south,water_temperature,2.0,month_3,2012-01-21,2012-02-19,4.413741944444444,degC,expanding_prior_year_window_climatology,1.0,True,3,3,2008|2009|2010,fcb8cbc66fcc9c48ae31cb05b1bbc80190fa6ac84f96eeeccdc4986087d98c31,0.8958828821356742,observation_time_proxy,historical data_available_time is unknown; observation_time is a pseudo-operational proxy
2011-11-29T00:00:00+00:00,2011-11-28,windermere,south,water_temperature,2.0,month_1,2011-11-29,2011-12-28,6.523554162037037,degC,expanding_prior_year_window_climatology,1.0,True,3,3,2008|2009|2010,4b67a55c4e011641a597c9443090da236f8559e5b4b25f798f66b731351dc456,0.9662776085611431,observation_time_proxy,historical data_available_time is unknown; observation_time is a pseudo-operational proxy
2011-11-29T00:00:00+00:00,2011-11-28,windermere,south,water_temperature,2.0,month_2,2011-12-29,2012-01-27,,degC,expanding_prior_year_window_climatology,1.0,False,3,2,2008|2009,ec77704ebfc05e337783dde337999c457ea582328d5be957c62d7a2bad6ec219,0.11900070153212736,observation_time_proxy,historical data_available_time is unknown; observation_time is a pseudo-operational proxy
2011-11-29T00:00:00+00:00,2011-11-28,windermere,south,water_temperature,2.0,month_3,2012-01-28,2012-02-26,4.286785694444444,degC,expanding_prior_year_window_climatology,1.0,True,3,3,2008|2009|2010,b74e7c77015266993599c956de2350f388455576c565b2f4a0e7d06f6ae45772,0.9081926981704953,observation_time_proxy,historical data_available_time is unknown; observation_time is a pseudo-operational proxy
2011-12-06T00:00:00+00:00,2011-12-05,windermere,south,water_temperature,2.0,month_1,2011-12-06,2012-01-04,,degC,expanding_prior_year_window_climatology,1.0,False,3,2,2008|2009,37a8c6bbdc2b003e9dd6ca88e4e1bbe4ea0ac92a3ea858a320c36d4359bec163,0.7140855280097896,observation_time_proxy,historical data_available_time is unknown; observation_time is a pseudo-operational proxy
2011-12-06T00:00:00+00:00,2011-12-05,windermere,south,water_temperature,2.0,month_2,2012-01-05,2012-02-03,4.748530103703704,degC,expanding_prior_year_window_climatology,1.0,True,3,3,2008|2009|2010,5ad50e84959a869594a0f68391f39f2a1ba18c6a04b77c27f1d52a4408f09e61,0.6996972071777202,observation_time_proxy,historical data_available_time is unknown; observation_time is a pseudo-operational proxy
2011-12-06T00:00:00+00:00,2011-12-05,windermere,south,water_temperature,2.0,month_3,2012-02-04,2012-03-04,4.221511620370371,degC,expanding_prior_year_window_climatology,1.0,True,3,3,2008|2009|2010,5d8755ed2eebd8c18550559ca1e72d73237d58f59452e9217cfcbea6f58eda89,0.8985418613342776,observation_time_proxy,historical data_available_time is unknown; observation_time is a pseudo-operational proxy
2011-12-13T00:00:00+00:00,2011-12-12,windermere,south,water_temperature,2.0,month_1,2011-12-13,2012-01-11,,degC,expanding_prior_year_window_climatology,1.0,False,3,2,2008|2009,f5c4b916df69e24dc971a97899a592f717166fe8afd5acc4f9bb58100d3fea0b,0.45407094479298016,observation_time_proxy,historical data_available_time is unknown; observation_time is a pseudo-operational proxy
2011-12-13T00:00:00+00:00,2011-12-12,windermere,south,water_temperature,2.0,month_2,2012-01-12,2012-02-10,4.578360370370371,degC,expanding_prior_year_window_climatology,1.0,True,3,3,2008|2009|2010,b46e0fa0b3a0fdee4df9d59f5f14a44a4d8fe985f67a000906acadd4639e2fe0,0.8018571797204169,observation_time_proxy,historical data_available_time is unknown; observation_time is a pseudo-operational proxy
2011-12-13T00:00:00+00:00,2011-12-12,windermere,south,water_temperature,2.0,month_3,2012-02-11,2012-03-11,4.252439907407407,degC,expanding_prior_year_window_climatology,1.0,True,3,3,2008|2009|2010,aa2e6ee249df30555df4e62c197f42dcf59b17c2b6c22e34e9f8a5240cc392ea,0.893120909264387,observation_time_proxy,historical data_available_time is unknown; observation_time is a pseudo-operational proxy
2011-12-20T00:00:00+00:00,2011-12-19,windermere,south,water_temperature,2.0,month_1,2011-12-20,2012-01-18,,degC,expanding_prior_year_window_climatology,1.0,False,3,2,2008|2009,b9bee41553a0e6be5476d4c6300cdd8f7017902e719fe3f3e54c6610ad96cae9,0.11316160554007305,observation_time_proxy,historical data_available_time is unknown; observation_time is a pseudo-operational proxy
2011-12-20T00:00:00+00:00,2011-12-19,windermere,south,water_temperature,2.0,month_2,2012-01-19,2012-02-17,4.450489722222223,degC,expanding_prior_year_window_climatology,1.0,True,3,3,2008|2009|2010,b8605596aa1ef2e90a7a07d8b86fab09b75dca3b2a453f09195c3f3f6617d6f0,0.8848710597649518,observation_time_proxy,historical data_available_time is unknown; observation_time is a pseudo-operational proxy
2011-12-20T00:00:00+00:00,2011-12-19,windermere,south,water_temperature,2.0,month_3,2012-02-18,2012-03-18,4.4107620370370375,degC,expanding_prior_year_window_climatology,1.0,True,3,3,2008|2009|2010,d0ea6f3d6858bb24c856261a225157782fc2e0acb966108aab0c7bd626ec0fb3,0.834689702333649,observation_time_proxy,historical data_available_time is unknown; observation_time is a pseudo-operational proxy
2011-12-27T00:00:00+00:00,2011-12-26,windermere,south,water_temperature,2.0,month_1,2011-12-27,2012-01-25,,degC,expanding_prior_year_window_climatology,1.0,False,3,2,2008|2009,39f907bf9ef9fb0594bd3fff02b5b3dfcba3525ebedd180a4f4a888426a14ff1,0.07864434976285853,observation_time_proxy,historical data_available_time is unknown; observation_time is a pseudo-operational proxy
2011-12-27T00:00:00+00:00,2011-12-26,windermere,south,water_temperature,2.0,month_2,2012-01-26,2012-02-24,4.3201831018518515,degC,expanding_prior_year_window_climatology,1.0,True,3,3,2008|2009|2010,5d353d9e5f8ec0cadbbdc10eead76d5e1dbc995148df3215f6dbb5e41be86921,0.9087213744426134,observation_time_proxy,historical data_available_time is unknown; observation_time is a pseudo-operational proxy
2011-12-27T00:00:00+00:00,2011-12-26,windermere,south,water_temperature,2.0,month_3,2012-02-25,2012-03-25,4.700138333333333,degC,expanding_prior_year_window_climatology,1.0,True,3,3,2008|2009|2010,062b0df84c2f0c3376c4794061c84345cde2ad9404f7ad0769c1d9fd1d46fe14,0.7464404998202429,observation_time_proxy,historical data_available_time is unknown; observation_time is a pseudo-operational proxy
2012-01-03T00:00:00+00:00,2012-01-02,windermere,south,water_temperature,2.0,month_1,2012-01-03,2012-02-01,4.560709142708333,degC,expanding_prior_year_window_climatology,1.0,True,4,4,2008|2009|2010|2011,3ce20bc4402f678ca33bc40653ee2d95ac436e0f1ca6f9f27615447325b9b99d,0.7460829530419772,observation_time_proxy,historical data_available_time is unknown; observation_time is a pseudo-operational proxy
2012-01-03T00:00:00+00:00,2012-01-02,windermere,south,water_temperature,2.0,month_2,2012-02-02,2012-03-02,4.291484184375,degC,expanding_prior_year_window_climatology,1.0,True,4,4,2008|2009|2010|2011,2e0428c759f7a620eec522d55cc6660a3fe41a54d1a3225c6f6305b78f301131,0.7447323232944744,observation_time_proxy,historical data_available_time is unknown; observation_time is a pseudo-operational proxy
2012-01-03T00:00:00+00:00,2012-01-02,windermere,south,water_temperature,2.0,month_3,2012-03-03,2012-04-01,5.1588102750000004,degC,expanding_prior_year_window_climatology,1.0,True,4,4,2008|2009|2010|2011,2c1c479a68fe1925cd4a0bc6b69d0ae8aaaf1dc716d9bf1a649544da1617b892,0.6348795719391012,observation_time_proxy,historical data_available_time is unknown; observation_time is a pseudo-operational proxy
2012-01-10T00:00:00+00:00,2012-01-09,windermere,south,water_temperature,2.0,month_1,2012-01-10,2012-02-08,4.4273915100694445,degC,expanding_prior_year_window_climatology,1.0,True,4,4,2008|2009|2010|2011,3f92044f8bf577160b05c55b6a223e0df7c26a12670cae376d73f64a5ab75440,0.7378040511734691,observation_time_proxy,historical data_available_time is unknown; observation_time is a pseudo-operational proxy
2012-01-10T00:00:00+00:00,2012-01-09,windermere,south,water_temperature,2.0,month_2,2012-02-09,2012-03-09,4.344265895138889,degC,expanding_prior_year_window_climatology,1.0,True,4,4,2008|2009|2010|2011,50bc6329fa8231e85852c4fad561a620c237a0ed73705cb35660d4845eec25aa,0.7677827987063375,observation_time_proxy,historical data_available_time is unknown; observation_time is a pseudo-operational proxy
2012-01-10T00:00:00+00:00,2012-01-09,windermere,south,water_temperature,2.0,month_3,2012-03-10,2012-04-08,5.613612058680555,degC,expanding_prior_year_window_climatology,1.0,True,4,4,2008|2009|2010|2011,fc721bfab0ada277e9c3ef869a82e56d9b5aac1458493d394e93350abea54e7d,0.5965455822334915,observation_time_proxy,historical data_available_time is unknown; observation_time is a pseudo-operational proxy
2012-01-17T00:00:00+00:00,2012-01-16,windermere,south,water_temperature,2.0,month_1,2012-01-17,2012-02-15,4.372334334027777,degC,expanding_prior_year_window_climatology,1.0,True,4,4,2008|2009|2010|2011,cd9feeb5ccf54f48d101ea8055337c51b7448551942c03863aa2f6298323d821,0.7425007151342922,observation_time_proxy,historical data_available_time is unknown; observation_time is a pseudo-operational proxy
2012-01-17T00:00:00+00:00,2012-01-16,windermere,south,water_temperature,2.0,month_2,2012-02-16,2012-03-16,4.469671768402778,degC,expanding_prior_year_window_climatology,1.0,True,4,4,2008|2009|2010|2011,959903bd1fbde7c3494deed6b0ff1e76411c579049d79a3ec0103aee55251ebf,0.7407214608026145,observation_time_proxy,historical data_available_time is unknown; observation_time is a pseudo-operational proxy
2012-01-17T00:00:00+00:00,2012-01-16,windermere,south,water_temperature,2.0,month_3,2012-03-17,2012-04-15,6.326662844444444,degC,expanding_prior_year_window_climatology,1.0,True,4,4,2008|2009|2010|2011,80de85575f62e22d5fef412f43e8ba659bc0ba61276d6c6a16c0e4023c1b3dbf,0.6957140053176285,observation_time_proxy,historical data_available_time is unknown; observation_time is a pseudo-operational proxy
2012-01-24T00:00:00+00:00,2012-01-23,windermere,south,water_temperature,2.0,month_1,2012-01-24,2012-02-22,4.312119325694445,degC,expanding_prior_year_window_climatology,1.0,True,4,4,2008|2009|2010|2011,7328a0a063fd4e8168717a594f868f7f38cc9a3be0bd61ea55d9d4cd0df828da,0.7449990502392745,observation_time_proxy,historical data_available_time is unknown; observation_time is a pseudo-operational proxy
2012-01-24T00:00:00+00:00,2012-01-23,windermere,south,water_temperature,2.0,month_2,2012-02-23,2012-03-23,4.750288839236111,degC,expanding_prior_year_window_climatology,1.0,True,4,4,2008|2009|2010|2011,c2365be4b000ae8dc1068430ed2990555b8e88b12f3236ca2a772bb2fd6c58d2,0.686505295169301,observation_time_proxy,historical data_available_time is unknown; observation_time is a pseudo-operational proxy
2012-01-24T00:00:00+00:00,2012-01-23,windermere,south,water_temperature,2.0,month_3,2012-03-24,2012-04-22,7.129034283621934,degC,expanding_prior_year_window_climatology,1.0,True,4,4,2008|2009|2010|2011,43bb2ae838690c85f31b2108f7ef5664a1296044833c7c799a9d3be8af3fa50a,1.079484088567258,observation_time_proxy,historical data_available_time is unknown; observation_time is a pseudo-operational proxy
2012-01-31T00:00:00+00:00,2012-01-30,windermere,south,water_temperature,2.0,month_1,2012-01-31,2012-02-29,4.280916397222223,degC,expanding_prior_year_window_climatology,1.0,True,4,4,2008|2009|2010|2011,e5ee625ca89fe3a5221a8969fe3f64dbf96bce0042ed55d1935d4f86d376426c,0.7431478602844982,observation_time_proxy,historical data_available_time is unknown; observation_time is a pseudo-operational proxy
2012-01-31T00:00:00+00:00,2012-01-30,windermere,south,water_temperature,2.0,month_2,2012-03-01,2012-03-30,5.067455914583333,degC,expanding_prior_year_window_climatology,1.0,True,4,4,2008|2009|2010|2011,45ca71f9a65d79e23341e6acca95dd92996e875672f709e129e317b0e31cb9ed,0.6625336569496159,observation_time_proxy,historical data_available_time is unknown; observation_time is a pseudo-operational proxy
2012-01-31T00:00:00+00:00,2012-01-30,windermere,south,water_temperature,2.0,month_3,2012-03-31,2012-04-29,8.294488548148149,degC,expanding_prior_year_window_climatology,1.0,True,4,3,2008|2009|2011,ede0ee293106f756f03af806b27cb61cbac8c5b107392be1a9a06659413a7d3f,1.714691183102157,observation_time_proxy,historical data_available_time is unknown; observation_time is a pseudo-operational proxy
2012-02-07T00:00:00+00:00,2012-02-06,windermere,south,water_temperature,2.0,month_1,2012-02-07,2012-03-07,4.326051148958333,degC,expanding_prior_year_window_climatology,1.0,True,4,4,2008|2009|2010|2011,0ef4ebdddd104d6778998ba9ee20e55582be398b46f5f72100dfb93f7b9cbcb6,0.7646131486528221,observation_time_proxy,historical data_available_time is unknown; observation_time is a pseudo-operational proxy
2012-02-07T00:00:00+00:00,2012-02-06,windermere,south,water_temperature,2.0,month_2,2012-03-08,2012-04-06,5.470162805902778,degC,expanding_prior_year_window_climatology,1.0,True,4,4,2008|2009|2010|2011,b37c4eee6af17a62ede8c2f9c2007452395d2e96b6683029c2182d6c4473ba29,0.5969971951542802,observation_time_proxy,historical data_available_time is unknown; observation_time is a pseudo-operational proxy
2012-02-07T00:00:00+00:00,2012-02-06,windermere,south,water_temperature,2.0,month_3,2012-04-07,2012-05-06,9.302132625462963,degC,expanding_prior_year_window_climatology,1.0,True,4,3,2008|2009|2011,28af3f74c366ada74a6409af8358316399eabdd1e888c9ba883ca832c3edd73f,2.2277006326382867,observation_time_proxy,historical data_available_time is unknown; observation_time is a pseudo-operational proxy
2012-02-14T00:00:00+00:00,2012-02-13,windermere,south,water_temperature,2.0,month_1,2012-02-14,2012-03-14,4.421555153819444,degC,expanding_prior_year_window_climatology,1.0,True,4,4,2008|2009|2010|2011,60338de056c0f87eabe48eb9df983055c4e123bbab1d8c6e1dcff1c6abcc38d4,0.7511724160567326,observation_time_proxy,historical data_available_time is unknown; observation_time is a pseudo-operational proxy
2012-02-14T00:00:00+00:00,2012-02-13,windermere,south,water_temperature,2.0,month_2,2012-03-15,2012-04-13,6.1084221649305555,degC,expanding_prior_year_window_climatology,1.0,True,4,4,2008|2009|2010|2011,1390ad72e25b0d65c26b73c89b0ff4b9355e0f06868d0cd2dcb807e25859909d,0.6524605743628313,observation_time_proxy,historical data_available_time is unknown; observation_time is a pseudo-operational proxy
2012-02-14T00:00:00+00:00,2012-02-13,windermere,south,water_temperature,2.0,month_3,2012-04-14,2012-05-13,10.3679905875,degC,expanding_prior_year_window_climatology,1.0,True,4,3,2008|2009|2011,3494012d2da76c7f363c2623ebac7ac67edabf4504678a54fc4f81321b6b199f,2.0888836592599382,observation_time_proxy,historical data_available_time is unknown; observation_time is a pseudo-operational proxy
2012-02-21T00:00:00+00:00,2012-02-20,windermere,south,water_temperature,2.0,month_1,2012-02-21,2012-03-21,4.65839459375,degC,expanding_prior_year_window_climatology,1.0,True,4,4,2008|2009|2010|2011,210adacde2b7308089d06ede06b1372f04366d4e119e02360d0a10f66ca233da,0.695589466455411,observation_time_proxy,historical data_available_time is unknown; observation_time is a pseudo-operational proxy
2012-02-21T00:00:00+00:00,2012-02-20,windermere,south,water_temperature,2.0,month_2,2012-03-22,2012-04-20,6.902861479829546,degC,expanding_prior_year_window_climatology,1.0,True,4,4,2008|2009|2010|2011,c82b517a7f4378df309535193ab795b97d5c0be189b3b191b73c4a6f3bd71968,0.9064469798257714,observation_time_proxy,historical data_available_time is unknown; observation_time is a pseudo-operational proxy
2012-02-21T00:00:00+00:00,2012-02-20,windermere,south,water_temperature,2.0,month_3,2012-04-21,2012-05-20,11.273230416666667,degC,expanding_prior_year_window_climatology,1.0,True,4,3,2008|2009|2011,dfd69079b9eb4f33979acf39dcca25f7f7f009047a5efef99cbf88b953a07f55,1.8170274998596152,observation_time_proxy,historical data_available_time is unknown; observation_time is a pseudo-operational proxy
2012-02-28T00:00:00+00:00,2012-02-27,windermere,south,water_temperature,2.0,month_1,2012-02-28,2012-03-28,5.0085375843749995,degC,expanding_prior_year_window_climatology,1.0,True,4,4,2008|2009|2010|2011,2fd0e832c8ddf7e75c35fb309760fc37659be695ee3899f0e20df5673d5814a4,0.6688876511809451,observation_time_proxy,historical data_available_time is unknown; observation_time is a pseudo-operational proxy
2012-02-28T00:00:00+00:00,2012-02-27,windermere,south,water_temperature,2.0,month_2,2012-03-29,2012-04-27,8.007709947222223,degC,expanding_prior_year_window_climatology,1.0,True,4,3,2008|2009|2011,a029a2e3bc9d99863ad64d0ee6e6d4fdd8f8e54f6384fcbcdb07c53e1ae04280,1.5914934802863867,observation_time_proxy,historical data_available_time is unknown; observation_time is a pseudo-operational proxy
2012-02-28T00:00:00+00:00,2012-02-27,windermere,south,water_temperature,2.0,month_3,2012-04-28,2012-05-27,11.879664001157408,degC,expanding_prior_year_window_climatology,1.0,True,4,4,2008|2009|2010|2011,df737430f6e210419f7facbe44963a6bb2e56b12b1871ed4ae92cc0b697f5241,1.2246513133552182,observation_time_proxy,historical data_available_time is unknown; observation_time is a pseudo-operational proxy
2012-03-06T00:00:00+00:00,2012-03-05,windermere,south,water_temperature,2.0,month_1,2012-03-06,2012-04-04,5.345434773611111,degC,expanding_prior_year_window_climatology,1.0,True,4,4,2008|2009|2010|2011,eba99f52227e75f05475f60d1316a8f2378ccd3b8f0dc35a468b4e88efea0b62,0.6079525417763164,observation_time_proxy,historical data_available_time is unknown; observation_time is a pseudo-operational proxy
2012-03-06T00:00:00+00:00,2012-03-05,windermere,south,water_temperature,2.0,month_2,2012-04-05,2012-05-04,8.999150587037038,degC,expanding_prior_year_window_climatology,1.0,True,4,3,2008|2009|2011,562d3586c3363df5870fe300d93b09cfe49ec83977a23b54f2a4ca3dd0759f87,2.111834052000364,observation_time_proxy,historical data_available_time is unknown; observation_time is a pseudo-operational proxy
2012-03-06T00:00:00+00:00,2012-03-05,windermere,south,water_temperature,2.0,month_3,2012-05-05,2012-06-03,12.706819850694444,degC,expanding_prior_year_window_climatology,1.0,True,4,4,2008|2009|2010|2011,a5fc3bf66d9492ffcd632b04b79d80ae0393d7524727bb6b065be6ad98eb197b,0.9745156640793549,observation_time_proxy,historical data_available_time is unknown; observation_time is a pseudo-operational proxy
2012-03-13T00:00:00+00:00,2012-03-12,windermere,south,water_temperature,2.0,month_1,2012-03-13,2012-04-11,5.8936711031249995,degC,expanding_prior_year_window_climatology,1.0,True,4,4,2008|2009|2010|2011,ac2323786a502a2e634a4bcdc1e8bff30e7056237c6dc53d2007c7a451d6c766,0.6328555144286867,observation_time_proxy,historical data_available_time is unknown; observation_time is a pseudo-operational proxy
2012-03-13T00:00:00+00:00,2012-03-12,windermere,south,water_temperature,2.0,month_2,2012-04-12,2012-05-11,10.069341225925925,degC,expanding_prior_year_window_climatology,1.0,True,4,3,2008|2009|2011,e1cb66603b50e46e891d1fb03a8e9a1a04a7cb5e7398d0df26a4412968d12930,2.170646495350688,observation_time_proxy,historical data_available_time is unknown; observation_time is a pseudo-operational proxy
2012-03-13T00:00:00+00:00,2012-03-12,windermere,south,water_temperature,2.0,month_3,2012-05-12,2012-06-10,13.756243572916667,degC,expanding_prior_year_window_climatology,1.0,True,4,4,2008|2009|2010|2011,fe8aa815a5162bc02f125e82ce62f649e5e4741482dc5689d0fa0bb4b46ebba6,0.8890287471755257,observation_time_proxy,historical data_available_time is unknown; observation_time is a pseudo-operational proxy
2012-03-20T00:00:00+00:00,2012-03-19,windermere,south,water_temperature,2.0,month_1,2012-03-20,2012-04-18,6.661669251736111,degC,expanding_prior_year_window_climatology,1.0,True,4,4,2008|2009|2010|2011,5ce240acb450b9f3864d890f6b6797ac76c13ca63d5a3d465fe36326f2bab451,0.7888328617286762,observation_time_proxy,historical data_available_time is unknown; observation_time is a pseudo-operational proxy
2012-03-20T00:00:00+00:00,2012-03-19,windermere,south,water_temperature,2.0,month_2,2012-04-19,2012-05-18,11.048716912037037,degC,expanding_prior_year_window_climatology,1.0,True,4,3,2008|2009|2011,f3da640c2a3407559b213fdc17dc9e267f54f55905d55714f81167b94b262f5a,1.871441545413512,observation_time_proxy,historical data_available_time is unknown; observation_time is a pseudo-operational proxy
2012-03-20T00:00:00+00:00,2012-03-19,windermere,south,water_temperature,2.0,month_3,2012-05-19,2012-06-17,14.68674848611111,degC,expanding_prior_year_window_climatology,1.0,True,4,4,2008|2009|2010|2011,5d19cc3345698d0a94fdc8f637bf45bedf74cdccb04d257c69993a72d83eb5b3,0.8545985012132856,observation_time_proxy,historical data_available_time is unknown; observation_time is a pseudo-operational proxy
2012-03-27T00:00:00+00:00,2012-03-26,windermere,south,water_temperature,2.0,month_1,2012-03-27,2012-04-25,7.73931187037037,degC,expanding_prior_year_window_climatology,1.0,True,4,3,2008|2009|2011,623a494389c61941a7c724385fa04b445d04a60a0284936c1ed964363388c1d6,1.4544323939500274,observation_time_proxy,historical data_available_time is unknown; observation_time is a pseudo-operational proxy
2012-03-27T00:00:00+00:00,2012-03-26,windermere,south,water_temperature,2.0,month_2,2012-04-26,2012-05-25,11.73532325,degC,expanding_prior_year_window_climatology,1.0,True,4,3,2008|2009|2011,2b5f74a9114d2e81f66e29514e1a75307d09059925f2da0fc0cdb2eafc60abe5,1.5694106481001098,observation_time_proxy,historical data_available_time is unknown; observation_time is a pseudo-operational proxy
2012-03-27T00:00:00+00:00,2012-03-26,windermere,south,water_temperature,2.0,month_3,2012-05-26,2012-06-24,15.396459447916667,degC,expanding_prior_year_window_climatology,1.0,True,4,4,2008|2009|2010|2011,ac70265308e88d83a18463c4547a2b2e4457fecdb72bf90b426b2933f6cabf73,0.8023775386255423,observation_time_proxy,historical data_available_time is unknown; observation_time is a pseudo-operational proxy
2012-04-03T00:00:00+00:00,2012-04-02,windermere,south,water_temperature,2.0,month_1,2012-04-03,2012-05-02,8.727063722685184,degC,expanding_prior_year_window_climatology,1.0,True,4,3,2008|2009|2011,e54494065b8d695f5eaa4c6ca6146bae7e3d218692b82be2330301456984fd39,1.9576077710638222,observation_time_proxy,historical data_available_time is unknown; observation_time is a pseudo-operational proxy
2012-04-03T00:00:00+00:00,2012-04-02,windermere,south,water_temperature,2.0,month_2,2012-05-03,2012-06-01,12.402628267013888,degC,expanding_prior_year_window_climatology,1.0,True,4,4,2008|2009|2010|2011,953e649438551d90276e3e183adee4234353eff5a46ad1dd680b64dab96108eb,1.0563116409320106,observation_time_proxy,historical data_available_time is unknown; observation_time is a pseudo-operational proxy
2012-04-03T00:00:00+00:00,2012-04-02,windermere,south,water_temperature,2.0,month_3,2012-06-02,2012-07-01,16.243105694444445,degC,expanding_prior_year_window_climatology,1.0,True,4,4,2008|2009|2010|2011,452932b6e70e97d82fb7c45f657e24231d7a4e97b392f5cd53422ec68dfbad89,0.9609077396214941,observation_time_proxy,historical data_available_time is unknown; observation_time is a pseudo-operational proxy
2012-04-10T00:00:00+00:00,2012-04-09,windermere,south,water_temperature,2.0,month_1,2012-04-10,2012-05-09,9.775137206944445,degC,expanding_prior_year_window_climatology,1.0,True,4,3,2008|2009|2011,9cb9fecf3b014a0f75f7f60b67f20c5eac83fc166dd9a90aa55b1222df42fdf1,2.2490991356342627,observation_time_proxy,historical data_available_time is unknown; observation_time is a pseudo-operational proxy
2012-04-10T00:00:00+00:00,2012-04-09,windermere,south,water_temperature,2.0,month_2,2012-05-10,2012-06-08,13.481120475694444,degC,expanding_prior_year_window_climatology,1.0,True,4,4,2008|2009|2010|2011,482af8965ba1a6bb491cc8377020355db718a53875d33faa935285876ed3022b,0.8822033846969137,observation_time_proxy,historical data_available_time is unknown; observation_time is a pseudo-operational proxy
2012-04-10T00:00:00+00:00,2012-04-09,windermere,south,water_temperature,2.0,month_3,2012-06-09,2012-07-08,16.852861993055555,degC,expanding_prior_year_window_climatology,1.0,True,4,4,2008|2009|2010|2011,1e172628eed4a5675deb95d1c53f84b22e860d94c269647ff16f67ae839a8094,1.2008236399214305,observation_time_proxy,historical data_available_time is unknown; observation_time is a pseudo-operational proxy
2012-04-17T00:00:00+00:00,2012-04-16,windermere,south,water_temperature,2.0,month_1,2012-04-17,2012-05-16,10.79435988888889,degC,expanding_prior_year_window_climatology,1.0,True,4,3,2008|2009|2011,7d3989d64b1bcf4be0fb398953dd430f8337eae9ae213df033c7bc4b49125404,1.9551811745694474,observation_time_proxy,historical data_available_time is unknown; observation_time is a pseudo-operational proxy
2012-04-17T00:00:00+00:00,2012-04-16,windermere,south,water_temperature,2.0,month_2,2012-05-17,2012-06-15,14.412806784722223,degC,expanding_prior_year_window_climatology,1.0,True,4,4,2008|2009|2010|2011,4af7e770e885508806470b417a7637668b6f9e432e2ce60a02f39f5544025a85,0.8574849465809039,observation_time_proxy,historical data_available_time is unknown; observation_time is a pseudo-operational proxy
2012-04-17T00:00:00+00:00,2012-04-16,windermere,south,water_temperature,2.0,month_3,2012-06-16,2012-07-15,17.353606461805555,degC,expanding_prior_year_window_climatology,1.0,True,4,4,2008|2009|2010|2011,a803c783d40eff9d4728a2749cf79e80cefe5f4307caaf0b5d5bb738db569bde,1.5945766449098557,observation_time_proxy,historical data_available_time is unknown; observation_time is a pseudo-operational proxy
2012-04-24T00:00:00+00:00,2012-04-23,windermere,south,water_temperature,2.0,month_1,2012-04-24,2012-05-23,11.558558898148148,degC,expanding_prior_year_window_climatology,1.0,True,4,3,2008|2009|2011,b40548c173630e2b254f23ebfde9896980323d633e4072c088e07bce018cf40f,1.668430747887828,observation_time_proxy,historical data_available_time is unknown; observation_time is a pseudo-operational proxy
2012-04-24T00:00:00+00:00,2012-04-23,windermere,south,water_temperature,2.0,month_2,2012-05-24,2012-06-22,15.217090430555556,degC,expanding_prior_year_window_climatology,1.0,True,4,4,2008|2009|2010|2011,78c4f4e26862e0e06e01448a1120613d0bdd24d5b12ddf51d8ef5444853479f2,0.876377592923679,observation_time_proxy,historical data_available_time is unknown; observation_time is a pseudo-operational proxy
2012-04-24T00:00:00+00:00,2012-04-23,windermere,south,water_temperature,2.0,month_3,2012-06-23,2012-07-22,17.646323368055555,degC,expanding_prior_year_window_climatology,1.0,True,4,4,2008|2009|2010|2011,976c11c482f2d8e1a27aad4499030450d30f62ae9000d62b8f789c577f46824b,1.6565595421078707,observation_time_proxy,historical data_available_time is unknown; observation_time is a pseudo-operational proxy
2012-05-01T00:00:00+00:00,2012-04-30,windermere,south,water_temperature,2.0,month_1,2012-05-01,2012-05-30,12.142018337152777,degC,expanding_prior_year_window_climatology,1.0,True,4,4,2008|2009|2010|2011,1445e7bc9b3d10e42270d7ff9c90039a2e85ab80a7acb02686ab97ddf551b550,1.1361831593464153,observation_time_proxy,historical data_available_time is unknown; observation_time is a pseudo-operational proxy
2012-05-01T00:00:00+00:00,2012-04-30,windermere,south,water_temperature,2.0,month_2,2012-05-31,2012-06-29,15.994921038194445,degC,expanding_prior_year_window_climatology,1.0,True,4,4,2008|2009|2010|2011,90510913d67b7b58e5936d32d0350f706f3471b197d378b635ee36f5fadb99d6,0.85139631442698,observation_time_proxy,historical data_available_time is unknown; observation_time is a pseudo-operational proxy
2012-05-01T00:00:00+00:00,2012-04-30,windermere,south,water_temperature,2.0,month_3,2012-06-30,2012-07-29,17.87822170833333,degC,expanding_prior_year_window_climatology,1.0,True,4,4,2008|2009|2010|2011,dd4548b7a7411ad1ea48405a10d06ddd4f2932280c498a1178373153873dc61f,1.22411310827455,observation_time_proxy,historical data_available_time is unknown; observation_time is a pseudo-operational proxy
2012-05-08T00:00:00+00:00,2012-05-07,windermere,south,water_temperature,2.0,month_1,2012-05-08,2012-06-06,13.187896524305556,degC,expanding_prior_year_window_climatology,1.0,True,4,4,2008|2009|2010|2011,0a11431ed98c96f7b65d13294b5180919cbe3c7e496197ea78fff2fbcdba9eef,0.8898431025282348,observation_time_proxy,historical data_available_time is unknown; observation_time is a pseudo-operational proxy
2012-05-08T00:00:00+00:00,2012-05-07,windermere,south,water_temperature,2.0,month_2,2012-06-07,2012-07-06,16.70306707986111,degC,expanding_prior_year_window_climatology,1.0,True,4,4,2008|2009|2010|2011,dfeb506009a00e7f4db93a9e309846b294d95df1d9948d69c5f7299ba9131ecd,1.1265219284032149,observation_time_proxy,historical data_available_time is unknown; observation_time is a pseudo-operational proxy
2012-05-08T00:00:00+00:00,2012-05-07,windermere,south,water_temperature,2.0,month_3,2012-07-07,2012-08-05,17.831676684027777,degC,expanding_prior_year_window_climatology,1.0,True,4,4,2008|2009|2010|2011,d9585ff389d21b3a4de4d9f224313a128154cb446aa487c3d9710c87937ed998,0.8856229823518823,observation_time_proxy,historical data_available_time is unknown; observation_time is a pseudo-operational proxy
2012-05-15T00:00:00+00:00,2012-05-14,windermere,south,water_temperature,2.0,month_1,2012-05-15,2012-06-13,14.15356079861111,degC,expanding_prior_year_window_climatology,1.0,True,4,4,2008|2009|2010|2011,549d8627b7f4cf3ede1f5b106cf0f126af93ccd33ce9ef5752e756299e9b13c8,0.8796928144276935,observation_time_proxy,historical data_available_time is unknown; observation_time is a pseudo-operational proxy
2012-05-15T00:00:00+00:00,2012-05-14,windermere,south,water_temperature,2.0,month_2,2012-06-14,2012-07-13,17.216437465277778,degC,expanding_prior_year_window_climatology,1.0,True,4,4,2008|2009|2010|2011,4d3b2173fda7fa551120d933ce0e6a9aa173d7d7d67670cac1d0eea7f3a68ef6,1.5020755538143233,observation_time_proxy,historical data_available_time is unknown; observation_time is a pseudo-operational proxy
2012-05-15T00:00:00+00:00,2012-05-14,windermere,south,water_temperature,2.0,month_3,2012-07-14,2012-08-12,17.811176947916664,degC,expanding_prior_year_window_climatology,1.0,True,4,4,2008|2009|2010|2011,d5ac281e1cddb382bf389685bb4dde37c967ff5a49725374941b4ae3efae42e4,0.8429159394699912,observation_time_proxy,historical data_available_time is unknown; observation_time is a pseudo-operational proxy
2012-05-22T00:00:00+00:00,2012-05-21,windermere,south,water_temperature,2.0,month_1,2012-05-22,2012-06-20,15.023319315972222,degC,expanding_prior_year_window_climatology,1.0,True,4,4,2008|2009|2010|2011,f61021f4430426637a017a5e77de94ef0bf07fae4f8b4370bc8f81283da733a8,0.8894009360126605,observation_time_proxy,historical data_available_time is unknown; observation_time is a pseudo-operational proxy
2012-05-22T00:00:00+00:00,2012-05-21,windermere,south,water_temperature,2.0,month_2,2012-06-21,2012-07-20,17.56744209027778,degC,expanding_prior_year_window_climatology,1.0,True,4,4,2008|2009|2010|2011,0cb5f719a014a4da77b4f92344720a185c43f93e26c722039f9889a193567fe8,1.6689369258579059,observation_time_proxy,historical data_available_time is unknown; observation_time is a pseudo-operational proxy
2012-05-22T00:00:00+00:00,2012-05-21,windermere,south,water_temperature,2.0,month_3,2012-07-21,2012-08-19,17.782563975694444,degC,expanding_prior_year_window_climatology,1.0,True,4,4,2008|2009|2010|2011,7994306d98f68e11571389122c576284fa64b5e1ae1a08d75083e06fc4a85e17,0.7626611010350199,observation_time_proxy,historical data_available_time is unknown; observation_time is a pseudo-operational proxy
2012-05-29T00:00:00+00:00,2012-05-28,windermere,south,water_temperature,2.0,month_1,2012-05-29,2012-06-27,15.732938572916666,degC,expanding_prior_year_window_climatology,1.0,True,4,4,2008|2009|2010|2011,37d164808a8f1225dbb859603c226b8c5d265cc4a93dc4b24eb2f19260becb90,0.8001218065306139,observation_time_proxy,historical data_available_time is unknown; observation_time is a pseudo-operational proxy
2012-05-29T00:00:00+00:00,2012-05-28,windermere,south,water_temperature,2.0,month_2,2012-06-28,2012-07-27,17.825181194444443,degC,expanding_prior_year_window_climatology,1.0,True,4,4,2008|2009|2010|2011,b7d9a1a3396f9b6eaf2ec485e7bc914c81b2742083900a3b31c77159a6fd809e,1.4077858714759355,observation_time_proxy,historical data_available_time is unknown; observation_time is a pseudo-operational proxy
2012-05-29T00:00:00+00:00,2012-05-28,windermere,south,water_temperature,2.0,month_3,2012-07-28,2012-08-26,17.673333871527777,degC,expanding_prior_year_window_climatology,1.0,True,4,4,2008|2009|2010|2011,9afb48f33b921fbd009913a00c276f1585ff5dcc4ac6e7111bd58fc659bfc770,0.673456119159104,observation_time_proxy,historical data_available_time is unknown; observation_time is a pseudo-operational proxy
2012-06-05T00:00:00+00:00,2012-06-04,windermere,south,water_temperature,2.0,month_1,2012-06-05,2012-07-04,16.53510576388889,degC,expanding_prior_year_window_climatology,1.0,True,4,4,2008|2009|2010|2011,8c8548e7ade7ef9d8de279ecd487970f92b8ca324681a80e0a6610453b7dc9ce,1.0705324650330204,observation_time_proxy,historical data_available_time is unknown; observation_time is a pseudo-operational proxy
2012-06-05T00:00:00+00:00,2012-06-04,windermere,south,water_temperature,2.0,month_2,2012-07-05,2012-08-03,17.84688765972222,degC,expanding_prior_year_window_climatology,1.0,True,4,4,2008|2009|2010|2011,af1d3d5aef100808078bfaffaa16e1e8736c4fdda2dd537e1c324a181cf07f38,0.9290028040315915,observation_time_proxy,historical data_available_time is unknown; observation_time is a pseudo-operational proxy
2012-06-05T00:00:00+00:00,2012-06-04,windermere,south,water_temperature,2.0,month_3,2012-08-04,2012-09-02,17.331621434027777,degC,expanding_prior_year_window_climatology,1.0,True,4,4,2008|2009|2010|2011,88fba808f9c178c827779c0d0fef370ef7c836e39e777b4916900da5d6f1251f,0.5386837183290922,observation_time_proxy,historical data_available_time is unknown; observation_time is a pseudo-operational proxy
2012-06-12T00:00:00+00:00,2012-06-11,windermere,south,water_temperature,2.0,month_1,2012-06-12,2012-07-11,17.08231324652778,degC,expanding_prior_year_window_climatology,1.0,True,4,4,2008|2009|2010|2011,3373c9ae3619fe7c2c8012ca9884c699b292b108eac5bac9da23cebf0c840b80,1.396160195972698,observation_time_proxy,historical data_available_time is unknown; observation_time is a pseudo-operational proxy
2012-06-12T00:00:00+00:00,2012-06-11,windermere,south,water_temperature,2.0,month_2,2012-07-12,2012-08-10,17.83091828125,degC,expanding_prior_year_window_climatology,1.0,True,4,4,2008|2009|2010|2011,fbb03a9c381a426c0e6d00e4f2c42232665497e34d85f353e8dfc311c0ca3a0d,0.8590000547274828,observation_time_proxy,historical data_available_time is unknown; observation_time is a pseudo-operational proxy
2012-06-12T00:00:00+00:00,2012-06-11,windermere,south,water_temperature,2.0,month_3,2012-08-11,2012-09-09,16.875242239583333,degC,expanding_prior_year_window_climatology,1.0,True,4,4,2008|2009|2010|2011,ef81c4454fee0c4275f890690edacd22cbc96f5332041d9f22c6a259c4d366f3,0.6439071509359978,observation_time_proxy,historical data_available_time is unknown; observation_time is a pseudo-operational proxy
2012-06-19T00:00:00+00:00,2012-06-18,windermere,south,water_temperature,2.0,month_1,2012-06-19,2012-07-18,17.478711194444443,degC,expanding_prior_year_window_climatology,1.0,True,4,4,2008|2009|2010|2011,b34d309cab4332e47ec862ba951072578dd7b126498bb5050028ef038dad2bda,1.648662599637845,observation_time_proxy,historical data_available_time is unknown; observation_time is a pseudo-operational proxy
2012-06-19T00:00:00+00:00,2012-06-18,windermere,south,water_temperature,2.0,month_2,2012-07-19,2012-08-17,17.777260333333334,degC,expanding_prior_year_window_climatology,1.0,True,4,4,2008|2009|2010|2011,3cfb7747e955e3b3932d8df66338543c8f9814f052bd22f2044edfc0d3a4867e,0.7824224655455457,observation_time_proxy,historical data_available_time is unknown; observation_time is a pseudo-operational proxy
2012-06-19T00:00:00+00:00,2012-06-18,windermere,south,water_temperature,2.0,month_3,2012-08-18,2012-09-16,16.440614795138888,degC,expanding_prior_year_window_climatology,1.0,True,4,4,2008|2009|2010|2011,b270f597c7f2d1341748e1e03002cbae3f42496b7da827b9358e7fb52c9bc28a,0.7320941805479046,observation_time_proxy,historical data_available_time is unknown; observation_time is a pseudo-operational proxy
2012-06-26T00:00:00+00:00,2012-06-25,windermere,south,water_temperature,2.0,month_1,2012-06-26,2012-07-25,17.750020590277778,degC,expanding_prior_year_window_climatology,1.0,True,4,4,2008|2009|2010|2011,c1c04d4df8a212016a4102c28efef55f5e8d607ee705d01205eeb3e2b70f86fb,1.543505521323089,observation_time_proxy,historical data_available_time is unknown; observation_time is a pseudo-operational proxy
2012-06-26T00:00:00+00:00,2012-06-25,windermere,south,water_temperature,2.0,month_2,2012-07-26,2012-08-24,17.743461854166668,degC,expanding_prior_year_window_climatology,1.0,True,4,4,2008|2009|2010|2011,8fd544f41add8f146f83be90492dae9821d580aafdc3aa8a4262f24af88c7265,0.7135287073981816,observation_time_proxy,historical data_available_time is unknown; observation_time is a pseudo-operational proxy
2012-06-26T00:00:00+00:00,2012-06-25,windermere,south,water_temperature,2.0,month_3,2012-08-25,2012-09-23,15.940727357638888,degC,expanding_prior_year_window_climatology,1.0,True,4,4,2008|2009|2010|2011,b650e6f15b1ff80125488537a9cb8819cfd667106d5d050e927f9c296ce44c06,0.7392557743437351,observation_time_proxy,historical data_available_time is unknown; observation_time is a pseudo-operational proxy
2012-07-03T00:00:00+00:00,2012-07-02,windermere,south,water_temperature,2.0,month_1,2012-07-03,2012-08-01,17.87328501388889,degC,expanding_prior_year_window_climatology,1.0,True,4,4,2008|2009|2010|2011,e72142cb94f13aa6748a8e775427b1ad20db4052f7721b5b44e90eb8ce2c3cf9,1.01073204433436,observation_time_proxy,historical data_available_time is unknown; observation_time is a pseudo-operational proxy
2012-07-03T00:00:00+00:00,2012-07-02,windermere,south,water_temperature,2.0,month_2,2012-08-02,2012-08-31,17.427109211805554,degC,expanding_prior_year_window_climatology,1.0,True,4,4,2008|2009|2010|2011,38cd25478f3055182762bcf292f2c5127f23b77b95a784ae3ed4a989465a031e,0.5729314941443231,observation_time_proxy,historical data_available_time is unknown; observation_time is a pseudo-operational proxy
2012-07-03T00:00:00+00:00,2012-07-02,windermere,south,water_temperature,2.0,month_3,2012-09-01,2012-09-30,15.421648923611112,degC,expanding_prior_year_window_climatology,1.0,True,4,4,2008|2009|2010|2011,96d47039b6f965b1f9987e51727389c5dcfd90b7a56f5d97a7ce113743f12d8e,0.6882113522062615,observation_time_proxy,historical data_available_time is unknown; observation_time is a pseudo-operational proxy
2012-07-10T00:00:00+00:00,2012-07-09,windermere,south,water_temperature,2.0,month_1,2012-07-10,2012-08-08,17.83799434722222,degC,expanding_prior_year_window_climatology,1.0,True,4,4,2008|2009|2010|2011,f425ce03f429786c6d8ad3220e7b13936f8719ed1c2c69d2de1e6de38f3a45db,0.8688500996539273,observation_time_proxy,historical data_available_time is unknown; observation_time is a pseudo-operational proxy
2012-07-10T00:00:00+00:00,2012-07-09,windermere,south,water_temperature,2.0,month_2,2012-08-09,2012-09-07,17.00898253472222,degC,expanding_prior_year_window_climatology,1.0,True,4,4,2008|2009|2010|2011,3ed2cf0d473f60f734682bdcbf1793feff6169409b6acb103828c3a741274a6a,0.5939452596065412,observation_time_proxy,historical data_available_time is unknown; observation_time is a pseudo-operational proxy
2012-07-10T00:00:00+00:00,2012-07-09,windermere,south,water_temperature,2.0,month_3,2012-09-08,2012-10-07,14.911291409722221,degC,expanding_prior_year_window_climatology,1.0,True,4,4,2008|2009|2010|2011,75749e1e310f7e64b4a89d78eeab619d71e82046c49162b171751190560e4f6b,0.5239784276452991,observation_time_proxy,historical data_available_time is unknown; observation_time is a pseudo-operational proxy
2012-07-17T00:00:00+00:00,2012-07-16,windermere,south,water_temperature,2.0,month_1,2012-07-17,2012-08-15,17.771412434027777,degC,expanding_prior_year_window_climatology,1.0,True,4,4,2008|2009|2010|2011,f1b649fea578a511116caa736e7d0e40fa56306c5cb126462c7c11aade7f9fa4,0.8006783773302745,observation_time_proxy,historical data_available_time is unknown; observation_time is a pseudo-operational proxy
2012-07-17T00:00:00+00:00,2012-07-16,windermere,south,water_temperature,2.0,month_2,2012-08-16,2012-09-14,16.57543805902778,degC,expanding_prior_year_window_climatology,1.0,True,4,4,2008|2009|2010|2011,bae0796181ccae83e490ca3c0a4e2a649f5c32ebb40362bc897f26169611d571,0.7360797757339207,observation_time_proxy,historical data_available_time is unknown; observation_time is a pseudo-operational proxy
2012-07-17T00:00:00+00:00,2012-07-16,windermere,south,water_temperature,2.0,month_3,2012-09-15,2012-10-14,14.388924336805555,degC,expanding_prior_year_window_climatology,1.0,True,4,4,2008|2009|2010|2011,5ccca9fdac7cb3528e7064b94ceb195769944b62ba9bc33374d0c95990e9ace0,0.41197134051174333,observation_time_proxy,historical data_available_time is unknown; observation_time is a pseudo-operational proxy
2012-07-24T00:00:00+00:00,2012-07-23,windermere,south,water_temperature,2.0,month_1,2012-07-24,2012-08-22,17.774669145833332,degC,expanding_prior_year_window_climatology,1.0,True,4,4,2008|2009|2010|2011,8754d211706fd2e33269bd91f250eb30daf0d2e0a00b15edf4d2728a241948ea,0.7364037420732448,observation_time_proxy,historical data_available_time is unknown; observation_time is a pseudo-operational proxy
2012-07-24T00:00:00+00:00,2012-07-23,windermere,south,water_temperature,2.0,month_2,2012-08-23,2012-09-21,16.091699927083333,degC,expanding_prior_year_window_climatology,1.0,True,4,4,2008|2009|2010|2011,199defa4523b5be25a7b7677ec4a2ac38c2ba47a13cc30a40ed6b2237aab45a4,0.7327568415275215,observation_time_proxy,historical data_available_time is unknown; observation_time is a pseudo-operational proxy
2012-07-24T00:00:00+00:00,2012-07-23,windermere,south,water_temperature,2.0,month_3,2012-09-22,2012-10-21,13.8494739375,degC,expanding_prior_year_window_climatology,1.0,True,4,4,2008|2009|2010|2011,1ec1083b02ed742651bcf9c787d217889a964f273a2a83de0eceab74e9366219,0.4598237215558271,observation_time_proxy,historical data_available_time is unknown; observation_time is a pseudo-operational proxy
2012-07-31T00:00:00+00:00,2012-07-30,windermere,south,water_temperature,2.0,month_1,2012-07-31,2012-08-29,17.520739354166665,degC,expanding_prior_year_window_climatology,1.0,True,4,4,2008|2009|2010|2011,7ff1ed9b0714a4cb27997c654aa4a50faeac2f53edaa4ef3f84fe859fb8f7ef4,0.6156215258005676,observation_time_proxy,historical data_available_time is unknown; observation_time is a pseudo-operational proxy
2012-07-31T00:00:00+00:00,2012-07-30,windermere,south,water_temperature,2.0,month_2,2012-08-30,2012-09-28,15.561800819444445,degC,expanding_prior_year_window_climatology,1.0,True,4,4,2008|2009|2010|2011,cd92000418498440755b13738c2770fb00f7ce661873222668c27133dd5fa803,0.7029032506859615,observation_time_proxy,historical data_available_time is unknown; observation_time is a pseudo-operational proxy
2012-07-31T00:00:00+00:00,2012-07-30,windermere,south,water_temperature,2.0,month_3,2012-09-29,2012-10-28,13.2033935625,degC,expanding_prior_year_window_climatology,1.0,True,4,4,2008|2009|2010|2011,95aea6700e0c135e806d33db9dd38c4ad30a623206046c5e5686ea6e5b1d341d,0.614641011769399,observation_time_proxy,historical data_available_time is unknown; observation_time is a pseudo-operational proxy
2012-08-07T00:00:00+00:00,2012-08-06,windermere,south,water_temperature,2.0,month_1,2012-08-07,2012-09-05,17.15992803125,degC,expanding_prior_year_window_climatology,1.0,True,4,4,2008|2009|2010|2011,0ed5a514801f1f215e9fc5bad4250cc9c63830aec03209390da61eda1f89c065,0.5482830859233094,observation_time_proxy,historical data_available_time is unknown; observation_time is a pseudo-operational proxy
2012-08-07T00:00:00+00:00,2012-08-06,windermere,south,water_temperature,2.0,month_2,2012-09-06,2012-10-05,15.049482375,degC,expanding_prior_year_window_climatology,1.0,True,4,4,2008|2009|2010|2011,68a2e71304db6e38e5ea18cbd6f04f4e9fb1f3aeba82d8d8e236e2f4513af3ec,0.5723612306866617,observation_time_proxy,historical data_available_time is unknown; observation_time is a pseudo-operational proxy
2012-08-07T00:00:00+00:00,2012-08-06,windermere,south,water_temperature,2.0,month_3,2012-10-06,2012-11-04,12.47469182789855,degC,expanding_prior_year_window_climatology,1.0,True,4,4,2008|2009|2010|2011,89928deada7af80b57bc9545e184803b95bf0a577b051e1345d8ded31827eae5,0.7790285405431839,observation_time_proxy,historical data_available_time is unknown; observation_time is a pseudo-operational proxy
2012-08-14T00:00:00+00:00,2012-08-13,windermere,south,water_temperature,2.0,month_1,2012-08-14,2012-09-12,16.694121958333334,degC,expanding_prior_year_window_climatology,1.0,True,4,4,2008|2009|2010|2011,0c03809817ff772d09b26d9d6469c385ebc09a621b82fde74c0e2687051bd77f,0.7129786236388209,observation_time_proxy,historical data_available_time is unknown; observation_time is a pseudo-operational proxy
2012-08-14T00:00:00+00:00,2012-08-13,windermere,south,water_temperature,2.0,month_2,2012-09-13,2012-10-12,14.538974184027778,degC,expanding_prior_year_window_climatology,1.0,True,4,4,2008|2009|2010|2011,27d059d01b1193b932d3353f6326441503a780c71fedf9096355a847afbadade,0.4278709784696311,observation_time_proxy,historical data_available_time is unknown; observation_time is a pseudo-operational proxy
2012-08-14T00:00:00+00:00,2012-08-13,windermere,south,water_temperature,2.0,month_3,2012-10-13,2012-11-11,11.748639774079106,degC,expanding_prior_year_window_climatology,1.0,True,4,4,2008|2009|2010|2011,5ca2e7eec93e40e78022170fe21f31c5a53b06195bbffe329b6bc81c4b7503d1,0.8982686771134523,observation_time_proxy,historical data_available_time is unknown; observation_time is a pseudo-operational proxy
2012-08-21T00:00:00+00:00,2012-08-20,windermere,south,water_temperature,2.0,month_1,2012-08-21,2012-09-19,16.23671946875,degC,expanding_prior_year_window_climatology,1.0,True,4,4,2008|2009|2010|2011,de1dbcfe1d2927b24c9a78a4ad17017318407c75d8498da3de2c55226f492f00,0.7334130627801526,observation_time_proxy,historical data_available_time is unknown; observation_time is a pseudo-operational proxy
2012-08-21T00:00:00+00:00,2012-08-20,windermere,south,water_temperature,2.0,month_2,2012-09-20,2012-10-19,14.018588399305555,degC,expanding_prior_year_window_climatology,1.0,True,4,4,2008|2009|2010|2011,b55a4b61b28a68800bf3c9a2b9f44593a72f5c660ef44d56fd47685cc119f2c4,0.4338909406617409,observation_time_proxy,historical data_available_time is unknown; observation_time is a pseudo-operational proxy
2012-08-21T00:00:00+00:00,2012-08-20,windermere,south,water_temperature,2.0,month_3,2012-10-20,2012-11-18,10.979873264704107,degC,expanding_prior_year_window_climatology,1.0,True,4,4,2008|2009|2010|2011,a0a8b18929145e8c737cdd728d3f51598f4a5a9d53be86debd425a67778a7785,0.9915658598646471,observation_time_proxy,historical data_available_time is unknown; observation_time is a pseudo-operational proxy
2012-08-28T00:00:00+00:00,2012-08-27,windermere,south,water_temperature,2.0,month_1,2012-08-28,2012-09-26,15.707086618055556,degC,expanding_prior_year_window_climatology,1.0,True,4,4,2008|2009|2010|2011,0cd1ddf58e7f333fb0765335531d33c24b7038431ca2b4959b8027682f72f443,0.7213559037285106,observation_time_proxy,historical data_available_time is unknown; observation_time is a pseudo-operational proxy
2012-08-28T00:00:00+00:00,2012-08-27,windermere,south,water_temperature,2.0,month_2,2012-09-27,2012-10-26,13.395342041666666,degC,expanding_prior_year_window_climatology,1.0,True,4,4,2008|2009|2010|2011,c8ebbfbd4797c79b731e6f1646584cafe174ecf5cbe0106d19f5d5381a5db265,0.560762321265345,observation_time_proxy,historical data_available_time is unknown; observation_time is a pseudo-operational proxy
2012-08-28T00:00:00+00:00,2012-08-27,windermere,south,water_temperature,2.0,month_3,2012-10-27,2012-11-25,10.317816510884661,degC,expanding_prior_year_window_climatology,1.0,True,4,4,2008|2009|2010|2011,a2bc908b85309c386308ca45673a742d9d38ebbe48864c24685331d34fd468a9,1.0585530055521086,observation_time_proxy,historical data_available_time is unknown; observation_time is a pseudo-operational proxy
2012-09-04T00:00:00+00:00,2012-09-03,windermere,south,water_temperature,2.0,month_1,2012-09-04,2012-10-03,15.208791475694444,degC,expanding_prior_year_window_climatology,1.0,True,4,4,2008|2009|2010|2011,352d4f3adfd07423746b9a1e80a9216a76e59dc6920d01ca3d6dcc3270139db9,0.6300624676907822,observation_time_proxy,historical data_available_time is unknown; observation_time is a pseudo-operational proxy
2012-09-04T00:00:00+00:00,2012-09-03,windermere,south,water_temperature,2.0,month_2,2012-10-04,2012-11-02,12.67541207789855,degC,expanding_prior_year_window_climatology,1.0,True,4,4,2008|2009|2010|2011,8f4f229955fdeed63002ddd97858824d430b0aea9b0ec46b5aaaea54a54191a1,0.7326728633576933,observation_time_proxy,historical data_available_time is unknown; observation_time is a pseudo-operational proxy
2012-09-04T00:00:00+00:00,2012-09-03,windermere,south,water_temperature,2.0,month_3,2012-11-03,2012-12-02,9.649091671527778,degC,expanding_prior_year_window_climatology,1.0,True,4,4,2008|2009|2010|2011,01317d0083fa1ca61f34fcbb1425724753ed962d97b9df5b8f91ffd51d4dd1ae,1.091203129664665,observation_time_proxy,historical data_available_time is unknown; observation_time is a pseudo-operational proxy
2012-09-11T00:00:00+00:00,2012-09-10,windermere,south,water_temperature,2.0,month_1,2012-09-11,2012-10-10,14.6909469375,degC,expanding_prior_year_window_climatology,1.0,True,4,4,2008|2009|2010|2011,e0f92d8657ab2dc5e8af084dac8b6b1c5cc852edf7934dbbbff03e3d85ec9c3a,0.4604978563147156,observation_time_proxy,historical data_available_time is unknown; observation_time is a pseudo-operational proxy
2012-09-11T00:00:00+00:00,2012-09-10,windermere,south,water_temperature,2.0,month_2,2012-10-11,2012-11-09,11.96623154317633,degC,expanding_prior_year_window_climatology,1.0,True,4,4,2008|2009|2010|2011,d11e1091a9a70ed1ac17d143a29b9155444d929d2cc02b61f8d9e76b99cf9736,0.8634194445192886,observation_time_proxy,historical data_available_time is unknown; observation_time is a pseudo-operational proxy
2012-09-11T00:00:00+00:00,2012-09-10,windermere,south,water_temperature,2.0,month_3,2012-11-10,2012-12-09,8.909686646875,degC,expanding_prior_year_window_climatology,1.0,True,4,4,2008|2009|2010|2011,05de27e8a2a8dc5d92635e498d6eeb65b0b87b062de7c4f3189118a35859ded6,1.1419877149975666,observation_time_proxy,historical data_available_time is unknown; observation_time is a pseudo-operational proxy
2012-09-18T00:00:00+00:00,2012-09-17,windermere,south,water_temperature,2.0,month_1,2012-09-18,2012-10-17,14.175239843750001,degC,expanding_prior_year_window_climatology,1.0,True,4,4,2008|2009|2010|2011,c04c7568ae99c58e29eb122a307b5a06c778de0db37e7bd6102b5a6c4bb0d2e1,0.41677207409057315,observation_time_proxy,historical data_available_time is unknown; observation_time is a pseudo-operational proxy
2012-09-18T00:00:00+00:00,2012-09-17,windermere,south,water_temperature,2.0,month_2,2012-10-18,2012-11-16,11.190687442134662,degC,expanding_prior_year_window_climatology,1.0,True,4,4,2008|2009|2010|2011,82deed50535cf48b0747298d597eb8be8cffa02e3bd4602aca99a59b00d5f212,0.968539070496587,observation_time_proxy,historical data_available_time is unknown; observation_time is a pseudo-operational proxy
2012-09-18T00:00:00+00:00,2012-09-17,windermere,south,water_temperature,2.0,month_3,2012-11-17,2012-12-16,8.172981570486112,degC,expanding_prior_year_window_climatology,1.0,True,4,4,2008|2009|2010|2011,719f4dd56d2130006539c578e179e09b9cd5e9b4e15aeebe59ef3badf5b6ee28,1.1474676153074455,observation_time_proxy,historical data_available_time is unknown; observation_time is a pseudo-operational proxy
2012-09-25T00:00:00+00:00,2012-09-24,windermere,south,water_temperature,2.0,month_1,2012-09-25,2012-10-24,13.579967434027779,degC,expanding_prior_year_window_climatology,1.0,True,4,4,2008|2009|2010|2011,3ebc59e6487ea4455aa361a7c734b3d5c5a52a6c93cd92d4dcb9833a760d206f,0.5105308219103218,observation_time_proxy,historical data_available_time is unknown; observation_time is a pseudo-operational proxy
2012-09-25T00:00:00+00:00,2012-09-24,windermere,south,water_temperature,2.0,month_2,2012-10-25,2012-11-23,10.500151800467995,degC,expanding_prior_year_window_climatology,1.0,True,4,4,2008|2009|2010|2011,4f921090f30c26de69dc70875bb365bf37cf92bf212c315d3ec928ce43621098,1.0418304737861726,observation_time_proxy,historical data_available_time is unknown; observation_time is a pseudo-operational proxy
2012-09-25T00:00:00+00:00,2012-09-24,windermere,south,water_temperature,2.0,month_3,2012-11-24,2012-12-23,7.426607118402778,degC,expanding_prior_year_window_climatology,1.0,True,4,4,2008|2009|2010|2011,011f1f250759304855a94c4d7b5515cf7e351943973826bd608a45552f2f4bd1,1.1357274203999697,observation_time_proxy,historical data_available_time is unknown; observation_time is a pseudo-operational proxy
2012-10-02T00:00:00+00:00,2012-10-01,windermere,south,water_temperature,2.0,month_1,2012-10-02,2012-10-31,12.886700425120774,degC,expanding_prior_year_window_climatology,1.0,True,4,4,2008|2009|2010|2011,59e88074a0a7eaa479962a6c07243f1749366d7a7ee20ea43b354e75bab6f330,0.6820445701136577,observation_time_proxy,historical data_available_time is unknown; observation_time is a pseudo-operational proxy
2012-10-02T00:00:00+00:00,2012-10-01,windermere,south,water_temperature,2.0,month_2,2012-11-01,2012-11-30,9.848331357291666,degC,expanding_prior_year_window_climatology,1.0,True,4,4,2008|2009|2010|2011,ea21970f3cdc1e7033816bc3da81e6e15b06cc87f01138ddaef28617e3b69604,1.0890551443407228,observation_time_proxy,historical data_available_time is unknown; observation_time is a pseudo-operational proxy
2012-10-02T00:00:00+00:00,2012-10-01,windermere,south,water_temperature,2.0,month_3,2012-12-01,2012-12-30,6.726986025,degC,expanding_prior_year_window_climatology,1.0,True,4,4,2008|2009|2010|2011,976aff72891f43259ede3168005240e41fff7c0ced3a3043a3c5be9e817e9e0d,1.1058840326813395,observation_time_proxy,historical data_available_time is unknown; observation_time is a pseudo-operational proxy
2012-10-09T00:00:00+00:00,2012-10-08,windermere,south,water_temperature,2.0,month_1,2012-10-09,2012-11-07,12.172727789704107,degC,expanding_prior_year_window_climatology,1.0,True,4,4,2008|2009|2010|2011,ece5d0296f6542ac24eb5367d7493952f1a773faa4ff4f60531d8d7dfa50eddb,0.8319120336848104,observation_time_proxy,historical data_available_time is unknown; observation_time is a pseudo-operational proxy
2012-10-09T00:00:00+00:00,2012-10-08,windermere,south,water_temperature,2.0,month_2,2012-11-08,2012-12-07,9.123555631944445,degC,expanding_prior_year_window_climatology,1.0,True,4,4,2008|2009|2010|2011,d7938e39b45418460707e7ed539a8b649f06bb54668d3d47dc31d37e9e839694,1.125852363564983,observation_time_proxy,historical data_available_time is unknown; observation_time is a pseudo-operational proxy
2012-10-09T00:00:00+00:00,2012-10-08,windermere,south,water_temperature,2.0,month_3,2012-12-08,2013-01-06,5.753554969303543,degC,expanding_prior_year_window_climatology,1.0,True,4,3,2008|2009|2010,433d960c849446c9554b3e148b6fd838ef6c0400760e3aeeda02e0a0eb649f7b,0.9287130147460372,observation_time_proxy,historical data_available_time is unknown; observation_time is a pseudo-operational proxy
2012-10-16T00:00:00+00:00,2012-10-15,windermere,south,water_temperature,2.0,month_1,2012-10-16,2012-11-14,11.412893818870772,degC,expanding_prior_year_window_climatology,1.0,True,4,4,2008|2009|2010|2011,0cf518b8419b947d8dd6802077bcb6645080fa3b9494ccc005f2e05ca2e0aa86,0.9459558025308307,observation_time_proxy,historical data_available_time is unknown; observation_time is a pseudo-operational proxy
2012-10-16T00:00:00+00:00,2012-10-15,windermere,south,water_temperature,2.0,month_2,2012-11-15,2012-12-14,8.384066869791667,degC,expanding_prior_year_window_climatology,1.0,True,4,4,2008|2009|2010|2011,831de45e644488b8f47aeccf8832d8de402e3989bec5d37fcd500f7342b238f3,1.14724809544569,observation_time_proxy,historical data_available_time is unknown; observation_time is a pseudo-operational proxy
2012-10-16T00:00:00+00:00,2012-10-15,windermere,south,water_temperature,2.0,month_3,2012-12-15,2013-01-13,5.204517891988727,degC,expanding_prior_year_window_climatology,1.0,True,4,3,2008|2009|2010,93edb4128300e407d4e038f886d942d3e54af25e8522594f53f2ddc7f32e00e9,0.7973139683445568,observation_time_proxy,historical data_available_time is unknown; observation_time is a pseudo-operational proxy
2012-10-23T00:00:00+00:00,2012-10-22,windermere,south,water_temperature,2.0,month_1,2012-10-23,2012-11-21,10.684806133454106,degC,expanding_prior_year_window_climatology,1.0,True,4,4,2008|2009|2010|2011,fef46a75e404abdcbf51e96c5be1816d1be16993680c0948d1abb6efad1b0500,1.0229949416914437,observation_time_proxy,historical data_available_time is unknown; observation_time is a pseudo-operational proxy
2012-10-23T00:00:00+00:00,2012-10-22,windermere,south,water_temperature,2.0,month_2,2012-11-22,2012-12-21,7.644136569444445,degC,expanding_prior_year_window_climatology,1.0,True,4,4,2008|2009|2010|2011,78738eada46f331199448635a59d77e5f47bf2e2b7973ec38d07ec0266b84f42,1.1407127036816997,observation_time_proxy,historical data_available_time is unknown; observation_time is a pseudo-operational proxy
2012-10-23T00:00:00+00:00,2012-10-22,windermere,south,water_temperature,2.0,month_3,2012-12-22,2013-01-20,4.753631978099839,degC,expanding_prior_year_window_climatology,1.0,True,4,3,2008|2009|2010,3b4958499d444c1a30ce2f824a63ab1f48f532573a348d45bc48c1d4e11054f7,0.6411967335402458,observation_time_proxy,historical data_available_time is unknown; observation_time is a pseudo-operational proxy
2012-10-30T00:00:00+00:00,2012-10-29,windermere,south,water_temperature,2.0,month_1,2012-10-30,2012-11-28,10.037797855676327,degC,expanding_prior_year_window_climatology,1.0,True,4,4,2008|2009|2010|2011,c855b5099cddadf7085e15bed7c28c88fc631be1d4d9e9cf23273b6e13de7a3c,1.0806012887103824,observation_time_proxy,historical data_available_time is unknown; observation_time is a pseudo-operational proxy
2012-10-30T00:00:00+00:00,2012-10-29,windermere,south,water_temperature,2.0,month_2,2012-11-29,2012-12-28,6.918014920138889,degC,expanding_prior_year_window_climatology,1.0,True,4,4,2008|2009|2010|2011,721f64ba961729f66fbe121e38ee32f50a70eaff51c595183b42317ce841545a,1.1157323917201556,observation_time_proxy,historical data_available_time is unknown; observation_time is a pseudo-operational proxy
2012-10-30T00:00:00+00:00,2012-10-29,windermere,south,water_temperature,2.0,month_3,2012-12-29,2013-01-27,4.415235882266505,degC,expanding_prior_year_window_climatology,1.0,True,4,3,2008|2009|2010,594596cac785bebc618148a3a83d23ab72840ebc876c39d0ddf4a6e8a5b5cc8e,0.500073441047592,observation_time_proxy,historical data_available_time is unknown; observation_time is a pseudo-operational proxy
2012-11-06T00:00:00+00:00,2012-11-05,windermere,south,water_temperature,2.0,month_1,2012-11-06,2012-12-05,9.334435934375,degC,expanding_prior_year_window_climatology,1.0,True,4,4,2008|2009|2010|2011,d538600fdcdf11acee1c1c2c86950aaa942adc4fc07aed1c68e19f28ffe24602,1.105527645556914,observation_time_proxy,historical data_available_time is unknown; observation_time is a pseudo-operational proxy
2012-11-06T00:00:00+00:00,2012-11-05,windermere,south,water_temperature,2.0,month_2,2012-12-06,2013-01-04,5.91639544384058,degC,expanding_prior_year_window_climatology,1.0,True,4,3,2008|2009|2010,a9d2349c049d15b216a51ef12cb83ed6a83059a9300062e93dca874113508b8a,0.9486588117231077,observation_time_proxy,historical data_available_time is unknown; observation_time is a pseudo-operational proxy
2012-11-06T00:00:00+00:00,2012-11-05,windermere,south,water_temperature,2.0,month_3,2013-01-05,2013-02-03,4.510769658333333,degC,expanding_prior_year_window_climatology,1.0,True,4,4,2008|2009|2010|2011,fcaa68f1cba111dce42049ce636bbd58e09f25c7425f7fab902ac4de04580dfb,0.7433062886090331,observation_time_proxy,historical data_available_time is unknown; observation_time is a pseudo-operational proxy
2012-11-13T00:00:00+00:00,2012-11-12,windermere,south,water_temperature,2.0,month_1,2012-11-13,2012-12-12,8.594371270833333,degC,expanding_prior_year_window_climatology,1.0,True,4,4,2008|2009|2010|2011,63e73547b19b158490d958d6610c4138459f94b0adad4718fcb85bf224dc8bbf,1.149363923002205,observation_time_proxy,historical data_available_time is unknown; observation_time is a pseudo-operational proxy
2012-11-13T00:00:00+00:00,2012-11-12,windermere,south,water_temperature,2.0,month_2,2012-12-13,2013-01-11,5.356098519766506,degC,expanding_prior_year_window_climatology,1.0,True,4,3,2008|2009|2010,e2f82578304ce7583b8fbc30f86f5ecc4c802ffa62140a092a31a2a0b1d95f19,0.8410553532347084,observation_time_proxy,historical data_available_time is unknown; observation_time is a pseudo-operational proxy
2012-11-13T00:00:00+00:00,2012-11-12,windermere,south,water_temperature,2.0,month_3,2013-01-12,2013-02-10,4.412332192361111,degC,expanding_prior_year_window_climatology,1.0,True,4,4,2008|2009|2010|2011,6054665f2c61cbc6c5752aecbf14adaab9dee824e000c703e7df8fa2ba806403,0.7341058379768896,observation_time_proxy,historical data_available_time is unknown; observation_time is a pseudo-operational proxy
2012-11-20T00:00:00+00:00,2012-11-19,windermere,south,water_temperature,2.0,month_1,2012-11-20,2012-12-19,7.859237702777778,degC,expanding_prior_year_window_climatology,1.0,True,4,4,2008|2009|2010|2011,2eed609b1bdf1aff1bb15591393027441f984dcf9435bc14f981f3229d1f6932,1.1441813406989365,observation_time_proxy,historical data_available_time is unknown; observation_time is a pseudo-operational proxy
2012-11-20T00:00:00+00:00,2012-11-19,windermere,south,water_temperature,2.0,month_2,2012-12-20,2013-01-18,4.868118174396135,degC,expanding_prior_year_window_climatology,1.0,True,4,3,2008|2009|2010,1721388b81d53f3531d9177fed31b158b34f535d7fc87f40c3f8dcb179fc6c66,0.6759582714572873,observation_time_proxy,historical data_available_time is unknown; observation_time is a pseudo-operational proxy
2012-11-20T00:00:00+00:00,2012-11-19,windermere,south,water_temperature,2.0,month_3,2013-01-19,2013-02-17,4.353408694791667,degC,expanding_prior_year_window_climatology,1.0,True,4,4,2008|2009|2010|2011,321b58f4dd819a88097a201051ca5a3c8ddb95fc352b364ccd0dcfa5f2009b5e,0.7481288426162,observation_time_proxy,historical data_available_time is unknown; observation_time is a pseudo-operational proxy
2012-11-27T00:00:00+00:00,2012-11-26,windermere,south,water_temperature,2.0,month_1,2012-11-27,2012-12-26,7.11133774375,degC,expanding_prior_year_window_climatology,1.0,True,4,4,2008|2009|2010|2011,480029bc512345c7eb56e254e4dafdf16a4323501e25a86466f7e3dfbe7108ee,1.1155124969731742,observation_time_proxy,historical data_available_time is unknown; observation_time is a pseudo-operational proxy
2012-11-27T00:00:00+00:00,2012-11-26,windermere,south,water_temperature,2.0,month_2,2012-12-27,2013-01-25,4.497992274396135,degC,expanding_prior_year_window_climatology,1.0,True,4,3,2008|2009|2010,659594c6bdcf2715542b8aadec91bdd377c1024db5053ace13deca6373928ec3,0.5519760050599574,observation_time_proxy,historical data_available_time is unknown; observation_time is a pseudo-operational proxy
2012-11-27T00:00:00+00:00,2012-11-26,windermere,south,water_temperature,2.0,month_3,2013-01-26,2013-02-24,4.298572953472222,degC,expanding_prior_year_window_climatology,1.0,True,4,4,2008|2009|2010|2011,3a231715b3fe8ede378c915bd3d08021ddb84ea7838c0d18c081af3bfe268584,0.7432256397832402,observation_time_proxy,historical data_available_time is unknown; observation_time is a pseudo-operational proxy
2012-12-04T00:00:00+00:00,2012-12-03,windermere,south,water_temperature,2.0,month_1,2012-12-04,2013-01-02,6.474938574274284,degC,expanding_prior_year_window_climatology,1.0,True,4,4,2008|2009|2010|2011,e31fa5f316d4cc0ae7196da7535d7e740551975dacd2a78323d430b0d0da9b43,1.1097907557351638,observation_time_proxy,historical data_available_time is unknown; observation_time is a pseudo-operational proxy
2012-12-04T00:00:00+00:00,2012-12-03,windermere,south,water_temperature,2.0,month_2,2013-01-03,2013-02-01,4.560709142708333,degC,expanding_prior_year_window_climatology,1.0,True,4,4,2008|2009|2010|2011,3ce20bc4402f678ca33bc40653ee2d95ac436e0f1ca6f9f27615447325b9b99d,0.7460829530419772,observation_time_proxy,historical data_available_time is unknown; observation_time is a pseudo-operational proxy
2012-12-04T00:00:00+00:00,2012-12-03,windermere,south,water_temperature,2.0,month_3,2013-02-02,2013-03-03,4.291484184375,degC,expanding_prior_year_window_climatology,1.0,True,4,4,2008|2009|2010|2011,2e0428c759f7a620eec522d55cc6660a3fe41a54d1a3225c6f6305b78f301131,0.7447323232944744,observation_time_proxy,historical data_available_time is unknown; observation_time is a pseudo-operational proxy
2012-12-11T00:00:00+00:00,2012-12-10,windermere,south,water_temperature,2.0,month_1,2012-12-11,2013-01-09,5.516413894303542,degC,expanding_prior_year_window_climatology,1.0,True,4,3,2008|2009|2010,01756bd728f0e55ccda835f7279f2db73e1f7a3159686951fc73f3195d0e174d,0.878656603410885,observation_time_proxy,historical data_available_time is unknown; observation_time is a pseudo-operational proxy
2012-12-11T00:00:00+00:00,2012-12-10,windermere,south,water_temperature,2.0,month_2,2013-01-10,2013-02-08,4.4273915100694445,degC,expanding_prior_year_window_climatology,1.0,True,4,4,2008|2009|2010|2011,3f92044f8bf577160b05c55b6a223e0df7c26a12670cae376d73f64a5ab75440,0.7378040511734691,observation_time_proxy,historical data_available_time is unknown; observation_time is a pseudo-operational proxy
2012-12-11T00:00:00+00:00,2012-12-10,windermere,south,water_temperature,2.0,month_3,2013-02-09,2013-03-10,4.344265895138889,degC,expanding_prior_year_window_climatology,1.0,True,4,4,2008|2009|2010|2011,50bc6329fa8231e85852c4fad561a620c237a0ed73705cb35660d4845eec25aa,0.7677827987063375,observation_time_proxy,historical data_available_time is unknown; observation_time is a pseudo-operational proxy
2012-12-18T00:00:00+00:00,2012-12-17,windermere,south,water_temperature,2.0,month_1,2012-12-18,2013-01-16,4.990221570229468,degC,expanding_prior_year_window_climatology,1.0,True,4,3,2008|2009|2010,cfd7f091c6f9cc60fcf2448a06f3a0f45a38d00b78cf809765bc0a99c2387f39,0.721760291450036,observation_time_proxy,historical data_available_time is unknown; observation_time is a pseudo-operational proxy
2012-12-18T00:00:00+00:00,2012-12-17,windermere,south,water_temperature,2.0,month_2,2013-01-17,2013-02-15,4.372334334027777,degC,expanding_prior_year_window_climatology,1.0,True,4,4,2008|2009|2010|2011,cd9feeb5ccf54f48d101ea8055337c51b7448551942c03863aa2f6298323d821,0.7425007151342922,observation_time_proxy,historical data_available_time is unknown; observation_time is a pseudo-operational proxy
2012-12-18T00:00:00+00:00,2012-12-17,windermere,south,water_temperature,2.0,month_3,2013-02-16,2013-03-17,4.469671768402778,degC,expanding_prior_year_window_climatology,1.0,True,4,4,2008|2009|2010|2011,959903bd1fbde7c3494deed6b0ff1e76411c579049d79a3ec0103aee55251ebf,0.7407214608026145,observation_time_proxy,historical data_available_time is unknown; observation_time is a pseudo-operational proxy
2012-12-25T00:00:00+00:00,2012-12-24,windermere,south,water_temperature,2.0,month_1,2012-12-25,2013-01-23,4.592818800322061,degC,expanding_prior_year_window_climatology,1.0,True,4,3,2008|2009|2010,b4bb79b699635f279f162fb284ce87ddd1c77ab9266c2212f87bec0d32b6b198,0.5939887321042895,observation_time_proxy,historical data_available_time is unknown; observation_time is a pseudo-operational proxy
2012-12-25T00:00:00+00:00,2012-12-24,windermere,south,water_temperature,2.0,month_2,2013-01-24,2013-02-22,4.312119325694445,degC,expanding_prior_year_window_climatology,1.0,True,4,4,2008|2009|2010|2011,7328a0a063fd4e8168717a594f868f7f38cc9a3be0bd61ea55d9d4cd0df828da,0.7449990502392745,observation_time_proxy,historical data_available_time is unknown; observation_time is a pseudo-operational proxy
2012-12-25T00:00:00+00:00,2012-12-24,windermere,south,water_temperature,2.0,month_3,2013-02-23,2013-03-24,4.750288839236111,degC,expanding_prior_year_window_climatology,1.0,True,4,4,2008|2009|2010|2011,c2365be4b000ae8dc1068430ed2990555b8e88b12f3236ca2a772bb2fd6c58d2,0.686505295169301,observation_time_proxy,historical data_available_time is unknown; observation_time is a pseudo-operational proxy
2013-01-01T00:00:00+00:00,2012-12-31,windermere,south,water_temperature,2.0,month_1,2013-01-01,2013-01-30,4.9495691493115945,degC,expanding_prior_year_window_climatology,1.0,True,5,5,2008|2009|2010|2011|2012,8e9e537bb3f7ed8c577f5186d697c8dc5150114bd0e60309ba98dc1abb395cbe,0.9727492101496932,observation_time_proxy,historical data_available_time is unknown; observation_time is a pseudo-operational proxy
2013-01-01T00:00:00+00:00,2012-12-31,windermere,south,water_temperature,2.0,month_2,2013-01-31,2013-03-01,4.447253205555556,degC,expanding_prior_year_window_climatology,1.0,True,5,5,2008|2009|2010|2011|2012,2b66cc6566291ee29ebd7433315b758324e45809ee114a6180e25b4851079032,0.7433311682666559,observation_time_proxy,historical data_available_time is unknown; observation_time is a pseudo-operational proxy
2013-01-01T00:00:00+00:00,2012-12-31,windermere,south,water_temperature,2.0,month_3,2013-03-02,2013-03-31,5.479666189444445,degC,expanding_prior_year_window_climatology,1.0,True,5,5,2008|2009|2010|2011|2012,094cfec9a81602094d23d2ca5bd9bb16f255b1b822e14f2b1124205999167911,0.9963048049513864,observation_time_proxy,historical data_available_time is unknown; observation_time is a pseudo-operational proxy
2013-01-08T00:00:00+00:00,2013-01-07,windermere,south,water_temperature,2.0,month_1,2013-01-08,2013-02-06,4.755967353611111,degC,expanding_prior_year_window_climatology,1.0,True,5,5,2008|2009|2010|2011|2012,31a434235916ee85e24187a10dac6f0119d9af2a3a777dfaf178d66832ce359c,0.9366583430099217,observation_time_proxy,historical data_available_time is unknown; observation_time is a pseudo-operational proxy
2013-01-08T00:00:00+00:00,2013-01-07,windermere,south,water_temperature,2.0,month_2,2013-02-07,2013-03-08,4.5001089216666665,degC,expanding_prior_year_window_climatology,1.0,True,5,5,2008|2009|2010|2011|2012,20fe2865704fdbdb0118cb395b125ed6d21496c9a07e8ef82ac7940ca7596dbf,0.7680856016880646,observation_time_proxy,historical data_available_time is unknown; observation_time is a pseudo-operational proxy
2013-01-08T00:00:00+00:00,2013-01-07,windermere,south,water_temperature,2.0,month_3,2013-03-09,2013-04-07,5.936596179722223,degC,expanding_prior_year_window_climatology,1.0,True,5,5,2008|2009|2010|2011|2012,6cb5948958ec039b5f80673de3551344c540208aa9bd6c30f3350ebee25e7e6a,1.0289628631858796,observation_time_proxy,historical data_available_time is unknown; observation_time is a pseudo-operational proxy
2013-01-15T00:00:00+00:00,2013-01-14,windermere,south,water_temperature,2.0,month_1,2013-01-15,2013-02-13,4.638964213055555,degC,expanding_prior_year_window_climatology,1.0,True,5,5,2008|2009|2010|2011|2012,e12fb9cc3f7b64940df10294e8bf6df9f4382df9c766eda7a8a91168ff83519f,0.8488664615833603,observation_time_proxy,historical data_available_time is unknown; observation_time is a pseudo-operational proxy
2013-01-15T00:00:00+00:00,2013-01-14,windermere,south,water_temperature,2.0,month_2,2013-02-14,2013-03-15,4.626142853611111,degC,expanding_prior_year_window_climatology,1.0,True,5,5,2008|2009|2010|2011|2012,19df436f275bf2a120939aa09add09a65e561fa99bb9c33cdcb7ec52e0137fa2,0.7952833668030581,observation_time_proxy,historical data_available_time is unknown; observation_time is a pseudo-operational proxy
2013-01-15T00:00:00+00:00,2013-01-14,windermere,south,water_temperature,2.0,month_3,2013-03-16,2013-04-14,6.569482956111111,degC,expanding_prior_year_window_climatology,1.0,True,5,5,2008|2009|2010|2011|2012,031fbc8a9cfbf133f288a8e280125adb025590452961312826fafee7843de8eb,0.9814447410217969,observation_time_proxy,historical data_available_time is unknown; observation_time is a pseudo-operational proxy
2013-01-22T00:00:00+00:00,2013-01-21,windermere,south,water_temperature,2.0,month_1,2013-01-22,2013-02-20,4.523896834166667,degC,expanding_prior_year_window_climatology,1.0,True,5,5,2008|2009|2010|2011|2012,939708e2ea8e75dba6694cdc865d321e7ef51f1607bd7370cf97ca1f287a502e,0.7818610795621503,observation_time_proxy,historical data_available_time is unknown; observation_time is a pseudo-operational proxy
2013-01-22T00:00:00+00:00,2013-01-21,windermere,south,water_temperature,2.0,month_2,2013-02-21,2013-03-22,4.8925329713888885,degC,expanding_prior_year_window_climatology,1.0,True,5,5,2008|2009|2010|2011|2012,b3bfa03ebc9f689494b56103b165f7fbc040ea8192ca5d03265564235ba0d0ba,0.7981149220504822,observation_time_proxy,historical data_available_time is unknown; observation_time is a pseudo-operational proxy
2013-01-22T00:00:00+00:00,2013-01-21,windermere,south,water_temperature,2.0,month_3,2013-03-23,2013-04-21,7.2854594623206195,degC,expanding_prior_year_window_climatology,1.0,True,5,5,2008|2009|2010|2011|2012,e37f18df09430336ac2acbd413d1e812d30022a0b75ae29c5ebdecc400ce75e5,1.0552689225675351,observation_time_proxy,historical data_available_time is unknown; observation_time is a pseudo-operational proxy
2013-01-29T00:00:00+00:00,2013-01-28,windermere,south,water_temperature,2.0,month_1,2013-01-29,2013-02-27,4.454018204722222,degC,expanding_prior_year_window_climatology,1.0,True,5,5,2008|2009|2010|2011|2012,d6f479c9c2348b73ac0d45299ff6784806beb15f83ff4e68f42706c0d67491c7,0.747403201539153,observation_time_proxy,historical data_available_time is unknown; observation_time is a pseudo-operational proxy
2013-01-29T00:00:00+00:00,2013-01-28,windermere,south,water_temperature,2.0,month_2,2013-02-28,2013-03-29,5.311853531944444,degC,expanding_prior_year_window_climatology,1.0,True,5,5,2008|2009|2010|2011|2012,9be54327db356cc292c75e8669d07fd5399b253dc898b1210fad05a815d6b920,0.8919421717109922,observation_time_proxy,historical data_available_time is unknown; observation_time is a pseudo-operational proxy
2013-01-29T00:00:00+00:00,2013-01-28,windermere,south,water_temperature,2.0,month_3,2013-03-30,2013-04-28,8.212209998611112,degC,expanding_prior_year_window_climatology,1.0,True,5,4,2008|2009|2011|2012,a3e48610c86d001b1a6f2a5fe7591e65777529ea645e237fb5ee8a6a9261be7c,1.3578379683289312,observation_time_proxy,historical data_available_time is unknown; observation_time is a pseudo-operational proxy
2013-02-05T00:00:00+00:00,2013-02-04,windermere,south,water_temperature,2.0,month_1,2013-02-05,2013-03-06,4.480287583611111,degC,expanding_prior_year_window_climatology,1.0,True,5,5,2008|2009|2010|2011|2012,4880445c00b22fddd6af605c73601b7f693cfc5da9288c385a051d2546f2895a,0.757724137483252,observation_time_proxy,historical data_available_time is unknown; observation_time is a pseudo-operational proxy
2013-02-05T00:00:00+00:00,2013-02-04,windermere,south,water_temperature,2.0,month_2,2013-03-07,2013-04-05,5.805656766666667,degC,expanding_prior_year_window_climatology,1.0,True,5,5,2008|2009|2010|2011|2012,698113e041d62e6775ec1d6ba61c21c54210789afb54cef5bab4cfeecdac1265,1.0353081294997692,observation_time_proxy,historical data_available_time is unknown; observation_time is a pseudo-operational proxy
2013-02-05T00:00:00+00:00,2013-02-04,windermere,south,water_temperature,2.0,month_3,2013-04-06,2013-05-05,8.968980769791667,degC,expanding_prior_year_window_climatology,1.0,True,5,4,2008|2009|2011|2012,546939477758154b13a1fe3d83ae6a720118039b94876498cdcdc17f2770851d,1.8122909459009535,observation_time_proxy,historical data_available_time is unknown; observation_time is a pseudo-operational proxy
2013-02-12T00:00:00+00:00,2013-02-11,windermere,south,water_temperature,2.0,month_1,2013-02-12,2013-03-13,4.574586915,degC,expanding_prior_year_window_climatology,1.0,True,5,5,2008|2009|2010|2011|2012,b24927496b86eae6a327dcef59c5156c64eca0446a44d9526561d688685e90a5,0.7859700932841803,observation_time_proxy,historical data_available_time is unknown; observation_time is a pseudo-operational proxy
2013-02-12T00:00:00+00:00,2013-02-11,windermere,south,water_temperature,2.0,month_2,2013-03-14,2013-04-12,6.3763018647222225,degC,expanding_prior_year_window_climatology,1.0,True,5,5,2008|2009|2010|2011|2012,1eb31f1309d6672449cf6899cbdec60be39e24ba66041ff0e83724407bb8afb0,0.9904912990245521,observation_time_proxy,historical data_available_time is unknown; observation_time is a pseudo-operational proxy
2013-02-12T00:00:00+00:00,2013-02-11,windermere,south,water_temperature,2.0,month_3,2013-04-13,2013-05-12,9.8896457625,degC,expanding_prior_year_window_climatology,1.0,True,5,4,2008|2009|2011|2012,615538536b3d7d4e62796e2d7792638fef64c51601a86dd3afca65f8dd52607b,1.8468135506413144,observation_time_proxy,historical data_available_time is unknown; observation_time is a pseudo-operational proxy
2013-02-19T00:00:00+00:00,2013-02-18,windermere,south,water_temperature,2.0,month_1,2013-02-19,2013-03-20,4.800874806388888,degC,expanding_prior_year_window_climatology,1.0,True,5,5,2008|2009|2010|2011|2012,e51d68cae8ad39a6f1887d6f9689622bbc3ed4028a0b72c106f0984375effb77,0.8035248736049059,observation_time_proxy,historical data_available_time is unknown; observation_time is a pseudo-operational proxy
2013-02-19T00:00:00+00:00,2013-02-18,windermere,south,water_temperature,2.0,month_2,2013-03-21,2013-04-19,7.077527910833333,degC,expanding_prior_year_window_climatology,1.0,True,5,5,2008|2009|2010|2011|2012,cab89baaf74745fdae48004bf113e4fe0bf51a08643a60e06c0835836b65f61c,0.9870681775457988,observation_time_proxy,historical data_available_time is unknown; observation_time is a pseudo-operational proxy
2013-02-19T00:00:00+00:00,2013-02-18,windermere,south,water_temperature,2.0,month_3,2013-04-20,2013-05-19,10.726537541666668,degC,expanding_prior_year_window_climatology,1.0,True,5,4,2008|2009|2011|2012,3360b2b7c70c397d2a268183c15026dd40dbdc0a3e9e121901217918b5f5870a,1.7435936565992256,observation_time_proxy,historical data_available_time is unknown; observation_time is a pseudo-operational proxy
2013-02-26T00:00:00+00:00,2013-02-25,windermere,south,water_temperature,2.0,month_1,2013-02-26,2013-03-27,5.176591526666667,degC,expanding_prior_year_window_climatology,1.0,True,5,5,2008|2009|2010|2011|2012,004c92f1e285766ba583d2fefb381686b215d63da639007945d3e8d8a5a54af7,0.8454482958096247,observation_time_proxy,historical data_available_time is unknown; observation_time is a pseudo-operational proxy
2013-02-26T00:00:00+00:00,2013-02-25,windermere,south,water_temperature,2.0,month_2,2013-03-28,2013-04-26,8.020309357638888,degC,expanding_prior_year_window_climatology,1.0,True,5,4,2008|2009|2011|2012,e28d58bdc24c9f96073585948aa32586b1e8305759fb1807b19e3377435f51f9,1.2811046322747797,observation_time_proxy,historical data_available_time is unknown; observation_time is a pseudo-operational proxy
2013-02-26T00:00:00+00:00,2013-02-25,windermere,south,water_temperature,2.0,month_3,2013-04-27,2013-05-26,11.508321511805555,degC,expanding_prior_year_window_climatology,1.0,True,5,4,2008|2009|2011|2012,8309b78a9b232a4683e5e38c9eae90617a6c93b958a03e2cf65da6da04adb8cf,1.3990290022357192,observation_time_proxy,historical data_available_time is unknown; observation_time is a pseudo-operational proxy
2013-03-05T00:00:00+00:00,2013-03-04,windermere,south,water_temperature,2.0,month_1,2013-03-05,2013-04-03,5.683493514444445,degC,expanding_prior_year_window_climatology,1.0,True,5,5,2008|2009|2010|2011|2012,6fd71d9ebbb16b5e30f2d8005694d2b6af97d6bf93f24f855c714d2e29f413a6,1.0474355367527048,observation_time_proxy,historical data_available_time is unknown; observation_time is a pseudo-operational proxy
2013-03-05T00:00:00+00:00,2013-03-04,windermere,south,water_temperature,2.0,month_2,2013-04-04,2013-05-03,8.717142196527778,degC,expanding_prior_year_window_climatology,1.0,True,5,4,2008|2009|2011|2012,5daaf0973692424deea16caa29f00a80e60889b0ebdb425eca731dc4cf7cd286,1.687995669984165,observation_time_proxy,historical data_available_time is unknown; observation_time is a pseudo-operational proxy
2013-03-05T00:00:00+00:00,2013-03-04,windermere,south,water_temperature,2.0,month_3,2013-05-04,2013-06-02,12.503146507998084,degC,expanding_prior_year_window_climatology,1.0,True,5,5,2008|2009|2010|2011|2012,db74a555962de268f745d7817900f10beb998416c2cae1952d876cfc48b3ab00,0.8870199953867896,observation_time_proxy,historical data_available_time is unknown; observation_time is a pseudo-operational proxy
2013-03-12T00:00:00+00:00,2013-03-11,windermere,south,water_temperature,2.0,month_1,2013-03-12,2013-04-10,6.173223151666667,degC,expanding_prior_year_window_climatology,1.0,True,5,5,2008|2009|2010|2011|2012,71043aca6be4e1a87caf80892dc2cad736264c2a8c35d1cc69e43454f5b6ba7c,1.0092498200756654,observation_time_proxy,historical data_available_time is unknown; observation_time is a pseudo-operational proxy
2013-03-12T00:00:00+00:00,2013-03-11,windermere,south,water_temperature,2.0,month_2,2013-04-11,2013-05-10,9.64126657361111,degC,expanding_prior_year_window_climatology,1.0,True,5,4,2008|2009|2011|2012,04d1afc9fe8d3f6874c72d3add7014025fc0890e3896faf483c9749525b08aaa,1.893742929054558,observation_time_proxy,historical data_available_time is unknown; observation_time is a pseudo-operational proxy
2013-03-12T00:00:00+00:00,2013-03-11,windermere,south,water_temperature,2.0,month_3,2013-05-11,2013-06-09,13.64054159032567,degC,expanding_prior_year_window_climatology,1.0,True,5,5,2008|2009|2010|2011|2012,2874d86105aba2d578c6e6a6182929e3b72b2965d9b1425eacfee14c65c54266,0.7722431326802476,observation_time_proxy,historical data_available_time is unknown; observation_time is a pseudo-operational proxy
2013-03-19T00:00:00+00:00,2013-03-18,windermere,south,water_temperature,2.0,month_1,2013-03-19,2013-04-17,6.871568820277778,degC,expanding_prior_year_window_climatology,1.0,True,5,5,2008|2009|2010|2011|2012,7e5bffec629ac11ac19f82a9273b1ef3847972b8e5cd862fa9450bdd94ade561,0.9717088920416379,observation_time_proxy,historical data_available_time is unknown; observation_time is a pseudo-operational proxy
2013-03-19T00:00:00+00:00,2013-03-18,windermere,south,water_temperature,2.0,month_2,2013-04-18,2013-05-17,10.505833969444444,degC,expanding_prior_year_window_climatology,1.0,True,5,4,2008|2009|2011|2012,0cb7af784e00c6dafed1be67ec51ab6b0cfacbc47f7500973f2cc296e6dcc7a2,1.7710401252708805,observation_time_proxy,historical data_available_time is unknown; observation_time is a pseudo-operational proxy
2013-03-19T00:00:00+00:00,2013-03-18,windermere,south,water_temperature,2.0,month_3,2013-05-18,2013-06-16,14.633289897126437,degC,expanding_prior_year_window_climatology,1.0,True,5,5,2008|2009|2010|2011|2012,4f755d321023f4a5d64daf0e39675ecf2b676abf7deec7d380acea96da112e65,0.7572108478512678,observation_time_proxy,historical data_available_time is unknown; observation_time is a pseudo-operational proxy
2013-03-26T00:00:00+00:00,2013-03-25,windermere,south,water_temperature,2.0,month_1,2013-03-26,2013-04-24,7.8241747975694445,degC,expanding_prior_year_window_climatology,1.0,True,5,4,2008|2009|2011|2012,7323c7909737efaea908493b525264131b004c57ac216270710cca945ab7c95b,1.2051520402240907,observation_time_proxy,historical data_available_time is unknown; observation_time is a pseudo-operational proxy
2013-03-26T00:00:00+00:00,2013-03-25,windermere,south,water_temperature,2.0,month_2,2013-04-25,2013-05-24,11.252018631597222,degC,expanding_prior_year_window_climatology,1.0,True,5,4,2008|2009|2011|2012,afc4527b852ac899ee9d8c13440ce83afdfc5224563932432a665e1fd6715d1e,1.5417599516642406,observation_time_proxy,historical data_available_time is unknown; observation_time is a pseudo-operational proxy
2013-03-26T00:00:00+00:00,2013-03-25,windermere,south,water_temperature,2.0,month_3,2013-05-25,2013-06-23,15.385153496264369,degC,expanding_prior_year_window_climatology,1.0,True,5,5,2008|2009|2010|2011|2012,aa852ebdbd78fda626f411ba77b9832e995790c4de4e10fd7c38438c7a6399e4,0.7533064565854511,observation_time_proxy,historical data_available_time is unknown; observation_time is a pseudo-operational proxy
2013-04-02T00:00:00+00:00,2013-04-01,windermere,south,water_temperature,2.0,month_1,2013-04-02,2013-05-01,8.511728094097222,degC,expanding_prior_year_window_climatology,1.0,True,5,4,2008|2009|2011|2012,808fb72c56e031d6ef6affb3464d7b0ab8ce777c4245cbd0c2905bc81fce26e4,1.5409338831856139,observation_time_proxy,historical data_available_time is unknown; observation_time is a pseudo-operational proxy
2013-04-02T00:00:00+00:00,2013-04-01,windermere,south,water_temperature,2.0,month_2,2013-05-02,2013-05-31,12.210491758055555,degC,expanding_prior_year_window_climatology,1.0,True,5,5,2008|2009|2010|2011|2012,b6814e6963f27103030cd9d78f17a2d8e1899ee0b7a9abddcf90fe782382cbbf,0.95933825836199,observation_time_proxy,historical data_available_time is unknown; observation_time is a pseudo-operational proxy
2013-04-02T00:00:00+00:00,2013-04-01,windermere,south,water_temperature,2.0,month_3,2013-06-01,2013-06-30,15.919232653639847,degC,expanding_prior_year_window_climatology,1.0,True,5,5,2008|2009|2010|2011|2012,ed8b0443a4031b866b5a10b8acf361734d64049960d7db6ff89d002774d8ce72,0.9050546616181292,observation_time_proxy,historical data_available_time is unknown; observation_time is a pseudo-operational proxy
2013-04-09T00:00:00+00:00,2013-04-08,windermere,south,water_temperature,2.0,month_1,2013-04-09,2013-05-08,9.3780105125,degC,expanding_prior_year_window_climatology,1.0,True,5,4,2008|2009|2011|2012,1ef694446c90d8b1dbff3adb4b51dc3141bc160390c9bf3a9081e8ddd349fa0f,1.9102333861352379,observation_time_proxy,historical data_available_time is unknown; observation_time is a pseudo-operational proxy
2013-04-09T00:00:00+00:00,2013-04-08,windermere,south,water_temperature,2.0,month_2,2013-05-09,2013-06-07,13.33826603065134,degC,expanding_prior_year_window_climatology,1.0,True,5,5,2008|2009|2010|2011|2012,b8e42da61c7ae743b99209706ac97474d9f7782355417f454cd11bb91c2bbbc7,0.7652195745757631,observation_time_proxy,historical data_available_time is unknown; observation_time is a pseudo-operational proxy
2013-04-09T00:00:00+00:00,2013-04-08,windermere,south,water_temperature,2.0,month_3,2013-06-08,2013-07-07,16.397234783091786,degC,expanding_prior_year_window_climatology,1.0,True,5,5,2008|2009|2010|2011|2012,e14f56811761c83aca398077a04b55078aeed1b3ffa228af82db797394b87693,1.3182399891878605,observation_time_proxy,historical data_available_time is unknown; observation_time is a pseudo-operational proxy
2013-04-16T00:00:00+00:00,2013-04-15,windermere,south,water_temperature,2.0,month_1,2013-04-16,2013-05-15,10.263160491666667,degC,expanding_prior_year_window_climatology,1.0,True,5,4,2008|2009|2011|2012,ff57038e648e022eef33e05d0eb8590e61464569a8d7e6bf3f966b81d82f8df3,1.811736985529188,observation_time_proxy,historical data_available_time is unknown; observation_time is a pseudo-operational proxy
2013-04-16T00:00:00+00:00,2013-04-15,windermere,south,water_temperature,2.0,month_2,2013-05-16,2013-06-14,14.34951263151341,degC,expanding_prior_year_window_climatology,1.0,True,5,5,2008|2009|2010|2011|2012,c650dbd90305ce7c03b9b9300a782ded842c5d621d1e478a367f4c749bc0c2d2,0.7700563629383301,observation_time_proxy,historical data_available_time is unknown; observation_time is a pseudo-operational proxy
2013-04-16T00:00:00+00:00,2013-04-15,windermere,south,water_temperature,2.0,month_3,2013-06-15,2013-07-14,16.851251342940273,degC,expanding_prior_year_window_climatology,1.0,True,5,5,2008|2009|2010|2011|2012,373314c5ea164da399b1aee6371544892d53bcc8f4ad4a3aa0e1853572bacf1a,1.6630695439050767,observation_time_proxy,historical data_available_time is unknown; observation_time is a pseudo-operational proxy
2013-04-23T00:00:00+00:00,2013-04-22,windermere,south,water_temperature,2.0,month_1,2013-04-23,2013-05-22,11.026892802083333,degC,expanding_prior_year_window_climatology,1.0,True,5,4,2008|2009|2011|2012,480610c12a2f3aaa71eb6feeba782bc1bd66bceb10e6bc43f56e41505c6fa551,1.6558713196421375,observation_time_proxy,historical data_available_time is unknown; observation_time is a pseudo-operational proxy
2013-04-23T00:00:00+00:00,2013-04-22,windermere,south,water_temperature,2.0,month_2,2013-05-23,2013-06-21,15.237244574521073,degC,expanding_prior_year_window_climatology,1.0,True,5,5,2008|2009|2010|2011|2012,1f2ca2428fca0044790d9bd54e610cac59576af53e2023cd95f5e14b88a14da0,0.8090424162039207,observation_time_proxy,historical data_available_time is unknown; observation_time is a pseudo-operational proxy
2013-04-23T00:00:00+00:00,2013-04-22,windermere,south,water_temperature,2.0,month_3,2013-06-22,2013-07-21,17.152620279051384,degC,expanding_prior_year_window_climatology,1.0,True,5,5,2008|2009|2010|2011|2012,f2c17752e8ff025398db4f412292d3a5f102c7d661faa8922fb2c70a99099080,1.76696463506091,observation_time_proxy,historical data_available_time is unknown; observation_time is a pseudo-operational proxy
2013-04-30T00:00:00+00:00,2013-04-29,windermere,south,water_temperature,2.0,month_1,2013-04-30,2013-05-29,11.918407915852491,degC,expanding_prior_year_window_climatology,1.0,True,5,5,2008|2009|2010|2011|2012,48c1e2170778fa8daba6eb3d649733a438dd92644ecd1d090fe3b0b1d6a8e4c5,1.050753852417466,observation_time_proxy,historical data_available_time is unknown; observation_time is a pseudo-operational proxy
2013-04-30T00:00:00+00:00,2013-04-29,windermere,south,water_temperature,2.0,month_2,2013-05-30,2013-06-28,15.755617001532567,degC,expanding_prior_year_window_climatology,1.0,True,5,5,2008|2009|2010|2011|2012,f9984a95bb23aef4efcf6d0e7e6b9c0f495e1e7cec9a5a41da00620412922829,0.7515052530941594,observation_time_proxy,historical data_available_time is unknown; observation_time is a pseudo-operational proxy
2013-04-30T00:00:00+00:00,2013-04-29,windermere,south,water_temperature,2.0,month_3,2013-06-29,2013-07-28,17.45394140960694,degC,expanding_prior_year_window_climatology,1.0,True,5,5,2008|2009|2010|2011|2012,1319a9b1c6e039f4e25ae21f2275b4a489ceaafaed919ef79c6bd3a42984928d,1.4529530568368874,observation_time_proxy,historical data_available_time is unknown; observation_time is a pseudo-operational proxy
2013-05-07T00:00:00+00:00,2013-05-06,windermere,south,water_temperature,2.0,month_1,2013-05-07,2013-06-05,13.019931378065134,degC,expanding_prior_year_window_climatology,1.0,True,5,5,2008|2009|2010|2011|2012,ca3eebb35971b7c388c76667344c91db84cd0e6eb8adcb572951f658f4bd633d,0.7839518713210751,observation_time_proxy,historical data_available_time is unknown; observation_time is a pseudo-operational proxy
2013-05-07T00:00:00+00:00,2013-05-06,windermere,south,water_temperature,2.0,month_2,2013-06-06,2013-07-05,16.267407622222223,degC,expanding_prior_year_window_climatology,1.0,True,5,5,2008|2009|2010|2011|2012,0e3fc8d6e552de17f8c7593a4f3c002e92a7894f3de8dc2bcfd3b5944e70b01f,1.231225604812198,observation_time_proxy,historical data_available_time is unknown; observation_time is a pseudo-operational proxy
2013-05-07T00:00:00+00:00,2013-05-06,windermere,south,water_temperature,2.0,month_3,2013-07-06,2013-08-04,17.548137326273604,degC,expanding_prior_year_window_climatology,1.0,True,5,5,2008|2009|2010|2011|2012,8e6e0c414adeafa5a4d5c78c318e8d8e587d71af20ba0afdbaae407ae0c46b21,1.0146252802297342,observation_time_proxy,historical data_available_time is unknown; observation_time is a pseudo-operational proxy
2013-05-14T00:00:00+00:00,2013-05-13,windermere,south,water_temperature,2.0,month_1,2013-05-14,2013-06-12,14.068414672222222,degC,expanding_prior_year_window_climatology,1.0,True,5,5,2008|2009|2010|2011|2012,1803429c94b9c6f7098075dcf590dc97ce7cc79b32423f7c2e4bd4d34bb087dc,0.7695619098049845,observation_time_proxy,historical data_available_time is unknown; observation_time is a pseudo-operational proxy
2013-05-14T00:00:00+00:00,2013-05-13,windermere,south,water_temperature,2.0,month_2,2013-06-13,2013-07-12,16.72716464849583,degC,expanding_prior_year_window_climatology,1.0,True,5,5,2008|2009|2010|2011|2012,7badd5f458eb8f870f4f4e6eede933595da0bcb09c20fe52ee644a53efb6be67,1.5728841296810498,observation_time_proxy,historical data_available_time is unknown; observation_time is a pseudo-operational proxy
2013-05-14T00:00:00+00:00,2013-05-13,windermere,south,water_temperature,2.0,month_3,2013-07-13,2013-08-11,17.623413596428573,degC,expanding_prior_year_window_climatology,1.0,True,5,5,2008|2009|2010|2011|2012,a93ba2faae177a84521b444694dd22ac4f5bae2fc81d8edf98144a2cff0eb07c,0.8586679611648617,observation_time_proxy,historical data_available_time is unknown; observation_time is a pseudo-operational proxy
2013-05-21T00:00:00+00:00,2013-05-20,windermere,south,water_temperature,2.0,month_1,2013-05-21,2013-06-19,15.013713834674329,degC,expanding_prior_year_window_climatology,1.0,True,5,5,2008|2009|2010|2011|2012,234669c3c4ab9a51c352992bf9f6d1b50bc38c2e8fd7bae841493251c95038c5,0.7949476110671163,observation_time_proxy,historical data_available_time is unknown; observation_time is a pseudo-operational proxy
2013-05-21T00:00:00+00:00,2013-05-20,windermere,south,water_temperature,2.0,month_2,2013-06-20,2013-07-19,17.075157326273604,degC,expanding_prior_year_window_climatology,1.0,True,5,5,2008|2009|2010|2011|2012,5c3c658cc93870c2728b105050ae279a5d44eef6a3652871fde958559aea9a19,1.7535926596606937,observation_time_proxy,historical data_available_time is unknown; observation_time is a pseudo-operational proxy
2013-05-21T00:00:00+00:00,2013-05-20,windermere,south,water_temperature,2.0,month_3,2013-07-20,2013-08-18,17.69975509920635,degC,expanding_prior_year_window_climatology,1.0,True,5,5,2008|2009|2010|2011|2012,643b651c3f6d84030419f3d6dafe415e505d49a91ae88ebc2a9734d6de08c504,0.6952547477161847,observation_time_proxy,historical data_available_time is unknown; observation_time is a pseudo-operational proxy
2013-05-28T00:00:00+00:00,2013-05-27,windermere,south,water_temperature,2.0,month_1,2013-05-28,2013-06-26,15.58293377729885,degC,expanding_prior_year_window_climatology,1.0,True,5,5,2008|2009|2010|2011|2012,015cd30ec83e8b5482a0056a4f84474eb2fcc657593b260795c46183515e85d4,0.679231364568613,observation_time_proxy,historical data_available_time is unknown; observation_time is a pseudo-operational proxy
2013-05-28T00:00:00+00:00,2013-05-27,windermere,south,water_temperature,2.0,month_2,2013-06-27,2013-07-26,17.369701348495827,degC,expanding_prior_year_window_climatology,1.0,True,5,5,2008|2009|2010|2011|2012,e4e04cee6d0568018b45962af9e472c4e083d6d6d7dc9c78a33f26d826b77521,1.5936033483382592,observation_time_proxy,historical data_available_time is unknown; observation_time is a pseudo-operational proxy
2013-05-28T00:00:00+00:00,2013-05-27,windermere,south,water_temperature,2.0,month_3,2013-07-27,2013-08-25,17.71349923809524,degC,expanding_prior_year_window_climatology,1.0,True,5,5,2008|2009|2010|2011|2012,3e75d89e99a49810299910b5ac30da07a3c4c5af9bdf1174a6419fe93b1d465f,0.6020914768975788,observation_time_proxy,historical data_available_time is unknown; observation_time is a pseudo-operational proxy
2013-06-04T00:00:00+00:00,2013-06-03,windermere,south,water_temperature,2.0,month_1,2013-06-04,2013-07-03,16.15383811111111,degC,expanding_prior_year_window_climatology,1.0,True,5,5,2008|2009|2010|2011|2012,7e7a50c575d0589d5cde6180f8eb14e0c9794f728ff14ff01e872cac5ef7d6ee,1.1336176234184154,observation_time_proxy,historical data_available_time is unknown; observation_time is a pseudo-operational proxy
2013-06-04T00:00:00+00:00,2013-06-03,windermere,south,water_temperature,2.0,month_2,2013-07-04,2013-08-02,17.531071754051382,degC,expanding_prior_year_window_climatology,1.0,True,5,5,2008|2009|2010|2011|2012,0aa603fffc0d924d23c04ad50a8040ec14d7aa780e80f9be8c19685d2bbcc016,1.1058172046594248,observation_time_proxy,historical data_available_time is unknown; observation_time is a pseudo-operational proxy
2013-06-04T00:00:00+00:00,2013-06-03,windermere,south,water_temperature,2.0,month_3,2013-08-03,2013-09-01,17.46967384642857,degC,expanding_prior_year_window_climatology,1.0,True,5,5,2008|2009|2010|2011|2012,a778c1082675e4717a1193b47e7f3097c0162106590012a0e5f504b6b793f2ad,0.5176584722043629,observation_time_proxy,historical data_available_time is unknown; observation_time is a pseudo-operational proxy
2013-06-11T00:00:00+00:00,2013-06-10,windermere,south,water_temperature,2.0,month_1,2013-06-11,2013-07-10,16.59873903309179,degC,expanding_prior_year_window_climatology,1.0,True,5,5,2008|2009|2010|2011|2012,0a97012cd597c9c8da477b40e370817f44d9759ac25f8c4472d675691d797d6c,1.4710293983496294,observation_time_proxy,historical data_available_time is unknown; observation_time is a pseudo-operational proxy
2013-06-11T00:00:00+00:00,2013-06-10,windermere,south,water_temperature,2.0,month_2,2013-07-11,2013-08-09,17.60898008961039,degC,expanding_prior_year_window_climatology,1.0,True,5,5,2008|2009|2010|2011|2012,23632d2e7c617923f6c98aebff927aa3838343553b00ed4d6b9a1b566d3b4ea7,0.9111381340243025,observation_time_proxy,historical data_available_time is unknown; observation_time is a pseudo-operational proxy
2013-06-11T00:00:00+00:00,2013-06-10,windermere,south,water_temperature,2.0,month_3,2013-08-10,2013-09-08,17.089640252777777,degC,expanding_prior_year_window_climatology,1.0,True,5,5,2008|2009|2010|2011|2012,0ddacdb9d6e29e2b25a6a3bc88491b9d0279fea6b69d8daf2aa768fc4ffaa3e5,0.6333588900962882,observation_time_proxy,historical data_available_time is unknown; observation_time is a pseudo-operational proxy
2013-06-18T00:00:00+00:00,2013-06-17,windermere,south,water_temperature,2.0,month_1,2013-06-18,2013-07-17,16.992078565162494,degC,expanding_prior_year_window_climatology,1.0,True,5,5,2008|2009|2010|2011|2012,ebd3941a8f048eedf5003b87afd92576d5dedf35f626437d608162e32b6e7be8,1.736870318178032,observation_time_proxy,historical data_available_time is unknown; observation_time is a pseudo-operational proxy
2013-06-18T00:00:00+00:00,2013-06-17,windermere,south,water_temperature,2.0,month_2,2013-07-18,2013-08-16,17.666322696428573,degC,expanding_prior_year_window_climatology,1.0,True,5,5,2008|2009|2010|2011|2012,a32cb503a913add06506343294fbf05b8d9fa1a8295429102f5402b84b314f52,0.7269067296797177,observation_time_proxy,historical data_available_time is unknown; observation_time is a pseudo-operational proxy
2013-06-18T00:00:00+00:00,2013-06-17,windermere,south,water_temperature,2.0,month_3,2013-08-17,2013-09-15,16.63881058333333,degC,expanding_prior_year_window_climatology,1.0,True,5,5,2008|2009|2010|2011|2012,23c32520ca959c08c6adc0898ec74c0ba346b37bae995991399acc6da1a238fa,0.6982877392942161,observation_time_proxy,historical data_available_time is unknown; observation_time is a pseudo-operational proxy
2013-06-25T00:00:00+00:00,2013-06-24,windermere,south,water_temperature,2.0,month_1,2013-06-25,2013-07-24,17.274113676273608,degC,expanding_prior_year_window_climatology,1.0,True,5,5,2008|2009|2010|2011|2012,ef310b57483e1dc4d3849ad1f2a0f9ef0d4351989b2ae1649851bfeff6aa7121,1.696062812976922,observation_time_proxy,historical data_available_time is unknown; observation_time is a pseudo-operational proxy
2013-06-25T00:00:00+00:00,2013-06-24,windermere,south,water_temperature,2.0,month_2,2013-07-25,2013-08-23,17.741682368650793,degC,expanding_prior_year_window_climatology,1.0,True,5,5,2008|2009|2010|2011|2012,016eab7c7397c64f9e9fb01331f828cfd4857e6cdd20b8f0f118dafb3714ad4b,0.6319212177805289,observation_time_proxy,historical data_available_time is unknown; observation_time is a pseudo-operational proxy
2013-06-25T00:00:00+00:00,2013-06-24,windermere,south,water_temperature,2.0,month_3,2013-08-24,2013-09-22,16.109141019444444,degC,expanding_prior_year_window_climatology,1.0,True,5,5,2008|2009|2010|2011|2012,f14c37da2f8f4b3f65aceb51e9f47f21e2ee7c4fd0c1532ba9bc8a6493ace2fd,0.6679165193613319,observation_time_proxy,historical data_available_time is unknown; observation_time is a pseudo-operational proxy
2013-07-02T00:00:00+00:00,2013-07-01,windermere,south,water_temperature,2.0,month_1,2013-07-02,2013-07-31,17.52549657349583,degC,expanding_prior_year_window_climatology,1.0,True,5,5,2008|2009|2010|2011|2012,04e0618885df700b876241f07963203b6972b59df1516d4b414d417a867145c5,1.228911063304879,observation_time_proxy,historical data_available_time is unknown; observation_time is a pseudo-operational proxy
2013-07-02T00:00:00+00:00,2013-07-01,windermere,south,water_temperature,2.0,month_2,2013-08-01,2013-08-30,17.539287243650794,degC,expanding_prior_year_window_climatology,1.0,True,5,5,2008|2009|2010|2011|2012,48c1b63fad4650ad27d6fc528d127847663362760d41fda669a47e618699f0ac,0.5382687966376388,observation_time_proxy,historical data_available_time is unknown; observation_time is a pseudo-operational proxy
2013-07-02T00:00:00+00:00,2013-07-01,windermere,south,water_temperature,2.0,month_3,2013-08-31,2013-09-29,15.530631922222222,degC,expanding_prior_year_window_climatology,1.0,True,5,5,2008|2009|2010|2011|2012,30798313314fa65779c8328623f1b288494d35ed246e6a61fb8a8166b98c3bea,0.6092625380524817,observation_time_proxy,historical data_available_time is unknown; observation_time is a pseudo-operational proxy
2013-07-09T00:00:00+00:00,2013-07-08,windermere,south,water_temperature,2.0,month_1,2013-07-09,2013-08-07,17.589692472943725,degC,expanding_prior_year_window_climatology,1.0,True,5,5,2008|2009|2010|2011|2012,ecab13f22272f07d23962225e1315e9b8a993b4aaed545202f2a5d80b044564c,0.9399248311813416,observation_time_proxy,historical data_available_time is unknown; observation_time is a pseudo-operational proxy
2013-07-09T00:00:00+00:00,2013-07-08,windermere,south,water_temperature,2.0,month_2,2013-08-08,2013-09-06,17.221225769444445,degC,expanding_prior_year_window_climatology,1.0,True,5,5,2008|2009|2010|2011|2012,ef56c07202108925143f66e2be035d80045732b1b401239b8a03815bdaa12b76,0.5808260394044527,observation_time_proxy,historical data_available_time is unknown; observation_time is a pseudo-operational proxy
2013-07-09T00:00:00+00:00,2013-07-08,windermere,south,water_temperature,2.0,month_3,2013-09-07,2013-10-06,14.938764716666666,degC,expanding_prior_year_window_climatology,1.0,True,5,5,2008|2009|2010|2011|2012,14397f145fa742024778cf57f813147cc0e36bc17c5445071b71521a8c02eab2,0.4846652887965095,observation_time_proxy,historical data_available_time is unknown; observation_time is a pseudo-operational proxy
2013-07-16T00:00:00+00:00,2013-07-15,windermere,south,water_temperature,2.0,month_1,2013-07-16,2013-08-14,17.63892603531746,degC,expanding_prior_year_window_climatology,1.0,True,5,5,2008|2009|2010|2011|2012,e8dff0af7d5361213e1598744dfbe1abe7b481fce95f849c33331f2d75f5f902,0.7678979319993189,observation_time_proxy,historical data_available_time is unknown; observation_time is a pseudo-operational proxy
2013-07-16T00:00:00+00:00,2013-07-15,windermere,south,water_temperature,2.0,month_2,2013-08-15,2013-09-13,16.774960147222224,degC,expanding_prior_year_window_climatology,1.0,True,5,5,2008|2009|2010|2011|2012,0184c2d084ceb3ae6c8c3ea89e7c6d4e00ffaf96987baf5e66e63a662ab2302a,0.7049201703166526,observation_time_proxy,historical data_available_time is unknown; observation_time is a pseudo-operational proxy
2013-07-16T00:00:00+00:00,2013-07-15,windermere,south,water_temperature,2.0,month_3,2013-09-14,2013-10-13,14.320588158333333,degC,expanding_prior_year_window_climatology,1.0,True,5,5,2008|2009|2010|2011|2012,cdb9f023a1e13d523e42d1c643fc26eaad8b5e2c326f68b6a54a65ee6aee62e5,0.4843773526975909,observation_time_proxy,historical data_available_time is unknown; observation_time is a pseudo-operational proxy
2013-07-23T00:00:00+00:00,2013-07-22,windermere,south,water_temperature,2.0,month_1,2013-07-23,2013-08-21,17.727393932539684,degC,expanding_prior_year_window_climatology,1.0,True,5,5,2008|2009|2010|2011|2012,96cbb6313d62a1c24f5d336c85d14af117d1104018547defc1739b4b0632b601,0.6554521037489542,observation_time_proxy,historical data_available_time is unknown; observation_time is a pseudo-operational proxy
2013-07-23T00:00:00+00:00,2013-07-22,windermere,south,water_temperature,2.0,month_2,2013-08-22,2013-09-20,16.271562763888888,degC,expanding_prior_year_window_climatology,1.0,True,5,5,2008|2009|2010|2011|2012,118d5b2e0bbf78d263078afb6711d16b138a9234ed3ea9859ed5242aa2aa22f8,0.6763268542697027,observation_time_proxy,historical data_available_time is unknown; observation_time is a pseudo-operational proxy
2013-07-23T00:00:00+00:00,2013-07-22,windermere,south,water_temperature,2.0,month_3,2013-09-21,2013-10-20,13.720935197222222,degC,expanding_prior_year_window_climatology,1.0,True,5,5,2008|2009|2010|2011|2012,e047be02c4021580dc3912179db0be853a2c2bb21072b8eec4cf0be71577eceb,0.614552012225807,observation_time_proxy,historical data_available_time is unknown; observation_time is a pseudo-operational proxy
2013-07-30T00:00:00+00:00,2013-07-29,windermere,south,water_temperature,2.0,month_1,2013-07-30,2013-08-28,17.616551604761906,degC,expanding_prior_year_window_climatology,1.0,True,5,5,2008|2009|2010|2011|2012,e6f8d564501f620e86c9f3c9c8083dc1fc072fe5fd80435dfad49b6878690d50,0.5602248846594693,observation_time_proxy,historical data_available_time is unknown; observation_time is a pseudo-operational proxy
2013-07-30T00:00:00+00:00,2013-07-29,windermere,south,water_temperature,2.0,month_2,2013-08-29,2013-09-27,15.687635705555556,degC,expanding_prior_year_window_climatology,1.0,True,5,5,2008|2009|2010|2011|2012,c72b598cc65f0b5e05598f871beccc70153af517e9c933f30d27cdb37b181694,0.6279569705434437,observation_time_proxy,historical data_available_time is unknown; observation_time is a pseudo-operational proxy
2013-07-30T00:00:00+00:00,2013-07-29,windermere,south,water_temperature,2.0,month_3,2013-09-28,2013-10-27,13.074418522222222,degC,expanding_prior_year_window_climatology,1.0,True,5,5,2008|2009|2010|2011|2012,b53a1f63174898b499ad593a8d6e385ac16e8d5eecd825c3687b251f6cee3c6e,0.7184303736420016,observation_time_proxy,historical data_available_time is unknown; observation_time is a pseudo-operational proxy
2013-08-06T00:00:00+00:00,2013-08-05,windermere,south,water_temperature,2.0,month_1,2013-08-06,2013-09-04,17.336774090873014,degC,expanding_prior_year_window_climatology,1.0,True,5,5,2008|2009|2010|2011|2012,5c761ad772a60ac00fd8be3860f601fe9fdd02703b74d6e3bcb5ca9e3e264f1f,0.5272712412141123,observation_time_proxy,historical data_available_time is unknown; observation_time is a pseudo-operational proxy
2013-08-06T00:00:00+00:00,2013-08-05,windermere,south,water_temperature,2.0,month_2,2013-09-05,2013-10-04,15.114501594444445,degC,expanding_prior_year_window_climatology,1.0,True,5,5,2008|2009|2010|2011|2012,7d23ed33a4c9e7dc069afc768f91c2c79db1ae6194c0c8991782490242afe8d0,0.5201510107441905,observation_time_proxy,historical data_available_time is unknown; observation_time is a pseudo-operational proxy
2013-08-06T00:00:00+00:00,2013-08-05,windermere,south,water_temperature,2.0,month_3,2013-10-05,2013-11-03,12.36066715120773,degC,expanding_prior_year_window_climatology,1.0,True,5,5,2008|2009|2010|2011|2012,cc12df5dd76b8ae0d278276a74c62c1c8039e304a52a054189db3edbdb39dda3,0.8119681210334828,observation_time_proxy,historical data_available_time is unknown; observation_time is a pseudo-operational proxy
2013-08-13T00:00:00+00:00,2013-08-12,windermere,south,water_temperature,2.0,month_1,2013-08-13,2013-09-11,16.900861213888888,degC,expanding_prior_year_window_climatology,1.0,True,5,5,2008|2009|2010|2011|2012,98d246f9ca8f9f5c74e2e6e396daa91337ebf1bbab82d2a13bb78ee47abf84db,0.6850728338141312,observation_time_proxy,historical data_available_time is unknown; observation_time is a pseudo-operational proxy
2013-08-13T00:00:00+00:00,2013-08-12,windermere,south,water_temperature,2.0,month_2,2013-09-12,2013-10-11,14.499357166666666,degC,expanding_prior_year_window_climatology,1.0,True,5,5,2008|2009|2010|2011|2012,e7617dd8db2b8a96b83f9939123582d576fb986930bfd5ee6e5e58bd5e36a353,0.46449771265490214,observation_time_proxy,historical data_available_time is unknown; observation_time is a pseudo-operational proxy
2013-08-13T00:00:00+00:00,2013-08-12,windermere,south,water_temperature,2.0,month_3,2013-10-12,2013-11-10,11.660733185652173,degC,expanding_prior_year_window_climatology,1.0,True,5,5,2008|2009|2010|2011|2012,1ad1fae2769d1f474b82ecce8c6ff96ebe8b08ca85aa2fab178f047fcadfc67a,0.880772016032865,observation_time_proxy,historical data_available_time is unknown; observation_time is a pseudo-operational proxy
2013-08-20T00:00:00+00:00,2013-08-19,windermere,south,water_temperature,2.0,month_1,2013-08-20,2013-09-18,16.421140758333333,degC,expanding_prior_year_window_climatology,1.0,True,5,5,2008|2009|2010|2011|2012,2f09ff1b9db3cd7ef05fd10021fa0efbad06f7286bacc5e55980031deba1634a,0.6857539188062628,observation_time_proxy,historical data_available_time is unknown; observation_time is a pseudo-operational proxy
2013-08-20T00:00:00+00:00,2013-08-19,windermere,south,water_temperature,2.0,month_2,2013-09-19,2013-10-18,13.897939011111111,degC,expanding_prior_year_window_climatology,1.0,True,5,5,2008|2009|2010|2011|2012,c6d056c13cad72f86b65c306d1d4abc98b452466fdab26bace24ac14caa88680,0.5802606494186924,observation_time_proxy,historical data_available_time is unknown; observation_time is a pseudo-operational proxy
2013-08-20T00:00:00+00:00,2013-08-19,windermere,south,water_temperature,2.0,month_3,2013-10-19,2013-11-17,10.922950067041063,degC,expanding_prior_year_window_climatology,1.0,True,5,5,2008|2009|2010|2011|2012,c1cf6094ea5d52678d82ce5a8c2260e562a89413c1444a994c9ecd45ad9eeaaf,0.9218054988153008,observation_time_proxy,historical data_available_time is unknown; observation_time is a pseudo-operational proxy
2013-08-27T00:00:00+00:00,2013-08-26,windermere,south,water_temperature,2.0,month_1,2013-08-27,2013-09-25,15.856400877777778,degC,expanding_prior_year_window_climatology,1.0,True,5,5,2008|2009|2010|2011|2012,6364be74216360e884597e39ef7553a231fe6e8a1abfaf7460ee474619ce0e9f,0.6538656175999239,observation_time_proxy,historical data_available_time is unknown; observation_time is a pseudo-operational proxy
2013-08-27T00:00:00+00:00,2013-08-26,windermere,south,water_temperature,2.0,month_2,2013-09-26,2013-10-25,13.262380411111112,degC,expanding_prior_year_window_climatology,1.0,True,5,5,2008|2009|2010|2011|2012,35543c8a9bd703c4285fdc64fe882b48d209d24cd81e7fa67eecb5a64e58bc65,0.6860400585426201,observation_time_proxy,historical data_available_time is unknown; observation_time is a pseudo-operational proxy
2013-08-27T00:00:00+00:00,2013-08-26,windermere,south,water_temperature,2.0,month_3,2013-10-26,2013-11-24,10.261617776763284,degC,expanding_prior_year_window_climatology,1.0,True,5,5,2008|2009|2010|2011|2012,e85813c7f2b4df54cdce12df2f178481a746036c35609c5f6a8d9b32cb92d9da,0.9662130928797424,observation_time_proxy,historical data_available_time is unknown; observation_time is a pseudo-operational proxy
2013-09-03T00:00:00+00:00,2013-09-02,windermere,south,water_temperature,2.0,month_1,2013-09-03,2013-10-02,15.297132858333333,degC,expanding_prior_year_window_climatology,1.0,True,5,5,2008|2009|2010|2011|2012,876042d6a6173161981e8e2bcb67e48021ed62d028b22494963bf0b7ac31b6ef,0.5677139173559375,observation_time_proxy,historical data_available_time is unknown; observation_time is a pseudo-operational proxy
2013-09-03T00:00:00+00:00,2013-09-02,windermere,south,water_temperature,2.0,month_2,2013-10-03,2013-11-01,12.558812792874397,degC,expanding_prior_year_window_climatology,1.0,True,5,5,2008|2009|2010|2011|2012,eecae42bab293005cca76a77b78110524911093b7fb24bcdd8993b84fbc6a6b4,0.780229205704675,observation_time_proxy,historical data_available_time is unknown; observation_time is a pseudo-operational proxy
2013-09-03T00:00:00+00:00,2013-09-02,windermere,south,water_temperature,2.0,month_3,2013-11-02,2013-12-01,9.621438695,degC,expanding_prior_year_window_climatology,1.0,True,5,5,2008|2009|2010|2011|2012,77e68605d0f7fec92b0932c4be918ce490d300d434971c62e93f00537e4e310f,0.9875722436435731,observation_time_proxy,historical data_available_time is unknown; observation_time is a pseudo-operational proxy
2013-09-10T00:00:00+00:00,2013-09-09,windermere,south,water_temperature,2.0,month_1,2013-09-10,2013-10-09,14.679139822222222,degC,expanding_prior_year_window_climatology,1.0,True,5,5,2008|2009|2010|2011|2012,677b90a260db7aa9c54ca5ad4550db0a53156bd44f955af2cb47b7e772d9f7e5,0.4586197873619531,observation_time_proxy,historical data_available_time is unknown; observation_time is a pseudo-operational proxy
2013-09-10T00:00:00+00:00,2013-09-09,windermere,south,water_temperature,2.0,month_2,2013-10-10,2013-11-08,11.865076517596618,degC,expanding_prior_year_window_climatology,1.0,True,5,5,2008|2009|2010|2011|2012,31ae7431d0bc4b8fde659c1f58d74a5992e0be935909c96c25366135dcd31267,0.8666991944589116,observation_time_proxy,historical data_available_time is unknown; observation_time is a pseudo-operational proxy
2013-09-10T00:00:00+00:00,2013-09-09,windermere,south,water_temperature,2.0,month_3,2013-11-09,2013-12-08,8.913928588333334,degC,expanding_prior_year_window_climatology,1.0,True,5,5,2008|2009|2010|2011|2012,a4b085fc24ecc8c447049d7b245f4e004c4ac4be7cdd6c281004fa45c3decbfa,1.007402799294819,observation_time_proxy,historical data_available_time is unknown; observation_time is a pseudo-operational proxy
2013-09-17T00:00:00+00:00,2013-09-16,windermere,south,water_temperature,2.0,month_1,2013-09-17,2013-10-16,14.06668475,degC,expanding_prior_year_window_climatology,1.0,True,5,5,2008|2009|2010|2011|2012,7b3c811d112aa0a262680d5d4691349883fc51c77b4e92a59173dccfc8a24d97,0.5372146596223559,observation_time_proxy,historical data_available_time is unknown; observation_time is a pseudo-operational proxy
2013-09-17T00:00:00+00:00,2013-09-16,windermere,south,water_temperature,2.0,month_2,2013-10-17,2013-11-15,11.127106935652174,degC,expanding_prior_year_window_climatology,1.0,True,5,5,2008|2009|2010|2011|2012,d60592cf20768639a10fff1f1664f7341d72e18cb3055c3c2bd5b1ea3e914d0c,0.9147542516988725,observation_time_proxy,historical data_available_time is unknown; observation_time is a pseudo-operational proxy
2013-09-17T00:00:00+00:00,2013-09-16,windermere,south,water_temperature,2.0,month_3,2013-11-16,2013-12-15,8.19050921,degC,expanding_prior_year_window_climatology,1.0,True,5,5,2008|2009|2010|2011|2012,505c6fd0ad8534b80723cfe4872b28ea96491429a1b1a5e3923c20cce302b31d,1.013433656514435,observation_time_proxy,historical data_available_time is unknown; observation_time is a pseudo-operational proxy
2013-09-24T00:00:00+00:00,2013-09-23,windermere,south,water_temperature,2.0,month_1,2013-09-24,2013-10-23,13.443498430555556,degC,expanding_prior_year_window_climatology,1.0,True,5,5,2008|2009|2010|2011|2012,65133b3c574f3a84ca3be014bdbaa7a833427ba7d729fcecde90ace12cd14a27,0.6594692149603562,observation_time_proxy,historical data_available_time is unknown; observation_time is a pseudo-operational proxy
2013-09-24T00:00:00+00:00,2013-09-23,windermere,south,water_temperature,2.0,month_2,2013-10-24,2013-11-22,10.444547905374396,degC,expanding_prior_year_window_climatology,1.0,True,5,5,2008|2009|2010|2011|2012,0a16ddd660b2d6391ec61d1737a31cbbbd33765dc981dace5370a004e613b299,0.9536412331755103,observation_time_proxy,historical data_available_time is unknown; observation_time is a pseudo-operational proxy
2013-09-24T00:00:00+00:00,2013-09-23,windermere,south,water_temperature,2.0,month_3,2013-11-23,2013-12-22,7.453927649444444,degC,expanding_prior_year_window_climatology,1.0,True,5,5,2008|2009|2010|2011|2012,7bb1d2885758595669b7e80bb7c04fc8337f6b0dcefe27cfae6fa68f186f7508,1.0040545830547314,observation_time_proxy,historical data_available_time is unknown; observation_time is a pseudo-operational proxy
2013-10-01T00:00:00+00:00,2013-09-30,windermere,south,water_temperature,2.0,month_1,2013-10-01,2013-10-30,12.773413319444444,degC,expanding_prior_year_window_climatology,1.0,True,5,5,2008|2009|2010|2011|2012,72fc84bcb82b97776b76c3ab8ec08f6c9b692d6476b8ecf89303547bbf38320f,0.7605737682192205,observation_time_proxy,historical data_available_time is unknown; observation_time is a pseudo-operational proxy
2013-10-01T00:00:00+00:00,2013-09-30,windermere,south,water_temperature,2.0,month_2,2013-10-31,2013-11-29,9.808581981763284,degC,expanding_prior_year_window_climatology,1.0,True,5,5,2008|2009|2010|2011|2012,ea234008be03f088a5f9346b7b470c61ac26b6c459a5257f59c20fc8a572ef14,0.9874922460036851,observation_time_proxy,historical data_available_time is unknown; observation_time is a pseudo-operational proxy
2013-10-01T00:00:00+00:00,2013-09-30,windermere,south,water_temperature,2.0,month_3,2013-11-30,2013-12-29,6.760329479722222,degC,expanding_prior_year_window_climatology,1.0,True,5,5,2008|2009|2010|2011|2012,21de97b4834cb2a518378d93863ed27037d929facaac596479a8d181a1de09ba,0.9727495567541634,observation_time_proxy,historical data_available_time is unknown; observation_time is a pseudo-operational proxy
2013-10-08T00:00:00+00:00,2013-10-07,windermere,south,water_temperature,2.0,month_1,2013-10-08,2013-11-06,12.06584661870773,degC,expanding_prior_year_window_climatology,1.0,True,5,5,2008|2009|2010|2011|2012,b8d65bf8094fcb857414b5c0977527694d61ab6da27cd33dfcab65ac4a284898,0.8501372233015894,observation_time_proxy,historical data_available_time is unknown; observation_time is a pseudo-operational proxy
2013-10-08T00:00:00+00:00,2013-10-07,windermere,south,water_temperature,2.0,month_2,2013-11-07,2013-12-06,9.121211939722222,degC,expanding_prior_year_window_climatology,1.0,True,5,5,2008|2009|2010|2011|2012,ab5be20e16f9d5c9d8f468154963e1e95493763c8dddc0d4c8fb422089880b0b,0.9968727907044965,observation_time_proxy,historical data_available_time is unknown; observation_time is a pseudo-operational proxy
2013-10-08T00:00:00+00:00,2013-10-07,windermere,south,water_temperature,2.0,month_3,2013-12-07,2014-01-05,6.210482289130435,degC,expanding_prior_year_window_climatology,1.0,True,5,4,2008|2009|2010|2011,9ec5be49f03ad1e70e659b0c138274f64f1a812b7dddb4585f54fa09e6d1ba9f,1.0743488778557917,observation_time_proxy,historical data_available_time is unknown; observation_time is a pseudo-operational proxy
2013-10-15T00:00:00+00:00,2013-10-14,windermere,south,water_temperature,2.0,month_1,2013-10-15,2013-11-13,11.341706010652175,degC,expanding_prior_year_window_climatology,1.0,True,5,5,2008|2009|2010|2011|2012,4aacbf305911206463f66033cc7cfca2db2d78be392cbe9004f319dc1941afda,0.9076920154273643,observation_time_proxy,historical data_available_time is unknown; observation_time is a pseudo-operational proxy
2013-10-15T00:00:00+00:00,2013-10-14,windermere,south,water_temperature,2.0,month_2,2013-11-14,2013-12-13,8.399765542777779,degC,expanding_prior_year_window_climatology,1.0,True,5,5,2008|2009|2010|2011|2012,998bda2f57921da832fb22889784bf8178ae1065a3be691c82961211625f0bbd,1.0141323421078756,observation_time_proxy,historical data_available_time is unknown; observation_time is a pseudo-operational proxy
2013-10-15T00:00:00+00:00,2013-10-14,windermere,south,water_temperature,2.0,month_3,2013-12-14,2014-01-12,5.679742534616546,degC,expanding_prior_year_window_climatology,1.0,True,5,4,2008|2009|2010|2011,7c218254fdeee724dbdeddd185609e610bce06af79d68499d1a836cd8be1f3b7,1.0447030901028007,observation_time_proxy,historical data_available_time is unknown; observation_time is a pseudo-operational proxy
2013-10-22T00:00:00+00:00,2013-10-21,windermere,south,water_temperature,2.0,month_1,2013-10-22,2013-11-20,10.629180637318841,degC,expanding_prior_year_window_climatology,1.0,True,5,5,2008|2009|2010|2011|2012,5dcffda3339976f9077c018cef1f2c58279254c94104dfdd44dde5db6675f16c,0.9396672641620069,observation_time_proxy,historical data_available_time is unknown; observation_time is a pseudo-operational proxy
2013-10-22T00:00:00+00:00,2013-10-21,windermere,south,water_temperature,2.0,month_2,2013-11-21,2013-12-20,7.666376284722222,degC,expanding_prior_year_window_climatology,1.0,True,5,5,2008|2009|2010|2011|2012,a22abdc474c01a4a3d79ca61bff822bd6015d0a68ad4840f9be5851b55694500,1.007429652866249,observation_time_proxy,historical data_available_time is unknown; observation_time is a pseudo-operational proxy
2013-10-22T00:00:00+00:00,2013-10-21,windermere,south,water_temperature,2.0,month_3,2013-12-21,2014-01-19,5.269446437741546,degC,expanding_prior_year_window_climatology,1.0,True,5,4,2008|2009|2010|2011,2e85c2c9c22be938328ef6347e26f89aa0e6c231f28c608db45e7e443d6652da,1.0629241435488266,observation_time_proxy,historical data_available_time is unknown; observation_time is a pseudo-operational proxy
2013-10-29T00:00:00+00:00,2013-10-28,windermere,south,water_temperature,2.0,month_1,2013-10-29,2013-11-27,9.992878974541062,degC,expanding_prior_year_window_climatology,1.0,True,5,5,2008|2009|2010|2011|2012,146101b49e9c03a8f80c2ca28a62b9f1fd9a01f511ceb3c2a7ebb1282717dcaa,0.9810869299557609,observation_time_proxy,historical data_available_time is unknown; observation_time is a pseudo-operational proxy
2013-10-29T00:00:00+00:00,2013-10-28,windermere,south,water_temperature,2.0,month_2,2013-11-28,2013-12-27,6.94507873,degC,expanding_prior_year_window_climatology,1.0,True,5,5,2008|2009|2010|2011|2012,b3d33244236a9cbbb470e99ece6e73a1da99471aa6d1a5804bd315b725009c06,0.9782269939469024,observation_time_proxy,historical data_available_time is unknown; observation_time is a pseudo-operational proxy
2013-10-29T00:00:00+00:00,2013-10-28,windermere,south,water_temperature,2.0,month_3,2013-12-28,2014-01-26,4.939424218991546,degC,expanding_prior_year_window_climatology,1.0,True,5,4,2008|2009|2010|2011,2116101f885b5dfa8f6142dfe2b6b4e3f7e558649e4c09c0e4333a38d7365c16,1.0588563195693912,observation_time_proxy,historical data_available_time is unknown; observation_time is a pseudo-operational proxy
2013-11-05T00:00:00+00:00,2013-11-04,windermere,south,water_temperature,2.0,month_1,2013-11-05,2013-12-04,9.325101908333334,degC,expanding_prior_year_window_climatology,1.0,True,5,5,2008|2009|2010|2011|2012,ed3aff5dcceb81f5a4afe6ac9c3ea4cfad7a006587598760db4c15e2982dfd9f,0.9876662686300205,observation_time_proxy,historical data_available_time is unknown; observation_time is a pseudo-operational proxy
2013-11-05T00:00:00+00:00,2013-11-04,windermere,south,water_temperature,2.0,month_2,2013-12-05,2014-01-03,6.349834379884594,degC,expanding_prior_year_window_climatology,1.0,True,5,5,2008|2009|2010|2011|2012,5de8020df98ed8f4cdadbd3c6f986e6b13f123a6d5db0bc81cca639d6db82a6a,0.9412969298505061,observation_time_proxy,historical data_available_time is unknown; observation_time is a pseudo-operational proxy
2013-11-05T00:00:00+00:00,2013-11-04,windermere,south,water_temperature,2.0,month_3,2014-01-04,2014-02-02,4.857185950833333,degC,expanding_prior_year_window_climatology,1.0,True,5,5,2008|2009|2010|2011|2012,304548cbda2ed1d86081e3c0cf93d0492d1ec42d46455a79e96fdf04a34c7190,0.9625214118244291,observation_time_proxy,historical data_available_time is unknown; observation_time is a pseudo-operational proxy
2013-11-12T00:00:00+00:00,2013-11-11,windermere,south,water_temperature,2.0,month_1,2013-11-12,2013-12-11,8.604953990833334,degC,expanding_prior_year_window_climatology,1.0,True,5,5,2008|2009|2010|2011|2012,d044f5cfb2629a5d943512788041d34fb4385c660149612e643a6c364f14c773,1.016266655071058,observation_time_proxy,historical data_available_time is unknown; observation_time is a pseudo-operational proxy
2013-11-12T00:00:00+00:00,2013-11-11,windermere,south,water_temperature,2.0,month_2,2013-12-12,2014-01-10,5.8245149505887674,degC,expanding_prior_year_window_climatology,1.0,True,5,4,2008|2009|2010|2011,893704467b27951ed32582e20344cffd1eed518a72fc282caa2cfdf3cee7c91a,1.0475316386267979,observation_time_proxy,historical data_available_time is unknown; observation_time is a pseudo-operational proxy
2013-11-12T00:00:00+00:00,2013-11-11,windermere,south,water_temperature,2.0,month_3,2014-01-11,2014-02-09,4.703757671111111,degC,expanding_prior_year_window_climatology,1.0,True,5,5,2008|2009|2010|2011|2012,65f6484862feb099245957a96d1e41e920d0de097169c94b5d00e8888d9725d8,0.9001621207127594,observation_time_proxy,historical data_available_time is unknown; observation_time is a pseudo-operational proxy
2013-11-19T00:00:00+00:00,2013-11-18,windermere,south,water_temperature,2.0,month_1,2013-11-19,2013-12-18,7.877399938611111,degC,expanding_prior_year_window_climatology,1.0,True,5,5,2008|2009|2010|2011|2012,efdc8b122db204e770d8897be9fb2224219c58904d4404b7de356db52ca8d83b,1.0102252536602272,observation_time_proxy,historical data_available_time is unknown; observation_time is a pseudo-operational proxy
2013-11-19T00:00:00+00:00,2013-11-18,windermere,south,water_temperature,2.0,month_2,2013-12-19,2014-01-17,5.372300394685991,degC,expanding_prior_year_window_climatology,1.0,True,5,4,2008|2009|2010|2011,bf6b3d59c19ec7bd68bad43cce9a9703748f7c7491ed2c3190a07956ad04f0fd,1.057382831561139,observation_time_proxy,historical data_available_time is unknown; observation_time is a pseudo-operational proxy
2013-11-19T00:00:00+00:00,2013-11-18,windermere,south,water_temperature,2.0,month_3,2014-01-18,2014-02-16,4.5855633608333335,degC,expanding_prior_year_window_climatology,1.0,True,5,5,2008|2009|2010|2011|2012,2a9ba8dff7af37ef1b06c7b7587f32b23661652cec804add744619a6319fb7a7,0.8151844239784649,observation_time_proxy,historical data_available_time is unknown; observation_time is a pseudo-operational proxy
2013-11-26T00:00:00+00:00,2013-11-25,windermere,south,water_temperature,2.0,month_1,2013-11-26,2013-12-25,7.138449081111111,degC,expanding_prior_year_window_climatology,1.0,True,5,5,2008|2009|2010|2011|2012,e96b8724fd6fe4186433283ce486d35a1269ff4c68d3d902ee30c5090f184605,0.9836733325288504,observation_time_proxy,historical data_available_time is unknown; observation_time is a pseudo-operational proxy
2013-11-26T00:00:00+00:00,2013-11-25,windermere,south,water_temperature,2.0,month_2,2013-12-26,2014-01-24,5.02563299468599,degC,expanding_prior_year_window_climatology,1.0,True,5,4,2008|2009|2010|2011,cd9025fd6bce07234046e43304456c10af3c7dcc8fa2d46daae3a2099798861a,1.0732041626094575,observation_time_proxy,historical data_available_time is unknown; observation_time is a pseudo-operational proxy
2013-11-26T00:00:00+00:00,2013-11-25,windermere,south,water_temperature,2.0,month_3,2014-01-25,2014-02-23,4.486631984722222,degC,expanding_prior_year_window_climatology,1.0,True,5,5,2008|2009|2010|2011|2012,bba46130d77d570195bb1e0f3e5a3dbcaeebf4f65a6a08301d35c5ff896bbd8c,0.7614004275436018,observation_time_proxy,historical data_available_time is unknown; observation_time is a pseudo-operational proxy
2013-12-03T00:00:00+00:00,2013-12-02,windermere,south,water_temperature,2.0,month_1,2013-12-03,2014-01-01,6.505481376131934,degC,expanding_prior_year_window_climatology,1.0,True,5,5,2008|2009|2010|2011|2012,05ec9b85742d58a294ada3ff0e62427f9f2157e7b9549471b138192e2ff6d20d,0.9520369223903956,observation_time_proxy,historical data_available_time is unknown; observation_time is a pseudo-operational proxy
2013-12-03T00:00:00+00:00,2013-12-02,windermere,south,water_temperature,2.0,month_2,2014-01-02,2014-01-31,4.916398791944444,degC,expanding_prior_year_window_climatology,1.0,True,5,5,2008|2009|2010|2011|2012,8c6f36df5f8dadef00bb3092b7261fafba77c3b1c0c9b942540ff6c202c0fc74,0.9732066922648634,observation_time_proxy,historical data_available_time is unknown; observation_time is a pseudo-operational proxy
2013-12-03T00:00:00+00:00,2013-12-02,windermere,south,water_temperature,2.0,month_3,2014-02-01,2014-03-02,4.451985911666666,degC,expanding_prior_year_window_climatology,1.0,True,5,5,2008|2009|2010|2011|2012,ae87098ba4ec7ac938e9c5ebbf7856ee8d94874ce98ce47c21eddefd05be842a,0.743498493650678,observation_time_proxy,historical data_available_time is unknown; observation_time is a pseudo-operational proxy
2013-12-10T00:00:00+00:00,2013-12-09,windermere,south,water_temperature,2.0,month_1,2013-12-10,2014-01-08,5.975465665172101,degC,expanding_prior_year_window_climatology,1.0,True,5,4,2008|2009|2010|2011,3367fb22b36de913d96d93eae8f9d310f61a24a289523b72ba85e2d1770038dc,1.056116479114872,observation_time_proxy,historical data_available_time is unknown; observation_time is a pseudo-operational proxy
2013-12-10T00:00:00+00:00,2013-12-09,windermere,south,water_temperature,2.0,month_2,2014-01-09,2014-02-07,4.736390274444444,degC,expanding_prior_year_window_climatology,1.0,True,5,5,2008|2009|2010|2011|2012,cdf902b3a04280849493f697ea71e7f894a446cd68e6492590b78accddba1acd,0.9248864155441378,observation_time_proxy,historical data_available_time is unknown; observation_time is a pseudo-operational proxy
2013-12-10T00:00:00+00:00,2013-12-09,windermere,south,water_temperature,2.0,month_3,2014-02-08,2014-03-09,4.511197643611111,degC,expanding_prior_year_window_climatology,1.0,True,5,5,2008|2009|2010|2011|2012,e5cf577309bcb7deb5a5e1cc4a598ea8918dc24aabe7a51958ae24ae1f676f79,0.7727644314382575,observation_time_proxy,historical data_available_time is unknown; observation_time is a pseudo-operational proxy
2013-12-17T00:00:00+00:00,2013-12-16,windermere,south,water_temperature,2.0,month_1,2013-12-17,2014-01-15,5.487600663783213,degC,expanding_prior_year_window_climatology,1.0,True,5,4,2008|2009|2010|2011,2b7eec8d2be75d15187d2150481c5ecbeb7198026853068974e4784b4e80093c,1.049662383627832,observation_time_proxy,historical data_available_time is unknown; observation_time is a pseudo-operational proxy
2013-12-17T00:00:00+00:00,2013-12-16,windermere,south,water_temperature,2.0,month_2,2014-01-16,2014-02-14,4.621384890277778,degC,expanding_prior_year_window_climatology,1.0,True,5,5,2008|2009|2010|2011|2012,5fa1eb282cd8ea2f06cc4b8a3ce1d0cf7ad00ebef8ec9041ca80bb4346f2a897,0.8363843510982553,observation_time_proxy,historical data_available_time is unknown; observation_time is a pseudo-operational proxy
2013-12-17T00:00:00+00:00,2013-12-16,windermere,south,water_temperature,2.0,month_3,2014-02-15,2014-03-16,4.65374131,degC,expanding_prior_year_window_climatology,1.0,True,5,5,2008|2009|2010|2011|2012,895c71c9b4f443213a8623dbf0b4032d1237323f9e21b89a83bb27f1b0c4de61,0.7983062151526674,observation_time_proxy,historical data_available_time is unknown; observation_time is a pseudo-operational proxy
2013-12-24T00:00:00+00:00,2013-12-23,windermere,south,water_temperature,2.0,month_1,2013-12-24,2014-01-22,5.116804818297101,degC,expanding_prior_year_window_climatology,1.0,True,5,4,2008|2009|2010|2011,4cb7374ed0f481404c0a64de6d62e5954b7c96c2dbe901cac8484e5aaabd3533,1.0666645783685038,observation_time_proxy,historical data_available_time is unknown; observation_time is a pseudo-operational proxy
2013-12-24T00:00:00+00:00,2013-12-23,windermere,south,water_temperature,2.0,month_2,2014-01-23,2014-02-21,4.511133668333334,degC,expanding_prior_year_window_climatology,1.0,True,5,5,2008|2009|2010|2011|2012,b4e5e77192e3a83312269de776f73e2622dee150a141e38507443854fcc262de,0.775529567094679,observation_time_proxy,historical data_available_time is unknown; observation_time is a pseudo-operational proxy
2013-12-24T00:00:00+00:00,2013-12-23,windermere,south,water_temperature,2.0,month_3,2014-02-22,2014-03-23,4.941181584722222,degC,expanding_prior_year_window_climatology,1.0,True,5,5,2008|2009|2010|2011|2012,93702f995f5dc091850286cc0b9fe9a590eabd4765f77400e59fcfafab6f5a1e,0.7991808131841626,observation_time_proxy,historical data_available_time is unknown; observation_time is a pseudo-operational proxy
2013-12-31T00:00:00+00:00,2013-12-30,windermere,south,water_temperature,2.0,month_1,2013-12-31,2014-01-29,4.826006669338768,degC,expanding_prior_year_window_climatology,1.0,True,5,4,2008|2009|2010|2011,4d79fee134d0b169c3622bf8799ddeefa86c612b569189e56111f4a19e12f5e9,1.045617108876801,observation_time_proxy,historical data_available_time is unknown; observation_time is a pseudo-operational proxy
2013-12-31T00:00:00+00:00,2013-12-30,windermere,south,water_temperature,2.0,month_2,2014-01-30,2014-02-28,4.447822265277778,degC,expanding_prior_year_window_climatology,1.0,True,5,5,2008|2009|2010|2011|2012,d68caa026cfb0613b6f1ee85259b6ef6e0e2bc7cb44c87f2de4aa1096fa9571e,0.7442000593310034,observation_time_proxy,historical data_available_time is unknown; observation_time is a pseudo-operational proxy
2013-12-31T00:00:00+00:00,2013-12-30,windermere,south,water_temperature,2.0,month_3,2014-03-01,2014-03-30,5.416930653333333,degC,expanding_prior_year_window_climatology,1.0,True,5,5,2008|2009|2010|2011|2012,0d0f9618f91847f7e9b37bb1f96350d28fcae631e23d60b458f0258b9c7059ed,0.969472072865009,observation_time_proxy,historical data_available_time is unknown; observation_time is a pseudo-operational proxy
2014-01-07T00:00:00+00:00,2014-01-06,windermere,south,water_temperature,2.0,month_1,2014-01-07,2014-02-05,4.8633135279265876,degC,expanding_prior_year_window_climatology,1.0,True,6,6,2008|2009|2010|2011|2012|2013,1fc4c41eba80a39b992c0c8609e40b582074437e77730303e9b25c2b3410e7d4,0.870602628369845,observation_time_proxy,historical data_available_time is unknown; observation_time is a pseudo-operational proxy
2014-01-07T00:00:00+00:00,2014-01-06,windermere,south,water_temperature,2.0,month_2,2014-02-06,2014-03-07,4.456190244907408,degC,expanding_prior_year_window_climatology,1.0,True,6,6,2008|2009|2010|2011|2012|2013,cc284485f21dd62f1d172e8e1f04ebd566867f89b8990b2d16701ca51b008e8d,0.6869854854756486,observation_time_proxy,historical data_available_time is unknown; observation_time is a pseudo-operational proxy
2014-01-07T00:00:00+00:00,2014-01-06,windermere,south,water_temperature,2.0,month_3,2014-03-08,2014-04-06,5.555689070833333,degC,expanding_prior_year_window_climatology,1.0,True,6,6,2008|2009|2010|2011|2012|2013,03b750d2478c14fc5dedc3cfb83e6523b0ae06fb6c6afbc0adcdbc3fcdacc558,1.2018170415380116,observation_time_proxy,historical data_available_time is unknown; observation_time is a pseudo-operational proxy
2014-01-14T00:00:00+00:00,2014-01-13,windermere,south,water_temperature,2.0,month_1,2014-01-14,2014-02-12,4.695041643154762,degC,expanding_prior_year_window_climatology,1.0,True,6,6,2008|2009|2010|2011|2012|2013,3d30817bc9b91c023390a41ec4e4eab194fe1c67ee6507f0c7d917afbd8f1e84,0.777084497588166,observation_time_proxy,historical data_available_time is unknown; observation_time is a pseudo-operational proxy
2014-01-14T00:00:00+00:00,2014-01-13,windermere,south,water_temperature,2.0,month_2,2014-02-13,2014-03-14,4.532818556481481,degC,expanding_prior_year_window_climatology,1.0,True,6,6,2008|2009|2010|2011|2012|2013,cf38590b2558807fef264ffa3a4e024bf3f719bd1b4a92d98403b883794974eb,0.7251461518378945,observation_time_proxy,historical data_available_time is unknown; observation_time is a pseudo-operational proxy
2014-01-14T00:00:00+00:00,2014-01-13,windermere,south,water_temperature,2.0,month_3,2014-03-15,2014-04-13,6.066234590972222,degC,expanding_prior_year_window_climatology,1.0,True,6,6,2008|2009|2010|2011|2012|2013,07bb94ad261f107f03db8df4c67fd17acff5e389a02f4f7e1543b8c75371fdd6,1.3257478762813328,observation_time_proxy,historical data_available_time is unknown; observation_time is a pseudo-operational proxy
2014-01-21T00:00:00+00:00,2014-01-20,windermere,south,water_temperature,2.0,month_1,2014-01-21,2014-02-19,4.552755759953704,degC,expanding_prior_year_window_climatology,1.0,True,6,6,2008|2009|2010|2011|2012|2013,bbea032e2ff43c871663e97009a23e358d1669cda16e1283e5562fee17ec9f11,0.7067803579447084,observation_time_proxy,historical data_available_time is unknown; observation_time is a pseudo-operational proxy
2014-01-21T00:00:00+00:00,2014-01-20,windermere,south,water_temperature,2.0,month_2,2014-02-20,2014-03-21,4.72842092962963,degC,expanding_prior_year_window_climatology,1.0,True,6,6,2008|2009|2010|2011|2012|2013,79b60eeca43096c7ff9639eeec9631463f5f57b224f2122449506ebcd4661843,0.7692874306978632,observation_time_proxy,historical data_available_time is unknown; observation_time is a pseudo-operational proxy
2014-01-21T00:00:00+00:00,2014-01-20,windermere,south,water_temperature,2.0,month_3,2014-03-22,2014-04-20,6.708369950441919,degC,expanding_prior_year_window_climatology,1.0,True,6,6,2008|2009|2010|2011|2012|2013,69450e2e448be7ada1eb45325e79a98b78c60b4b4a49e53650bdab720dd2f3a2,1.4795671983259555,observation_time_proxy,historical data_available_time is unknown; observation_time is a pseudo-operational proxy
2014-01-28T00:00:00+00:00,2014-01-27,windermere,south,water_temperature,2.0,month_1,2014-01-28,2014-02-26,4.4541845171296295,degC,expanding_prior_year_window_climatology,1.0,True,6,6,2008|2009|2010|2011|2012|2013,28aa79f88cf79d0f3c1856377351d4b6184d57e33a5d2b5880af59a4e51292ea,0.6718716284621945,observation_time_proxy,historical data_available_time is unknown; observation_time is a pseudo-operational proxy
2014-01-28T00:00:00+00:00,2014-01-27,windermere,south,water_temperature,2.0,month_2,2014-02-27,2014-03-28,5.049700628935185,degC,expanding_prior_year_window_climatology,1.0,True,6,6,2008|2009|2010|2011|2012|2013,b52505e4a7cb80f183457373b10dcf5cd5ec3012fa72b816dbaba91a7132acf8,0.907085566184319,observation_time_proxy,historical data_available_time is unknown; observation_time is a pseudo-operational proxy
2014-01-28T00:00:00+00:00,2014-01-27,windermere,south,water_temperature,2.0,month_3,2014-03-29,2014-04-27,7.474577355277778,degC,expanding_prior_year_window_climatology,1.0,True,6,5,2008|2009|2011|2012|2013,83502149ce00c3e2ca5d6e3c551b591d2175f1edb633f00e1bbd3e7ac559dde7,1.829040245787057,observation_time_proxy,historical data_available_time is unknown; observation_time is a pseudo-operational proxy
2014-02-04T00:00:00+00:00,2014-02-03,windermere,south,water_temperature,2.0,month_1,2014-02-04,2014-03-05,4.446511775,degC,expanding_prior_year_window_climatology,1.0,True,6,6,2008|2009|2010|2011|2012|2013,68de928ed9a44dd122926a478416a0825a9aa63b5647726c2c8e51bccf88db86,0.6767045223899494,observation_time_proxy,historical data_available_time is unknown; observation_time is a pseudo-operational proxy
2014-02-04T00:00:00+00:00,2014-02-03,windermere,south,water_temperature,2.0,month_2,2014-03-06,2014-04-04,5.454525927546296,degC,expanding_prior_year_window_climatology,1.0,True,6,6,2008|2009|2010|2011|2012|2013,758f8454f886e77022e9349b838610a3af89a4b4c0ea042d200bec8c982e7edc,1.1708883365508336,observation_time_proxy,historical data_available_time is unknown; observation_time is a pseudo-operational proxy
2014-02-04T00:00:00+00:00,2014-02-03,windermere,south,water_temperature,2.0,month_3,2014-04-05,2014-05-04,8.220323781944444,degC,expanding_prior_year_window_climatology,1.0,True,6,5,2008|2009|2011|2012|2013,be0be440bbba93dbe06907e7f0c7c19d9ef8385e54aa8fbf89f58c209b9a4ff1,2.058016480749831,observation_time_proxy,historical data_available_time is unknown; observation_time is a pseudo-operational proxy
2014-02-11T00:00:00+00:00,2014-02-10,windermere,south,water_temperature,2.0,month_1,2014-02-11,2014-03-12,4.500709294675926,degC,expanding_prior_year_window_climatology,1.0,True,6,6,2008|2009|2010|2011|2012|2013,d7e5176a3cec0755041db5a928eb8fde4bd25fd5d09bc56999539bfb23c736b5,0.7130302021096231,observation_time_proxy,historical data_available_time is unknown; observation_time is a pseudo-operational proxy
2014-02-11T00:00:00+00:00,2014-02-10,windermere,south,water_temperature,2.0,month_2,2014-03-13,2014-04-11,5.889810402314815,degC,expanding_prior_year_window_climatology,1.0,True,6,6,2008|2009|2010|2011|2012|2013,0b860f2101103d7962aba76e225aa78e5f4055d3a7c4026c4d2fe74cb1d06108,1.2879781733057634,observation_time_proxy,historical data_available_time is unknown; observation_time is a pseudo-operational proxy
2014-02-11T00:00:00+00:00,2014-02-10,windermere,south,water_temperature,2.0,month_3,2014-04-12,2014-05-11,9.161881624166666,degC,expanding_prior_year_window_climatology,1.0,True,6,5,2008|2009|2011|2012|2013,631a3018e2dbe442eb338b1917f577927c7e17258e54f350eeb8dad6a36e5fe3,2.113005387586705,observation_time_proxy,historical data_available_time is unknown; observation_time is a pseudo-operational proxy
2014-02-18T00:00:00+00:00,2014-02-17,windermere,south,water_temperature,2.0,month_1,2014-02-18,2014-03-19,4.660761311574074,degC,expanding_prior_year_window_climatology,1.0,True,6,6,2008|2009|2010|2011|2012|2013,864f4b23ebcfe3f6cf442dd850ced790b422f8d9f8cce3aad89c5bf2cdb54aa3,0.7565020919096646,observation_time_proxy,historical data_available_time is unknown; observation_time is a pseudo-operational proxy
2014-02-18T00:00:00+00:00,2014-02-17,windermere,south,water_temperature,2.0,month_2,2014-03-20,2014-04-18,6.508387087268519,degC,expanding_prior_year_window_climatology,1.0,True,6,6,2008|2009|2010|2011|2012|2013,17413d0802fc172351ed5a4b33b749660575072ed63a9e5c3ad435dc3b2275da,1.4318926977628625,observation_time_proxy,historical data_available_time is unknown; observation_time is a pseudo-operational proxy
2014-02-18T00:00:00+00:00,2014-02-17,windermere,south,water_temperature,2.0,month_3,2014-04-19,2014-05-18,10.031496157222222,degC,expanding_prior_year_window_climatology,1.0,True,6,5,2008|2009|2011|2012|2013,007595a4717b0ea268db2373c9844aaef38bcbc15f555bf35316980ef1742530,2.006165673546236,observation_time_proxy,historical data_available_time is unknown; observation_time is a pseudo-operational proxy
2014-02-25T00:00:00+00:00,2014-02-24,windermere,south,water_temperature,2.0,month_1,2014-02-25,2014-03-26,4.944773009953703,degC,expanding_prior_year_window_climatology,1.0,True,6,6,2008|2009|2010|2011|2012|2013,204b010a54a51dc05731b799232ef057114c2ea4a736e0bd7f6fdc859838a6ba,0.8482304963646902,observation_time_proxy,historical data_available_time is unknown; observation_time is a pseudo-operational proxy
2014-02-25T00:00:00+00:00,2014-02-24,windermere,south,water_temperature,2.0,month_2,2014-03-27,2014-04-25,7.279603837777778,degC,expanding_prior_year_window_climatology,1.0,True,6,5,2008|2009|2011|2012|2013,4c416fc5e60fbaa217bb2ec0efc315ac391618d6471dce947b87dc0107741ce9,1.8021361446200626,observation_time_proxy,historical data_available_time is unknown; observation_time is a pseudo-operational proxy
2014-02-25T00:00:00+00:00,2014-02-24,windermere,south,water_temperature,2.0,month_3,2014-04-26,2014-05-25,10.85117367111111,degC,expanding_prior_year_window_climatology,1.0,True,6,5,2008|2009|2011|2012|2013,6d5a4a57bfaf4d7773510994c94fb23a17154beacb141458c0ce8b65a6549ba1,1.7326850666547713,observation_time_proxy,historical data_available_time is unknown; observation_time is a pseudo-operational proxy
2014-03-04T00:00:00+00:00,2014-03-03,windermere,south,water_temperature,2.0,month_1,2014-03-04,2014-04-02,5.345591792361111,degC,expanding_prior_year_window_climatology,1.0,True,6,6,2008|2009|2010|2011|2012|2013,9d0c75c87bb32aaed337a4eb38d3fd346b67ae602cc93253379218f439479b61,1.1301438271677602,observation_time_proxy,historical data_available_time is unknown; observation_time is a pseudo-operational proxy
2014-03-04T00:00:00+00:00,2014-03-03,windermere,south,water_temperature,2.0,month_2,2014-04-03,2014-05-02,7.985361868888889,degC,expanding_prior_year_window_climatology,1.0,True,6,5,2008|2009|2011|2012|2013,1ea8ae4b30d6bc244dd18e4e060ebb98d93cf16df2babcfa42b26587d7413803,1.977368116082563,observation_time_proxy,historical data_available_time is unknown; observation_time is a pseudo-operational proxy
2014-03-04T00:00:00+00:00,2014-03-03,windermere,south,water_temperature,2.0,month_3,2014-05-03,2014-06-01,11.88870238765166,degC,expanding_prior_year_window_climatology,1.0,True,6,6,2008|2009|2010|2011|2012|2013,d43934572d1ec59a6bf22a1f04fc2d6c637bc952c2cbd092468b7fe26cf687cd,1.3784618208933006,observation_time_proxy,historical data_available_time is unknown; observation_time is a pseudo-operational proxy
2014-03-11T00:00:00+00:00,2014-03-10,windermere,south,water_temperature,2.0,month_1,2014-03-11,2014-04-09,5.737399773611111,degC,expanding_prior_year_window_climatology,1.0,True,6,6,2008|2009|2010|2011|2012|2013,963807b0b0c5d7ec314f36368e8ff99c2ca22dd9263bb3de2b8c632a718b1e2c,1.253527443320655,observation_time_proxy,historical data_available_time is unknown; observation_time is a pseudo-operational proxy
2014-03-11T00:00:00+00:00,2014-03-10,windermere,south,water_temperature,2.0,month_2,2014-04-10,2014-05-09,8.903821380555556,degC,expanding_prior_year_window_climatology,1.0,True,6,5,2008|2009|2011|2012|2013,8f861ec04ac9c6cbfea4aacd42e471099d0f7226cc692c1547e3fd95be1f6c12,2.1419789740053075,observation_time_proxy,historical data_available_time is unknown; observation_time is a pseudo-operational proxy
2014-03-11T00:00:00+00:00,2014-03-10,windermere,south,water_temperature,2.0,month_3,2014-05-10,2014-06-08,13.085951288210408,degC,expanding_prior_year_window_climatology,1.0,True,6,6,2008|2009|2010|2011|2012|2013,6309e6d2767b735bf1195dc79c397be49fbee04c8a24a549594f5063501c0686,1.205289463737425,observation_time_proxy,historical data_available_time is unknown; observation_time is a pseudo-operational proxy
2014-03-18T00:00:00+00:00,2014-03-17,windermere,south,water_temperature,2.0,month_1,2014-03-18,2014-04-16,6.328136742361111,degC,expanding_prior_year_window_climatology,1.0,True,6,6,2008|2009|2010|2011|2012|2013,b589135c47a6a5c254b48f20c0e297b403e42f03cb4f1cf063c39847abb854f7,1.392261526825138,observation_time_proxy,historical data_available_time is unknown; observation_time is a pseudo-operational proxy
2014-03-18T00:00:00+00:00,2014-03-17,windermere,south,water_temperature,2.0,month_2,2014-04-17,2014-05-16,9.791748162777779,degC,expanding_prior_year_window_climatology,1.0,True,6,5,2008|2009|2011|2012|2013,6bb5c39239518fad25e8893ea321608221cbe543406fff49dd1babd5bc292911,2.0442738041919157,observation_time_proxy,historical data_available_time is unknown; observation_time is a pseudo-operational proxy
2014-03-18T00:00:00+00:00,2014-03-17,windermere,south,water_temperature,2.0,month_3,2014-05-17,2014-06-15,14.1871542314735,degC,expanding_prior_year_window_climatology,1.0,True,6,6,2008|2009|2010|2011|2012|2013,1cf6f90d0d866b2df8322f8954f75b813d06929e4310955754b37fc4d47cb51f,1.0077396374495893,observation_time_proxy,historical data_available_time is unknown; observation_time is a pseudo-operational proxy
2014-03-25T00:00:00+00:00,2014-03-24,windermere,south,water_temperature,2.0,month_1,2014-03-25,2014-04-23,6.99289290347456,degC,expanding_prior_year_window_climatology,1.0,True,6,6,2008|2009|2010|2011|2012|2013,e9ba911c0566b196920242c38e5a4a5a1a0a8775b01ec37a171f31285958ff0c,1.5847969238729018,observation_time_proxy,historical data_available_time is unknown; observation_time is a pseudo-operational proxy
2014-03-25T00:00:00+00:00,2014-03-24,windermere,south,water_temperature,2.0,month_2,2014-04-24,2014-05-23,10.6056745425,degC,expanding_prior_year_window_climatology,1.0,True,6,5,2008|2009|2011|2012|2013,b86b85680f24ddbdff64de9dffc8a8ded2ffc49f81ed18dad3fa4baf8c126314,1.8264804107498227,observation_time_proxy,historical data_available_time is unknown; observation_time is a pseudo-operational proxy
2014-03-25T00:00:00+00:00,2014-03-24,windermere,south,water_temperature,2.0,month_3,2014-05-24,2014-06-22,15.094541743718072,degC,expanding_prior_year_window_climatology,1.0,True,6,6,2008|2009|2010|2011|2012|2013,de39f5c8994fc4afaa0655dc32076931f87c1508f5de18f45d122b5c9ced3c87,0.8946502309467068,observation_time_proxy,historical data_available_time is unknown; observation_time is a pseudo-operational proxy
2014-04-01T00:00:00+00:00,2014-03-31,windermere,south,water_temperature,2.0,month_1,2014-04-01,2014-04-30,7.776791178333333,degC,expanding_prior_year_window_climatology,1.0,True,6,5,2008|2009|2011|2012|2013,b2deecec017c936adf2293c52de9751772b80b46bceea1fa1d65e056e0cbb7d8,1.90699718711996,observation_time_proxy,historical data_available_time is unknown; observation_time is a pseudo-operational proxy
2014-04-01T00:00:00+00:00,2014-03-31,windermere,south,water_temperature,2.0,month_2,2014-05-01,2014-05-30,11.604149174305556,degC,expanding_prior_year_window_climatology,1.0,True,6,6,2008|2009|2010|2011|2012|2013,adf4074a7adcfff7d6554a0189441c3d650a651c96851b317657190df0c90cb3,1.420000511966857,observation_time_proxy,historical data_available_time is unknown; observation_time is a pseudo-operational proxy
2014-04-01T00:00:00+00:00,2014-03-31,windermere,south,water_temperature,2.0,month_3,2014-05-31,2014-06-29,15.739875880826947,degC,expanding_prior_year_window_climatology,1.0,True,6,6,2008|2009|2010|2011|2012|2013,6b5b7f8762028dc39799caa71ba320233d20c26363e636a71211734e90f1c920,0.768875973804131,observation_time_proxy,historical data_available_time is unknown; observation_time is a pseudo-operational proxy
2014-04-08T00:00:00+00:00,2014-04-07,windermere,south,water_temperature,2.0,month_1,2014-04-08,2014-05-07,8.628285440833334,degC,expanding_prior_year_window_climatology,1.0,True,6,5,2008|2009|2011|2012|2013,3facb01cfb8d01b7fdb242c4bce7d1f5d0d8bcff86c3529e0e2dd6818a6e9109,2.1350294073353386,observation_time_proxy,historical data_available_time is unknown; observation_time is a pseudo-operational proxy
2014-04-08T00:00:00+00:00,2014-04-07,windermere,south,water_temperature,2.0,month_2,2014-05-08,2014-06-06,12.744095421216475,degC,expanding_prior_year_window_climatology,1.0,True,6,6,2008|2009|2010|2011|2012|2013,0c609db686606f75557a867bcefc853784caa7cfd4657bd51e69e3c5b957359c,1.2731201043538969,observation_time_proxy,historical data_available_time is unknown; observation_time is a pseudo-operational proxy
2014-04-08T00:00:00+00:00,2014-04-07,windermere,south,water_temperature,2.0,month_3,2014-06-07,2014-07-06,16.26086483544686,degC,expanding_prior_year_window_climatology,1.0,True,6,6,2008|2009|2010|2011|2012|2013,0eb2fb24589a71933a0bd3fee43151c63a043be857e96842341dd74f855cec95,1.1569349101765902,observation_time_proxy,historical data_available_time is unknown; observation_time is a pseudo-operational proxy
2014-04-15T00:00:00+00:00,2014-04-14,windermere,south,water_temperature,2.0,month_1,2014-04-15,2014-05-14,9.537224497222223,degC,expanding_prior_year_window_climatology,1.0,True,6,5,2008|2009|2011|2012|2013,7b0386437856251e28bcd463f4db1f80568dc7eac43839cb7ab4312a9d907577,2.0759315766468247,observation_time_proxy,historical data_available_time is unknown; observation_time is a pseudo-operational proxy
2014-04-15T00:00:00+00:00,2014-04-14,windermere,south,water_temperature,2.0,month_2,2014-05-15,2014-06-13,13.898349281760856,degC,expanding_prior_year_window_climatology,1.0,True,6,6,2008|2009|2010|2011|2012|2013,8ebdd18415d9e2fd1dd8f7df972014fdfe395c27e69936c98689eb72ba4fb020,1.0325705331181176,observation_time_proxy,historical data_available_time is unknown; observation_time is a pseudo-operational proxy
2014-04-15T00:00:00+00:00,2014-04-14,windermere,south,water_temperature,2.0,month_3,2014-06-14,2014-07-13,16.770184480228004,degC,expanding_prior_year_window_climatology,1.0,True,6,6,2008|2009|2010|2011|2012|2013,59e73c2829d6673c0e499df86f3bbdd6a03e887e9d8d183eb414958a0bd7552d,1.4462917866662284,observation_time_proxy,historical data_available_time is unknown; observation_time is a pseudo-operational proxy
2014-04-22T00:00:00+00:00,2014-04-21,windermere,south,water_temperature,2.0,month_1,2014-04-22,2014-05-21,10.367489455,degC,expanding_prior_year_window_climatology,1.0,True,6,5,2008|2009|2011|2012|2013,56bcff6ebc20c35dc871e2988d57d5d1983850a05c1fb8c58b4d1cf54f6bbeb1,1.930732411728887,observation_time_proxy,historical data_available_time is unknown; observation_time is a pseudo-operational proxy
2014-04-22T00:00:00+00:00,2014-04-21,windermere,south,water_temperature,2.0,month_2,2014-05-22,2014-06-20,14.882280988529693,degC,expanding_prior_year_window_climatology,1.0,True,6,6,2008|2009|2010|2011|2012|2013,6b88c0e8e69ddc57e11b86abcefd0f36de490d1f48ff835dd8593da26abc605a,0.9399623541057001,observation_time_proxy,historical data_available_time is unknown; observation_time is a pseudo-operational proxy
2014-04-22T00:00:00+00:00,2014-04-21,windermere,south,water_temperature,2.0,month_3,2014-06-21,2014-07-20,17.29711931819097,degC,expanding_prior_year_window_climatology,1.0,True,6,6,2008|2009|2010|2011|2012|2013,5e84015dd029719f9601a8241b7c4edb73ab7f209aeea8ee0659ec0bac4f61e2,1.6417200851487563,observation_time_proxy,historical data_available_time is unknown; observation_time is a pseudo-operational proxy
2014-04-29T00:00:00+00:00,2014-04-28,windermere,south,water_temperature,2.0,month_1,2014-04-29,2014-05-28,11.349126128091932,degC,expanding_prior_year_window_climatology,1.0,True,6,6,2008|2009|2010|2011|2012|2013,633d18eb95664806e0c2b4f5aed1145ef7dcb520c49ae7713594c2932bb54fdb,1.4693790783379468,observation_time_proxy,historical data_available_time is unknown; observation_time is a pseudo-operational proxy
2014-04-29T00:00:00+00:00,2014-04-28,windermere,south,water_temperature,2.0,month_2,2014-05-29,2014-06-27,15.534383110153257,degC,expanding_prior_year_window_climatology,1.0,True,6,6,2008|2009|2010|2011|2012|2013,044ac4c18822380b2822868787936f47ea90c15b94be0e5c485f16986a514651,0.7116633088076921,observation_time_proxy,historical data_available_time is unknown; observation_time is a pseudo-operational proxy
2014-04-29T00:00:00+00:00,2014-04-28,windermere,south,water_temperature,2.0,month_3,2014-06-28,2014-07-27,17.80378735291319,degC,expanding_prior_year_window_climatology,1.0,True,6,6,2008|2009|2010|2011|2012|2013,8104f3265b35acacec926e1dc9659cb082e24066edbcee9787dc4751f49316f3,1.6627749715310665,observation_time_proxy,historical data_available_time is unknown; observation_time is a pseudo-operational proxy
2014-05-06T00:00:00+00:00,2014-05-05,windermere,south,water_temperature,2.0,month_1,2014-05-06,2014-06-04,12.402808539655172,degC,expanding_prior_year_window_climatology,1.0,True,6,6,2008|2009|2010|2011|2012|2013,8b02113086bb98932b9b1b6850c09032aac4006f2ebde00bb8c5f654dffd34f1,1.3201325276492104,observation_time_proxy,historical data_available_time is unknown; observation_time is a pseudo-operational proxy
2014-05-06T00:00:00+00:00,2014-05-05,windermere,south,water_temperature,2.0,month_2,2014-06-05,2014-07-04,16.141716159722222,degC,expanding_prior_year_window_climatology,1.0,True,6,6,2008|2009|2010|2011|2012|2013,c1e911a6ab0b5c82015e3d727b3a83ef7a0c367c2a174e3d33bed3bfff94f390,1.069076449247746,observation_time_proxy,historical data_available_time is unknown; observation_time is a pseudo-operational proxy
2014-05-06T00:00:00+00:00,2014-05-05,windermere,south,water_temperature,2.0,month_3,2014-07-05,2014-08-03,18.11258162143171,degC,expanding_prior_year_window_climatology,1.0,True,6,6,2008|2009|2010|2011|2012|2013,6163a5512d8c4899af26b3bc2dedac9e5d7889cee51dcec1f1162d24c727a341,1.6916128139827684,observation_time_proxy,historical data_available_time is unknown; observation_time is a pseudo-operational proxy
2014-05-13T00:00:00+00:00,2014-05-12,windermere,south,water_temperature,2.0,month_1,2014-05-13,2014-06-11,13.58525993471424,degC,expanding_prior_year_window_climatology,1.0,True,6,6,2008|2009|2010|2011|2012|2013,09930cb44c47b26e2bea7e80e9fc234575422044bc93b6970e9ac8f1c4b28767,1.079827803981184,observation_time_proxy,historical data_available_time is unknown; observation_time is a pseudo-operational proxy
2014-05-13T00:00:00+00:00,2014-05-12,windermere,south,water_temperature,2.0,month_2,2014-06-12,2014-07-11,16.6014509511876,degC,expanding_prior_year_window_climatology,1.0,True,6,6,2008|2009|2010|2011|2012|2013,f1ca6d6ae05d71368e65a4e13791db365a5ba14a70c61e05b3d033738efc357a,1.374909150789164,observation_time_proxy,historical data_available_time is unknown; observation_time is a pseudo-operational proxy
2014-05-13T00:00:00+00:00,2014-05-12,windermere,south,water_temperature,2.0,month_3,2014-07-12,2014-08-10,18.230434651064215,degC,expanding_prior_year_window_climatology,1.0,True,6,6,2008|2009|2010|2011|2012|2013,deede957905bfdceb270637e9231ad80a293d285b4f800f76dc7e84847bd72d3,1.7031469640219266,observation_time_proxy,historical data_available_time is unknown; observation_time is a pseudo-operational proxy
2014-05-20T00:00:00+00:00,2014-05-19,windermere,south,water_temperature,2.0,month_1,2014-05-20,2014-06-18,14.620927160863666,degC,expanding_prior_year_window_climatology,1.0,True,6,6,2008|2009|2010|2011|2012|2013,4ba4a1c46e563989fb01b95643a382654620712189dcb06168ae36f1310eb188,0.9712550129384683,observation_time_proxy,historical data_available_time is unknown; observation_time is a pseudo-operational proxy
2014-05-20T00:00:00+00:00,2014-05-19,windermere,south,water_temperature,2.0,month_2,2014-06-19,2014-07-18,17.15908366541319,degC,expanding_prior_year_window_climatology,1.0,True,6,6,2008|2009|2010|2011|2012|2013,e9db58ad4b624c34f053ef5bc1180186042743be9cba064c34fa0dd7cae527ca,1.5903140609812736,observation_time_proxy,historical data_available_time is unknown; observation_time is a pseudo-operational proxy
2014-05-20T00:00:00+00:00,2014-05-19,windermere,south,water_temperature,2.0,month_3,2014-07-19,2014-08-17,18.178264744708994,degC,expanding_prior_year_window_climatology,1.0,True,6,6,2008|2009|2010|2011|2012|2013,2ad38041c9421671ebd12d4ef0ca6d6b9c54098757055bfe2e40d1bfc3371406,1.3681287422968023,observation_time_proxy,historical data_available_time is unknown; observation_time is a pseudo-operational proxy
2014-05-27T00:00:00+00:00,2014-05-26,windermere,south,water_temperature,2.0,month_1,2014-05-27,2014-06-25,15.344129424042146,degC,expanding_prior_year_window_climatology,1.0,True,6,6,2008|2009|2010|2011|2012|2013,2be52ba5daef61ade395578ccf00b1ceafb84cab8c4fe8eeeac5ac6f0a6dbb93,0.7350699335350143,observation_time_proxy,historical data_available_time is unknown; observation_time is a pseudo-operational proxy
2014-05-27T00:00:00+00:00,2014-05-26,windermere,south,water_temperature,2.0,month_2,2014-06-26,2014-07-25,17.65688816541319,degC,expanding_prior_year_window_climatology,1.0,True,6,6,2008|2009|2010|2011|2012|2013,24dea001075c7fa8e0f210cde8a6eff47201c4fe47596816db1d616c2fd356a2,1.6882113107563084,observation_time_proxy,historical data_available_time is unknown; observation_time is a pseudo-operational proxy
2014-05-27T00:00:00+00:00,2014-05-26,windermere,south,water_temperature,2.0,month_3,2014-07-26,2014-08-24,18.026087159060847,degC,expanding_prior_year_window_climatology,1.0,True,6,6,2008|2009|2010|2011|2012|2013,a9fa1bfc88c2bfd4d8128a3fce4cec750d145fddb182853dac0b3bad3c0e99c7,0.908738215655147,observation_time_proxy,historical data_available_time is unknown; observation_time is a pseudo-operational proxy
2014-06-03T00:00:00+00:00,2014-06-02,windermere,south,water_temperature,2.0,month_1,2014-06-03,2014-07-02,16.010443849537037,degC,expanding_prior_year_window_climatology,1.0,True,6,6,2008|2009|2010|2011|2012|2013,3cbfd1815ec1df491aacaed12744e872f79371b46e182fb151c702845f0db8a2,0.9688574667856095,observation_time_proxy,historical data_available_time is unknown; observation_time is a pseudo-operational proxy
2014-06-03T00:00:00+00:00,2014-06-02,windermere,south,water_temperature,2.0,month_2,2014-07-03,2014-08-01,18.049721350598375,degC,expanding_prior_year_window_climatology,1.0,True,6,6,2008|2009|2010|2011|2012|2013,f2f28fb62176b31bf4b99e5d1c9100edad374b6139b48351724c03eeec4b7c6a,1.6426861969846644,observation_time_proxy,historical data_available_time is unknown; observation_time is a pseudo-operational proxy
2014-06-03T00:00:00+00:00,2014-06-02,windermere,south,water_temperature,2.0,month_3,2014-08-02,2014-08-31,17.715761221560847,degC,expanding_prior_year_window_climatology,1.0,True,6,6,2008|2009|2010|2011|2012|2013,119feb858bdc350a87141a89ac31cdaf589aeb7d5b089408f6076222df554863,0.6968109838975282,observation_time_proxy,historical data_available_time is unknown; observation_time is a pseudo-operational proxy
2014-06-10T00:00:00+00:00,2014-06-09,windermere,south,water_temperature,2.0,month_1,2014-06-10,2014-07-09,16.452293421095007,degC,expanding_prior_year_window_climatology,1.0,True,6,6,2008|2009|2010|2011|2012|2013,f00bf5cd4954965002f785e98f8a586779f5b2b6481ce5fd0cdc0b1bbd5a2d1e,1.2789305174816965,observation_time_proxy,historical data_available_time is unknown; observation_time is a pseudo-operational proxy
2014-06-10T00:00:00+00:00,2014-06-09,windermere,south,water_temperature,2.0,month_2,2014-07-10,2014-08-08,18.226640199675323,degC,expanding_prior_year_window_climatology,1.0,True,6,6,2008|2009|2010|2011|2012|2013,8306b0576d7e12913019156e45141393187e587765c0e47e8033fead14205b7f,1.7464564253850683,observation_time_proxy,historical data_available_time is unknown; observation_time is a pseudo-operational proxy
2014-06-10T00:00:00+00:00,2014-06-09,windermere,south,water_temperature,2.0,month_3,2014-08-09,2014-09-07,17.324611108796297,degC,expanding_prior_year_window_climatology,1.0,True,6,6,2008|2009|2010|2011|2012|2013,da7179daec0c67c7862474a6ba739cf6aad0a7580a947728c920940670c889d1,0.6857291860979988,observation_time_proxy,historical data_available_time is unknown; observation_time is a pseudo-operational proxy
2014-06-17T00:00:00+00:00,2014-06-16,windermere,south,water_temperature,2.0,month_1,2014-06-17,2014-07-16,17.02010685754282,degC,expanding_prior_year_window_climatology,1.0,True,6,6,2008|2009|2010|2011|2012|2013,accd306065f6568e915b7ce16bf6d5968c11b337c945cc245cda68083a47c220,1.553218965950296,observation_time_proxy,historical data_available_time is unknown; observation_time is a pseudo-operational proxy
2014-06-17T00:00:00+00:00,2014-06-16,windermere,south,water_temperature,2.0,month_2,2014-07-17,2014-08-15,18.190668557208994,degC,expanding_prior_year_window_climatology,1.0,True,6,6,2008|2009|2010|2011|2012|2013,b0a84a69aed31a559112985cf9682b76f5380792205e39818166ad72759efe4d,1.4792328404092288,observation_time_proxy,historical data_available_time is unknown; observation_time is a pseudo-operational proxy
2014-06-17T00:00:00+00:00,2014-06-16,windermere,south,water_temperature,2.0,month_3,2014-08-16,2014-09-14,16.853796002314816,degC,expanding_prior_year_window_climatology,1.0,True,6,6,2008|2009|2010|2011|2012|2013,3d1f44141d602a0f71b95ca945dbd4a529ed0a639f9b823743b718872501b2ed,0.7229276925607611,observation_time_proxy,historical data_available_time is unknown; observation_time is a pseudo-operational proxy
2014-06-24T00:00:00+00:00,2014-06-23,windermere,south,water_temperature,2.0,month_1,2014-06-24,2014-07-23,17.510354700135412,degC,expanding_prior_year_window_climatology,1.0,True,6,6,2008|2009|2010|2011|2012|2013,e8814d11a52e61c3e2a0d51391dc3309d57baa38ed473f48fdf037e15e5577ae,1.6912626166280094,observation_time_proxy,historical data_available_time is unknown; observation_time is a pseudo-operational proxy
2014-06-24T00:00:00+00:00,2014-06-23,windermere,south,water_temperature,2.0,month_2,2014-07-24,2014-08-22,18.083354057208993,degC,expanding_prior_year_window_climatology,1.0,True,6,6,2008|2009|2010|2011|2012|2013,b1f93b179306c174c1c0017d746540c7565ffea3347bbd6cf49ef45eb1a339b8,1.021344449118717,observation_time_proxy,historical data_available_time is unknown; observation_time is a pseudo-operational proxy
2014-06-24T00:00:00+00:00,2014-06-23,windermere,south,water_temperature,2.0,month_3,2014-08-23,2014-09-21,16.304171381944442,degC,expanding_prior_year_window_climatology,1.0,True,6,6,2008|2009|2010|2011|2012|2013,91d98a46133f997df70741d493f86f8afac79f97acce722b77694b5461bf0e9d,0.6622586765225059,observation_time_proxy,historical data_available_time is unknown; observation_time is a pseudo-operational proxy
2014-07-01T00:00:00+00:00,2014-06-30,windermere,south,water_temperature,2.0,month_1,2014-07-01,2014-07-30,17.975490801987263,degC,expanding_prior_year_window_climatology,1.0,True,6,6,2008|2009|2010|2011|2012|2013,dc4ea92c7d0b75da8cf88c411c5c023d94af20ba0b752b2985df9edc842988cc,1.6281818676648048,observation_time_proxy,historical data_available_time is unknown; observation_time is a pseudo-operational proxy
2014-07-01T00:00:00+00:00,2014-06-30,windermere,south,water_temperature,2.0,month_2,2014-07-31,2014-08-29,17.805510788690476,degC,expanding_prior_year_window_climatology,1.0,True,6,6,2008|2009|2010|2011|2012|2013,ecdcf215f7485fbadf662b730dafa1b3b0e677478ae636795db9bda7e4f67cea,0.7445082560723415,observation_time_proxy,historical data_available_time is unknown; observation_time is a pseudo-operational proxy
2014-07-01T00:00:00+00:00,2014-06-30,windermere,south,water_temperature,2.0,month_3,2014-08-30,2014-09-28,15.673275474537038,degC,expanding_prior_year_window_climatology,1.0,True,6,6,2008|2009|2010|2011|2012|2013,89570561f1b0bd0dba69bdfacbfab27e6e921d8c5911e7bfc11fb87d7a2a8158,0.574435213299759,observation_time_proxy,historical data_available_time is unknown; observation_time is a pseudo-operational proxy
2014-07-08T00:00:00+00:00,2014-07-07,windermere,south,water_temperature,2.0,month_1,2014-07-08,2014-08-06,18.195823799873736,degC,expanding_prior_year_window_climatology,1.0,True,6,6,2008|2009|2010|2011|2012|2013,d6c94eec6a7bf93abb27738a5811fd428dd03d24b23b1c3c097422f2a471d773,1.7432565074822868,observation_time_proxy,historical data_available_time is unknown; observation_time is a pseudo-operational proxy
2014-07-08T00:00:00+00:00,2014-07-07,windermere,south,water_temperature,2.0,month_2,2014-08-07,2014-09-05,17.45733980952381,degC,expanding_prior_year_window_climatology,1.0,True,6,6,2008|2009|2010|2011|2012|2013,a97180a197919f736718cb00cae79688b314b5a56483c2940980627a30e4f07a,0.6504941870895287,observation_time_proxy,historical data_available_time is unknown; observation_time is a pseudo-operational proxy
2014-07-08T00:00:00+00:00,2014-07-07,windermere,south,water_temperature,2.0,month_3,2014-09-06,2014-10-05,15.05955749074074,degC,expanding_prior_year_window_climatology,1.0,True,6,6,2008|2009|2010|2011|2012|2013,600b7f03b3b8522321289751fc149eecbaf5e836f1a36ebbfd260b12cf6a807d,0.4552758396428805,observation_time_proxy,historical data_available_time is unknown; observation_time is a pseudo-operational proxy
2014-07-15T00:00:00+00:00,2014-07-14,windermere,south,water_temperature,2.0,month_1,2014-07-15,2014-08-13,18.20466536276455,degC,expanding_prior_year_window_climatology,1.0,True,6,6,2008|2009|2010|2011|2012|2013,333d82f3b0a34571b3f64843de57f541d9462d883ece27d228fcec2bfcd9b9fc,1.5644840192570788,observation_time_proxy,historical data_available_time is unknown; observation_time is a pseudo-operational proxy
2014-07-15T00:00:00+00:00,2014-07-14,windermere,south,water_temperature,2.0,month_2,2014-08-14,2014-09-12,16.98949837037037,degC,expanding_prior_year_window_climatology,1.0,True,6,6,2008|2009|2010|2011|2012|2013,dd6d55d583050d680a89074c5eefab67da73451b678160d054e1ddedd4229106,0.7245792720176932,observation_time_proxy,historical data_available_time is unknown; observation_time is a pseudo-operational proxy
2014-07-15T00:00:00+00:00,2014-07-14,windermere,south,water_temperature,2.0,month_3,2014-09-13,2014-10-12,14.442449949074074,degC,expanding_prior_year_window_climatology,1.0,True,6,6,2008|2009|2010|2011|2012|2013,b4d89b292668e7f78a43c6642b3ee93727263243bb7c1ff3b4f9ebb7b6f51948,0.4301062519256291,observation_time_proxy,historical data_available_time is unknown; observation_time is a pseudo-operational proxy
2014-07-22T00:00:00+00:00,2014-07-21,windermere,south,water_temperature,2.0,month_1,2014-07-22,2014-08-20,18.12378131415344,degC,expanding_prior_year_window_climatology,1.0,True,6,6,2008|2009|2010|2011|2012|2013,9a7c4f08d5719d28e75421aca315927d2b081fbd4348c47668ada6f391c2dbe9,1.1598052345626322,observation_time_proxy,historical data_available_time is unknown; observation_time is a pseudo-operational proxy
2014-07-22T00:00:00+00:00,2014-07-21,windermere,south,water_temperature,2.0,month_2,2014-08-21,2014-09-19,16.471087502314816,degC,expanding_prior_year_window_climatology,1.0,True,6,6,2008|2009|2010|2011|2012|2013,ec25018a1745ba324334e0671c97df593a7cec4e58961b076dc50996918e9f05,0.6806787240248232,observation_time_proxy,historical data_available_time is unknown; observation_time is a pseudo-operational proxy
2014-07-22T00:00:00+00:00,2014-07-21,windermere,south,water_temperature,2.0,month_3,2014-09-20,2014-10-19,13.830544199074074,degC,expanding_prior_year_window_climatology,1.0,True,6,6,2008|2009|2010|2011|2012|2013,915f7ccb7dda9a5cc08c9a0e31f97d3b3aa39b09b52ac4d39532ca1284f9a166,0.5374377007991189,observation_time_proxy,historical data_available_time is unknown; observation_time is a pseudo-operational proxy
2014-07-29T00:00:00+00:00,2014-07-28,windermere,south,water_temperature,2.0,month_1,2014-07-29,2014-08-27,17.898775513227513,degC,expanding_prior_year_window_climatology,1.0,True,6,6,2008|2009|2010|2011|2012|2013,b2840d3ccad6099e2ef7cb1beb1328afea314f00aa044aec7a473fe61c95d4db,0.7873841535000786,observation_time_proxy,historical data_available_time is unknown; observation_time is a pseudo-operational proxy
2014-07-29T00:00:00+00:00,2014-07-28,windermere,south,water_temperature,2.0,month_2,2014-08-28,2014-09-26,15.850125425925926,degC,expanding_prior_year_window_climatology,1.0,True,6,6,2008|2009|2010|2011|2012|2013,ad8ecef6e85952c86660bad60c6277345dcc366e4bb16869be56b87742a2681b,0.6054006477767555,observation_time_proxy,historical data_available_time is unknown; observation_time is a pseudo-operational proxy
2014-07-29T00:00:00+00:00,2014-07-28,windermere,south,water_temperature,2.0,month_3,2014-09-27,2014-10-26,13.203335224537037,degC,expanding_prior_year_window_climatology,1.0,True,6,6,2008|2009|2010|2011|2012|2013,42b1544413b0f95630c70f9e718d05000edd8f2849b6a3a6f920e426646fc78a,0.6319868074172772,observation_time_proxy,historical data_available_time is unknown; observation_time is a pseudo-operational proxy
2014-08-05T00:00:00+00:00,2014-08-04,windermere,south,water_temperature,2.0,month_1,2014-08-05,2014-09-03,17.564538089616402,degC,expanding_prior_year_window_climatology,1.0,True,6,6,2008|2009|2010|2011|2012|2013,deaf77887f375bdcb2739ab71efbc298194354f0745b3dfd964ad6dbfb6302a3,0.6371709599452892,observation_time_proxy,historical data_available_time is unknown; observation_time is a pseudo-operational proxy
2014-08-05T00:00:00+00:00,2014-08-04,windermere,south,water_temperature,2.0,month_2,2014-09-04,2014-10-03,15.249064222222222,degC,expanding_prior_year_window_climatology,1.0,True,6,6,2008|2009|2010|2011|2012|2013,883752face3e0e5f5ddc5aec3ed2e26fbc32ba029735dc12c401d65b1b905801,0.49842524065648597,observation_time_proxy,historical data_available_time is unknown; observation_time is a pseudo-operational proxy
2014-08-05T00:00:00+00:00,2014-08-04,windermere,south,water_temperature,2.0,month_3,2014-10-04,2014-11-02,12.497574878321256,degC,expanding_prior_year_window_climatology,1.0,True,6,6,2008|2009|2010|2011|2012|2013,870bf8d64b4bb70975e090a55ec309660082e89b9ea75c283149322c3ff7289c,0.7186882816225648,observation_time_proxy,historical data_available_time is unknown; observation_time is a pseudo-operational proxy
2014-08-12T00:00:00+00:00,2014-08-11,windermere,south,water_temperature,2.0,month_1,2014-08-12,2014-09-10,17.122641627314813,degC,expanding_prior_year_window_climatology,1.0,True,6,6,2008|2009|2010|2011|2012|2013,767e3119ea31f4f8cc6d27d796d58e8bf3c8192939490d1b808133b36a43f2b9,0.7152185942768052,observation_time_proxy,historical data_available_time is unknown; observation_time is a pseudo-operational proxy
2014-08-12T00:00:00+00:00,2014-08-11,windermere,south,water_temperature,2.0,month_2,2014-09-11,2014-10-10,14.627450518518518,degC,expanding_prior_year_window_climatology,1.0,True,6,6,2008|2009|2010|2011|2012|2013,8c120f15e722b803ea21a2040d442bacd5ebcaeb2d10fe3743db919479be4e69,0.4214083266265562,observation_time_proxy,historical data_available_time is unknown; observation_time is a pseudo-operational proxy
2014-08-12T00:00:00+00:00,2014-08-11,windermere,south,water_temperature,2.0,month_3,2014-10-11,2014-11-09,11.776196226700886,degC,expanding_prior_year_window_climatology,1.0,True,6,6,2008|2009|2010|2011|2012|2013,a5672a4c04fea058c0560ac580bd1d60c697662bfc9746029ad5ea6b19c70de9,0.7821233974425214,observation_time_proxy,historical data_available_time is unknown; observation_time is a pseudo-operational proxy
2014-08-19T00:00:00+00:00,2014-08-18,windermere,south,water_temperature,2.0,month_1,2014-08-19,2014-09-17,16.62769512037037,degC,expanding_prior_year_window_climatology,1.0,True,6,6,2008|2009|2010|2011|2012|2013,803c3b7fe3899349c55addb05997c88cb68b1f8281386117c1980ec91502ef5c,0.6986288935741093,observation_time_proxy,historical data_available_time is unknown; observation_time is a pseudo-operational proxy
2014-08-19T00:00:00+00:00,2014-08-18,windermere,south,water_temperature,2.0,month_2,2014-09-18,2014-10-17,14.002078652777778,degC,expanding_prior_year_window_climatology,1.0,True,6,6,2008|2009|2010|2011|2012|2013,0d9e794bd3361e4d7bc98015bd4d0a6cc3651c371e2d7756883aaff35bedabe3,0.5025142228542527,observation_time_proxy,historical data_available_time is unknown; observation_time is a pseudo-operational proxy
2014-08-19T00:00:00+00:00,2014-08-18,windermere,south,water_temperature,2.0,month_3,2014-10-18,2014-11-16,11.043649539432367,degC,expanding_prior_year_window_climatology,1.0,True,6,6,2008|2009|2010|2011|2012|2013,181405a183d1f51da5a55c0dc7d7d31e9b8ee00706b2ec8269d4b579c4b6c4d6,0.8224723806329963,observation_time_proxy,historical data_available_time is unknown; observation_time is a pseudo-operational proxy
2014-08-26T00:00:00+00:00,2014-08-25,windermere,south,water_temperature,2.0,month_1,2014-08-26,2014-09-24,16.038092425925925,degC,expanding_prior_year_window_climatology,1.0,True,6,6,2008|2009|2010|2011|2012|2013,607986bd6b1b0bdd0a8720955c292603bacb20c09d79a50e030a7f2cddd532a6,0.6380002245745617,observation_time_proxy,historical data_available_time is unknown; observation_time is a pseudo-operational proxy
2014-08-26T00:00:00+00:00,2014-08-25,windermere,south,water_temperature,2.0,month_2,2014-09-25,2014-10-24,13.385158435185186,degC,expanding_prior_year_window_climatology,1.0,True,6,6,2008|2009|2010|2011|2012|2013,ca0240a88c61df893e02dd4c2db1234887a665b10a6eb2dc9c818b8a0a1ff054,0.6071800046704405,observation_time_proxy,historical data_available_time is unknown; observation_time is a pseudo-operational proxy
2014-08-26T00:00:00+00:00,2014-08-25,windermere,south,water_temperature,2.0,month_3,2014-10-25,2014-11-23,10.364877967441625,degC,expanding_prior_year_window_climatology,1.0,True,6,6,2008|2009|2010|2011|2012|2013,186bc79a11b9226a724c121e834033c07ab49648926f7937934feab88ac14e94,0.8589899462313445,observation_time_proxy,historical data_available_time is unknown; observation_time is a pseudo-operational proxy
2014-09-02T00:00:00+00:00,2014-09-01,windermere,south,water_temperature,2.0,month_1,2014-09-02,2014-10-01,15.422777921296296,degC,expanding_prior_year_window_climatology,1.0,True,6,6,2008|2009|2010|2011|2012|2013,e28e2eb67ec16d027a7ccfff4c771507165671494644ccc6b7f63328c4b6ebd0,0.5375233312216695,observation_time_proxy,historical data_available_time is unknown; observation_time is a pseudo-operational proxy
2014-09-02T00:00:00+00:00,2014-09-01,windermere,south,water_temperature,2.0,month_2,2014-10-02,2014-10-31,12.702355132950885,degC,expanding_prior_year_window_climatology,1.0,True,6,6,2008|2009|2010|2011|2012|2013,307a802c9034a4e2b67f5068434c64876c8f7cc577b5f3d27200b71adb03cae6,0.6948583578794402,observation_time_proxy,historical data_available_time is unknown; observation_time is a pseudo-operational proxy
2014-09-02T00:00:00+00:00,2014-09-01,windermere,south,water_temperature,2.0,month_3,2014-11-01,2014-11-30,9.700829167592593,degC,expanding_prior_year_window_climatology,1.0,True,6,6,2008|2009|2010|2011|2012|2013,0258a3b4d11dcd5f0e705149ba2816c5a0facf7a727264e6fef252e14cb5a5f9,0.8847927421722027,observation_time_proxy,historical data_available_time is unknown; observation_time is a pseudo-operational proxy
2014-09-09T00:00:00+00:00,2014-09-08,windermere,south,water_temperature,2.0,month_1,2014-09-09,2014-10-08,14.805270703703703,degC,expanding_prior_year_window_climatology,1.0,True,6,6,2008|2009|2010|2011|2012|2013,bf54258f8374846aab7039757a27b475b47aafebc1afd714d058a17fc9b1a0a1,0.4231056185631291,observation_time_proxy,historical data_available_time is unknown; observation_time is a pseudo-operational proxy
2014-09-09T00:00:00+00:00,2014-09-08,windermere,south,water_temperature,2.0,month_2,2014-10-09,2014-11-07,11.985312987811998,degC,expanding_prior_year_window_climatology,1.0,True,6,6,2008|2009|2010|2011|2012|2013,da54cf8eca7f116e0761e9064611d2904c0f39db42323f54f8d40d2f3a3374a7,0.7686789877822652,observation_time_proxy,historical data_available_time is unknown; observation_time is a pseudo-operational proxy
2014-09-09T00:00:00+00:00,2014-09-08,windermere,south,water_temperature,2.0,month_3,2014-11-08,2014-12-07,9.002830125623994,degC,expanding_prior_year_window_climatology,1.0,True,6,6,2008|2009|2010|2011|2012|2013,2f74c88391dea6764cb335955b646ba0d9e1943110af28a981868561fd1c4a1f,0.8978626133784297,observation_time_proxy,historical data_available_time is unknown; observation_time is a pseudo-operational proxy
2014-09-16T00:00:00+00:00,2014-09-15,windermere,south,water_temperature,2.0,month_1,2014-09-16,2014-10-15,14.170241293981482,degC,expanding_prior_year_window_climatology,1.0,True,6,6,2008|2009|2010|2011|2012|2013,9565f115103af25f1f149fa424eb87236ba877f5f547ed2015e622e61db66da8,0.4651676232454992,observation_time_proxy,historical data_available_time is unknown; observation_time is a pseudo-operational proxy
2014-09-16T00:00:00+00:00,2014-09-15,windermere,south,water_temperature,2.0,month_2,2014-10-16,2014-11-14,11.249909131793478,degC,expanding_prior_year_window_climatology,1.0,True,6,6,2008|2009|2010|2011|2012|2013,038fb9336a582d42488b7fa319546de48856f335ff677272e443bcaeaaddbe5d,0.8168652189926646,observation_time_proxy,historical data_available_time is unknown; observation_time is a pseudo-operational proxy
2014-09-16T00:00:00+00:00,2014-09-15,windermere,south,water_temperature,2.0,month_3,2014-11-15,2014-12-14,8.309285704327698,degC,expanding_prior_year_window_climatology,1.0,True,6,6,2008|2009|2010|2011|2012|2013,88a498ec4fc7e1074c71ba71f45856d1d12762415f1f50a6f52b98d2d5c218dd,0.9064765019192625,observation_time_proxy,historical data_available_time is unknown; observation_time is a pseudo-operational proxy
2014-09-23T00:00:00+00:00,2014-09-22,windermere,south,water_temperature,2.0,month_1,2014-09-23,2014-10-22,13.56586187962963,degC,expanding_prior_year_window_climatology,1.0,True,6,6,2008|2009|2010|2011|2012|2013,73680c084392adf7fb2ddff67c2328ad68ec4db7a37f1127d5e0b720242f6828,0.5820252050136628,observation_time_proxy,historical data_available_time is unknown; observation_time is a pseudo-operational proxy
2014-09-23T00:00:00+00:00,2014-09-22,windermere,south,water_temperature,2.0,month_2,2014-10-23,2014-11-21,10.553808596376811,degC,expanding_prior_year_window_climatology,1.0,True,6,6,2008|2009|2010|2011|2012|2013,0c1f9a999349da3db1f15e1ddd880e63cc9a7e6aab5cc10a7f581b1fbaeb04ad,0.847742249567111,observation_time_proxy,historical data_available_time is unknown; observation_time is a pseudo-operational proxy
2014-09-23T00:00:00+00:00,2014-09-22,windermere,south,water_temperature,2.0,month_3,2014-11-22,2014-12-21,7.61654010317029,degC,expanding_prior_year_window_climatology,1.0,True,6,6,2008|2009|2010|2011|2012|2013,a01372eb2421d13c2ba19a81a4f5c8c697c7ae892e545468c0751ed46474fa30,0.9101439973186749,observation_time_proxy,historical data_available_time is unknown; observation_time is a pseudo-operational proxy
2014-09-30T00:00:00+00:00,2014-09-29,windermere,south,water_temperature,2.0,month_1,2014-09-30,2014-10-29,12.910140395833333,degC,expanding_prior_year_window_climatology,1.0,True,6,6,2008|2009|2010|2011|2012|2013,8e7b44f379662ec553007c9ba9084dfa029eb73fd18e84bcd4b60e9ebceeb705,0.675302371785334,observation_time_proxy,historical data_available_time is unknown; observation_time is a pseudo-operational proxy
2014-09-30T00:00:00+00:00,2014-09-29,windermere,south,water_temperature,2.0,month_2,2014-10-30,2014-11-28,9.892060064895329,degC,expanding_prior_year_window_climatology,1.0,True,6,6,2008|2009|2010|2011|2012|2013,3774cf7a34cbca0117e79bb6b3fd6000f4938466d90123dedcb07523c6427205,0.881143508176503,observation_time_proxy,historical data_available_time is unknown; observation_time is a pseudo-operational proxy
2014-09-30T00:00:00+00:00,2014-09-29,windermere,south,water_temperature,2.0,month_3,2014-11-29,2014-12-28,6.954709623772142,degC,expanding_prior_year_window_climatology,1.0,True,6,6,2008|2009|2010|2011|2012|2013,150e338e7787e68861ba5923d45ed4f29eb0aa4b0ffe29f6fadf0b1f8f354ca1,0.9096758841292776,observation_time_proxy,historical data_available_time is unknown; observation_time is a pseudo-operational proxy
2014-10-07T00:00:00+00:00,2014-10-06,windermere,south,water_temperature,2.0,month_1,2014-10-07,2014-11-05,12.193930196608292,degC,expanding_prior_year_window_climatology,1.0,True,6,6,2008|2009|2010|2011|2012|2013,4faba352b12fafc3d6519f2a30ed30b6f4cb9db2afdfce2370ebd18b5588681d,0.7540074667034287,observation_time_proxy,historical data_available_time is unknown; observation_time is a pseudo-operational proxy
2014-10-07T00:00:00+00:00,2014-10-06,windermere,south,water_temperature,2.0,month_2,2014-11-06,2014-12-05,9.202767188123993,degC,expanding_prior_year_window_climatology,1.0,True,6,6,2008|2009|2010|2011|2012|2013,a21e7f46a15048f7da45bfd27f181296ffed11a68e38604ae946eeb22e6c3ac6,0.8865561416384651,observation_time_proxy,historical data_available_time is unknown; observation_time is a pseudo-operational proxy
2014-10-07T00:00:00+00:00,2014-10-06,windermere,south,water_temperature,2.0,month_3,2014-12-06,2015-01-04,6.269453112137681,degC,expanding_prior_year_window_climatology,1.0,True,6,5,2008|2009|2010|2011|2012,42a350c8fbb411602413bae5dbc64b77bc06be2e513562355a5343966c3301a2,0.9364389911937233,observation_time_proxy,historical data_available_time is unknown; observation_time is a pseudo-operational proxy
2014-10-14T00:00:00+00:00,2014-10-13,windermere,south,water_temperature,2.0,month_1,2014-10-14,2014-11-12,11.461908681099034,degC,expanding_prior_year_window_climatology,1.0,True,6,6,2008|2009|2010|2011|2012|2013,775b8eb310e6bb35c645014d5de9b1cf198b58f0dee7b2c4a9d69481f6a6d3e2,0.8054610218920519,observation_time_proxy,historical data_available_time is unknown; observation_time is a pseudo-operational proxy
2014-10-14T00:00:00+00:00,2014-10-13,windermere,south,water_temperature,2.0,month_2,2014-11-13,2014-12-12,8.505340780716587,degC,expanding_prior_year_window_climatology,1.0,True,6,6,2008|2009|2010|2011|2012|2013,c22444da2b295644382a9e3202d3ad9d6217dc300166a1e5aa1deae2831a60a0,0.9088994565068415,observation_time_proxy,historical data_available_time is unknown; observation_time is a pseudo-operational proxy
2014-10-14T00:00:00+00:00,2014-10-13,windermere,south,water_temperature,2.0,month_3,2014-12-13,2015-01-11,5.804032265471014,degC,expanding_prior_year_window_climatology,1.0,True,6,5,2008|2009|2010|2011|2012,639fa474021205ba8b94d674e417841f307e4235da16549396490b8748078e2a,0.9121900662824838,observation_time_proxy,historical data_available_time is unknown; observation_time is a pseudo-operational proxy
2014-10-21T00:00:00+00:00,2014-10-20,windermere,south,water_temperature,2.0,month_1,2014-10-21,2014-11-19,10.746122507487922,degC,expanding_prior_year_window_climatology,1.0,True,6,6,2008|2009|2010|2011|2012|2013,4129ffe28d333a04526a2763b3fb2df1b54b6af3853a5ff0cbfd0cef0dcf1c7b,0.8369563393361711,observation_time_proxy,historical data_available_time is unknown; observation_time is a pseudo-operational proxy
2014-10-21T00:00:00+00:00,2014-10-20,windermere,south,water_temperature,2.0,month_2,2014-11-20,2014-12-19,7.815310976781401,degC,expanding_prior_year_window_climatology,1.0,True,6,6,2008|2009|2010|2011|2012|2013,9a5ac9cffbdd057e49e83c09e657f960221a1eadb57ca615cc39e8f27a03b540,0.909327464752141,observation_time_proxy,historical data_available_time is unknown; observation_time is a pseudo-operational proxy
2014-10-21T00:00:00+00:00,2014-10-20,windermere,south,water_temperature,2.0,month_3,2014-12-20,2015-01-18,5.450859372137681,degC,expanding_prior_year_window_climatology,1.0,True,6,5,2008|2009|2010|2011|2012,8da19a4ba208f37ed7681b15a9badb6c2232b4f95818aa1f571e55970b0ca691,0.9624804535637819,observation_time_proxy,historical data_available_time is unknown; observation_time is a pseudo-operational proxy
2014-10-28T00:00:00+00:00,2014-10-27,windermere,south,water_temperature,2.0,month_1,2014-10-28,2014-11-26,10.083331447997182,degC,expanding_prior_year_window_climatology,1.0,True,6,6,2008|2009|2010|2011|2012|2013,5e9becc8e2d76ca6d144aeed742b35ce5472f3fbbc88b70e7a768ff0ef749b0a,0.8731621778112392,observation_time_proxy,historical data_available_time is unknown; observation_time is a pseudo-operational proxy
2014-10-28T00:00:00+00:00,2014-10-27,windermere,south,water_temperature,2.0,month_2,2014-11-27,2014-12-26,7.130786400623993,degC,expanding_prior_year_window_climatology,1.0,True,6,6,2008|2009|2010|2011|2012|2013,1afcd22449f73652b75d430c43dd1cf080aa941afc077ac48d5751283d33ca39,0.9043555263609055,observation_time_proxy,historical data_available_time is unknown; observation_time is a pseudo-operational proxy
2014-10-28T00:00:00+00:00,2014-10-27,windermere,south,water_temperature,2.0,month_3,2014-12-27,2015-01-25,5.147673668824189,degC,expanding_prior_year_window_climatology,1.0,True,6,5,2008|2009|2010|2011|2012,c54ef62f6ab6a7dc2c9174370cd433b29de443eeef6d66cc5333a1be1f388955,0.9962083145918709,observation_time_proxy,historical data_available_time is unknown; observation_time is a pseudo-operational proxy
2014-11-04T00:00:00+00:00,2014-11-03,windermere,south,water_temperature,2.0,month_1,2014-11-04,2014-12-03,9.404594740670289,degC,expanding_prior_year_window_climatology,1.0,True,6,6,2008|2009|2010|2011|2012|2013,dad8c30ca79b270c056500468af9ecac4e4a80c519e0bb5f2af4bcea40171789,0.8835971297168321,observation_time_proxy,historical data_available_time is unknown; observation_time is a pseudo-operational proxy
2014-11-04T00:00:00+00:00,2014-11-03,windermere,south,water_temperature,2.0,month_2,2014-12-04,2015-01-02,6.559356297995025,degC,expanding_prior_year_window_climatology,1.0,True,6,6,2008|2009|2010|2011|2012|2013,4f56187244acce37efdd073498148960f182bc105a95a94c88b6e91a5d994c31,0.9108158628119649,observation_time_proxy,historical data_available_time is unknown; observation_time is a pseudo-operational proxy
2014-11-04T00:00:00+00:00,2014-11-03,windermere,south,water_temperature,2.0,month_3,2015-01-03,2015-02-01,4.984961108217592,degC,expanding_prior_year_window_climatology,1.0,True,6,6,2008|2009|2010|2011|2012|2013,b07d9f2e9d20f773e621d70d81e89536118c2af78528fc5b2eaf1ab11da67b8d,0.901816753268452,observation_time_proxy,historical data_available_time is unknown; observation_time is a pseudo-operational proxy
2014-11-11T00:00:00+00:00,2014-11-10,windermere,south,water_temperature,2.0,month_1,2014-11-11,2014-12-10,8.701738933494363,degC,expanding_prior_year_window_climatology,1.0,True,6,6,2008|2009|2010|2011|2012|2013,264067051fd1ac362aabbec960c26dbceef5d6fb82f9722c00e317c9c0940055,0.9103183387418934,observation_time_proxy,historical data_available_time is unknown; observation_time is a pseudo-operational proxy
2014-11-11T00:00:00+00:00,2014-11-10,windermere,south,water_temperature,2.0,month_2,2014-12-11,2015-01-09,5.930203827971014,degC,expanding_prior_year_window_climatology,1.0,True,6,5,2008|2009|2010|2011|2012,741a484d5f3efeaabab6a0e813f105f8e24f6902d50064c1dc0e131208361016,0.9123725678330509,observation_time_proxy,historical data_available_time is unknown; observation_time is a pseudo-operational proxy
2014-11-11T00:00:00+00:00,2014-11-10,windermere,south,water_temperature,2.0,month_3,2015-01-10,2015-02-08,4.784489628852513,degC,expanding_prior_year_window_climatology,1.0,True,6,6,2008|2009|2010|2011|2012|2013,6f1d789b671a101f4f0b8a407be27bc703f6f3cdb8ffec0b8914befe53493aa4,0.8316623597161176,observation_time_proxy,historical data_available_time is unknown; observation_time is a pseudo-operational proxy
2014-11-18T00:00:00+00:00,2014-11-17,windermere,south,water_temperature,2.0,month_1,2014-11-18,2014-12-17,8.011819945994365,degC,expanding_prior_year_window_climatology,1.0,True,6,6,2008|2009|2010|2011|2012|2013,543fb8db04d836330e1262aca6d8aa5ce5fe06984602a021ec2676f9fe05abc9,0.9075618712685818,observation_time_proxy,historical data_available_time is unknown; observation_time is a pseudo-operational proxy
2014-11-18T00:00:00+00:00,2014-11-17,windermere,south,water_temperature,2.0,month_2,2014-12-18,2015-01-16,5.538189104637681,degC,expanding_prior_year_window_climatology,1.0,True,6,5,2008|2009|2010|2011|2012,dbdca6bbe4a9745148bb8bf6ce635dfa1ebbadcce9665c9ada5f936a1bf07e22,0.9463655997781875,observation_time_proxy,historical data_available_time is unknown; observation_time is a pseudo-operational proxy
2014-11-18T00:00:00+00:00,2014-11-17,windermere,south,water_temperature,2.0,month_3,2015-01-17,2015-02-15,4.623070745006614,degC,expanding_prior_year_window_climatology,1.0,True,6,6,2008|2009|2010|2011|2012|2013,5eb52e24ef753e4a32b30aadf5e44c42f562dac89f2bab0b8d72a7dcdb4de7b3,0.7394519795525448,observation_time_proxy,historical data_available_time is unknown; observation_time is a pseudo-operational proxy
2014-11-25T00:00:00+00:00,2014-11-24,windermere,south,water_temperature,2.0,month_1,2014-11-25,2014-12-24,7.3196986809480675,degC,expanding_prior_year_window_climatology,1.0,True,6,6,2008|2009|2010|2011|2012|2013,04a88bc44109a104286a77accc4ddc7e0b10d6bc3ff4cef51a89d6f46ff1292f,0.9089504602805066,observation_time_proxy,historical data_available_time is unknown; observation_time is a pseudo-operational proxy
2014-11-25T00:00:00+00:00,2014-11-24,windermere,south,water_temperature,2.0,month_2,2014-12-25,2015-01-23,5.230277056423395,degC,expanding_prior_year_window_climatology,1.0,True,6,5,2008|2009|2010|2011|2012,ac57d897a9f95c7bebff7f19dedd4f76f5f2ac8e8343c99a6ad7c0831b783df5,0.9940492714804594,observation_time_proxy,historical data_available_time is unknown; observation_time is a pseudo-operational proxy
2014-11-25T00:00:00+00:00,2014-11-24,windermere,south,water_temperature,2.0,month_3,2015-01-24,2015-02-22,4.503461230324074,degC,expanding_prior_year_window_climatology,1.0,True,6,6,2008|2009|2010|2011|2012|2013,4992e1f23c85fcac6f735e974a6f0f11e6c2f2c3e469aa2f9170545fc2c1b389,0.6875408775499282,observation_time_proxy,historical data_available_time is unknown; observation_time is a pseudo-operational proxy
2014-12-02T00:00:00+00:00,2014-12-01,windermere,south,water_temperature,2.0,month_1,2014-12-02,2014-12-31,6.70308138708736,degC,expanding_prior_year_window_climatology,1.0,True,6,6,2008|2009|2010|2011|2012|2013,521bd48b9e1cc2e734fd35a0c0d37a0189316b107fe28654e54d8026e5e64c33,0.9051788673398563,observation_time_proxy,historical data_available_time is unknown; observation_time is a pseudo-operational proxy
2014-12-02T00:00:00+00:00,2014-12-01,windermere,south,water_temperature,2.0,month_2,2015-01-01,2015-01-30,5.0557160914402175,degC,expanding_prior_year_window_climatology,1.0,True,6,6,2008|2009|2010|2011|2012|2013,e317e7cca3bd5df7eaaaeb81b92e0361ad78c650feb0efd0fb4419b3c04f3ad6,0.908072607568924,observation_time_proxy,historical data_available_time is unknown; observation_time is a pseudo-operational proxy
2014-12-02T00:00:00+00:00,2014-12-01,windermere,south,water_temperature,2.0,month_3,2015-01-31,2015-03-01,4.435112518981482,degC,expanding_prior_year_window_climatology,1.0,True,6,6,2008|2009|2010|2011|2012|2013,88ed9a1c469f378b3b1ba0a197320ecb310a86b99b34b15779b3889676c4ed76,0.6655203664774479,observation_time_proxy,historical data_available_time is unknown; observation_time is a pseudo-operational proxy
2014-12-09T00:00:00+00:00,2014-12-08,windermere,south,water_temperature,2.0,month_1,2014-12-09,2015-01-07,6.059212141304347,degC,expanding_prior_year_window_climatology,1.0,True,6,5,2008|2009|2010|2011|2012,6805d26ab2c60dd805ba2aa1d2158e17e5133afeef22b8c0e0cef6d28143d93b,0.92087382337647,observation_time_proxy,historical data_available_time is unknown; observation_time is a pseudo-operational proxy
2014-12-09T00:00:00+00:00,2014-12-08,windermere,south,water_temperature,2.0,month_2,2015-01-08,2015-02-06,4.835803189517196,degC,expanding_prior_year_window_climatology,1.0,True,6,6,2008|2009|2010|2011|2012|2013,3a20b41c7c8b3bd09dd4a9eb8cb4374a6ca3344bdea228a0bbd2b94da7ac734e,0.8602939296502174,observation_time_proxy,historical data_available_time is unknown; observation_time is a pseudo-operational proxy
2014-12-09T00:00:00+00:00,2014-12-08,windermere,south,water_temperature,2.0,month_3,2015-02-07,2015-03-08,4.462162656944445,degC,expanding_prior_year_window_climatology,1.0,True,6,6,2008|2009|2010|2011|2012|2013,5283346dacdd4e4b778873fe5c65b176547e64732ce8304a0f14ebb47c9ff84b,0.6932560185491554,observation_time_proxy,historical data_available_time is unknown; observation_time is a pseudo-operational proxy
2014-12-16T00:00:00+00:00,2014-12-15,windermere,south,water_temperature,2.0,month_1,2014-12-16,2015-01-14,5.639627506859903,degC,expanding_prior_year_window_climatology,1.0,True,6,5,2008|2009|2010|2011|2012,f40699d71449953487dd34d56ef3976a7d3e357965db7e73f02b06dc9d89fcb2,0.9287116843261383,observation_time_proxy,historical data_available_time is unknown; observation_time is a pseudo-operational proxy
2014-12-16T00:00:00+00:00,2014-12-15,windermere,south,water_temperature,2.0,month_2,2015-01-15,2015-02-13,4.671270207060185,degC,expanding_prior_year_window_climatology,1.0,True,6,6,2008|2009|2010|2011|2012|2013,3490aa0ccdcf5a4b9d9ceddf3c06dc3332dbfe583b710d4f22691e11af04cb65,0.7633619581644128,observation_time_proxy,historical data_available_time is unknown; observation_time is a pseudo-operational proxy
2014-12-16T00:00:00+00:00,2014-12-15,windermere,south,water_temperature,2.0,month_3,2015-02-14,2015-03-15,4.554412205324074,degC,expanding_prior_year_window_climatology,1.0,True,6,6,2008|2009|2010|2011|2012|2013,18e22bd16ba53bf7f55ae9dea28cbb0a7e0ede8783f4c0d305b9065ace2fc680,0.7327020009751287,observation_time_proxy,historical data_available_time is unknown; observation_time is a pseudo-operational proxy
2014-12-23T00:00:00+00:00,2014-12-22,windermere,south,water_temperature,2.0,month_1,2014-12-23,2015-01-21,5.316240654062284,degC,expanding_prior_year_window_climatology,1.0,True,6,5,2008|2009|2010|2011|2012,957d62944c13b32e5210afe13645e41005b266bc8cdee1745dbcab4a2c206c0a,0.9807381375778437,observation_time_proxy,historical data_available_time is unknown; observation_time is a pseudo-operational proxy
2014-12-23T00:00:00+00:00,2014-12-22,windermere,south,water_temperature,2.0,month_2,2015-01-22,2015-02-20,4.534726504398148,degC,expanding_prior_year_window_climatology,1.0,True,6,6,2008|2009|2010|2011|2012|2013,11f15f68ce3294f5db04b90904501acd3a4009007126e02024e2b8d3288fc270,0.699820754715955,observation_time_proxy,historical data_available_time is unknown; observation_time is a pseudo-operational proxy
2014-12-23T00:00:00+00:00,2014-12-22,windermere,south,water_temperature,2.0,month_3,2015-02-21,2015-03-22,4.767804195138889,degC,expanding_prior_year_window_climatology,1.0,True,6,6,2008|2009|2010|2011|2012|2013,93bc0cf08d6310e9bdae39933a889b6cdd01690a45014b0478f762e95d1d3363,0.7764879579160601,observation_time_proxy,historical data_available_time is unknown; observation_time is a pseudo-operational proxy
2014-12-30T00:00:00+00:00,2014-12-29,windermere,south,water_temperature,2.0,month_1,2014-12-30,2015-01-28,5.027404578129745,degC,expanding_prior_year_window_climatology,1.0,True,6,5,2008|2009|2010|2011|2012,9dd4a31243b6b3affb3d29dce37fb89d667465746c6fb7eda6fbd466a176882d,0.9788615516193119,observation_time_proxy,historical data_available_time is unknown; observation_time is a pseudo-operational proxy
2014-12-30T00:00:00+00:00,2014-12-29,windermere,south,water_temperature,2.0,month_2,2015-01-29,2015-02-27,4.445238079861111,degC,expanding_prior_year_window_climatology,1.0,True,6,6,2008|2009|2010|2011|2012|2013,1314417bc3ed67b3addb6ea273b25e6916e3ef09ace40ba8f829bd942f1a0695,0.6688436140774917,observation_time_proxy,historical data_available_time is unknown; observation_time is a pseudo-operational proxy
2014-12-30T00:00:00+00:00,2014-12-29,windermere,south,water_temperature,2.0,month_3,2015-02-28,2015-03-29,5.105579477083333,degC,expanding_prior_year_window_climatology,1.0,True,6,6,2008|2009|2010|2011|2012|2013,e5680cfc2725757fccc19a8da02b4f9670556fd8ef24a79dd02e6c67b3ed2741,0.9443212294522902,observation_time_proxy,historical data_available_time is unknown; observation_time is a pseudo-operational proxy
2015-01-06T00:00:00+00:00,2015-01-05,windermere,south,water_temperature,2.0,month_1,2015-01-06,2015-02-04,5.041879689087302,degC,expanding_prior_year_window_climatology,1.0,True,7,7,2008|2009|2010|2011|2012|2013|2014,7723185adff05ac6d8d1bf90c49f4d243be65ab33a1dc57ce8c52d8876b2ca65,0.8963590608184379,observation_time_proxy,historical data_available_time is unknown; observation_time is a pseudo-operational proxy
2015-01-06T00:00:00+00:00,2015-01-05,windermere,south,water_temperature,2.0,month_2,2015-02-05,2015-03-06,4.591985384126984,degC,expanding_prior_year_window_climatology,1.0,True,7,7,2008|2009|2010|2011|2012|2013|2014,6a8b3ca00dbe725be1fc8426f07f1fdc32df6981fec1f0fda137ac8912938e5d,0.7251553032468087,observation_time_proxy,historical data_available_time is unknown; observation_time is a pseudo-operational proxy
2015-01-06T00:00:00+00:00,2015-01-05,windermere,south,water_temperature,2.0,month_3,2015-03-07,2015-04-05,5.662219915674603,degC,expanding_prior_year_window_climatology,1.0,True,7,7,2008|2009|2010|2011|2012|2013|2014,27b52d8a93cb1d89d5ed995c9149914ce57906585aa97887efde3087e7314778,1.162082904710306,observation_time_proxy,historical data_available_time is unknown; observation_time is a pseudo-operational proxy
2015-01-13T00:00:00+00:00,2015-01-12,windermere,south,water_temperature,2.0,month_1,2015-01-13,2015-02-11,4.864836916709184,degC,expanding_prior_year_window_climatology,1.0,True,7,7,2008|2009|2010|2011|2012|2013|2014,b1494a9021abd28a517093fb21161feca7077c26c6291d21a900e5dd5343c1b6,0.8199108065920239,observation_time_proxy,historical data_available_time is unknown; observation_time is a pseudo-operational proxy
2015-01-13T00:00:00+00:00,2015-01-12,windermere,south,water_temperature,2.0,month_2,2015-02-12,2015-03-13,4.669669822619047,degC,expanding_prior_year_window_climatology,1.0,True,7,7,2008|2009|2010|2011|2012|2013|2014,cbfb595ed353a1808d1f11d7a8e84c27b1167d37abcdb8b5f1c1a7561256ba4a,0.7720576551249355,observation_time_proxy,historical data_available_time is unknown; observation_time is a pseudo-operational proxy
2015-01-13T00:00:00+00:00,2015-01-12,windermere,south,water_temperature,2.0,month_3,2015-03-14,2015-04-12,6.1366008744047615,degC,expanding_prior_year_window_climatology,1.0,True,7,7,2008|2009|2010|2011|2012|2013|2014,fc5f3612afef87174ba8da2a66bf1bfd469471b80d1924cac7126731fe14d336,1.2599619417809822,observation_time_proxy,historical data_available_time is unknown; observation_time is a pseudo-operational proxy
2015-01-20T00:00:00+00:00,2015-01-19,windermere,south,water_temperature,2.0,month_1,2015-01-20,2015-02-18,4.71130505734127,degC,expanding_prior_year_window_climatology,1.0,True,7,7,2008|2009|2010|2011|2012|2013|2014,710ad81e135c8a1f1168e045aaa29bf8666a0d909192983b8b1d22dadc84d0cf,0.7525630516379431,observation_time_proxy,historical data_available_time is unknown; observation_time is a pseudo-operational proxy
2015-01-20T00:00:00+00:00,2015-01-19,windermere,south,water_temperature,2.0,month_2,2015-02-19,2015-03-20,4.858619336706349,degC,expanding_prior_year_window_climatology,1.0,True,7,7,2008|2009|2010|2011|2012|2013|2014,149016f7233a492a2b1fab54dd7231bb7e3f8dfbc70ba458831f2ff5f15948b4,0.8222614520000116,observation_time_proxy,historical data_available_time is unknown; observation_time is a pseudo-operational proxy
2015-01-20T00:00:00+00:00,2015-01-19,windermere,south,water_temperature,2.0,month_3,2015-03-21,2015-04-19,6.749535617063492,degC,expanding_prior_year_window_climatology,1.0,True,7,7,2008|2009|2010|2011|2012|2013|2014,9c2c5f82c55184955caf6af6842d529f56ed040e42ffa15a5f65d054f64fa0c5,1.382838928884652,observation_time_proxy,historical data_available_time is unknown; observation_time is a pseudo-operational proxy
2015-01-27T00:00:00+00:00,2015-01-26,windermere,south,water_temperature,2.0,month_1,2015-01-27,2015-02-25,4.6033433,degC,expanding_prior_year_window_climatology,1.0,True,7,7,2008|2009|2010|2011|2012|2013|2014,2cea2996f459d3abd8d286d238c18913a2fa53253d609c792f1c1c71e491bd8d,0.7176981243489432,observation_time_proxy,historical data_available_time is unknown; observation_time is a pseudo-operational proxy
2015-01-27T00:00:00+00:00,2015-01-26,windermere,south,water_temperature,2.0,month_2,2015-02-26,2015-03-27,5.1574670125,degC,expanding_prior_year_window_climatology,1.0,True,7,7,2008|2009|2010|2011|2012|2013|2014,551097b52180ed02f87b64f18f761e262b17c26eb8cf8bee11627cb60b36b9c4,0.90592475461159,observation_time_proxy,historical data_available_time is unknown; observation_time is a pseudo-operational proxy
2015-01-27T00:00:00+00:00,2015-01-26,windermere,south,water_temperature,2.0,month_3,2015-03-28,2015-04-26,7.537551011574074,degC,expanding_prior_year_window_climatology,1.0,True,7,6,2008|2009|2011|2012|2013|2014,ef19d7c884bb7732d04b0f3ca7e99fc1a0deab2a0348204db9b152e678b863ca,1.6694352425373604,observation_time_proxy,historical data_available_time is unknown; observation_time is a pseudo-operational proxy
2015-02-03T00:00:00+00:00,2015-02-02,windermere,south,water_temperature,2.0,month_1,2015-02-03,2015-03-04,4.582935807738095,degC,expanding_prior_year_window_climatology,1.0,True,7,7,2008|2009|2010|2011|2012|2013|2014,a04459b7a62d905b04aa07efc60a65845fcd46f319e6e814a162623982c3dcf8,0.7182275685544129,observation_time_proxy,historical data_available_time is unknown; observation_time is a pseudo-operational proxy
2015-02-03T00:00:00+00:00,2015-02-02,windermere,south,water_temperature,2.0,month_2,2015-03-05,2015-04-03,5.5572915811507935,degC,expanding_prior_year_window_climatology,1.0,True,7,7,2008|2009|2010|2011|2012|2013|2014,7ae609b60c05da15c95a283a73871b09e07c19ac2ec8c5e9501f5f76861ced29,1.1316165949823915,observation_time_proxy,historical data_available_time is unknown; observation_time is a pseudo-operational proxy
2015-02-03T00:00:00+00:00,2015-02-02,windermere,south,water_temperature,2.0,month_3,2015-04-04,2015-05-03,8.279874951620371,degC,expanding_prior_year_window_climatology,1.0,True,7,6,2008|2009|2011|2012|2013|2014,aa807ca203d3776ab7e22a7b0b83f4d00e2a3e1e5ed974c0643c2fd32833b2b5,1.8601218781542048,observation_time_proxy,historical data_available_time is unknown; observation_time is a pseudo-operational proxy
2015-02-10T00:00:00+00:00,2015-02-09,windermere,south,water_temperature,2.0,month_1,2015-02-10,2015-03-11,4.638632569642857,degC,expanding_prior_year_window_climatology,1.0,True,7,7,2008|2009|2010|2011|2012|2013|2014,13dcf470d54e699db34bcd03d2d3e68a9958fa1498a9a34bf505ba8612c8e4eb,0.7574285491079956,observation_time_proxy,historical data_available_time is unknown; observation_time is a pseudo-operational proxy
2015-02-10T00:00:00+00:00,2015-02-09,windermere,south,water_temperature,2.0,month_2,2015-03-12,2015-04-10,5.968566096825397,degC,expanding_prior_year_window_climatology,1.0,True,7,7,2008|2009|2010|2011|2012|2013|2014,dac062e2fbcac209c0305a76337a0b30e998351ed893f38ad1753a93082643db,1.2342196879041873,observation_time_proxy,historical data_available_time is unknown; observation_time is a pseudo-operational proxy
2015-02-10T00:00:00+00:00,2015-02-09,windermere,south,water_temperature,2.0,month_3,2015-04-11,2015-05-10,9.180342378009259,degC,expanding_prior_year_window_climatology,1.0,True,7,6,2008|2009|2011|2012|2013|2014,1923e11ba5615789ca74e9fc61e8a2fd2e8c7db8891d5d1e9ea7f8698601a573,1.938485718463994,observation_time_proxy,historical data_available_time is unknown; observation_time is a pseudo-operational proxy
2015-02-17T00:00:00+00:00,2015-02-16,windermere,south,water_temperature,2.0,month_1,2015-02-17,2015-03-18,4.7906717202380955,degC,expanding_prior_year_window_climatology,1.0,True,7,7,2008|2009|2010|2011|2012|2013|2014,14b7833ddd0026feabdc607ccb1daebeb55793366533dffd3493703c38b9d12a,0.807593515393328,observation_time_proxy,historical data_available_time is unknown; observation_time is a pseudo-operational proxy
2015-02-17T00:00:00+00:00,2015-02-16,windermere,south,water_temperature,2.0,month_2,2015-03-19,2015-04-17,6.560611183928572,degC,expanding_prior_year_window_climatology,1.0,True,7,7,2008|2009|2010|2011|2012|2013|2014,b540cbda4eb79189f54c493523b0dfb07d187b2ae87e636df1e24c3bb3dabda3,1.3432359965844363,observation_time_proxy,historical data_available_time is unknown; observation_time is a pseudo-operational proxy
2015-02-17T00:00:00+00:00,2015-02-16,windermere,south,water_temperature,2.0,month_3,2015-04-18,2015-05-17,10.056530061111111,degC,expanding_prior_year_window_climatology,1.0,True,7,6,2008|2009|2011|2012|2013|2014,067c6ad46937c2526cb15c3451e7d3e0d68e2bc2cd1a34e725ec57bf021832c7,1.8451324837479868,observation_time_proxy,historical data_available_time is unknown; observation_time is a pseudo-operational proxy
2015-02-24T00:00:00+00:00,2015-02-23,windermere,south,water_temperature,2.0,month_1,2015-02-24,2015-03-25,5.062003312103175,degC,expanding_prior_year_window_climatology,1.0,True,7,7,2008|2009|2010|2011|2012|2013|2014,79facc0fd5c6c65146ca287c42962fedc0ecde9e3cb6c468058c765cd0e75aa8,0.8693652955439519,observation_time_proxy,historical data_available_time is unknown; observation_time is a pseudo-operational proxy
2015-02-24T00:00:00+00:00,2015-02-23,windermere,south,water_temperature,2.0,month_2,2015-03-26,2015-04-24,7.332190350462963,degC,expanding_prior_year_window_climatology,1.0,True,7,6,2008|2009|2011|2012|2013|2014,3090d1390d91b334d2a8f218cb190406e7e7d229984156a07b139add1a8ebf10,1.639131982534184,observation_time_proxy,historical data_available_time is unknown; observation_time is a pseudo-operational proxy
2015-02-24T00:00:00+00:00,2015-02-23,windermere,south,water_temperature,2.0,month_3,2015-04-25,2015-05-24,10.91546963611111,degC,expanding_prior_year_window_climatology,1.0,True,7,6,2008|2009|2011|2012|2013|2014,8efd4bf56f63fc43cc6247b4dadf87bab810f6f8c6b80590c0b479d27940a0c5,1.6635973936277788,observation_time_proxy,historical data_available_time is unknown; observation_time is a pseudo-operational proxy
2015-03-03T00:00:00+00:00,2015-03-02,windermere,south,water_temperature,2.0,month_1,2015-03-03,2015-04-01,5.441656266269841,degC,expanding_prior_year_window_climatology,1.0,True,7,7,2008|2009|2010|2011|2012|2013|2014,4b835b01cdddc01603a9eed11eafb7fcd640e2a848f54a301335562289af41c5,1.0780620995641925,observation_time_proxy,historical data_available_time is unknown; observation_time is a pseudo-operational proxy
2015-03-03T00:00:00+00:00,2015-03-02,windermere,south,water_temperature,2.0,month_2,2015-04-02,2015-05-01,8.061293546064814,degC,expanding_prior_year_window_climatology,1.0,True,7,6,2008|2009|2011|2012|2013|2014,86c829c6f0ece5647bc75d3ffa2fb41b89752719efc638620ca44a5606e109a1,1.7935130722217278,observation_time_proxy,historical data_available_time is unknown; observation_time is a pseudo-operational proxy
2015-03-03T00:00:00+00:00,2015-03-02,windermere,south,water_temperature,2.0,month_3,2015-05-02,2015-05-31,11.899088462103174,degC,expanding_prior_year_window_climatology,1.0,True,7,7,2008|2009|2010|2011|2012|2013|2014,e9bf1c8e49a3326e5a4699209d656818468b8b4ed6856ac2624e053ea90effc4,1.333835042004355,observation_time_proxy,historical data_available_time is unknown; observation_time is a pseudo-operational proxy
2015-03-10T00:00:00+00:00,2015-03-09,windermere,south,water_temperature,2.0,month_1,2015-03-10,2015-04-08,5.834254703769841,degC,expanding_prior_year_window_climatology,1.0,True,7,7,2008|2009|2010|2011|2012|2013|2014,ed545e1f17c3bb3ae85ae083d356d78f91d196d7c80871faaa14bea034428b33,1.2075104639219412,observation_time_proxy,historical data_available_time is unknown; observation_time is a pseudo-operational proxy
2015-03-10T00:00:00+00:00,2015-03-09,windermere,south,water_temperature,2.0,month_2,2015-04-09,2015-05-08,8.927903280787037,degC,expanding_prior_year_window_climatology,1.0,True,7,6,2008|2009|2011|2012|2013|2014,eb72e0651a99a96513439ed1a68dbfce549476902819ba09e85f50cee0f94c1a,1.9534494952306154,observation_time_proxy,historical data_available_time is unknown; observation_time is a pseudo-operational proxy
2015-03-10T00:00:00+00:00,2015-03-09,windermere,south,water_temperature,2.0,month_3,2015-05-09,2015-06-07,13.030688513957307,degC,expanding_prior_year_window_climatology,1.0,True,7,7,2008|2009|2010|2011|2012|2013|2014,e2f035161928bfedd3003f01a42d72bbea13de6ad6ee147fd815b77a572908cf,1.17827644604076,observation_time_proxy,historical data_available_time is unknown; observation_time is a pseudo-operational proxy
2015-03-17T00:00:00+00:00,2015-03-16,windermere,south,water_temperature,2.0,month_1,2015-03-17,2015-04-15,6.385740240277777,degC,expanding_prior_year_window_climatology,1.0,True,7,7,2008|2009|2010|2011|2012|2013|2014,f2843b1b188a3adbe37fd6400a8ea49ff426215db368c5047cfc414a42734590,1.3094550321945184,observation_time_proxy,historical data_available_time is unknown; observation_time is a pseudo-operational proxy
2015-03-17T00:00:00+00:00,2015-03-16,windermere,south,water_temperature,2.0,month_2,2015-04-16,2015-05-15,9.803143351851851,degC,expanding_prior_year_window_climatology,1.0,True,7,6,2008|2009|2011|2012|2013|2014,dcd8369188d570db9b63a4a37e92821aa70211925dbb092be886b703e2409888,1.872865527601477,observation_time_proxy,historical data_available_time is unknown; observation_time is a pseudo-operational proxy
2015-03-17T00:00:00+00:00,2015-03-16,windermere,south,water_temperature,2.0,month_3,2015-05-16,2015-06-14,14.155294325882595,degC,expanding_prior_year_window_climatology,1.0,True,7,7,2008|2009|2010|2011|2012|2013|2014,3c249fa79a69ffcdab960f8984ad29fb9ca53379f1fa77b43c018c3e1db75608,0.9754848258219637,observation_time_proxy,historical data_available_time is unknown; observation_time is a pseudo-operational proxy
2015-03-24T00:00:00+00:00,2015-03-23,windermere,south,water_temperature,2.0,month_1,2015-03-24,2015-04-22,7.039119782506184,degC,expanding_prior_year_window_climatology,1.0,True,7,7,2008|2009|2010|2011|2012|2013|2014,f0c7c32016556bd026a66f94708e9300491ba04a01cdab446452dbc6f402cdd5,1.4691252862942619,observation_time_proxy,historical data_available_time is unknown; observation_time is a pseudo-operational proxy
2015-03-24T00:00:00+00:00,2015-03-23,windermere,south,water_temperature,2.0,month_2,2015-04-23,2015-05-22,10.668843716898149,degC,expanding_prior_year_window_climatology,1.0,True,7,6,2008|2009|2011|2012|2013|2014,e3b8e7987a34075a2e48c57839bc760c71ee1a9406cc01e42ccdbc0209b81259,1.7395535617878735,observation_time_proxy,historical data_available_time is unknown; observation_time is a pseudo-operational proxy
2015-03-24T00:00:00+00:00,2015-03-23,windermere,south,water_temperature,2.0,month_3,2015-05-23,2015-06-21,15.133397582396004,degC,expanding_prior_year_window_climatology,1.0,True,7,7,2008|2009|2010|2011|2012|2013|2014,c30bc3d796e60c51566fe93ec0cb0b847efc0636ac29720935621cd8a6770457,0.9071417961695097,observation_time_proxy,historical data_available_time is unknown; observation_time is a pseudo-operational proxy
2015-03-31T00:00:00+00:00,2015-03-30,windermere,south,water_temperature,2.0,month_1,2015-03-31,2015-04-29,7.845602078935185,degC,expanding_prior_year_window_climatology,1.0,True,7,6,2008|2009|2011|2012|2013|2014,f004f9b20e335db2b18532562c3386c153e779a3e95d2bc0a41193b7879a4910,1.7271113021210025,observation_time_proxy,historical data_available_time is unknown; observation_time is a pseudo-operational proxy
2015-03-31T00:00:00+00:00,2015-03-30,windermere,south,water_temperature,2.0,month_2,2015-04-30,2015-05-29,11.624608109934318,degC,expanding_prior_year_window_climatology,1.0,True,7,7,2008|2009|2010|2011|2012|2013|2014,5943fa0d58e989981a94785d0c9274dbacc80dd94f81a5d21d6ac568f50344bf,1.3754621710008104,observation_time_proxy,historical data_available_time is unknown; observation_time is a pseudo-operational proxy
2015-03-31T00:00:00+00:00,2015-03-30,windermere,south,water_temperature,2.0,month_3,2015-05-30,2015-06-28,15.86231142966612,degC,expanding_prior_year_window_climatology,1.0,True,7,7,2008|2009|2010|2011|2012|2013|2014,7c492e3532815edcc590fbf9fcb1a3735c8d4348f68a7747d54d8dd064c37335,0.8871750686035746,observation_time_proxy,historical data_available_time is unknown; observation_time is a pseudo-operational proxy
2015-04-07T00:00:00+00:00,2015-04-06,windermere,south,water_temperature,2.0,month_1,2015-04-07,2015-05-06,8.656635921990741,degC,expanding_prior_year_window_climatology,1.0,True,7,6,2008|2009|2011|2012|2013|2014,57770770aea353237da1e1e6201ce77dc018fd4e4fbd1dba85f3cfaceb23aee0,1.9462091908808403,observation_time_proxy,historical data_available_time is unknown; observation_time is a pseudo-operational proxy
2015-04-07T00:00:00+00:00,2015-04-06,windermere,south,water_temperature,2.0,month_2,2015-05-07,2015-06-05,12.696933209927478,degC,expanding_prior_year_window_climatology,1.0,True,7,7,2008|2009|2010|2011|2012|2013|2014,8df9eee750f8be8834ea61d8989e176a5ac3b0e62fd6baa91b3500d52797c3c5,1.2219426708436565,observation_time_proxy,historical data_available_time is unknown; observation_time is a pseudo-operational proxy
2015-04-07T00:00:00+00:00,2015-04-06,windermere,south,water_temperature,2.0,month_3,2015-06-06,2015-07-05,16.45820360515873,degC,expanding_prior_year_window_climatology,1.0,True,7,7,2008|2009|2010|2011|2012|2013|2014,9809dfaed4ab57d23ba6541e6ded24e07642f7e41e2283246bdccf584d92eb2e,1.2274286057380768,observation_time_proxy,historical data_available_time is unknown; observation_time is a pseudo-operational proxy
2015-04-14T00:00:00+00:00,2015-04-13,windermere,south,water_temperature,2.0,month_1,2015-04-14,2015-05-13,9.549736784027777,degC,expanding_prior_year_window_climatology,1.0,True,7,6,2008|2009|2011|2012|2013|2014,369a6b33b69e8d783dfa5c6742c48c84b33441d299dc34b491ccaf7bea6f4701,1.90136167593298,observation_time_proxy,historical data_available_time is unknown; observation_time is a pseudo-operational proxy
2015-04-14T00:00:00+00:00,2015-04-13,windermere,south,water_temperature,2.0,month_2,2015-05-14,2015-06-12,13.85338703015873,degC,expanding_prior_year_window_climatology,1.0,True,7,7,2008|2009|2010|2011|2012|2013|2014,778564e7a5facf1ff2dba6c0ae17851e9fd8d61e7a438295086545a919ec32f1,1.0076801239571511,observation_time_proxy,historical data_available_time is unknown; observation_time is a pseudo-operational proxy
2015-04-14T00:00:00+00:00,2015-04-13,windermere,south,water_temperature,2.0,month_3,2015-06-13,2015-07-12,16.98648939575099,degC,expanding_prior_year_window_climatology,1.0,True,7,7,2008|2009|2010|2011|2012|2013|2014,3f42cd6b083571fa53bd723e49f0751f9612a0e7392980221066c24b97d9a2a3,1.5133239984585372,observation_time_proxy,historical data_available_time is unknown; observation_time is a pseudo-operational proxy
2015-04-21T00:00:00+00:00,2015-04-20,windermere,south,water_temperature,2.0,month_1,2015-04-21,2015-05-20,10.413740564814814,degC,expanding_prior_year_window_climatology,1.0,True,7,6,2008|2009|2011|2012|2013|2014,f10523067b6a2201de1254e5b4d5192bfba8639c1a23254112e2c78260f5157d,1.8094363374891178,observation_time_proxy,historical data_available_time is unknown; observation_time is a pseudo-operational proxy
2015-04-21T00:00:00+00:00,2015-04-20,windermere,south,water_temperature,2.0,month_2,2015-05-21,2015-06-19,14.8734065969896,degC,expanding_prior_year_window_climatology,1.0,True,7,7,2008|2009|2010|2011|2012|2013|2014,011999addccc69167fd585558f817df94fb5ee47b1036a849f0a4da6ddcef6da,0.9270010296766695,observation_time_proxy,historical data_available_time is unknown; observation_time is a pseudo-operational proxy
2015-04-21T00:00:00+00:00,2015-04-20,windermere,south,water_temperature,2.0,month_3,2015-06-20,2015-07-19,17.5174513818621,degC,expanding_prior_year_window_climatology,1.0,True,7,7,2008|2009|2010|2011|2012|2013|2014,07a2db4223d1bd223f0514cd9ba25042770c257b3ae74140fd99fce0defcc1e2,1.6572852007987244,observation_time_proxy,historical data_available_time is unknown; observation_time is a pseudo-operational proxy
2015-04-28T00:00:00+00:00,2015-04-27,windermere,south,water_temperature,2.0,month_1,2015-04-28,2015-05-27,11.377970264351852,degC,expanding_prior_year_window_climatology,1.0,True,7,7,2008|2009|2010|2011|2012|2013|2014,c25ef0f99bfc30ed8cf06487ac68f29ab414ecc3009ad8e1455e89e950a5234a,1.4335714008328706,observation_time_proxy,historical data_available_time is unknown; observation_time is a pseudo-operational proxy
2015-04-28T00:00:00+00:00,2015-04-27,windermere,south,water_temperature,2.0,month_2,2015-05-28,2015-06-26,15.638069991324576,degC,expanding_prior_year_window_climatology,1.0,True,7,7,2008|2009|2010|2011|2012|2013|2014,3fabee7cb4c926cb78ef21595d82d288ae6e1e4f360ed1d21f41b1b865950ec3,0.8439866523002564,observation_time_proxy,historical data_available_time is unknown; observation_time is a pseudo-operational proxy
2015-04-28T00:00:00+00:00,2015-04-27,windermere,south,water_temperature,2.0,month_3,2015-06-27,2015-07-26,17.99870549892559,degC,expanding_prior_year_window_climatology,1.0,True,7,7,2008|2009|2010|2011|2012|2013|2014,5a904c8df4bd803176d10675a77aaabaf0ec5c4cf00fa2f12c33228f937b5242,1.6873720615310894,observation_time_proxy,historical data_available_time is unknown; observation_time is a pseudo-operational proxy
2015-05-05T00:00:00+00:00,2015-05-04,windermere,south,water_temperature,2.0,month_1,2015-05-05,2015-06-03,12.352510663724685,degC,expanding_prior_year_window_climatology,1.0,True,7,7,2008|2009|2010|2011|2012|2013|2014,91e978045247dafafecd7a646dc2b0f31d5fc118caaeb18404c3236cbe957e67,1.2727874668823567,observation_time_proxy,historical data_available_time is unknown; observation_time is a pseudo-operational proxy
2015-05-05T00:00:00+00:00,2015-05-04,windermere,south,water_temperature,2.0,month_2,2015-06-04,2015-07-03,16.336373396825397,degC,expanding_prior_year_window_climatology,1.0,True,7,7,2008|2009|2010|2011|2012|2013|2014,2151fa93a3b31b264a62f1be24dde034e3f9c3b2192e85632b12ea1fd9601099,1.1512404455762943,observation_time_proxy,historical data_available_time is unknown; observation_time is a pseudo-operational proxy
2015-05-05T00:00:00+00:00,2015-05-04,windermere,south,water_temperature,2.0,month_3,2015-07-04,2015-08-02,18.373863810433527,degC,expanding_prior_year_window_climatology,1.0,True,7,7,2008|2009|2010|2011|2012|2013|2014,aaa86d38bf6a17293310a7277089cb249372ac12e730fe21e778979ae71b75c9,1.7102062775270626,observation_time_proxy,historical data_available_time is unknown; observation_time is a pseudo-operational proxy
2015-05-12T00:00:00+00:00,2015-05-11,windermere,south,water_temperature,2.0,month_1,2015-05-12,2015-06-10,13.5383159829844,degC,expanding_prior_year_window_climatology,1.0,True,7,7,2008|2009|2010|2011|2012|2013|2014,dbf877fc48872a7ef513f19d53d183a87ec4b3b8500bf557d28fa0e6b8b79c80,1.0651158083988925,observation_time_proxy,historical data_available_time is unknown; observation_time is a pseudo-operational proxy
2015-05-12T00:00:00+00:00,2015-05-11,windermere,south,water_temperature,2.0,month_2,2015-06-11,2015-07-10,16.809994329192545,degC,expanding_prior_year_window_climatology,1.0,True,7,7,2008|2009|2010|2011|2012|2013|2014,18b34ea45d9843b6a3cd4fab37dfac1fcc6560e4a19c027a1527b49fa5ec65e3,1.4294463118947107,observation_time_proxy,historical data_available_time is unknown; observation_time is a pseudo-operational proxy
2015-05-12T00:00:00+00:00,2015-05-11,windermere,south,water_temperature,2.0,month_3,2015-07-11,2015-08-09,18.533317698928055,degC,expanding_prior_year_window_climatology,1.0,True,7,7,2008|2009|2010|2011|2012|2013|2014,bb5ff42a79bda56c7a90b216b716a8bf1efc08317926347e47b557adbb1086e3,1.769961087581597,observation_time_proxy,historical data_available_time is unknown; observation_time is a pseudo-operational proxy
2015-05-19T00:00:00+00:00,2015-05-18,windermere,south,water_temperature,2.0,month_1,2015-05-19,2015-06-17,14.594906674787904,degC,expanding_prior_year_window_climatology,1.0,True,7,7,2008|2009|2010|2011|2012|2013|2014,40f6ec973b58773a4b435dc0db7d7e26a7dded325d3a44ceb80397b1bfb1c082,0.9445009548288047,observation_time_proxy,historical data_available_time is unknown; observation_time is a pseudo-operational proxy
2015-05-19T00:00:00+00:00,2015-05-18,windermere,south,water_temperature,2.0,month_2,2015-06-18,2015-07-17,17.389869596147815,degC,expanding_prior_year_window_climatology,1.0,True,7,7,2008|2009|2010|2011|2012|2013|2014,b7be6659cc3ddd65912df41dae7a4235065e36f38fa5ed67387fae06b9198e26,1.638754411232401,observation_time_proxy,historical data_available_time is unknown; observation_time is a pseudo-operational proxy
2015-05-19T00:00:00+00:00,2015-05-18,windermere,south,water_temperature,2.0,month_3,2015-07-18,2015-08-16,18.44068770181406,degC,expanding_prior_year_window_climatology,1.0,True,7,7,2008|2009|2010|2011|2012|2013|2014,b0a417679a3831cb1622ba88c600455ddf8c0b788cdd16a0e098c1f4ba8499a1,1.4686320767449021,observation_time_proxy,historical data_available_time is unknown; observation_time is a pseudo-operational proxy
2015-05-26T00:00:00+00:00,2015-05-25,windermere,south,water_temperature,2.0,month_1,2015-05-26,2015-06-24,15.440282219512863,degC,expanding_prior_year_window_climatology,1.0,True,7,7,2008|2009|2010|2011|2012|2013|2014,766354d7118afa3ce9c1a7ad73ee711e7de1f0e6dde2ac075f19dad1350c65e9,0.8480450414233704,observation_time_proxy,historical data_available_time is unknown; observation_time is a pseudo-operational proxy
2015-05-26T00:00:00+00:00,2015-05-25,windermere,south,water_temperature,2.0,month_2,2015-06-25,2015-07-24,17.84198838979861,degC,expanding_prior_year_window_climatology,1.0,True,7,7,2008|2009|2010|2011|2012|2013|2014,e950e12ae6751e379a2d0bebf34087cbbf469a464ac8c64bf996adf4da815818,1.6928984396609725,observation_time_proxy,historical data_available_time is unknown; observation_time is a pseudo-operational proxy
2015-05-26T00:00:00+00:00,2015-05-25,windermere,south,water_temperature,2.0,month_3,2015-07-25,2015-08-23,18.216004263321995,degC,expanding_prior_year_window_climatology,1.0,True,7,7,2008|2009|2010|2011|2012|2013|2014,a0326fed678c6be7155505ee9e2a5be41f466db6c9b7098c4dda6a9216232c91,0.9708873854777108,observation_time_proxy,historical data_available_time is unknown; observation_time is a pseudo-operational proxy
2015-06-02T00:00:00+00:00,2015-06-01,windermere,south,water_temperature,2.0,month_1,2015-06-02,2015-07-01,16.170366847222223,degC,expanding_prior_year_window_climatology,1.0,True,7,7,2008|2009|2010|2011|2012|2013|2014,63ff404198261b46614a86ea5343e14a240d424dc920177b7fc6ca5d9e971e8b,1.0393154670576261,observation_time_proxy,historical data_available_time is unknown; observation_time is a pseudo-operational proxy
2015-06-02T00:00:00+00:00,2015-06-01,windermere,south,water_temperature,2.0,month_2,2015-07-02,2015-07-31,18.303710929481145,degC,expanding_prior_year_window_climatology,1.0,True,7,7,2008|2009|2010|2011|2012|2013|2014,f81b38a47321470b52c066608091e5e8353f0f15b0f308ca7caa080b8d7bef4a,1.6703613202824996,observation_time_proxy,historical data_available_time is unknown; observation_time is a pseudo-operational proxy
2015-06-02T00:00:00+00:00,2015-06-01,windermere,south,water_temperature,2.0,month_3,2015-08-01,2015-08-30,17.78324284665533,degC,expanding_prior_year_window_climatology,1.0,True,7,7,2008|2009|2010|2011|2012|2013|2014,2302294edf5563b582284f213d073377f6a977da0ef57fc347aea0a308fb6ec3,0.6617787179090144,observation_time_proxy,historical data_available_time is unknown; observation_time is a pseudo-operational proxy
2015-06-09T00:00:00+00:00,2015-06-08,windermere,south,water_temperature,2.0,month_1,2015-06-09,2015-07-08,16.655351672446514,degC,expanding_prior_year_window_climatology,1.0,True,7,7,2008|2009|2010|2011|2012|2013|2014,6913c55876bdc295e4d9525150c6b7c308d458a9fc9e9ec4f694e63f9f2c1d64,1.3375326982905265,observation_time_proxy,historical data_available_time is unknown; observation_time is a pseudo-operational proxy
2015-06-09T00:00:00+00:00,2015-06-08,windermere,south,water_temperature,2.0,month_2,2015-07-09,2015-08-07,18.518645226705832,degC,expanding_prior_year_window_climatology,1.0,True,7,7,2008|2009|2010|2011|2012|2013|2014,8d07a114b75b71852957ec19b3a174f97cffee96e77c49992d0428dec511e5f2,1.7864799019693867,observation_time_proxy,historical data_available_time is unknown; observation_time is a pseudo-operational proxy
2015-06-09T00:00:00+00:00,2015-06-08,windermere,south,water_temperature,2.0,month_3,2015-08-08,2015-09-06,17.39109013690476,degC,expanding_prior_year_window_climatology,1.0,True,7,7,2008|2009|2010|2011|2012|2013|2014,f3e7fe58bd188186d46b746a0c2d52a3794e9ca14cc2522001c6c81040e697fd,0.6128778660963,observation_time_proxy,historical data_available_time is unknown; observation_time is a pseudo-operational proxy
2015-06-16T00:00:00+00:00,2015-06-15,windermere,south,water_temperature,2.0,month_1,2015-06-16,2015-07-15,17.252639167576383,degC,expanding_prior_year_window_climatology,1.0,True,7,7,2008|2009|2010|2011|2012|2013|2014,3967ec08536b89be2db67e88f477a95be497147874329b80a1b7b3875d811e5c,1.6070124132356298,observation_time_proxy,historical data_available_time is unknown; observation_time is a pseudo-operational proxy
2015-06-16T00:00:00+00:00,2015-06-15,windermere,south,water_temperature,2.0,month_2,2015-07-16,2015-08-14,18.46138678713152,degC,expanding_prior_year_window_climatology,1.0,True,7,7,2008|2009|2010|2011|2012|2013|2014,79cdb6c483f5103178b568eec713263ffd73d768e3231ce657a93b620c91a6f8,1.5601361591164429,observation_time_proxy,historical data_available_time is unknown; observation_time is a pseudo-operational proxy
2015-06-16T00:00:00+00:00,2015-06-15,windermere,south,water_temperature,2.0,month_3,2015-08-15,2015-09-13,16.957120313492062,degC,expanding_prior_year_window_climatology,1.0,True,7,7,2008|2009|2010|2011|2012|2013|2014,f09ee9aec3cd741766dfc6b77840f2853f6137ea4ae37536a865145a92aabd4e,0.6698600432537688,observation_time_proxy,historical data_available_time is unknown; observation_time is a pseudo-operational proxy
2015-06-23T00:00:00+00:00,2015-06-22,windermere,south,water_temperature,2.0,month_1,2015-06-23,2015-07-22,17.706023687417655,degC,expanding_prior_year_window_climatology,1.0,True,7,7,2008|2009|2010|2011|2012|2013|2014,9ce9c3bb53dff71ed5a287c0d4c7f7e234be57924e4c42f2b013761a4d7a44c2,1.6887593179859088,observation_time_proxy,historical data_available_time is unknown; observation_time is a pseudo-operational proxy
2015-06-23T00:00:00+00:00,2015-06-22,windermere,south,water_temperature,2.0,month_2,2015-07-23,2015-08-21,18.299130521258505,degC,expanding_prior_year_window_climatology,1.0,True,7,7,2008|2009|2010|2011|2012|2013|2014,b7f34ee141a234f2c874bdf2244c424e6179dde008214487e5205dd2598a5f10,1.1229776646109606,observation_time_proxy,historical data_available_time is unknown; observation_time is a pseudo-operational proxy
2015-06-23T00:00:00+00:00,2015-06-22,windermere,south,water_temperature,2.0,month_3,2015-08-22,2015-09-20,16.497694547619048,degC,expanding_prior_year_window_climatology,1.0,True,7,7,2008|2009|2010|2011|2012|2013|2014,de103cf9f9f4b395c7051a52402c23f0cfecb8890ed02195795d65b1a82b582a,0.6754680478266354,observation_time_proxy,historical data_available_time is unknown; observation_time is a pseudo-operational proxy
2015-06-30T00:00:00+00:00,2015-06-29,windermere,south,water_temperature,2.0,month_1,2015-06-30,2015-07-29,18.205803943370036,degC,expanding_prior_year_window_climatology,1.0,True,7,7,2008|2009|2010|2011|2012|2013|2014,137cf110944109fc17c9db1eb24accfb312cf3b8c260b4cea4a1b25f57f02a4c,1.6640381632492998,observation_time_proxy,historical data_available_time is unknown; observation_time is a pseudo-operational proxy
2015-06-30T00:00:00+00:00,2015-06-29,windermere,south,water_temperature,2.0,month_2,2015-07-30,2015-08-28,17.90766302919501,degC,expanding_prior_year_window_climatology,1.0,True,7,7,2008|2009|2010|2011|2012|2013|2014,7cc22cecc2411da984a5fbedfe86dcc856a0444d55a42364fd8c26372a63b139,0.7152414346308845,observation_time_proxy,historical data_available_time is unknown; observation_time is a pseudo-operational proxy
2015-06-30T00:00:00+00:00,2015-06-29,windermere,south,water_temperature,2.0,month_3,2015-08-29,2015-09-27,15.963679172619049,degC,expanding_prior_year_window_climatology,1.0,True,7,7,2008|2009|2010|2011|2012|2013|2014,ee1c1887fc6501747863453e84eec20c8f65adacf4abf221af19245f00d8d798,0.7637143370038045,observation_time_proxy,historical data_available_time is unknown; observation_time is a pseudo-operational proxy
2015-07-07T00:00:00+00:00,2015-07-06,windermere,south,water_temperature,2.0,month_1,2015-07-07,2015-08-05,18.47252185624098,degC,expanding_prior_year_window_climatology,1.0,True,7,7,2008|2009|2010|2011|2012|2013|2014,1e30db742c9b176f01a5bf42d4f54a31071fa0f9a26843844310e30ee4acc07a,1.7707844949942464,observation_time_proxy,historical data_available_time is unknown; observation_time is a pseudo-operational proxy
2015-07-07T00:00:00+00:00,2015-07-06,windermere,south,water_temperature,2.0,month_2,2015-08-06,2015-09-04,17.504456737528344,degC,expanding_prior_year_window_climatology,1.0,True,7,7,2008|2009|2010|2011|2012|2013|2014,ec00cb4350f4ada623f47b65d55501a45e90a1c1304fbb9793588018f924692d,0.5819821341456368,observation_time_proxy,historical data_available_time is unknown; observation_time is a pseudo-operational proxy
2015-07-07T00:00:00+00:00,2015-07-06,windermere,south,water_temperature,2.0,month_3,2015-09-05,2015-10-04,15.42554685515873,degC,expanding_prior_year_window_climatology,1.0,True,7,7,2008|2009|2010|2011|2012|2013|2014,23b3b59c30bbc167547ae618e46f6489e4227870be30562c6090e3a2db07f22d,0.8390290265127937,observation_time_proxy,historical data_available_time is unknown; observation_time is a pseudo-operational proxy
2015-07-14T00:00:00+00:00,2015-07-13,windermere,south,water_temperature,2.0,month_1,2015-07-14,2015-08-12,18.496878681972788,degC,expanding_prior_year_window_climatology,1.0,True,7,7,2008|2009|2010|2011|2012|2013|2014,0fa2abd521b1dd56ad25f7f2ef54734576ac1fc8f0aac701c43c456c7dbac88e,1.6500833289328185,observation_time_proxy,historical data_available_time is unknown; observation_time is a pseudo-operational proxy
2015-07-14T00:00:00+00:00,2015-07-13,windermere,south,water_temperature,2.0,month_2,2015-08-13,2015-09-11,17.072713061507937,degC,expanding_prior_year_window_climatology,1.0,True,7,7,2008|2009|2010|2011|2012|2013|2014,ce6866ef94f54eac92f25a14011d5e18990ec55e15b7132235ad8bee052834c8,0.6583086325916377,observation_time_proxy,historical data_available_time is unknown; observation_time is a pseudo-operational proxy
2015-07-14T00:00:00+00:00,2015-07-13,windermere,south,water_temperature,2.0,month_3,2015-09-12,2015-10-11,14.794786089285715,degC,expanding_prior_year_window_climatology,1.0,True,7,7,2008|2009|2010|2011|2012|2013|2014,f06e576293d5c7c5deeb3af577fb46d02da6876cf0cfc979e80bd83faf0e8ab0,0.7869379104764895,observation_time_proxy,historical data_available_time is unknown; observation_time is a pseudo-operational proxy
2015-07-21T00:00:00+00:00,2015-07-20,windermere,south,water_temperature,2.0,month_1,2015-07-21,2015-08-19,18.371071604591837,degC,expanding_prior_year_window_climatology,1.0,True,7,7,2008|2009|2010|2011|2012|2013|2014,d100eaf80c4f43c66bc724b6ec9a1f54255f323579aec30423c3df75078cc4f6,1.2667086995051784,observation_time_proxy,historical data_available_time is unknown; observation_time is a pseudo-operational proxy
2015-07-21T00:00:00+00:00,2015-07-20,windermere,south,water_temperature,2.0,month_2,2015-08-20,2015-09-18,16.631459853174604,degC,expanding_prior_year_window_climatology,1.0,True,7,7,2008|2009|2010|2011|2012|2013|2014,7c2e7b7ee84be3137da40715abcce85eecf9b9a078a085e9b931f83042c71104,0.6655560462629693,observation_time_proxy,historical data_available_time is unknown; observation_time is a pseudo-operational proxy
2015-07-21T00:00:00+00:00,2015-07-20,windermere,south,water_temperature,2.0,month_3,2015-09-19,2015-10-18,14.138100621031747,degC,expanding_prior_year_window_climatology,1.0,True,7,7,2008|2009|2010|2011|2012|2013|2014,7a925c0bd03e99a4cc6ee633c18f127d975b7c118b3e2b27f30694140a2d1d5c,0.7547807286341303,observation_time_proxy,historical data_available_time is unknown; observation_time is a pseudo-operational proxy
2015-08-04T00:00:00+00:00,2015-08-03,windermere,south,water_temperature,2.0,month_1,2015-08-04,2015-09-02,17.61210490419501,degC,expanding_prior_year_window_climatology,1.0,True,7,7,2008|2009|2010|2011|2012|2013|2014,3a7cc7254261f47f9a6b11d03e674f5e2a35689a3d9339c7956b4b792339c590,0.5927295107421816,observation_time_proxy,historical data_available_time is unknown; observation_time is a pseudo-operational proxy
2015-08-04T00:00:00+00:00,2015-08-03,windermere,south,water_temperature,2.0,month_2,2015-09-03,2015-10-02,15.600211468253967,degC,expanding_prior_year_window_climatology,1.0,True,7,7,2008|2009|2010|2011|2012|2013|2014,f510a62ff5fe24a881e552d3ca49104374a303a6213fe05b727186ce64968d75,0.8349584567181374,observation_time_proxy,historical data_available_time is unknown; observation_time is a pseudo-operational proxy
2015-08-04T00:00:00+00:00,2015-08-03,windermere,south,water_temperature,2.0,month_3,2015-10-03,2015-11-01,12.719795721100759,degC,expanding_prior_year_window_climatology,1.0,True,7,7,2008|2009|2010|2011|2012|2013|2014,1f7b6ed35024882c54eef43e3a3701c2170d073273a326f2a2ebbdfa11997f51,0.7199974998290586,observation_time_proxy,historical data_available_time is unknown; observation_time is a pseudo-operational proxy
2015-08-11T00:00:00+00:00,2015-08-10,windermere,south,water_temperature,2.0,month_1,2015-08-11,2015-09-09,17.19599750595238,degC,expanding_prior_year_window_climatology,1.0,True,7,7,2008|2009|2010|2011|2012|2013|2014,88027f708371aa57048471d2c138a186ce05b839e03c0c728519ebc5767c43ce,0.6454850978672807,observation_time_proxy,historical data_available_time is unknown; observation_time is a pseudo-operational proxy
2015-08-11T00:00:00+00:00,2015-08-10,windermere,south,water_temperature,2.0,month_2,2015-09-10,2015-10-09,14.982101543650794,degC,expanding_prior_year_window_climatology,1.0,True,7,7,2008|2009|2010|2011|2012|2013|2014,a438319f592e0fb05cab1b5ab697507fc5f4f285dee6d900ee50a7dc459449e2,0.7999130047153531,observation_time_proxy,historical data_available_time is unknown; observation_time is a pseudo-operational proxy
2015-08-11T00:00:00+00:00,2015-08-10,windermere,south,water_temperature,2.0,month_3,2015-10-10,2015-11-08,11.982034288362664,degC,expanding_prior_year_window_climatology,1.0,True,7,7,2008|2009|2010|2011|2012|2013|2014,4e0b243f8b4bf29a8b76591215f528076f2fd924c453b2288ae13e436e86b660,0.7580844698027844,observation_time_proxy,historical data_available_time is unknown; observation_time is a pseudo-operational proxy
2015-08-18T00:00:00+00:00,2015-08-17,windermere,south,water_temperature,2.0,month_1,2015-08-18,2015-09-16,16.764521589285714,degC,expanding_prior_year_window_climatology,1.0,True,7,7,2008|2009|2010|2011|2012|2013|2014,e04ddd186cdc514e2ecbedc94d7f843e997eaa06fe641c13677b836b59c916c2,0.6640645971690753,observation_time_proxy,historical data_available_time is unknown; observation_time is a pseudo-operational proxy
2015-08-18T00:00:00+00:00,2015-08-17,windermere,south,water_temperature,2.0,month_2,2015-09-17,2015-10-16,14.319961555555556,degC,expanding_prior_year_window_climatology,1.0,True,7,7,2008|2009|2010|2011|2012|2013|2014,d750c64ce1ad9d044710f06c6ef19706e9e31587c2bd852e8ab046f618c8e511,0.7600450905148887,observation_time_proxy,historical data_available_time is unknown; observation_time is a pseudo-operational proxy
2015-08-18T00:00:00+00:00,2015-08-17,windermere,south,water_temperature,2.0,month_3,2015-10-17,2015-11-15,11.248888847489647,degC,expanding_prior_year_window_climatology,1.0,True,7,7,2008|2009|2010|2011|2012|2013|2014,bbc2b1e63195396263e196d09f145463e384ef63a0aa2e42d1e8924f006106a9,0.7964704233851199,observation_time_proxy,historical data_available_time is unknown; observation_time is a pseudo-operational proxy
2015-08-25T00:00:00+00:00,2015-08-24,windermere,south,water_temperature,2.0,month_1,2015-08-25,2015-09-23,16.279712,degC,expanding_prior_year_window_climatology,1.0,True,7,7,2008|2009|2010|2011|2012|2013|2014,b9012a083cbd95b690080e38a2500c4a0752c9cf3ccb24703a6b0223a209d648,0.7129863067411075,observation_time_proxy,historical data_available_time is unknown; observation_time is a pseudo-operational proxy
2015-08-25T00:00:00+00:00,2015-08-24,windermere,south,water_temperature,2.0,month_2,2015-09-24,2015-10-23,13.654829259920636,degC,expanding_prior_year_window_climatology,1.0,True,7,7,2008|2009|2010|2011|2012|2013|2014,1a491ddf2bf435fed022151f2dfb2a62f27bee1dc0a2b8bb97e13ad7829174a8,0.7229912130765308,observation_time_proxy,historical data_available_time is unknown; observation_time is a pseudo-operational proxy
2015-08-25T00:00:00+00:00,2015-08-24,windermere,south,water_temperature,2.0,month_3,2015-10-24,2015-11-22,10.566703227251553,degC,expanding_prior_year_window_climatology,1.0,True,7,7,2008|2009|2010|2011|2012|2013|2014,b698e17207b3799039e0da2285421ff062c66d5bd6ed588897e127cafabf971b,0.8293526281560878,observation_time_proxy,historical data_available_time is unknown; observation_time is a pseudo-operational proxy
2015-09-01T00:00:00+00:00,2015-08-31,windermere,south,water_temperature,2.0,month_1,2015-09-01,2015-09-30,15.743535253968254,degC,expanding_prior_year_window_climatology,1.0,True,7,7,2008|2009|2010|2011|2012|2013|2014,2e8a5dced9ac83a06b1d53773664d3afa23d90bf4e5f1daea8095d7f9cde9a4d,0.8117166826718253,observation_time_proxy,historical data_available_time is unknown; observation_time is a pseudo-operational proxy
2015-09-01T00:00:00+00:00,2015-08-31,windermere,south,water_temperature,2.0,month_2,2015-10-01,2015-10-30,12.940849301587301,degC,expanding_prior_year_window_climatology,1.0,True,7,7,2008|2009|2010|2011|2012|2013|2014,7c557b31b260345d69c29a2b0bcb41e5f59215265d7bd2d94d51c5ad95426bec,0.7171786700085625,observation_time_proxy,historical data_available_time is unknown; observation_time is a pseudo-operational proxy
2015-09-01T00:00:00+00:00,2015-08-31,windermere,south,water_temperature,2.0,month_3,2015-10-31,2015-11-29,9.917602495902345,degC,expanding_prior_year_window_climatology,1.0,True,7,7,2008|2009|2010|2011|2012|2013|2014,602c0ccd7519dff63b38094422b8283a0fd419b296eb599466cf42494221aab3,0.8680004829271927,observation_time_proxy,historical data_available_time is unknown; observation_time is a pseudo-operational proxy
2015-09-08T00:00:00+00:00,2015-09-07,windermere,south,water_temperature,2.0,month_1,2015-09-08,2015-10-07,15.159643341269842,degC,expanding_prior_year_window_climatology,1.0,True,7,7,2008|2009|2010|2011|2012|2013|2014,84fdcd90bc74ab50231981fa485a57381a1b2850a5d2e9f5dcd9ea27f3dc05e3,0.816201943737524,observation_time_proxy,historical data_available_time is unknown; observation_time is a pseudo-operational proxy
2015-09-08T00:00:00+00:00,2015-09-07,windermere,south,water_temperature,2.0,month_2,2015-10-08,2015-11-06,12.19596661455314,degC,expanding_prior_year_window_climatology,1.0,True,7,7,2008|2009|2010|2011|2012|2013|2014,f3ba9468b48b33a2950b8b1fe0265df3190cdc90c280ce6ad756705fb75490af,0.7496741538851905,observation_time_proxy,historical data_available_time is unknown; observation_time is a pseudo-operational proxy
2015-09-08T00:00:00+00:00,2015-09-07,windermere,south,water_temperature,2.0,month_3,2015-11-07,2015-12-06,9.243296026328503,degC,expanding_prior_year_window_climatology,1.0,True,7,7,2008|2009|2010|2011|2012|2013|2014,7ffb1bc6508e5de25c669a6c5d22389c67576a4420488c2c7b6ecf60e833d630,0.8947901095942906,observation_time_proxy,historical data_available_time is unknown; observation_time is a pseudo-operational proxy
2015-09-15T00:00:00+00:00,2015-09-14,windermere,south,water_temperature,2.0,month_1,2015-09-15,2015-10-14,14.503549253968254,degC,expanding_prior_year_window_climatology,1.0,True,7,7,2008|2009|2010|2011|2012|2013|2014,dbf5ce49fb340ca0996064e84e962601fc62b40ee0ef3c837cb0399a2869bcb0,0.7688695148459496,observation_time_proxy,historical data_available_time is unknown; observation_time is a pseudo-operational proxy
2015-09-15T00:00:00+00:00,2015-09-14,windermere,south,water_temperature,2.0,month_2,2015-10-15,2015-11-13,11.456825503838854,degC,expanding_prior_year_window_climatology,1.0,True,7,7,2008|2009|2010|2011|2012|2013|2014,da00e215e07b86c0b104a4ff5f0e9bada5b599fb9aa36a0d3a1bb76df940f6b6,0.7878692754412313,observation_time_proxy,historical data_available_time is unknown; observation_time is a pseudo-operational proxy
2015-09-15T00:00:00+00:00,2015-09-14,windermere,south,water_temperature,2.0,month_3,2015-11-14,2015-12-13,8.564829130098344,degC,expanding_prior_year_window_climatology,1.0,True,7,7,2008|2009|2010|2011|2012|2013|2014,1eadf4647a5d1c76fcaac1e2d77644b0fa6c5d9b6bda0d826abdd22a3f08a099,0.9272048942944101,observation_time_proxy,historical data_available_time is unknown; observation_time is a pseudo-operational proxy
2015-09-22T00:00:00+00:00,2015-09-21,windermere,south,water_temperature,2.0,month_1,2015-09-22,2015-10-21,13.854320726190476,degC,expanding_prior_year_window_climatology,1.0,True,7,7,2008|2009|2010|2011|2012|2013|2014,3190f83e19b9b34464ba076665e053af2f2b78386f505d9e27f770a8f2497501,0.7368977008553734,observation_time_proxy,historical data_available_time is unknown; observation_time is a pseudo-operational proxy
2015-09-22T00:00:00+00:00,2015-09-21,windermere,south,water_temperature,2.0,month_2,2015-10-22,2015-11-20,10.753698642727743,degC,expanding_prior_year_window_climatology,1.0,True,7,7,2008|2009|2010|2011|2012|2013|2014,50cb1a8650e1eca23a0888250947314c97a35e91b223cc16ff8d9295af919a11,0.8166163126077133,observation_time_proxy,historical data_available_time is unknown; observation_time is a pseudo-operational proxy
2015-09-22T00:00:00+00:00,2015-09-21,windermere,south,water_temperature,2.0,month_3,2015-11-21,2015-12-20,7.882963870772947,degC,expanding_prior_year_window_climatology,1.0,True,7,7,2008|2009|2010|2011|2012|2013|2014,d07280888e14591dae1092dc6a7957df444d3326a1a93faa98b449e0075e616b,0.9405158298696976,observation_time_proxy,historical data_available_time is unknown; observation_time is a pseudo-operational proxy
2015-09-29T00:00:00+00:00,2015-09-28,windermere,south,water_temperature,2.0,month_1,2015-09-29,2015-10-28,13.153901869047619,degC,expanding_prior_year_window_climatology,1.0,True,7,7,2008|2009|2010|2011|2012|2013|2014,aaede0a39073c1590e1c8678a1063c1a6a443b055d53cc7c9619842bff8e3ba4,0.7160217716411144,observation_time_proxy,historical data_available_time is unknown; observation_time is a pseudo-operational proxy
2015-09-29T00:00:00+00:00,2015-09-28,windermere,south,water_temperature,2.0,month_2,2015-10-29,2015-11-27,10.104387173084886,degC,expanding_prior_year_window_climatology,1.0,True,7,7,2008|2009|2010|2011|2012|2013|2014,1e5d06f06e9d292f181c92a7ca0751dd4972d6242f4dd49db86ef7285169ef99,0.8583053390008718,observation_time_proxy,historical data_available_time is unknown; observation_time is a pseudo-operational proxy
2015-09-29T00:00:00+00:00,2015-09-28,windermere,south,water_temperature,2.0,month_3,2015-11-28,2015-12-27,7.230451946963423,degC,expanding_prior_year_window_climatology,1.0,True,7,7,2008|2009|2010|2011|2012|2013|2014,92e919940d837501e15a6e742089bb59243a0021150376304a201e64f7d47e9d,0.9656946301704871,observation_time_proxy,historical data_available_time is unknown; observation_time is a pseudo-operational proxy
2015-10-06T00:00:00+00:00,2015-10-05,windermere,south,water_temperature,2.0,month_1,2015-10-06,2015-11-04,12.404744549473774,degC,expanding_prior_year_window_climatology,1.0,True,7,7,2008|2009|2010|2011|2012|2013|2014,484f16486264183fbfa9cd7921d3c36a116c2f285fccb45530e027f3aedb4a9e,0.7381417298461249,observation_time_proxy,historical data_available_time is unknown; observation_time is a pseudo-operational proxy
2015-10-06T00:00:00+00:00,2015-10-05,windermere,south,water_temperature,2.0,month_2,2015-11-05,2015-12-04,9.438223647757074,degC,expanding_prior_year_window_climatology,1.0,True,7,7,2008|2009|2010|2011|2012|2013|2014,3eaf66be20e1eccc957e431a58f038e8baf948d349ce9eacf63ece47a6a434ea,0.8815113562084808,observation_time_proxy,historical data_available_time is unknown; observation_time is a pseudo-operational proxy
2015-10-06T00:00:00+00:00,2015-10-05,windermere,south,water_temperature,2.0,month_3,2015-12-05,2016-01-03,6.679498927761483,degC,expanding_prior_year_window_climatology,1.0,True,7,7,2008|2009|2010|2011|2012|2013|2014,93dbdf3d7b8dbabbe11dea33239a9b6165c6a30bb9850e03ee765a5a605922cd,0.986023419350534,observation_time_proxy,historical data_available_time is unknown; observation_time is a pseudo-operational proxy
2015-10-13T00:00:00+00:00,2015-10-12,windermere,south,water_temperature,2.0,month_1,2015-10-13,2015-11-11,11.66617661832298,degC,expanding_prior_year_window_climatology,1.0,True,7,7,2008|2009|2010|2011|2012|2013|2014,f47d2e95db0eb4a77a9faa761d757b1ef39e3495b0963befddbea330599d6e7d,0.7734978169625935,observation_time_proxy,historical data_available_time is unknown; observation_time is a pseudo-operational proxy
2015-10-13T00:00:00+00:00,2015-10-12,windermere,south,water_temperature,2.0,month_2,2015-11-12,2015-12-11,8.756771164423741,degC,expanding_prior_year_window_climatology,1.0,True,7,7,2008|2009|2010|2011|2012|2013|2014,9898592d317c4d6c008db3f22a9993ad7033bad3183a25d7a4694491622520a8,0.9245966976568674,observation_time_proxy,historical data_available_time is unknown; observation_time is a pseudo-operational proxy
2015-10-13T00:00:00+00:00,2015-10-12,windermere,south,water_temperature,2.0,month_3,2015-12-12,2016-01-10,6.0206317582628825,degC,expanding_prior_year_window_climatology,1.0,True,7,6,2008|2009|2010|2011|2012|2013,7f04c2889b278ba7677ce5b20426d4b9fd6ca253b879ffd8b184d19a0854b283,0.8982392808534948,observation_time_proxy,historical data_available_time is unknown; observation_time is a pseudo-operational proxy
2015-10-20T00:00:00+00:00,2015-10-19,windermere,south,water_temperature,2.0,month_1,2015-10-20,2015-11-18,10.947876270703933,degC,expanding_prior_year_window_climatology,1.0,True,7,7,2008|2009|2010|2011|2012|2013|2014,b02c37ea4f245f434773fd247d8b966917eb0371c951e99a570768b4e38aade8,0.8069260683276203,observation_time_proxy,historical data_available_time is unknown; observation_time is a pseudo-operational proxy
2015-10-20T00:00:00+00:00,2015-10-19,windermere,south,water_temperature,2.0,month_2,2015-11-19,2015-12-18,8.078083085455486,degC,expanding_prior_year_window_climatology,1.0,True,7,7,2008|2009|2010|2011|2012|2013|2014,502411e66c648918f1c0b09bc34e2718f2a0f623d8bd883811a267898d16b17d,0.9351291628446811,observation_time_proxy,historical data_available_time is unknown; observation_time is a pseudo-operational proxy
2015-10-20T00:00:00+00:00,2015-10-19,windermere,south,water_temperature,2.0,month_3,2015-12-19,2016-01-17,5.654383848357071,degC,expanding_prior_year_window_climatology,1.0,True,7,6,2008|2009|2010|2011|2012|2013,09d4982ef664afcaa60e92cddf0f4cb57f18e42c0584e064f7005a8f1d38d957,0.9409461221553108,observation_time_proxy,historical data_available_time is unknown; observation_time is a pseudo-operational proxy
2015-10-27T00:00:00+00:00,2015-10-26,windermere,south,water_temperature,2.0,month_1,2015-10-27,2015-11-25,10.288994293719806,degC,expanding_prior_year_window_climatology,1.0,True,7,7,2008|2009|2010|2011|2012|2013|2014,070f383f1cad3a09e27a735b1661b8c158e0d376c1aba4a2ea9d570b87f0c502,0.8485538772465333,observation_time_proxy,historical data_available_time is unknown; observation_time is a pseudo-operational proxy
2015-10-27T00:00:00+00:00,2015-10-26,windermere,south,water_temperature,2.0,month_2,2015-11-26,2015-12-25,7.405436577518978,degC,expanding_prior_year_window_climatology,1.0,True,7,7,2008|2009|2010|2011|2012|2013|2014,b02ef4d4f1e1f1e9bbf1482dfbe50d3a9e91146f5e6df964f01faf2f0e9e2aa7,0.9556797364019323,observation_time_proxy,historical data_available_time is unknown; observation_time is a pseudo-operational proxy
2015-10-27T00:00:00+00:00,2015-10-26,windermere,south,water_temperature,2.0,month_3,2015-12-26,2016-01-24,5.360584628682855,degC,expanding_prior_year_window_climatology,1.0,True,7,6,2008|2009|2010|2011|2012|2013,2ced645024193841f6cc89960d0e251f70aa81f3b62b1d3e1b66a4ae741d4992,0.9871472004014931,observation_time_proxy,historical data_available_time is unknown; observation_time is a pseudo-operational proxy
2015-11-03T00:00:00+00:00,2015-11-02,windermere,south,water_temperature,2.0,month_1,2015-11-03,2015-12-02,9.631477787103174,degC,expanding_prior_year_window_climatology,1.0,True,7,7,2008|2009|2010|2011|2012|2013|2014,e0f53a80328c9c20ee712a86dce40529752abac05367b482fe2883a41c20a4c1,0.8749717508849361,observation_time_proxy,historical data_available_time is unknown; observation_time is a pseudo-operational proxy
2015-11-03T00:00:00+00:00,2015-11-02,windermere,south,water_temperature,2.0,month_2,2015-12-03,2016-01-01,6.822874400659194,degC,expanding_prior_year_window_climatology,1.0,True,7,7,2008|2009|2010|2011|2012|2013|2014,d285f4b8c892e49afe5019168b79268fbbb2de8e2bd071b1048374bea3a239ae,0.9760449760285401,observation_time_proxy,historical data_available_time is unknown; observation_time is a pseudo-operational proxy
2015-11-03T00:00:00+00:00,2015-11-02,windermere,south,water_temperature,2.0,month_3,2016-01-02,2016-01-31,5.16697529654195,degC,expanding_prior_year_window_climatology,1.0,True,7,7,2008|2009|2010|2011|2012|2013|2014,343a020ecd7a242407f7414aeab8bf24f7d16c862fe383c277ccacab6310d0c8,0.9146683293710642,observation_time_proxy,historical data_available_time is unknown; observation_time is a pseudo-operational proxy
2015-11-10T00:00:00+00:00,2015-11-09,windermere,south,water_temperature,2.0,month_1,2015-11-10,2015-12-09,8.951641705495168,degC,expanding_prior_year_window_climatology,1.0,True,7,7,2008|2009|2010|2011|2012|2013|2014,f111d89f9953826df2b8fb3ade78bc63a62be4da562b306761027084fab3061f,0.9175608393220236,observation_time_proxy,historical data_available_time is unknown; observation_time is a pseudo-operational proxy
2015-11-10T00:00:00+00:00,2015-11-09,windermere,south,water_temperature,2.0,month_2,2015-12-10,2016-01-08,6.140750169836957,degC,expanding_prior_year_window_climatology,1.0,True,7,6,2008|2009|2010|2011|2012|2013,ab57d37a20439cca0a25cea5aa724621afe6b5193c967b227727ddb204a42ffb,0.894866053171118,observation_time_proxy,historical data_available_time is unknown; observation_time is a pseudo-operational proxy
2015-11-10T00:00:00+00:00,2015-11-09,windermere,south,water_temperature,2.0,month_3,2016-01-09,2016-02-07,4.959748368013038,degC,expanding_prior_year_window_climatology,1.0,True,7,7,2008|2009|2010|2011|2012|2013|2014,5bf3ddf6d0ed6b9fdcb9c99a5121a37b822f9176b3dd2e4351fa9e7fa4426dc2,0.8687823857504743,observation_time_proxy,historical data_available_time is unknown; observation_time is a pseudo-operational proxy
2015-11-17T00:00:00+00:00,2015-11-16,windermere,south,water_temperature,2.0,month_1,2015-11-17,2015-12-16,8.270363646368185,degC,expanding_prior_year_window_climatology,1.0,True,7,7,2008|2009|2010|2011|2012|2013|2014,de8d3da2ba17b9eee122bbe21001e9acd1078c74c12ccd0f82054c5a8e230c82,0.9318765602962235,observation_time_proxy,historical data_available_time is unknown; observation_time is a pseudo-operational proxy
2015-11-17T00:00:00+00:00,2015-11-16,windermere,south,water_temperature,2.0,month_2,2015-12-17,2016-01-15,5.748917937198067,degC,expanding_prior_year_window_climatology,1.0,True,7,6,2008|2009|2010|2011|2012|2013,087cd27fb8eba90a0bf733e61fcf507851f4e95e170d81f44ec3f028b7937ff4,0.9255589511789852,observation_time_proxy,historical data_available_time is unknown; observation_time is a pseudo-operational proxy
2015-11-17T00:00:00+00:00,2015-11-16,windermere,south,water_temperature,2.0,month_3,2016-01-16,2016-02-14,4.792611642219388,degC,expanding_prior_year_window_climatology,1.0,True,7,7,2008|2009|2010|2011|2012|2013|2014,823d4bc8f8817d7fa644c2ad9ed363be8c20ab7a75659e5dd34de706d6d7f290,0.7859988877191187,observation_time_proxy,historical data_available_time is unknown; observation_time is a pseudo-operational proxy
2015-11-24T00:00:00+00:00,2015-11-23,windermere,south,water_temperature,2.0,month_1,2015-11-24,2015-12-23,7.592447641209455,degC,expanding_prior_year_window_climatology,1.0,True,7,7,2008|2009|2010|2011|2012|2013|2014,5a4108b08ec80dbb33dc2d437f8a8c4f19fbc46d52a20f2dddb595e71bb3a2a8,0.9527227490555308,observation_time_proxy,historical data_available_time is unknown; observation_time is a pseudo-operational proxy
2015-11-24T00:00:00+00:00,2015-11-23,windermere,south,water_temperature,2.0,month_2,2015-12-24,2016-01-22,5.4403356607761095,degC,expanding_prior_year_window_climatology,1.0,True,7,6,2008|2009|2010|2011|2012|2013,991db28d7fc0fe3547a69cf643a2a8fc937cdf508238b01eb13187e6a8356e2d,0.9737699588706952,observation_time_proxy,historical data_available_time is unknown; observation_time is a pseudo-operational proxy
2015-11-24T00:00:00+00:00,2015-11-23,windermere,south,water_temperature,2.0,month_3,2016-01-23,2016-02-21,4.658342125595238,degC,expanding_prior_year_window_climatology,1.0,True,7,7,2008|2009|2010|2011|2012|2013|2014,18f771ad2828d7be86ac905690cbe137e0d3f074b1dfcbd6a21a6a6344b9d48a,0.7333435333596772,observation_time_proxy,historical data_available_time is unknown; observation_time is a pseudo-operational proxy
2015-12-01T00:00:00+00:00,2015-11-30,windermere,south,water_temperature,2.0,month_1,2015-12-01,2015-12-30,6.97713588128882,degC,expanding_prior_year_window_climatology,1.0,True,7,7,2008|2009|2010|2011|2012|2013|2014,2a8ada66abdbe5983164148ecfbe555f8a7a6b92972a36d958985d4f35763508,0.9723066028570866,observation_time_proxy,historical data_available_time is unknown; observation_time is a pseudo-operational proxy
2015-12-01T00:00:00+00:00,2015-11-30,windermere,south,water_temperature,2.0,month_2,2015-12-31,2016-01-29,5.172793681278756,degC,expanding_prior_year_window_climatology,1.0,True,7,6,2008|2009|2010|2011|2012|2013,26e71eafb84932e372c220dfc0dec39aad33df4f308c2163c4e9bdf97b53755b,0.982837280215733,observation_time_proxy,historical data_available_time is unknown; observation_time is a pseudo-operational proxy
2015-12-01T00:00:00+00:00,2015-11-30,windermere,south,water_temperature,2.0,month_3,2016-01-30,2016-02-28,4.577699044246032,degC,expanding_prior_year_window_climatology,1.0,True,7,7,2008|2009|2010|2011|2012|2013|2014,f56f181f06331d7605b17898fedb1b0afead741ec0b85365c5a772500a21f279,0.7115254257532063,observation_time_proxy,historical data_available_time is unknown; observation_time is a pseudo-operational proxy
2015-12-08T00:00:00+00:00,2015-12-07,windermere,south,water_temperature,2.0,month_1,2015-12-08,2016-01-06,6.2663115865036225,degC,expanding_prior_year_window_climatology,1.0,True,7,6,2008|2009|2010|2011|2012|2013,9b15bef0f58b88db36d62307042db29e647f17feed998e9098053a835d428019,0.8964976064329022,observation_time_proxy,historical data_available_time is unknown; observation_time is a pseudo-operational proxy
2015-12-08T00:00:00+00:00,2015-12-07,windermere,south,water_temperature,2.0,month_2,2016-01-07,2016-02-05,5.013731162825963,degC,expanding_prior_year_window_climatology,1.0,True,7,7,2008|2009|2010|2011|2012|2013|2014,85c4ed1caf3207ff22c0305ac6e58105af6b05be5b30283f99107f4836cc68d2,0.8888207738298294,observation_time_proxy,historical data_available_time is unknown; observation_time is a pseudo-operational proxy
2015-12-08T00:00:00+00:00,2015-12-07,windermere,south,water_temperature,2.0,month_3,2016-02-06,2016-03-06,4.598412019444445,degC,expanding_prior_year_window_climatology,1.0,True,7,7,2008|2009|2010|2011|2012|2013|2014,8f66a6f5bd76a9c00ff80ffdf38b2e20056918258015cc74082c181a3b8b9ebe,0.7313549843355304,observation_time_proxy,historical data_available_time is unknown; observation_time is a pseudo-operational proxy
2015-12-15T00:00:00+00:00,2015-12-14,windermere,south,water_temperature,2.0,month_1,2015-12-15,2016-01-13,5.85084777979066,degC,expanding_prior_year_window_climatology,1.0,True,7,6,2008|2009|2010|2011|2012|2013,ba72a126f457e94ed0cc8e674b1eaea516ca842f653d88d5f64f8183355aafcc,0.9128129227123769,observation_time_proxy,historical data_available_time is unknown; observation_time is a pseudo-operational proxy
2015-12-15T00:00:00+00:00,2015-12-14,windermere,south,water_temperature,2.0,month_2,2016-01-14,2016-02-12,4.841517981831066,degC,expanding_prior_year_window_climatology,1.0,True,7,7,2008|2009|2010|2011|2012|2013|2014,fb5d0024b669683090ecf5735d294d0270ffc4de616756f9b5ffb538099260ed,0.808334185142909,observation_time_proxy,historical data_available_time is unknown; observation_time is a pseudo-operational proxy
2015-12-15T00:00:00+00:00,2015-12-14,windermere,south,water_temperature,2.0,month_3,2016-02-13,2016-03-13,4.689236598015873,degC,expanding_prior_year_window_climatology,1.0,True,7,7,2008|2009|2010|2011|2012|2013|2014,cfc007961dd97a65b30184a37a184f40e8dbb4e516f5f6d6139c0ad816cff1f1,0.7806815466586049,observation_time_proxy,historical data_available_time is unknown; observation_time is a pseudo-operational proxy
2015-12-22T00:00:00+00:00,2015-12-21,windermere,south,water_temperature,2.0,month_1,2015-12-22,2016-01-20,5.525759876037354,degC,expanding_prior_year_window_climatology,1.0,True,7,6,2008|2009|2010|2011|2012|2013,c1df99c7899cb0a8dc2941ed4b0e5b3293e55f9861fc31c7bf954a642963fab9,0.961541159437295,observation_time_proxy,historical data_available_time is unknown; observation_time is a pseudo-operational proxy
2015-12-22T00:00:00+00:00,2015-12-21,windermere,south,water_temperature,2.0,month_2,2016-01-21,2016-02-19,4.693369191071429,degC,expanding_prior_year_window_climatology,1.0,True,7,7,2008|2009|2010|2011|2012|2013|2014,e8b939c21898ff415b1eb6d36ef915d53322fa60df1ea9db043467547d151b4c,0.7447731339510504,observation_time_proxy,historical data_available_time is unknown; observation_time is a pseudo-operational proxy
2015-12-22T00:00:00+00:00,2015-12-21,windermere,south,water_temperature,2.0,month_3,2016-02-20,2016-03-20,4.893429118253969,degC,expanding_prior_year_window_climatology,1.0,True,7,7,2008|2009|2010|2011|2012|2013|2014,5e02db31034c70d8d79fd151408bab5ea662779d7a44efa5d4c3362b96247094,0.8268997573565755,observation_time_proxy,historical data_available_time is unknown; observation_time is a pseudo-operational proxy
2015-12-29T00:00:00+00:00,2015-12-28,windermere,south,water_temperature,2.0,month_1,2015-12-29,2016-01-27,5.244990342389866,degC,expanding_prior_year_window_climatology,1.0,True,7,6,2008|2009|2010|2011|2012|2013,89152c6494626c7d59a24220f723661d0bd48b6e08df5f69cf19a70c4fec7e45,0.9827869262180889,observation_time_proxy,historical data_available_time is unknown; observation_time is a pseudo-operational proxy
2015-12-29T00:00:00+00:00,2015-12-28,windermere,south,water_temperature,2.0,month_2,2016-01-28,2016-02-26,4.593391546428571,degC,expanding_prior_year_window_climatology,1.0,True,7,7,2008|2009|2010|2011|2012|2013|2014,41d496f929a258ec9ee86e09c2ea01a38b13e0a67760fc552830b376c3bdcf3d,0.715420447467098,observation_time_proxy,historical data_available_time is unknown; observation_time is a pseudo-operational proxy
2015-12-29T00:00:00+00:00,2015-12-28,windermere,south,water_temperature,2.0,month_3,2016-02-27,2016-03-27,5.207850174007937,degC,expanding_prior_year_window_climatology,1.0,True,7,7,2008|2009|2010|2011|2012|2013|2014,ba32d5466fd8328996924597ec7850f8c54a54d3a1127418137368d7d0212952,0.9277656693531505,observation_time_proxy,historical data_available_time is unknown; observation_time is a pseudo-operational proxy
2016-01-05T00:00:00+00:00,2016-01-04,windermere,south,water_temperature,2.0,month_1,2016-01-05,2016-02-03,5.192564004972718,degC,expanding_prior_year_window_climatology,1.0,True,8,8,2008|2009|2010|2011|2012|2013|2014|2015,1cb6e34462aec9c0a6cbff80d1c0605cc56e2640b9ca0c2c06ebefbffb3821be,0.9018654661109106,observation_time_proxy,historical data_available_time is unknown; observation_time is a pseudo-operational proxy
2016-01-05T00:00:00+00:00,2016-01-04,windermere,south,water_temperature,2.0,month_2,2016-02-04,2016-03-04,4.609708015277778,degC,expanding_prior_year_window_climatology,1.0,True,8,8,2008|2009|2010|2011|2012|2013|2014|2015,e0bf94136392496ec241c55fa686091b6e9caebbb6f9fa0aef44cfc429c09a19,0.6699946406167133,observation_time_proxy,historical data_available_time is unknown; observation_time is a pseudo-operational proxy
2016-01-05T00:00:00+00:00,2016-01-04,windermere,south,water_temperature,2.0,month_3,2016-03-05,2016-04-03,5.546459277604167,degC,expanding_prior_year_window_climatology,1.0,True,8,8,2008|2009|2010|2011|2012|2013|2014|2015,5a460b8c23e7718b6fa918d6c39f53ff87c89d3418d72e8ce784b9cd2fb04cda,1.0481212907622806,observation_time_proxy,historical data_available_time is unknown; observation_time is a pseudo-operational proxy
2016-01-12T00:00:00+00:00,2016-01-11,windermere,south,water_temperature,2.0,month_1,2016-01-12,2016-02-10,4.97481474016617,degC,expanding_prior_year_window_climatology,1.0,True,8,8,2008|2009|2010|2011|2012|2013|2014|2015,fdc17a129238a5471b4ff58a38d082e7b53861518247e98fac9277ab51994078,0.8070262231991052,observation_time_proxy,historical data_available_time is unknown; observation_time is a pseudo-operational proxy
2016-01-12T00:00:00+00:00,2016-01-11,windermere,south,water_temperature,2.0,month_2,2016-02-11,2016-03-11,4.6738232539930555,degC,expanding_prior_year_window_climatology,1.0,True,8,8,2008|2009|2010|2011|2012|2013|2014|2015,8acd80c03f80d51939f5464f07848e9b64886abc273d8eb64a1346ea731b306b,0.7102714474482891,observation_time_proxy,historical data_available_time is unknown; observation_time is a pseudo-operational proxy
2016-01-12T00:00:00+00:00,2016-01-11,windermere,south,water_temperature,2.0,month_3,2016-03-12,2016-04-10,5.98028001875,degC,expanding_prior_year_window_climatology,1.0,True,8,8,2008|2009|2010|2011|2012|2013|2014|2015,3bff288a4e675d5be766358d7b653bec3ac97123ccc0bff6ab17dfdee214871d,1.1431456301555294,observation_time_proxy,historical data_available_time is unknown; observation_time is a pseudo-operational proxy
2016-01-19T00:00:00+00:00,2016-01-18,windermere,south,water_temperature,2.0,month_1,2016-01-19,2016-02-17,4.789276841145833,degC,expanding_prior_year_window_climatology,1.0,True,8,8,2008|2009|2010|2011|2012|2013|2014|2015,930d6778467ed8975946db13f06adcff1190606b4d8cfd724db543b14ceff078,0.7220802553890956,observation_time_proxy,historical data_available_time is unknown; observation_time is a pseudo-operational proxy
2016-01-19T00:00:00+00:00,2016-01-18,windermere,south,water_temperature,2.0,month_2,2016-02-18,2016-03-18,4.8397674281250005,degC,expanding_prior_year_window_climatology,1.0,True,8,8,2008|2009|2010|2011|2012|2013|2014|2015,1640d34e7164ee08fb07134c63d02f0d5d39ef4e59efcaa83be35bbff3139aae,0.7554945918175179,observation_time_proxy,historical data_available_time is unknown; observation_time is a pseudo-operational proxy
2016-01-19T00:00:00+00:00,2016-01-18,windermere,south,water_temperature,2.0,month_3,2016-03-19,2016-04-17,6.573714310243056,degC,expanding_prior_year_window_climatology,1.0,True,8,8,2008|2009|2010|2011|2012|2013|2014|2015,6199fcc029135445d7bb0cd1bf93349d2a299aff1adebedb8fbfc2bc5e63e6f7,1.244147005702935,observation_time_proxy,historical data_available_time is unknown; observation_time is a pseudo-operational proxy
2016-01-26T00:00:00+00:00,2016-01-25,windermere,south,water_temperature,2.0,month_1,2016-01-26,2016-02-24,4.6554486942708335,degC,expanding_prior_year_window_climatology,1.0,True,8,8,2008|2009|2010|2011|2012|2013|2014|2015,556f638b0dbd89b30685f045e99e0ba0ccaab152d4a0d20e0c5b3e1626721778,0.6760928474475402,observation_time_proxy,historical data_available_time is unknown; observation_time is a pseudo-operational proxy
2016-01-26T00:00:00+00:00,2016-01-25,windermere,south,water_temperature,2.0,month_2,2016-02-25,2016-03-25,5.117260767881945,degC,expanding_prior_year_window_climatology,1.0,True,8,8,2008|2009|2010|2011|2012|2013|2014|2015,c1a940c053e8f6da60491a42432ac739058f411cf3e5d88350de11f23c32d22c,0.8215129909757397,observation_time_proxy,historical data_available_time is unknown; observation_time is a pseudo-operational proxy
2016-01-26T00:00:00+00:00,2016-01-25,windermere,south,water_temperature,2.0,month_3,2016-03-26,2016-04-24,7.362438865873016,degC,expanding_prior_year_window_climatology,1.0,True,8,7,2008|2009|2011|2012|2013|2014|2015,ba0bcdae20dc0a2545ca118331abd893d9cada4d37488afb78a00fb6744079a0,1.498454600223273,observation_time_proxy,historical data_available_time is unknown; observation_time is a pseudo-operational proxy
2016-02-02T00:00:00+00:00,2016-02-01,windermere,south,water_temperature,2.0,month_1,2016-02-02,2016-03-02,4.606345293402778,degC,expanding_prior_year_window_climatology,1.0,True,8,8,2008|2009|2010|2011|2012|2013|2014|2015,ff950986bcb20bb0615d23603ca3d1b8566cc6a289499450cbcd06ffba5808a1,0.6651274257634622,observation_time_proxy,historical data_available_time is unknown; observation_time is a pseudo-operational proxy
2016-02-02T00:00:00+00:00,2016-02-01,windermere,south,water_temperature,2.0,month_2,2016-03-03,2016-04-01,5.434137788541666,degC,expanding_prior_year_window_climatology,1.0,True,8,8,2008|2009|2010|2011|2012|2013|2014|2015,b5fc0afff1c7b93044ff4300a192cdff2dc5a770813d82b515e24a2d7ab3db02,0.9983180772473611,observation_time_proxy,historical data_available_time is unknown; observation_time is a pseudo-operational proxy
2016-02-02T00:00:00+00:00,2016-02-01,windermere,south,water_temperature,2.0,month_3,2016-04-02,2016-05-01,8.10048868234127,degC,expanding_prior_year_window_climatology,1.0,True,8,7,2008|2009|2011|2012|2013|2014|2015,eeb42b8b8d09eef1a7be619e13c32cb329e193b6c9af4dae9fed7f28e3985512,1.6405267734722568,observation_time_proxy,historical data_available_time is unknown; observation_time is a pseudo-operational proxy
2016-02-09T00:00:00+00:00,2016-02-08,windermere,south,water_temperature,2.0,month_1,2016-02-09,2016-03-09,4.6477451003472225,degC,expanding_prior_year_window_climatology,1.0,True,8,8,2008|2009|2010|2011|2012|2013|2014|2015,1b7fcb37fb3f84a960b6c10d230132c09e9f15d320acf9bb503531a92055e6ca,0.69689875489947,observation_time_proxy,historical data_available_time is unknown; observation_time is a pseudo-operational proxy
2016-02-09T00:00:00+00:00,2016-02-08,windermere,south,water_temperature,2.0,month_2,2016-03-10,2016-04-08,5.833143990798611,degC,expanding_prior_year_window_climatology,1.0,True,8,8,2008|2009|2010|2011|2012|2013|2014|2015,52d967fc19d03c99b7b8afa6dacba2010a60b598fc3367c69d9282bca6a1d6a2,1.1179418723165822,observation_time_proxy,historical data_available_time is unknown; observation_time is a pseudo-operational proxy
2016-02-09T00:00:00+00:00,2016-02-08,windermere,south,water_temperature,2.0,month_3,2016-04-09,2016-05-08,8.919900784325396,degC,expanding_prior_year_window_climatology,1.0,True,8,7,2008|2009|2011|2012|2013|2014|2015,319220807c4c9fdc2406efc20285e98aad9f5e7ddbff07d7e38f03de6aec8121,1.7833729433280687,observation_time_proxy,historical data_available_time is unknown; observation_time is a pseudo-operational proxy
2016-02-16T00:00:00+00:00,2016-02-15,windermere,south,water_temperature,2.0,month_1,2016-02-16,2016-03-16,4.778769093576389,degC,expanding_prior_year_window_climatology,1.0,True,8,8,2008|2009|2010|2011|2012|2013|2014|2015,ad4ec5ee44bd29713e6295c05d00104a901ee1f9b41b1306705b83dff1e482e2,0.7439990094035427,observation_time_proxy,historical data_available_time is unknown; observation_time is a pseudo-operational proxy
2016-02-16T00:00:00+00:00,2016-02-15,windermere,south,water_temperature,2.0,month_2,2016-03-17,2016-04-15,6.394899474131945,degC,expanding_prior_year_window_climatology,1.0,True,8,8,2008|2009|2010|2011|2012|2013|2014|2015,98d6b88a0dbf926d27dc9e6aa046529a0f13f675f1908c05f009e06173f8e5dc,1.2125965537795225,observation_time_proxy,historical data_available_time is unknown; observation_time is a pseudo-operational proxy
2016-02-16T00:00:00+00:00,2016-02-15,windermere,south,water_temperature,2.0,month_3,2016-04-16,2016-05-15,9.738060418650793,degC,expanding_prior_year_window_climatology,1.0,True,8,7,2008|2009|2011|2012|2013|2014|2015,21b44bc872ce71641e22796cad9af3659aa845e82229205a60e04b3e2bae5d5d,1.7183339569934224,observation_time_proxy,historical data_available_time is unknown; observation_time is a pseudo-operational proxy
2016-02-23T00:00:00+00:00,2016-02-22,windermere,south,water_temperature,2.0,month_1,2016-02-23,2016-03-23,5.026228821006945,degC,expanding_prior_year_window_climatology,1.0,True,8,8,2008|2009|2010|2011|2012|2013|2014|2015,ba0108ccfb063f26fa9a64fc4086d87aa26eee5b50c6c87eadf9dc155390fb28,0.7911302939689218,observation_time_proxy,historical data_available_time is unknown; observation_time is a pseudo-operational proxy
2016-02-23T00:00:00+00:00,2016-02-22,windermere,south,water_temperature,2.0,month_2,2016-03-24,2016-04-22,7.061414243720689,degC,expanding_prior_year_window_climatology,1.0,True,8,8,2008|2009|2010|2011|2012|2013|2014|2015,e6c6776d9d66e7b655db0b1ac95cf0f8362d558dcd5bcb1242a75ad28d51ec59,1.3616066690821285,observation_time_proxy,historical data_available_time is unknown; observation_time is a pseudo-operational proxy
2016-02-23T00:00:00+00:00,2016-02-22,windermere,south,water_temperature,2.0,month_3,2016-04-23,2016-05-22,10.53984331686508,degC,expanding_prior_year_window_climatology,1.0,True,8,7,2008|2009|2011|2012|2013|2014|2015,f29c8144bdd583f2466c82a1f3c00caa781caf0ec4c248589519b7d54ccc1a8f,1.6242515869577923,observation_time_proxy,historical data_available_time is unknown; observation_time is a pseudo-operational proxy
2016-03-01T00:00:00+00:00,2016-02-29,windermere,south,water_temperature,2.0,month_1,2016-03-01,2016-03-30,5.3367075671875,degC,expanding_prior_year_window_climatology,1.0,True,8,8,2008|2009|2010|2011|2012|2013|2014|2015,660efd635928db1c3538ad000f5ef7eb0d4b5f5a4cc61eab86d785130464f697,0.9431175092977864,observation_time_proxy,historical data_available_time is unknown; observation_time is a pseudo-operational proxy
2016-03-01T00:00:00+00:00,2016-02-29,windermere,south,water_temperature,2.0,month_2,2016-03-31,2016-04-29,7.885985621230159,degC,expanding_prior_year_window_climatology,1.0,True,8,7,2008|2009|2011|2012|2013|2014|2015,c6d79a1699306df08b6963fefca2a910ebeb8a208e097caf9d2513ec7b37c4cf,1.5802458738056504,observation_time_proxy,historical data_available_time is unknown; observation_time is a pseudo-operational proxy
2016-03-01T00:00:00+00:00,2016-02-29,windermere,south,water_temperature,2.0,month_3,2016-04-30,2016-05-29,11.46219661528975,degC,expanding_prior_year_window_climatology,1.0,True,8,8,2008|2009|2010|2011|2012|2013|2014|2015,31b9d5ed78d2b199e9f4b384f03becbc37012137625d6b983fc75293b27d0161,1.3537522850167125,observation_time_proxy,historical data_available_time is unknown; observation_time is a pseudo-operational proxy
2016-03-08T00:00:00+00:00,2016-03-07,windermere,south,water_temperature,2.0,month_1,2016-03-08,2016-04-06,5.7074368812500005,degC,expanding_prior_year_window_climatology,1.0,True,8,8,2008|2009|2010|2011|2012|2013|2014|2015,5df60d730b42e35eedff7a21ab06f9e13a522ca27f41c06c9a6de1af3a39ceed,1.0891214690772915,observation_time_proxy,historical data_available_time is unknown; observation_time is a pseudo-operational proxy
2016-03-08T00:00:00+00:00,2016-03-07,windermere,south,water_temperature,2.0,month_2,2016-04-07,2016-05-06,8.670598478769842,degC,expanding_prior_year_window_climatology,1.0,True,8,7,2008|2009|2011|2012|2013|2014|2015,91a086df47430418c1701b677bfabd4071a5ab58f357a64f3893e86491a27b8a,1.777021810924169,observation_time_proxy,historical data_available_time is unknown; observation_time is a pseudo-operational proxy
2016-03-08T00:00:00+00:00,2016-03-07,windermere,south,water_temperature,2.0,month_3,2016-05-07,2016-06-05,12.49575121146432,degC,expanding_prior_year_window_climatology,1.0,True,8,8,2008|2009|2010|2011|2012|2013|2014|2015,6ed85b982e1b3597f2137b2a9b2d62641107f5d29f924f4e5f1297ba509a4853,1.2663456055734565,observation_time_proxy,historical data_available_time is unknown; observation_time is a pseudo-operational proxy
2016-03-15T00:00:00+00:00,2016-03-14,windermere,south,water_temperature,2.0,month_1,2016-03-15,2016-04-13,6.226480005729167,degC,expanding_prior_year_window_climatology,1.0,True,8,8,2008|2009|2010|2011|2012|2013|2014|2015,bcc789182dcf47dc1aabaeb94d77c87f61e418f617170dac62b963fccd52d4a0,1.1792341455637685,observation_time_proxy,historical data_available_time is unknown; observation_time is a pseudo-operational proxy
2016-03-15T00:00:00+00:00,2016-03-14,windermere,south,water_temperature,2.0,month_2,2016-04-14,2016-05-13,9.493889015277778,degC,expanding_prior_year_window_climatology,1.0,True,8,7,2008|2009|2011|2012|2013|2014|2015,a9185aa86e41390f22cb05b387fb2c5174bb69ca92c5cc5565969db79d815767,1.7419757935103557,observation_time_proxy,historical data_available_time is unknown; observation_time is a pseudo-operational proxy
2016-03-15T00:00:00+00:00,2016-03-14,windermere,south,water_temperature,2.0,month_3,2016-05-14,2016-06-12,13.614025993402779,degC,expanding_prior_year_window_climatology,1.0,True,8,8,2008|2009|2010|2011|2012|2013|2014|2015,6ca1666e497da9dc4cc985918e3e51ebeeaa73b2161b32a525877e7cc5782eb1,1.1526963994202788,observation_time_proxy,historical data_available_time is unknown; observation_time is a pseudo-operational proxy
2016-03-22T00:00:00+00:00,2016-03-21,windermere,south,water_temperature,2.0,month_1,2016-03-22,2016-04-20,6.866050806581439,degC,expanding_prior_year_window_climatology,1.0,True,8,8,2008|2009|2010|2011|2012|2013|2014|2015,092cff3ad8a8cbcc244ccdd45aa09d337e25258f5b4b3f4c64873cbe55893851,1.2994592027661243,observation_time_proxy,historical data_available_time is unknown; observation_time is a pseudo-operational proxy
2016-03-22T00:00:00+00:00,2016-03-21,windermere,south,water_temperature,2.0,month_2,2016-04-21,2016-05-20,10.306667843253969,degC,expanding_prior_year_window_climatology,1.0,True,8,7,2008|2009|2011|2012|2013|2014|2015,e0769f6c43c1c545a0250a4a484a71d58ed03dbfc6294704feae806ec61d9df0,1.675898323319612,observation_time_proxy,historical data_available_time is unknown; observation_time is a pseudo-operational proxy
2016-03-22T00:00:00+00:00,2016-03-21,windermere,south,water_temperature,2.0,month_3,2016-05-21,2016-06-19,14.64542352410201,degC,expanding_prior_year_window_climatology,1.0,True,8,8,2008|2009|2010|2011|2012|2013|2014|2015,3574ff88947e1e3d68ad782ff9edb30613018838eb5994e044cc6aa85d088624,1.0734894516370848,observation_time_proxy,historical data_available_time is unknown; observation_time is a pseudo-operational proxy
2016-03-29T00:00:00+00:00,2016-03-28,windermere,south,water_temperature,2.0,month_1,2016-03-29,2016-04-27,7.678782184325397,degC,expanding_prior_year_window_climatology,1.0,True,8,7,2008|2009|2011|2012|2013|2014|2015,552c35199f36ba5fe8a79eee157078950c16f22859896c7d337beba521e6679e,1.5412855094462778,observation_time_proxy,historical data_available_time is unknown; observation_time is a pseudo-operational proxy
2016-03-29T00:00:00+00:00,2016-03-28,windermere,south,water_temperature,2.0,month_2,2016-04-28,2016-05-27,11.219535314641204,degC,expanding_prior_year_window_climatology,1.0,True,8,8,2008|2009|2010|2011|2012|2013|2014|2015,ef0f131a2fad1673a19feb0f770c64b70645ef17f1a6d0379d84db8e71399bc6,1.4008391990897653,observation_time_proxy,historical data_available_time is unknown; observation_time is a pseudo-operational proxy
2016-03-29T00:00:00+00:00,2016-03-28,windermere,south,water_temperature,2.0,month_3,2016-05-28,2016-06-26,15.41385743858956,degC,expanding_prior_year_window_climatology,1.0,True,8,8,2008|2009|2010|2011|2012|2013|2014|2015,8c257e6987101ed40e1e00fa8294ce809bc35b57875bcbe98792c5af4818fb68,1.0063421648004864,observation_time_proxy,historical data_available_time is unknown; observation_time is a pseudo-operational proxy
2016-04-05T00:00:00+00:00,2016-04-04,windermere,south,water_temperature,2.0,month_1,2016-04-05,2016-05-04,8.432166330357143,degC,expanding_prior_year_window_climatology,1.0,True,8,7,2008|2009|2011|2012|2013|2014|2015,8a6f0a20a10371ed29e10d7d3dc8a0db9b5581ab3b4ed64f53f2ea70c12f4736,1.7301233745473594,observation_time_proxy,historical data_available_time is unknown; observation_time is a pseudo-operational proxy
2016-04-05T00:00:00+00:00,2016-04-04,windermere,south,water_temperature,2.0,month_2,2016-05-05,2016-06-03,12.163622172772989,degC,expanding_prior_year_window_climatology,1.0,True,8,8,2008|2009|2010|2011|2012|2013|2014|2015,d10e9b41e05e09032b131fc33e31ddeb42c586ea90889d5365cfebc67a2b9389,1.2938284213858915,observation_time_proxy,historical data_available_time is unknown; observation_time is a pseudo-operational proxy
2016-04-05T00:00:00+00:00,2016-04-04,windermere,south,water_temperature,2.0,month_3,2016-06-04,2016-07-03,16.159301190972222,degC,expanding_prior_year_window_climatology,1.0,True,8,8,2008|2009|2010|2011|2012|2013|2014|2015,5a80cb50d640ddd72e46ed18822c64a37b44247fdd81ce90bade2fca28243323,1.1776479635263268,observation_time_proxy,historical data_available_time is unknown; observation_time is a pseudo-operational proxy
2016-04-12T00:00:00+00:00,2016-04-11,windermere,south,water_temperature,2.0,month_1,2016-04-12,2016-05-11,9.262069604563491,degC,expanding_prior_year_window_climatology,1.0,True,8,7,2008|2009|2011|2012|2013|2014|2015,0a02d1becb38bb992d9f71c5aa75607b7093ff79a341aa778e80faa9dd791be5,1.757092339387152,observation_time_proxy,historical data_available_time is unknown; observation_time is a pseudo-operational proxy
2016-04-12T00:00:00+00:00,2016-04-11,windermere,south,water_temperature,2.0,month_2,2016-05-12,2016-06-10,13.297647547611351,degC,expanding_prior_year_window_climatology,1.0,True,8,8,2008|2009|2010|2011|2012|2013|2014|2015,650394b036516100279a07c23195399d9786da5648c9e8fffb81af8983313d23,1.1982381516067921,observation_time_proxy,historical data_available_time is unknown; observation_time is a pseudo-operational proxy
2016-04-12T00:00:00+00:00,2016-04-11,windermere,south,water_temperature,2.0,month_3,2016-06-11,2016-07-10,16.705625640474032,degC,expanding_prior_year_window_climatology,1.0,True,8,8,2008|2009|2010|2011|2012|2013|2014|2015,c5b8fed3d71b7626669725d60a91a6f7adbcf10ae1d02846e08ab6ffb54814fc,1.3559339770002692,observation_time_proxy,historical data_available_time is unknown; observation_time is a pseudo-operational proxy
2016-04-19T00:00:00+00:00,2016-04-18,windermere,south,water_temperature,2.0,month_1,2016-04-19,2016-05-18,10.08662692579365,degC,expanding_prior_year_window_climatology,1.0,True,8,7,2008|2009|2011|2012|2013|2014|2015,530addc92dfbb8163e071eb15da4f87f84237b450a895440f39fa062bcc8cf80,1.6873414905371331,observation_time_proxy,historical data_available_time is unknown; observation_time is a pseudo-operational proxy
2016-04-19T00:00:00+00:00,2016-04-18,windermere,south,water_temperature,2.0,month_2,2016-05-19,2016-06-17,14.365577279675527,degC,expanding_prior_year_window_climatology,1.0,True,8,8,2008|2009|2010|2011|2012|2013|2014|2015,8a29d2e9882df50d252580867c4597b86881f9b0b7c1ac97b127a3c3ed943c0b,1.088750445231415,observation_time_proxy,historical data_available_time is unknown; observation_time is a pseudo-operational proxy
2016-04-19T00:00:00+00:00,2016-04-18,windermere,south,water_temperature,2.0,month_3,2016-06-18,2016-07-17,17.290360467809894,degC,expanding_prior_year_window_climatology,1.0,True,8,8,2008|2009|2010|2011|2012|2013|2014|2015,9fa4aa9fa25e476743ecba13eb16cd497c50ac84c76b7e4f313799f83620dbd4,1.5430772526196757,observation_time_proxy,historical data_available_time is unknown; observation_time is a pseudo-operational proxy
2016-04-26T00:00:00+00:00,2016-04-25,windermere,south,water_temperature,2.0,month_1,2016-04-26,2016-05-25,10.887971467460318,degC,expanding_prior_year_window_climatology,1.0,True,8,7,2008|2009|2011|2012|2013|2014|2015,cdfd0e78af4b767b2e7849fb112871a413a4256071f861b2b93ca54a2bad1c3d,1.5374765409719566,observation_time_proxy,historical data_available_time is unknown; observation_time is a pseudo-operational proxy
2016-04-26T00:00:00+00:00,2016-04-25,windermere,south,water_temperature,2.0,month_2,2016-05-26,2016-06-24,15.215464074018199,degC,expanding_prior_year_window_climatology,1.0,True,8,8,2008|2009|2010|2011|2012|2013|2014|2015,517646a62815387061fd847cd79fbb5f1320492fa81fbf9dc7436dbada8eab7e,1.010339509566783,observation_time_proxy,historical data_available_time is unknown; observation_time is a pseudo-operational proxy
2016-04-26T00:00:00+00:00,2016-04-25,windermere,south,water_temperature,2.0,month_3,2016-06-25,2016-07-24,17.738054912254338,degC,expanding_prior_year_window_climatology,1.0,True,8,8,2008|2009|2010|2011|2012|2013|2014|2015,ab815b45a220031bd20853844add5b4610d4b56ca2da959589d022cc3047d1fa,1.5946496326460946,observation_time_proxy,historical data_available_time is unknown; observation_time is a pseudo-operational proxy
2016-05-03T00:00:00+00:00,2016-05-02,windermere,south,water_temperature,2.0,month_1,2016-05-03,2016-06-01,11.857142915738745,degC,expanding_prior_year_window_climatology,1.0,True,8,8,2008|2009|2010|2011|2012|2013|2014|2015,596b2ac813dc8d5a1e5119a46b30f0036cf262f40fa3a00bb1d8ca49318ed2db,1.3087315091517144,observation_time_proxy,historical data_available_time is unknown; observation_time is a pseudo-operational proxy
2016-05-03T00:00:00+00:00,2016-05-02,windermere,south,water_temperature,2.0,month_2,2016-06-02,2016-07-01,15.965905706597223,degC,expanding_prior_year_window_climatology,1.0,True,8,8,2008|2009|2010|2011|2012|2013|2014|2015,8ffc2d81ce5d68be657ffd4b8b659a9d32b5e2f154c8b0496a5c77e48a2bbc66,1.1226310861943363,observation_time_proxy,historical data_available_time is unknown; observation_time is a pseudo-operational proxy
2016-05-03T00:00:00+00:00,2016-05-02,windermere,south,water_temperature,2.0,month_3,2016-07-02,2016-07-31,18.168651574084695,degC,expanding_prior_year_window_climatology,1.0,True,8,8,2008|2009|2010|2011|2012|2013|2014|2015,ecf199708565688ecd789ed06b02d820ee3622e2f550911613a375459d20372a,1.5929370578840152,observation_time_proxy,historical data_available_time is unknown; observation_time is a pseudo-operational proxy
2016-05-10T00:00:00+00:00,2016-05-09,windermere,south,water_temperature,2.0,month_1,2016-05-10,2016-06-08,12.972609903657807,degC,expanding_prior_year_window_climatology,1.0,True,8,8,2008|2009|2010|2011|2012|2013|2014|2015,7b3d3b5b9dd26b9bb909823af231fc82ff59c7f75d4a867a4d9112e9cbf4578d,1.2396525242081107,observation_time_proxy,historical data_available_time is unknown; observation_time is a pseudo-operational proxy
2016-05-10T00:00:00+00:00,2016-05-09,windermere,south,water_temperature,2.0,month_2,2016-06-09,2016-07-08,16.53615669950181,degC,expanding_prior_year_window_climatology,1.0,True,8,8,2008|2009|2010|2011|2012|2013|2014|2015,ac4220b7b39d26efe0a1e6326029bf9f5b24fdf036213ebc76408d5b4a07579c,1.283387205917783,observation_time_proxy,historical data_available_time is unknown; observation_time is a pseudo-operational proxy
2016-05-10T00:00:00+00:00,2016-05-09,windermere,south,water_temperature,2.0,month_3,2016-07-09,2016-08-07,18.331576796209866,degC,expanding_prior_year_window_climatology,1.0,True,8,8,2008|2009|2010|2011|2012|2013|2014|2015,40ee24e24ec780b113c2fa0bde233d27cce9fe46cc6c9ad94b6c1938ff63ddff,1.736530206696424,observation_time_proxy,historical data_available_time is unknown; observation_time is a pseudo-operational proxy
2016-05-17T00:00:00+00:00,2016-05-16,windermere,south,water_temperature,2.0,month_1,2016-05-17,2016-06-15,14.06749708679957,degC,expanding_prior_year_window_climatology,1.0,True,8,8,2008|2009|2010|2011|2012|2013|2014|2015,43fd8235e3841a1a2a1afaacb837a1f06c346fc0855445e817b45fc7f628fe0a,1.1112604909308832,observation_time_proxy,historical data_available_time is unknown; observation_time is a pseudo-operational proxy
2016-05-17T00:00:00+00:00,2016-05-16,windermere,south,water_temperature,2.0,month_2,2016-06-16,2016-07-15,17.14584122996267,degC,expanding_prior_year_window_climatology,1.0,True,8,8,2008|2009|2010|2011|2012|2013|2014|2015,ff99dd8f5bfdbc15bb732545a0a416819578192b90e8b33b6050c6c46941703e,1.5181595130080943,observation_time_proxy,historical data_available_time is unknown; observation_time is a pseudo-operational proxy
2016-05-17T00:00:00+00:00,2016-05-16,windermere,south,water_temperature,2.0,month_3,2016-07-16,2016-08-14,18.27124419952877,degC,expanding_prior_year_window_climatology,1.0,True,8,8,2008|2009|2010|2011|2012|2013|2014|2015,3d2266a03051fce2e2364d944d7af75b4a6873c1671bee9047bb014b878b3d2c,1.541278894417171,observation_time_proxy,historical data_available_time is unknown; observation_time is a pseudo-operational proxy
2016-05-24T00:00:00+00:00,2016-05-23,windermere,south,water_temperature,2.0,month_1,2016-05-24,2016-06-22,15.009912686260776,degC,expanding_prior_year_window_climatology,1.0,True,8,8,2008|2009|2010|2011|2012|2013|2014|2015,e2450fdfe5ed13bdb8e1cb0a696a0d40fa46f0ef3677907516d14abc277db5a2,1.0517872275607585,observation_time_proxy,historical data_available_time is unknown; observation_time is a pseudo-operational proxy
2016-05-24T00:00:00+00:00,2016-05-23,windermere,south,water_temperature,2.0,month_2,2016-06-23,2016-07-22,17.607212021629337,degC,expanding_prior_year_window_climatology,1.0,True,8,8,2008|2009|2010|2011|2012|2013|2014|2015,504c881b25988ef170b203eeeda92d44c1ebdabf068b4a345a26c4c6afff8ee9,1.5882703053984626,observation_time_proxy,historical data_available_time is unknown; observation_time is a pseudo-operational proxy
2016-05-24T00:00:00+00:00,2016-05-23,windermere,south,water_temperature,2.0,month_3,2016-07-23,2016-08-21,18.13492704092262,degC,expanding_prior_year_window_climatology,1.0,True,8,8,2008|2009|2010|2011|2012|2013|2014|2015,fa5c1f49f5f30b62d17edad1f237019fd8457d9f748972bb8da17f9e86a36994,1.1386952970544768,observation_time_proxy,historical data_available_time is unknown; observation_time is a pseudo-operational proxy
2016-05-31T00:00:00+00:00,2016-05-30,windermere,south,water_temperature,2.0,month_1,2016-05-31,2016-06-29,15.74755870923132,degC,expanding_prior_year_window_climatology,1.0,True,8,8,2008|2009|2010|2011|2012|2013|2014|2015,b761f310be82537e82e983a980184ebe08ce72a0ff73280150192d6d88668de1,1.0608563066305412,observation_time_proxy,historical data_available_time is unknown; observation_time is a pseudo-operational proxy
2016-05-31T00:00:00+00:00,2016-05-30,windermere,south,water_temperature,2.0,month_2,2016-06-30,2016-07-29,18.086349391669017,degC,expanding_prior_year_window_climatology,1.0,True,8,8,2008|2009|2010|2011|2012|2013|2014|2015,276b7b1997048e5a02e6837282128f30bdf81968cc4b2c69c267fc6955a276a1,1.5772138132133833,observation_time_proxy,historical data_available_time is unknown; observation_time is a pseudo-operational proxy
2016-05-31T00:00:00+00:00,2016-05-30,windermere,south,water_temperature,2.0,month_3,2016-07-30,2016-08-28,17.808449912698414,degC,expanding_prior_year_window_climatology,1.0,True,8,8,2008|2009|2010|2011|2012|2013|2014|2015,a0d63f41ba3b79becd8ebfccb2993fd201619a816657a5512b4c1c0a8a9d5642,0.7191903620476156,observation_time_proxy,historical data_available_time is unknown; observation_time is a pseudo-operational proxy
2016-06-07T00:00:00+00:00,2016-06-06,windermere,south,water_temperature,2.0,month_1,2016-06-07,2016-07-06,16.387765003321256,degC,expanding_prior_year_window_climatology,1.0,True,8,8,2008|2009|2010|2011|2012|2013|2014|2015,6d4601097025f0f0400d95e72af155fbc702df6a1b24bd87e23f37e3c531aa6a,1.2353159819367516,observation_time_proxy,historical data_available_time is unknown; observation_time is a pseudo-operational proxy
2016-06-07T00:00:00+00:00,2016-06-06,windermere,south,water_temperature,2.0,month_2,2016-07-07,2016-08-05,18.293069539017406,degC,expanding_prior_year_window_climatology,1.0,True,8,8,2008|2009|2010|2011|2012|2013|2014|2015,234a0d64e39bf650fd21986cae7672ac0174b1f8047f5516c4e57f6a40da5671,1.7162018645443764,observation_time_proxy,historical data_available_time is unknown; observation_time is a pseudo-operational proxy
2016-06-07T00:00:00+00:00,2016-06-06,windermere,south,water_temperature,2.0,month_3,2016-08-06,2016-09-04,17.46733162450397,degC,expanding_prior_year_window_climatology,1.0,True,8,8,2008|2009|2010|2011|2012|2013|2014|2015,7646aaca06197a34cdd2221dcf14e1e254799a4569231d810d660be82dedfcfe,0.5489473786574671,observation_time_proxy,historical data_available_time is unknown; observation_time is a pseudo-operational proxy
2016-06-14T00:00:00+00:00,2016-06-13,windermere,south,water_temperature,2.0,month_1,2016-06-14,2016-07-13,16.968453318504338,degC,expanding_prior_year_window_climatology,1.0,True,8,8,2008|2009|2010|2011|2012|2013|2014|2015,e50ff6c067debb5cce76a81fb257f7a717db6b92932c1ff1ec9d9be4b5ddb781,1.4651957024394353,observation_time_proxy,historical data_available_time is unknown; observation_time is a pseudo-operational proxy
2016-06-14T00:00:00+00:00,2016-06-13,windermere,south,water_temperature,2.0,month_2,2016-07-14,2016-08-12,18.301991259300596,degC,expanding_prior_year_window_climatology,1.0,True,8,8,2008|2009|2010|2011|2012|2013|2014|2015,e3df332ded959a7e3cbc784650dc511a39ba48e35f841ff3e4dcd1c7c2d762d1,1.6240862035274504,observation_time_proxy,historical data_available_time is unknown; observation_time is a pseudo-operational proxy
2016-06-14T00:00:00+00:00,2016-06-13,windermere,south,water_temperature,2.0,month_3,2016-08-13,2016-09-11,17.092632118055555,degC,expanding_prior_year_window_climatology,1.0,True,8,8,2008|2009|2010|2011|2012|2013|2014|2015,1d9974ab418e8db1493533a474de2329c57ddc246729a09385b7d757624b9c4f,0.612073827017376,observation_time_proxy,historical data_available_time is unknown; observation_time is a pseudo-operational proxy
2016-06-21T00:00:00+00:00,2016-06-20,windermere,south,water_temperature,2.0,month_1,2016-06-21,2016-07-20,17.479546834129337,degC,expanding_prior_year_window_climatology,1.0,True,8,8,2008|2009|2010|2011|2012|2013|2014|2015,521ecd0476b36feba7cf454cc599e45cd71882144f0350fdd8823884bf80ecbc,1.571639921368168,observation_time_proxy,historical data_available_time is unknown; observation_time is a pseudo-operational proxy
2016-06-21T00:00:00+00:00,2016-06-20,windermere,south,water_temperature,2.0,month_2,2016-07-21,2016-08-19,18.19374532886905,degC,expanding_prior_year_window_climatology,1.0,True,8,8,2008|2009|2010|2011|2012|2013|2014|2015,1a18631d9cb485ccc2c306da8051709572202ea925e22cf8c00f0d292a6989f8,1.2754945051048476,observation_time_proxy,historical data_available_time is unknown; observation_time is a pseudo-operational proxy
2016-06-21T00:00:00+00:00,2016-06-20,windermere,south,water_temperature,2.0,month_3,2016-08-20,2016-09-18,16.670749157986112,degC,expanding_prior_year_window_climatology,1.0,True,8,8,2008|2009|2010|2011|2012|2013|2014|2015,0929f904be401aa61654e1f85b2e434b701ee21aaf19e52f9de03606ee6a6154,0.6261256691257506,observation_time_proxy,historical data_available_time is unknown; observation_time is a pseudo-operational proxy
2016-06-28T00:00:00+00:00,2016-06-27,windermere,south,water_temperature,2.0,month_1,2016-06-28,2016-07-27,17.959287548928188,degC,expanding_prior_year_window_climatology,1.0,True,8,8,2008|2009|2010|2011|2012|2013|2014|2015,0ed8e4c34f27be3a658c3e032944303e2dfb7725a232805010a59fecea61f5db,1.5846147173240521,observation_time_proxy,historical data_available_time is unknown; observation_time is a pseudo-operational proxy
2016-06-28T00:00:00+00:00,2016-06-27,windermere,south,water_temperature,2.0,month_2,2016-07-28,2016-08-26,17.917397238129446,degC,expanding_prior_year_window_climatology,1.0,True,8,8,2008|2009|2010|2011|2012|2013|2014|2015,5719c8fe01b1aec31eb0299321a2b5abfa0d7b451ae91fcd37d1d8d855c5c7cf,0.7976643749688688,observation_time_proxy,historical data_available_time is unknown; observation_time is a pseudo-operational proxy
2016-06-28T00:00:00+00:00,2016-06-27,windermere,south,water_temperature,2.0,month_3,2016-08-27,2016-09-25,16.18283906597222,degC,expanding_prior_year_window_climatology,1.0,True,8,8,2008|2009|2010|2011|2012|2013|2014|2015,eb66e922dbe08f6628c9c1b98759fff3b1c65985f8755c8af90340de5d028906,0.7055385476019749,observation_time_proxy,historical data_available_time is unknown; observation_time is a pseudo-operational proxy
2016-07-05T00:00:00+00:00,2016-07-04,windermere,south,water_temperature,2.0,month_1,2016-07-05,2016-08-03,18.24790452510156,degC,expanding_prior_year_window_climatology,1.0,True,8,8,2008|2009|2010|2011|2012|2013|2014|2015,73c400f5d13dd21452cbf99690b177cba09a4dd1c48417be2b1c1c44e31acca7,1.6713810957427522,observation_time_proxy,historical data_available_time is unknown; observation_time is a pseudo-operational proxy
2016-07-05T00:00:00+00:00,2016-07-04,windermere,south,water_temperature,2.0,month_2,2016-08-04,2016-09-02,17.556382338045633,degC,expanding_prior_year_window_climatology,1.0,True,8,8,2008|2009|2010|2011|2012|2013|2014|2015,0fd345c6155e2614fbfef315095c55fcfb2c0aaaac7543d0a164586ff9567740,0.5709453166974432,observation_time_proxy,historical data_available_time is unknown; observation_time is a pseudo-operational proxy
2016-07-05T00:00:00+00:00,2016-07-04,windermere,south,water_temperature,2.0,month_3,2016-09-03,2016-10-02,15.678530640624999,degC,expanding_prior_year_window_climatology,1.0,True,8,8,2008|2009|2010|2011|2012|2013|2014|2015,2c576c3482df12e6f4dd0c4a71a762544c6f8961ba81ed3d2f5da3ca3100fffe,0.8041350047704561,observation_time_proxy,historical data_available_time is unknown; observation_time is a pseudo-operational proxy
2016-07-12T00:00:00+00:00,2016-07-11,windermere,south,water_temperature,2.0,month_1,2016-07-12,2016-08-10,18.330045217092803,degC,expanding_prior_year_window_climatology,1.0,True,8,8,2008|2009|2010|2011|2012|2013|2014|2015,6e1ca0be07c0c2e8f2eac9335e18c65c6c20dca47516cf1309f5e56b620e1f91,1.703621047545461,observation_time_proxy,historical data_available_time is unknown; observation_time is a pseudo-operational proxy
2016-07-12T00:00:00+00:00,2016-07-11,windermere,south,water_temperature,2.0,month_2,2016-08-11,2016-09-09,17.20193715451389,degC,expanding_prior_year_window_climatology,1.0,True,8,8,2008|2009|2010|2011|2012|2013|2014|2015,120eb36bb901cbef467dcb3ae79432ba6f8c0f4414eb051995dcbdbdd0940567,0.5978391705866715,observation_time_proxy,historical data_available_time is unknown; observation_time is a pseudo-operational proxy
2016-07-12T00:00:00+00:00,2016-07-11,windermere,south,water_temperature,2.0,month_3,2016-09-10,2016-10-09,15.082306821180556,degC,expanding_prior_year_window_climatology,1.0,True,8,8,2008|2009|2010|2011|2012|2013|2014|2015,ab5ffcfe838356bc7010494e5fa0494108e8bd79c41dbd825096d08b28f140a9,0.792957065923514,observation_time_proxy,historical data_available_time is unknown; observation_time is a pseudo-operational proxy
2016-07-19T00:00:00+00:00,2016-07-18,windermere,south,water_temperature,2.0,month_1,2016-07-19,2016-08-17,18.233969590029762,degC,expanding_prior_year_window_climatology,1.0,True,8,8,2008|2009|2010|2011|2012|2013|2014|2015,a7f0cfd653170017cde21cbb0a5ad0a4e4e02dd6d518a9555ef920ce36ac03df,1.4082478426940972,observation_time_proxy,historical data_available_time is unknown; observation_time is a pseudo-operational proxy
2016-07-19T00:00:00+00:00,2016-07-18,windermere,south,water_temperature,2.0,month_2,2016-08-18,2016-09-16,16.797877960069446,degC,expanding_prior_year_window_climatology,1.0,True,8,8,2008|2009|2010|2011|2012|2013|2014|2015,b771ca3c6e4a40e258ca16cd30ef814e5f31352e2123e29f57dd335b8574a1f6,0.622001262481977,observation_time_proxy,historical data_available_time is unknown; observation_time is a pseudo-operational proxy
2016-07-19T00:00:00+00:00,2016-07-18,windermere,south,water_temperature,2.0,month_3,2016-09-17,2016-10-16,14.436826802083333,degC,expanding_prior_year_window_climatology,1.0,True,8,8,2008|2009|2010|2011|2012|2013|2014|2015,547f15716091d9f34a8ce19afe6e912cd56ccc108b8c9d826846795d5d57eb3e,0.7774344662386677,observation_time_proxy,historical data_available_time is unknown; observation_time is a pseudo-operational proxy
2016-07-26T00:00:00+00:00,2016-07-25,windermere,south,water_temperature,2.0,month_1,2016-07-26,2016-08-24,18.024789198536705,degC,expanding_prior_year_window_climatology,1.0,True,8,8,2008|2009|2010|2011|2012|2013|2014|2015,00332ac0263919581f2042dc4acf84cac79e0c9c1c7b37d3ceb4dbf4b872fc0b,0.9192899357070902,observation_time_proxy,historical data_available_time is unknown; observation_time is a pseudo-operational proxy
2016-07-26T00:00:00+00:00,2016-07-25,windermere,south,water_temperature,2.0,month_2,2016-08-25,2016-09-23,16.334138444444445,degC,expanding_prior_year_window_climatology,1.0,True,8,8,2008|2009|2010|2011|2012|2013|2014|2015,df369aafc483aecfbb88f03bcc77f842fbd2778134d7a3e49873d1cbe5277b16,0.6778097248253104,observation_time_proxy,historical data_available_time is unknown; observation_time is a pseudo-operational proxy
2016-07-26T00:00:00+00:00,2016-07-25,windermere,south,water_temperature,2.0,month_3,2016-09-24,2016-10-23,13.776071237847223,degC,expanding_prior_year_window_climatology,1.0,True,8,8,2008|2009|2010|2011|2012|2013|2014|2015,b38f361ece39f5becc36a8f3d742cc0f971443ad87312bec03ec559373814bfd,0.7520900714449131,observation_time_proxy,historical data_available_time is unknown; observation_time is a pseudo-operational proxy
2016-08-02T00:00:00+00:00,2016-08-01,windermere,south,water_temperature,2.0,month_1,2016-08-02,2016-08-31,17.654852775545635,degC,expanding_prior_year_window_climatology,1.0,True,8,8,2008|2009|2010|2011|2012|2013|2014|2015,f36774782ce3a8a4347e66746a440a5125968c4983a6e07af66011837cb87a8c,0.6249881570235263,observation_time_proxy,historical data_available_time is unknown; observation_time is a pseudo-operational proxy
2016-08-02T00:00:00+00:00,2016-08-01,windermere,south,water_temperature,2.0,month_2,2016-09-01,2016-09-30,15.818205135416667,degC,expanding_prior_year_window_climatology,1.0,True,8,8,2008|2009|2010|2011|2012|2013|2014|2015,9040ad8d9a7d75c5f050066f41226e80ee6dc9b9ef6f33a20c5c6ab6f2269923,0.7806166925227073,observation_time_proxy,historical data_available_time is unknown; observation_time is a pseudo-operational proxy
2016-08-02T00:00:00+00:00,2016-08-01,windermere,south,water_temperature,2.0,month_3,2016-10-01,2016-10-30,13.067126164930556,degC,expanding_prior_year_window_climatology,1.0,True,8,8,2008|2009|2010|2011|2012|2013|2014|2015,118632d4176d94300f20b0327fc6f7f83d04d8a772667e5147262c849a502e03,0.7539457025141524,observation_time_proxy,historical data_available_time is unknown; observation_time is a pseudo-operational proxy
2016-08-09T00:00:00+00:00,2016-08-08,windermere,south,water_temperature,2.0,month_1,2016-08-09,2016-09-07,17.3096995,degC,expanding_prior_year_window_climatology,1.0,True,8,8,2008|2009|2010|2011|2012|2013|2014|2015,f7997ea95d9a7f4c6d7c041f6dcecdbb63d15a1ae9996aaf5ff432760b533622,0.5808570438003292,observation_time_proxy,historical data_available_time is unknown; observation_time is a pseudo-operational proxy
2016-08-09T00:00:00+00:00,2016-08-08,windermere,south,water_temperature,2.0,month_2,2016-09-08,2016-10-07,15.256458265625,degC,expanding_prior_year_window_climatology,1.0,True,8,8,2008|2009|2010|2011|2012|2013|2014|2015,7c7eb1e414d53c4f39fbca86a21982f8053d9521b7fa3d7e497fd09ed8ea5d61,0.8037420458728924,observation_time_proxy,historical data_available_time is unknown; observation_time is a pseudo-operational proxy
2016-08-09T00:00:00+00:00,2016-08-08,windermere,south,water_temperature,2.0,month_3,2016-10-08,2016-11-06,12.331673218289554,degC,expanding_prior_year_window_climatology,1.0,True,8,8,2008|2009|2010|2011|2012|2013|2014|2015,8413109e20f2b474e09dccad8eb7e80e86c52a7ae88ea153f8670c401f3b0150,0.7931294103279815,observation_time_proxy,historical data_available_time is unknown; observation_time is a pseudo-operational proxy
2016-08-16T00:00:00+00:00,2016-08-15,windermere,south,water_temperature,2.0,month_1,2016-08-16,2016-09-14,16.92060416840278,degC,expanding_prior_year_window_climatology,1.0,True,8,8,2008|2009|2010|2011|2012|2013|2014|2015,9becb1d0050c795d0d3d2d5603731f66332f42dd5e3af45ac6479fcd92adffd5,0.6234880725124545,observation_time_proxy,historical data_available_time is unknown; observation_time is a pseudo-operational proxy
2016-08-16T00:00:00+00:00,2016-08-15,windermere,south,water_temperature,2.0,month_2,2016-09-15,2016-10-14,14.617649277777778,degC,expanding_prior_year_window_climatology,1.0,True,8,8,2008|2009|2010|2011|2012|2013|2014|2015,0e948dadc253ca5e4ceb59c3db14cde2c637e158e837d9f72205de45dd5e3048,0.7815749346601728,observation_time_proxy,historical data_available_time is unknown; observation_time is a pseudo-operational proxy
2016-08-16T00:00:00+00:00,2016-08-15,windermere,south,water_temperature,2.0,month_3,2016-10-15,2016-11-13,11.602272840164552,degC,expanding_prior_year_window_climatology,1.0,True,8,8,2008|2009|2010|2011|2012|2013|2014|2015,c8b490cebcd6b96f62094b255b5d5cd249e9c3bc26174df5c609eb6f219c0988,0.8374368990457249,observation_time_proxy,historical data_available_time is unknown; observation_time is a pseudo-operational proxy
2016-08-23T00:00:00+00:00,2016-08-22,windermere,south,water_temperature,2.0,month_1,2016-08-23,2016-09-21,16.477823729166666,degC,expanding_prior_year_window_climatology,1.0,True,8,8,2008|2009|2010|2011|2012|2013|2014|2015,5f8e3ce5abdbdd7487e8d45d30159b348645786e765de93ae4854bb2025dd6f7,0.6512526620114552,observation_time_proxy,historical data_available_time is unknown; observation_time is a pseudo-operational proxy
2016-08-23T00:00:00+00:00,2016-08-22,windermere,south,water_temperature,2.0,month_2,2016-09-22,2016-10-21,13.974360376736112,degC,expanding_prior_year_window_climatology,1.0,True,8,8,2008|2009|2010|2011|2012|2013|2014|2015,883e6b7eb966eba5c309cb916afc4405de09b4b0f9ea499b2085a137ea520adc,0.7620500846429442,observation_time_proxy,historical data_available_time is unknown; observation_time is a pseudo-operational proxy
2016-08-23T00:00:00+00:00,2016-08-22,windermere,south,water_temperature,2.0,month_3,2016-10-22,2016-11-20,10.905842114470108,degC,expanding_prior_year_window_climatology,1.0,True,8,8,2008|2009|2010|2011|2012|2013|2014|2015,d615d0d477b035bddb75ac72805b467e3315c342442c5435ff781c6fee9448d3,0.8699294575469922,observation_time_proxy,historical data_available_time is unknown; observation_time is a pseudo-operational proxy
2016-08-30T00:00:00+00:00,2016-08-29,windermere,south,water_temperature,2.0,month_1,2016-08-30,2016-09-28,15.95973565625,degC,expanding_prior_year_window_climatology,1.0,True,8,8,2008|2009|2010|2011|2012|2013|2014|2015,d46c74945e6e364894f0b7b48b9b35b7e616acdca4a4d1bb7c057e04b94494ab,0.74644209932214,observation_time_proxy,historical data_available_time is unknown; observation_time is a pseudo-operational proxy
2016-08-30T00:00:00+00:00,2016-08-29,windermere,south,water_temperature,2.0,month_2,2016-09-29,2016-10-28,13.278884234374999,degC,expanding_prior_year_window_climatology,1.0,True,8,8,2008|2009|2010|2011|2012|2013|2014|2015,94d62b30e580a6bc29f91394a751597f8f3aa5073964ea5db54f725e2bfe163f,0.7512728434162146,observation_time_proxy,historical data_available_time is unknown; observation_time is a pseudo-operational proxy
2016-08-30T00:00:00+00:00,2016-08-29,windermere,south,water_temperature,2.0,month_3,2016-10-29,2016-11-27,10.252707712213164,degC,expanding_prior_year_window_climatology,1.0,True,8,8,2008|2009|2010|2011|2012|2013|2014|2015,6bdb9d21e56f83c7d4c27f7595c0ccd4fa2dde3e9649fbbd424de6b70cb77a96,0.8985759638826459,observation_time_proxy,historical data_available_time is unknown; observation_time is a pseudo-operational proxy
2016-09-06T00:00:00+00:00,2016-09-05,windermere,south,water_temperature,2.0,month_1,2016-09-06,2016-10-05,15.423245661458333,degC,expanding_prior_year_window_climatology,1.0,True,8,8,2008|2009|2010|2011|2012|2013|2014|2015,41dc950a002738bd2069064438ade1b164adf8d5bec7492f7409f2749de8a682,0.8139774688276364,observation_time_proxy,historical data_available_time is unknown; observation_time is a pseudo-operational proxy
2016-09-06T00:00:00+00:00,2016-09-05,windermere,south,water_temperature,2.0,month_2,2016-10-06,2016-11-04,12.538888121414553,degC,expanding_prior_year_window_climatology,1.0,True,8,8,2008|2009|2010|2011|2012|2013|2014|2015,d80b9872e86093aaf2dde2132889dfa50a0807ff0186378e13835d9fa9d0bc11,0.7816476336241011,observation_time_proxy,historical data_available_time is unknown; observation_time is a pseudo-operational proxy
2016-09-06T00:00:00+00:00,2016-09-05,windermere,south,water_temperature,2.0,month_3,2016-11-05,2016-12-04,9.577102368870772,degC,expanding_prior_year_window_climatology,1.0,True,8,8,2008|2009|2010|2011|2012|2013|2014|2015,e56fb91ec70e58376eeecc44f8269e93c453843f037d1a4c15efe9f5dae618e4,0.9057327247455493,observation_time_proxy,historical data_available_time is unknown; observation_time is a pseudo-operational proxy
2016-09-13T00:00:00+00:00,2016-09-12,windermere,south,water_temperature,2.0,month_1,2016-09-13,2016-10-12,14.805519684027779,degC,expanding_prior_year_window_climatology,1.0,True,8,8,2008|2009|2010|2011|2012|2013|2014|2015,484616a42c2835fa24c400fca635e3403eaec5e522afcebec28ac446fec8ed53,0.7846967597890573,observation_time_proxy,historical data_available_time is unknown; observation_time is a pseudo-operational proxy
2016-09-13T00:00:00+00:00,2016-09-12,windermere,south,water_temperature,2.0,month_2,2016-10-13,2016-11-11,11.80832219901872,degC,expanding_prior_year_window_climatology,1.0,True,8,8,2008|2009|2010|2011|2012|2013|2014|2015,7e9f11f8c0edf713c181afd5edb6810883817e8d58d316bdf5869bd62a2a5937,0.8212615504132124,observation_time_proxy,historical data_available_time is unknown; observation_time is a pseudo-operational proxy
2016-09-13T00:00:00+00:00,2016-09-12,windermere,south,water_temperature,2.0,month_3,2016-11-12,2016-12-11,8.887802371301328,degC,expanding_prior_year_window_climatology,1.0,True,8,8,2008|2009|2010|2011|2012|2013|2014|2015,67bfdc57028588ab0958ce99cb4475ca05d02bc57a524ecee4d46b802221918b,0.9327952035033928,observation_time_proxy,historical data_available_time is unknown; observation_time is a pseudo-operational proxy
2016-09-20T00:00:00+00:00,2016-09-19,windermere,south,water_temperature,2.0,month_1,2016-09-20,2016-10-19,14.16303557638889,degC,expanding_prior_year_window_climatology,1.0,True,8,8,2008|2009|2010|2011|2012|2013|2014|2015,4d62072e8b1f6eb6a12902e29384ff0fcc2aac31f8de98cc83e92870eef634b5,0.7703837559728255,observation_time_proxy,historical data_available_time is unknown; observation_time is a pseudo-operational proxy
2016-09-20T00:00:00+00:00,2016-09-19,windermere,south,water_temperature,2.0,month_2,2016-10-20,2016-11-18,11.099402809782609,degC,expanding_prior_year_window_climatology,1.0,True,8,8,2008|2009|2010|2011|2012|2013|2014|2015,34076dfeeb175deda657a1923f85d7905204aaed615958fb0ddb84ba5265089e,0.8612743409796121,observation_time_proxy,historical data_available_time is unknown; observation_time is a pseudo-operational proxy
2016-09-20T00:00:00+00:00,2016-09-19,windermere,south,water_temperature,2.0,month_3,2016-11-19,2016-12-18,8.209576757065218,degC,expanding_prior_year_window_climatology,1.0,True,8,8,2008|2009|2010|2011|2012|2013|2014|2015,d3c25d5af9f3b8a93c7cf77109990485f9bb05febdcae3d97dc9845bb84461a2,0.9422671826827644,observation_time_proxy,historical data_available_time is unknown; observation_time is a pseudo-operational proxy
2016-09-27T00:00:00+00:00,2016-09-26,windermere,south,water_temperature,2.0,month_1,2016-09-27,2016-10-26,13.483554338541667,degC,expanding_prior_year_window_climatology,1.0,True,8,8,2008|2009|2010|2011|2012|2013|2014|2015,8e1f659ca62cbcf4f762858133d7e77d33b1d97fec150ac4ddbb55f32f3fa906,0.7447610192176164,observation_time_proxy,historical data_available_time is unknown; observation_time is a pseudo-operational proxy
2016-09-27T00:00:00+00:00,2016-09-26,windermere,south,water_temperature,2.0,month_2,2016-10-27,2016-11-25,10.439059899365942,degC,expanding_prior_year_window_climatology,1.0,True,8,8,2008|2009|2010|2011|2012|2013|2014|2015,a9704a759111d2e11095afb25743f55e0fe84e01b405b326154e97c6b996c83c,0.8929377287059246,observation_time_proxy,historical data_available_time is unknown; observation_time is a pseudo-operational proxy
2016-09-27T00:00:00+00:00,2016-09-26,windermere,south,water_temperature,2.0,month_3,2016-11-26,2016-12-25,7.5646733143568845,degC,expanding_prior_year_window_climatology,1.0,True,8,8,2008|2009|2010|2011|2012|2013|2014|2015,b3ecf2d5b22f9dd2cb0856563df792e8ff296367afeaa55988429327323873bb,0.9928240744395702,observation_time_proxy,historical data_available_time is unknown; observation_time is a pseudo-operational proxy
2016-10-04T00:00:00+00:00,2016-10-03,windermere,south,water_temperature,2.0,month_1,2016-10-04,2016-11-02,12.746537915685387,degC,expanding_prior_year_window_climatology,1.0,True,8,8,2008|2009|2010|2011|2012|2013|2014|2015,3282f884b84a4b25f64d9f916b97b7b4f6edd4c634d5a593214dcd7badc0d4f9,0.7679695028382435,observation_time_proxy,historical data_available_time is unknown; observation_time is a pseudo-operational proxy
2016-10-04T00:00:00+00:00,2016-10-03,windermere,south,water_temperature,2.0,month_2,2016-11-03,2016-12-02,9.773184685243056,degC,expanding_prior_year_window_climatology,1.0,True,8,8,2008|2009|2010|2011|2012|2013|2014|2015,97b2b4c4dc7304ff0c64951b68727498dbb35b18924bd98b5ca0adae644758c5,0.9037999705990412,observation_time_proxy,historical data_available_time is unknown; observation_time is a pseudo-operational proxy
2016-10-04T00:00:00+00:00,2016-10-03,windermere,south,water_temperature,2.0,month_3,2016-12-03,2017-01-01,7.013162071841163,degC,expanding_prior_year_window_climatology,1.0,True,8,8,2008|2009|2010|2011|2012|2013|2014|2015,cecf63ebe7a9102af16cf9e9cf043ae777404c3f194366174095e4666c4e05d2,1.0532059231730904,observation_time_proxy,historical data_available_time is unknown; observation_time is a pseudo-operational proxy
2016-10-11T00:00:00+00:00,2016-10-10,windermere,south,water_temperature,2.0,month_1,2016-10-11,2016-11-09,12.016237621414554,degC,expanding_prior_year_window_climatology,1.0,True,8,8,2008|2009|2010|2011|2012|2013|2014|2015,98ac500e174da9cec7925a3b93f81708107d654ed40e56ce118974c8b75e4bb7,0.8080929057868463,observation_time_proxy,historical data_available_time is unknown; observation_time is a pseudo-operational proxy
2016-10-11T00:00:00+00:00,2016-10-10,windermere,south,water_temperature,2.0,month_2,2016-11-10,2016-12-09,9.085040275294384,degC,expanding_prior_year_window_climatology,1.0,True,8,8,2008|2009|2010|2011|2012|2013|2014|2015,a0fdb18953c0c89adf5b27fc56bb9c6798a25645ce2ce801cbb5d008b42f2f25,0.9295188736203167,observation_time_proxy,historical data_available_time is unknown; observation_time is a pseudo-operational proxy
2016-10-11T00:00:00+00:00,2016-10-10,windermere,south,water_temperature,2.0,month_3,2016-12-10,2017-01-08,6.333904369780883,degC,expanding_prior_year_window_climatology,1.0,True,8,7,2008|2009|2010|2011|2012|2013|2014,7c60ba41d96d091faa5bff510148d5fa23dce275919cb436d51664d6cc87797d,0.9635771162480429,observation_time_proxy,historical data_available_time is unknown; observation_time is a pseudo-operational proxy
2016-10-18T00:00:00+00:00,2016-10-17,windermere,south,water_temperature,2.0,month_1,2016-10-18,2016-11-16,11.296811944504832,degC,expanding_prior_year_window_climatology,1.0,True,8,8,2008|2009|2010|2011|2012|2013|2014|2015,82544eaccb8fe0be556463d4ac7c3ba92a9bda572f37db7375e7835e0b2fc0a3,0.8522486231879863,observation_time_proxy,historical data_available_time is unknown; observation_time is a pseudo-operational proxy
2016-10-18T00:00:00+00:00,2016-10-17,windermere,south,water_temperature,2.0,month_2,2016-11-17,2016-12-16,8.399363438836051,degC,expanding_prior_year_window_climatology,1.0,True,8,8,2008|2009|2010|2011|2012|2013|2014|2015,6ce376896911f1545319e46686b09c9984e31bf0db413463d22392286b42c83d,0.9367311356410243,observation_time_proxy,historical data_available_time is unknown; observation_time is a pseudo-operational proxy
2016-10-18T00:00:00+00:00,2016-10-17,windermere,south,water_temperature,2.0,month_3,2016-12-17,2017-01-15,5.95136828347136,degC,expanding_prior_year_window_climatology,1.0,True,8,7,2008|2009|2010|2011|2012|2013|2014,5f605db75f495ed8de53f613fe427be013e78600cdd6779f2f65e99f938c8291,1.0003928273597578,observation_time_proxy,historical data_available_time is unknown; observation_time is a pseudo-operational proxy
2016-10-25T00:00:00+00:00,2016-10-24,windermere,south,water_temperature,2.0,month_1,2016-10-25,2016-11-23,10.624725373150664,degC,expanding_prior_year_window_climatology,1.0,True,8,8,2008|2009|2010|2011|2012|2013|2014|2015,cc178468d703cbe38230704493bd2051d29b57de8fe64fd0260bfa4d32652f86,0.8834418581540545,observation_time_proxy,historical data_available_time is unknown; observation_time is a pseudo-operational proxy
2016-10-25T00:00:00+00:00,2016-10-24,windermere,south,water_temperature,2.0,month_2,2016-11-24,2016-12-23,7.742077807586051,degC,expanding_prior_year_window_climatology,1.0,True,8,8,2008|2009|2010|2011|2012|2013|2014|2015,24dd7723995529b04800755f697802014ac0a4f466c4a7e66a62394230df48c1,0.9783278937657778,observation_time_proxy,historical data_available_time is unknown; observation_time is a pseudo-operational proxy
2016-10-25T00:00:00+00:00,2016-10-24,windermere,south,water_temperature,2.0,month_3,2016-12-24,2017-01-22,5.632599572331904,degC,expanding_prior_year_window_climatology,1.0,True,8,7,2008|2009|2010|2011|2012|2013|2014,3d0ab420287d3a0d303cddd49ff9faab4e3d30d3e67c6e522342ede135077863,1.0241815394774185,observation_time_proxy,historical data_available_time is unknown; observation_time is a pseudo-operational proxy
2016-11-01T00:00:00+00:00,2016-10-31,windermere,south,water_temperature,2.0,month_1,2016-11-01,2016-11-30,9.968959117013888,degC,expanding_prior_year_window_climatology,1.0,True,8,8,2008|2009|2010|2011|2012|2013|2014|2015,be9fd55e4d37df0c3e877d45d8e39c328795fc1d4d1c59062433e1d9f67ed602,0.9046303264710281,observation_time_proxy,historical data_available_time is unknown; observation_time is a pseudo-operational proxy
2016-11-01T00:00:00+00:00,2016-10-31,windermere,south,water_temperature,2.0,month_2,2016-12-01,2016-12-30,7.159970517655495,degC,expanding_prior_year_window_climatology,1.0,True,8,8,2008|2009|2010|2011|2012|2013|2014|2015,edb3653c54990a9546177895f3f77ad65230fbf4d14b683d01cea313f365ae2f,1.0381492473253722,observation_time_proxy,historical data_available_time is unknown; observation_time is a pseudo-operational proxy
2016-11-01T00:00:00+00:00,2016-10-31,windermere,south,water_temperature,2.0,month_3,2016-12-31,2017-01-29,5.3396974649055995,degC,expanding_prior_year_window_climatology,1.0,True,8,7,2008|2009|2010|2011|2012|2013|2014,2546f8b97fcaba589597078dccc000fa7edc1f3944db16cd7f91b3d40e9c95dc,0.9999861884417429,observation_time_proxy,historical data_available_time is unknown; observation_time is a pseudo-operational proxy
2016-11-08T00:00:00+00:00,2016-11-07,windermere,south,water_temperature,2.0,month_1,2016-11-08,2016-12-07,9.280640995259661,degC,expanding_prior_year_window_climatology,1.0,True,8,8,2008|2009|2010|2011|2012|2013|2014|2015,d0c0105830f5bd650d51d0339b14c9e52f052cf5f8ca41261b0f14184a607ed7,0.9186299843904361,observation_time_proxy,historical data_available_time is unknown; observation_time is a pseudo-operational proxy
2016-11-08T00:00:00+00:00,2016-11-07,windermere,south,water_temperature,2.0,month_2,2016-12-08,2017-01-06,6.4595961832729465,degC,expanding_prior_year_window_climatology,1.0,True,8,7,2008|2009|2010|2011|2012|2013|2014,ed95314b62490e7c603286f467093528bc0f2fab66ec8b26dea3f9f7b681bfca,0.9650228906030655,observation_time_proxy,historical data_available_time is unknown; observation_time is a pseudo-operational proxy
2016-11-08T00:00:00+00:00,2016-11-07,windermere,south,water_temperature,2.0,month_3,2017-01-07,2017-02-05,5.124129762264385,degC,expanding_prior_year_window_climatology,1.0,True,8,8,2008|2009|2010|2011|2012|2013|2014|2015,52a856524172d2040b308d6bc3498abcdd6befa01bf064ece6937f6481b551d7,0.8801407233582251,observation_time_proxy,historical data_available_time is unknown; observation_time is a pseudo-operational proxy
2016-11-15T00:00:00+00:00,2016-11-14,windermere,south,water_temperature,2.0,month_1,2016-11-15,2016-12-14,8.595469398037439,degC,expanding_prior_year_window_climatology,1.0,True,8,8,2008|2009|2010|2011|2012|2013|2014|2015,4fc23931fb9d38bb059c1c47f6d9892df5d000a691b3f84f9359126078b1983d,0.9316986452496547,observation_time_proxy,historical data_available_time is unknown; observation_time is a pseudo-operational proxy
2016-11-15T00:00:00+00:00,2016-11-14,windermere,south,water_temperature,2.0,month_2,2016-12-15,2017-01-13,6.050832073153899,degC,expanding_prior_year_window_climatology,1.0,True,8,7,2008|2009|2010|2011|2012|2013|2014,3517e77fe8656fc30b94ddbb2e27fa740556959da162c399e5d39c7297888d8c,0.9870725486860382,observation_time_proxy,historical data_available_time is unknown; observation_time is a pseudo-operational proxy
2016-11-15T00:00:00+00:00,2016-11-14,windermere,south,water_temperature,2.0,month_3,2017-01-14,2017-02-12,4.917141440699405,degC,expanding_prior_year_window_climatology,1.0,True,8,8,2008|2009|2010|2011|2012|2013|2014|2015,af4cb1f6aefe3ba1d3b2e705e3bd00b8fce19cc790bb39e1987bf08b446e4957,0.7783392347970994,observation_time_proxy,historical data_available_time is unknown; observation_time is a pseudo-operational proxy
2016-11-22T00:00:00+00:00,2016-11-21,windermere,south,water_temperature,2.0,month_1,2016-11-22,2016-12-21,7.926513648558273,degC,expanding_prior_year_window_climatology,1.0,True,8,8,2008|2009|2010|2011|2012|2013|2014|2015,7aab474d0e52e6e0c9341e9496f34bdc2e5df2ae4f5c57ed18bb2362cc6f3a1c,0.9601516612616747,observation_time_proxy,historical data_available_time is unknown; observation_time is a pseudo-operational proxy
2016-11-22T00:00:00+00:00,2016-11-21,windermere,south,water_temperature,2.0,month_2,2016-12-22,2017-01-20,5.723396137793922,degC,expanding_prior_year_window_climatology,1.0,True,8,7,2008|2009|2010|2011|2012|2013|2014,dccf9b6db97505201f0b725234d415b375d5f2e1894feb16feffbf9590a09580,1.021708607254432,observation_time_proxy,historical data_available_time is unknown; observation_time is a pseudo-operational proxy
2016-11-22T00:00:00+00:00,2016-11-21,windermere,south,water_temperature,2.0,month_3,2017-01-21,2017-02-19,4.744888344270834,degC,expanding_prior_year_window_climatology,1.0,True,8,8,2008|2009|2010|2011|2012|2013|2014|2015,bcf07abfd7e8766d8d4264cc0392a912d7d2d6923f1fb265353ba33917e99dc3,0.7047551370642455,observation_time_proxy,historical data_available_time is unknown; observation_time is a pseudo-operational proxy
2016-11-29T00:00:00+00:00,2016-11-28,windermere,south,water_temperature,2.0,month_1,2016-11-29,2016-12-28,7.317171450467995,degC,expanding_prior_year_window_climatology,1.0,True,8,8,2008|2009|2010|2011|2012|2013|2014|2015,aa3108970cb0a8524f0b74a99fc2440e672c52dc571ccc13bab9049eccdf981f,1.0225667115390722,observation_time_proxy,historical data_available_time is unknown; observation_time is a pseudo-operational proxy
2016-11-29T00:00:00+00:00,2016-11-28,windermere,south,water_temperature,2.0,month_2,2016-12-29,2017-01-27,5.419304936334171,degC,expanding_prior_year_window_climatology,1.0,True,8,7,2008|2009|2010|2011|2012|2013|2014,f33a39054e6d9c66eba33379387c2a0780f1e2f4f5b235d957826bad9798d3a2,1.008757071311741,observation_time_proxy,historical data_available_time is unknown; observation_time is a pseudo-operational proxy
2016-11-29T00:00:00+00:00,2016-11-28,windermere,south,water_temperature,2.0,month_3,2017-01-28,2017-02-26,4.629612481597222,degC,expanding_prior_year_window_climatology,1.0,True,8,8,2008|2009|2010|2011|2012|2013|2014|2015,4c22978238b80e3015c938489c11e5ad0adad392676d42d0132859b72ef5a50a,0.6702268319665755,observation_time_proxy,historical data_available_time is unknown; observation_time is a pseudo-operational proxy
2016-12-06T00:00:00+00:00,2016-12-05,windermere,south,water_temperature,2.0,month_1,2016-12-06,2017-01-04,6.596667787836439,degC,expanding_prior_year_window_climatology,1.0,True,8,7,2008|2009|2010|2011|2012|2013|2014,0c97e231df30451c9d3bd6d5dddeaa8f5afbccb7c1d433d418ebf656f4393bf7,0.9674767816933677,observation_time_proxy,historical data_available_time is unknown; observation_time is a pseudo-operational proxy
2016-12-06T00:00:00+00:00,2016-12-05,windermere,south,water_temperature,2.0,month_2,2017-01-05,2017-02-03,5.192564004972718,degC,expanding_prior_year_window_climatology,1.0,True,8,8,2008|2009|2010|2011|2012|2013|2014|2015,1cb6e34462aec9c0a6cbff80d1c0605cc56e2640b9ca0c2c06ebefbffb3821be,0.9018654661109106,observation_time_proxy,historical data_available_time is unknown; observation_time is a pseudo-operational proxy
2016-12-06T00:00:00+00:00,2016-12-05,windermere,south,water_temperature,2.0,month_3,2017-02-04,2017-03-05,4.609708015277778,degC,expanding_prior_year_window_climatology,1.0,True,8,8,2008|2009|2010|2011|2012|2013|2014|2015,e0bf94136392496ec241c55fa686091b6e9caebbb6f9fa0aef44cfc429c09a19,0.6699946406167133,observation_time_proxy,historical data_available_time is unknown; observation_time is a pseudo-operational proxy
2016-12-13T00:00:00+00:00,2016-12-12,windermere,south,water_temperature,2.0,month_1,2016-12-13,2017-01-11,6.157363447955486,degC,expanding_prior_year_window_climatology,1.0,True,8,7,2008|2009|2010|2011|2012|2013|2014,001b79ade17b0cd92c56df3642af5fe15a2409c8672c945d7cc5209305673289,0.9740400911916037,observation_time_proxy,historical data_available_time is unknown; observation_time is a pseudo-operational proxy
2016-12-13T00:00:00+00:00,2016-12-12,windermere,south,water_temperature,2.0,month_2,2017-01-12,2017-02-10,4.97481474016617,degC,expanding_prior_year_window_climatology,1.0,True,8,8,2008|2009|2010|2011|2012|2013|2014|2015,fdc17a129238a5471b4ff58a38d082e7b53861518247e98fac9277ab51994078,0.8070262231991052,observation_time_proxy,historical data_available_time is unknown; observation_time is a pseudo-operational proxy
2016-12-13T00:00:00+00:00,2016-12-12,windermere,south,water_temperature,2.0,month_3,2017-02-11,2017-03-12,4.6738232539930555,degC,expanding_prior_year_window_climatology,1.0,True,8,8,2008|2009|2010|2011|2012|2013|2014|2015,8acd80c03f80d51939f5464f07848e9b64886abc273d8eb64a1346ea731b306b,0.7102714474482891,observation_time_proxy,historical data_available_time is unknown; observation_time is a pseudo-operational proxy
2016-12-20T00:00:00+00:00,2016-12-19,windermere,south,water_temperature,2.0,month_1,2016-12-20,2017-01-18,5.813393213828502,degC,expanding_prior_year_window_climatology,1.0,True,8,7,2008|2009|2010|2011|2012|2013|2014,db63a3a2777857b7f84ea5afc799ab497e459b3581c63a30116cb2ffc14ee9dc,1.0153008505320882,observation_time_proxy,historical data_available_time is unknown; observation_time is a pseudo-operational proxy
2016-12-20T00:00:00+00:00,2016-12-19,windermere,south,water_temperature,2.0,month_2,2017-01-19,2017-02-17,4.789276841145833,degC,expanding_prior_year_window_climatology,1.0,True,8,8,2008|2009|2010|2011|2012|2013|2014|2015,930d6778467ed8975946db13f06adcff1190606b4d8cfd724db543b14ceff078,0.7220802553890956,observation_time_proxy,historical data_available_time is unknown; observation_time is a pseudo-operational proxy
2016-12-20T00:00:00+00:00,2016-12-19,windermere,south,water_temperature,2.0,month_3,2017-02-18,2017-03-19,4.8397674281250005,degC,expanding_prior_year_window_climatology,1.0,True,8,8,2008|2009|2010|2011|2012|2013|2014|2015,1640d34e7164ee08fb07134c63d02f0d5d39ef4e59efcaa83be35bbff3139aae,0.7554945918175179,observation_time_proxy,historical data_available_time is unknown; observation_time is a pseudo-operational proxy
2016-12-27T00:00:00+00:00,2016-12-26,windermere,south,water_temperature,2.0,month_1,2016-12-27,2017-01-25,5.502707200945849,degC,expanding_prior_year_window_climatology,1.0,True,8,7,2008|2009|2010|2011|2012|2013|2014,90c98dc7475e2a706ba33e5559926e0d05987959e80f402c053d64877b6649de,1.0210761108120108,observation_time_proxy,historical data_available_time is unknown; observation_time is a pseudo-operational proxy
2016-12-27T00:00:00+00:00,2016-12-26,windermere,south,water_temperature,2.0,month_2,2017-01-26,2017-02-24,4.6554486942708335,degC,expanding_prior_year_window_climatology,1.0,True,8,8,2008|2009|2010|2011|2012|2013|2014|2015,556f638b0dbd89b30685f045e99e0ba0ccaab152d4a0d20e0c5b3e1626721778,0.6760928474475402,observation_time_proxy,historical data_available_time is unknown; observation_time is a pseudo-operational proxy
2016-12-27T00:00:00+00:00,2016-12-26,windermere,south,water_temperature,2.0,month_3,2017-02-25,2017-03-26,5.117260767881945,degC,expanding_prior_year_window_climatology,1.0,True,8,8,2008|2009|2010|2011|2012|2013|2014|2015,c1a940c053e8f6da60491a42432ac739058f411cf3e5d88350de11f23c32d22c,0.8215129909757397,observation_time_proxy,historical data_available_time is unknown; observation_time is a pseudo-operational proxy
2017-01-03T00:00:00+00:00,2017-01-02,windermere,south,water_temperature,2.0,month_1,2017-01-03,2017-02-01,5.450334525848765,degC,expanding_prior_year_window_climatology,1.0,True,9,9,2008|2009|2010|2011|2012|2013|2014|2015|2016,415c6523fcdd519f4e26ea3910d58a9185bbeb566581336f34c6ccbd6489cef0,1.0291316106917885,observation_time_proxy,historical data_available_time is unknown; observation_time is a pseudo-operational proxy
2017-01-03T00:00:00+00:00,2017-01-02,windermere,south,water_temperature,2.0,month_2,2017-02-02,2017-03-03,4.762593791666666,degC,expanding_prior_year_window_climatology,1.0,True,9,9,2008|2009|2010|2011|2012|2013|2014|2015|2016,066905f9bef99bf2aa47296bf6ced9746baac7091e11c1a314be8da60a725766,0.7789849291400786,observation_time_proxy,historical data_available_time is unknown; observation_time is a pseudo-operational proxy
2017-01-03T00:00:00+00:00,2017-01-02,windermere,south,water_temperature,2.0,month_3,2017-03-04,2017-04-02,5.550046321450617,degC,expanding_prior_year_window_climatology,1.0,True,9,9,2008|2009|2010|2011|2012|2013|2014|2015|2016,d89e6b3d7503ba5c9234d65da12afff34f0ba6d388697783ee06dbc6284b2db7,0.9769474463810025,observation_time_proxy,historical data_available_time is unknown; observation_time is a pseudo-operational proxy
2017-01-10T00:00:00+00:00,2017-01-09,windermere,south,water_temperature,2.0,month_1,2017-01-10,2017-02-08,5.212838038062169,degC,expanding_prior_year_window_climatology,1.0,True,9,9,2008|2009|2010|2011|2012|2013|2014|2015|2016,12c9dc3bd85d5f6048e3771a31f1a49895e6aba45b99bb900d4ce47095a72dd0,0.9561604347856517,observation_time_proxy,historical data_available_time is unknown; observation_time is a pseudo-operational proxy
2017-01-10T00:00:00+00:00,2017-01-09,windermere,south,water_temperature,2.0,month_2,2017-02-09,2017-03-10,4.773703525925926,degC,expanding_prior_year_window_climatology,1.0,True,9,9,2008|2009|2010|2011|2012|2013|2014|2015|2016,61d44e4d0023d07959283c721b18c330c4786f11dd940ef80efebcc592fc4169,0.753491283974984,observation_time_proxy,historical data_available_time is unknown; observation_time is a pseudo-operational proxy
2017-01-10T00:00:00+00:00,2017-01-09,windermere,south,water_temperature,2.0,month_3,2017-03-11,2017-04-09,5.9634630404320985,degC,expanding_prior_year_window_climatology,1.0,True,9,9,2008|2009|2010|2011|2012|2013|2014|2015|2016,45b498b1299bb8047eaad209c5d0aea926b1dd675e0f582ca0866e16d2c41f4a,1.072378090692074,observation_time_proxy,historical data_available_time is unknown; observation_time is a pseudo-operational proxy
2017-01-17T00:00:00+00:00,2017-01-16,windermere,south,water_temperature,2.0,month_1,2017-01-17,2017-02-15,5.012561018276014,degC,expanding_prior_year_window_climatology,1.0,True,9,9,2008|2009|2010|2011|2012|2013|2014|2015|2016,34af91f2e3977e33277f084a7287a82d7920965d24741d9ad14f1d6aaa335931,0.8794048794644815,observation_time_proxy,historical data_available_time is unknown; observation_time is a pseudo-operational proxy
2017-01-17T00:00:00+00:00,2017-01-16,windermere,south,water_temperature,2.0,month_2,2017-02-16,2017-03-17,4.8740322143518515,degC,expanding_prior_year_window_climatology,1.0,True,9,9,2008|2009|2010|2011|2012|2013|2014|2015|2016,5753faf81bba3610570c94983d1ab4b43d1df274269df0bff0320f6c1555033c,0.7523418570458481,observation_time_proxy,historical data_available_time is unknown; observation_time is a pseudo-operational proxy
2017-01-17T00:00:00+00:00,2017-01-16,windermere,south,water_temperature,2.0,month_3,2017-03-18,2017-04-16,6.5310962834876545,degC,expanding_prior_year_window_climatology,1.0,True,9,9,2008|2009|2010|2011|2012|2013|2014|2015|2016,607d07f233c9da47597733f00639f8ec48c2e0494df6fd6c1a685109d1ecae95,1.1586211453689548,observation_time_proxy,historical data_available_time is unknown; observation_time is a pseudo-operational proxy
2017-01-24T00:00:00+00:00,2017-01-23,windermere,south,water_temperature,2.0,month_1,2017-01-24,2017-02-22,4.863609107253087,degC,expanding_prior_year_window_climatology,1.0,True,9,9,2008|2009|2010|2011|2012|2013|2014|2015|2016,bdea3f1e7c9e35c211d1f45e7a9d350859cbcdd33d85d5979ef0d37fc18871e7,0.8311811374118806,observation_time_proxy,historical data_available_time is unknown; observation_time is a pseudo-operational proxy
2017-01-24T00:00:00+00:00,2017-01-23,windermere,south,water_temperature,2.0,month_2,2017-02-23,2017-03-24,5.108916546141975,degC,expanding_prior_year_window_climatology,1.0,True,9,9,2008|2009|2010|2011|2012|2013|2014|2015|2016,2563a7913843d5ab27b5f98e4f9ff6abc9912c154c6fb8b4bb5bdc352a2e21a6,0.7805040603821297,observation_time_proxy,historical data_available_time is unknown; observation_time is a pseudo-operational proxy
2017-01-24T00:00:00+00:00,2017-01-23,windermere,south,water_temperature,2.0,month_3,2017-03-25,2017-04-23,7.190877568365757,degC,expanding_prior_year_window_climatology,1.0,True,9,9,2008|2009|2010|2011|2012|2013|2014|2015|2016,3d9e7dc93cb0b31be18f63d5325609f60f9d934f9513ce215ff5939ed1c0aece,1.2996802159830192,observation_time_proxy,historical data_available_time is unknown; observation_time is a pseudo-operational proxy
2017-01-31T00:00:00+00:00,2017-01-30,windermere,south,water_temperature,2.0,month_1,2017-01-31,2017-03-01,4.768566782716049,degC,expanding_prior_year_window_climatology,1.0,True,9,9,2008|2009|2010|2011|2012|2013|2014|2015|2016,1512dc0484dbf4e7dcf9dd4910d821624883ffb9f6eaf9bad3d01e4fabeb45f0,0.7911280272996967,observation_time_proxy,historical data_available_time is unknown; observation_time is a pseudo-operational proxy
2017-01-31T00:00:00+00:00,2017-01-30,windermere,south,water_temperature,2.0,month_2,2017-03-02,2017-03-31,5.450169199228395,degC,expanding_prior_year_window_climatology,1.0,True,9,9,2008|2009|2010|2011|2012|2013|2014|2015|2016,a92a2936adc3ffbb21db71b923eda5dbd681216f9c34eeac8d17db0dea03652a,0.9296894399990726,observation_time_proxy,historical data_available_time is unknown; observation_time is a pseudo-operational proxy
2017-01-31T00:00:00+00:00,2017-01-30,windermere,south,water_temperature,2.0,month_3,2017-04-01,2017-04-30,7.986219422222222,degC,expanding_prior_year_window_climatology,1.0,True,9,8,2008|2009|2011|2012|2013|2014|2015|2016,8da19613239f241292c22b8dfd3d409002d0def4da17b116a2933a4697490499,1.4917803701649537,observation_time_proxy,historical data_available_time is unknown; observation_time is a pseudo-operational proxy
2017-02-07T00:00:00+00:00,2017-02-06,windermere,south,water_temperature,2.0,month_1,2017-02-07,2017-03-08,4.7632621061728395,degC,expanding_prior_year_window_climatology,1.0,True,9,9,2008|2009|2010|2011|2012|2013|2014|2015|2016,b1e23274c9af8e439cc132fb2e557848ee292c6d3b09c628841a03ede7e79f89,0.759700570507462,observation_time_proxy,historical data_available_time is unknown; observation_time is a pseudo-operational proxy
2017-02-07T00:00:00+00:00,2017-02-06,windermere,south,water_temperature,2.0,month_2,2017-03-09,2017-04-07,5.825357262654321,degC,expanding_prior_year_window_climatology,1.0,True,9,9,2008|2009|2010|2011|2012|2013|2014|2015|2016,2aa365e73b99c3abae6e887ef5f6495a1cbf9381bb5211714b155ab12d797dbd,1.0454753361401117,observation_time_proxy,historical data_available_time is unknown; observation_time is a pseudo-operational proxy
2017-02-07T00:00:00+00:00,2017-02-06,windermere,south,water_temperature,2.0,month_3,2017-04-08,2017-05-07,8.746068839756944,degC,expanding_prior_year_window_climatology,1.0,True,9,8,2008|2009|2011|2012|2013|2014|2015|2016,50066608f7c60e31b3a93204dcc3d010b6c152ad41ef993d60b4c5365c6dd482,1.6557031133904334,observation_time_proxy,historical data_available_time is unknown; observation_time is a pseudo-operational proxy
2017-02-14T00:00:00+00:00,2017-02-13,windermere,south,water_temperature,2.0,month_1,2017-02-14,2017-03-15,4.8358353945987655,degC,expanding_prior_year_window_climatology,1.0,True,9,9,2008|2009|2010|2011|2012|2013|2014|2015|2016,753dbeb078cb61a4f780ddfb0b9b2720ce6d318f436b38f524a29049bbccd9aa,0.7525983540072564,observation_time_proxy,historical data_available_time is unknown; observation_time is a pseudo-operational proxy
2017-02-14T00:00:00+00:00,2017-02-13,windermere,south,water_temperature,2.0,month_2,2017-03-16,2017-04-14,6.359893049537037,degC,expanding_prior_year_window_climatology,1.0,True,9,9,2008|2009|2010|2011|2012|2013|2014|2015|2016,468ca76576f7aaaff98881258a438abb8ff7ae67468be6365f89a37353e62772,1.1285136527785957,observation_time_proxy,historical data_available_time is unknown; observation_time is a pseudo-operational proxy
2017-02-14T00:00:00+00:00,2017-02-13,windermere,south,water_temperature,2.0,month_3,2017-04-15,2017-05-14,9.596311494791667,degC,expanding_prior_year_window_climatology,1.0,True,9,8,2008|2009|2011|2012|2013|2014|2015|2016,94a8ac0a5f1121aa5ed62e1cfbd0b7672f8871fce2532e29920df1288b8fe128,1.602466483413888,observation_time_proxy,historical data_available_time is unknown; observation_time is a pseudo-operational proxy
2017-02-21T00:00:00+00:00,2017-02-20,windermere,south,water_temperature,2.0,month_1,2017-02-21,2017-03-22,5.031496602314815,degC,expanding_prior_year_window_climatology,1.0,True,9,9,2008|2009|2010|2011|2012|2013|2014|2015|2016,a139426fd1d8b930d1df1765b95d5244f97fa356119997b6b9eb36b322debc01,0.7654632249145739,observation_time_proxy,historical data_available_time is unknown; observation_time is a pseudo-operational proxy
2017-02-21T00:00:00+00:00,2017-02-20,windermere,south,water_temperature,2.0,month_2,2017-03-23,2017-04-21,6.991056997276887,degC,expanding_prior_year_window_climatology,1.0,True,9,9,2008|2009|2010|2011|2012|2013|2014|2015|2016,11843886a3f09eb6b4a11b622952402261c036aa740bf47e0d5e6dfc76840009,1.2474056388890922,observation_time_proxy,historical data_available_time is unknown; observation_time is a pseudo-operational proxy
2017-02-21T00:00:00+00:00,2017-02-20,windermere,south,water_temperature,2.0,month_3,2017-04-22,2017-05-21,10.45021945625,degC,expanding_prior_year_window_climatology,1.0,True,9,8,2008|2009|2011|2012|2013|2014|2015|2016,d7e81a332f702d44d1657c0872e6546a5d5192cefb0eeb0d02a3b12c1115b0c2,1.5330889580179947,observation_time_proxy,historical data_available_time is unknown; observation_time is a pseudo-operational proxy
2017-02-28T00:00:00+00:00,2017-02-27,windermere,south,water_temperature,2.0,month_1,2017-02-28,2017-03-29,5.330831330401234,degC,expanding_prior_year_window_climatology,1.0,True,9,9,2008|2009|2010|2011|2012|2013|2014|2015|2016,ff5cadb88fe1066eee4bbcb559b035cf53480ab90f52ad67dcce50d167c0f917,0.8515619035149977,observation_time_proxy,historical data_available_time is unknown; observation_time is a pseudo-operational proxy
2017-02-28T00:00:00+00:00,2017-02-27,windermere,south,water_temperature,2.0,month_2,2017-03-30,2017-04-28,7.7837950750000005,degC,expanding_prior_year_window_climatology,1.0,True,9,8,2008|2009|2011|2012|2013|2014|2015|2016,0050da3d77ac6f0406dac51e5e7aac6ccae83f81b1f922cf850389047e77b244,1.4438472265996571,observation_time_proxy,historical data_available_time is unknown; observation_time is a pseudo-operational proxy
2017-02-28T00:00:00+00:00,2017-02-27,windermere,south,water_temperature,2.0,month_3,2017-04-29,2017-05-28,11.398817048357584,degC,expanding_prior_year_window_climatology,1.0,True,9,9,2008|2009|2010|2011|2012|2013|2014|2015|2016,a73a1f2c724b1d575ba15a8ef4da176116d2563708d3ee5f594b4c979e45baee,1.298200695906172,observation_time_proxy,historical data_available_time is unknown; observation_time is a pseudo-operational proxy
2017-03-07T00:00:00+00:00,2017-03-06,windermere,south,water_temperature,2.0,month_1,2017-03-07,2017-04-05,5.711157891203704,degC,expanding_prior_year_window_climatology,1.0,True,9,9,2008|2009|2010|2011|2012|2013|2014|2015|2016,bfb44ec6ecb08514bddf120712b1dd7a00b0d0d79eb3011ae801aee4f496fb42,1.0223857217539831,observation_time_proxy,historical data_available_time is unknown; observation_time is a pseudo-operational proxy
2017-03-07T00:00:00+00:00,2017-03-06,windermere,south,water_temperature,2.0,month_2,2017-04-06,2017-05-05,8.506598426388889,degC,expanding_prior_year_window_climatology,1.0,True,9,8,2008|2009|2011|2012|2013|2014|2015|2016,cd63f5c1b664661cc6ceb9cd21850ad98ece75d7244ecbd84c0d4a9c80ed3a3b,1.6309116227241853,observation_time_proxy,historical data_available_time is unknown; observation_time is a pseudo-operational proxy
2017-03-07T00:00:00+00:00,2017-03-06,windermere,south,water_temperature,2.0,month_3,2017-05-06,2017-06-04,12.46644554958493,degC,expanding_prior_year_window_climatology,1.0,True,9,9,2008|2009|2010|2011|2012|2013|2014|2015|2016,e32d06515c3ae4929ced357470e78604ade2f149c5cf309ab04303176f6f78c8,1.2672279377836941,observation_time_proxy,historical data_available_time is unknown; observation_time is a pseudo-operational proxy
2017-03-14T00:00:00+00:00,2017-03-13,windermere,south,water_temperature,2.0,month_1,2017-03-14,2017-04-12,6.197688266512346,degC,expanding_prior_year_window_climatology,1.0,True,9,9,2008|2009|2010|2011|2012|2013|2014|2015|2016,352c07989608008f881934249343076aa4ec14e50ded9065d835830c9e2691e5,1.1027219633156615,observation_time_proxy,historical data_available_time is unknown; observation_time is a pseudo-operational proxy
2017-03-14T00:00:00+00:00,2017-03-13,windermere,south,water_temperature,2.0,month_2,2017-04-13,2017-05-12,9.345998041145833,degC,expanding_prior_year_window_climatology,1.0,True,9,8,2008|2009|2011|2012|2013|2014|2015|2016,6e75297ede934a8e73fba55a06dbf378b1fe09d50497f12195247c2a94e00b35,1.614296184813849,observation_time_proxy,historical data_available_time is unknown; observation_time is a pseudo-operational proxy
2017-03-14T00:00:00+00:00,2017-03-13,windermere,south,water_temperature,2.0,month_3,2017-05-13,2017-06-11,13.692755908636654,degC,expanding_prior_year_window_climatology,1.0,True,9,9,2008|2009|2010|2011|2012|2013|2014|2015|2016,7c23882d0af043dc932905bd899c6573caa4618944f9223bfe60f57c492e542d,1.3011531055925856,observation_time_proxy,historical data_available_time is unknown; observation_time is a pseudo-operational proxy
2017-03-21T00:00:00+00:00,2017-03-20,windermere,south,water_temperature,2.0,month_1,2017-03-21,2017-04-19,6.795641091049383,degC,expanding_prior_year_window_climatology,1.0,True,9,9,2008|2009|2010|2011|2012|2013|2014|2015|2016,f38ef33d3d8418865a12edb53e4e407eb61ff82b1c0fdebfcf62a03db19ed853,1.2021997715118673,observation_time_proxy,historical data_available_time is unknown; observation_time is a pseudo-operational proxy
2017-03-21T00:00:00+00:00,2017-03-20,windermere,south,water_temperature,2.0,month_2,2017-04-20,2017-05-19,10.219317582465278,degC,expanding_prior_year_window_climatology,1.0,True,9,8,2008|2009|2011|2012|2013|2014|2015|2016,ed0199195f71deb4b68feed564421120856682904a623d8503e6ea58f008b82e,1.5569076778368038,observation_time_proxy,historical data_available_time is unknown; observation_time is a pseudo-operational proxy
2017-03-21T00:00:00+00:00,2017-03-20,windermere,south,water_temperature,2.0,month_3,2017-05-20,2017-06-18,14.795773462180716,degC,expanding_prior_year_window_climatology,1.0,True,9,9,2008|2009|2010|2011|2012|2013|2014|2015|2016,ebfe94137057c4a8a9c6689caa3a716b9305abc65068ee1242e6330ca03d3142,1.3277803768062646,observation_time_proxy,historical data_available_time is unknown; observation_time is a pseudo-operational proxy
2017-03-28T00:00:00+00:00,2017-03-27,windermere,south,water_temperature,2.0,month_1,2017-03-28,2017-04-26,7.583702480902778,degC,expanding_prior_year_window_climatology,1.0,True,9,8,2008|2009|2011|2012|2013|2014|2015|2016,f91a24710d2bead40b55d42933e42547f153a44aa316df74c0bbebd2f02fdf0f,1.4140037455016095,observation_time_proxy,historical data_available_time is unknown; observation_time is a pseudo-operational proxy
2017-03-28T00:00:00+00:00,2017-03-27,windermere,south,water_temperature,2.0,month_2,2017-04-27,2017-05-26,11.069772435069444,degC,expanding_prior_year_window_climatology,1.0,True,9,8,2008|2009|2011|2012|2013|2014|2015|2016,036b33489ab3b21c97708eaa96639fd90e2d9e89970083375847c5b4833aa8bc,1.4084208633867472,observation_time_proxy,historical data_available_time is unknown; observation_time is a pseudo-operational proxy
2017-03-28T00:00:00+00:00,2017-03-27,windermere,south,water_temperature,2.0,month_3,2017-05-27,2017-06-25,15.625371089793529,degC,expanding_prior_year_window_climatology,1.0,True,9,9,2008|2009|2010|2011|2012|2013|2014|2015|2016,51c6f42935e66c188359d05d50266bf5f9f7d1f0ba13249a46bb2642e4878d13,1.3297946047002316,observation_time_proxy,historical data_available_time is unknown; observation_time is a pseudo-operational proxy
2017-04-04T00:00:00+00:00,2017-04-03,windermere,south,water_temperature,2.0,month_1,2017-04-04,2017-05-03,8.288091722395833,degC,expanding_prior_year_window_climatology,1.0,True,9,8,2008|2009|2011|2012|2013|2014|2015|2016,5043097dc3cc429deef37fd6c44d9b0e817774335a1683090072473c21d3e8fa,1.5764373654107875,observation_time_proxy,historical data_available_time is unknown; observation_time is a pseudo-operational proxy
2017-04-04T00:00:00+00:00,2017-04-03,windermere,south,water_temperature,2.0,month_2,2017-05-04,2017-06-02,12.117285659998936,degC,expanding_prior_year_window_climatology,1.0,True,9,9,2008|2009|2010|2011|2012|2013|2014|2015|2016,fff66b665d558900ef6f64e3f2b49962525d91f2ba214c0d5d5374dc718ba441,1.2624059381416137,observation_time_proxy,historical data_available_time is unknown; observation_time is a pseudo-operational proxy
2017-04-04T00:00:00+00:00,2017-04-03,windermere,south,water_temperature,2.0,month_3,2017-06-03,2017-07-02,16.359062572530863,degC,expanding_prior_year_window_climatology,1.0,True,9,9,2008|2009|2010|2011|2012|2013|2014|2015|2016,454946d7c03d032570ffcbfdba7736c4719aec42a3cb84d0097ff65115607592,1.3884367768335404,observation_time_proxy,historical data_available_time is unknown; observation_time is a pseudo-operational proxy
2017-04-11T00:00:00+00:00,2017-04-10,windermere,south,water_temperature,2.0,month_1,2017-04-11,2017-05-10,9.104199405034722,degC,expanding_prior_year_window_climatology,1.0,True,9,8,2008|2009|2011|2012|2013|2014|2015|2016,4dbb66c354f8de7cf02d967df7c79aa2cd87fc65e61223f0df3f9fabf914f45e,1.6448149082397467,observation_time_proxy,historical data_available_time is unknown; observation_time is a pseudo-operational proxy
2017-04-11T00:00:00+00:00,2017-04-10,windermere,south,water_temperature,2.0,month_2,2017-05-11,2017-06-09,13.34307297070562,degC,expanding_prior_year_window_climatology,1.0,True,9,9,2008|2009|2010|2011|2012|2013|2014|2015|2016,38de7d87c9255ac51966eedf17d9572cbec8f9a6c390dc89d24c6c2e88bad1a4,1.3043680485071893,observation_time_proxy,historical data_available_time is unknown; observation_time is a pseudo-operational proxy
2017-04-11T00:00:00+00:00,2017-04-10,windermere,south,water_temperature,2.0,month_3,2017-06-10,2017-07-09,16.79718911560655,degC,expanding_prior_year_window_climatology,1.0,True,9,9,2008|2009|2010|2011|2012|2013|2014|2015|2016,1151c89b270238d2fc1282378ca5bd34d965f763ba1d502f9866f48ccc92c672,1.3416026041525404,observation_time_proxy,historical data_available_time is unknown; observation_time is a pseudo-operational proxy
2017-04-18T00:00:00+00:00,2017-04-17,windermere,south,water_temperature,2.0,month_1,2017-04-18,2017-05-17,9.980473318402778,degC,expanding_prior_year_window_climatology,1.0,True,9,8,2008|2009|2011|2012|2013|2014|2015|2016,2ea43cc43ef5bb689abb0dbc1aa09956b11b6c28052ea08c58f58215930fcb61,1.5727481857979164,observation_time_proxy,historical data_available_time is unknown; observation_time is a pseudo-operational proxy
2017-04-18T00:00:00+00:00,2017-04-17,windermere,south,water_temperature,2.0,month_2,2017-05-18,2017-06-16,14.495759634669009,degC,expanding_prior_year_window_climatology,1.0,True,9,9,2008|2009|2010|2011|2012|2013|2014|2015|2016,e8e62f8b6cc33cbe0164999701e53c8cceb9d614237ba4f490752a123b24bd75,1.3183698309567486,observation_time_proxy,historical data_available_time is unknown; observation_time is a pseudo-operational proxy
2017-04-18T00:00:00+00:00,2017-04-17,windermere,south,water_temperature,2.0,month_3,2017-06-17,2017-07-16,17.24037820749768,degC,expanding_prior_year_window_climatology,1.0,True,9,9,2008|2009|2010|2011|2012|2013|2014|2015|2016,770c9aede4166af48246da7e8b2708d61e976ef49742544c09e7eaca6266f6bb,1.4356509725521254,observation_time_proxy,historical data_available_time is unknown; observation_time is a pseudo-operational proxy
2017-04-25T00:00:00+00:00,2017-04-24,windermere,south,water_temperature,2.0,month_1,2017-04-25,2017-05-24,10.809144846875,degC,expanding_prior_year_window_climatology,1.0,True,9,8,2008|2009|2011|2012|2013|2014|2015|2016,b592ab345ced6ab026ea44cf0e71a428daae68a77a217fb1067fede48499a357,1.461703917111888,observation_time_proxy,historical data_available_time is unknown; observation_time is a pseudo-operational proxy
2017-04-25T00:00:00+00:00,2017-04-24,windermere,south,water_temperature,2.0,month_2,2017-05-25,2017-06-23,15.418446151628354,degC,expanding_prior_year_window_climatology,1.0,True,9,9,2008|2009|2010|2011|2012|2013|2014|2015|2016,5740c25b4336fe8a371c5903e0f4891122bd1ff4a1fb3f06de27342bfc56322e,1.3220257705190075,observation_time_proxy,historical data_available_time is unknown; observation_time is a pseudo-operational proxy
2017-04-25T00:00:00+00:00,2017-04-24,windermere,south,water_temperature,2.0,month_3,2017-06-24,2017-07-23,17.64721162262114,degC,expanding_prior_year_window_climatology,1.0,True,9,9,2008|2009|2010|2011|2012|2013|2014|2015|2016,557066500c7bdd1fecdf340f5a4150774e6ed21db20609994faf9449687e0e50,1.4934867118684139,observation_time_proxy,historical data_available_time is unknown; observation_time is a pseudo-operational proxy
2017-05-02T00:00:00+00:00,2017-05-01,windermere,south,water_temperature,2.0,month_1,2017-05-02,2017-05-31,11.82015923595679,degC,expanding_prior_year_window_climatology,1.0,True,9,9,2008|2009|2010|2011|2012|2013|2014|2015|2016,8e5f238ae79e96ac5c71749f0a294ac87b9c42949c833e3843441b192e8f6ef4,1.2661986546889048,observation_time_proxy,historical data_available_time is unknown; observation_time is a pseudo-operational proxy
2017-05-02T00:00:00+00:00,2017-05-01,windermere,south,water_temperature,2.0,month_2,2017-06-01,2017-06-30,16.156203366219668,degC,expanding_prior_year_window_climatology,1.0,True,9,9,2008|2009|2010|2011|2012|2013|2014|2015|2016,2a08a97b6cfb404f3cb3bf18d52492d61df4ba153a03f27455b50f80daa240a4,1.3749784764875794,observation_time_proxy,historical data_available_time is unknown; observation_time is a pseudo-operational proxy
2017-05-02T00:00:00+00:00,2017-05-01,windermere,south,water_temperature,2.0,month_3,2017-07-01,2017-07-30,18.085925227890097,degC,expanding_prior_year_window_climatology,1.0,True,9,9,2008|2009|2010|2011|2012|2013|2014|2015|2016,10afd6c914919b3467419915734896849526570082f4e50582b3dce61d3e8d4e,1.4871495425877874,observation_time_proxy,historical data_available_time is unknown; observation_time is a pseudo-operational proxy
2017-05-09T00:00:00+00:00,2017-05-08,windermere,south,water_temperature,2.0,month_1,2017-05-09,2017-06-07,12.991255626596423,degC,expanding_prior_year_window_climatology,1.0,True,9,9,2008|2009|2010|2011|2012|2013|2014|2015|2016,066bcf9332a14c6b2b3642447178c1c652188a2226d8a79f06c23f1ed2d867de,1.293835691964294,observation_time_proxy,historical data_available_time is unknown; observation_time is a pseudo-operational proxy
2017-05-09T00:00:00+00:00,2017-05-08,windermere,south,water_temperature,2.0,month_2,2017-06-08,2017-07-07,16.684465334742352,degC,expanding_prior_year_window_climatology,1.0,True,9,9,2008|2009|2010|2011|2012|2013|2014|2015|2016,ab4350d5df4fa8ea78da33fc026e38431e8f7055c44d3ed658d1703914e5751d,1.3531415612902402,observation_time_proxy,historical data_available_time is unknown; observation_time is a pseudo-operational proxy
2017-05-09T00:00:00+00:00,2017-05-08,windermere,south,water_temperature,2.0,month_3,2017-07-08,2017-08-06,18.288346693632757,degC,expanding_prior_year_window_climatology,1.0,True,9,9,2008|2009|2010|2011|2012|2013|2014|2015|2016,2310684f7abe3f78ad495d55e66c2c4d5a541770f72feebd7fe8d87e501fe710,1.6192931762439156,observation_time_proxy,historical data_available_time is unknown; observation_time is a pseudo-operational proxy
2017-05-16T00:00:00+00:00,2017-05-15,windermere,south,water_temperature,2.0,month_1,2017-05-16,2017-06-14,14.182912279698808,degC,expanding_prior_year_window_climatology,1.0,True,9,9,2008|2009|2010|2011|2012|2013|2014|2015|2016,b0586f6a8946332c90c8715996ca06c15938574c83e6a0b2c01dc0183906dc5c,1.309688218700518,observation_time_proxy,historical data_available_time is unknown; observation_time is a pseudo-operational proxy
2017-05-16T00:00:00+00:00,2017-05-15,windermere,south,water_temperature,2.0,month_2,2017-06-15,2017-07-14,17.12042774299151,degC,expanding_prior_year_window_climatology,1.0,True,9,9,2008|2009|2010|2011|2012|2013|2014|2015|2016,979ab507a824e0be00767a26b10a5e378dd69e30b6d03d92c20f6b7b181c5346,1.4107226827613297,observation_time_proxy,historical data_available_time is unknown; observation_time is a pseudo-operational proxy
2017-05-16T00:00:00+00:00,2017-05-15,windermere,south,water_temperature,2.0,month_3,2017-07-15,2017-08-13,18.281919322420634,degC,expanding_prior_year_window_climatology,1.0,True,9,9,2008|2009|2010|2011|2012|2013|2014|2015|2016,4601de8347a31bc1a97daa87dede50b8b43f6f8a6831c69e849f5041bfe9e887,1.4760282582098911,observation_time_proxy,historical data_available_time is unknown; observation_time is a pseudo-operational proxy
2017-05-23T00:00:00+00:00,2017-05-22,windermere,south,water_temperature,2.0,month_1,2017-05-23,2017-06-21,15.202591760073435,degC,expanding_prior_year_window_climatology,1.0,True,9,9,2008|2009|2010|2011|2012|2013|2014|2015|2016,b8f745a7b55153a6fb86146428b54724860e30a4d528ad7b6e96fc20cd837e6a,1.3324668025028676,observation_time_proxy,historical data_available_time is unknown; observation_time is a pseudo-operational proxy
2017-05-23T00:00:00+00:00,2017-05-22,windermere,south,water_temperature,2.0,month_2,2017-06-22,2017-07-21,17.519508008423607,degC,expanding_prior_year_window_climatology,1.0,True,9,9,2008|2009|2010|2011|2012|2013|2014|2015|2016,8d914870773c4c5d2151b7b474b8eb37441edd3511ec3f82be8ddb1c50a8072d,1.4796663963335965,observation_time_proxy,historical data_available_time is unknown; observation_time is a pseudo-operational proxy
2017-05-23T00:00:00+00:00,2017-05-22,windermere,south,water_temperature,2.0,month_3,2017-07-22,2017-08-20,18.183570213844796,degC,expanding_prior_year_window_climatology,1.0,True,9,9,2008|2009|2010|2011|2012|2013|2014|2015|2016,1d9423c91c7ef4baf7409c586c5551577ebf70f2811b3a28f51a6f03ae93454c,1.132677173925555,observation_time_proxy,historical data_available_time is unknown; observation_time is a pseudo-operational proxy
2017-05-30T00:00:00+00:00,2017-05-29,windermere,south,water_temperature,2.0,month_1,2017-05-30,2017-06-28,15.953159102703278,degC,expanding_prior_year_window_climatology,1.0,True,9,9,2008|2009|2010|2011|2012|2013|2014|2015|2016,d7c3e7c08cc43a3ae896ed1a119c473c299d383af38973beee411963229db365,1.3499800230716077,observation_time_proxy,historical data_available_time is unknown; observation_time is a pseudo-operational proxy
2017-05-30T00:00:00+00:00,2017-05-29,windermere,south,water_temperature,2.0,month_2,2017-06-29,2017-07-28,17.976828177074403,degC,expanding_prior_year_window_climatology,1.0,True,9,9,2008|2009|2010|2011|2012|2013|2014|2015|2016,d52ce11f1a280759f962f62c6292c798326716fbea6a41d0349dbdcbe57ca65b,1.485114457024094,observation_time_proxy,historical data_available_time is unknown; observation_time is a pseudo-operational proxy
2017-05-30T00:00:00+00:00,2017-05-29,windermere,south,water_temperature,2.0,month_3,2017-07-29,2017-08-27,17.88943644863316,degC,expanding_prior_year_window_climatology,1.0,True,9,9,2008|2009|2010|2011|2012|2013|2014|2015|2016,2747abd8ac7890fcd71ac3891c44ea515bbc87d3228e9a86c4757e61d46047bb,0.7090912280355396,observation_time_proxy,historical data_available_time is unknown; observation_time is a pseudo-operational proxy
2017-06-06T00:00:00+00:00,2017-06-05,windermere,south,water_temperature,2.0,month_1,2017-06-06,2017-07-05,16.568057052469136,degC,expanding_prior_year_window_climatology,1.0,True,9,9,2008|2009|2010|2011|2012|2013|2014|2015|2016,2aeacc5900fd3dbc1c7f8e03a37edd55f399d3c7c28f79bd86d7083a8085d1f4,1.3772040021093352,observation_time_proxy,historical data_available_time is unknown; observation_time is a pseudo-operational proxy
2017-06-06T00:00:00+00:00,2017-06-05,windermere,south,water_temperature,2.0,month_2,2017-07-06,2017-08-04,18.238952958599974,degC,expanding_prior_year_window_climatology,1.0,True,9,9,2008|2009|2010|2011|2012|2013|2014|2015|2016,fd97359bd85277e22f232f6bf03caabcafd8c7be052d491af77294db5946c704,1.590530345539356,observation_time_proxy,historical data_available_time is unknown; observation_time is a pseudo-operational proxy
2017-06-06T00:00:00+00:00,2017-06-05,windermere,south,water_temperature,2.0,month_3,2017-08-05,2017-09-03,17.557744473324515,degC,expanding_prior_year_window_climatology,1.0,True,9,9,2008|2009|2010|2011|2012|2013|2014|2015|2016,840590249028030d5bcadaf83a1636403b1e27889d00200f7811ce4405650ac3,0.537446772797745,observation_time_proxy,historical data_available_time is unknown; observation_time is a pseudo-operational proxy
2017-06-13T00:00:00+00:00,2017-06-12,windermere,south,water_temperature,2.0,month_1,2017-06-13,2017-07-12,16.98552484021373,degC,expanding_prior_year_window_climatology,1.0,True,9,9,2008|2009|2010|2011|2012|2013|2014|2015|2016,d6645a06b9e97ad811f932f728edf12598ab8e5dc603fb4e00d1e107534a1b89,1.3743771916836993,observation_time_proxy,historical data_available_time is unknown; observation_time is a pseudo-operational proxy
2017-06-13T00:00:00+00:00,2017-06-12,windermere,south,water_temperature,2.0,month_2,2017-07-13,2017-08-11,18.308477382164902,degC,expanding_prior_year_window_climatology,1.0,True,9,9,2008|2009|2010|2011|2012|2013|2014|2015|2016,dc08dfa0368ff67fec098525ec5b23a1b169e9ee1e0385c4d88cf66463ff1bfa,1.5604895913673684,observation_time_proxy,historical data_available_time is unknown; observation_time is a pseudo-operational proxy
2017-06-13T00:00:00+00:00,2017-06-12,windermere,south,water_temperature,2.0,month_3,2017-08-12,2017-09-10,17.22979402777778,degC,expanding_prior_year_window_climatology,1.0,True,9,9,2008|2009|2010|2011|2012|2013|2014|2015|2016,70982189ed7981074814ca316e165152aea3dfa7238a3391111f8935fb0103e1,0.6189172604270432,observation_time_proxy,historical data_available_time is unknown; observation_time is a pseudo-operational proxy
2017-06-20T00:00:00+00:00,2017-06-19,windermere,south,water_temperature,2.0,month_1,2017-06-20,2017-07-19,17.404975388053238,degC,expanding_prior_year_window_climatology,1.0,True,9,9,2008|2009|2010|2011|2012|2013|2014|2015|2016,31b381581f914e9810b5d493bb4061490d1d046a40638c1df6653729bcea0ed8,1.459333736782944,observation_time_proxy,historical data_available_time is unknown; observation_time is a pseudo-operational proxy
2017-06-20T00:00:00+00:00,2017-06-19,windermere,south,water_temperature,2.0,month_2,2017-07-20,2017-08-18,18.235893366291887,degC,expanding_prior_year_window_climatology,1.0,True,9,9,2008|2009|2010|2011|2012|2013|2014|2015|2016,933fa01482f17b150377b4ff0496b7c78fab44dff978a8452a619a68020fe2f5,1.2573819861394393,observation_time_proxy,historical data_available_time is unknown; observation_time is a pseudo-operational proxy
2017-06-20T00:00:00+00:00,2017-06-19,windermere,south,water_temperature,2.0,month_3,2017-08-19,2017-09-17,16.85203149537037,degC,expanding_prior_year_window_climatology,1.0,True,9,9,2008|2009|2010|2011|2012|2013|2014|2015|2016,4366f8ef1e92412bb9597fe743c6c9667ec0d453835624789951d28abdcf539c,0.6827353014459345,observation_time_proxy,historical data_available_time is unknown; observation_time is a pseudo-operational proxy
2017-06-27T00:00:00+00:00,2017-06-26,windermere,south,water_temperature,2.0,month_1,2017-06-27,2017-07-26,17.846178923547065,degC,expanding_prior_year_window_climatology,1.0,True,9,9,2008|2009|2010|2011|2012|2013|2014|2015|2016,5bca2b38f38c732545077273e692058c293a3026b7303675715ad88743d80ce4,1.4955914124431817,observation_time_proxy,historical data_available_time is unknown; observation_time is a pseudo-operational proxy
2017-06-27T00:00:00+00:00,2017-06-26,windermere,south,water_temperature,2.0,month_2,2017-07-27,2017-08-25,17.99344687808642,degC,expanding_prior_year_window_climatology,1.0,True,9,9,2008|2009|2010|2011|2012|2013|2014|2015|2016,b3abeaa9db8198eec16d31010e6aa08de3f31431b56506564bc9867d8d7b6d1a,0.8004379340169405,observation_time_proxy,historical data_available_time is unknown; observation_time is a pseudo-operational proxy
2017-06-27T00:00:00+00:00,2017-06-26,windermere,south,water_temperature,2.0,month_3,2017-08-26,2017-09-24,16.41005175154321,degC,expanding_prior_year_window_climatology,1.0,True,9,9,2008|2009|2010|2011|2012|2013|2014|2015|2016,56ccfc18215f110a726f95a52f578fc6ac8712363b0dc0970e130754cfa61d1c,0.7909093292471001,observation_time_proxy,historical data_available_time is unknown; observation_time is a pseudo-operational proxy
2017-07-04T00:00:00+00:00,2017-07-03,windermere,south,water_temperature,2.0,month_1,2017-07-04,2017-08-02,18.18399682830897,degC,expanding_prior_year_window_climatology,1.0,True,9,9,2008|2009|2010|2011|2012|2013|2014|2015|2016,1a048a68281d8148758fb37979c95b23919369f21667f1b88ac8a818b927ad93,1.539568932839619,observation_time_proxy,historical data_available_time is unknown; observation_time is a pseudo-operational proxy
2017-07-04T00:00:00+00:00,2017-07-03,windermere,south,water_temperature,2.0,month_2,2017-08-03,2017-09-01,17.64576541622575,degC,expanding_prior_year_window_climatology,1.0,True,9,9,2008|2009|2010|2011|2012|2013|2014|2015|2016,c62ed3950d732bab02bcf23c179d13be4f946ceb3bb616e2d50f3b38a0d89e74,0.56964170645152,observation_time_proxy,historical data_available_time is unknown; observation_time is a pseudo-operational proxy
2017-07-04T00:00:00+00:00,2017-07-03,windermere,south,water_temperature,2.0,month_3,2017-09-02,2017-10-01,15.902046473765433,degC,expanding_prior_year_window_climatology,1.0,True,9,9,2008|2009|2010|2011|2012|2013|2014|2015|2016,9c443dfa60f04205fcd7981f173a06081c2e804e6d8fc72f0babff4bc085cf38,0.8716562346618917,observation_time_proxy,historical data_available_time is unknown; observation_time is a pseudo-operational proxy
2017-07-11T00:00:00+00:00,2017-07-10,windermere,south,water_temperature,2.0,month_1,2017-07-11,2017-08-09,18.322764916406125,degC,expanding_prior_year_window_climatology,1.0,True,9,9,2008|2009|2010|2011|2012|2013|2014|2015|2016,be625c42b083dad095a81ac743b5c30e0f5b85515dfd6a27a01eede3a01ef90e,1.6165626899425753,observation_time_proxy,historical data_available_time is unknown; observation_time is a pseudo-operational proxy
2017-07-11T00:00:00+00:00,2017-07-10,windermere,south,water_temperature,2.0,month_2,2017-08-10,2017-09-08,17.32527685339506,degC,expanding_prior_year_window_climatology,1.0,True,9,9,2008|2009|2010|2011|2012|2013|2014|2015|2016,7df388bb867a7588b7c7337686a00daab42006ca7834df288fbe602c333327fe,0.5906170945261947,observation_time_proxy,historical data_available_time is unknown; observation_time is a pseudo-operational proxy
2017-07-11T00:00:00+00:00,2017-07-10,windermere,south,water_temperature,2.0,month_3,2017-09-09,2017-10-08,15.316720438271604,degC,expanding_prior_year_window_climatology,1.0,True,9,9,2008|2009|2010|2011|2012|2013|2014|2015|2016,14849aaf47d19cb1a45ffd75b7c734c25e4b9c5a0d8cfcd37ea2437353f4df16,0.8638668858896731,observation_time_proxy,historical data_available_time is unknown; observation_time is a pseudo-operational proxy
2017-07-18T00:00:00+00:00,2017-07-17,windermere,south,water_temperature,2.0,month_1,2017-07-18,2017-08-16,18.256542968474427,degC,expanding_prior_year_window_climatology,1.0,True,9,9,2008|2009|2010|2011|2012|2013|2014|2015|2016,34f7b6af350f416e96995e658d85ffe3be765c2c3a58142c7311ba6000a568c8,1.3714433951615708,observation_time_proxy,historical data_available_time is unknown; observation_time is a pseudo-operational proxy
2017-07-18T00:00:00+00:00,2017-07-17,windermere,south,water_temperature,2.0,month_2,2017-08-17,2017-09-15,16.970767552469134,degC,expanding_prior_year_window_climatology,1.0,True,9,9,2008|2009|2010|2011|2012|2013|2014|2015|2016,0016c621ea42e5d0d50eb313c43d30c24c62d6383e5bfb047f17fab7e1a243ec,0.6701682092959308,observation_time_proxy,historical data_available_time is unknown; observation_time is a pseudo-operational proxy
2017-07-18T00:00:00+00:00,2017-07-17,windermere,south,water_temperature,2.0,month_3,2017-09-16,2017-10-15,14.661373908950617,degC,expanding_prior_year_window_climatology,1.0,True,9,9,2008|2009|2010|2011|2012|2013|2014|2015|2016,e57bce6ba3ae4f3ea35dcf2165a8dc6d800f2cbf38ac4d7b0c0ec8a310a91556,0.8343498366843655,observation_time_proxy,historical data_available_time is unknown; observation_time is a pseudo-operational proxy
2017-07-25T00:00:00+00:00,2017-07-24,windermere,south,water_temperature,2.0,month_1,2017-07-25,2017-08-23,18.079280374338623,degC,expanding_prior_year_window_climatology,1.0,True,9,9,2008|2009|2010|2011|2012|2013|2014|2015|2016,799c650b04251dbe7fc6d1981550349180e54c0a975fa7abf0dadb0151fa7a37,0.9265256613966399,observation_time_proxy,historical data_available_time is unknown; observation_time is a pseudo-operational proxy
2017-07-25T00:00:00+00:00,2017-07-24,windermere,south,water_temperature,2.0,month_2,2017-08-24,2017-09-22,16.55512585648148,degC,expanding_prior_year_window_climatology,1.0,True,9,9,2008|2009|2010|2011|2012|2013|2014|2015|2016,3cea423aef996219ecbab21d55fd54152cd93adf4f4f6431e84522d7dc66f1cb,0.7630971063444141,observation_time_proxy,historical data_available_time is unknown; observation_time is a pseudo-operational proxy
2017-07-25T00:00:00+00:00,2017-07-24,windermere,south,water_temperature,2.0,month_3,2017-09-23,2017-10-22,13.97405674382716,degC,expanding_prior_year_window_climatology,1.0,True,9,9,2008|2009|2010|2011|2012|2013|2014|2015|2016,6efa23de4f185f48e2fa11970c3ae9263eb5e07470be7afee34b89a1725d63a7,0.7671974730742661,observation_time_proxy,historical data_available_time is unknown; observation_time is a pseudo-operational proxy
2017-08-01T00:00:00+00:00,2017-07-31,windermere,south,water_temperature,2.0,month_1,2017-08-01,2017-08-30,17.737668845238094,degC,expanding_prior_year_window_climatology,1.0,True,9,9,2008|2009|2010|2011|2012|2013|2014|2015|2016,6209f1bf8be698eb1ef5df4751eafd22e5154f62044e97bea95519fbf3011070,0.6233005469134894,observation_time_proxy,historical data_available_time is unknown; observation_time is a pseudo-operational proxy
2017-08-01T00:00:00+00:00,2017-07-31,windermere,south,water_temperature,2.0,month_2,2017-08-31,2017-09-29,16.043781449074075,degC,expanding_prior_year_window_climatology,1.0,True,9,9,2008|2009|2010|2011|2012|2013|2014|2015|2016,6b10e99aba77c59b1ba027939bf4a2857600b7c5454bd54d2ff6011fff9e180d,0.8511514184653951,observation_time_proxy,historical data_available_time is unknown; observation_time is a pseudo-operational proxy
2017-08-01T00:00:00+00:00,2017-07-31,windermere,south,water_temperature,2.0,month_3,2017-09-30,2017-10-29,13.250232294753086,degC,expanding_prior_year_window_climatology,1.0,True,9,9,2008|2009|2010|2011|2012|2013|2014|2015|2016,e40e79d7600c02d90c4801f97cde6d290818c257bde2087c2a2e6579d6e75844,0.7403673756371785,observation_time_proxy,historical data_available_time is unknown; observation_time is a pseudo-operational proxy
2017-08-08T00:00:00+00:00,2017-08-07,windermere,south,water_temperature,2.0,month_1,2017-08-08,2017-09-06,17.426506353395062,degC,expanding_prior_year_window_climatology,1.0,True,9,9,2008|2009|2010|2011|2012|2013|2014|2015|2016,40d1f95ea0d1bbfbab3e11deab71dadd472075c8b7f5e81472768becf23683a4,0.5608011780033734,observation_time_proxy,historical data_available_time is unknown; observation_time is a pseudo-operational proxy
2017-08-08T00:00:00+00:00,2017-08-07,windermere,south,water_temperature,2.0,month_2,2017-09-07,2017-10-06,15.489765822530863,degC,expanding_prior_year_window_climatology,1.0,True,9,9,2008|2009|2010|2011|2012|2013|2014|2015|2016,9f072db53c032b3160ae2e508bbcf16c81fdb696f65f24e1901825d972f4d1fb,0.8827930835767819,observation_time_proxy,historical data_available_time is unknown; observation_time is a pseudo-operational proxy
2017-08-08T00:00:00+00:00,2017-08-07,windermere,south,water_temperature,2.0,month_3,2017-10-07,2017-11-05,12.509868791566022,degC,expanding_prior_year_window_climatology,1.0,True,9,9,2008|2009|2010|2011|2012|2013|2014|2015|2016,1cfc2d2acb52c55f46e0844a3741b1759ae745c6af489a25da63d6a59d33291c,0.7695416672219637,observation_time_proxy,historical data_available_time is unknown; observation_time is a pseudo-operational proxy
2017-08-15T00:00:00+00:00,2017-08-14,windermere,south,water_temperature,2.0,month_1,2017-08-15,2017-09-13,17.07915636728395,degC,expanding_prior_year_window_climatology,1.0,True,9,9,2008|2009|2010|2011|2012|2013|2014|2015|2016,e86d96de44a99d5fd105ff3adc424da675a6ba94861239560ce2524e2eea9923,0.6547139576481255,observation_time_proxy,historical data_available_time is unknown; observation_time is a pseudo-operational proxy
2017-08-15T00:00:00+00:00,2017-08-14,windermere,south,water_temperature,2.0,month_2,2017-09-14,2017-10-13,14.854316694444444,degC,expanding_prior_year_window_climatology,1.0,True,9,9,2008|2009|2010|2011|2012|2013|2014|2015|2016,be8058b7156ca9a07092357c3277b47fb0c8d75af974cbcc7c450b7d61a67ac1,0.8481553691978082,observation_time_proxy,historical data_available_time is unknown; observation_time is a pseudo-operational proxy
2017-08-15T00:00:00+00:00,2017-08-14,windermere,south,water_temperature,2.0,month_3,2017-10-14,2017-11-12,11.755578713325281,degC,expanding_prior_year_window_climatology,1.0,True,9,9,2008|2009|2010|2011|2012|2013|2014|2015|2016,4ed38eaa7d205dfb4d24a18b742946f5a9799e02692bd02fabbff972a46296ae,0.7907867195364471,observation_time_proxy,historical data_available_time is unknown; observation_time is a pseudo-operational proxy
2017-08-22T00:00:00+00:00,2017-08-21,windermere,south,water_temperature,2.0,month_1,2017-08-22,2017-09-20,16.680465686728393,degC,expanding_prior_year_window_climatology,1.0,True,9,9,2008|2009|2010|2011|2012|2013|2014|2015|2016,decc6421decdd75ea6e0615ad1280a3811a33550f4b6306bef671aea6aee8280,0.7222339361156445,observation_time_proxy,historical data_available_time is unknown; observation_time is a pseudo-operational proxy
2017-08-22T00:00:00+00:00,2017-08-21,windermere,south,water_temperature,2.0,month_2,2017-09-21,2017-10-20,14.176825074074074,degC,expanding_prior_year_window_climatology,1.0,True,9,9,2008|2009|2010|2011|2012|2013|2014|2015|2016,b401e709ddc67227d5662c316d7ca21febd846ded5cde3773d2f89e0cacf5f48,0.7861919339162631,observation_time_proxy,historical data_available_time is unknown; observation_time is a pseudo-operational proxy
2017-08-22T00:00:00+00:00,2017-08-21,windermere,south,water_temperature,2.0,month_3,2017-10-21,2017-11-19,11.029387850670961,degC,expanding_prior_year_window_climatology,1.0,True,9,9,2008|2009|2010|2011|2012|2013|2014|2015|2016,1f91f7069d0823e4c9039399a541193ff8b5ad2e40064c5c7fb4de57aded1cd8,0.8142390374932454,observation_time_proxy,historical data_available_time is unknown; observation_time is a pseudo-operational proxy
2017-08-29T00:00:00+00:00,2017-08-28,windermere,south,water_temperature,2.0,month_1,2017-08-29,2017-09-27,16.185540638888888,degC,expanding_prior_year_window_climatology,1.0,True,9,9,2008|2009|2010|2011|2012|2013|2014|2015|2016,befc5e1937935be3391542ab7fcdff08cb877aa3caf4d0b5ecf8e293c8351021,0.8289075048881047,observation_time_proxy,historical data_available_time is unknown; observation_time is a pseudo-operational proxy
2017-08-29T00:00:00+00:00,2017-08-28,windermere,south,water_temperature,2.0,month_2,2017-09-28,2017-10-27,13.461363773148149,degC,expanding_prior_year_window_climatology,1.0,True,9,9,2008|2009|2010|2011|2012|2013|2014|2015|2016,002ee735e505010d090dd36cb3eda73d7849ce3f3d34b6068b55f46a62edfb34,0.7381752237746761,observation_time_proxy,historical data_available_time is unknown; observation_time is a pseudo-operational proxy
2017-08-29T00:00:00+00:00,2017-08-28,windermere,south,water_temperature,2.0,month_3,2017-10-28,2017-11-26,10.345923394343801,degC,expanding_prior_year_window_climatology,1.0,True,9,9,2008|2009|2010|2011|2012|2013|2014|2015|2016,322f74eb9d35cfea7166a06e300dc0e5748a815fd90ca2df538c035d5ab68dfc,0.837708513865347,observation_time_proxy,historical data_available_time is unknown; observation_time is a pseudo-operational proxy
2017-09-05T00:00:00+00:00,2017-09-04,windermere,south,water_temperature,2.0,month_1,2017-09-05,2017-10-04,15.663230925925927,degC,expanding_prior_year_window_climatology,1.0,True,9,9,2008|2009|2010|2011|2012|2013|2014|2015|2016,250df209a18cc732484fbe84c7d61e8d719f416991010ffd6062afc619e078d7,0.8873341457519758,observation_time_proxy,historical data_available_time is unknown; observation_time is a pseudo-operational proxy
2017-09-05T00:00:00+00:00,2017-09-04,windermere,south,water_temperature,2.0,month_2,2017-10-05,2017-11-03,12.71812627381911,degC,expanding_prior_year_window_climatology,1.0,True,9,9,2008|2009|2010|2011|2012|2013|2014|2015|2016,4756a12506cf2d0693b34882afd7fa63e5f6a048cab4400d4cc6969841e259cb,0.7594281021102713,observation_time_proxy,historical data_available_time is unknown; observation_time is a pseudo-operational proxy
2017-09-05T00:00:00+00:00,2017-09-04,windermere,south,water_temperature,2.0,month_3,2017-11-04,2017-12-03,9.642043469088835,degC,expanding_prior_year_window_climatology,1.0,True,9,9,2008|2009|2010|2011|2012|2013|2014|2015|2016,7760a3b8b5bf04819ec18768ccddc5780b7f86b336c83b725068e353386e7e76,0.8519084459480986,observation_time_proxy,historical data_available_time is unknown; observation_time is a pseudo-operational proxy
2017-09-12T00:00:00+00:00,2017-09-11,windermere,south,water_temperature,2.0,month_1,2017-09-12,2017-10-11,15.043430401234568,degC,expanding_prior_year_window_climatology,1.0,True,9,9,2008|2009|2010|2011|2012|2013|2014|2015|2016,8daea9018e9925ac63357c43dc0ab70628890878e135d33a74ef87c99dc88ad5,0.8529735222119265,observation_time_proxy,historical data_available_time is unknown; observation_time is a pseudo-operational proxy
2017-09-12T00:00:00+00:00,2017-09-11,windermere,south,water_temperature,2.0,month_2,2017-10-12,2017-11-10,11.971334627831455,degC,expanding_prior_year_window_climatology,1.0,True,9,9,2008|2009|2010|2011|2012|2013|2014|2015|2016,eeaab54f00416a685a040b052db41972e65047328f53a1832a3e0d633a61b03e,0.7807761032899058,observation_time_proxy,historical data_available_time is unknown; observation_time is a pseudo-operational proxy
2017-09-12T00:00:00+00:00,2017-09-11,windermere,south,water_temperature,2.0,month_3,2017-11-11,2017-12-10,8.94587532757649,degC,expanding_prior_year_window_climatology,1.0,True,9,9,2008|2009|2010|2011|2012|2013|2014|2015|2016,51ee73830d60622bbefb211df5e29f2ee0db6165a1df39979cdac56c9804504f,0.88172142699341,observation_time_proxy,historical data_available_time is unknown; observation_time is a pseudo-operational proxy
2017-09-19T00:00:00+00:00,2017-09-18,windermere,south,water_temperature,2.0,month_1,2017-09-19,2017-10-18,14.37435037654321,degC,expanding_prior_year_window_climatology,1.0,True,9,9,2008|2009|2010|2011|2012|2013|2014|2015|2016,dc6188603c840a1ed873f855eaf14b2ddebd4e18b3b0b40fd107a9d9bb45f370,0.8066142810541763,observation_time_proxy,historical data_available_time is unknown; observation_time is a pseudo-operational proxy
2017-09-19T00:00:00+00:00,2017-09-18,windermere,south,water_temperature,2.0,month_2,2017-10-19,2017-11-17,11.231921274282072,degC,expanding_prior_year_window_climatology,1.0,True,9,9,2008|2009|2010|2011|2012|2013|2014|2015|2016,5440028fc445d9c803f8ff62267e38f981437415d257dfa10ea96bce117641af,0.8078587910752941,observation_time_proxy,historical data_available_time is unknown; observation_time is a pseudo-operational proxy
2017-09-19T00:00:00+00:00,2017-09-18,windermere,south,water_temperature,2.0,month_3,2017-11-18,2017-12-17,8.281665647638217,degC,expanding_prior_year_window_climatology,1.0,True,9,9,2008|2009|2010|2011|2012|2013|2014|2015|2016,adf59c58e2d90536daffd14e8b713d7622c87f07822a02d89db27c9ff7336aaf,0.8804716993058477,observation_time_proxy,historical data_available_time is unknown; observation_time is a pseudo-operational proxy
2017-09-26T00:00:00+00:00,2017-09-25,windermere,south,water_temperature,2.0,month_1,2017-09-26,2017-10-25,13.668154549382717,degC,expanding_prior_year_window_climatology,1.0,True,9,9,2008|2009|2010|2011|2012|2013|2014|2015|2016,7a1f3d82ce821c171240cad7c4a9c09ec9369fe599db9da2e4e708d0d0a505df,0.7439552724969954,observation_time_proxy,historical data_available_time is unknown; observation_time is a pseudo-operational proxy
2017-09-26T00:00:00+00:00,2017-09-25,windermere,south,water_temperature,2.0,month_2,2017-10-26,2017-11-24,10.538181797893182,degC,expanding_prior_year_window_climatology,1.0,True,9,9,2008|2009|2010|2011|2012|2013|2014|2015|2016,463dd73e230fdc01d31ed460f2587755c36ed35badfe48aa9ced6e530b41880d,0.8311628763210029,observation_time_proxy,historical data_available_time is unknown; observation_time is a pseudo-operational proxy
2017-09-26T00:00:00+00:00,2017-09-25,windermere,south,water_temperature,2.0,month_3,2017-11-25,2017-12-24,7.6603817039653785,degC,expanding_prior_year_window_climatology,1.0,True,9,9,2008|2009|2010|2011|2012|2013|2014|2015|2016,f4a0efc907fbc5396de4e5ee5813ec2b2813e9b6ad4588451eb1e16e3b3471f0,0.9232891280096366,observation_time_proxy,historical data_available_time is unknown; observation_time is a pseudo-operational proxy
2017-10-03T00:00:00+00:00,2017-10-02,windermere,south,water_temperature,2.0,month_1,2017-10-03,2017-11-01,12.925503810856146,degC,expanding_prior_year_window_climatology,1.0,True,9,9,2008|2009|2010|2011|2012|2013|2014|2015|2016,abc4e5e371290b8c25942d599428d748d9c9001da2ff358d32f1af4ff6f62583,0.7473827644132502,observation_time_proxy,historical data_available_time is unknown; observation_time is a pseudo-operational proxy
2017-10-03T00:00:00+00:00,2017-10-02,windermere,south,water_temperature,2.0,month_2,2017-11-02,2017-12-01,9.846567306172838,degC,expanding_prior_year_window_climatology,1.0,True,9,9,2008|2009|2010|2011|2012|2013|2014|2015|2016,ca7d72b5b405366c26669f5993afdd695fef48511fd9de9d9a629fd38b7a6e36,0.8491007665592288,observation_time_proxy,historical data_available_time is unknown; observation_time is a pseudo-operational proxy
2017-10-03T00:00:00+00:00,2017-10-02,windermere,south,water_temperature,2.0,month_3,2017-12-02,2017-12-31,7.12438375497182,degC,expanding_prior_year_window_climatology,1.0,True,9,9,2008|2009|2010|2011|2012|2013|2014|2015|2016,a2b0361ae99618aa533743129eb6096037bae0af2085ea6ab81fe2cf73a50a6e,0.984640588112561,observation_time_proxy,historical data_available_time is unknown; observation_time is a pseudo-operational proxy
2017-10-10T00:00:00+00:00,2017-10-09,windermere,south,water_temperature,2.0,month_1,2017-10-10,2017-11-08,12.186541923356145,degC,expanding_prior_year_window_climatology,1.0,True,9,9,2008|2009|2010|2011|2012|2013|2014|2015|2016,dd3ef82c493a51e0a7a824ddd79e54bcbb5ebbb6264e70b09cf561af16c65d64,0.7775638765832452,observation_time_proxy,historical data_available_time is unknown; observation_time is a pseudo-operational proxy
2017-10-10T00:00:00+00:00,2017-10-09,windermere,south,water_temperature,2.0,month_2,2017-11-09,2017-12-08,9.139448664613527,degC,expanding_prior_year_window_climatology,1.0,True,9,9,2008|2009|2010|2011|2012|2013|2014|2015|2016,dde0ae34ac82491c4df6509522339c12954de1191dd836cae8e731e57154c906,0.8736838194351757,observation_time_proxy,historical data_available_time is unknown; observation_time is a pseudo-operational proxy
2017-10-10T00:00:00+00:00,2017-10-09,windermere,south,water_temperature,2.0,month_3,2017-12-09,2018-01-07,6.6130700803291065,degC,expanding_prior_year_window_climatology,1.0,True,9,8,2008|2009|2010|2011|2012|2013|2014|2015,52b6339497113c28e2f20ae07be265be2d7666cffc0424659b34c9b5b79a538c,1.0830527237774195,observation_time_proxy,historical data_available_time is unknown; observation_time is a pseudo-operational proxy
2017-10-17T00:00:00+00:00,2017-10-16,windermere,south,water_temperature,2.0,month_1,2017-10-17,2017-11-15,11.437394571195652,degC,expanding_prior_year_window_climatology,1.0,True,9,9,2008|2009|2010|2011|2012|2013|2014|2015|2016,2735cebe35fcfdb354c3da6e9979479a422bb31c81ee6245e7fd8d81227b49dd,0.8023962199102259,observation_time_proxy,historical data_available_time is unknown; observation_time is a pseudo-operational proxy
2017-10-17T00:00:00+00:00,2017-10-16,windermere,south,water_temperature,2.0,month_2,2017-11-16,2017-12-15,8.469016373255501,degC,expanding_prior_year_window_climatology,1.0,True,9,9,2008|2009|2010|2011|2012|2013|2014|2015|2016,f1249e2b7e8aeb389bafa1ede4f55aedf6945d8dbd8f9328f96bb4282d584f89,0.8781845670191427,observation_time_proxy,historical data_available_time is unknown; observation_time is a pseudo-operational proxy
2017-10-17T00:00:00+00:00,2017-10-16,windermere,south,water_temperature,2.0,month_3,2017-12-16,2018-01-14,6.236397003766607,degC,expanding_prior_year_window_climatology,1.0,True,9,8,2008|2009|2010|2011|2012|2013|2014|2015,77c58a104fd4d334d606377139ac4c7901671957031853a0e5b92f88565ce85f,1.1356460684071563,observation_time_proxy,historical data_available_time is unknown; observation_time is a pseudo-operational proxy
2017-10-24T00:00:00+00:00,2017-10-23,windermere,south,water_temperature,2.0,month_1,2017-10-24,2017-11-22,10.733836128911701,degC,expanding_prior_year_window_climatology,1.0,True,9,9,2008|2009|2010|2011|2012|2013|2014|2015|2016,1825e1bfab6275cf445fb2c8b28e1bf49e9bf9c544a3ca637bc9717e4492fd8e,0.8239480354564206,observation_time_proxy,historical data_available_time is unknown; observation_time is a pseudo-operational proxy
2017-10-24T00:00:00+00:00,2017-10-23,windermere,south,water_temperature,2.0,month_2,2017-11-23,2017-12-22,7.831961422329576,degC,expanding_prior_year_window_climatology,1.0,True,9,9,2008|2009|2010|2011|2012|2013|2014|2015|2016,0cd508303d82111ba4c96f1346f34e42fe5233a42ebdbf291c886ffdd4916c9d,0.9062673647726219,observation_time_proxy,historical data_available_time is unknown; observation_time is a pseudo-operational proxy
2017-10-24T00:00:00+00:00,2017-10-23,windermere,south,water_temperature,2.0,month_3,2017-12-23,2018-01-21,5.908508809483372,degC,expanding_prior_year_window_climatology,1.0,True,9,8,2008|2009|2010|2011|2012|2013|2014|2015,45e6d4a0caecd5dbe413df9ce800ecdc432404c9ae1a4ba66dd5d0b01bc10159,1.150814995015031,observation_time_proxy,historical data_available_time is unknown; observation_time is a pseudo-operational proxy
2017-10-31T00:00:00+00:00,2017-10-30,windermere,south,water_temperature,2.0,month_1,2017-10-31,2017-11-29,10.048600857924047,degC,expanding_prior_year_window_climatology,1.0,True,9,9,2008|2009|2010|2011|2012|2013|2014|2015|2016,886dca3fa307c5309de19cebff7018661023914812891b978fa6ef11be6bafc4,0.8472632663899161,observation_time_proxy,historical data_available_time is unknown; observation_time is a pseudo-operational proxy
2017-10-31T00:00:00+00:00,2017-10-30,windermere,south,water_temperature,2.0,month_2,2017-11-30,2017-12-29,7.268287538224638,degC,expanding_prior_year_window_climatology,1.0,True,9,9,2008|2009|2010|2011|2012|2013|2014|2015|2016,00c40b21d0330c62d17d80164cbce17e7b18fc808585896faf493d05265549ef,0.9689040765916586,observation_time_proxy,historical data_available_time is unknown; observation_time is a pseudo-operational proxy
2017-10-31T00:00:00+00:00,2017-10-30,windermere,south,water_temperature,2.0,month_3,2017-12-30,2018-01-28,5.600032456296368,degC,expanding_prior_year_window_climatology,1.0,True,9,8,2008|2009|2010|2011|2012|2013|2014|2015,e7f5b048807a874f0104f36967272727ba6f75968ace291e6db54131bb5f3246,1.1186236640617044,observation_time_proxy,historical data_available_time is unknown; observation_time is a pseudo-operational proxy
2017-11-07T00:00:00+00:00,2017-11-06,windermere,south,water_temperature,2.0,month_1,2017-11-07,2017-12-06,9.337300048255502,degC,expanding_prior_year_window_climatology,1.0,True,9,9,2008|2009|2010|2011|2012|2013|2014|2015|2016,76ef0372a3bda7ca473679ed6daca6d241376a8e49637d4fc4f58f306bfdaac7,0.8637462304469143,observation_time_proxy,historical data_available_time is unknown; observation_time is a pseudo-operational proxy
2017-11-07T00:00:00+00:00,2017-11-06,windermere,south,water_temperature,2.0,month_2,2017-12-07,2018-01-05,6.736895909842995,degC,expanding_prior_year_window_climatology,1.0,True,9,8,2008|2009|2010|2011|2012|2013|2014|2015,a9274a30c4d9fff0277304808dd14b360cf6b081f9b0dff544d1512081073730,1.0733750655747973,observation_time_proxy,historical data_available_time is unknown; observation_time is a pseudo-operational proxy
2017-11-07T00:00:00+00:00,2017-11-06,windermere,south,water_temperature,2.0,month_3,2018-01-06,2018-02-04,5.34240453287037,degC,expanding_prior_year_window_climatology,1.0,True,9,9,2008|2009|2010|2011|2012|2013|2014|2015|2016,e97d46b7673fcb073d750f53e1ae4a2a599eb7a36c2c44cce872abda441c0277,1.002255798405138,observation_time_proxy,historical data_available_time is unknown; observation_time is a pseudo-operational proxy
2017-11-14T00:00:00+00:00,2017-11-13,windermere,south,water_temperature,2.0,month_1,2017-11-14,2017-12-13,8.659223801804885,degC,expanding_prior_year_window_climatology,1.0,True,9,9,2008|2009|2010|2011|2012|2013|2014|2015|2016,8275fb7572ee2e623d48a039900e678ab0c898b1e71708f3fcbf836633de3c45,0.8773011421983599,observation_time_proxy,historical data_available_time is unknown; observation_time is a pseudo-operational proxy
2017-11-14T00:00:00+00:00,2017-11-13,windermere,south,water_temperature,2.0,month_2,2017-12-14,2018-01-12,6.334378995086051,degC,expanding_prior_year_window_climatology,1.0,True,9,8,2008|2009|2010|2011|2012|2013|2014|2015,ed58ff947d51a6d623db9b7f729678ef0150ad989362475b3322bf44635144a5,1.1197754639402706,observation_time_proxy,historical data_available_time is unknown; observation_time is a pseudo-operational proxy
2017-11-14T00:00:00+00:00,2017-11-13,windermere,south,water_temperature,2.0,month_3,2018-01-13,2018-02-11,5.125871302502205,degC,expanding_prior_year_window_climatology,1.0,True,9,9,2008|2009|2010|2011|2012|2013|2014|2015|2016,40eb6c166fccf38e74fcb914b208bb7dcfcd840e4d856623c4172cfe4c3bb3dc,0.9179822146042965,observation_time_proxy,historical data_available_time is unknown; observation_time is a pseudo-operational proxy
2017-11-21T00:00:00+00:00,2017-11-20,windermere,south,water_temperature,2.0,month_1,2017-11-21,2017-12-20,8.008892816156736,degC,expanding_prior_year_window_climatology,1.0,True,9,9,2008|2009|2010|2011|2012|2013|2014|2015|2016,75d304ffb748a6c5e8d305ebd50e7a539fd3dd2175effd6b1f44925f49f904bf,0.8918604676420359,observation_time_proxy,historical data_available_time is unknown; observation_time is a pseudo-operational proxy
2017-11-21T00:00:00+00:00,2017-11-20,windermere,south,water_temperature,2.0,month_2,2017-12-21,2018-01-19,6.004075835326626,degC,expanding_prior_year_window_climatology,1.0,True,9,8,2008|2009|2010|2011|2012|2013|2014|2015,6a556820ac269f754e2bbddfec912d84780e904266be51453020f131ce43e2e6,1.153419737399975,observation_time_proxy,historical data_available_time is unknown; observation_time is a pseudo-operational proxy
2017-11-21T00:00:00+00:00,2017-11-20,windermere,south,water_temperature,2.0,month_3,2018-01-20,2018-02-18,4.943896580092592,degC,expanding_prior_year_window_climatology,1.0,True,9,9,2008|2009|2010|2011|2012|2013|2014|2015|2016,3cf8d0e63f00fb7995cf52097ac1b12d21e05ae93c7b13538949ad065dfa227e,0.8557233428167929,observation_time_proxy,historical data_available_time is unknown; observation_time is a pseudo-operational proxy
2017-11-28T00:00:00+00:00,2017-11-27,windermere,south,water_temperature,2.0,month_1,2017-11-28,2017-12-27,7.419869398564144,degC,expanding_prior_year_window_climatology,1.0,True,9,9,2008|2009|2010|2011|2012|2013|2014|2015|2016,e911a4c372477b74f5327682a688e8a6f2ebd8076f456fd91eca5afdd5e32eae,0.9491090876298584,observation_time_proxy,historical data_available_time is unknown; observation_time is a pseudo-operational proxy
2017-11-28T00:00:00+00:00,2017-11-27,windermere,south,water_temperature,2.0,month_2,2017-12-28,2018-01-26,5.682594461070674,degC,expanding_prior_year_window_climatology,1.0,True,9,8,2008|2009|2010|2011|2012|2013|2014|2015,b4ae5bd256e3db7fbf975461408e9aa4164aebd4c75f979ba5f1a7825e3686f2,1.13097651854101,observation_time_proxy,historical data_available_time is unknown; observation_time is a pseudo-operational proxy
2017-11-28T00:00:00+00:00,2017-11-27,windermere,south,water_temperature,2.0,month_3,2018-01-27,2018-02-25,4.8150645327160495,degC,expanding_prior_year_window_climatology,1.0,True,9,9,2008|2009|2010|2011|2012|2013|2014|2015|2016,9880b78a532cd7bbac2d70d47c5ad890f6e588bd4b9c03efd115d2d354baee59,0.8167313844039874,observation_time_proxy,historical data_available_time is unknown; observation_time is a pseudo-operational proxy
2017-12-05T00:00:00+00:00,2017-12-04,windermere,south,water_temperature,2.0,month_1,2017-12-05,2018-01-03,6.928545754685543,degC,expanding_prior_year_window_climatology,1.0,True,9,9,2008|2009|2010|2011|2012|2013|2014|2015|2016,b3ede439ccb9b45e09c15b9d9489368c2a9c602255482f4d28d8cd5a15cc7b99,1.0100489066244418,observation_time_proxy,historical data_available_time is unknown; observation_time is a pseudo-operational proxy
2017-12-05T00:00:00+00:00,2017-12-04,windermere,south,water_temperature,2.0,month_2,2018-01-04,2018-02-02,5.415317926223545,degC,expanding_prior_year_window_climatology,1.0,True,9,9,2008|2009|2010|2011|2012|2013|2014|2015|2016,140f51bf5fffccf9d2c4895b414e7c703e653e7cbb0497e75c2224a123af9ef0,1.0194786397578477,observation_time_proxy,historical data_available_time is unknown; observation_time is a pseudo-operational proxy
2017-12-05T00:00:00+00:00,2017-12-04,windermere,south,water_temperature,2.0,month_3,2018-02-03,2018-03-04,4.7600930788580245,degC,expanding_prior_year_window_climatology,1.0,True,9,9,2008|2009|2010|2011|2012|2013|2014|2015|2016,e9f2b3b1da605da15c294428c8e78377a5d296cd33b0dae163f362b6d7bef187,0.7752687172770091,observation_time_proxy,historical data_available_time is unknown; observation_time is a pseudo-operational proxy
2017-12-12T00:00:00+00:00,2017-12-11,windermere,south,water_temperature,2.0,month_1,2017-12-12,2018-01-10,6.441486398558273,degC,expanding_prior_year_window_climatology,1.0,True,9,8,2008|2009|2010|2011|2012|2013|2014|2015,91a55055bb0603b08e7b7ebfb5519b70de8d20d78cb2d20bc97aec5dfe202658,1.1010092947622685,observation_time_proxy,historical data_available_time is unknown; observation_time is a pseudo-operational proxy
2017-12-12T00:00:00+00:00,2017-12-11,windermere,south,water_temperature,2.0,month_2,2018-01-11,2018-02-09,5.183970048048942,degC,expanding_prior_year_window_climatology,1.0,True,9,9,2008|2009|2010|2011|2012|2013|2014|2015|2016,499999050d2b904a1001aedeedc3b5d50822af95069b423cd28b4731aed6788b,0.9429305245880001,observation_time_proxy,historical data_available_time is unknown; observation_time is a pseudo-operational proxy
2017-12-12T00:00:00+00:00,2017-12-11,windermere,south,water_temperature,2.0,month_3,2018-02-10,2018-03-11,4.781709583487654,degC,expanding_prior_year_window_climatology,1.0,True,9,9,2008|2009|2010|2011|2012|2013|2014|2015|2016,594629e38503c3e9b611954323e5170b28d0d1cd8ba9c30e303a3d7d122ff3f1,0.7521947416940777,observation_time_proxy,historical data_available_time is unknown; observation_time is a pseudo-operational proxy
2017-12-19T00:00:00+00:00,2017-12-18,windermere,south,water_temperature,2.0,month_1,2017-12-19,2018-01-17,6.093082863698359,degC,expanding_prior_year_window_climatology,1.0,True,9,8,2008|2009|2010|2011|2012|2013|2014|2015,55afbbd9aa24dc1d9449e949fe02c7d07bd7857ea8d2767b2950484713c6f3fc,1.1512322475871606,observation_time_proxy,historical data_available_time is unknown; observation_time is a pseudo-operational proxy
2017-12-19T00:00:00+00:00,2017-12-18,windermere,south,water_temperature,2.0,month_2,2018-01-18,2018-02-16,4.990125930773734,degC,expanding_prior_year_window_climatology,1.0,True,9,9,2008|2009|2010|2011|2012|2013|2014|2015|2016,dbfbacdae568167fd6edf6b1d7f74525295d25568932ebf078746d2cf3f23efa,0.8709186034593425,observation_time_proxy,historical data_available_time is unknown; observation_time is a pseudo-operational proxy
2017-12-19T00:00:00+00:00,2017-12-18,windermere,south,water_temperature,2.0,month_3,2018-02-17,2018-03-18,4.898675421296296,degC,expanding_prior_year_window_climatology,1.0,True,9,9,2008|2009|2010|2011|2012|2013|2014|2015|2016,472aa9c2488d07316ef46c7f4f0acd5eebf86ab16d9829d4f10c122cca5f45e6,0.7530042337646807,observation_time_proxy,historical data_available_time is unknown; observation_time is a pseudo-operational proxy
2017-12-26T00:00:00+00:00,2017-12-25,windermere,south,water_temperature,2.0,month_1,2017-12-26,2018-01-24,5.771491132970475,degC,expanding_prior_year_window_climatology,1.0,True,9,8,2008|2009|2010|2011|2012|2013|2014|2015,60d0ca8cc2c23ce253e05c198073e443fc6b5a646364d8281df67c0d3e0ad91e,1.1442836536256105,observation_time_proxy,historical data_available_time is unknown; observation_time is a pseudo-operational proxy
2017-12-26T00:00:00+00:00,2017-12-25,windermere,south,water_temperature,2.0,month_2,2018-01-25,2018-02-23,4.8454258300925925,degC,expanding_prior_year_window_climatology,1.0,True,9,9,2008|2009|2010|2011|2012|2013|2014|2015|2016,aaf4055e228b41af267aea02946680d884f7f830212ac4547184903e0faa5687,0.8253998403569054,observation_time_proxy,historical data_available_time is unknown; observation_time is a pseudo-operational proxy
2017-12-26T00:00:00+00:00,2017-12-25,windermere,south,water_temperature,2.0,month_3,2018-02-24,2018-03-25,5.152297611574074,degC,expanding_prior_year_window_climatology,1.0,True,9,9,2008|2009|2010|2011|2012|2013|2014|2015|2016,9a96cc3daf0b2fde0085f2a665c652f74cc06035d7d258a15bd51111364a3286,0.7906534771630963,observation_time_proxy,historical data_available_time is unknown; observation_time is a pseudo-operational proxy
2018-01-02T00:00:00+00:00,2018-01-01,windermere,south,water_temperature,2.0,month_1,2018-01-02,2018-01-31,5.55611830063492,degC,expanding_prior_year_window_climatology,1.0,True,10,10,2008|2009|2010|2011|2012|2013|2014|2015|2016|2017,e2ef62bee2dfbe32fae6981b19a13291ca4501c972b0d65c29aaa08153a220ba,0.9992191729994953,observation_time_proxy,historical data_available_time is unknown; observation_time is a pseudo-operational proxy
2018-01-02T00:00:00+00:00,2018-01-01,windermere,south,water_temperature,2.0,month_2,2018-02-01,2018-03-02,4.83943880428744,degC,expanding_prior_year_window_climatology,1.0,True,10,10,2008|2009|2010|2011|2012|2013|2014|2015|2016|2017,1f06c3d34ca63b09c2a6ee7980597ed8e0eac9671d042d24b6fe11e1d7ca1f53,0.7770609392913949,observation_time_proxy,historical data_available_time is unknown; observation_time is a pseudo-operational proxy
2018-01-02T00:00:00+00:00,2018-01-01,windermere,south,water_temperature,2.0,month_3,2018-03-03,2018-04-01,5.612278950277778,degC,expanding_prior_year_window_climatology,1.0,True,10,10,2008|2009|2010|2011|2012|2013|2014|2015|2016|2017,a982d23b61d7a3a3fc11a1486fbf2be3354a989cb77cf4aaccf997ae9ac8b43a,0.9684362441431528,observation_time_proxy,historical data_available_time is unknown; observation_time is a pseudo-operational proxy
2018-01-09T00:00:00+00:00,2018-01-08,windermere,south,water_temperature,2.0,month_1,2018-01-09,2018-02-07,5.313057661775794,degC,expanding_prior_year_window_climatology,1.0,True,10,10,2008|2009|2010|2011|2012|2013|2014|2015|2016|2017,4c30c4434b430d3b8a5401aa4a0999d14f5cf5c93bed8780c78c2e5cc240ade1,0.9393983484240573,observation_time_proxy,historical data_available_time is unknown; observation_time is a pseudo-operational proxy
2018-01-09T00:00:00+00:00,2018-01-08,windermere,south,water_temperature,2.0,month_2,2018-02-08,2018-03-09,4.848497059565218,degC,expanding_prior_year_window_climatology,1.0,True,10,10,2008|2009|2010|2011|2012|2013|2014|2015|2016|2017,c6dc3d57ce64b110d33c1145d972e260521aa9b136fe996b101cc4f50af6341d,0.7579312939698437,observation_time_proxy,historical data_available_time is unknown; observation_time is a pseudo-operational proxy
2018-01-09T00:00:00+00:00,2018-01-08,windermere,south,water_temperature,2.0,month_3,2018-03-10,2018-04-08,6.0327373981944445,degC,expanding_prior_year_window_climatology,1.0,True,10,10,2008|2009|2010|2011|2012|2013|2014|2015|2016|2017,33fd63d0b9eb93e0132cd9c1f6f11ae2f0dcd3a7dae2ce2656de159c79150b8e,1.0941432928770312,observation_time_proxy,historical data_available_time is unknown; observation_time is a pseudo-operational proxy
2018-01-16T00:00:00+00:00,2018-01-15,windermere,south,water_temperature,2.0,month_1,2018-01-16,2018-02-14,5.1086579927299,degC,expanding_prior_year_window_climatology,1.0,True,10,10,2008|2009|2010|2011|2012|2013|2014|2015|2016|2017,fc94dde5bbd960933f448343459d34e9bd50e750e4c0cdccbf93d67d62064cc1,0.8643057078168573,observation_time_proxy,historical data_available_time is unknown; observation_time is a pseudo-operational proxy
2018-01-16T00:00:00+00:00,2018-01-15,windermere,south,water_temperature,2.0,month_2,2018-02-15,2018-03-16,4.949024192361112,degC,expanding_prior_year_window_climatology,1.0,True,10,10,2008|2009|2010|2011|2012|2013|2014|2015|2016|2017,5c11565c78783f191bb286e9180ab28cd6686d1f51937a6b5b8c422b29c3ec9d,0.7706898106672134,observation_time_proxy,historical data_available_time is unknown; observation_time is a pseudo-operational proxy
2018-01-16T00:00:00+00:00,2018-01-15,windermere,south,water_temperature,2.0,month_3,2018-03-17,2018-04-15,6.599579794583334,degC,expanding_prior_year_window_climatology,1.0,True,10,10,2008|2009|2010|2011|2012|2013|2014|2015|2016|2017,615974d06d9ac6b91739a69dfccf5cb236cd1ce6b6d87bb0e18ad36d8d28afb2,1.1845311463218684,observation_time_proxy,historical data_available_time is unknown; observation_time is a pseudo-operational proxy
2018-01-23T00:00:00+00:00,2018-01-22,windermere,south,water_temperature,2.0,month_1,2018-01-23,2018-02-21,4.9481763755374395,degC,expanding_prior_year_window_climatology,1.0,True,10,10,2008|2009|2010|2011|2012|2013|2014|2015|2016|2017,8656bd1fafb01264f9ec1433b9323ed9971edfcfd89a17b5dadb43554f73e128,0.8161227701713554,observation_time_proxy,historical data_available_time is unknown; observation_time is a pseudo-operational proxy
2018-01-23T00:00:00+00:00,2018-01-22,windermere,south,water_temperature,2.0,month_2,2018-02-22,2018-03-23,5.173000510833333,degC,expanding_prior_year_window_climatology,1.0,True,10,10,2008|2009|2010|2011|2012|2013|2014|2015|2016|2017,c052a8b721d5198c52aa8f2bc2f03970291786de573a8c6f4e3b9741a2723432,0.7980947651085112,observation_time_proxy,historical data_available_time is unknown; observation_time is a pseudo-operational proxy
2018-01-23T00:00:00+00:00,2018-01-22,windermere,south,water_temperature,2.0,month_3,2018-03-24,2018-04-22,7.2461685158098845,degC,expanding_prior_year_window_climatology,1.0,True,10,10,2008|2009|2010|2011|2012|2013|2014|2015|2016|2017,da177221a7e1a7226456f03783a3ca445502c6798aa27e655c377121428b179a,1.304932253627931,observation_time_proxy,historical data_available_time is unknown; observation_time is a pseudo-operational proxy
2018-01-30T00:00:00+00:00,2018-01-29,windermere,south,water_temperature,2.0,month_1,2018-01-30,2018-02-28,4.8500676783152175,degC,expanding_prior_year_window_climatology,1.0,True,10,10,2008|2009|2010|2011|2012|2013|2014|2015|2016|2017,fe779c9526486b8ce3161e303f414cd3c44c1f748844bcbbfe56a230971d0ca7,0.787179713404144,observation_time_proxy,historical data_available_time is unknown; observation_time is a pseudo-operational proxy
2018-01-30T00:00:00+00:00,2018-01-29,windermere,south,water_temperature,2.0,month_2,2018-03-01,2018-03-30,5.512950989861111,degC,expanding_prior_year_window_climatology,1.0,True,10,10,2008|2009|2010|2011|2012|2013|2014|2015|2016|2017,73865fb94c59ca6ddd3f28d170ae9d736af2101b7391d74f935656adfaa766c7,0.9204977270747481,observation_time_proxy,historical data_available_time is unknown; observation_time is a pseudo-operational proxy
2018-01-30T00:00:00+00:00,2018-01-29,windermere,south,water_temperature,2.0,month_3,2018-03-31,2018-04-29,8.046546790277779,degC,expanding_prior_year_window_climatology,1.0,True,10,9,2008|2009|2011|2012|2013|2014|2015|2016|2017,e7157849a5daf524049411f6592a8d94115839107a91dd7bec72ccd4390236f2,1.4533134509661765,observation_time_proxy,historical data_available_time is unknown; observation_time is a pseudo-operational proxy
2018-02-06T00:00:00+00:00,2018-02-05,windermere,south,water_temperature,2.0,month_1,2018-02-06,2018-03-07,4.840466823454107,degC,expanding_prior_year_window_climatology,1.0,True,10,10,2008|2009|2010|2011|2012|2013|2014|2015|2016|2017,9be450f63b3b8bb3e3c43ac57a949f0f84415541efb8c73e44f5f58c4fba48e1,0.7619387806781032,observation_time_proxy,historical data_available_time is unknown; observation_time is a pseudo-operational proxy
2018-02-06T00:00:00+00:00,2018-02-05,windermere,south,water_temperature,2.0,month_2,2018-03-08,2018-04-06,5.897597324444445,degC,expanding_prior_year_window_climatology,1.0,True,10,10,2008|2009|2010|2011|2012|2013|2014|2015|2016|2017,101071d1db63a630e10e7dfda52e28b901ed859834ae7f50c253fd5a6b4e7d72,1.0599807990112,observation_time_proxy,historical data_available_time is unknown; observation_time is a pseudo-operational proxy
2018-02-06T00:00:00+00:00,2018-02-05,windermere,south,water_temperature,2.0,month_3,2018-04-07,2018-05-06,8.76015540632716,degC,expanding_prior_year_window_climatology,1.0,True,10,9,2008|2009|2011|2012|2013|2014|2015|2016|2017,18d1ccb15027e2f4d324fefdcbc3ea7ef69a853770b47878b8ad9c3e2f6284be,1.596141133793709,observation_time_proxy,historical data_available_time is unknown; observation_time is a pseudo-operational proxy
2018-02-13T00:00:00+00:00,2018-02-12,windermere,south,water_temperature,2.0,month_1,2018-02-13,2018-03-14,4.910386206111111,degC,expanding_prior_year_window_climatology,1.0,True,10,10,2008|2009|2010|2011|2012|2013|2014|2015|2016|2017,ac6c9ea615261bc9b256215a78c873cd274e67373b7c9c20361d32d9abf4c1c9,0.7665259201308341,observation_time_proxy,historical data_available_time is unknown; observation_time is a pseudo-operational proxy
2018-02-13T00:00:00+00:00,2018-02-12,windermere,south,water_temperature,2.0,month_2,2018-03-15,2018-04-13,6.430806825416667,degC,expanding_prior_year_window_climatology,1.0,True,10,10,2008|2009|2010|2011|2012|2013|2014|2015|2016|2017,d0144bf525dee2a08807aba109c55a3acf4886f673c5b0f07b547a451b3ed083,1.1556138265234381,observation_time_proxy,historical data_available_time is unknown; observation_time is a pseudo-operational proxy
2018-02-13T00:00:00+00:00,2018-02-12,windermere,south,water_temperature,2.0,month_3,2018-04-14,2018-05-13,9.5781882125,degC,expanding_prior_year_window_climatology,1.0,True,10,9,2008|2009|2011|2012|2013|2014|2015|2016|2017,dd0b2c9739fdb236e23a85b5b4279201bc1774bd186c5154f5053a44cd9beb05,1.545678430706744,observation_time_proxy,historical data_available_time is unknown; observation_time is a pseudo-operational proxy
2018-02-20T00:00:00+00:00,2018-02-19,windermere,south,water_temperature,2.0,month_1,2018-02-20,2018-03-21,5.098045964722222,degC,expanding_prior_year_window_climatology,1.0,True,10,10,2008|2009|2010|2011|2012|2013|2014|2015|2016|2017,a8387d20a8bd57f6f52f60914d8de1cb57ad20600487330dc1fb8e2a85e6314f,0.7898775499329483,observation_time_proxy,historical data_available_time is unknown; observation_time is a pseudo-operational proxy
2018-02-20T00:00:00+00:00,2018-02-19,windermere,south,water_temperature,2.0,month_2,2018-03-22,2018-04-20,7.053887664709596,degC,expanding_prior_year_window_climatology,1.0,True,10,10,2008|2009|2010|2011|2012|2013|2014|2015|2016|2017,61cb03d88483e913a5665c8a2248456f950ea78bff14f970a603883523092420,1.2524175502346675,observation_time_proxy,historical data_available_time is unknown; observation_time is a pseudo-operational proxy
2018-02-20T00:00:00+00:00,2018-02-19,windermere,south,water_temperature,2.0,month_3,2018-04-21,2018-05-20,10.423664825617283,degC,expanding_prior_year_window_climatology,1.0,True,10,9,2008|2009|2011|2012|2013|2014|2015|2016|2017,3a901e42552dbb57086e60b6a02c4926856ad0dbe68afaaac3e680649aa70ac3,1.4786769193110887,observation_time_proxy,historical data_available_time is unknown; observation_time is a pseudo-operational proxy
2018-02-27T00:00:00+00:00,2018-02-26,windermere,south,water_temperature,2.0,month_1,2018-02-27,2018-03-28,5.3926361329166665,degC,expanding_prior_year_window_climatology,1.0,True,10,10,2008|2009|2010|2011|2012|2013|2014|2015|2016|2017,9f156ca5225e93a21d4370da15dcd34848bd23b02bd29f1f8d86d632c9b409d5,0.856836065097475,observation_time_proxy,historical data_available_time is unknown; observation_time is a pseudo-operational proxy
2018-02-27T00:00:00+00:00,2018-02-26,windermere,south,water_temperature,2.0,month_2,2018-03-29,2018-04-27,7.849519774537037,degC,expanding_prior_year_window_climatology,1.0,True,10,9,2008|2009|2011|2012|2013|2014|2015|2016|2017,f1a8093884350fdcc9b4d43f927c0fecac54ec9e8cae7144e72f2d3e7fedde29,1.4229497923432743,observation_time_proxy,historical data_available_time is unknown; observation_time is a pseudo-operational proxy
2018-02-27T00:00:00+00:00,2018-02-26,windermere,south,water_temperature,2.0,month_3,2018-04-28,2018-05-27,11.35746840449074,degC,expanding_prior_year_window_climatology,1.0,True,10,10,2008|2009|2010|2011|2012|2013|2014|2015|2016|2017,ba4ea450ee14f6929d8733db5d4e1979c39d088ec07d4f73081225dfd9ad6d07,1.274738011616732,observation_time_proxy,historical data_available_time is unknown; observation_time is a pseudo-operational proxy
2018-03-06T00:00:00+00:00,2018-03-05,windermere,south,water_temperature,2.0,month_1,2018-03-06,2018-04-04,5.781987864861112,degC,expanding_prior_year_window_climatology,1.0,True,10,10,2008|2009|2010|2011|2012|2013|2014|2015|2016|2017,1e5875d431dff586038fb04e4debf3c1be97e08a38e1d570b02733604a7919cb,1.0277887005524835,observation_time_proxy,historical data_available_time is unknown; observation_time is a pseudo-operational proxy
2018-03-06T00:00:00+00:00,2018-03-05,windermere,south,water_temperature,2.0,month_2,2018-04-05,2018-05-04,8.543363772376543,degC,expanding_prior_year_window_climatology,1.0,True,10,9,2008|2009|2011|2012|2013|2014|2015|2016|2017,5178b77dd69f53c7f32f0690af332c747aa27ecb29247b45c0cc0713e2b2e2ee,1.564821982119418,observation_time_proxy,historical data_available_time is unknown; observation_time is a pseudo-operational proxy
2018-03-06T00:00:00+00:00,2018-03-05,windermere,south,water_temperature,2.0,month_3,2018-05-05,2018-06-03,12.423939454885057,degC,expanding_prior_year_window_climatology,1.0,True,10,10,2008|2009|2010|2011|2012|2013|2014|2015|2016|2017,6fe6e5a552a28b1f1a9ce4ee4387ffe256b5042153db86e6a5730e5f3eba3db2,1.2692769388577605,observation_time_proxy,historical data_available_time is unknown; observation_time is a pseudo-operational proxy
2018-03-13T00:00:00+00:00,2018-03-12,windermere,south,water_temperature,2.0,month_1,2018-03-13,2018-04-11,6.261098958055555,degC,expanding_prior_year_window_climatology,1.0,True,10,10,2008|2009|2010|2011|2012|2013|2014|2015|2016|2017,715b383ef1ee51de7d0d0cd9764dd957ebdcaffae60d40ec2ddf29f2609a3152,1.1315699290967176,observation_time_proxy,historical data_available_time is unknown; observation_time is a pseudo-operational proxy
2018-03-13T00:00:00+00:00,2018-03-12,windermere,south,water_temperature,2.0,month_2,2018-04-12,2018-05-11,9.338295178549382,degC,expanding_prior_year_window_climatology,1.0,True,10,9,2008|2009|2011|2012|2013|2014|2015|2016|2017,ccfba126ed3c5b7c6f666ada42cb81d30b36d006d64e9e18cf6cc3c1698d0788,1.5622078873784297,observation_time_proxy,historical data_available_time is unknown; observation_time is a pseudo-operational proxy
2018-03-13T00:00:00+00:00,2018-03-12,windermere,south,water_temperature,2.0,month_3,2018-05-12,2018-06-10,13.642642732533524,degC,expanding_prior_year_window_climatology,1.0,True,10,10,2008|2009|2010|2011|2012|2013|2014|2015|2016|2017,ca934c458bdc3bf78f87bf5d31d4f93f611aa1df4b3dd7b3946da7b48166f5a3,1.289532622445135,observation_time_proxy,historical data_available_time is unknown; observation_time is a pseudo-operational proxy
2018-03-20T00:00:00+00:00,2018-03-19,windermere,south,water_temperature,2.0,month_1,2018-03-20,2018-04-18,6.86008639125,degC,expanding_prior_year_window_climatology,1.0,True,10,10,2008|2009|2010|2011|2012|2013|2014|2015|2016|2017,2666aebc11a11074efbb6e5f9c4157430b1641b944e6fda12af3aafa73ca1e93,1.2227322807456953,observation_time_proxy,historical data_available_time is unknown; observation_time is a pseudo-operational proxy
2018-03-20T00:00:00+00:00,2018-03-19,windermere,south,water_temperature,2.0,month_2,2018-04-19,2018-05-18,10.194341635185186,degC,expanding_prior_year_window_climatology,1.0,True,10,9,2008|2009|2011|2012|2013|2014|2015|2016|2017,bf58db8e855f382a00c58c7ed91516e89bd5418f3081e2e03badf2bf2f574a7c,1.4881804414699187,observation_time_proxy,historical data_available_time is unknown; observation_time is a pseudo-operational proxy
2018-03-20T00:00:00+00:00,2018-03-19,windermere,south,water_temperature,2.0,month_3,2018-05-19,2018-06-17,14.723118243184866,degC,expanding_prior_year_window_climatology,1.0,True,10,10,2008|2009|2010|2011|2012|2013|2014|2015|2016|2017,c2853b15b66806aba8b53833084829217741384e92cb02ef5f8f750a55af5537,1.2706577800636563,observation_time_proxy,historical data_available_time is unknown; observation_time is a pseudo-operational proxy
2018-03-27T00:00:00+00:00,2018-03-26,windermere,south,water_temperature,2.0,month_1,2018-03-27,2018-04-25,7.65136644537037,degC,expanding_prior_year_window_climatology,1.0,True,10,9,2008|2009|2011|2012|2013|2014|2015|2016|2017,c829cba94be14fd4c9700b9fb8b19db3cb7131cbd249ceb47114bf33ea9d8347,1.4096661064589897,observation_time_proxy,historical data_available_time is unknown; observation_time is a pseudo-operational proxy
2018-03-27T00:00:00+00:00,2018-03-26,windermere,south,water_temperature,2.0,month_2,2018-04-26,2018-05-25,11.026993491666667,degC,expanding_prior_year_window_climatology,1.0,True,10,9,2008|2009|2011|2012|2013|2014|2015|2016|2017,a7f6b0fd1a76d2272c0c4cad8f26a8fc37d2510a4eb3cde8b44a0d54820146f0,1.3641092318913504,observation_time_proxy,historical data_available_time is unknown; observation_time is a pseudo-operational proxy
2018-03-27T00:00:00+00:00,2018-03-26,windermere,south,water_temperature,2.0,month_3,2018-05-26,2018-06-24,15.619478463381226,degC,expanding_prior_year_window_climatology,1.0,True,10,10,2008|2009|2010|2011|2012|2013|2014|2015|2016|2017,e09d3324da87f81f5440ab4a72b1737859c9a26d36f3b52213e57c42d2192e30,1.281845296448691,observation_time_proxy,historical data_available_time is unknown; observation_time is a pseudo-operational proxy
2018-04-03T00:00:00+00:00,2018-04-02,windermere,south,water_temperature,2.0,month_1,2018-04-03,2018-05-02,8.339926319135802,degC,expanding_prior_year_window_climatology,1.0,True,10,9,2008|2009|2011|2012|2013|2014|2015|2016|2017,e1e552fc35400ae72be7c68c398adfd1ee1b4fbeb6b5ae8ac1a76d4dd7f915c4,1.5182958270380873,observation_time_proxy,historical data_available_time is unknown; observation_time is a pseudo-operational proxy
2018-04-03T00:00:00+00:00,2018-04-02,windermere,south,water_temperature,2.0,month_2,2018-05-03,2018-06-01,12.08379691453544,degC,expanding_prior_year_window_climatology,1.0,True,10,10,2008|2009|2010|2011|2012|2013|2014|2015|2016|2017,72b7d2bbcc913ce869177689539645cc6a44c3c46a49fdb31a6786695cff141d,1.2538308346435092,observation_time_proxy,historical data_available_time is unknown; observation_time is a pseudo-operational proxy
2018-04-03T00:00:00+00:00,2018-04-02,windermere,south,water_temperature,2.0,month_3,2018-06-02,2018-07-01,16.29546620138889,degC,expanding_prior_year_window_climatology,1.0,True,10,10,2008|2009|2010|2011|2012|2013|2014|2015|2016|2017,da896ccfbfea30f5f78799cb82cc1af66612821b9d3ced7ac7dbc9d4a5f6e2cb,1.305746358198432,observation_time_proxy,historical data_available_time is unknown; observation_time is a pseudo-operational proxy
2018-04-10T00:00:00+00:00,2018-04-09,windermere,south,water_temperature,2.0,month_1,2018-04-10,2018-05-09,9.104811581790123,degC,expanding_prior_year_window_climatology,1.0,True,10,9,2008|2009|2011|2012|2013|2014|2015|2016|2017,2ed13ea03f3bb0c4d9e9c8f80e0d16f795d55cdafe39edb52bc2de7d0eb7abf2,1.5890885338239813,observation_time_proxy,historical data_available_time is unknown; observation_time is a pseudo-operational proxy
2018-04-10T00:00:00+00:00,2018-04-09,windermere,south,water_temperature,2.0,month_2,2018-05-10,2018-06-08,13.302849988204024,degC,expanding_prior_year_window_climatology,1.0,True,10,10,2008|2009|2010|2011|2012|2013|2014|2015|2016|2017,729638640ff3a180ad73778a9a833d6ec66a9e39c2cd33cfc96019af9c48ce9d,1.296901222204413,observation_time_proxy,historical data_available_time is unknown; observation_time is a pseudo-operational proxy
2018-04-10T00:00:00+00:00,2018-04-09,windermere,south,water_temperature,2.0,month_3,2018-06-09,2018-07-08,16.725505138768117,degC,expanding_prior_year_window_climatology,1.0,True,10,10,2008|2009|2010|2011|2012|2013|2014|2015|2016|2017,aa1066820c347f584059790d97a7accbb344c20bb0bcd70785d8069b05cbaf48,1.2678787392199167,observation_time_proxy,historical data_available_time is unknown; observation_time is a pseudo-operational proxy
2018-04-17T00:00:00+00:00,2018-04-16,windermere,south,water_temperature,2.0,month_1,2018-04-17,2018-05-16,9.952605903703704,degC,expanding_prior_year_window_climatology,1.0,True,10,9,2008|2009|2011|2012|2013|2014|2015|2016|2017,deab859ccc8cd8481e3d4d9f852849dc090d07432f95c1c09c96d7acb23856d2,1.5086671080741767,observation_time_proxy,historical data_available_time is unknown; observation_time is a pseudo-operational proxy
2018-04-17T00:00:00+00:00,2018-04-16,windermere,south,water_temperature,2.0,month_2,2018-05-17,2018-06-15,14.425370124995212,degC,expanding_prior_year_window_climatology,1.0,True,10,10,2008|2009|2010|2011|2012|2013|2014|2015|2016|2017,47b88248f2c40ddd5d43275f5f331b35d06cd234a9ee5ebe67a9450c674ad3f1,1.2724413318802272,observation_time_proxy,historical data_available_time is unknown; observation_time is a pseudo-operational proxy
2018-04-17T00:00:00+00:00,2018-04-16,windermere,south,water_temperature,2.0,month_3,2018-06-16,2018-07-15,17.184047011747914,degC,expanding_prior_year_window_climatology,1.0,True,10,10,2008|2009|2010|2011|2012|2013|2014|2015|2016|2017,9d491579244e496392e9d308fad8b946628ad9243785f63fcbcc66dc68c49596,1.3435790268601395,observation_time_proxy,historical data_available_time is unknown; observation_time is a pseudo-operational proxy
2018-04-24T00:00:00+00:00,2018-04-23,windermere,south,water_temperature,2.0,month_1,2018-04-24,2018-05-23,10.775705057561728,degC,expanding_prior_year_window_climatology,1.0,True,10,9,2008|2009|2011|2012|2013|2014|2015|2016|2017,ff30468f1f3718e7cb919ec840fabfa4652fa757e0526562b768c8e7f9fdaa69,1.4093957645474176,observation_time_proxy,historical data_available_time is unknown; observation_time is a pseudo-operational proxy
2018-04-24T00:00:00+00:00,2018-04-23,windermere,south,water_temperature,2.0,month_2,2018-05-24,2018-06-22,15.406880014286399,degC,expanding_prior_year_window_climatology,1.0,True,10,10,2008|2009|2010|2011|2012|2013|2014|2015|2016|2017,a839ee0dbf200ab177998485d4df7c1765685fbfeb6c3841130187a18b05e130,1.2938764085662244,observation_time_proxy,historical data_available_time is unknown; observation_time is a pseudo-operational proxy
2018-04-24T00:00:00+00:00,2018-04-23,windermere,south,water_temperature,2.0,month_3,2018-06-23,2018-07-22,17.574344011747915,degC,expanding_prior_year_window_climatology,1.0,True,10,10,2008|2009|2010|2011|2012|2013|2014|2015|2016|2017,4e5921d3709e301cb2874825c0b4e08630d7df2bfbb315d7e0c5d1fce226f47a,1.4025216940992098,observation_time_proxy,historical data_available_time is unknown; observation_time is a pseudo-operational proxy
2018-05-01T00:00:00+00:00,2018-04-30,windermere,south,water_temperature,2.0,month_1,2018-05-01,2018-05-30,11.780229592083334,degC,expanding_prior_year_window_climatology,1.0,True,10,10,2008|2009|2010|2011|2012|2013|2014|2015|2016|2017,aadf4a680363be9ddb98d2a4ff103ad5fcbf090fcf5d64bd875a994df170f3d0,1.2518825481076765,observation_time_proxy,historical data_available_time is unknown; observation_time is a pseudo-operational proxy
2018-05-01T00:00:00+00:00,2018-04-30,windermere,south,water_temperature,2.0,month_2,2018-05-31,2018-06-29,16.109814217385058,degC,expanding_prior_year_window_climatology,1.0,True,10,10,2008|2009|2010|2011|2012|2013|2014|2015|2016|2017,22f569996f5b338493cfcde1cb67714d7749002909b0f6309e3fe3238a083728,1.2905995886215949,observation_time_proxy,historical data_available_time is unknown; observation_time is a pseudo-operational proxy
2018-05-01T00:00:00+00:00,2018-04-30,windermere,south,water_temperature,2.0,month_3,2018-06-30,2018-07-29,18.004266475835216,degC,expanding_prior_year_window_climatology,1.0,True,10,10,2008|2009|2010|2011|2012|2013|2014|2015|2016|2017,0dc21fdac9991d2bab785047ff6ec3aa8633ac945e0280cb836e59d2b36fa9e2,1.4018627684812737,observation_time_proxy,historical data_available_time is unknown; observation_time is a pseudo-operational proxy
2018-05-08T00:00:00+00:00,2018-05-07,windermere,south,water_temperature,2.0,month_1,2018-05-08,2018-06-06,12.957412390229885,degC,expanding_prior_year_window_climatology,1.0,True,10,10,2008|2009|2010|2011|2012|2013|2014|2015|2016|2017,3933ffdaa82006a5f83af01c6fb299b948551d466ffdabbc859783f913659cc7,1.2887624160755116,observation_time_proxy,historical data_available_time is unknown; observation_time is a pseudo-operational proxy
2018-05-08T00:00:00+00:00,2018-05-07,windermere,south,water_temperature,2.0,month_2,2018-06-07,2018-07-06,16.621066276268117,degC,expanding_prior_year_window_climatology,1.0,True,10,10,2008|2009|2010|2011|2012|2013|2014|2015|2016|2017,2a9c981790171dbfa151091591bd7802d6977cf87dc2ac45e388293f87a0f2d9,1.2886629302641779,observation_time_proxy,historical data_available_time is unknown; observation_time is a pseudo-operational proxy
2018-05-08T00:00:00+00:00,2018-05-07,windermere,south,water_temperature,2.0,month_3,2018-07-07,2018-08-05,18.23188778676948,degC,expanding_prior_year_window_climatology,1.0,True,10,10,2008|2009|2010|2011|2012|2013|2014|2015|2016|2017,ffb131f887f688950180fcd7c3b550d8a0044ca6d76a88341a09a64f32a5e1ad,1.519158067921416,observation_time_proxy,historical data_available_time is unknown; observation_time is a pseudo-operational proxy
2018-05-15T00:00:00+00:00,2018-05-14,windermere,south,water_temperature,2.0,month_1,2018-05-15,2018-06-13,14.123951887112069,degC,expanding_prior_year_window_climatology,1.0,True,10,10,2008|2009|2010|2011|2012|2013|2014|2015|2016|2017,fa799d4312807847aa89b7d8a75274ea6ddfd3af517f0f77c838a33a966a95b6,1.2684316523811365,observation_time_proxy,historical data_available_time is unknown; observation_time is a pseudo-operational proxy
2018-05-15T00:00:00+00:00,2018-05-14,windermere,south,water_temperature,2.0,month_2,2018-06-14,2018-07-13,17.046996074247915,degC,expanding_prior_year_window_climatology,1.0,True,10,10,2008|2009|2010|2011|2012|2013|2014|2015|2016|2017,42e7826b8ded51d1d341d25b69cb739104fe6f131194c82e558e8f0f952e5db8,1.312711471549917,observation_time_proxy,historical data_available_time is unknown; observation_time is a pseudo-operational proxy
2018-05-15T00:00:00+00:00,2018-05-14,windermere,south,water_temperature,2.0,month_3,2018-07-14,2018-08-12,18.253684222718253,degC,expanding_prior_year_window_climatology,1.0,True,10,10,2008|2009|2010|2011|2012|2013|2014|2015|2016|2017,d58b5a5e489a45fa994cde015709f189676d611a6ae47c4a48e713561298d316,1.4385262978416726,observation_time_proxy,historical data_available_time is unknown; observation_time is a pseudo-operational proxy
2018-05-22T00:00:00+00:00,2018-05-21,windermere,south,water_temperature,2.0,month_1,2018-05-22,2018-06-20,15.152004043117817,degC,expanding_prior_year_window_climatology,1.0,True,10,10,2008|2009|2010|2011|2012|2013|2014|2015|2016|2017,840870ab99202f61186fc7876db9b8cc7669b766494e3543155463dd60445c7d,1.2809179985340162,observation_time_proxy,historical data_available_time is unknown; observation_time is a pseudo-operational proxy
2018-05-22T00:00:00+00:00,2018-05-21,windermere,south,water_temperature,2.0,month_2,2018-06-21,2018-07-20,17.47079275480347,degC,expanding_prior_year_window_climatology,1.0,True,10,10,2008|2009|2010|2011|2012|2013|2014|2015|2016|2017,51c70777ce614d4b807985134a8e3b331892377da181695db104225ec77191e1,1.3868684148936736,observation_time_proxy,historical data_available_time is unknown; observation_time is a pseudo-operational proxy
2018-05-22T00:00:00+00:00,2018-05-21,windermere,south,water_temperature,2.0,month_3,2018-07-21,2018-08-19,18.150240106150793,degC,expanding_prior_year_window_climatology,1.0,True,10,10,2008|2009|2010|2011|2012|2013|2014|2015|2016|2017,954566b854746310843f8e9950ea5714566751af5137d5ea4bf63a669ece2981,1.1442971123442847,observation_time_proxy,historical data_available_time is unknown; observation_time is a pseudo-operational proxy
2018-05-29T00:00:00+00:00,2018-05-28,windermere,south,water_temperature,2.0,month_1,2018-05-29,2018-06-27,15.918339521647509,degC,expanding_prior_year_window_climatology,1.0,True,10,10,2008|2009|2010|2011|2012|2013|2014|2015|2016|2017,4e39d66d2687d33a0266f0481370e7bee6006640c3a1bc0b03056f4e25bb0b80,1.2901183515688865,observation_time_proxy,historical data_available_time is unknown; observation_time is a pseudo-operational proxy
2018-05-29T00:00:00+00:00,2018-05-28,windermere,south,water_temperature,2.0,month_2,2018-06-28,2018-07-27,17.886159000253663,degC,expanding_prior_year_window_climatology,1.0,True,10,10,2008|2009|2010|2011|2012|2013|2014|2015|2016|2017,ac5078562f7ac77e20aa564d105d0ee192e1ef3057adbfb0906fc2ee62c3e5d6,1.4061979967192308,observation_time_proxy,historical data_available_time is unknown; observation_time is a pseudo-operational proxy
2018-05-29T00:00:00+00:00,2018-05-28,windermere,south,water_temperature,2.0,month_3,2018-07-28,2018-08-26,17.874680247448,degC,expanding_prior_year_window_climatology,1.0,True,10,10,2008|2009|2010|2011|2012|2013|2014|2015|2016|2017,352e2c47ab79db0d856d2c5a5f0cb521e6f4c0134866bb0fddddd91a55d89b80,0.737195101001118,observation_time_proxy,historical data_available_time is unknown; observation_time is a pseudo-operational proxy
2018-06-05T00:00:00+00:00,2018-06-04,windermere,south,water_temperature,2.0,month_1,2018-06-05,2018-07-04,16.507332070833332,degC,expanding_prior_year_window_climatology,1.0,True,10,10,2008|2009|2010|2011|2012|2013|2014|2015|2016|2017,97cced299b18f163464f6b63d1fe297430167df77fd18aa303f3b50dd756464c,1.3016766946918943,observation_time_proxy,historical data_available_time is unknown; observation_time is a pseudo-operational proxy
2018-06-05T00:00:00+00:00,2018-06-04,windermere,south,water_temperature,2.0,month_2,2018-07-05,2018-08-03,18.18342149230347,degC,expanding_prior_year_window_climatology,1.0,True,10,10,2008|2009|2010|2011|2012|2013|2014|2015|2016|2017,d5b3c18eb782151088ee26fcb9490555957ac91bf8c8c71a7eaa831c534b2622,1.480300813676708,observation_time_proxy,historical data_available_time is unknown; observation_time is a pseudo-operational proxy
2018-06-05T00:00:00+00:00,2018-06-04,windermere,south,water_temperature,2.0,month_3,2018-08-04,2018-09-02,17.56081988015873,degC,expanding_prior_year_window_climatology,1.0,True,10,10,2008|2009|2010|2011|2012|2013|2014|2015|2016|2017,78e6863efa042d48c7e28c86840092104da57096f6473fd977f1b7b6410a533b,0.5333833019335934,observation_time_proxy,historical data_available_time is unknown; observation_time is a pseudo-operational proxy
2018-06-12T00:00:00+00:00,2018-06-11,windermere,south,water_temperature,2.0,month_1,2018-06-12,2018-07-11,16.90885172210145,degC,expanding_prior_year_window_climatology,1.0,True,10,10,2008|2009|2010|2011|2012|2013|2014|2015|2016|2017,33f16aa9fe1a317f4a3962729b70f86019a9bf35f02aea54802d81798e8d6ea1,1.2836212057468888,observation_time_proxy,historical data_available_time is unknown; observation_time is a pseudo-operational proxy
2018-06-12T00:00:00+00:00,2018-06-11,windermere,south,water_temperature,2.0,month_2,2018-07-12,2018-08-10,18.278828370896463,degC,expanding_prior_year_window_climatology,1.0,True,10,10,2008|2009|2010|2011|2012|2013|2014|2015|2016|2017,38e53cc1665d0761d7ea02d1024c9e7b09fb7f02e8b18b0f5a0aa6728961df17,1.507814428136615,observation_time_proxy,historical data_available_time is unknown; observation_time is a pseudo-operational proxy
2018-06-12T00:00:00+00:00,2018-06-11,windermere,south,water_temperature,2.0,month_3,2018-08-11,2018-09-09,17.260610845833334,degC,expanding_prior_year_window_climatology,1.0,True,10,10,2008|2009|2010|2011|2012|2013|2014|2015|2016|2017,8de16b637d5deb9c6520a6292aa416daf762fcd26faca9b45b6e18df11f3ec39,0.5724631218015261,observation_time_proxy,historical data_available_time is unknown; observation_time is a pseudo-operational proxy
2018-06-19T00:00:00+00:00,2018-06-18,windermere,south,water_temperature,2.0,month_1,2018-06-19,2018-07-18,17.357605636747913,degC,expanding_prior_year_window_climatology,1.0,True,10,10,2008|2009|2010|2011|2012|2013|2014|2015|2016|2017,463462c59214d778d19b32945c1530ba1af841ec13c67cf365af5056fdaec3ac,1.3681750291940475,observation_time_proxy,historical data_available_time is unknown; observation_time is a pseudo-operational proxy
2018-06-19T00:00:00+00:00,2018-06-18,windermere,south,water_temperature,2.0,month_2,2018-07-19,2018-08-17,18.19686638452381,degC,expanding_prior_year_window_climatology,1.0,True,10,10,2008|2009|2010|2011|2012|2013|2014|2015|2016|2017,9e40319246f3022c4de30b02487cbfe14a85e1639a3501f7f2d3622def14bc08,1.2536882782173122,observation_time_proxy,historical data_available_time is unknown; observation_time is a pseudo-operational proxy
2018-06-19T00:00:00+00:00,2018-06-18,windermere,south,water_temperature,2.0,month_3,2018-08-18,2018-09-16,16.8993465625,degC,expanding_prior_year_window_climatology,1.0,True,10,10,2008|2009|2010|2011|2012|2013|2014|2015|2016|2017,3b9186b0562400c22add216c33f149ec32ec6b502216d25f40bfefaec313a6be,0.6397113626292326,observation_time_proxy,historical data_available_time is unknown; observation_time is a pseudo-operational proxy
2018-06-26T00:00:00+00:00,2018-06-25,windermere,south,water_temperature,2.0,month_1,2018-06-26,2018-07-25,17.75909211591458,degC,expanding_prior_year_window_climatology,1.0,True,10,10,2008|2009|2010|2011|2012|2013|2014|2015|2016|2017,f1665f512edc4a185bddc0b8171a441d649b527283eea7f118e28bc454012135,1.4106542644091704,observation_time_proxy,historical data_available_time is unknown; observation_time is a pseudo-operational proxy
2018-06-26T00:00:00+00:00,2018-06-25,windermere,south,water_temperature,2.0,month_2,2018-07-26,2018-08-24,17.967669858829364,degC,expanding_prior_year_window_climatology,1.0,True,10,10,2008|2009|2010|2011|2012|2013|2014|2015|2016|2017,71c5d0af2c39e92fbf76436ae2c14409f6857ebda690e5511904b146419c1701,0.8413854264198332,observation_time_proxy,historical data_available_time is unknown; observation_time is a pseudo-operational proxy
2018-06-26T00:00:00+00:00,2018-06-25,windermere,south,water_temperature,2.0,month_3,2018-08-25,2018-09-23,16.46815874861111,degC,expanding_prior_year_window_climatology,1.0,True,10,10,2008|2009|2010|2011|2012|2013|2014|2015|2016|2017,e4a0e3e9f0b44e5a5e3d59746c64e05fa9a5db72f862dc9db8e6552f79209a36,0.7368836572902424,observation_time_proxy,historical data_available_time is unknown; observation_time is a pseudo-operational proxy
2018-07-03T00:00:00+00:00,2018-07-02,windermere,south,water_temperature,2.0,month_1,2018-07-03,2018-08-01,18.12207220262093,degC,expanding_prior_year_window_climatology,1.0,True,10,10,2008|2009|2010|2011|2012|2013|2014|2015|2016|2017,924da434b1914ffe1d5098c51f120cb720f1d4dc92d244397b5f6c4ac93ed057,1.4295518178164155,observation_time_proxy,historical data_available_time is unknown; observation_time is a pseudo-operational proxy
2018-07-03T00:00:00+00:00,2018-07-02,windermere,south,water_temperature,2.0,month_2,2018-08-02,2018-08-31,17.645842670436508,degC,expanding_prior_year_window_climatology,1.0,True,10,10,2008|2009|2010|2011|2012|2013|2014|2015|2016|2017,68936519ea35c44487b9d25c348206b4def4ed40f748c594c3b4814875e6daaa,0.5824095761042161,observation_time_proxy,historical data_available_time is unknown; observation_time is a pseudo-operational proxy
2018-07-03T00:00:00+00:00,2018-07-02,windermere,south,water_temperature,2.0,month_3,2018-09-01,2018-09-30,15.953640577777778,degC,expanding_prior_year_window_climatology,1.0,True,10,10,2008|2009|2010|2011|2012|2013|2014|2015|2016|2017,feb70a9df0137ebc7ea3768da249216ae67cd3efbe6d50c9d547c60d52b6eb90,0.8158632485863525,observation_time_proxy,historical data_available_time is unknown; observation_time is a pseudo-operational proxy
2018-07-10T00:00:00+00:00,2018-07-09,windermere,south,water_temperature,2.0,month_1,2018-07-10,2018-08-08,18.28131537288059,degC,expanding_prior_year_window_climatology,1.0,True,10,10,2008|2009|2010|2011|2012|2013|2014|2015|2016|2017,09d92f16615f10edc49b8c221b7ff058ae99a20b81cc6f8f149bb24edff28d24,1.536585204056707,observation_time_proxy,historical data_available_time is unknown; observation_time is a pseudo-operational proxy
2018-07-10T00:00:00+00:00,2018-07-09,windermere,south,water_temperature,2.0,month_2,2018-08-09,2018-09-07,17.35206704722222,degC,expanding_prior_year_window_climatology,1.0,True,10,10,2008|2009|2010|2011|2012|2013|2014|2015|2016|2017,779d9a882710c58d522a3b630ee0a8333b853b0dc37d56ec0197b63b7a7c1041,0.5485211008551015,observation_time_proxy,historical data_available_time is unknown; observation_time is a pseudo-operational proxy
2018-07-10T00:00:00+00:00,2018-07-09,windermere,south,water_temperature,2.0,month_3,2018-09-08,2018-10-07,15.373563168055556,degC,expanding_prior_year_window_climatology,1.0,True,10,10,2008|2009|2010|2011|2012|2013|2014|2015|2016|2017,52058678069b2ff93a9e2b27c2ca83dbf8e180a7d46ad13128e7ee17f3d8b41e,0.8293782120105714,observation_time_proxy,historical data_available_time is unknown; observation_time is a pseudo-operational proxy
2018-07-17T00:00:00+00:00,2018-07-16,windermere,south,water_temperature,2.0,month_1,2018-07-17,2018-08-15,18.22103479126984,degC,expanding_prior_year_window_climatology,1.0,True,10,10,2008|2009|2010|2011|2012|2013|2014|2015|2016|2017,f7cc3d32cf78d68b72902e3bde9399a4f91973f64b23378725942201a3a1bb0b,1.3362100433028254,observation_time_proxy,historical data_available_time is unknown; observation_time is a pseudo-operational proxy
2018-07-17T00:00:00+00:00,2018-07-16,windermere,south,water_temperature,2.0,month_2,2018-08-16,2018-09-14,17.011770044444443,degC,expanding_prior_year_window_climatology,1.0,True,10,10,2008|2009|2010|2011|2012|2013|2014|2015|2016|2017,f1a9a623aa2867481a2e125787b8710a15c9955880aa3d6ae3f8f6620360b0bf,0.6262724720428332,observation_time_proxy,historical data_available_time is unknown; observation_time is a pseudo-operational proxy
2018-07-17T00:00:00+00:00,2018-07-16,windermere,south,water_temperature,2.0,month_3,2018-09-15,2018-10-14,14.7285762125,degC,expanding_prior_year_window_climatology,1.0,True,10,10,2008|2009|2010|2011|2012|2013|2014|2015|2016|2017,247cf8b6a20bfa5b8c29ac1c8bb62ce39f0a6435c72d46a92d070d3ba86cb012,0.8005099833144974,observation_time_proxy,historical data_available_time is unknown; observation_time is a pseudo-operational proxy
2018-07-24T00:00:00+00:00,2018-07-23,windermere,south,water_temperature,2.0,month_1,2018-07-24,2018-08-22,18.046525549305557,degC,expanding_prior_year_window_climatology,1.0,True,10,10,2008|2009|2010|2011|2012|2013|2014|2015|2016|2017,92283d946dd29fabf0b0110db7acc4ff69c9ea2f989c6de2235ad369f619a4fe,0.9635472209324218,observation_time_proxy,historical data_available_time is unknown; observation_time is a pseudo-operational proxy
2018-07-24T00:00:00+00:00,2018-07-23,windermere,south,water_temperature,2.0,month_2,2018-08-23,2018-09-21,16.60495919583333,degC,expanding_prior_year_window_climatology,1.0,True,10,10,2008|2009|2010|2011|2012|2013|2014|2015|2016|2017,a841c04b66b177e00a4483af2d9b5fbe09434fcb5c0321ee66878fded9a0643e,0.702743080018299,observation_time_proxy,historical data_available_time is unknown; observation_time is a pseudo-operational proxy
2018-07-24T00:00:00+00:00,2018-07-23,windermere,south,water_temperature,2.0,month_3,2018-09-22,2018-10-21,14.060129044444444,degC,expanding_prior_year_window_climatology,1.0,True,10,10,2008|2009|2010|2011|2012|2013|2014|2015|2016|2017,be240a513382e1e7a963b08cccbf8348f7d9439a620ef5f74255516265e57a29,0.7343816441630725,observation_time_proxy,historical data_available_time is unknown; observation_time is a pseudo-operational proxy
2018-07-31T00:00:00+00:00,2018-07-30,windermere,south,water_temperature,2.0,month_1,2018-07-31,2018-08-29,17.73042269126984,degC,expanding_prior_year_window_climatology,1.0,True,10,10,2008|2009|2010|2011|2012|2013|2014|2015|2016|2017,a0b59f3cac263608f6719fd870330477f80c3ab128d69307b8fe6edd7030da94,0.6377971303017058,observation_time_proxy,historical data_available_time is unknown; observation_time is a pseudo-operational proxy
2018-07-31T00:00:00+00:00,2018-07-30,windermere,south,water_temperature,2.0,month_2,2018-08-30,2018-09-28,16.098570225,degC,expanding_prior_year_window_climatology,1.0,True,10,10,2008|2009|2010|2011|2012|2013|2014|2015|2016|2017,3bda08defe0295f28eb4818af28f93efe00772ec1ede4069aee4558ff1dab314,0.7929876150026328,observation_time_proxy,historical data_available_time is unknown; observation_time is a pseudo-operational proxy
2018-07-31T00:00:00+00:00,2018-07-30,windermere,south,water_temperature,2.0,month_3,2018-09-29,2018-10-28,13.350720123611111,degC,expanding_prior_year_window_climatology,1.0,True,10,10,2008|2009|2010|2011|2012|2013|2014|2015|2016|2017,0c78457252414153ddd7ebe551656fed2de5a62b68a785bb6aa0b3a7cf0a9dd9,0.6979308625259204,observation_time_proxy,historical data_available_time is unknown; observation_time is a pseudo-operational proxy
2018-08-07T00:00:00+00:00,2018-08-06,windermere,south,water_temperature,2.0,month_1,2018-08-07,2018-09-05,17.44438269404762,degC,expanding_prior_year_window_climatology,1.0,True,10,10,2008|2009|2010|2011|2012|2013|2014|2015|2016|2017,25fed446c3b406059477dd4e6c3241c16550250bb17987309d90a0bfa446e028,0.5209123210115579,observation_time_proxy,historical data_available_time is unknown; observation_time is a pseudo-operational proxy
2018-08-07T00:00:00+00:00,2018-08-06,windermere,south,water_temperature,2.0,month_2,2018-09-06,2018-10-05,15.547285597222222,degC,expanding_prior_year_window_climatology,1.0,True,10,10,2008|2009|2010|2011|2012|2013|2014|2015|2016|2017,b978015cf1e89b8a5949c0fcc59ae32e3f960fc3e38c531e3224f67e39c1dfdf,0.8410511829325484,observation_time_proxy,historical data_available_time is unknown; observation_time is a pseudo-operational proxy
2018-08-07T00:00:00+00:00,2018-08-06,windermere,south,water_temperature,2.0,month_3,2018-10-06,2018-11-04,12.624638265187198,degC,expanding_prior_year_window_climatology,1.0,True,10,10,2008|2009|2010|2011|2012|2013|2014|2015|2016|2017,914ee5a61031ccebabfc4e0365343865f24b4cc95af4d8b82ddafcf36d3b9a8b,0.7221623575198293,observation_time_proxy,historical data_available_time is unknown; observation_time is a pseudo-operational proxy
2018-08-14T00:00:00+00:00,2018-08-13,windermere,south,water_temperature,2.0,month_1,2018-08-14,2018-09-12,17.117365030555554,degC,expanding_prior_year_window_climatology,1.0,True,10,10,2008|2009|2010|2011|2012|2013|2014|2015|2016|2017,879681f7432e7845ae59a58adfb5939e63bd9f844a22631df1f24aefbf2d5840,0.6083036195924232,observation_time_proxy,historical data_available_time is unknown; observation_time is a pseudo-operational proxy
2018-08-14T00:00:00+00:00,2018-08-13,windermere,south,water_temperature,2.0,month_2,2018-09-13,2018-10-12,14.91751900138889,degC,expanding_prior_year_window_climatology,1.0,True,10,10,2008|2009|2010|2011|2012|2013|2014|2015|2016|2017,51ba6b1d3e0b0c272f586f669e58aaae5c24891899d45becc9c47f9a7f06dff5,0.8091334783626103,observation_time_proxy,historical data_available_time is unknown; observation_time is a pseudo-operational proxy
2018-08-14T00:00:00+00:00,2018-08-13,windermere,south,water_temperature,2.0,month_3,2018-10-13,2018-11-11,11.895715450881642,degC,expanding_prior_year_window_climatology,1.0,True,10,10,2008|2009|2010|2011|2012|2013|2014|2015|2016|2017,d2944211096aaf6c84e9106afd87ae5cbebc01beaa2360ea5625bce4af3aac8e,0.7477823541580474,observation_time_proxy,historical data_available_time is unknown; observation_time is a pseudo-operational proxy
2018-08-21T00:00:00+00:00,2018-08-20,windermere,south,water_temperature,2.0,month_1,2018-08-21,2018-09-19,16.7225196,degC,expanding_prior_year_window_climatology,1.0,True,10,10,2008|2009|2010|2011|2012|2013|2014|2015|2016|2017,bff2e59178d82a309799671b8f300fc1efeb27f5ab695cfd83ebed2a3c719935,0.6642182721090111,observation_time_proxy,historical data_available_time is unknown; observation_time is a pseudo-operational proxy
2018-08-21T00:00:00+00:00,2018-08-20,windermere,south,water_temperature,2.0,month_2,2018-09-20,2018-10-19,14.255147652777778,degC,expanding_prior_year_window_climatology,1.0,True,10,10,2008|2009|2010|2011|2012|2013|2014|2015|2016|2017,31b042432996ea6d00dbe995267887ab06a6e0985e33797aa7c7714865d2b372,0.7541018600222955,observation_time_proxy,historical data_available_time is unknown; observation_time is a pseudo-operational proxy
2018-08-21T00:00:00+00:00,2018-08-20,windermere,south,water_temperature,2.0,month_3,2018-10-20,2018-11-18,11.175642782548309,degC,expanding_prior_year_window_climatology,1.0,True,10,10,2008|2009|2010|2011|2012|2013|2014|2015|2016|2017,4788ad53f1848ed69155263f9e9d27440c1e6e7f7a42d509248b1a3c1fd6c7ed,0.7779490399823008,observation_time_proxy,historical data_available_time is unknown; observation_time is a pseudo-operational proxy
2018-08-28T00:00:00+00:00,2018-08-27,windermere,south,water_temperature,2.0,month_1,2018-08-28,2018-09-26,16.24337950416667,degC,expanding_prior_year_window_climatology,1.0,True,10,10,2008|2009|2010|2011|2012|2013|2014|2015|2016|2017,53b3a85afd26550cfa710365064d5bdb0a130daca767ab7409fd5ef43eb2ae97,0.7726918503878716,observation_time_proxy,historical data_available_time is unknown; observation_time is a pseudo-operational proxy
2018-08-28T00:00:00+00:00,2018-08-27,windermere,south,water_temperature,2.0,month_2,2018-09-27,2018-10-26,13.557686579166667,degC,expanding_prior_year_window_climatology,1.0,True,10,10,2008|2009|2010|2011|2012|2013|2014|2015|2016|2017,c62e2f36bfe9b8c32e3f87eab39d713d84bfbd5b7cad009302c6036bf381fe2f,0.6974274205655162,observation_time_proxy,historical data_available_time is unknown; observation_time is a pseudo-operational proxy
2018-08-28T00:00:00+00:00,2018-08-27,windermere,south,water_temperature,2.0,month_3,2018-10-27,2018-11-25,10.495105691714976,degC,expanding_prior_year_window_climatology,1.0,True,10,10,2008|2009|2010|2011|2012|2013|2014|2015|2016|2017,4806172ea1f58634e474f82b5184045d210f91e5d2ac7c5e2499cc4fe4d797ab,0.8051383403146591,observation_time_proxy,historical data_available_time is unknown; observation_time is a pseudo-operational proxy
2018-09-04T00:00:00+00:00,2018-09-03,windermere,south,water_temperature,2.0,month_1,2018-09-04,2018-10-03,15.725159343055555,degC,expanding_prior_year_window_climatology,1.0,True,10,10,2008|2009|2010|2011|2012|2013|2014|2015|2016|2017,bf8ee80ef72652ff0f8cf39a8b722772d68ba757c82d0dd5e9d2ee78048cfae0,0.8390193418781732,observation_time_proxy,historical data_available_time is unknown; observation_time is a pseudo-operational proxy
2018-09-04T00:00:00+00:00,2018-09-03,windermere,south,water_temperature,2.0,month_2,2018-10-04,2018-11-02,12.826852571437199,degC,expanding_prior_year_window_climatology,1.0,True,10,10,2008|2009|2010|2011|2012|2013|2014|2015|2016|2017,6336b2abb9ab040338607bc1c398cd85173df9b4acb29166b6ad00ad1907f793,0.7104723944212447,observation_time_proxy,historical data_available_time is unknown; observation_time is a pseudo-operational proxy
2018-09-04T00:00:00+00:00,2018-09-03,windermere,south,water_temperature,2.0,month_3,2018-11-03,2018-12-02,9.79420645513889,degC,expanding_prior_year_window_climatology,1.0,True,10,10,2008|2009|2010|2011|2012|2013|2014|2015|2016|2017,8dd96fa66704d837e4c76903ea8fd50ac790e560f38523888b32f26f603bee9a,0.8171813474869042,observation_time_proxy,historical data_available_time is unknown; observation_time is a pseudo-operational proxy
2018-09-11T00:00:00+00:00,2018-09-10,windermere,south,water_temperature,2.0,month_1,2018-09-11,2018-10-10,15.104099111111111,degC,expanding_prior_year_window_climatology,1.0,True,10,10,2008|2009|2010|2011|2012|2013|2014|2015|2016|2017,1ca9514dd4347b5273164d49f5be98bc16d6a7a19646f3616a5a97e799b6431e,0.8141503761141031,observation_time_proxy,historical data_available_time is unknown; observation_time is a pseudo-operational proxy
2018-09-11T00:00:00+00:00,2018-09-10,windermere,south,water_temperature,2.0,month_2,2018-10-11,2018-11-09,12.105835365187199,degC,expanding_prior_year_window_climatology,1.0,True,10,10,2008|2009|2010|2011|2012|2013|2014|2015|2016|2017,5c311d7424965e7ba0b2e5e9f4fa1827deeb1ac1b9747cba8b2c30acdafaecfb,0.739212366247442,observation_time_proxy,historical data_available_time is unknown; observation_time is a pseudo-operational proxy
2018-09-11T00:00:00+00:00,2018-09-10,windermere,south,water_temperature,2.0,month_3,2018-11-10,2018-12-09,9.084797335513285,degC,expanding_prior_year_window_climatology,1.0,True,10,10,2008|2009|2010|2011|2012|2013|2014|2015|2016|2017,d9721e90eabdccc1f220145283988603dd318750fc95b918bdf1e3d4d78dc793,0.838890593697784,observation_time_proxy,historical data_available_time is unknown; observation_time is a pseudo-operational proxy
2018-09-18T00:00:00+00:00,2018-09-17,windermere,south,water_temperature,2.0,month_1,2018-09-18,2018-10-17,14.446916180555556,degC,expanding_prior_year_window_climatology,1.0,True,10,10,2008|2009|2010|2011|2012|2013|2014|2015|2016|2017,609bdb5b43c18199a1bd7cf3bbb67d512f64ca66b49de057934dd5f1827e1279,0.7725444345543013,observation_time_proxy,historical data_available_time is unknown; observation_time is a pseudo-operational proxy
2018-09-18T00:00:00+00:00,2018-09-17,windermere,south,water_temperature,2.0,month_2,2018-10-18,2018-11-16,11.376798894492754,degC,expanding_prior_year_window_climatology,1.0,True,10,10,2008|2009|2010|2011|2012|2013|2014|2015|2016|2017,5f090501b203fb74ed93bce250a02155256988553f54438d96f4c13e4791f5d2,0.7709188347741232,observation_time_proxy,historical data_available_time is unknown; observation_time is a pseudo-operational proxy
2018-09-18T00:00:00+00:00,2018-09-17,windermere,south,water_temperature,2.0,month_3,2018-11-17,2018-12-16,8.402878983013284,degC,expanding_prior_year_window_climatology,1.0,True,10,10,2008|2009|2010|2011|2012|2013|2014|2015|2016|2017,252ad8b310e7f0178c3b00f780c46f6cb17f910bd184c7c73a144b153b7f3c59,0.8340997500498413,observation_time_proxy,historical data_available_time is unknown; observation_time is a pseudo-operational proxy
2018-09-25T00:00:00+00:00,2018-09-24,windermere,south,water_temperature,2.0,month_1,2018-09-25,2018-10-24,13.758269909722223,degC,expanding_prior_year_window_climatology,1.0,True,10,10,2008|2009|2010|2011|2012|2013|2014|2015|2016|2017,cb190ce8b4cc2b010155ff320355309605d8bfeabfc2fb46b72c58c08145884a,0.7082931602686632,observation_time_proxy,historical data_available_time is unknown; observation_time is a pseudo-operational proxy
2018-09-25T00:00:00+00:00,2018-09-24,windermere,south,water_temperature,2.0,month_2,2018-10-25,2018-11-23,10.687837009631643,degC,expanding_prior_year_window_climatology,1.0,True,10,10,2008|2009|2010|2011|2012|2013|2014|2015|2016|2017,ad4743fe59ec117e1ba83aadd6627355d181d5cb42a78fa725fa67f985357c4d,0.7966090002680366,observation_time_proxy,historical data_available_time is unknown; observation_time is a pseudo-operational proxy
2018-09-25T00:00:00+00:00,2018-09-24,windermere,south,water_temperature,2.0,month_3,2018-11-24,2018-12-23,7.758384618291063,degC,expanding_prior_year_window_climatology,1.0,True,10,10,2008|2009|2010|2011|2012|2013|2014|2015|2016|2017,7d2ae9ff3d17249fdf5f9676b531d1e219ea348a095aca78bd4b67703c213521,0.8639165827578862,observation_time_proxy,historical data_available_time is unknown; observation_time is a pseudo-operational proxy
2018-10-02T00:00:00+00:00,2018-10-01,windermere,south,water_temperature,2.0,month_1,2018-10-02,2018-10-31,13.033201039492754,degC,expanding_prior_year_window_climatology,1.0,True,10,10,2008|2009|2010|2011|2012|2013|2014|2015|2016|2017,d4547eb5b893c36d14eeb3e246dd68c7c19203642d38a6144ec5843d29e6c86d,0.7014135571335561,observation_time_proxy,historical data_available_time is unknown; observation_time is a pseudo-operational proxy
2018-10-02T00:00:00+00:00,2018-10-01,windermere,south,water_temperature,2.0,month_2,2018-11-01,2018-11-30,10.000482946388889,degC,expanding_prior_year_window_climatology,1.0,True,10,10,2008|2009|2010|2011|2012|2013|2014|2015|2016|2017,baa1e74686fe956884c55f5750fda5fd33e585f843be8851eb9992dc7e74dd52,0.8169501825355083,observation_time_proxy,historical data_available_time is unknown; observation_time is a pseudo-operational proxy
2018-10-02T00:00:00+00:00,2018-10-01,windermere,south,water_temperature,2.0,month_3,2018-12-01,2018-12-30,7.200010248846619,degC,expanding_prior_year_window_climatology,1.0,True,10,10,2008|2009|2010|2011|2012|2013|2014|2015|2016|2017,fa5a154df75de59a946c675ac29e4fd49e50812e715e3560aefbb8585a97e8ef,0.9212351921448806,observation_time_proxy,historical data_available_time is unknown; observation_time is a pseudo-operational proxy
2018-10-09T00:00:00+00:00,2018-10-08,windermere,south,water_temperature,2.0,month_1,2018-10-09,2018-11-07,12.316127106576086,degC,expanding_prior_year_window_climatology,1.0,True,10,10,2008|2009|2010|2011|2012|2013|2014|2015|2016|2017,ba8d319099adcb374feb3a996fbf82004e7c33dfcf0fc2ffd39c4299eaf3d27d,0.7334884067037116,observation_time_proxy,historical data_available_time is unknown; observation_time is a pseudo-operational proxy
2018-10-09T00:00:00+00:00,2018-10-08,windermere,south,water_temperature,2.0,month_2,2018-11-08,2018-12-07,9.283010293429951,degC,expanding_prior_year_window_climatology,1.0,True,10,10,2008|2009|2010|2011|2012|2013|2014|2015|2016|2017,798990d8ae209fd46c837f78ad4540015e99ffb8427de98357b50e516d924c14,0.831141265906499,observation_time_proxy,historical data_available_time is unknown; observation_time is a pseudo-operational proxy
2018-10-09T00:00:00+00:00,2018-10-08,windermere,south,water_temperature,2.0,month_3,2018-12-08,2019-01-06,6.736699909520934,degC,expanding_prior_year_window_climatology,1.0,True,10,9,2008|2009|2010|2011|2012|2013|2014|2015|2016,c0c8a526339fe04e4029159035e383dbbdd506a38711540616166987293af66c,1.0268479050132413,observation_time_proxy,historical data_available_time is unknown; observation_time is a pseudo-operational proxy
2018-10-16T00:00:00+00:00,2018-10-15,windermere,south,water_temperature,2.0,month_1,2018-10-16,2018-11-14,11.581122291576087,degC,expanding_prior_year_window_climatology,1.0,True,10,10,2008|2009|2010|2011|2012|2013|2014|2015|2016|2017,1fa7bf0633a12d566704ddb9446a4dac249743febf45bd2d8ca8fffe858bcf8e,0.7639014741790293,observation_time_proxy,historical data_available_time is unknown; observation_time is a pseudo-operational proxy
2018-10-16T00:00:00+00:00,2018-10-15,windermere,south,water_temperature,2.0,month_2,2018-11-15,2018-12-14,8.59814537120773,degC,expanding_prior_year_window_climatology,1.0,True,10,10,2008|2009|2010|2011|2012|2013|2014|2015|2016|2017,441f0599ead19d5954e9d5aec69f8d0d6875da3cd659360340f53a041a93b7ae,0.8331751131173024,observation_time_proxy,historical data_available_time is unknown; observation_time is a pseudo-operational proxy
2018-10-16T00:00:00+00:00,2018-10-15,windermere,south,water_temperature,2.0,month_3,2018-12-15,2019-01-13,6.36108989331723,degC,expanding_prior_year_window_climatology,1.0,True,10,9,2008|2009|2010|2011|2012|2013|2014|2015|2016,34ac8ab8b7f86a789551de326ea46b795a67c24b6321db2a93d158ef82c28708,1.0800884721773947,observation_time_proxy,historical data_available_time is unknown; observation_time is a pseudo-operational proxy
2018-10-23T00:00:00+00:00,2018-10-22,windermere,south,water_temperature,2.0,month_1,2018-10-23,2018-11-21,10.87983001754831,degC,expanding_prior_year_window_climatology,1.0,True,10,10,2008|2009|2010|2011|2012|2013|2014|2015|2016|2017,c40078835fde5da59d90c00424af0aabdd5c751b22d99b439789792ab4e0b63e,0.7887304651042473,observation_time_proxy,historical data_available_time is unknown; observation_time is a pseudo-operational proxy
2018-10-23T00:00:00+00:00,2018-10-22,windermere,south,water_temperature,2.0,month_2,2018-11-22,2018-12-21,7.937312302179952,degC,expanding_prior_year_window_climatology,1.0,True,10,10,2008|2009|2010|2011|2012|2013|2014|2015|2016|2017,2c19185c31cbd54a596408f540d3efa77166d03526ebd09744da2daa22be3f2d,0.8487847732494118,observation_time_proxy,historical data_available_time is unknown; observation_time is a pseudo-operational proxy
2018-10-23T00:00:00+00:00,2018-10-22,windermere,south,water_temperature,2.0,month_3,2018-12-22,2019-01-20,6.035312264580457,degC,expanding_prior_year_window_climatology,1.0,True,10,9,2008|2009|2010|2011|2012|2013|2014|2015|2016,7835d296465097b40316ce35147799cd5f5e13182863601f2805d1e534b1b597,1.1042015012504178,observation_time_proxy,historical data_available_time is unknown; observation_time is a pseudo-operational proxy
2018-10-30T00:00:00+00:00,2018-10-29,windermere,south,water_temperature,2.0,month_1,2018-10-30,2018-11-28,10.20059658615942,degC,expanding_prior_year_window_climatology,1.0,True,10,10,2008|2009|2010|2011|2012|2013|2014|2015|2016|2017,a67388f88a86f963ea95e605fc672852a74f01a41033d02ff29e36b54b7685f1,0.81336309908263,observation_time_proxy,historical data_available_time is unknown; observation_time is a pseudo-operational proxy
2018-10-30T00:00:00+00:00,2018-10-29,windermere,south,water_temperature,2.0,month_2,2018-11-29,2018-12-28,7.349693236763285,degC,expanding_prior_year_window_climatology,1.0,True,10,10,2008|2009|2010|2011|2012|2013|2014|2015|2016|2017,441bdb31ba78b8d444ae36a8d49156af1f7246c63c948ab2c6729fe0896d69de,0.9050848598360475,observation_time_proxy,historical data_available_time is unknown; observation_time is a pseudo-operational proxy
2018-10-30T00:00:00+00:00,2018-10-29,windermere,south,water_temperature,2.0,month_3,2018-12-29,2019-01-27,5.719534016840158,degC,expanding_prior_year_window_climatology,1.0,True,10,9,2008|2009|2010|2011|2012|2013|2014|2015|2016,577d3732e83f1b1d42da2a8f83225e69d3ae3ca4f28161a2fe3b0491abfe6c43,1.0781475069331294,observation_time_proxy,historical data_available_time is unknown; observation_time is a pseudo-operational proxy
2018-11-06T00:00:00+00:00,2018-11-05,windermere,south,water_temperature,2.0,month_1,2018-11-06,2018-12-05,9.48432085870773,degC,expanding_prior_year_window_climatology,1.0,True,10,10,2008|2009|2010|2011|2012|2013|2014|2015|2016|2017,d3b7549fe6c396eb06938f6b197144f33d106342d767cabf4847b8d793e4c7a0,0.8231982687864638,observation_time_proxy,historical data_available_time is unknown; observation_time is a pseudo-operational proxy
2018-11-06T00:00:00+00:00,2018-11-05,windermere,south,water_temperature,2.0,month_2,2018-12-06,2019-01-04,6.858748509366613,degC,expanding_prior_year_window_climatology,1.0,True,10,9,2008|2009|2010|2011|2012|2013|2014|2015|2016,f9b6a7fc91e49d1ffae81687984ddfbd4b524490a40caa50a00a6629c592ad61,1.0133068197908421,observation_time_proxy,historical data_available_time is unknown; observation_time is a pseudo-operational proxy
2018-11-06T00:00:00+00:00,2018-11-05,windermere,south,water_temperature,2.0,month_3,2019-01-05,2019-02-03,5.447073980367064,degC,expanding_prior_year_window_climatology,1.0,True,10,10,2008|2009|2010|2011|2012|2013|2014|2015|2016|2017,d2a032ebaee2956f19e4bae5414d1752318678f6b9c85bf5175ce24a73017e67,0.9781536200261648,observation_time_proxy,historical data_available_time is unknown; observation_time is a pseudo-operational proxy
2018-11-13T00:00:00+00:00,2018-11-12,windermere,south,water_temperature,2.0,month_1,2018-11-13,2018-12-12,8.791323161485508,degC,expanding_prior_year_window_climatology,1.0,True,10,10,2008|2009|2010|2011|2012|2013|2014|2015|2016|2017,54c6f48138d3b37f3bf21c5dc9d085806677135c3f626d40283b423722d2f3ba,0.8368966935886794,observation_time_proxy,historical data_available_time is unknown; observation_time is a pseudo-operational proxy
2018-11-13T00:00:00+00:00,2018-11-12,windermere,south,water_temperature,2.0,month_2,2018-12-13,2019-01-11,6.4611832465579715,degC,expanding_prior_year_window_climatology,1.0,True,10,9,2008|2009|2010|2011|2012|2013|2014|2015|2016,5538d998594bbb4696f5594c42ea42ebbbfbfc7f4a5ff1731311d701bfe8c593,1.0625228355592382,observation_time_proxy,historical data_available_time is unknown; observation_time is a pseudo-operational proxy
2018-11-13T00:00:00+00:00,2018-11-12,windermere,south,water_temperature,2.0,month_3,2019-01-12,2019-02-10,5.223955370031487,degC,expanding_prior_year_window_climatology,1.0,True,10,10,2008|2009|2010|2011|2012|2013|2014|2015|2016|2017,5424c2e4c41b7c44465c9f187d3e896146eb49168a87a458116675d0e0869e8f,0.9026959217112022,observation_time_proxy,historical data_available_time is unknown; observation_time is a pseudo-operational proxy
2018-11-20T00:00:00+00:00,2018-11-19,windermere,south,water_temperature,2.0,month_1,2018-11-20,2018-12-19,8.120909451346618,degC,expanding_prior_year_window_climatology,1.0,True,10,10,2008|2009|2010|2011|2012|2013|2014|2015|2016|2017,2027a9debb1ab35a53183e5c6c1c96aec6eb7c28331c56db66141c6bd519ee56,0.8393519876823666,observation_time_proxy,historical data_available_time is unknown; observation_time is a pseudo-operational proxy
2018-11-20T00:00:00+00:00,2018-11-19,windermere,south,water_temperature,2.0,month_2,2018-12-20,2019-01-18,6.126529322175255,degC,expanding_prior_year_window_climatology,1.0,True,10,9,2008|2009|2010|2011|2012|2013|2014|2015|2016,5b802420ec87b3e3925f95b5d1867a521c9bcabd70262f8bea4ded42385b931e,1.1025997743626432,observation_time_proxy,historical data_available_time is unknown; observation_time is a pseudo-operational proxy
2018-11-20T00:00:00+00:00,2018-11-19,windermere,south,water_temperature,2.0,month_3,2019-01-19,2019-02-17,5.034985971648551,degC,expanding_prior_year_window_climatology,1.0,True,10,10,2008|2009|2010|2011|2012|2013|2014|2015|2016|2017,b274ac80069debd166928b82abe1515a287e5e402f8b2e2a106fcb1787808574,0.8405480889943042,observation_time_proxy,historical data_available_time is unknown; observation_time is a pseudo-operational proxy
2018-11-27T00:00:00+00:00,2018-11-26,windermere,south,water_temperature,2.0,month_1,2018-11-27,2018-12-26,7.505921890374396,degC,expanding_prior_year_window_climatology,1.0,True,10,10,2008|2009|2010|2011|2012|2013|2014|2015|2016|2017,edfe5d73619767519800e486311d84dac1d2d008f07c917d7faf94faddc5a5da,0.8858452631098936,observation_time_proxy,historical data_available_time is unknown; observation_time is a pseudo-operational proxy
2018-11-27T00:00:00+00:00,2018-11-26,windermere,south,water_temperature,2.0,month_2,2018-12-27,2019-01-25,5.805640250427019,degC,expanding_prior_year_window_climatology,1.0,True,10,9,2008|2009|2010|2011|2012|2013|2014|2015|2016,c336d7b979852fda78f0264719e8b16803f4b3af0cf800849d0e682c22174325,1.0904410779031501,observation_time_proxy,historical data_available_time is unknown; observation_time is a pseudo-operational proxy
2018-11-27T00:00:00+00:00,2018-11-26,windermere,south,water_temperature,2.0,month_3,2019-01-26,2019-02-24,4.899029352759662,degC,expanding_prior_year_window_climatology,1.0,True,10,10,2008|2009|2010|2011|2012|2013|2014|2015|2016|2017,3c4e384dcaa5ca61919ef1eb624ce16a56ff63c4bad22a1db369c3656bb0b31d,0.8044106915069998,observation_time_proxy,historical data_available_time is unknown; observation_time is a pseudo-operational proxy
2018-12-04T00:00:00+00:00,2018-12-03,windermere,south,water_temperature,2.0,month_1,2018-12-04,2019-01-02,6.995963090096619,degC,expanding_prior_year_window_climatology,1.0,True,10,10,2008|2009|2010|2011|2012|2013|2014|2015|2016|2017,b529f51180cb4d91b47ffc95343044f384ad04f508aa778ada2de1fa9f1867aa,0.9416538745897381,observation_time_proxy,historical data_available_time is unknown; observation_time is a pseudo-operational proxy
2018-12-04T00:00:00+00:00,2018-12-03,windermere,south,water_temperature,2.0,month_2,2019-01-03,2019-02-01,5.518587120486111,degC,expanding_prior_year_window_climatology,1.0,True,10,10,2008|2009|2010|2011|2012|2013|2014|2015|2016|2017,ecd557727c1ed98927bd24acc0e043b62cdb6705abbc37ccdcefa130dfa7682f,0.9939904134193583,observation_time_proxy,historical data_available_time is unknown; observation_time is a pseudo-operational proxy
2018-12-04T00:00:00+00:00,2018-12-03,windermere,south,water_temperature,2.0,month_3,2019-02-02,2019-03-03,4.838412587620773,degC,expanding_prior_year_window_climatology,1.0,True,10,10,2008|2009|2010|2011|2012|2013|2014|2015|2016|2017,351907c23258a05dbcd55f00188f2c4cf18179c2a5eb875d5f9f13f73f7ac905,0.7725789598202691,observation_time_proxy,historical data_available_time is unknown; observation_time is a pseudo-operational proxy
2018-12-11T00:00:00+00:00,2018-12-10,windermere,south,water_temperature,2.0,month_1,2018-12-11,2019-01-09,6.56816904486044,degC,expanding_prior_year_window_climatology,1.0,True,10,9,2008|2009|2010|2011|2012|2013|2014|2015|2016,dbb0fe60c06b80ccdb08b3c72b5a34b8b5d17316a4de36fd4c376d7ebc62fb73,1.0444028766799627,observation_time_proxy,historical data_available_time is unknown; observation_time is a pseudo-operational proxy
2018-12-11T00:00:00+00:00,2018-12-10,windermere,south,water_temperature,2.0,month_2,2019-01-10,2019-02-08,5.282025205089286,degC,expanding_prior_year_window_climatology,1.0,True,10,10,2008|2009|2010|2011|2012|2013|2014|2015|2016|2017,9e6c2c0a31dfd4b92b8f92879b2e941a4233061fa5ae3eec1514d8e7164206ee,0.9276469625232389,observation_time_proxy,historical data_available_time is unknown; observation_time is a pseudo-operational proxy
2018-12-11T00:00:00+00:00,2018-12-10,windermere,south,water_temperature,2.0,month_3,2019-02-09,2019-03-10,4.856594558176329,degC,expanding_prior_year_window_climatology,1.0,True,10,10,2008|2009|2010|2011|2012|2013|2014|2015|2016|2017,3c3b6c5901ca5d18307896ee68a1386c743b3489928fb7e77b797cff1a4468b5,0.7572153671834215,observation_time_proxy,historical data_available_time is unknown; observation_time is a pseudo-operational proxy
2018-12-18T00:00:00+00:00,2018-12-17,windermere,south,water_temperature,2.0,month_1,2018-12-18,2019-01-16,6.216389875261674,degC,expanding_prior_year_window_climatology,1.0,True,10,9,2008|2009|2010|2011|2012|2013|2014|2015|2016,46019a503c5d1e151860eba481b7afebeb93ea949c00b3be436cfb95d9ed0457,1.0992147680395359,observation_time_proxy,historical data_available_time is unknown; observation_time is a pseudo-operational proxy
2018-12-18T00:00:00+00:00,2018-12-17,windermere,south,water_temperature,2.0,month_2,2019-01-17,2019-02-15,5.080776005458074,degC,expanding_prior_year_window_climatology,1.0,True,10,10,2008|2009|2010|2011|2012|2013|2014|2015|2016|2017,c7859ef1aa293b2740218be7874a5b5242a6b87c1c2abdd1c8666facbdd5ae79,0.8567133021722478,observation_time_proxy,historical data_available_time is unknown; observation_time is a pseudo-operational proxy
2018-12-18T00:00:00+00:00,2018-12-17,windermere,south,water_temperature,2.0,month_3,2019-02-16,2019-03-17,4.970784791527778,degC,expanding_prior_year_window_climatology,1.0,True,10,10,2008|2009|2010|2011|2012|2013|2014|2015|2016|2017,495a51b1a08c6fe02581428768f46e1c78933addc85fbab997540315b8c67e4e,0.7724881635930365,observation_time_proxy,historical data_available_time is unknown; observation_time is a pseudo-operational proxy
2018-12-25T00:00:00+00:00,2018-12-24,windermere,south,water_temperature,2.0,month_1,2018-12-25,2019-01-23,5.894981731654973,degC,expanding_prior_year_window_climatology,1.0,True,10,9,2008|2009|2010|2011|2012|2013|2014|2015|2016,ed43a28685e581c3f57e6b4173206473ceebfd5841b1353f1c6f130474bcffe7,1.098685618903816,observation_time_proxy,historical data_available_time is unknown; observation_time is a pseudo-operational proxy
2018-12-25T00:00:00+00:00,2018-12-24,windermere,south,water_temperature,2.0,month_2,2019-01-24,2019-02-22,4.930728970259662,degC,expanding_prior_year_window_climatology,1.0,True,10,10,2008|2009|2010|2011|2012|2013|2014|2015|2016|2017,df0702573ed2fa7f67e1871260c3f9b2b2944cac37c46fdc24e73996bf8f14e5,0.8118807730213969,observation_time_proxy,historical data_available_time is unknown; observation_time is a pseudo-operational proxy
2018-12-25T00:00:00+00:00,2018-12-24,windermere,south,water_temperature,2.0,month_3,2019-02-23,2019-03-24,5.213277930416667,degC,expanding_prior_year_window_climatology,1.0,True,10,10,2008|2009|2010|2011|2012|2013|2014|2015|2016|2017,a963e421216dd2e9275a7a82ecf6e51c548e462259300ab322c0fe43ae28e73a,0.8064813543122309,observation_time_proxy,historical data_available_time is unknown; observation_time is a pseudo-operational proxy
