forecast_issue_time,forecast_state_date,lake_id,basin,variable,depth_m,target_name,target_window_start,target_window_end,predicted_mean_temperature,unit,model_identifier,model_version,is_valid_forecast,n_candidate_previous_years,n_valid_training_years,training_years,training_windows_sha256,historical_window_standard_deviation,availability_mode,availability_assumption,observed_mean_temperature,observed_valid_days,error,issue_month
2011-01-04T00:00:00+00:00,2011-01-03,windermere,south,water_temperature,2.0,month_1,2011-01-04,2011-02-02,4.784244548148148,degC,expanding_prior_year_window_climatology,1.0,True,3,3,2008|2009|2010,668fdeea83528974d4ebdc7100760a563cb4c34dcc29bde9716ba7cc1074d46c,0.6784160947287816,observation_time_proxy,historical data_available_time is unknown; observation_time is a pseudo-operational proxy,3.7949774430555556,30,0.9892671050925927,1
2011-01-04T00:00:00+00:00,2011-01-03,windermere,south,water_temperature,2.0,month_2,2011-02-03,2011-03-04,4.223522546296296,degC,expanding_prior_year_window_climatology,1.0,True,3,3,2008|2009|2010,e518166ace248503163521e96051d15cd113551573dc0d4836a67dae150d3c34,0.9000330172478088,observation_time_proxy,historical data_available_time is unknown; observation_time is a pseudo-operational proxy,4.512180451388889,30,-0.2886579050925926,1
2011-01-04T00:00:00+00:00,2011-01-03,windermere,south,water_temperature,2.0,month_3,2011-03-05,2011-04-03,5.0953,degC,expanding_prior_year_window_climatology,1.0,True,3,3,2008|2009|2010,9aaf1b6f752ca65ac01a61a58f7d895a8db16c092076b21cd28405f9c33d0b82,0.6031680868727877,observation_time_proxy,historical data_available_time is unknown; observation_time is a pseudo-operational proxy,5.835689869444445,30,-0.7403898694444448,1
2011-01-11T00:00:00+00:00,2011-01-10,windermere,south,water_temperature,2.0,month_1,2011-01-11,2011-02-09,4.596859490740741,degC,expanding_prior_year_window_climatology,1.0,True,3,3,2008|2009|2010,baba712e744d7ab4941b3604f019c6eecf5c4ebfc93ecacc715d97d11c0d061f,0.7888643493806718,observation_time_proxy,historical data_available_time is unknown; observation_time is a pseudo-operational proxy,3.8866466833333333,30,0.7102128074074074,1
2011-01-11T00:00:00+00:00,2011-01-10,windermere,south,water_temperature,2.0,month_2,2011-02-10,2011-03-11,4.241603148148148,degC,expanding_prior_year_window_climatology,1.0,True,3,3,2008|2009|2010,74d4024e77f6c73fc20cc88c19ea615facd146cee665dc6fbf6cc44ecf8b0ea5,0.8977134639889562,observation_time_proxy,historical data_available_time is unknown; observation_time is a pseudo-operational proxy,4.695138429166667,30,-0.45353528101851825,1
2011-01-11T00:00:00+00:00,2011-01-10,windermere,south,water_temperature,2.0,month_3,2011-03-12,2011-04-10,5.551173148148148,degC,expanding_prior_year_window_climatology,1.0,True,3,3,2008|2009|2010,d0f198be3b37de86536b708b4397b9baa205aead650536204c308c00427fc718,0.47987818896597206,observation_time_proxy,historical data_available_time is unknown; observation_time is a pseudo-operational proxy,6.5097756958333335,30,-0.9586025476851852,1
2011-01-18T00:00:00+00:00,2011-01-17,windermere,south,water_temperature,2.0,month_1,2011-01-18,2011-02-16,4.4685610185185185,degC,expanding_prior_year_window_climatology,1.0,True,3,3,2008|2009|2010,e3ff9bd35d58b47c2abaa2833f39f0feb00247a9ac0e74bb17496ddf8fb1e4aa,0.875452092009983,observation_time_proxy,historical data_available_time is unknown; observation_time is a pseudo-operational proxy,4.046015044444444,30,0.42254597407407424,1
2011-01-18T00:00:00+00:00,2011-01-17,windermere,south,water_temperature,2.0,month_2,2011-02-17,2011-03-18,4.375756064814815,degC,expanding_prior_year_window_climatology,1.0,True,3,3,2008|2009|2010,d4f03a437200add0933950fa13f466fff79b4781f29778ee8dcd0d9ad1e34215,0.8457046124570797,observation_time_proxy,historical data_available_time is unknown; observation_time is a pseudo-operational proxy,4.878072434722222,30,-0.5023163699074074,1
2011-01-18T00:00:00+00:00,2011-01-17,windermere,south,water_temperature,2.0,month_3,2011-03-19,2011-04-17,6.200062685185185,degC,expanding_prior_year_window_climatology,1.0,True,3,3,2008|2009|2010,118552c6f1339f0bcac4d1546bbda7750e9ff96647b04293b10694a46bbd1621,0.3389793211200594,observation_time_proxy,historical data_available_time is unknown; observation_time is a pseudo-operational proxy,7.591464966666667,30,-1.391402281481482,1
2011-01-25T00:00:00+00:00,2011-01-24,windermere,south,water_temperature,2.0,month_1,2011-01-25,2011-02-23,4.33534375,degC,expanding_prior_year_window_climatology,1.0,True,3,3,2008|2009|2010,2a0181c49a25ec7f922b57a4c384340bc75e23720df594b2a19553dda94ef671,0.9073777636828555,observation_time_proxy,historical data_available_time is unknown; observation_time is a pseudo-operational proxy,4.2132680958333335,30,0.12207565416666633,1
2011-01-25T00:00:00+00:00,2011-01-24,windermere,south,water_temperature,2.0,month_2,2011-02-24,2011-03-25,4.661362361111111,degC,expanding_prior_year_window_climatology,1.0,True,3,3,2008|2009|2010,3318644d506090f4d39e9bccb37bfec8e9312bfc38c604014d20f10f42af254e,0.7634142915902126,observation_time_proxy,historical data_available_time is unknown; observation_time is a pseudo-operational proxy,5.224427929166667,30,-0.5630655680555554,1
2011-02-01T00:00:00+00:00,2011-01-31,windermere,south,water_temperature,2.0,month_1,2011-02-01,2011-03-02,4.235452268518518,degC,expanding_prior_year_window_climatology,1.0,True,3,3,2008|2009|2010,564cac7d7fd35b41253ee843636bcd94c432e49dadf20d21f47a4606f7b6bcfe,0.9020633718958624,observation_time_proxy,historical data_available_time is unknown; observation_time is a pseudo-operational proxy,4.436145622222222,30,-0.2006933537037039,2
2011-02-01T00:00:00+00:00,2011-01-31,windermere,south,water_temperature,2.0,month_2,2011-03-03,2011-04-01,4.969578333333334,degC,expanding_prior_year_window_climatology,1.0,True,3,3,2008|2009|2010,eb0357aaa785ade313ec88b00f241c19e3752441c7c65f1137c9238cdbd88ddb,0.6243042045483469,observation_time_proxy,historical data_available_time is unknown; observation_time is a pseudo-operational proxy,5.7265061,30,-0.7569277666666663,2
2011-02-08T00:00:00+00:00,2011-02-07,windermere,south,water_temperature,2.0,month_1,2011-02-08,2011-03-09,4.2254,degC,expanding_prior_year_window_climatology,1.0,True,3,3,2008|2009|2010,989d09d994a5454bb3b17370a0e3dbcfaa866e634cfe11a9c01e62431c6043f1,0.9001502303900164,observation_time_proxy,historical data_available_time is unknown; observation_time is a pseudo-operational proxy,4.661042541666666,30,-0.4356425416666667,2
2011-02-08T00:00:00+00:00,2011-02-07,windermere,south,water_temperature,2.0,month_2,2011-03-10,2011-04-08,5.408607916666667,degC,expanding_prior_year_window_climatology,1.0,True,3,3,2008|2009|2010,b70e22b76f70b7b28576bf6b8426cefcb43d3e29307200fcbc0419aebc17c38d,0.5306974260973373,observation_time_proxy,historical data_available_time is unknown; observation_time is a pseudo-operational proxy,6.228624484722222,30,-0.8200165680555553,2
2011-02-15T00:00:00+00:00,2011-02-14,windermere,south,water_temperature,2.0,month_1,2011-02-15,2011-03-16,4.32269425925926,degC,expanding_prior_year_window_climatology,1.0,True,3,3,2008|2009|2010,f9ad2c26691c822f2d17d7ddd09eac0a261ac17e46d000d51ceba97be740d591,0.8639367543939731,observation_time_proxy,historical data_available_time is unknown; observation_time is a pseudo-operational proxy,4.807925629166666,30,-0.4852313699074067,2
2011-02-15T00:00:00+00:00,2011-02-14,windermere,south,water_temperature,2.0,month_2,2011-03-17,2011-04-15,6.012064027777778,degC,expanding_prior_year_window_climatology,1.0,True,3,3,2008|2009|2010,b55cc65b684229a246912aec11725a12e1be863bd7253af96efce05fb3ed333e,0.3635828283957368,observation_time_proxy,historical data_available_time is unknown; observation_time is a pseudo-operational proxy,7.270459294444445,30,-1.2583952666666667,2
2011-02-22T00:00:00+00:00,2011-02-21,windermere,south,water_temperature,2.0,month_1,2011-02-22,2011-03-23,4.582329722222222,degC,expanding_prior_year_window_climatology,1.0,True,3,3,2008|2009|2010,c1704b61238ba9721cb7f7ac61ab62114cd79de8221184ee30569d88e176d1dc,0.7901362679766376,observation_time_proxy,historical data_available_time is unknown; observation_time is a pseudo-operational proxy,5.0669552569444445,30,-0.48462553472222236,2
2011-02-22T00:00:00+00:00,2011-02-21,windermere,south,water_temperature,2.0,month_2,2011-03-24,2011-04-22,6.621820379088504,degC,expanding_prior_year_window_climatology,1.0,True,3,3,2008|2009|2010,64a6cc3fb3c2ffc1b8c6255c09b636ecf0bf896a09b07c7487cfbdb661181125,0.45203227372892624,observation_time_proxy,historical data_available_time is unknown; observation_time is a pseudo-operational proxy,8.650675997222223,30,-2.0288556181337185,2
2011-03-01T00:00:00+00:00,2011-02-28,windermere,south,water_temperature,2.0,month_1,2011-03-01,2011-03-30,4.876382777777778,degC,expanding_prior_year_window_climatology,1.0,True,3,3,2008|2009|2010,75f07807afcbb9cf2f92e6bf95012158d92a03a5eb5b583bb2a8a8ebdf1d5b11,0.6628518750326196,observation_time_proxy,historical data_available_time is unknown; observation_time is a pseudo-operational proxy,5.640675325,30,-0.7642925472222224,3
2011-03-01T00:00:00+00:00,2011-02-28,windermere,south,water_temperature,2.0,month_3,2011-04-30,2011-05-29,11.706534505587484,degC,expanding_prior_year_window_climatology,1.0,True,3,3,2008|2009|2010,fd92f33c5f62b070822bef3fb0379bd630d4c431c1a77ef6ecdf8b92c76c6333,1.1669397150804928,observation_time_proxy,historical data_available_time is unknown; observation_time is a pseudo-operational proxy,13.059674305555555,30,-1.353139799968071,3
2011-03-08T00:00:00+00:00,2011-03-07,windermere,south,water_temperature,2.0,month_1,2011-03-08,2011-04-06,5.287160462962963,degC,expanding_prior_year_window_climatology,1.0,True,3,3,2008|2009|2010,cf84bae0cf7672a9f6a04b91dc8afb278112403d1a714c3251ab290d2211bbc5,0.5776411787644182,observation_time_proxy,historical data_available_time is unknown; observation_time is a pseudo-operational proxy,6.019169834722223,30,-0.7320093717592595,3
2011-03-08T00:00:00+00:00,2011-03-07,windermere,south,water_temperature,2.0,month_3,2011-05-07,2011-06-05,12.99277637037037,degC,expanding_prior_year_window_climatology,1.0,True,3,3,2008|2009|2010,c17637b1bca719f3b39d0765afbeda1d83789d8fc4b05b65ae51d47c62f79aa0,1.1034001888733678,observation_time_proxy,historical data_available_time is unknown; observation_time is a pseudo-operational proxy,13.155024194444444,30,-0.16224782407407368,3
2011-03-15T00:00:00+00:00,2011-03-14,windermere,south,water_temperature,2.0,month_1,2011-03-15,2011-04-13,5.823234814814815,degC,expanding_prior_year_window_climatology,1.0,True,3,3,2008|2009|2010,aa364888c3164cde241c8132aec4b1fd82470b63b3044ef2427177872be5f3c8,0.3880286763250689,observation_time_proxy,historical data_available_time is unknown; observation_time is a pseudo-operational proxy,6.963984215277778,30,-1.1407494004629628,3
2011-03-15T00:00:00+00:00,2011-03-14,windermere,south,water_temperature,2.0,month_3,2011-05-14,2011-06-12,14.176036351851852,degC,expanding_prior_year_window_climatology,1.0,True,3,3,2008|2009|2010,60017eee21f0eb3c9f5f4a4a0c3980a8c7d59690f690470c8cbc04bdf6d65b3d,1.0079457713320963,observation_time_proxy,historical data_available_time is unknown; observation_time is a pseudo-operational proxy,13.553340680555555,30,0.622695671296297,3
2011-03-22T00:00:00+00:00,2011-03-21,windermere,south,water_temperature,2.0,month_1,2011-03-22,2011-04-20,6.478096023569024,degC,expanding_prior_year_window_climatology,1.0,True,3,3,2008|2009|2010,5c7e273b295c349a85016c134c45ca799107985d14c002dca3c4fcc069b1165e,0.38718862826745987,observation_time_proxy,historical data_available_time is unknown; observation_time is a pseudo-operational proxy,8.177157848611111,30,-1.6990618250420875,3
2011-03-22T00:00:00+00:00,2011-03-21,windermere,south,water_temperature,2.0,month_3,2011-05-21,2011-06-19,15.161346430555556,degC,expanding_prior_year_window_climatology,1.0,True,3,3,2008|2009|2010,4aeddabd9034fbf40a69aff5df6c973d1dd252541536ff169de3139f40594344,0.8939751556301869,observation_time_proxy,historical data_available_time is unknown; observation_time is a pseudo-operational proxy,14.17342801388889,30,0.9879184166666661,3
2011-03-29T00:00:00+00:00,2011-03-28,windermere,south,water_temperature,2.0,month_2,2011-04-28,2011-05-27,11.46555237191358,degC,expanding_prior_year_window_climatology,1.0,True,3,3,2008|2009|2010,6031e93f076d0d944456468385e45b86d89ef38b61de6971c882f51864faf18c,1.10486452115367,observation_time_proxy,historical data_available_time is unknown; observation_time is a pseudo-operational proxy,13.12199888888889,30,-1.6564465169753095,3
2011-03-29T00:00:00+00:00,2011-03-28,windermere,south,water_temperature,2.0,month_3,2011-05-28,2011-06-26,15.807706111111111,degC,expanding_prior_year_window_climatology,1.0,True,3,3,2008|2009|2010,f89ad505c49d13d04e8e8119c357685da9d6eca61dd2bc35487c7a660cb71cea,0.8151719792273039,observation_time_proxy,historical data_available_time is unknown; observation_time is a pseudo-operational proxy,14.983581875,30,0.8241242361111105,3
2011-04-05T00:00:00+00:00,2011-04-04,windermere,south,water_temperature,2.0,month_2,2011-05-05,2011-06-03,12.587841314814815,degC,expanding_prior_year_window_climatology,1.0,True,3,3,2008|2009|2010,36509669ad259c6b5fddb8a10e2868f37c259878b3bc87cff6b294f3b4cdd880,1.1574047767759028,observation_time_proxy,historical data_available_time is unknown; observation_time is a pseudo-operational proxy,13.063755458333333,30,-0.47591414351851746,4
2011-04-05T00:00:00+00:00,2011-04-04,windermere,south,water_temperature,2.0,month_3,2011-06-04,2011-07-03,16.599369041666666,degC,expanding_prior_year_window_climatology,1.0,True,3,3,2008|2009|2010,5762abbc5671318aaab8defa4afb0321f8f64c5ffc385010563af7f16b0a0233,1.2358437544061904,observation_time_proxy,historical data_available_time is unknown; observation_time is a pseudo-operational proxy,16.031894402777777,30,0.5674746388888892,4
2011-04-12T00:00:00+00:00,2011-04-11,windermere,south,water_temperature,2.0,month_2,2011-05-12,2011-06-10,13.870324587962964,degC,expanding_prior_year_window_climatology,1.0,True,3,3,2008|2009|2010,3f186163a5de98d09add57c023dd83e2add404d2d8b17d2ea469be9f0402b25f,1.0523646240694182,observation_time_proxy,historical data_available_time is unknown; observation_time is a pseudo-operational proxy,13.414000527777779,30,0.45632406018518523,4
2011-04-12T00:00:00+00:00,2011-04-11,windermere,south,water_temperature,2.0,month_3,2011-06-11,2011-07-10,17.059016074074073,degC,expanding_prior_year_window_climatology,1.0,True,3,3,2008|2009|2010,387608a105b0ce72e50b9ab152b67be1200172732e03dace51962d88aa548eb0,1.623645259086237,observation_time_proxy,historical data_available_time is unknown; observation_time is a pseudo-operational proxy,16.855516680555557,30,0.2034993935185163,4
2011-04-19T00:00:00+00:00,2011-04-18,windermere,south,water_temperature,2.0,month_2,2011-05-19,2011-06-17,14.918230615740741,degC,expanding_prior_year_window_climatology,1.0,True,3,3,2008|2009|2010,c245ff69afd77e936f6099affd7e669e6b10858a4a9b21d0a3d87904e342486d,0.8797749936130141,observation_time_proxy,historical data_available_time is unknown; observation_time is a pseudo-operational proxy,13.992302097222222,30,0.9259285185185195,4
2011-04-19T00:00:00+00:00,2011-04-18,windermere,south,water_temperature,2.0,month_3,2011-06-18,2011-07-17,17.35377025925926,degC,expanding_prior_year_window_climatology,1.0,True,3,3,2008|2009|2010,021a97b59ed7a4ef85fa71787640bbcff85f60643eff137b8711a11f2129fa88,1.99836428766775,observation_time_proxy,historical data_available_time is unknown; observation_time is a pseudo-operational proxy,17.694289541666667,30,-0.34051928240740637,4
2011-04-26T00:00:00+00:00,2011-04-25,windermere,south,water_temperature,2.0,month_2,2011-05-26,2011-06-24,15.607037944444444,degC,expanding_prior_year_window_climatology,1.0,True,3,3,2008|2009|2010,a16d5e35a6dc046496b5c22aad484829c1611f75b6c82f14efc36b56f1f7bad7,0.836453676264729,observation_time_proxy,historical data_available_time is unknown; observation_time is a pseudo-operational proxy,14.764723958333335,30,0.84231398611111,4
2011-04-26T00:00:00+00:00,2011-04-25,windermere,south,water_temperature,2.0,month_3,2011-06-25,2011-07-24,17.533731796296294,degC,expanding_prior_year_window_climatology,1.0,True,3,3,2008|2009|2010,a540b9370ccf80a20b43acc2c26891b0e77611370bc2762061b08922b1a2772d,1.906999548274919,observation_time_proxy,historical data_available_time is unknown; observation_time is a pseudo-operational proxy,18.249917236111113,30,-0.7161854398148186,4
2011-05-03T00:00:00+00:00,2011-05-02,windermere,south,water_temperature,2.0,month_1,2011-05-03,2011-06-01,12.194101786574073,degC,expanding_prior_year_window_climatology,1.0,True,3,3,2008|2009|2010,59792420173a55f67dbcd186cf05ef2fef5cdce05f45d0662a909b4d36dfc0c4,1.1886091308268736,observation_time_proxy,historical data_available_time is unknown; observation_time is a pseudo-operational proxy,13.028207708333333,30,-0.8341059217592601,5
2011-05-03T00:00:00+00:00,2011-05-02,windermere,south,water_temperature,2.0,month_2,2011-06-02,2011-07-01,16.403306949074075,degC,expanding_prior_year_window_climatology,1.0,True,3,3,2008|2009|2010,fcdacfdaff0a8b55511be1bcdc3b2d55adeb69b653ada438fc1e1ad65333a7ea,1.109517405986625,observation_time_proxy,historical data_available_time is unknown; observation_time is a pseudo-operational proxy,15.762501930555556,30,0.6408050185185186,5
2011-05-03T00:00:00+00:00,2011-05-02,windermere,south,water_temperature,2.0,month_3,2011-07-02,2011-07-31,17.577466092592594,degC,expanding_prior_year_window_climatology,1.0,True,3,3,2008|2009|2010,dafcb444329a6731b466b3c4747dfcdaa753eab5e652e0a9e02a571ebe0f748b,1.0695730666102443,observation_time_proxy,historical data_available_time is unknown; observation_time is a pseudo-operational proxy,18.81367923611111,30,-1.2362131435185155,5
2011-05-10T00:00:00+00:00,2011-05-09,windermere,south,water_temperature,2.0,month_1,2011-05-10,2011-06-08,13.544356699074074,degC,expanding_prior_year_window_climatology,1.0,True,3,3,2008|2009|2010,8413cad724836edc214c6783a0b481f53f2e5beda96961dd3fa48c1529ffabe8,1.0693134705371132,observation_time_proxy,historical data_available_time is unknown; observation_time is a pseudo-operational proxy,13.291411805555555,30,0.252944893518519,5
2011-05-10T00:00:00+00:00,2011-05-09,windermere,south,water_temperature,2.0,month_2,2011-06-09,2011-07-08,16.933232921296295,degC,expanding_prior_year_window_climatology,1.0,True,3,3,2008|2009|2010,98d1fc5b0e9a610af10c3605657e2dffa0f9cd37cfc64b2470302e7b50b3c321,1.4574667079057277,observation_time_proxy,historical data_available_time is unknown; observation_time is a pseudo-operational proxy,16.611749208333332,30,0.3214837129629622,5
2011-05-10T00:00:00+00:00,2011-05-09,windermere,south,water_temperature,2.0,month_3,2011-07-09,2011-08-07,17.416930037037037,degC,expanding_prior_year_window_climatology,1.0,True,3,3,2008|2009|2010,e61f53d9e333ad07d580ec0187a437ac721138f4ef6d73ec246bc2d9972998c6,0.29659324912938406,observation_time_proxy,historical data_available_time is unknown; observation_time is a pseudo-operational proxy,19.100644458333335,30,-1.6837144212962976,5
2011-05-17T00:00:00+00:00,2011-05-16,windermere,south,water_temperature,2.0,month_1,2011-05-17,2011-06-15,14.614869782407407,degC,expanding_prior_year_window_climatology,1.0,True,3,3,2008|2009|2010,d3e41aed8bb2a8962b9a5c7e643d24dce64d6544c73b322d5b6ac7153e76ea47,0.9262526222462989,observation_time_proxy,historical data_available_time is unknown; observation_time is a pseudo-operational proxy,13.806617791666667,30,0.8082519907407395,5
2011-05-17T00:00:00+00:00,2011-05-16,windermere,south,water_temperature,2.0,month_2,2011-06-16,2011-07-15,17.30628749074074,degC,expanding_prior_year_window_climatology,1.0,True,3,3,2008|2009|2010,b3061ae4535c4f9e56340be9c097f101b8d2f6d85bd4a16cf6a783c1ce7d7667,1.9495069901393434,observation_time_proxy,historical data_available_time is unknown; observation_time is a pseudo-operational proxy,17.495563375,30,-0.1892758842592599,5
2011-05-17T00:00:00+00:00,2011-05-16,windermere,south,water_temperature,2.0,month_3,2011-07-16,2011-08-14,17.375697805555557,degC,expanding_prior_year_window_climatology,1.0,True,3,3,2008|2009|2010,885a37d65beb2776036c95235f95abb8ee4e50a6f5910fe477bc43628ffaa6e8,0.06774820307069272,observation_time_proxy,historical data_available_time is unknown; observation_time is a pseudo-operational proxy,18.990277930555557,30,-1.6145801249999998,5
2011-05-24T00:00:00+00:00,2011-05-23,windermere,south,water_temperature,2.0,month_1,2011-05-24,2011-06-22,15.449786773148148,degC,expanding_prior_year_window_climatology,1.0,True,3,3,2008|2009|2010,b95cdb3e2b750e04c9ebaf7ce5d83b277437c144231d28258203371e9278dcb5,0.909489417713168,observation_time_proxy,historical data_available_time is unknown; observation_time is a pseudo-operational proxy,14.519001402777779,30,0.9307853703703692,5
2011-05-24T00:00:00+00:00,2011-05-23,windermere,south,water_temperature,2.0,month_2,2011-06-23,2011-07-22,17.496908273148147,degC,expanding_prior_year_window_climatology,1.0,True,3,3,2008|2009|2010,71a7f875ee25f3b3a186a3bf2c3207991efe3c61c36db5106ae5763c05822fba,1.9955788762426356,observation_time_proxy,historical data_available_time is unknown; observation_time is a pseudo-operational proxy,18.094568652777777,30,-0.5976603796296303,5
2011-05-24T00:00:00+00:00,2011-05-23,windermere,south,water_temperature,2.0,month_3,2011-07-23,2011-08-21,17.425659180555556,degC,expanding_prior_year_window_climatology,1.0,True,3,3,2008|2009|2010,0251cab1eb0d45030fbd6fad1ec291364dafc3b796df4a11c083d8f44edc6338,0.3150506601210054,observation_time_proxy,historical data_available_time is unknown; observation_time is a pseudo-operational proxy,18.826960916666668,30,-1.4013017361111118,5
2011-05-31T00:00:00+00:00,2011-05-30,windermere,south,water_temperature,2.0,month_1,2011-05-31,2011-06-29,16.173912375,degC,expanding_prior_year_window_climatology,1.0,True,3,3,2008|2009|2010,26fb5ccb2065ecb7a3f8a0c1ed2e3fd67e2e59102cce12cc6f793fb64c1dbb0f,0.9460899187821044,observation_time_proxy,historical data_available_time is unknown; observation_time is a pseudo-operational proxy,15.457947027777777,30,0.7159653472222232,5
2011-05-31T00:00:00+00:00,2011-05-30,windermere,south,water_temperature,2.0,month_2,2011-06-30,2011-07-29,17.613673504629627,degC,expanding_prior_year_window_climatology,1.0,True,3,3,2008|2009|2010,9ffee57ee2c73b1620ac69817b4f6e01cbb468950a6f0e3ab2106eee3bc894e8,1.351948534625942,observation_time_proxy,historical data_available_time is unknown; observation_time is a pseudo-operational proxy,18.671866319444444,30,-1.0581928148148165,5
2011-05-31T00:00:00+00:00,2011-05-30,windermere,south,water_temperature,2.0,month_3,2011-07-30,2011-08-28,17.287383439814814,degC,expanding_prior_year_window_climatology,1.0,True,3,3,2008|2009|2010,f663aa49907c01e7c2c68773d47992755356bd5f1185ad8cfc2086b57afad31a,0.33744525734790404,observation_time_proxy,historical data_available_time is unknown; observation_time is a pseudo-operational proxy,18.43819977777778,30,-1.150816337962965,5
2011-06-07T00:00:00+00:00,2011-06-06,windermere,south,water_temperature,2.0,month_1,2011-06-07,2011-07-06,16.804002328703703,degC,expanding_prior_year_window_climatology,1.0,True,3,3,2008|2009|2010,b96d5ef072767ce943a62f089a911666c2b5f4e8095cc49edae4d888fd1ded46,1.3573687546155062,observation_time_proxy,historical data_available_time is unknown; observation_time is a pseudo-operational proxy,16.400261333333333,30,0.4037409953703701,6
2011-06-07T00:00:00+00:00,2011-06-06,windermere,south,water_temperature,2.0,month_2,2011-07-07,2011-08-05,17.43457287962963,degC,expanding_prior_year_window_climatology,1.0,True,3,3,2008|2009|2010,8e1f93d6d45f20edf978db6ff700ed30513e709fe39f89afad84b7f4d1a2aad6,0.47994115420525085,observation_time_proxy,historical data_available_time is unknown; observation_time is a pseudo-operational proxy,19.02298809722222,30,-1.5884152175925905,6
2011-06-07T00:00:00+00:00,2011-06-06,windermere,south,water_temperature,2.0,month_3,2011-08-06,2011-09-04,17.040241421296297,degC,expanding_prior_year_window_climatology,1.0,True,3,3,2008|2009|2010,dd1768ff173193dc022645f6f507bfcdb195681d4418c1a197ddd0219612649c,0.4755969027843106,observation_time_proxy,historical data_available_time is unknown; observation_time is a pseudo-operational proxy,17.77188190277778,30,-0.731640481481481,6
2011-06-14T00:00:00+00:00,2011-06-13,windermere,south,water_temperature,2.0,month_1,2011-06-14,2011-07-13,17.208895125,degC,expanding_prior_year_window_climatology,1.0,True,3,3,2008|2009|2010,54bd46f62711ad80b66adefcc8944ccd8e4e361d3e25cc843476fe55a35df8de,1.8395665610867997,observation_time_proxy,historical data_available_time is unknown; observation_time is a pseudo-operational proxy,17.23906448611111,30,-0.030169361111109794,6
2011-06-14T00:00:00+00:00,2011-06-13,windermere,south,water_temperature,2.0,month_2,2011-07-14,2011-08-12,17.38972562037037,degC,expanding_prior_year_window_climatology,1.0,True,3,3,2008|2009|2010,5d71d485417c375a31f77509692a5471ede69aed1357633efb5e7e658bd2a998,0.005795910252327984,observation_time_proxy,historical data_available_time is unknown; observation_time is a pseudo-operational proxy,19.075530930555555,30,-1.6858053101851844,6
2011-06-14T00:00:00+00:00,2011-06-13,windermere,south,water_temperature,2.0,month_3,2011-08-13,2011-09-11,16.620908777777778,degC,expanding_prior_year_window_climatology,1.0,True,3,3,2008|2009|2010,11f121d6cda528dd91c88cb08bc09f6df110d4733cdf5cedaf75a5d5a066c96a,0.7833187004880172,observation_time_proxy,historical data_available_time is unknown; observation_time is a pseudo-operational proxy,17.144264333333332,30,-0.523355555555554,6
2011-06-21T00:00:00+00:00,2011-06-20,windermere,south,water_temperature,2.0,month_1,2011-06-21,2011-07-20,17.439612342592593,degC,expanding_prior_year_window_climatology,1.0,True,3,3,2008|2009|2010,e5ff530fa5a67042dc310ffa4410b12a5f40f56b40a75f85dfd6660a60a09cfb,2.019896786318179,observation_time_proxy,historical data_available_time is unknown; observation_time is a pseudo-operational proxy,17.950931333333333,30,-0.5113189907407403,6
2011-06-21T00:00:00+00:00,2011-06-20,windermere,south,water_temperature,2.0,month_2,2011-07-21,2011-08-19,17.416418458333332,degC,expanding_prior_year_window_climatology,1.0,True,3,3,2008|2009|2010,fb20de740c0be0f3ee835b928c9f632625af5f2d7cc57392c309874ce9bc8184,0.2609649272337334,observation_time_proxy,historical data_available_time is unknown; observation_time is a pseudo-operational proxy,18.88100052777778,30,-1.4645820694444467,6
2011-06-21T00:00:00+00:00,2011-06-20,windermere,south,water_temperature,2.0,month_3,2011-08-20,2011-09-18,16.238884902777777,degC,expanding_prior_year_window_climatology,1.0,True,3,3,2008|2009|2010,aa1e30cc30345fc359290e4b7461099d910b3229b756d3fa87a8cb31ae006692,0.881108047590074,observation_time_proxy,historical data_available_time is unknown; observation_time is a pseudo-operational proxy,16.495524555555555,30,-0.25663965277777834,6
2011-06-28T00:00:00+00:00,2011-06-27,windermere,south,water_temperature,2.0,month_1,2011-06-28,2011-07-27,17.58581401388889,degC,expanding_prior_year_window_climatology,1.0,True,3,3,2008|2009|2010,4c19d839142a0ce1b85f9f84bd7b7f4d0ed4cebfea6f1627da9ecf339f62ac5f,1.6214227416464195,observation_time_proxy,historical data_available_time is unknown; observation_time is a pseudo-operational proxy,18.543282736111113,30,-0.9574687222222238,6
2011-06-28T00:00:00+00:00,2011-06-27,windermere,south,water_temperature,2.0,month_2,2011-07-28,2011-08-26,17.368583064814814,degC,expanding_prior_year_window_climatology,1.0,True,3,3,2008|2009|2010,b5de2570a9c9bbb68be468d35d83a125207482254513bbc3b5ce287ec766b64a,0.3508224501026836,observation_time_proxy,historical data_available_time is unknown; observation_time is a pseudo-operational proxy,18.587586291666668,30,-1.2190032268518536,6
2011-06-28T00:00:00+00:00,2011-06-27,windermere,south,water_temperature,2.0,month_3,2011-08-27,2011-09-25,15.784842203703704,degC,expanding_prior_year_window_climatology,1.0,True,3,3,2008|2009|2010,f196aeda1e105f166dc9dde96d57b2afc9eff203a2267837cc8709a0ac2d32ed,0.8966975196574466,observation_time_proxy,historical data_available_time is unknown; observation_time is a pseudo-operational proxy,15.785380722222222,30,-0.0005385185185176056,6
2011-07-05T00:00:00+00:00,2011-07-04,windermere,south,water_temperature,2.0,month_1,2011-07-05,2011-08-03,17.47822922222222,degC,expanding_prior_year_window_climatology,1.0,True,3,3,2008|2009|2010,6b7c3665d7e73d67145e6634de3bdd6a9580772b71516c2d61e693348a875b74,0.6921813733467466,observation_time_proxy,historical data_available_time is unknown; observation_time is a pseudo-operational proxy,18.952862972222224,30,-1.4746337500000024,7
2011-07-05T00:00:00+00:00,2011-07-04,windermere,south,water_temperature,2.0,month_2,2011-08-04,2011-09-02,17.117887305555556,degC,expanding_prior_year_window_climatology,1.0,True,3,3,2008|2009|2010,269a654e083ac1bafba04c34d6632b8c7c825dda8c5644b6ebe69b3732690573,0.4014680018962953,observation_time_proxy,historical data_available_time is unknown; observation_time is a pseudo-operational proxy,17.972823819444443,30,-0.8549365138888874,7
2011-07-05T00:00:00+00:00,2011-07-04,windermere,south,water_temperature,2.0,month_3,2011-09-03,2011-10-02,15.293626833333333,degC,expanding_prior_year_window_climatology,1.0,True,3,3,2008|2009|2010,fb57ad2819545b34ed38a5455c60302f30c64e3306ea3871efe7a24ef992ecc6,0.8021880629152328,observation_time_proxy,historical data_available_time is unknown; observation_time is a pseudo-operational proxy,15.270043791666666,30,0.023583041666666915,7
2011-07-12T00:00:00+00:00,2011-07-11,windermere,south,water_temperature,2.0,month_1,2011-07-12,2011-08-10,17.402729592592593,degC,expanding_prior_year_window_climatology,1.0,True,3,3,2008|2009|2010,e8fdaa859ca811b648a365d85a231287653bb2c913905213eda1fde3665d4aa5,0.08214817385571029,observation_time_proxy,historical data_available_time is unknown; observation_time is a pseudo-operational proxy,19.11548434722222,30,-1.7127547546296285,7
2011-07-12T00:00:00+00:00,2011-07-11,windermere,south,water_temperature,2.0,month_2,2011-08-11,2011-09-09,16.734118689814814,degC,expanding_prior_year_window_climatology,1.0,True,3,3,2008|2009|2010,5b716d85f1e563811707ae1872bc8744170a49ee230ffacae75222b0aaebc89e,0.7088226087986791,observation_time_proxy,historical data_available_time is unknown; observation_time is a pseudo-operational proxy,17.29861288888889,30,-0.5644941990740762,7
2011-07-12T00:00:00+00:00,2011-07-11,windermere,south,water_temperature,2.0,month_3,2011-09-10,2011-10-09,14.758989203703704,degC,expanding_prior_year_window_climatology,1.0,True,3,3,2008|2009|2010,41bfa98a35ebe55a127f9916f0e8bbd32170f5762e9d6de9810df2a3913ab86b,0.5885412196402009,observation_time_proxy,historical data_available_time is unknown; observation_time is a pseudo-operational proxy,14.783806694444444,30,-0.024817490740739245,7
2011-07-19T00:00:00+00:00,2011-07-18,windermere,south,water_temperature,2.0,month_1,2011-07-19,2011-08-17,17.393570805555555,degC,expanding_prior_year_window_climatology,1.0,True,3,3,2008|2009|2010,248794f172b43ea759017a67b3a838389ae042e46da740cfe5b85f347fc0ceb0,0.18700654942420825,observation_time_proxy,historical data_available_time is unknown; observation_time is a pseudo-operational proxy,18.92832891666667,30,-1.5347581111111133,7
2011-07-19T00:00:00+00:00,2011-07-18,windermere,south,water_temperature,2.0,month_2,2011-08-18,2011-09-16,16.358903574074073,degC,expanding_prior_year_window_climatology,1.0,True,3,3,2008|2009|2010,8304faeb8037cd72529bdf21f3e7014cf1e69b8f5ae969263faf13704db5aa27,0.8740037138941367,observation_time_proxy,historical data_available_time is unknown; observation_time is a pseudo-operational proxy,16.685748458333332,30,-0.32684488425925906,7
2011-07-19T00:00:00+00:00,2011-07-18,windermere,south,water_temperature,2.0,month_3,2011-09-17,2011-10-16,14.183128703703703,degC,expanding_prior_year_window_climatology,1.0,True,3,3,2008|2009|2010,60a996010909efc1eab1818a4b6752286cd7dcfafc2c81df283c7c80bbbb02eb,0.4789824676094772,observation_time_proxy,historical data_available_time is unknown; observation_time is a pseudo-operational proxy,14.436929819444444,30,-0.2538011157407407,7
2011-07-26T00:00:00+00:00,2011-07-25,windermere,south,water_temperature,2.0,month_1,2011-07-26,2011-08-24,17.41829865740741,degC,expanding_prior_year_window_climatology,1.0,True,3,3,2008|2009|2010,f5b9744fd3f6b13ec443702d98eabe438b2e38bbd13bb14d7aea221fa8476ee6,0.3595805852125133,observation_time_proxy,historical data_available_time is unknown; observation_time is a pseudo-operational proxy,18.718951444444446,30,-1.3006527870370377,7
2011-07-26T00:00:00+00:00,2011-07-25,windermere,south,water_temperature,2.0,month_2,2011-08-25,2011-09-23,15.920983560185185,degC,expanding_prior_year_window_climatology,1.0,True,3,3,2008|2009|2010,093f1a998b00fdc347d14831fad4df5c999e224ee86a33e76a52f30ec4946d82,0.9041071532863104,observation_time_proxy,historical data_available_time is unknown; observation_time is a pseudo-operational proxy,15.99995875,30,-0.07897518981481433,7
2011-07-26T00:00:00+00:00,2011-07-25,windermere,south,water_temperature,2.0,month_3,2011-09-24,2011-10-23,13.538333254629629,degC,expanding_prior_year_window_climatology,1.0,True,3,3,2008|2009|2010,41dcaed3ba98dd46094e0fd7d691208d5a8ff1467507706c8a53a77046bedda2,0.5089052945028877,observation_time_proxy,historical data_available_time is unknown; observation_time is a pseudo-operational proxy,14.060909624999999,30,-0.5225763703703699,7
2011-08-02T00:00:00+00:00,2011-08-01,windermere,south,water_temperature,2.0,month_1,2011-08-02,2011-08-31,17.18284048148148,degC,expanding_prior_year_window_climatology,1.0,True,3,3,2008|2009|2010,542f063dabd7693ea5273237ae151336341ee8072eee862f92c4151451a5c758,0.3665685062697812,observation_time_proxy,historical data_available_time is unknown; observation_time is a pseudo-operational proxy,18.159915402777777,30,-0.9770749212962961,8
2011-08-02T00:00:00+00:00,2011-08-01,windermere,south,water_temperature,2.0,month_2,2011-09-01,2011-09-30,15.440831162037037,degC,expanding_prior_year_window_climatology,1.0,True,3,3,2008|2009|2010,259476141b8550611c1f8e020ca53228ce247911fe50b7c07e8e615a19849670,0.8415726637267765,observation_time_proxy,historical data_available_time is unknown; observation_time is a pseudo-operational proxy,15.364102208333334,30,0.0767289537037037,8
2011-08-02T00:00:00+00:00,2011-08-01,windermere,south,water_temperature,2.0,month_3,2011-10-01,2011-10-30,12.82094225,degC,expanding_prior_year_window_climatology,1.0,True,3,3,2008|2009|2010,2c964528f64b2f0711cea70fbe5c5d7f66f69cee86aa56f35c9e070e381c75f1,0.6837726218697422,observation_time_proxy,historical data_available_time is unknown; observation_time is a pseudo-operational proxy,13.527303944444444,30,-0.7063616944444444,8
2011-08-09T00:00:00+00:00,2011-08-08,windermere,south,water_temperature,2.0,month_1,2011-08-09,2011-09-07,16.852367041666668,degC,expanding_prior_year_window_climatology,1.0,True,3,3,2008|2009|2010,3feeb5f50658755930adf492efb72e16b96f252511dd903b8984664636dec1a6,0.6180501445056177,observation_time_proxy,historical data_available_time is unknown; observation_time is a pseudo-operational proxy,17.478829013888888,30,-0.62646197222222,8
2011-08-09T00:00:00+00:00,2011-08-08,windermere,south,water_temperature,2.0,month_2,2011-09-08,2011-10-07,14.910040986111111,degC,expanding_prior_year_window_climatology,1.0,True,3,3,2008|2009|2010,851a563606c519aa107db88a9d6061bee4b585a680ed9b9318d797a2de2caabe,0.6417325826239592,observation_time_proxy,historical data_available_time is unknown; observation_time is a pseudo-operational proxy,14.915042680555555,30,-0.0050016944444433165,8
2011-08-09T00:00:00+00:00,2011-08-08,windermere,south,water_temperature,2.0,month_3,2011-10-08,2011-11-06,12.082043168679549,degC,expanding_prior_year_window_climatology,1.0,True,3,3,2008|2009|2010,437b8e677e37fdb3e7f0957e5b96bf99b1ab2da89385e7e29820beb6cba01440,0.8795721697817142,observation_time_proxy,historical data_available_time is unknown; observation_time is a pseudo-operational proxy,12.860597375,30,-0.7785542063204502,8
2011-08-16T00:00:00+00:00,2011-08-15,windermere,south,water_temperature,2.0,month_1,2011-08-16,2011-09-14,16.474850115740743,degC,expanding_prior_year_window_climatology,1.0,True,3,3,2008|2009|2010,a20d2a33cec0afd176b8c8d809ffa154c31b8227f0ed4103e3030a108c744270,0.8671865706746456,observation_time_proxy,historical data_available_time is unknown; observation_time is a pseudo-operational proxy,16.877201888888887,30,-0.4023517731481441,8
2011-08-16T00:00:00+00:00,2011-08-15,windermere,south,water_temperature,2.0,month_2,2011-09-15,2011-10-14,14.34867398148148,degC,expanding_prior_year_window_climatology,1.0,True,3,3,2008|2009|2010,6ae91f01510adf8ad3c61e10c5a3c97e9e525b68d29ca64b9a64784032c5fb2f,0.49483333707651406,observation_time_proxy,historical data_available_time is unknown; observation_time is a pseudo-operational proxy,14.509675402777777,30,-0.16100142129629624,8
2011-08-16T00:00:00+00:00,2011-08-15,windermere,south,water_temperature,2.0,month_3,2011-10-15,2011-11-13,11.281149001086957,degC,expanding_prior_year_window_climatology,1.0,True,3,3,2008|2009|2010,5e003386e6cb1435e1d74e9b2a38e449e70f7d138d2f784bebfda7b8ae8cd7b5,0.9719169666787957,observation_time_proxy,historical data_available_time is unknown; observation_time is a pseudo-operational proxy,12.26286386111111,30,-0.9817148600241534,8
2011-08-23T00:00:00+00:00,2011-08-22,windermere,south,water_temperature,2.0,month_1,2011-08-23,2011-09-21,16.050486310185185,degC,expanding_prior_year_window_climatology,1.0,True,3,3,2008|2009|2010,b6c08bf08448f6497bac272d472b1b47bb2edc7297c46956924ac23308bc9a81,0.8917440831881758,observation_time_proxy,historical data_available_time is unknown; observation_time is a pseudo-operational proxy,16.215340777777776,30,-0.16485446759259048,8
2011-08-23T00:00:00+00:00,2011-08-22,windermere,south,water_temperature,2.0,month_2,2011-09-22,2011-10-21,13.738468546296296,degC,expanding_prior_year_window_climatology,1.0,True,3,3,2008|2009|2010,0833e9408ada49e3d8a97568a632ec4805d1acbe7f227a30f4c8f94a2f9f1489,0.4931770484323581,observation_time_proxy,historical data_available_time is unknown; observation_time is a pseudo-operational proxy,14.182490111111111,30,-0.4440215648148147,8
2011-08-23T00:00:00+00:00,2011-08-22,windermere,south,water_temperature,2.0,month_3,2011-10-22,2011-11-20,10.479847409883252,degC,expanding_prior_year_window_climatology,1.0,True,3,3,2008|2009|2010,30902ea735a8a23352f80286760d014b181340b7ac85de865234e30beb6ce395,0.9983283861973348,observation_time_proxy,historical data_available_time is unknown; observation_time is a pseudo-operational proxy,11.681228194444444,30,-1.2013807845611915,8
2011-08-30T00:00:00+00:00,2011-08-29,windermere,south,water_temperature,2.0,month_1,2011-08-30,2011-09-28,15.582673699074073,degC,expanding_prior_year_window_climatology,1.0,True,3,3,2008|2009|2010,fc090c0b7c1397ac8820e7c308d4e3a43d796887369188c075f82eb364659639,0.8593575548705785,observation_time_proxy,historical data_available_time is unknown; observation_time is a pseudo-operational proxy,15.499182180555556,30,0.08349151851851744,8
2011-08-30T00:00:00+00:00,2011-08-29,windermere,south,water_temperature,2.0,month_2,2011-09-29,2011-10-28,13.02951588425926,degC,expanding_prior_year_window_climatology,1.0,True,3,3,2008|2009|2010,1302ccad6014b1c179e98226417a86b9edc777a7fe5e46704e2dbdbc49708333,0.6207049847399507,observation_time_proxy,historical data_available_time is unknown; observation_time is a pseudo-operational proxy,13.725026597222222,30,-0.6955107129629621,8
2011-08-30T00:00:00+00:00,2011-08-29,windermere,south,water_temperature,2.0,month_3,2011-10-29,2011-11-27,9.77078563766103,degC,expanding_prior_year_window_climatology,1.0,True,3,3,2008|2009|2010,cf779836b4382dbadc93a6cfb3fec0161c66a048aea25eb3462caf4803ca51e9,0.9717631360109352,observation_time_proxy,historical data_available_time is unknown; observation_time is a pseudo-operational proxy,11.218077888888889,30,-1.447292251227859,8
2011-09-06T00:00:00+00:00,2011-09-05,windermere,south,water_temperature,2.0,month_1,2011-09-06,2011-10-05,15.050147523148148,degC,expanding_prior_year_window_climatology,1.0,True,3,3,2008|2009|2010,f2ac5af494176ea68db92e04fd6b8adbee260e92302e20189a05a56cf360a8ca,0.7009945884651114,observation_time_proxy,historical data_available_time is unknown; observation_time is a pseudo-operational proxy,15.047486930555555,30,0.0026605925925924367,9
2011-09-06T00:00:00+00:00,2011-09-05,windermere,south,water_temperature,2.0,month_2,2011-10-06,2011-11-04,12.291816228864734,degC,expanding_prior_year_window_climatology,1.0,True,3,3,2008|2009|2010,59290bdb2863b70d2dfae73c54d909cb2463a7fdd4ce3ea696d95d3362e00d60,0.8424175283904065,observation_time_proxy,historical data_available_time is unknown; observation_time is a pseudo-operational proxy,13.023318625,30,-0.7315023961352658,9
2011-09-06T00:00:00+00:00,2011-09-05,windermere,south,water_temperature,2.0,month_3,2011-11-05,2011-12-04,9.0195236875,degC,expanding_prior_year_window_climatology,1.0,True,3,3,2008|2009|2010,ab5eb8984405cd3df77eb1c59fc536651744ad0346cc28d38b49b64146634b8d,0.860513364464648,observation_time_proxy,historical data_available_time is unknown; observation_time is a pseudo-operational proxy,10.711002733333334,30,-1.6914790458333346,9
2011-09-13T00:00:00+00:00,2011-09-12,windermere,south,water_temperature,2.0,month_1,2011-09-13,2011-10-12,14.520636393518519,degC,expanding_prior_year_window_climatology,1.0,True,3,3,2008|2009|2010,c033b8f5b7eeb8ab527b384040a974233cc51b5bc17ed387e5c590620bec38f3,0.5221041217614264,observation_time_proxy,historical data_available_time is unknown; observation_time is a pseudo-operational proxy,14.593987555555556,30,-0.07335116203703684,9
2011-09-13T00:00:00+00:00,2011-09-12,windermere,south,water_temperature,2.0,month_2,2011-10-13,2011-11-11,11.520594050623993,degC,expanding_prior_year_window_climatology,1.0,True,3,3,2008|2009|2010,3f3382e968c9b667a4ef85fe62c95b02699e06e4fc3ed0ef304aadc7fdcdf3b7,0.9477873245131169,observation_time_proxy,historical data_available_time is unknown; observation_time is a pseudo-operational proxy,12.432776944444445,30,-0.9121828938204519,9
2011-09-13T00:00:00+00:00,2011-09-12,windermere,south,water_temperature,2.0,month_3,2011-11-12,2011-12-11,8.245979348611112,degC,expanding_prior_year_window_climatology,1.0,True,3,3,2008|2009|2010,f80b99d139ef11209cf3c06c3694b6d56e1add5a8517db807cee625769cc5054,0.8675472065223376,observation_time_proxy,historical data_available_time is unknown; observation_time is a pseudo-operational proxy,10.054306834722222,30,-1.8083274861111107,9
2011-09-20T00:00:00+00:00,2011-09-19,windermere,south,water_temperature,2.0,month_1,2011-09-20,2011-10-19,13.927047319444444,degC,expanding_prior_year_window_climatology,1.0,True,3,3,2008|2009|2010,5294f407131d9baa80a1934cfb0d665fef3ba18582cb4aaa6b62de9da7e4b225,0.48178149276374843,observation_time_proxy,historical data_available_time is unknown; observation_time is a pseudo-operational proxy,14.293211638888888,30,-0.3661643194444437,9
2011-09-20T00:00:00+00:00,2011-09-19,windermere,south,water_temperature,2.0,month_2,2011-10-20,2011-11-18,10.694818889975846,degC,expanding_prior_year_window_climatology,1.0,True,3,3,2008|2009|2010,6986adaede0f0ef5b2f766f2789bd5e8c1583f2be8300b40d1e5d2a2d10b6efd,0.9936137591455526,observation_time_proxy,historical data_available_time is unknown; observation_time is a pseudo-operational proxy,11.83503638888889,30,-1.140217498913044,9
2011-09-20T00:00:00+00:00,2011-09-19,windermere,south,water_temperature,2.0,month_3,2011-11-19,2011-12-18,7.538418897222222,degC,expanding_prior_year_window_climatology,1.0,True,3,3,2008|2009|2010,77f75bc4c33ed11b91b703e9ecbb0ad114b7b8103367971c48d9e2e1293ff177,0.9339858918890396,observation_time_proxy,historical data_available_time is unknown; observation_time is a pseudo-operational proxy,9.244867968055555,30,-1.706449070833333,9
2011-09-27T00:00:00+00:00,2011-09-26,windermere,south,water_temperature,2.0,month_1,2011-09-27,2011-10-26,13.235672884259259,degC,expanding_prior_year_window_climatology,1.0,True,3,3,2008|2009|2010,00a4a07e7f4f77d349ae36eee51aed4c8f0582afc33d81b60f83072f7635c48a,0.564549495140327,observation_time_proxy,historical data_available_time is unknown; observation_time is a pseudo-operational proxy,13.87434951388889,30,-0.6386766296296305,9
2011-09-27T00:00:00+00:00,2011-09-26,windermere,south,water_temperature,2.0,month_2,2011-10-27,2011-11-25,9.973361398772141,degC,expanding_prior_year_window_climatology,1.0,True,3,3,2008|2009|2010,c86a589bf2a8eedfd23dd1257272293736b0be82bc9d1c4f3bc2f5b17adaf456,0.9843301035640486,observation_time_proxy,historical data_available_time is unknown; observation_time is a pseudo-operational proxy,11.351181847222222,30,-1.3778204484500804,9
2011-09-27T00:00:00+00:00,2011-09-26,windermere,south,water_temperature,2.0,month_3,2011-11-26,2011-12-25,6.815170617592592,degC,expanding_prior_year_window_climatology,1.0,True,3,3,2008|2009|2010,82d50e029e73a4c7a474a95dae165f81196ccbdfae7facd34056a53b073a3fad,0.9624519434219572,observation_time_proxy,historical data_available_time is unknown; observation_time is a pseudo-operational proxy,8.408862854166667,30,-1.5936922365740749,9
2011-10-04T00:00:00+00:00,2011-10-03,windermere,south,water_temperature,2.0,month_1,2011-10-04,2011-11-02,12.502482645531401,degC,expanding_prior_year_window_climatology,1.0,True,3,3,2008|2009|2010,07364fe0d7a35155512614e4fdce9d4cdafee6bebbe1b8872047a635a6ecd8eb,0.7910668464663364,observation_time_proxy,historical data_available_time is unknown; observation_time is a pseudo-operational proxy,13.194200375,30,-0.6917177294685981,10
2011-10-04T00:00:00+00:00,2011-10-03,windermere,south,water_temperature,2.0,month_2,2011-11-03,2011-12-02,9.241518598148149,degC,expanding_prior_year_window_climatology,1.0,True,3,3,2008|2009|2010,1f87150759ea648501739ba2680a84675b1497fd12ebfc8f147564046567af5a,0.8884770927943155,observation_time_proxy,historical data_available_time is unknown; observation_time is a pseudo-operational proxy,10.871810891666666,30,-1.630292293518517,10
2011-10-04T00:00:00+00:00,2011-10-03,windermere,south,water_temperature,2.0,month_3,2011-12-03,2012-01-01,6.180509797767783,degC,expanding_prior_year_window_climatology,1.0,True,3,3,2008|2009|2010,3308577afa0ee7eb8d685618e08519f375c1e00a48e56fdc6ef867de54602fee,0.9425552623808638,observation_time_proxy,historical data_available_time is unknown; observation_time is a pseudo-operational proxy,7.688286625,30,-1.5077768272322167,10
2011-10-11T00:00:00+00:00,2011-10-10,windermere,south,water_temperature,2.0,month_1,2011-10-11,2011-11-09,11.753869094605475,degC,expanding_prior_year_window_climatology,1.0,True,3,3,2008|2009|2010,4415bff025b7f524615523459ba97b754055290582a9bdd5387a2787fab618e3,0.9206806440796641,observation_time_proxy,historical data_available_time is unknown; observation_time is a pseudo-operational proxy,12.60331888888889,30,-0.849449794283414,10
2011-10-11T00:00:00+00:00,2011-10-10,windermere,south,water_temperature,2.0,month_2,2011-11-10,2011-12-09,8.457752664351851,degC,expanding_prior_year_window_climatology,1.0,True,3,3,2008|2009|2010,7d29983689206a00ce42c28a24b4bd7380aaccbecb75a11fcd0fde0433f11699,0.854832126474342,observation_time_proxy,historical data_available_time is unknown; observation_time is a pseudo-operational proxy,10.265488594444445,30,-1.8077359300925941,10
2011-10-18T00:00:00+00:00,2011-10-17,windermere,south,water_temperature,2.0,month_1,2011-10-18,2011-11-16,10.924115302475846,degC,expanding_prior_year_window_climatology,1.0,True,3,3,2008|2009|2010,69d6f7e8c32ec7a3f6b2aa0fa21b81f3f43499a6b6bf6c1b8591123ead574265,0.9903219995354601,observation_time_proxy,historical data_available_time is unknown; observation_time is a pseudo-operational proxy,11.990403861111112,30,-1.0662885586352662,10
2011-10-18T00:00:00+00:00,2011-10-17,windermere,south,water_temperature,2.0,month_2,2011-11-17,2011-12-16,7.736909824537038,degC,expanding_prior_year_window_climatology,1.0,True,3,3,2008|2009|2010,cdfc11d8522f294b67c9ebf79d96c0191fb882210c7421c06e320255d0159107,0.9132751428669189,observation_time_proxy,historical data_available_time is unknown; observation_time is a pseudo-operational proxy,9.481196808333333,30,-1.7442869837962958,10
2011-10-25T00:00:00+00:00,2011-10-24,windermere,south,water_temperature,2.0,month_1,2011-10-25,2011-11-23,10.172522900623994,degC,expanding_prior_year_window_climatology,1.0,True,3,3,2008|2009|2010,aeefb8bfc8db701925147e67df2ec21caef5118b2515c60c6af6d0ed5c3e137c,0.9920039960032099,observation_time_proxy,historical data_available_time is unknown; observation_time is a pseudo-operational proxy,11.4830385,30,-1.3105155993760054,10
2011-10-25T00:00:00+00:00,2011-10-24,windermere,south,water_temperature,2.0,month_2,2011-11-24,2011-12-23,7.016291301388889,degC,expanding_prior_year_window_climatology,1.0,True,3,3,2008|2009|2010,369936e1c7aaaba3708ecaf4bdd5b84571b11bf251b73a291f719d2f763b08e1,0.9615928150843802,observation_time_proxy,historical data_available_time is unknown; observation_time is a pseudo-operational proxy,8.657554569444445,30,-1.641263268055556,10
2011-11-01T00:00:00+00:00,2011-10-31,windermere,south,water_temperature,2.0,month_1,2011-11-01,2011-11-30,9.457571033333334,degC,expanding_prior_year_window_climatology,1.0,True,3,3,2008|2009|2010,b7e5bf3a094ce8db996063a9f5071be47ff43c572ed0416a8b4f4434855b8060,0.9289240423427303,observation_time_proxy,historical data_available_time is unknown; observation_time is a pseudo-operational proxy,11.020612329166667,30,-1.563041295833333,11
2011-11-01T00:00:00+00:00,2011-10-31,windermere,south,water_temperature,2.0,month_2,2011-12-01,2011-12-30,6.339381258796296,degC,expanding_prior_year_window_climatology,1.0,True,3,3,2008|2009|2010,628bb409ea617d6aa10c62fe23404d77c6d11e876516f1255a1d4b1468af2f91,0.9659422922236842,observation_time_proxy,historical data_available_time is unknown; observation_time is a pseudo-operational proxy,7.889800323611111,30,-1.5504190648148155,11
2011-11-08T00:00:00+00:00,2011-11-07,windermere,south,water_temperature,2.0,month_1,2011-11-08,2011-12-07,8.679619858333334,degC,expanding_prior_year_window_climatology,1.0,True,3,3,2008|2009|2010,6617d8967d2674c9f1fe9ae38a766f33b3f78f6e2308b90813c220e6a388f252,0.8478452041894879,observation_time_proxy,historical data_available_time is unknown; observation_time is a pseudo-operational proxy,10.455362952777778,30,-1.7757430944444437,11
2011-11-08T00:00:00+00:00,2011-11-07,windermere,south,water_temperature,2.0,month_3,2012-01-07,2012-02-05,4.689331018518518,degC,expanding_prior_year_window_climatology,1.0,True,3,3,2008|2009|2010,56de89356a8e01cbdb5c1f8dfb619c3669447136d0f27a645023328b025c8418,0.7310845332479189,observation_time_proxy,historical data_available_time is unknown; observation_time is a pseudo-operational proxy,6.016554620833333,30,-1.327223602314815,11
2011-11-15T00:00:00+00:00,2011-11-14,windermere,south,water_temperature,2.0,month_1,2011-11-15,2011-12-14,7.940560446759259,degC,expanding_prior_year_window_climatology,1.0,True,3,3,2008|2009|2010,c790fd23fd078b9d4116a725766cd1ec3e88367973fcd747fa973b29c7eacd10,0.8911114437205041,observation_time_proxy,historical data_available_time is unknown; observation_time is a pseudo-operational proxy,9.714586138888889,30,-1.7740256921296291,11
2011-11-15T00:00:00+00:00,2011-11-14,windermere,south,water_temperature,2.0,month_3,2012-01-14,2012-02-12,4.5397388888888885,degC,expanding_prior_year_window_climatology,1.0,True,3,3,2008|2009|2010,295b6a15f10232043ac991bd5059d39eac6a9e96aecb241be2833a1bfc9e4705,0.8317823996639051,observation_time_proxy,historical data_available_time is unknown; observation_time is a pseudo-operational proxy,5.692427755555555,30,-1.1526888666666668,11
2011-11-22T00:00:00+00:00,2011-11-21,windermere,south,water_temperature,2.0,month_1,2011-11-22,2011-12-21,7.226658585185185,degC,expanding_prior_year_window_climatology,1.0,True,3,3,2008|2009|2010,53463eba63c8a6854ff24e21533467a3d7c4407fcc71829f62cefcbdb0f5a7ff,0.9518986314015663,observation_time_proxy,historical data_available_time is unknown; observation_time is a pseudo-operational proxy,8.896570522222222,30,-1.6699119370370363,11
2011-11-22T00:00:00+00:00,2011-11-21,windermere,south,water_temperature,2.0,month_3,2012-01-21,2012-02-19,4.413741944444444,degC,expanding_prior_year_window_climatology,1.0,True,3,3,2008|2009|2010,fcb8cbc66fcc9c48ae31cb05b1bbc80190fa6ac84f96eeeccdc4986087d98c31,0.8958828821356742,observation_time_proxy,historical data_available_time is unknown; observation_time is a pseudo-operational proxy,5.346665259722222,30,-0.9329233152777778,11
2011-11-29T00:00:00+00:00,2011-11-28,windermere,south,water_temperature,2.0,month_1,2011-11-29,2011-12-28,6.523554162037037,degC,expanding_prior_year_window_climatology,1.0,True,3,3,2008|2009|2010,4b67a55c4e011641a597c9443090da236f8559e5b4b25f798f66b731351dc456,0.9662776085611431,observation_time_proxy,historical data_available_time is unknown; observation_time is a pseudo-operational proxy,8.101397194444445,30,-1.577843032407408,11
2011-11-29T00:00:00+00:00,2011-11-28,windermere,south,water_temperature,2.0,month_3,2012-01-28,2012-02-26,4.286785694444444,degC,expanding_prior_year_window_climatology,1.0,True,3,3,2008|2009|2010,b74e7c77015266993599c956de2350f388455576c565b2f4a0e7d06f6ae45772,0.9081926981704953,observation_time_proxy,historical data_available_time is unknown; observation_time is a pseudo-operational proxy,5.157326480555556,30,-0.8705407861111114,11
2011-12-06T00:00:00+00:00,2011-12-05,windermere,south,water_temperature,2.0,month_2,2012-01-05,2012-02-03,4.748530103703704,degC,expanding_prior_year_window_climatology,1.0,True,3,3,2008|2009|2010,5ad50e84959a869594a0f68391f39f2a1ba18c6a04b77c27f1d52a4408f09e61,0.6996972071777202,observation_time_proxy,historical data_available_time is unknown; observation_time is a pseudo-operational proxy,6.099266497222223,30,-1.3507363935185186,12
2011-12-06T00:00:00+00:00,2011-12-05,windermere,south,water_temperature,2.0,month_3,2012-02-04,2012-03-04,4.221511620370371,degC,expanding_prior_year_window_climatology,1.0,True,3,3,2008|2009|2010,5d8755ed2eebd8c18550559ca1e72d73237d58f59452e9217cfcbea6f58eda89,0.8985418613342776,observation_time_proxy,historical data_available_time is unknown; observation_time is a pseudo-operational proxy,5.1518791777777775,30,-0.9303675574074068,12
2011-12-13T00:00:00+00:00,2011-12-12,windermere,south,water_temperature,2.0,month_2,2012-01-12,2012-02-10,4.578360370370371,degC,expanding_prior_year_window_climatology,1.0,True,3,3,2008|2009|2010,b46e0fa0b3a0fdee4df9d59f5f14a44a4d8fe985f67a000906acadd4639e2fe0,0.8018571797204169,observation_time_proxy,historical data_available_time is unknown; observation_time is a pseudo-operational proxy,5.7971637625,30,-1.2188033921296295,12
2011-12-13T00:00:00+00:00,2011-12-12,windermere,south,water_temperature,2.0,month_3,2012-02-11,2012-03-11,4.252439907407407,degC,expanding_prior_year_window_climatology,1.0,True,3,3,2008|2009|2010,aa2e6ee249df30555df4e62c197f42dcf59b17c2b6c22e34e9f8a5240cc392ea,0.893120909264387,observation_time_proxy,historical data_available_time is unknown; observation_time is a pseudo-operational proxy,5.3044672777777775,30,-1.0520273703703706,12
2011-12-20T00:00:00+00:00,2011-12-19,windermere,south,water_temperature,2.0,month_2,2012-01-19,2012-02-17,4.450489722222223,degC,expanding_prior_year_window_climatology,1.0,True,3,3,2008|2009|2010,b8605596aa1ef2e90a7a07d8b86fab09b75dca3b2a453f09195c3f3f6617d6f0,0.8848710597649518,observation_time_proxy,historical data_available_time is unknown; observation_time is a pseudo-operational proxy,5.430030433333333,30,-0.9795407111111105,12
2011-12-20T00:00:00+00:00,2011-12-19,windermere,south,water_temperature,2.0,month_3,2012-02-18,2012-03-18,4.4107620370370375,degC,expanding_prior_year_window_climatology,1.0,True,3,3,2008|2009|2010,d0ea6f3d6858bb24c856261a225157782fc2e0acb966108aab0c7bd626ec0fb3,0.834689702333649,observation_time_proxy,historical data_available_time is unknown; observation_time is a pseudo-operational proxy,5.6476659569444445,30,-1.236903919907407,12
2011-12-27T00:00:00+00:00,2011-12-26,windermere,south,water_temperature,2.0,month_2,2012-01-26,2012-02-24,4.3201831018518515,degC,expanding_prior_year_window_climatology,1.0,True,3,3,2008|2009|2010,5d353d9e5f8ec0cadbbdc10eead76d5e1dbc995148df3215f6dbb5e41be86921,0.9087213744426134,observation_time_proxy,historical data_available_time is unknown; observation_time is a pseudo-operational proxy,5.193831333333334,30,-0.8736482314814822,12
2011-12-27T00:00:00+00:00,2011-12-26,windermere,south,water_temperature,2.0,month_3,2012-02-25,2012-03-25,4.700138333333333,degC,expanding_prior_year_window_climatology,1.0,True,3,3,2008|2009|2010,062b0df84c2f0c3376c4794061c84345cde2ad9404f7ad0769c1d9fd1d46fe14,0.7464404998202429,observation_time_proxy,historical data_available_time is unknown; observation_time is a pseudo-operational proxy,6.156164448611111,30,-1.456026115277778,12
2012-01-03T00:00:00+00:00,2012-01-02,windermere,south,water_temperature,2.0,month_1,2012-01-03,2012-02-01,4.560709142708333,degC,expanding_prior_year_window_climatology,1.0,True,4,4,2008|2009|2010|2011,3ce20bc4402f678ca33bc40653ee2d95ac436e0f1ca6f9f27615447325b9b99d,0.7460829530419772,observation_time_proxy,historical data_available_time is unknown; observation_time is a pseudo-operational proxy,6.177391776388889,30,-1.616682633680556,1
2012-01-03T00:00:00+00:00,2012-01-02,windermere,south,water_temperature,2.0,month_2,2012-02-02,2012-03-02,4.291484184375,degC,expanding_prior_year_window_climatology,1.0,True,4,4,2008|2009|2010|2011,2e0428c759f7a620eec522d55cc6660a3fe41a54d1a3225c6f6305b78f301131,0.7447323232944744,observation_time_proxy,historical data_available_time is unknown; observation_time is a pseudo-operational proxy,5.136827106944445,30,-0.8453429225694444,1
2012-01-03T00:00:00+00:00,2012-01-02,windermere,south,water_temperature,2.0,month_3,2012-03-03,2012-04-01,5.1588102750000004,degC,expanding_prior_year_window_climatology,1.0,True,4,4,2008|2009|2010|2011,2c1c479a68fe1925cd4a0bc6b69d0ae8aaaf1dc716d9bf1a649544da1617b892,0.6348795719391012,observation_time_proxy,historical data_available_time is unknown; observation_time is a pseudo-operational proxy,7.069886459722222,30,-1.911076184722222,1
2012-01-10T00:00:00+00:00,2012-01-09,windermere,south,water_temperature,2.0,month_1,2012-01-10,2012-02-08,4.4273915100694445,degC,expanding_prior_year_window_climatology,1.0,True,4,4,2008|2009|2010|2011,3f92044f8bf577160b05c55b6a223e0df7c26a12670cae376d73f64a5ab75440,0.7378040511734691,observation_time_proxy,historical data_available_time is unknown; observation_time is a pseudo-operational proxy,5.882754969444444,30,-1.4553634593749996,1
2012-01-10T00:00:00+00:00,2012-01-09,windermere,south,water_temperature,2.0,month_2,2012-02-09,2012-03-09,4.344265895138889,degC,expanding_prior_year_window_climatology,1.0,True,4,4,2008|2009|2010|2011,50bc6329fa8231e85852c4fad561a620c237a0ed73705cb35660d4845eec25aa,0.7677827987063375,observation_time_proxy,historical data_available_time is unknown; observation_time is a pseudo-operational proxy,5.242641251388889,30,-0.8983753562499999,1
2012-01-10T00:00:00+00:00,2012-01-09,windermere,south,water_temperature,2.0,month_3,2012-03-10,2012-04-08,5.613612058680555,degC,expanding_prior_year_window_climatology,1.0,True,4,4,2008|2009|2010|2011,fc721bfab0ada277e9c3ef869a82e56d9b5aac1458493d394e93350abea54e7d,0.5965455822334915,observation_time_proxy,historical data_available_time is unknown; observation_time is a pseudo-operational proxy,7.594566172222223,30,-1.9809541135416673,1
2012-01-17T00:00:00+00:00,2012-01-16,windermere,south,water_temperature,2.0,month_1,2012-01-17,2012-02-15,4.372334334027777,degC,expanding_prior_year_window_climatology,1.0,True,4,4,2008|2009|2010|2011,cd9feeb5ccf54f48d101ea8055337c51b7448551942c03863aa2f6298323d821,0.7425007151342922,observation_time_proxy,historical data_available_time is unknown; observation_time is a pseudo-operational proxy,5.528027916666667,30,-1.1556935826388894,1
2012-01-17T00:00:00+00:00,2012-01-16,windermere,south,water_temperature,2.0,month_2,2012-02-16,2012-03-16,4.469671768402778,degC,expanding_prior_year_window_climatology,1.0,True,4,4,2008|2009|2010|2011,959903bd1fbde7c3494deed6b0ff1e76411c579049d79a3ec0103aee55251ebf,0.7407214608026145,observation_time_proxy,historical data_available_time is unknown; observation_time is a pseudo-operational proxy,5.5402099125,30,-1.0705381440972221,1
2012-01-17T00:00:00+00:00,2012-01-16,windermere,south,water_temperature,2.0,month_3,2012-03-17,2012-04-15,6.326662844444444,degC,expanding_prior_year_window_climatology,1.0,True,4,4,2008|2009|2010|2011,80de85575f62e22d5fef412f43e8ba659bc0ba61276d6c6a16c0e4023c1b3dbf,0.6957140053176285,observation_time_proxy,historical data_available_time is unknown; observation_time is a pseudo-operational proxy,8.04565798888889,30,-1.7189951444444453,1
2012-01-24T00:00:00+00:00,2012-01-23,windermere,south,water_temperature,2.0,month_1,2012-01-24,2012-02-22,4.312119325694445,degC,expanding_prior_year_window_climatology,1.0,True,4,4,2008|2009|2010|2011,7328a0a063fd4e8168717a594f868f7f38cc9a3be0bd61ea55d9d4cd0df828da,0.7449990502392745,observation_time_proxy,historical data_available_time is unknown; observation_time is a pseudo-operational proxy,5.246110901388889,30,-0.9339915756944439,1
2012-01-24T00:00:00+00:00,2012-01-23,windermere,south,water_temperature,2.0,month_2,2012-02-23,2012-03-23,4.750288839236111,degC,expanding_prior_year_window_climatology,1.0,True,4,4,2008|2009|2010|2011,c2365be4b000ae8dc1068430ed2990555b8e88b12f3236ca2a772bb2fd6c58d2,0.686505295169301,observation_time_proxy,historical data_available_time is unknown; observation_time is a pseudo-operational proxy,5.967240040277778,30,-1.2169512010416668,1
2012-01-24T00:00:00+00:00,2012-01-23,windermere,south,water_temperature,2.0,month_3,2012-03-24,2012-04-22,7.129034283621934,degC,expanding_prior_year_window_climatology,1.0,True,4,4,2008|2009|2010|2011,43bb2ae838690c85f31b2108f7ef5664a1296044833c7c799a9d3be8af3fa50a,1.079484088567258,observation_time_proxy,historical data_available_time is unknown; observation_time is a pseudo-operational proxy,8.4240555625,30,-1.2950212788780657,1
2012-01-31T00:00:00+00:00,2012-01-30,windermere,south,water_temperature,2.0,month_1,2012-01-31,2012-02-29,4.280916397222223,degC,expanding_prior_year_window_climatology,1.0,True,4,4,2008|2009|2010|2011,e5ee625ca89fe3a5221a8969fe3f64dbf96bce0042ed55d1935d4f86d376426c,0.7431478602844982,observation_time_proxy,historical data_available_time is unknown; observation_time is a pseudo-operational proxy,5.112600438888889,30,-0.8316840416666667,1
2012-01-31T00:00:00+00:00,2012-01-30,windermere,south,water_temperature,2.0,month_2,2012-03-01,2012-03-30,5.067455914583333,degC,expanding_prior_year_window_climatology,1.0,True,4,4,2008|2009|2010|2011,45ca71f9a65d79e23341e6acca95dd92996e875672f709e129e317b0e31cb9ed,0.6625336569496159,observation_time_proxy,historical data_available_time is unknown; observation_time is a pseudo-operational proxy,6.8148296083333335,30,-1.7473736937500002,1
2012-01-31T00:00:00+00:00,2012-01-30,windermere,south,water_temperature,2.0,month_3,2012-03-31,2012-04-29,8.294488548148149,degC,expanding_prior_year_window_climatology,1.0,True,4,3,2008|2009|2011,ede0ee293106f756f03af806b27cb61cbac8c5b107392be1a9a06659413a7d3f,1.714691183102157,observation_time_proxy,historical data_available_time is unknown; observation_time is a pseudo-operational proxy,8.356154731944445,30,-0.06166618379629618,1
2012-02-07T00:00:00+00:00,2012-02-06,windermere,south,water_temperature,2.0,month_1,2012-02-07,2012-03-07,4.326051148958333,degC,expanding_prior_year_window_climatology,1.0,True,4,4,2008|2009|2010|2011,0ef4ebdddd104d6778998ba9ee20e55582be398b46f5f72100dfb93f7b9cbcb6,0.7646131486528221,observation_time_proxy,historical data_available_time is unknown; observation_time is a pseudo-operational proxy,5.1963400125,30,-0.870288863541667,2
2012-02-07T00:00:00+00:00,2012-02-06,windermere,south,water_temperature,2.0,month_2,2012-03-08,2012-04-06,5.470162805902778,degC,expanding_prior_year_window_climatology,1.0,True,4,4,2008|2009|2010|2011,b37c4eee6af17a62ede8c2f9c2007452395d2e96b6683029c2182d6c4473ba29,0.5969971951542802,observation_time_proxy,historical data_available_time is unknown; observation_time is a pseudo-operational proxy,7.4681242625,30,-1.9979614565972224,2
2012-02-07T00:00:00+00:00,2012-02-06,windermere,south,water_temperature,2.0,month_3,2012-04-07,2012-05-06,9.302132625462963,degC,expanding_prior_year_window_climatology,1.0,True,4,3,2008|2009|2011,28af3f74c366ada74a6409af8358316399eabdd1e888c9ba883ca832c3edd73f,2.2277006326382867,observation_time_proxy,historical data_available_time is unknown; observation_time is a pseudo-operational proxy,8.509055445833333,30,0.7930771796296305,2
2012-02-14T00:00:00+00:00,2012-02-13,windermere,south,water_temperature,2.0,month_1,2012-02-14,2012-03-14,4.421555153819444,degC,expanding_prior_year_window_climatology,1.0,True,4,4,2008|2009|2010|2011,60338de056c0f87eabe48eb9df983055c4e123bbab1d8c6e1dcff1c6abcc38d4,0.7511724160567326,observation_time_proxy,historical data_available_time is unknown; observation_time is a pseudo-operational proxy,5.444493652777778,30,-1.022938498958334,2
2012-02-14T00:00:00+00:00,2012-02-13,windermere,south,water_temperature,2.0,month_2,2012-03-15,2012-04-13,6.1084221649305555,degC,expanding_prior_year_window_climatology,1.0,True,4,4,2008|2009|2010|2011,1390ad72e25b0d65c26b73c89b0ff4b9355e0f06868d0cd2dcb807e25859909d,0.6524605743628313,observation_time_proxy,historical data_available_time is unknown; observation_time is a pseudo-operational proxy,7.917003527777778,30,-1.8085813628472227,2
2012-02-14T00:00:00+00:00,2012-02-13,windermere,south,water_temperature,2.0,month_3,2012-04-14,2012-05-13,10.3679905875,degC,expanding_prior_year_window_climatology,1.0,True,4,3,2008|2009|2011,3494012d2da76c7f363c2623ebac7ac67edabf4504678a54fc4f81321b6b199f,2.0888836592599382,observation_time_proxy,historical data_available_time is unknown; observation_time is a pseudo-operational proxy,8.960423941666667,30,1.4075666458333327,2
2012-02-21T00:00:00+00:00,2012-02-20,windermere,south,water_temperature,2.0,month_1,2012-02-21,2012-03-21,4.65839459375,degC,expanding_prior_year_window_climatology,1.0,True,4,4,2008|2009|2010|2011,210adacde2b7308089d06ede06b1372f04366d4e119e02360d0a10f66ca233da,0.695589466455411,observation_time_proxy,historical data_available_time is unknown; observation_time is a pseudo-operational proxy,5.829086481944445,30,-1.1706918881944448,2
2012-02-21T00:00:00+00:00,2012-02-20,windermere,south,water_temperature,2.0,month_2,2012-03-22,2012-04-20,6.902861479829546,degC,expanding_prior_year_window_climatology,1.0,True,4,4,2008|2009|2010|2011,c82b517a7f4378df309535193ab795b97d5c0be189b3b191b73c4a6f3bd71968,0.9064469798257714,observation_time_proxy,historical data_available_time is unknown; observation_time is a pseudo-operational proxy,8.322725808333333,30,-1.4198643285037873,2
2012-02-21T00:00:00+00:00,2012-02-20,windermere,south,water_temperature,2.0,month_3,2012-04-21,2012-05-20,11.273230416666667,degC,expanding_prior_year_window_climatology,1.0,True,4,3,2008|2009|2011,dfd69079b9eb4f33979acf39dcca25f7f7f009047a5efef99cbf88b953a07f55,1.8170274998596152,observation_time_proxy,historical data_available_time is unknown; observation_time is a pseudo-operational proxy,9.489361463888889,30,1.7838689527777785,2
2012-02-28T00:00:00+00:00,2012-02-27,windermere,south,water_temperature,2.0,month_1,2012-02-28,2012-03-28,5.0085375843749995,degC,expanding_prior_year_window_climatology,1.0,True,4,4,2008|2009|2010|2011,2fd0e832c8ddf7e75c35fb309760fc37659be695ee3899f0e20df5673d5814a4,0.6688876511809451,observation_time_proxy,historical data_available_time is unknown; observation_time is a pseudo-operational proxy,6.525117322222222,30,-1.5165797378472226,2
2012-02-28T00:00:00+00:00,2012-02-27,windermere,south,water_temperature,2.0,month_2,2012-03-29,2012-04-27,8.007709947222223,degC,expanding_prior_year_window_climatology,1.0,True,4,3,2008|2009|2011,a029a2e3bc9d99863ad64d0ee6e6d4fdd8f8e54f6384fcbcdb07c53e1ae04280,1.5914934802863867,observation_time_proxy,historical data_available_time is unknown; observation_time is a pseudo-operational proxy,8.433304209722222,30,-0.4255942624999989,2
2012-02-28T00:00:00+00:00,2012-02-27,windermere,south,water_temperature,2.0,month_3,2012-04-28,2012-05-27,11.879664001157408,degC,expanding_prior_year_window_climatology,1.0,True,4,4,2008|2009|2010|2011,df737430f6e210419f7facbe44963a6bb2e56b12b1871ed4ae92cc0b697f5241,1.2246513133552182,observation_time_proxy,historical data_available_time is unknown; observation_time is a pseudo-operational proxy,10.835483966666667,30,1.0441800344907417,2
2012-03-06T00:00:00+00:00,2012-03-05,windermere,south,water_temperature,2.0,month_1,2012-03-06,2012-04-04,5.345434773611111,degC,expanding_prior_year_window_climatology,1.0,True,4,4,2008|2009|2010|2011,eba99f52227e75f05475f60d1316a8f2378ccd3b8f0dc35a468b4e88efea0b62,0.6079525417763164,observation_time_proxy,historical data_available_time is unknown; observation_time is a pseudo-operational proxy,7.3465164750000005,30,-2.0010817013888893,3
2012-03-06T00:00:00+00:00,2012-03-05,windermere,south,water_temperature,2.0,month_2,2012-04-05,2012-05-04,8.999150587037038,degC,expanding_prior_year_window_climatology,1.0,True,4,3,2008|2009|2011,562d3586c3363df5870fe300d93b09cfe49ec83977a23b54f2a4ca3dd0759f87,2.111834052000364,observation_time_proxy,historical data_available_time is unknown; observation_time is a pseudo-operational proxy,8.369800780555556,30,0.629349806481482,3
2012-03-06T00:00:00+00:00,2012-03-05,windermere,south,water_temperature,2.0,month_3,2012-05-05,2012-06-03,12.706819850694444,degC,expanding_prior_year_window_climatology,1.0,True,4,4,2008|2009|2010|2011,a5fc3bf66d9492ffcd632b04b79d80ae0393d7524727bb6b065be6ad98eb197b,0.9745156640793549,observation_time_proxy,historical data_available_time is unknown; observation_time is a pseudo-operational proxy,12.549610090517241,29,0.1572097601772029,3
2012-03-13T00:00:00+00:00,2012-03-12,windermere,south,water_temperature,2.0,month_1,2012-03-13,2012-04-11,5.8936711031249995,degC,expanding_prior_year_window_climatology,1.0,True,4,4,2008|2009|2010|2011,ac2323786a502a2e634a4bcdc1e8bff30e7056237c6dc53d2007c7a451d6c766,0.6328555144286867,observation_time_proxy,historical data_available_time is unknown; observation_time is a pseudo-operational proxy,7.765270047222222,30,-1.8715989440972223,3
2012-03-13T00:00:00+00:00,2012-03-12,windermere,south,water_temperature,2.0,month_2,2012-04-12,2012-05-11,10.069341225925925,degC,expanding_prior_year_window_climatology,1.0,True,4,3,2008|2009|2011,e1cb66603b50e46e891d1fb03a8e9a1a04a7cb5e7398d0df26a4412968d12930,2.170646495350688,observation_time_proxy,historical data_available_time is unknown; observation_time is a pseudo-operational proxy,8.863620415277778,30,1.2057208106481472,3
2012-03-13T00:00:00+00:00,2012-03-12,windermere,south,water_temperature,2.0,month_3,2012-05-12,2012-06-10,13.756243572916667,degC,expanding_prior_year_window_climatology,1.0,True,4,4,2008|2009|2010|2011,fe8aa815a5162bc02f125e82ce62f649e5e4741482dc5689d0fa0bb4b46ebba6,0.8890287471755257,observation_time_proxy,historical data_available_time is unknown; observation_time is a pseudo-operational proxy,13.89908926005747,29,-0.14284568714080415,3
2012-03-20T00:00:00+00:00,2012-03-19,windermere,south,water_temperature,2.0,month_1,2012-03-20,2012-04-18,6.661669251736111,degC,expanding_prior_year_window_climatology,1.0,True,4,4,2008|2009|2010|2011,5ce240acb450b9f3864d890f6b6797ac76c13ca63d5a3d465fe36326f2bab451,0.7888328617286762,observation_time_proxy,historical data_available_time is unknown; observation_time is a pseudo-operational proxy,8.214640009722222,30,-1.5529707579861114,3
2012-03-20T00:00:00+00:00,2012-03-19,windermere,south,water_temperature,2.0,month_2,2012-04-19,2012-05-18,11.048716912037037,degC,expanding_prior_year_window_climatology,1.0,True,4,3,2008|2009|2011,f3da640c2a3407559b213fdc17dc9e267f54f55905d55714f81167b94b262f5a,1.871441545413512,observation_time_proxy,historical data_available_time is unknown; observation_time is a pseudo-operational proxy,9.322267879166667,30,1.72644903287037,3
2012-03-20T00:00:00+00:00,2012-03-19,windermere,south,water_temperature,2.0,month_3,2012-05-19,2012-06-17,14.68674848611111,degC,expanding_prior_year_window_climatology,1.0,True,4,4,2008|2009|2010|2011,5d19cc3345698d0a94fdc8f637bf45bedf74cdccb04d257c69993a72d83eb5b3,0.8545985012132856,observation_time_proxy,historical data_available_time is unknown; observation_time is a pseudo-operational proxy,15.097582413793104,29,-0.41083392768199367,3
2012-03-27T00:00:00+00:00,2012-03-26,windermere,south,water_temperature,2.0,month_1,2012-03-27,2012-04-25,7.73931187037037,degC,expanding_prior_year_window_climatology,1.0,True,4,3,2008|2009|2011,623a494389c61941a7c724385fa04b445d04a60a0284936c1ed964363388c1d6,1.4544323939500274,observation_time_proxy,historical data_available_time is unknown; observation_time is a pseudo-operational proxy,8.484117486111112,30,-0.7448056157407414,3
2012-03-27T00:00:00+00:00,2012-03-26,windermere,south,water_temperature,2.0,month_2,2012-04-26,2012-05-25,11.73532325,degC,expanding_prior_year_window_climatology,1.0,True,4,3,2008|2009|2011,2b5f74a9114d2e81f66e29514e1a75307d09059925f2da0fc0cdb2eafc60abe5,1.5694106481001098,observation_time_proxy,historical data_available_time is unknown; observation_time is a pseudo-operational proxy,10.305906091666667,30,1.429417158333333,3
2012-03-27T00:00:00+00:00,2012-03-26,windermere,south,water_temperature,2.0,month_3,2012-05-26,2012-06-24,15.396459447916667,degC,expanding_prior_year_window_climatology,1.0,True,4,4,2008|2009|2010|2011,ac70265308e88d83a18463c4547a2b2e4457fecdb72bf90b426b2933f6cabf73,0.8023775386255423,observation_time_proxy,historical data_available_time is unknown; observation_time is a pseudo-operational proxy,15.653608764367815,29,-0.257149316451148,3
2012-04-03T00:00:00+00:00,2012-04-02,windermere,south,water_temperature,2.0,month_1,2012-04-03,2012-05-02,8.727063722685184,degC,expanding_prior_year_window_climatology,1.0,True,4,3,2008|2009|2011,e54494065b8d695f5eaa4c6ca6146bae7e3d218692b82be2330301456984fd39,1.9576077710638222,observation_time_proxy,historical data_available_time is unknown; observation_time is a pseudo-operational proxy,8.260175297222222,30,0.4668884254629617,4
2012-04-03T00:00:00+00:00,2012-04-02,windermere,south,water_temperature,2.0,month_2,2012-05-03,2012-06-01,12.402628267013888,degC,expanding_prior_year_window_climatology,1.0,True,4,4,2008|2009|2010|2011,953e649438551d90276e3e183adee4234353eff5a46ad1dd680b64dab96108eb,1.0563116409320106,observation_time_proxy,historical data_available_time is unknown; observation_time is a pseudo-operational proxy,12.082317860632184,29,0.3203104063817044,4
2012-04-03T00:00:00+00:00,2012-04-02,windermere,south,water_temperature,2.0,month_3,2012-06-02,2012-07-01,16.243105694444445,degC,expanding_prior_year_window_climatology,1.0,True,4,4,2008|2009|2010|2011,452932b6e70e97d82fb7c45f657e24231d7a4e97b392f5cd53422ec68dfbad89,0.9609077396214941,observation_time_proxy,historical data_available_time is unknown; observation_time is a pseudo-operational proxy,15.087350916666667,30,1.1557547777777781,4
2012-04-10T00:00:00+00:00,2012-04-09,windermere,south,water_temperature,2.0,month_1,2012-04-10,2012-05-09,9.775137206944445,degC,expanding_prior_year_window_climatology,1.0,True,4,3,2008|2009|2011,9cb9fecf3b014a0f75f7f60b67f20c5eac83fc166dd9a90aa55b1222df42fdf1,2.2490991356342627,observation_time_proxy,historical data_available_time is unknown; observation_time is a pseudo-operational proxy,8.724115873611112,30,1.051021333333333,4
2012-04-10T00:00:00+00:00,2012-04-09,windermere,south,water_temperature,2.0,month_2,2012-05-10,2012-06-08,13.481120475694444,degC,expanding_prior_year_window_climatology,1.0,True,4,4,2008|2009|2010|2011,482af8965ba1a6bb491cc8377020355db718a53875d33faa935285876ed3022b,0.8822033846969137,observation_time_proxy,historical data_available_time is unknown; observation_time is a pseudo-operational proxy,13.531505461206896,29,-0.05038498551245141,4
2012-04-10T00:00:00+00:00,2012-04-09,windermere,south,water_temperature,2.0,month_3,2012-06-09,2012-07-08,16.852861993055555,degC,expanding_prior_year_window_climatology,1.0,True,4,4,2008|2009|2010|2011,1e172628eed4a5675deb95d1c53f84b22e860d94c269647ff16f67ae839a8094,1.2008236399214305,observation_time_proxy,historical data_available_time is unknown; observation_time is a pseudo-operational proxy,14.886592957125604,30,1.966269035929951,4
2012-04-17T00:00:00+00:00,2012-04-16,windermere,south,water_temperature,2.0,month_1,2012-04-17,2012-05-16,10.79435988888889,degC,expanding_prior_year_window_climatology,1.0,True,4,3,2008|2009|2011,7d3989d64b1bcf4be0fb398953dd430f8337eae9ae213df033c7bc4b49125404,1.9551811745694474,observation_time_proxy,historical data_available_time is unknown; observation_time is a pseudo-operational proxy,9.162909897222223,30,1.631449991666667,4
2012-04-17T00:00:00+00:00,2012-04-16,windermere,south,water_temperature,2.0,month_2,2012-05-17,2012-06-15,14.412806784722223,degC,expanding_prior_year_window_climatology,1.0,True,4,4,2008|2009|2010|2011,4af7e770e885508806470b417a7637668b6f9e432e2ce60a02f39f5544025a85,0.8574849465809039,observation_time_proxy,historical data_available_time is unknown; observation_time is a pseudo-operational proxy,14.799057873563218,29,-0.3862510888409947,4
2012-04-17T00:00:00+00:00,2012-04-16,windermere,south,water_temperature,2.0,month_3,2012-06-16,2012-07-15,17.353606461805555,degC,expanding_prior_year_window_climatology,1.0,True,4,4,2008|2009|2010|2011,a803c783d40eff9d4728a2749cf79e80cefe5f4307caaf0b5d5bb738db569bde,1.5945766449098557,observation_time_proxy,historical data_available_time is unknown; observation_time is a pseudo-operational proxy,15.12622061747914,30,2.227385844326415,4
2012-04-24T00:00:00+00:00,2012-04-23,windermere,south,water_temperature,2.0,month_1,2012-04-24,2012-05-23,11.558558898148148,degC,expanding_prior_year_window_climatology,1.0,True,4,3,2008|2009|2011,b40548c173630e2b254f23ebfde9896980323d633e4072c088e07bce018cf40f,1.668430747887828,observation_time_proxy,historical data_available_time is unknown; observation_time is a pseudo-operational proxy,9.871648655555555,30,1.6869102425925924,4
2012-04-24T00:00:00+00:00,2012-04-23,windermere,south,water_temperature,2.0,month_2,2012-05-24,2012-06-22,15.217090430555556,degC,expanding_prior_year_window_climatology,1.0,True,4,4,2008|2009|2010|2011,78c4f4e26862e0e06e01448a1120613d0bdd24d5b12ddf51d8ef5444853479f2,0.876377592923679,observation_time_proxy,historical data_available_time is unknown; observation_time is a pseudo-operational proxy,15.720553994252873,29,-0.5034635636973164,4
2012-04-24T00:00:00+00:00,2012-04-23,windermere,south,water_temperature,2.0,month_3,2012-06-23,2012-07-22,17.646323368055555,degC,expanding_prior_year_window_climatology,1.0,True,4,4,2008|2009|2010|2011,976c11c482f2d8e1a27aad4499030450d30f62ae9000d62b8f789c577f46824b,1.6565595421078707,observation_time_proxy,historical data_available_time is unknown; observation_time is a pseudo-operational proxy,15.387467895256917,30,2.258855472798638,4
2012-05-01T00:00:00+00:00,2012-04-30,windermere,south,water_temperature,2.0,month_1,2012-05-01,2012-05-30,12.142018337152777,degC,expanding_prior_year_window_climatology,1.0,True,4,4,2008|2009|2010|2011,1445e7bc9b3d10e42270d7ff9c90039a2e85ab80a7acb02686ab97ddf551b550,1.1361831593464153,observation_time_proxy,historical data_available_time is unknown; observation_time is a pseudo-operational proxy,11.698374933333334,30,0.44364340381944345,5
2012-05-01T00:00:00+00:00,2012-04-30,windermere,south,water_temperature,2.0,month_2,2012-05-31,2012-06-29,15.994921038194445,degC,expanding_prior_year_window_climatology,1.0,True,4,4,2008|2009|2010|2011,90510913d67b7b58e5936d32d0350f706f3471b197d378b635ee36f5fadb99d6,0.85139631442698,observation_time_proxy,historical data_available_time is unknown; observation_time is a pseudo-operational proxy,15.211787298850574,29,0.7831337393438709,5
2012-05-01T00:00:00+00:00,2012-04-30,windermere,south,water_temperature,2.0,month_3,2012-06-30,2012-07-29,17.87822170833333,degC,expanding_prior_year_window_climatology,1.0,True,4,4,2008|2009|2010|2011,dd4548b7a7411ad1ea48405a10d06ddd4f2932280c498a1178373153873dc61f,1.22411310827455,observation_time_proxy,historical data_available_time is unknown; observation_time is a pseudo-operational proxy,15.923627575812473,30,1.9545941325208585,5
2012-05-08T00:00:00+00:00,2012-05-07,windermere,south,water_temperature,2.0,month_1,2012-05-08,2012-06-06,13.187896524305556,degC,expanding_prior_year_window_climatology,1.0,True,4,4,2008|2009|2010|2011,0a11431ed98c96f7b65d13294b5180919cbe3c7e496197ea78fff2fbcdba9eef,0.8898431025282348,observation_time_proxy,historical data_available_time is unknown; observation_time is a pseudo-operational proxy,13.153643693965517,29,0.0342528303400389,5
2012-05-08T00:00:00+00:00,2012-05-07,windermere,south,water_temperature,2.0,month_2,2012-06-07,2012-07-06,16.70306707986111,degC,expanding_prior_year_window_climatology,1.0,True,4,4,2008|2009|2010|2011,dfeb506009a00e7f4db93a9e309846b294d95df1d9948d69c5f7299ba9131ecd,1.1265219284032149,observation_time_proxy,historical data_available_time is unknown; observation_time is a pseudo-operational proxy,14.857411665458937,30,1.8456554144021737,5
2012-05-08T00:00:00+00:00,2012-05-07,windermere,south,water_temperature,2.0,month_3,2012-07-07,2012-08-05,17.831676684027777,degC,expanding_prior_year_window_climatology,1.0,True,4,4,2008|2009|2010|2011,d9585ff389d21b3a4de4d9f224313a128154cb446aa487c3d9710c87937ed998,0.8856229823518823,observation_time_proxy,historical data_available_time is unknown; observation_time is a pseudo-operational proxy,16.475895257575758,30,1.355781426452019,5
2012-05-15T00:00:00+00:00,2012-05-14,windermere,south,water_temperature,2.0,month_1,2012-05-15,2012-06-13,14.15356079861111,degC,expanding_prior_year_window_climatology,1.0,True,4,4,2008|2009|2010|2011,549d8627b7f4cf3ede1f5b106cf0f126af93ccd33ce9ef5752e756299e9b13c8,0.8796928144276935,observation_time_proxy,historical data_available_time is unknown; observation_time is a pseudo-operational proxy,14.443349425287357,29,-0.2897886266762466,5
2012-05-15T00:00:00+00:00,2012-05-14,windermere,south,water_temperature,2.0,month_2,2012-06-14,2012-07-13,17.216437465277778,degC,expanding_prior_year_window_climatology,1.0,True,4,4,2008|2009|2010|2011,4d3b2173fda7fa551120d933ce0e6a9aa173d7d7d67670cac1d0eea7f3a68ef6,1.5020755538143233,observation_time_proxy,historical data_available_time is unknown; observation_time is a pseudo-operational proxy,15.071326839701362,30,2.1451106255764163,5
2012-05-15T00:00:00+00:00,2012-05-14,windermere,south,water_temperature,2.0,month_3,2012-07-14,2012-08-12,17.811176947916664,degC,expanding_prior_year_window_climatology,1.0,True,4,4,2008|2009|2010|2011,d5ac281e1cddb382bf389685bb4dde37c967ff5a49725374941b4ae3efae42e4,0.8429159394699912,observation_time_proxy,historical data_available_time is unknown; observation_time is a pseudo-operational proxy,16.914267773809524,30,0.8969091741071402,5
2012-05-22T00:00:00+00:00,2012-05-21,windermere,south,water_temperature,2.0,month_1,2012-05-22,2012-06-20,15.023319315972222,degC,expanding_prior_year_window_climatology,1.0,True,4,4,2008|2009|2010|2011,f61021f4430426637a017a5e77de94ef0bf07fae4f8b4370bc8f81283da733a8,0.8894009360126605,observation_time_proxy,historical data_available_time is unknown; observation_time is a pseudo-operational proxy,15.550425977011495,29,-0.527106661039273,5
2012-05-22T00:00:00+00:00,2012-05-21,windermere,south,water_temperature,2.0,month_2,2012-06-21,2012-07-20,17.56744209027778,degC,expanding_prior_year_window_climatology,1.0,True,4,4,2008|2009|2010|2011,0cb5f719a014a4da77b4f92344720a185c43f93e26c722039f9889a193567fe8,1.6689369258579059,observation_time_proxy,historical data_available_time is unknown; observation_time is a pseudo-operational proxy,15.29988872859025,30,2.267553361687529,5
2012-05-22T00:00:00+00:00,2012-05-21,windermere,south,water_temperature,2.0,month_3,2012-07-21,2012-08-19,17.782563975694444,degC,expanding_prior_year_window_climatology,1.0,True,4,4,2008|2009|2010|2011,7994306d98f68e11571389122c576284fa64b5e1ae1a08d75083e06fc4a85e17,0.7626611010350199,observation_time_proxy,historical data_available_time is unknown; observation_time is a pseudo-operational proxy,17.43069257936508,30,0.3518713963293649,5
2012-05-29T00:00:00+00:00,2012-05-28,windermere,south,water_temperature,2.0,month_1,2012-05-29,2012-06-27,15.732938572916666,degC,expanding_prior_year_window_climatology,1.0,True,4,4,2008|2009|2010|2011,37d164808a8f1225dbb859603c226b8c5d265cc4a93dc4b24eb2f19260becb90,0.8001218065306139,observation_time_proxy,historical data_available_time is unknown; observation_time is a pseudo-operational proxy,15.400566077586207,29,0.33237249533045876,5
2012-05-29T00:00:00+00:00,2012-05-28,windermere,south,water_temperature,2.0,month_2,2012-06-28,2012-07-27,17.825181194444443,degC,expanding_prior_year_window_climatology,1.0,True,4,4,2008|2009|2010|2011,b7d9a1a3396f9b6eaf2ec485e7bc914c81b2742083900a3b31c77159a6fd809e,1.4077858714759355,observation_time_proxy,historical data_available_time is unknown; observation_time is a pseudo-operational proxy,15.776934714701362,30,2.0482464797430815,5
2012-05-29T00:00:00+00:00,2012-05-28,windermere,south,water_temperature,2.0,month_3,2012-07-28,2012-08-26,17.673333871527777,degC,expanding_prior_year_window_climatology,1.0,True,4,4,2008|2009|2010|2011,9afb48f33b921fbd009913a00c276f1585ff5dcc4ac6e7111bd58fc659bfc770,0.673456119159104,observation_time_proxy,historical data_available_time is unknown; observation_time is a pseudo-operational proxy,17.732160773809525,30,-0.058826902281747806,5
2012-06-05T00:00:00+00:00,2012-06-04,windermere,south,water_temperature,2.0,month_1,2012-06-05,2012-07-04,16.53510576388889,degC,expanding_prior_year_window_climatology,1.0,True,4,4,2008|2009|2010|2011,8c8548e7ade7ef9d8de279ecd487970f92b8ca324681a80e0a6610453b7dc9ce,1.0705324650330204,observation_time_proxy,historical data_available_time is unknown; observation_time is a pseudo-operational proxy,14.896985847222222,30,1.6381199166666676,6
2012-06-05T00:00:00+00:00,2012-06-04,windermere,south,water_temperature,2.0,month_2,2012-07-05,2012-08-03,17.84688765972222,degC,expanding_prior_year_window_climatology,1.0,True,4,4,2008|2009|2010|2011,af1d3d5aef100808078bfaffaa16e1e8736c4fdda2dd537e1c324a181cf07f38,0.9290028040315915,observation_time_proxy,historical data_available_time is unknown; observation_time is a pseudo-operational proxy,16.312498811923582,30,1.5343888477986383,6
2012-06-05T00:00:00+00:00,2012-06-04,windermere,south,water_temperature,2.0,month_3,2012-08-04,2012-09-02,17.331621434027777,degC,expanding_prior_year_window_climatology,1.0,True,4,4,2008|2009|2010|2011,88fba808f9c178c827779c0d0fef370ef7c836e39e777b4916900da5d6f1251f,0.5386837183290922,observation_time_proxy,historical data_available_time is unknown; observation_time is a pseudo-operational proxy,17.820119773809523,30,-0.4884983397817457,6
2012-06-12T00:00:00+00:00,2012-06-11,windermere,south,water_temperature,2.0,month_1,2012-06-12,2012-07-11,17.08231324652778,degC,expanding_prior_year_window_climatology,1.0,True,4,4,2008|2009|2010|2011,3373c9ae3619fe7c2c8012ca9884c699b292b108eac5bac9da23cebf0c840b80,1.396160195972698,observation_time_proxy,historical data_available_time is unknown; observation_time is a pseudo-operational proxy,14.995776276570048,30,2.0865369699577307,6
2012-06-12T00:00:00+00:00,2012-06-11,windermere,south,water_temperature,2.0,month_2,2012-07-12,2012-08-10,17.83091828125,degC,expanding_prior_year_window_climatology,1.0,True,4,4,2008|2009|2010|2011,fbb03a9c381a426c0e6d00e4f2c42232665497e34d85f353e8dfc311c0ca3a0d,0.8590000547274828,observation_time_proxy,historical data_available_time is unknown; observation_time is a pseudo-operational proxy,16.751908975829725,30,1.079009305420275,6
2012-06-12T00:00:00+00:00,2012-06-11,windermere,south,water_temperature,2.0,month_3,2012-08-11,2012-09-09,16.875242239583333,degC,expanding_prior_year_window_climatology,1.0,True,4,4,2008|2009|2010|2011,ef81c4454fee0c4275f890690edacd22cbc96f5332041d9f22c6a259c4d366f3,0.6439071509359978,observation_time_proxy,historical data_available_time is unknown; observation_time is a pseudo-operational proxy,17.651917930555555,30,-0.7766756909722226,6
2012-06-19T00:00:00+00:00,2012-06-18,windermere,south,water_temperature,2.0,month_1,2012-06-19,2012-07-18,17.478711194444443,degC,expanding_prior_year_window_climatology,1.0,True,4,4,2008|2009|2010|2011,b34d309cab4332e47ec862ba951072578dd7b126498bb5050028ef038dad2bda,1.648662599637845,observation_time_proxy,historical data_available_time is unknown; observation_time is a pseudo-operational proxy,15.242079048034695,30,2.2366321464097485,6
2012-06-19T00:00:00+00:00,2012-06-18,windermere,south,water_temperature,2.0,month_2,2012-07-19,2012-08-17,17.777260333333334,degC,expanding_prior_year_window_climatology,1.0,True,4,4,2008|2009|2010|2011,3cfb7747e955e3b3932d8df66338543c8f9814f052bd22f2044edfc0d3a4867e,0.7824224655455457,observation_time_proxy,historical data_available_time is unknown; observation_time is a pseudo-operational proxy,17.30804869047619,30,0.4692116428571431,6
2012-06-19T00:00:00+00:00,2012-06-18,windermere,south,water_temperature,2.0,month_3,2012-08-18,2012-09-16,16.440614795138888,degC,expanding_prior_year_window_climatology,1.0,True,4,4,2008|2009|2010|2011,b270f597c7f2d1341748e1e03002cbae3f42496b7da827b9358e7fb52c9bc28a,0.7320941805479046,observation_time_proxy,historical data_available_time is unknown; observation_time is a pseudo-operational proxy,17.077875916666667,30,-0.6372611215277786,6
2012-06-26T00:00:00+00:00,2012-06-25,windermere,south,water_temperature,2.0,month_1,2012-06-26,2012-07-25,17.750020590277778,degC,expanding_prior_year_window_climatology,1.0,True,4,4,2008|2009|2010|2011,c1c04d4df8a212016a4102c28efef55f5e8d607ee705d01205eeb3e2b70f86fb,1.543505521323089,observation_time_proxy,historical data_available_time is unknown; observation_time is a pseudo-operational proxy,15.599931534145806,30,2.1500890561319714,6
2012-06-26T00:00:00+00:00,2012-06-25,windermere,south,water_temperature,2.0,month_2,2012-07-26,2012-08-24,17.743461854166668,degC,expanding_prior_year_window_climatology,1.0,True,4,4,2008|2009|2010|2011,8fd544f41add8f146f83be90492dae9821d580aafdc3aa8a4262f24af88c7265,0.7135287073981816,observation_time_proxy,historical data_available_time is unknown; observation_time is a pseudo-operational proxy,17.684935176587302,30,0.05852667757936558,6
2012-06-26T00:00:00+00:00,2012-06-25,windermere,south,water_temperature,2.0,month_3,2012-08-25,2012-09-23,15.940727357638888,degC,expanding_prior_year_window_climatology,1.0,True,4,4,2008|2009|2010|2011,b650e6f15b1ff80125488537a9cb8819cfd667106d5d050e927f9c296ce44c06,0.7392557743437351,observation_time_proxy,historical data_available_time is unknown; observation_time is a pseudo-operational proxy,16.37679688888889,30,-0.43606953125000203,6
2012-07-03T00:00:00+00:00,2012-07-02,windermere,south,water_temperature,2.0,month_1,2012-07-03,2012-08-01,17.87328501388889,degC,expanding_prior_year_window_climatology,1.0,True,4,4,2008|2009|2010|2011,e72142cb94f13aa6748a8e775427b1ad20db4052f7721b5b44e90eb8ce2c3cf9,1.01073204433436,observation_time_proxy,historical data_available_time is unknown; observation_time is a pseudo-operational proxy,16.160519700812472,30,1.7127653130764173,7
2012-07-03T00:00:00+00:00,2012-07-02,windermere,south,water_temperature,2.0,month_2,2012-08-02,2012-08-31,17.427109211805554,degC,expanding_prior_year_window_climatology,1.0,True,4,4,2008|2009|2010|2011,38cd25478f3055182762bcf292f2c5127f23b77b95a784ae3ed4a989465a031e,0.5729314941443231,observation_time_proxy,historical data_available_time is unknown; observation_time is a pseudo-operational proxy,17.822354898809525,30,-0.3952456870039711,7
2012-07-03T00:00:00+00:00,2012-07-02,windermere,south,water_temperature,2.0,month_3,2012-09-01,2012-09-30,15.421648923611112,degC,expanding_prior_year_window_climatology,1.0,True,4,4,2008|2009|2010|2011,96d47039b6f965b1f9987e51727389c5dcfd90b7a56f5d97a7ce113743f12d8e,0.6882113522062615,observation_time_proxy,historical data_available_time is unknown; observation_time is a pseudo-operational proxy,15.571576527777777,30,-0.14992760416666506,7
2012-07-10T00:00:00+00:00,2012-07-09,windermere,south,water_temperature,2.0,month_1,2012-07-10,2012-08-08,17.83799434722222,degC,expanding_prior_year_window_climatology,1.0,True,4,4,2008|2009|2010|2011,f425ce03f429786c6d8ad3220e7b13936f8719ed1c2c69d2de1e6de38f3a45db,0.8688500996539273,observation_time_proxy,historical data_available_time is unknown; observation_time is a pseudo-operational proxy,16.640322211940838,30,1.1976721352813833,7
2012-07-10T00:00:00+00:00,2012-07-09,windermere,south,water_temperature,2.0,month_2,2012-08-09,2012-09-07,17.00898253472222,degC,expanding_prior_year_window_climatology,1.0,True,4,4,2008|2009|2010|2011,3ed2cf0d473f60f734682bdcbf1793feff6169409b6acb103828c3a741274a6a,0.5939452596065412,observation_time_proxy,historical data_available_time is unknown; observation_time is a pseudo-operational proxy,17.735240847222222,30,-0.7262583125000006,7
2012-07-10T00:00:00+00:00,2012-07-09,windermere,south,water_temperature,2.0,month_3,2012-09-08,2012-10-07,14.911291409722221,degC,expanding_prior_year_window_climatology,1.0,True,4,4,2008|2009|2010|2011,75749e1e310f7e64b4a89d78eeab619d71e82046c49162b171751190560e4f6b,0.5239784276452991,observation_time_proxy,historical data_available_time is unknown; observation_time is a pseudo-operational proxy,14.636045680555556,30,0.2752457291666648,7
2012-07-17T00:00:00+00:00,2012-07-16,windermere,south,water_temperature,2.0,month_1,2012-07-17,2012-08-15,17.771412434027777,degC,expanding_prior_year_window_climatology,1.0,True,4,4,2008|2009|2010|2011,f1b649fea578a511116caa736e7d0e40fa56306c5cb126462c7c11aade7f9fa4,0.8006783773302745,observation_time_proxy,historical data_available_time is unknown; observation_time is a pseudo-operational proxy,17.170675621031744,30,0.6007368129960327,7
2012-07-17T00:00:00+00:00,2012-07-16,windermere,south,water_temperature,2.0,month_2,2012-08-16,2012-09-14,16.57543805902778,degC,expanding_prior_year_window_climatology,1.0,True,4,4,2008|2009|2010|2011,bae0796181ccae83e490ca3c0a4e2a649f5c32ebb40362bc897f26169611d571,0.7360797757339207,observation_time_proxy,historical data_available_time is unknown; observation_time is a pseudo-operational proxy,17.24038811111111,30,-0.6649500520833307,7
2012-07-17T00:00:00+00:00,2012-07-16,windermere,south,water_temperature,2.0,month_3,2012-09-15,2012-10-14,14.388924336805555,degC,expanding_prior_year_window_climatology,1.0,True,4,4,2008|2009|2010|2011,5ccca9fdac7cb3528e7064b94ceb195769944b62ba9bc33374d0c95990e9ace0,0.41197134051174333,observation_time_proxy,historical data_available_time is unknown; observation_time is a pseudo-operational proxy,13.608872791666666,30,0.780051545138889,7
2012-07-24T00:00:00+00:00,2012-07-23,windermere,south,water_temperature,2.0,month_1,2012-07-24,2012-08-22,17.774669145833332,degC,expanding_prior_year_window_climatology,1.0,True,4,4,2008|2009|2010|2011,8754d211706fd2e33269bd91f250eb30daf0d2e0a00b15edf4d2728a241948ea,0.7364037420732448,observation_time_proxy,historical data_available_time is unknown; observation_time is a pseudo-operational proxy,17.59496294047619,30,0.17970620535714232,7
2012-07-24T00:00:00+00:00,2012-07-23,windermere,south,water_temperature,2.0,month_2,2012-08-23,2012-09-21,16.091699927083333,degC,expanding_prior_year_window_climatology,1.0,True,4,4,2008|2009|2010|2011,199defa4523b5be25a7b7677ec4a2ac38c2ba47a13cc30a40ed6b2237aab45a4,0.7327568415275215,observation_time_proxy,historical data_available_time is unknown; observation_time is a pseudo-operational proxy,16.586977777777776,30,-0.49527785069444263,7
2012-07-24T00:00:00+00:00,2012-07-23,windermere,south,water_temperature,2.0,month_3,2012-09-22,2012-10-21,13.8494739375,degC,expanding_prior_year_window_climatology,1.0,True,4,4,2008|2009|2010|2011,1ec1083b02ed742651bcf9c787d217889a964f273a2a83de0eceab74e9366219,0.4598237215558271,observation_time_proxy,historical data_available_time is unknown; observation_time is a pseudo-operational proxy,12.755532222222222,30,1.0939417152777793,7
2012-07-31T00:00:00+00:00,2012-07-30,windermere,south,water_temperature,2.0,month_1,2012-07-31,2012-08-29,17.520739354166665,degC,expanding_prior_year_window_climatology,1.0,True,4,4,2008|2009|2010|2011,7ff1ed9b0714a4cb27997c654aa4a50faeac2f53edaa4ef3f84fe859fb8f7ef4,0.6156215258005676,observation_time_proxy,historical data_available_time is unknown; observation_time is a pseudo-operational proxy,17.800007621031746,30,-0.2792682668650812,7
2012-07-31T00:00:00+00:00,2012-07-30,windermere,south,water_temperature,2.0,month_2,2012-08-30,2012-09-28,15.561800819444445,degC,expanding_prior_year_window_climatology,1.0,True,4,4,2008|2009|2010|2011,cd92000418498440755b13738c2770fb00f7ce661873222668c27133dd5fa803,0.7029032506859615,observation_time_proxy,historical data_available_time is unknown; observation_time is a pseudo-operational proxy,15.799941486111111,30,-0.23814066666666633,7
2012-07-31T00:00:00+00:00,2012-07-30,windermere,south,water_temperature,2.0,month_3,2012-09-29,2012-10-28,13.2033935625,degC,expanding_prior_year_window_climatology,1.0,True,4,4,2008|2009|2010|2011,95aea6700e0c135e806d33db9dd38c4ad30a623206046c5e5686ea6e5b1d341d,0.614641011769399,observation_time_proxy,historical data_available_time is unknown; observation_time is a pseudo-operational proxy,12.067439958333333,30,1.1359536041666676,7
2012-08-07T00:00:00+00:00,2012-08-06,windermere,south,water_temperature,2.0,month_1,2012-08-07,2012-09-05,17.15992803125,degC,expanding_prior_year_window_climatology,1.0,True,4,4,2008|2009|2010|2011,0ed5a514801f1f215e9fc5bad4250cc9c63830aec03209390da61eda1f89c065,0.5482830859233094,observation_time_proxy,historical data_available_time is unknown; observation_time is a pseudo-operational proxy,17.7760970515873,30,-0.6161690203372991,8
2012-08-07T00:00:00+00:00,2012-08-06,windermere,south,water_temperature,2.0,month_2,2012-09-06,2012-10-05,15.049482375,degC,expanding_prior_year_window_climatology,1.0,True,4,4,2008|2009|2010|2011,68a2e71304db6e38e5ea18cbd6f04f4e9fb1f3aeba82d8d8e236e2f4513af3ec,0.5723612306866617,observation_time_proxy,historical data_available_time is unknown; observation_time is a pseudo-operational proxy,14.917889583333332,30,0.1315927916666677,8
2012-08-07T00:00:00+00:00,2012-08-06,windermere,south,water_temperature,2.0,month_3,2012-10-06,2012-11-04,12.47469182789855,degC,expanding_prior_year_window_climatology,1.0,True,4,4,2008|2009|2010|2011,89928deada7af80b57bc9545e184803b95bf0a577b051e1345d8ded31827eae5,0.7790285405431839,observation_time_proxy,historical data_available_time is unknown; observation_time is a pseudo-operational proxy,11.410216298611111,30,1.0644755292874386,8
2012-08-14T00:00:00+00:00,2012-08-13,windermere,south,water_temperature,2.0,month_1,2012-08-14,2012-09-12,16.694121958333334,degC,expanding_prior_year_window_climatology,1.0,True,4,4,2008|2009|2010|2011,0c03809817ff772d09b26d9d6469c385ebc09a621b82fde74c0e2687051bd77f,0.7129786236388209,observation_time_proxy,historical data_available_time is unknown; observation_time is a pseudo-operational proxy,17.417319680555554,30,-0.7231977222222206,8
2012-08-14T00:00:00+00:00,2012-08-13,windermere,south,water_temperature,2.0,month_2,2012-09-13,2012-10-12,14.538974184027778,degC,expanding_prior_year_window_climatology,1.0,True,4,4,2008|2009|2010|2011,27d059d01b1193b932d3353f6326441503a780c71fedf9096355a847afbadade,0.4278709784696311,observation_time_proxy,historical data_available_time is unknown; observation_time is a pseudo-operational proxy,13.88612948611111,30,0.6528446979166667,8
2012-08-14T00:00:00+00:00,2012-08-13,windermere,south,water_temperature,2.0,month_3,2012-10-13,2012-11-11,11.748639774079106,degC,expanding_prior_year_window_climatology,1.0,True,4,4,2008|2009|2010|2011,5ca2e7eec93e40e78022170fe21f31c5a53b06195bbffe329b6bc81c4b7503d1,0.8982686771134523,observation_time_proxy,historical data_available_time is unknown; observation_time is a pseudo-operational proxy,10.778883402777778,30,0.9697563713013277,8
2012-08-21T00:00:00+00:00,2012-08-20,windermere,south,water_temperature,2.0,month_1,2012-08-21,2012-09-19,16.23671946875,degC,expanding_prior_year_window_climatology,1.0,True,4,4,2008|2009|2010|2011,de1dbcfe1d2927b24c9a78a4ad17017318407c75d8498da3de2c55226f492f00,0.7334130627801526,observation_time_proxy,historical data_available_time is unknown; observation_time is a pseudo-operational proxy,16.791848972222223,30,-0.555129503472223,8
2012-08-21T00:00:00+00:00,2012-08-20,windermere,south,water_temperature,2.0,month_2,2012-09-20,2012-10-19,14.018588399305555,degC,expanding_prior_year_window_climatology,1.0,True,4,4,2008|2009|2010|2011,b55a4b61b28a68800bf3c9a2b9f44593a72f5c660ef44d56fd47685cc119f2c4,0.4338909406617409,observation_time_proxy,historical data_available_time is unknown; observation_time is a pseudo-operational proxy,12.977441694444444,30,1.0411467048611112,8
2012-08-21T00:00:00+00:00,2012-08-20,windermere,south,water_temperature,2.0,month_3,2012-10-20,2012-11-18,10.979873264704107,degC,expanding_prior_year_window_climatology,1.0,True,4,4,2008|2009|2010|2011,a0a8b18929145e8c737cdd728d3f51598f4a5a9d53be86debd425a67778a7785,0.9915658598646471,observation_time_proxy,historical data_available_time is unknown; observation_time is a pseudo-operational proxy,10.196311643055555,30,0.7835616216485519,8
2012-08-28T00:00:00+00:00,2012-08-27,windermere,south,water_temperature,2.0,month_1,2012-08-28,2012-09-26,15.707086618055556,degC,expanding_prior_year_window_climatology,1.0,True,4,4,2008|2009|2010|2011,0cd1ddf58e7f333fb0765335531d33c24b7038431ca2b4959b8027682f72f443,0.7213559037285106,observation_time_proxy,historical data_available_time is unknown; observation_time is a pseudo-operational proxy,16.022261180555557,30,-0.3151745625000011,8
2012-08-28T00:00:00+00:00,2012-08-27,windermere,south,water_temperature,2.0,month_2,2012-09-27,2012-10-26,13.395342041666666,degC,expanding_prior_year_window_climatology,1.0,True,4,4,2008|2009|2010|2011,c8ebbfbd4797c79b731e6f1646584cafe174ecf5cbe0106d19f5d5381a5db265,0.560762321265345,observation_time_proxy,historical data_available_time is unknown; observation_time is a pseudo-operational proxy,12.266477097222223,30,1.1288649444444427,8
2012-08-28T00:00:00+00:00,2012-08-27,windermere,south,water_temperature,2.0,month_3,2012-10-27,2012-11-25,10.317816510884661,degC,expanding_prior_year_window_climatology,1.0,True,4,4,2008|2009|2010|2011,a2bc908b85309c386308ca45673a742d9d38ebbe48864c24685331d34fd468a9,1.0585530055521086,observation_time_proxy,historical data_available_time is unknown; observation_time is a pseudo-operational proxy,9.591377365277777,30,0.7264391456068839,8
2012-09-04T00:00:00+00:00,2012-09-03,windermere,south,water_temperature,2.0,month_1,2012-09-04,2012-10-03,15.208791475694444,degC,expanding_prior_year_window_climatology,1.0,True,4,4,2008|2009|2010|2011,352d4f3adfd07423746b9a1e80a9216a76e59dc6920d01ca3d6dcc3270139db9,0.6300624676907822,observation_time_proxy,historical data_available_time is unknown; observation_time is a pseudo-operational proxy,15.203634055555556,30,0.005157420138887758,9
2012-09-04T00:00:00+00:00,2012-09-03,windermere,south,water_temperature,2.0,month_2,2012-10-04,2012-11-02,12.67541207789855,degC,expanding_prior_year_window_climatology,1.0,True,4,4,2008|2009|2010|2011,8f4f229955fdeed63002ddd97858824d430b0aea9b0ec46b5aaaea54a54191a1,0.7326728633576933,observation_time_proxy,historical data_available_time is unknown; observation_time is a pseudo-operational proxy,11.597555541666667,30,1.0778565362318826,9
2012-09-04T00:00:00+00:00,2012-09-03,windermere,south,water_temperature,2.0,month_3,2012-11-03,2012-12-02,9.649091671527778,degC,expanding_prior_year_window_climatology,1.0,True,4,4,2008|2009|2010|2011,01317d0083fa1ca61f34fcbb1425724753ed962d97b9df5b8f91ffd51d4dd1ae,1.091203129664665,observation_time_proxy,historical data_available_time is unknown; observation_time is a pseudo-operational proxy,9.01868170138889,30,0.6304099701388886,9
2012-09-11T00:00:00+00:00,2012-09-10,windermere,south,water_temperature,2.0,month_1,2012-09-11,2012-10-10,14.6909469375,degC,expanding_prior_year_window_climatology,1.0,True,4,4,2008|2009|2010|2011,e0f92d8657ab2dc5e8af084dac8b6b1c5cc852edf7934dbbbff03e3d85ec9c3a,0.4604978563147156,observation_time_proxy,historical data_available_time is unknown; observation_time is a pseudo-operational proxy,14.181577986111112,30,0.5093689513888879,9
2012-09-11T00:00:00+00:00,2012-09-10,windermere,south,water_temperature,2.0,month_2,2012-10-11,2012-11-09,11.96623154317633,degC,expanding_prior_year_window_climatology,1.0,True,4,4,2008|2009|2010|2011,d11e1091a9a70ed1ac17d143a29b9155444d929d2cc02b61f8d9e76b99cf9736,0.8634194445192886,observation_time_proxy,historical data_available_time is unknown; observation_time is a pseudo-operational proxy,10.955248868055556,30,1.0109826751207738,9
2012-09-11T00:00:00+00:00,2012-09-10,windermere,south,water_temperature,2.0,month_3,2012-11-10,2012-12-09,8.909686646875,degC,expanding_prior_year_window_climatology,1.0,True,4,4,2008|2009|2010|2011,05de27e8a2a8dc5d92635e498d6eeb65b0b87b062de7c4f3189118a35859ded6,1.1419877149975666,observation_time_proxy,historical data_available_time is unknown; observation_time is a pseudo-operational proxy,8.42040215,30,0.4892844968750012,9
2012-09-18T00:00:00+00:00,2012-09-17,windermere,south,water_temperature,2.0,month_1,2012-09-18,2012-10-17,14.175239843750001,degC,expanding_prior_year_window_climatology,1.0,True,4,4,2008|2009|2010|2011,c04c7568ae99c58e29eb122a307b5a06c778de0db37e7bd6102b5a6c4bb0d2e1,0.41677207409057315,observation_time_proxy,historical data_available_time is unknown; observation_time is a pseudo-operational proxy,13.218899166666667,30,0.9563406770833343,9
2012-09-18T00:00:00+00:00,2012-09-17,windermere,south,water_temperature,2.0,month_2,2012-10-18,2012-11-16,11.190687442134662,degC,expanding_prior_year_window_climatology,1.0,True,4,4,2008|2009|2010|2011,82deed50535cf48b0747298d597eb8be8cffa02e3bd4602aca99a59b00d5f212,0.968539070496587,observation_time_proxy,historical data_available_time is unknown; observation_time is a pseudo-operational proxy,10.356726083333333,30,0.8339613588013286,9
2012-09-18T00:00:00+00:00,2012-09-17,windermere,south,water_temperature,2.0,month_3,2012-11-17,2012-12-16,8.172981570486112,degC,expanding_prior_year_window_climatology,1.0,True,4,4,2008|2009|2010|2011,719f4dd56d2130006539c578e179e09b9cd5e9b4e15aeebe59ef3badf5b6ee28,1.1474676153074455,observation_time_proxy,historical data_available_time is unknown; observation_time is a pseudo-operational proxy,7.7317980833333335,30,0.4411834871527782,9
2012-09-25T00:00:00+00:00,2012-09-24,windermere,south,water_temperature,2.0,month_1,2012-09-25,2012-10-24,13.579967434027779,degC,expanding_prior_year_window_climatology,1.0,True,4,4,2008|2009|2010|2011,3ebc59e6487ea4455aa361a7c734b3d5c5a52a6c93cd92d4dcb9833a760d206f,0.5105308219103218,observation_time_proxy,historical data_available_time is unknown; observation_time is a pseudo-operational proxy,12.445083319444445,30,1.1348841145833344,9
2012-09-25T00:00:00+00:00,2012-09-24,windermere,south,water_temperature,2.0,month_2,2012-10-25,2012-11-23,10.500151800467995,degC,expanding_prior_year_window_climatology,1.0,True,4,4,2008|2009|2010|2011,4f921090f30c26de69dc70875bb365bf37cf92bf212c315d3ec928ce43621098,1.0418304737861726,observation_time_proxy,historical data_available_time is unknown; observation_time is a pseudo-operational proxy,9.767605408333333,30,0.7325463921346618,9
2012-09-25T00:00:00+00:00,2012-09-24,windermere,south,water_temperature,2.0,month_3,2012-11-24,2012-12-23,7.426607118402778,degC,expanding_prior_year_window_climatology,1.0,True,4,4,2008|2009|2010|2011,011f1f250759304855a94c4d7b5515cf7e351943973826bd608a45552f2f4bd1,1.1357274203999697,observation_time_proxy,historical data_available_time is unknown; observation_time is a pseudo-operational proxy,7.023574177777777,30,0.4030329406250006,9
2012-10-02T00:00:00+00:00,2012-10-01,windermere,south,water_temperature,2.0,month_1,2012-10-02,2012-10-31,12.886700425120774,degC,expanding_prior_year_window_climatology,1.0,True,4,4,2008|2009|2010|2011,59e88074a0a7eaa479962a6c07243f1749366d7a7ee20ea43b354e75bab6f330,0.6820445701136577,observation_time_proxy,historical data_available_time is unknown; observation_time is a pseudo-operational proxy,11.781039875,30,1.1056605501207741,10
2012-10-02T00:00:00+00:00,2012-10-01,windermere,south,water_temperature,2.0,month_2,2012-11-01,2012-11-30,9.848331357291666,degC,expanding_prior_year_window_climatology,1.0,True,4,4,2008|2009|2010|2011,ea21970f3cdc1e7033816bc3da81e6e15b06cc87f01138ddaef28617e3b69604,1.0890551443407228,observation_time_proxy,historical data_available_time is unknown; observation_time is a pseudo-operational proxy,9.187782465277778,30,0.6605488920138889,10
2012-10-02T00:00:00+00:00,2012-10-01,windermere,south,water_temperature,2.0,month_3,2012-12-01,2012-12-30,6.726986025,degC,expanding_prior_year_window_climatology,1.0,True,4,4,2008|2009|2010|2011,976aff72891f43259ede3168005240e41fff7c0ced3a3043a3c5be9e817e9e0d,1.1058840326813395,observation_time_proxy,historical data_available_time is unknown; observation_time is a pseudo-operational proxy,6.448593779166667,30,0.27839224583333344,10
2012-10-09T00:00:00+00:00,2012-10-08,windermere,south,water_temperature,2.0,month_1,2012-10-09,2012-11-07,12.172727789704107,degC,expanding_prior_year_window_climatology,1.0,True,4,4,2008|2009|2010|2011,ece5d0296f6542ac24eb5367d7493952f1a773faa4ff4f60531d8d7dfa50eddb,0.8319120336848104,observation_time_proxy,historical data_available_time is unknown; observation_time is a pseudo-operational proxy,11.132669434722223,30,1.040058354981884,10
2012-10-09T00:00:00+00:00,2012-10-08,windermere,south,water_temperature,2.0,month_2,2012-11-08,2012-12-07,9.123555631944445,degC,expanding_prior_year_window_climatology,1.0,True,4,4,2008|2009|2010|2011,d7938e39b45418460707e7ed539a8b649f06bb54668d3d47dc31d37e9e839694,1.125852363564983,observation_time_proxy,historical data_available_time is unknown; observation_time is a pseudo-operational proxy,8.59819217361111,30,0.5253634583333344,10
2012-10-09T00:00:00+00:00,2012-10-08,windermere,south,water_temperature,2.0,month_3,2012-12-08,2013-01-06,5.753554969303543,degC,expanding_prior_year_window_climatology,1.0,True,4,3,2008|2009|2010,433d960c849446c9554b3e148b6fd838ef6c0400760e3aeeda02e0a0eb649f7b,0.9287130147460372,observation_time_proxy,historical data_available_time is unknown; observation_time is a pseudo-operational proxy,6.108563658333333,30,-0.3550086890297903,10
2012-10-16T00:00:00+00:00,2012-10-15,windermere,south,water_temperature,2.0,month_1,2012-10-16,2012-11-14,11.412893818870772,degC,expanding_prior_year_window_climatology,1.0,True,4,4,2008|2009|2010|2011,0cf518b8419b947d8dd6802077bcb6645080fa3b9494ccc005f2e05ca2e0aa86,0.9459558025308307,observation_time_proxy,historical data_available_time is unknown; observation_time is a pseudo-operational proxy,10.515847433333333,30,0.8970463855374398,10
2012-10-16T00:00:00+00:00,2012-10-15,windermere,south,water_temperature,2.0,month_2,2012-11-15,2012-12-14,8.384066869791667,degC,expanding_prior_year_window_climatology,1.0,True,4,4,2008|2009|2010|2011,831de45e644488b8f47aeccf8832d8de402e3989bec5d37fcd500f7342b238f3,1.14724809544569,observation_time_proxy,historical data_available_time is unknown; observation_time is a pseudo-operational proxy,7.944250645833333,30,0.4398162239583341,10
2012-10-16T00:00:00+00:00,2012-10-15,windermere,south,water_temperature,2.0,month_3,2012-12-15,2013-01-13,5.204517891988727,degC,expanding_prior_year_window_climatology,1.0,True,4,3,2008|2009|2010,93edb4128300e407d4e038f886d942d3e54af25e8522594f53f2ddc7f32e00e9,0.7973139683445568,observation_time_proxy,historical data_available_time is unknown; observation_time is a pseudo-operational proxy,6.001160795833333,30,-0.7966429038446057,10
2012-10-23T00:00:00+00:00,2012-10-22,windermere,south,water_temperature,2.0,month_1,2012-10-23,2012-11-21,10.684806133454106,degC,expanding_prior_year_window_climatology,1.0,True,4,4,2008|2009|2010|2011,fef46a75e404abdcbf51e96c5be1816d1be16993680c0948d1abb6efad1b0500,1.0229949416914437,observation_time_proxy,historical data_available_time is unknown; observation_time is a pseudo-operational proxy,9.939780569444444,30,0.7450255640096621,10
2012-10-23T00:00:00+00:00,2012-10-22,windermere,south,water_temperature,2.0,month_2,2012-11-22,2012-12-21,7.644136569444445,degC,expanding_prior_year_window_climatology,1.0,True,4,4,2008|2009|2010|2011,78738eada46f331199448635a59d77e5f47bf2e2b7973ec38d07ec0266b84f42,1.1407127036816997,observation_time_proxy,historical data_available_time is unknown; observation_time is a pseudo-operational proxy,7.222972169444445,30,0.4211644000000003,10
2012-10-23T00:00:00+00:00,2012-10-22,windermere,south,water_temperature,2.0,month_3,2012-12-22,2013-01-20,4.753631978099839,degC,expanding_prior_year_window_climatology,1.0,True,4,3,2008|2009|2010,3b4958499d444c1a30ce2f824a63ab1f48f532573a348d45bc48c1d4e11054f7,0.6411967335402458,observation_time_proxy,historical data_available_time is unknown; observation_time is a pseudo-operational proxy,5.943022974702381,28,-1.1893909966025422,10
2012-10-30T00:00:00+00:00,2012-10-29,windermere,south,water_temperature,2.0,month_1,2012-10-30,2012-11-28,10.037797855676327,degC,expanding_prior_year_window_climatology,1.0,True,4,4,2008|2009|2010|2011,c855b5099cddadf7085e15bed7c28c88fc631be1d4d9e9cf23273b6e13de7a3c,1.0806012887103824,observation_time_proxy,historical data_available_time is unknown; observation_time is a pseudo-operational proxy,9.35148818611111,30,0.6863096695652171,10
2012-10-30T00:00:00+00:00,2012-10-29,windermere,south,water_temperature,2.0,month_2,2012-11-29,2012-12-28,6.918014920138889,degC,expanding_prior_year_window_climatology,1.0,True,4,4,2008|2009|2010|2011,721f64ba961729f66fbe121e38ee32f50a70eaff51c595183b42317ce841545a,1.1157323917201556,observation_time_proxy,historical data_available_time is unknown; observation_time is a pseudo-operational proxy,6.588316843055556,30,0.3296980770833331,10
2012-10-30T00:00:00+00:00,2012-10-29,windermere,south,water_temperature,2.0,month_3,2012-12-29,2013-01-27,4.415235882266505,degC,expanding_prior_year_window_climatology,1.0,True,4,3,2008|2009|2010,594596cac785bebc618148a3a83d23ab72840ebc876c39d0ddf4a6e8a5b5cc8e,0.500073441047592,observation_time_proxy,historical data_available_time is unknown; observation_time is a pseudo-operational proxy,5.731838633928572,28,-1.3166027516620664,10
2012-11-06T00:00:00+00:00,2012-11-05,windermere,south,water_temperature,2.0,month_1,2012-11-06,2012-12-05,9.334435934375,degC,expanding_prior_year_window_climatology,1.0,True,4,4,2008|2009|2010|2011,d538600fdcdf11acee1c1c2c86950aaa942adc4fc07aed1c68e19f28ffe24602,1.105527645556914,observation_time_proxy,historical data_available_time is unknown; observation_time is a pseudo-operational proxy,8.773154425,30,0.5612815093750001,11
2012-11-06T00:00:00+00:00,2012-11-05,windermere,south,water_temperature,2.0,month_2,2012-12-06,2013-01-04,5.91639544384058,degC,expanding_prior_year_window_climatology,1.0,True,4,3,2008|2009|2010,a9d2349c049d15b216a51ef12cb83ed6a83059a9300062e93dca874113508b8a,0.9486588117231077,observation_time_proxy,historical data_available_time is unknown; observation_time is a pseudo-operational proxy,6.177391813888889,30,-0.2609963700483089,11
2012-11-06T00:00:00+00:00,2012-11-05,windermere,south,water_temperature,2.0,month_3,2013-01-05,2013-02-03,4.510769658333333,degC,expanding_prior_year_window_climatology,1.0,True,4,4,2008|2009|2010|2011,fcaa68f1cba111dce42049ce636bbd58e09f25c7425f7fab902ac4de04580dfb,0.7433062886090331,observation_time_proxy,historical data_available_time is unknown; observation_time is a pseudo-operational proxy,5.392469825892857,28,-0.881700167559524,11
2012-11-13T00:00:00+00:00,2012-11-12,windermere,south,water_temperature,2.0,month_1,2012-11-13,2012-12-12,8.594371270833333,degC,expanding_prior_year_window_climatology,1.0,True,4,4,2008|2009|2010|2011,63e73547b19b158490d958d6610c4138459f94b0adad4718fcb85bf224dc8bbf,1.149363923002205,observation_time_proxy,historical data_available_time is unknown; observation_time is a pseudo-operational proxy,8.137198647222222,30,0.4571726236111111,11
2012-11-13T00:00:00+00:00,2012-11-12,windermere,south,water_temperature,2.0,month_2,2012-12-13,2013-01-11,5.356098519766506,degC,expanding_prior_year_window_climatology,1.0,True,4,3,2008|2009|2010,e2f82578304ce7583b8fbc30f86f5ecc4c802ffa62140a092a31a2a0b1d95f19,0.8410553532347084,observation_time_proxy,historical data_available_time is unknown; observation_time is a pseudo-operational proxy,6.0238378444444445,30,-0.6677393246779388,11
2012-11-13T00:00:00+00:00,2012-11-12,windermere,south,water_temperature,2.0,month_3,2013-01-12,2013-02-10,4.412332192361111,degC,expanding_prior_year_window_climatology,1.0,True,4,4,2008|2009|2010|2011,6054665f2c61cbc6c5752aecbf14adaab9dee824e000c703e7df8fa2ba806403,0.7341058379768896,observation_time_proxy,historical data_available_time is unknown; observation_time is a pseudo-operational proxy,5.002244653273809,28,-0.5899124609126982,11
2012-11-20T00:00:00+00:00,2012-11-19,windermere,south,water_temperature,2.0,month_1,2012-11-20,2012-12-19,7.859237702777778,degC,expanding_prior_year_window_climatology,1.0,True,4,4,2008|2009|2010|2011,2eed609b1bdf1aff1bb15591393027441f984dcf9435bc14f981f3229d1f6932,1.1441813406989365,observation_time_proxy,historical data_available_time is unknown; observation_time is a pseudo-operational proxy,7.424328276388889,30,0.43490942638888885,11
2012-11-20T00:00:00+00:00,2012-11-19,windermere,south,water_temperature,2.0,month_2,2012-12-20,2013-01-18,4.868118174396135,degC,expanding_prior_year_window_climatology,1.0,True,4,3,2008|2009|2010,1721388b81d53f3531d9177fed31b158b34f535d7fc87f40c3f8dcb179fc6c66,0.6759582714572873,observation_time_proxy,historical data_available_time is unknown; observation_time is a pseudo-operational proxy,5.9751636875,28,-1.1070455131038655,11
2012-11-20T00:00:00+00:00,2012-11-19,windermere,south,water_temperature,2.0,month_3,2013-01-19,2013-02-17,4.353408694791667,degC,expanding_prior_year_window_climatology,1.0,True,4,4,2008|2009|2010|2011,321b58f4dd819a88097a201051ca5a3c8ddb95fc352b364ccd0dcfa5f2009b5e,0.7481288426162,observation_time_proxy,historical data_available_time is unknown; observation_time is a pseudo-operational proxy,4.698253669444444,30,-0.3448449746527773,11
2012-11-27T00:00:00+00:00,2012-11-26,windermere,south,water_temperature,2.0,month_1,2012-11-27,2012-12-26,7.11133774375,degC,expanding_prior_year_window_climatology,1.0,True,4,4,2008|2009|2010|2011,480029bc512345c7eb56e254e4dafdf16a4323501e25a86466f7e3dfbe7108ee,1.1155124969731742,observation_time_proxy,historical data_available_time is unknown; observation_time is a pseudo-operational proxy,6.750368084722222,30,0.360969659027778,11
2012-11-27T00:00:00+00:00,2012-11-26,windermere,south,water_temperature,2.0,month_2,2012-12-27,2013-01-25,4.497992274396135,degC,expanding_prior_year_window_climatology,1.0,True,4,3,2008|2009|2010,659594c6bdcf2715542b8aadec91bdd377c1024db5053ace13deca6373928ec3,0.5519760050599574,observation_time_proxy,historical data_available_time is unknown; observation_time is a pseudo-operational proxy,5.810166397321429,28,-1.3121741229252937,11
2012-11-27T00:00:00+00:00,2012-11-26,windermere,south,water_temperature,2.0,month_3,2013-01-26,2013-02-24,4.298572953472222,degC,expanding_prior_year_window_climatology,1.0,True,4,4,2008|2009|2010|2011,3a231715b3fe8ede378c915bd3d08021ddb84ea7838c0d18c081af3bfe268584,0.7432256397832402,observation_time_proxy,historical data_available_time is unknown; observation_time is a pseudo-operational proxy,4.4682589069444445,30,-0.16968595347222237,11
2012-12-04T00:00:00+00:00,2012-12-03,windermere,south,water_temperature,2.0,month_1,2012-12-04,2013-01-02,6.474938574274284,degC,expanding_prior_year_window_climatology,1.0,True,4,4,2008|2009|2010|2011,e31fa5f316d4cc0ae7196da7535d7e740551975dacd2a78323d430b0d0da9b43,1.1097907557351638,observation_time_proxy,historical data_available_time is unknown; observation_time is a pseudo-operational proxy,6.271924659722222,30,0.20301391455206197,12
2012-12-04T00:00:00+00:00,2012-12-03,windermere,south,water_temperature,2.0,month_2,2013-01-03,2013-02-01,4.560709142708333,degC,expanding_prior_year_window_climatology,1.0,True,4,4,2008|2009|2010|2011,3ce20bc4402f678ca33bc40653ee2d95ac436e0f1ca6f9f27615447325b9b99d,0.7460829530419772,observation_time_proxy,historical data_available_time is unknown; observation_time is a pseudo-operational proxy,5.489538302083333,28,-0.9288291593749998,12
2012-12-04T00:00:00+00:00,2012-12-03,windermere,south,water_temperature,2.0,month_3,2013-02-02,2013-03-03,4.291484184375,degC,expanding_prior_year_window_climatology,1.0,True,4,4,2008|2009|2010|2011,2e0428c759f7a620eec522d55cc6660a3fe41a54d1a3225c6f6305b78f301131,0.7447323232944744,observation_time_proxy,historical data_available_time is unknown; observation_time is a pseudo-operational proxy,4.346563183333333,30,-0.0550789989583329,12
2012-12-11T00:00:00+00:00,2012-12-10,windermere,south,water_temperature,2.0,month_1,2012-12-11,2013-01-09,5.516413894303542,degC,expanding_prior_year_window_climatology,1.0,True,4,3,2008|2009|2010,01756bd728f0e55ccda835f7279f2db73e1f7a3159686951fc73f3195d0e174d,0.878656603410885,observation_time_proxy,historical data_available_time is unknown; observation_time is a pseudo-operational proxy,6.0501621875,30,-0.5337482931964574,12
2012-12-11T00:00:00+00:00,2012-12-10,windermere,south,water_temperature,2.0,month_2,2013-01-10,2013-02-08,4.4273915100694445,degC,expanding_prior_year_window_climatology,1.0,True,4,4,2008|2009|2010|2011,3f92044f8bf577160b05c55b6a223e0df7c26a12670cae376d73f64a5ab75440,0.7378040511734691,observation_time_proxy,historical data_available_time is unknown; observation_time is a pseudo-operational proxy,5.114616763392857,28,-0.6872252533234127,12
2012-12-11T00:00:00+00:00,2012-12-10,windermere,south,water_temperature,2.0,month_3,2013-02-09,2013-03-10,4.344265895138889,degC,expanding_prior_year_window_climatology,1.0,True,4,4,2008|2009|2010|2011,50bc6329fa8231e85852c4fad561a620c237a0ed73705cb35660d4845eec25aa,0.7677827987063375,observation_time_proxy,historical data_available_time is unknown; observation_time is a pseudo-operational proxy,4.256394276388889,30,0.08787161875000038,12
2012-12-18T00:00:00+00:00,2012-12-17,windermere,south,water_temperature,2.0,month_1,2012-12-18,2013-01-16,4.990221570229468,degC,expanding_prior_year_window_climatology,1.0,True,4,3,2008|2009|2010,cfd7f091c6f9cc60fcf2448a06f3a0f45a38d00b78cf809765bc0a99c2387f39,0.721760291450036,observation_time_proxy,historical data_available_time is unknown; observation_time is a pseudo-operational proxy,5.980309906944444,30,-0.990088336714976,12
2012-12-18T00:00:00+00:00,2012-12-17,windermere,south,water_temperature,2.0,month_2,2013-01-17,2013-02-15,4.372334334027777,degC,expanding_prior_year_window_climatology,1.0,True,4,4,2008|2009|2010|2011,cd9feeb5ccf54f48d101ea8055337c51b7448551942c03863aa2f6298323d821,0.7425007151342922,observation_time_proxy,historical data_available_time is unknown; observation_time is a pseudo-operational proxy,4.721059217261905,28,-0.3487248832341274,12
2012-12-18T00:00:00+00:00,2012-12-17,windermere,south,water_temperature,2.0,month_3,2013-02-16,2013-03-17,4.469671768402778,degC,expanding_prior_year_window_climatology,1.0,True,4,4,2008|2009|2010|2011,959903bd1fbde7c3494deed6b0ff1e76411c579049d79a3ec0103aee55251ebf,0.7407214608026145,observation_time_proxy,historical data_available_time is unknown; observation_time is a pseudo-operational proxy,4.1853538736111116,30,0.28431789479166625,12
2012-12-25T00:00:00+00:00,2012-12-24,windermere,south,water_temperature,2.0,month_1,2012-12-25,2013-01-23,4.592818800322061,degC,expanding_prior_year_window_climatology,1.0,True,4,3,2008|2009|2010,b4bb79b699635f279f162fb284ce87ddd1c77ab9266c2212f87bec0d32b6b198,0.5939887321042895,observation_time_proxy,historical data_available_time is unknown; observation_time is a pseudo-operational proxy,5.870835800595238,28,-1.2780170002731763,12
2012-12-25T00:00:00+00:00,2012-12-24,windermere,south,water_temperature,2.0,month_2,2013-01-24,2013-02-22,4.312119325694445,degC,expanding_prior_year_window_climatology,1.0,True,4,4,2008|2009|2010|2011,7328a0a063fd4e8168717a594f868f7f38cc9a3be0bd61ea55d9d4cd0df828da,0.7449990502392745,observation_time_proxy,historical data_available_time is unknown; observation_time is a pseudo-operational proxy,4.526179177777777,30,-0.21405985208333256,12
2012-12-25T00:00:00+00:00,2012-12-24,windermere,south,water_temperature,2.0,month_3,2013-02-23,2013-03-24,4.750288839236111,degC,expanding_prior_year_window_climatology,1.0,True,4,4,2008|2009|2010|2011,c2365be4b000ae8dc1068430ed2990555b8e88b12f3236ca2a772bb2fd6c58d2,0.686505295169301,observation_time_proxy,historical data_available_time is unknown; observation_time is a pseudo-operational proxy,4.1272772125,30,0.623011626736111,12
2013-01-01T00:00:00+00:00,2012-12-31,windermere,south,water_temperature,2.0,month_1,2013-01-01,2013-01-30,4.9495691493115945,degC,expanding_prior_year_window_climatology,1.0,True,5,5,2008|2009|2010|2011|2012,8e9e537bb3f7ed8c577f5186d697c8dc5150114bd0e60309ba98dc1abb395cbe,0.9727492101496932,observation_time_proxy,historical data_available_time is unknown; observation_time is a pseudo-operational proxy,5.586450802083333,28,-0.6368816527717387,1
2013-01-01T00:00:00+00:00,2012-12-31,windermere,south,water_temperature,2.0,month_2,2013-01-31,2013-03-01,4.447253205555556,degC,expanding_prior_year_window_climatology,1.0,True,5,5,2008|2009|2010|2011|2012,2b66cc6566291ee29ebd7433315b758324e45809ee114a6180e25b4851079032,0.7433311682666559,observation_time_proxy,historical data_available_time is unknown; observation_time is a pseudo-operational proxy,4.374409086111111,30,0.07284411944444447,1
2013-01-01T00:00:00+00:00,2012-12-31,windermere,south,water_temperature,2.0,month_3,2013-03-02,2013-03-31,5.479666189444445,degC,expanding_prior_year_window_climatology,1.0,True,5,5,2008|2009|2010|2011|2012,094cfec9a81602094d23d2ca5bd9bb16f255b1b822e14f2b1124205999167911,0.9963048049513864,observation_time_proxy,historical data_available_time is unknown; observation_time is a pseudo-operational proxy,4.048889845833333,30,1.4307763436111118,1
2013-01-08T00:00:00+00:00,2013-01-07,windermere,south,water_temperature,2.0,month_1,2013-01-08,2013-02-06,4.755967353611111,degC,expanding_prior_year_window_climatology,1.0,True,5,5,2008|2009|2010|2011|2012,31a434235916ee85e24187a10dac6f0119d9af2a3a777dfaf178d66832ce359c,0.9366583430099217,observation_time_proxy,historical data_available_time is unknown; observation_time is a pseudo-operational proxy,5.234982369047619,28,-0.4790150154365076,1
2013-01-08T00:00:00+00:00,2013-01-07,windermere,south,water_temperature,2.0,month_2,2013-02-07,2013-03-08,4.5001089216666665,degC,expanding_prior_year_window_climatology,1.0,True,5,5,2008|2009|2010|2011|2012,20fe2865704fdbdb0118cb395b125ed6d21496c9a07e8ef82ac7940ca7596dbf,0.7680856016880646,observation_time_proxy,historical data_available_time is unknown; observation_time is a pseudo-operational proxy,4.2724313333333335,30,0.22767758833333307,1
2013-01-08T00:00:00+00:00,2013-01-07,windermere,south,water_temperature,2.0,month_3,2013-03-09,2013-04-07,5.936596179722223,degC,expanding_prior_year_window_climatology,1.0,True,5,5,2008|2009|2010|2011|2012,6cb5948958ec039b5f80673de3551344c540208aa9bd6c30f3350ebee25e7e6a,1.0289628631858796,observation_time_proxy,historical data_available_time is unknown; observation_time is a pseudo-operational proxy,3.9863796319444442,30,1.9502165477777784,1
2013-01-15T00:00:00+00:00,2013-01-14,windermere,south,water_temperature,2.0,month_1,2013-01-15,2013-02-13,4.638964213055555,degC,expanding_prior_year_window_climatology,1.0,True,5,5,2008|2009|2010|2011|2012,e12fb9cc3f7b64940df10294e8bf6df9f4382df9c766eda7a8a91168ff83519f,0.8488664615833603,observation_time_proxy,historical data_available_time is unknown; observation_time is a pseudo-operational proxy,4.8328001770833335,28,-0.19383596402777847,1
2013-01-15T00:00:00+00:00,2013-01-14,windermere,south,water_temperature,2.0,month_2,2013-02-14,2013-03-15,4.626142853611111,degC,expanding_prior_year_window_climatology,1.0,True,5,5,2008|2009|2010|2011|2012,19df436f275bf2a120939aa09add09a65e561fa99bb9c33cdcb7ec52e0137fa2,0.7952833668030581,observation_time_proxy,historical data_available_time is unknown; observation_time is a pseudo-operational proxy,4.195758963888889,30,0.4303838897222221,1
2013-01-15T00:00:00+00:00,2013-01-14,windermere,south,water_temperature,2.0,month_3,2013-03-16,2013-04-14,6.569482956111111,degC,expanding_prior_year_window_climatology,1.0,True,5,5,2008|2009|2010|2011|2012,031fbc8a9cfbf133f288a8e280125adb025590452961312826fafee7843de8eb,0.9814447410217969,observation_time_proxy,historical data_available_time is unknown; observation_time is a pseudo-operational proxy,4.064545526388889,30,2.504937429722222,1
2013-01-22T00:00:00+00:00,2013-01-21,windermere,south,water_temperature,2.0,month_1,2013-01-22,2013-02-20,4.523896834166667,degC,expanding_prior_year_window_climatology,1.0,True,5,5,2008|2009|2010|2011|2012,939708e2ea8e75dba6694cdc865d321e7ef51f1607bd7370cf97ca1f287a502e,0.7818610795621503,observation_time_proxy,historical data_available_time is unknown; observation_time is a pseudo-operational proxy,4.588874855555556,30,-0.06497802138888886,1
2013-01-22T00:00:00+00:00,2013-01-21,windermere,south,water_temperature,2.0,month_2,2013-02-21,2013-03-22,4.8925329713888885,degC,expanding_prior_year_window_climatology,1.0,True,5,5,2008|2009|2010|2011|2012,b3bfa03ebc9f689494b56103b165f7fbc040ea8192ca5d03265564235ba0d0ba,0.7981149220504822,observation_time_proxy,historical data_available_time is unknown; observation_time is a pseudo-operational proxy,4.144160313888889,30,0.7483726574999991,1
2013-01-22T00:00:00+00:00,2013-01-21,windermere,south,water_temperature,2.0,month_3,2013-03-23,2013-04-21,7.2854594623206195,degC,expanding_prior_year_window_climatology,1.0,True,5,5,2008|2009|2010|2011|2012,e37f18df09430336ac2acbd413d1e812d30022a0b75ae29c5ebdecc400ce75e5,1.0552689225675351,observation_time_proxy,historical data_available_time is unknown; observation_time is a pseudo-operational proxy,4.376213455555556,30,2.9092460067650636,1
2013-01-29T00:00:00+00:00,2013-01-28,windermere,south,water_temperature,2.0,month_1,2013-01-29,2013-02-27,4.454018204722222,degC,expanding_prior_year_window_climatology,1.0,True,5,5,2008|2009|2010|2011|2012,d6f479c9c2348b73ac0d45299ff6784806beb15f83ff4e68f42706c0d67491c7,0.747403201539153,observation_time_proxy,historical data_available_time is unknown; observation_time is a pseudo-operational proxy,4.401337455555556,30,0.052680749166666097,1
2013-01-29T00:00:00+00:00,2013-01-28,windermere,south,water_temperature,2.0,month_2,2013-02-28,2013-03-29,5.311853531944444,degC,expanding_prior_year_window_climatology,1.0,True,5,5,2008|2009|2010|2011|2012,9be54327db356cc292c75e8669d07fd5399b253dc898b1210fad05a815d6b920,0.8919421717109922,observation_time_proxy,historical data_available_time is unknown; observation_time is a pseudo-operational proxy,4.074209202777777,30,1.2376443291666668,1
2013-01-29T00:00:00+00:00,2013-01-28,windermere,south,water_temperature,2.0,month_3,2013-03-30,2013-04-28,8.212209998611112,degC,expanding_prior_year_window_climatology,1.0,True,5,4,2008|2009|2011|2012,a3e48610c86d001b1a6f2a5fe7591e65777529ea645e237fb5ee8a6a9261be7c,1.3578379683289312,observation_time_proxy,historical data_available_time is unknown; observation_time is a pseudo-operational proxy,5.0195979388888885,30,3.192612059722223,1
2013-02-05T00:00:00+00:00,2013-02-04,windermere,south,water_temperature,2.0,month_1,2013-02-05,2013-03-06,4.480287583611111,degC,expanding_prior_year_window_climatology,1.0,True,5,5,2008|2009|2010|2011|2012,4880445c00b22fddd6af605c73601b7f693cfc5da9288c385a051d2546f2895a,0.757724137483252,observation_time_proxy,historical data_available_time is unknown; observation_time is a pseudo-operational proxy,4.305464548611111,30,0.17482303500000018,2
2013-02-05T00:00:00+00:00,2013-02-04,windermere,south,water_temperature,2.0,month_2,2013-03-07,2013-04-05,5.805656766666667,degC,expanding_prior_year_window_climatology,1.0,True,5,5,2008|2009|2010|2011|2012,698113e041d62e6775ec1d6ba61c21c54210789afb54cef5bab4cfeecdac1265,1.0353081294997692,observation_time_proxy,historical data_available_time is unknown; observation_time is a pseudo-operational proxy,3.9892608125,30,1.816395954166667,2
2013-02-05T00:00:00+00:00,2013-02-04,windermere,south,water_temperature,2.0,month_3,2013-04-06,2013-05-05,8.968980769791667,degC,expanding_prior_year_window_climatology,1.0,True,5,4,2008|2009|2011|2012,546939477758154b13a1fe3d83ae6a720118039b94876498cdcdc17f2770851d,1.8122909459009535,observation_time_proxy,historical data_available_time is unknown; observation_time is a pseudo-operational proxy,5.864061498611111,30,3.104919271180556,2
2013-02-12T00:00:00+00:00,2013-02-11,windermere,south,water_temperature,2.0,month_1,2013-02-12,2013-03-13,4.574586915,degC,expanding_prior_year_window_climatology,1.0,True,5,5,2008|2009|2010|2011|2012,b24927496b86eae6a327dcef59c5156c64eca0446a44d9526561d688685e90a5,0.7859700932841803,observation_time_proxy,historical data_available_time is unknown; observation_time is a pseudo-operational proxy,4.219180572222222,30,0.35540634277777805,2
2013-02-12T00:00:00+00:00,2013-02-11,windermere,south,water_temperature,2.0,month_2,2013-03-14,2013-04-12,6.3763018647222225,degC,expanding_prior_year_window_climatology,1.0,True,5,5,2008|2009|2010|2011|2012,1eb31f1309d6672449cf6899cbdec60be39e24ba66041ff0e83724407bb8afb0,0.9904912990245521,observation_time_proxy,historical data_available_time is unknown; observation_time is a pseudo-operational proxy,4.021557741666666,30,2.354744123055556,2
2013-02-12T00:00:00+00:00,2013-02-11,windermere,south,water_temperature,2.0,month_3,2013-04-13,2013-05-12,9.8896457625,degC,expanding_prior_year_window_climatology,1.0,True,5,4,2008|2009|2011|2012,615538536b3d7d4e62796e2d7792638fef64c51601a86dd3afca65f8dd52607b,1.8468135506413144,observation_time_proxy,historical data_available_time is unknown; observation_time is a pseudo-operational proxy,6.873203223611111,30,3.0164425388888896,2
2013-02-19T00:00:00+00:00,2013-02-18,windermere,south,water_temperature,2.0,month_1,2013-02-19,2013-03-20,4.800874806388888,degC,expanding_prior_year_window_climatology,1.0,True,5,5,2008|2009|2010|2011|2012,e51d68cae8ad39a6f1887d6f9689622bbc3ed4028a0b72c106f0984375effb77,0.8035248736049059,observation_time_proxy,historical data_available_time is unknown; observation_time is a pseudo-operational proxy,4.161635922222223,30,0.6392388841666659,2
2013-02-19T00:00:00+00:00,2013-02-18,windermere,south,water_temperature,2.0,month_2,2013-03-21,2013-04-19,7.077527910833333,degC,expanding_prior_year_window_climatology,1.0,True,5,5,2008|2009|2010|2011|2012,cab89baaf74745fdae48004bf113e4fe0bf51a08643a60e06c0835836b65f61c,0.9870681775457988,observation_time_proxy,historical data_available_time is unknown; observation_time is a pseudo-operational proxy,4.2423063625,30,2.835221548333333,2
2013-02-19T00:00:00+00:00,2013-02-18,windermere,south,water_temperature,2.0,month_3,2013-04-20,2013-05-19,10.726537541666668,degC,expanding_prior_year_window_climatology,1.0,True,5,4,2008|2009|2011|2012,3360b2b7c70c397d2a268183c15026dd40dbdc0a3e9e121901217918b5f5870a,1.7435936565992256,observation_time_proxy,historical data_available_time is unknown; observation_time is a pseudo-operational proxy,7.823379298611111,30,2.9031582430555565,2
2013-02-26T00:00:00+00:00,2013-02-25,windermere,south,water_temperature,2.0,month_1,2013-02-26,2013-03-27,5.176591526666667,degC,expanding_prior_year_window_climatology,1.0,True,5,5,2008|2009|2010|2011|2012,004c92f1e285766ba583d2fefb381686b215d63da639007945d3e8d8a5a54af7,0.8454482958096247,observation_time_proxy,historical data_available_time is unknown; observation_time is a pseudo-operational proxy,4.095095204166666,30,1.0814963225000005,2
2013-02-26T00:00:00+00:00,2013-02-25,windermere,south,water_temperature,2.0,month_2,2013-03-28,2013-04-26,8.020309357638888,degC,expanding_prior_year_window_climatology,1.0,True,5,4,2008|2009|2011|2012,e28d58bdc24c9f96073585948aa32586b1e8305759fb1807b19e3377435f51f9,1.2811046322747797,observation_time_proxy,historical data_available_time is unknown; observation_time is a pseudo-operational proxy,4.809264416666666,30,3.211044940972222,2
2013-02-26T00:00:00+00:00,2013-02-25,windermere,south,water_temperature,2.0,month_3,2013-04-27,2013-05-26,11.508321511805555,degC,expanding_prior_year_window_climatology,1.0,True,5,4,2008|2009|2011|2012,8309b78a9b232a4683e5e38c9eae90617a6c93b958a03e2cf65da6da04adb8cf,1.3990290022357192,observation_time_proxy,historical data_available_time is unknown; observation_time is a pseudo-operational proxy,8.876009433333333,30,2.6323120784722214,2
2013-03-05T00:00:00+00:00,2013-03-04,windermere,south,water_temperature,2.0,month_1,2013-03-05,2013-04-03,5.683493514444445,degC,expanding_prior_year_window_climatology,1.0,True,5,5,2008|2009|2010|2011|2012,6fd71d9ebbb16b5e30f2d8005694d2b6af97d6bf93f24f855c714d2e29f413a6,1.0474355367527048,observation_time_proxy,historical data_available_time is unknown; observation_time is a pseudo-operational proxy,4.013753634722222,30,1.669739879722223,3
2013-03-05T00:00:00+00:00,2013-03-04,windermere,south,water_temperature,2.0,month_2,2013-04-04,2013-05-03,8.717142196527778,degC,expanding_prior_year_window_climatology,1.0,True,5,4,2008|2009|2011|2012,5daaf0973692424deea16caa29f00a80e60889b0ebdb425eca731dc4cf7cd286,1.687995669984165,observation_time_proxy,historical data_available_time is unknown; observation_time is a pseudo-operational proxy,5.608419881944444,30,3.108722314583334,3
2013-03-05T00:00:00+00:00,2013-03-04,windermere,south,water_temperature,2.0,month_3,2013-05-04,2013-06-02,12.503146507998084,degC,expanding_prior_year_window_climatology,1.0,True,5,5,2008|2009|2010|2011|2012,db74a555962de268f745d7817900f10beb998416c2cae1952d876cfc48b3ab00,0.8870199953867896,observation_time_proxy,historical data_available_time is unknown; observation_time is a pseudo-operational proxy,9.794330441666666,30,2.7088160663314174,3
2013-03-12T00:00:00+00:00,2013-03-11,windermere,south,water_temperature,2.0,month_1,2013-03-12,2013-04-10,6.173223151666667,degC,expanding_prior_year_window_climatology,1.0,True,5,5,2008|2009|2010|2011|2012,71043aca6be4e1a87caf80892dc2cad736264c2a8c35d1cc69e43454f5b6ba7c,1.0092498200756654,observation_time_proxy,historical data_available_time is unknown; observation_time is a pseudo-operational proxy,3.9851100027777777,30,2.188113148888889,3
2013-03-12T00:00:00+00:00,2013-03-11,windermere,south,water_temperature,2.0,month_2,2013-04-11,2013-05-10,9.64126657361111,degC,expanding_prior_year_window_climatology,1.0,True,5,4,2008|2009|2011|2012,04d1afc9fe8d3f6874c72d3add7014025fc0890e3896faf483c9749525b08aaa,1.893742929054558,observation_time_proxy,historical data_available_time is unknown; observation_time is a pseudo-operational proxy,6.603133876388889,30,3.0381326972222213,3
2013-03-12T00:00:00+00:00,2013-03-11,windermere,south,water_temperature,2.0,month_3,2013-05-11,2013-06-09,13.64054159032567,degC,expanding_prior_year_window_climatology,1.0,True,5,5,2008|2009|2010|2011|2012,2874d86105aba2d578c6e6a6182929e3b72b2965d9b1425eacfee14c65c54266,0.7722431326802476,observation_time_proxy,historical data_available_time is unknown; observation_time is a pseudo-operational proxy,11.340894784722222,30,2.299646805603448,3
2013-03-19T00:00:00+00:00,2013-03-18,windermere,south,water_temperature,2.0,month_1,2013-03-19,2013-04-17,6.871568820277778,degC,expanding_prior_year_window_climatology,1.0,True,5,5,2008|2009|2010|2011|2012,7e5bffec629ac11ac19f82a9273b1ef3847972b8e5cd862fa9450bdd94ade561,0.9717088920416379,observation_time_proxy,historical data_available_time is unknown; observation_time is a pseudo-operational proxy,4.146655366666667,30,2.7249134536111113,3
2013-03-19T00:00:00+00:00,2013-03-18,windermere,south,water_temperature,2.0,month_2,2013-04-18,2013-05-17,10.505833969444444,degC,expanding_prior_year_window_climatology,1.0,True,5,4,2008|2009|2011|2012,0cb7af784e00c6dafed1be67ec51ab6b0cfacbc47f7500973f2cc296e6dcc7a2,1.7710401252708805,observation_time_proxy,historical data_available_time is unknown; observation_time is a pseudo-operational proxy,7.5469703500000005,30,2.9588636194444433,3
2013-03-19T00:00:00+00:00,2013-03-18,windermere,south,water_temperature,2.0,month_3,2013-05-18,2013-06-16,14.633289897126437,degC,expanding_prior_year_window_climatology,1.0,True,5,5,2008|2009|2010|2011|2012,4f755d321023f4a5d64daf0e39675ecf2b676abf7deec7d380acea96da112e65,0.7572108478512678,observation_time_proxy,historical data_available_time is unknown; observation_time is a pseudo-operational proxy,12.858864615277778,30,1.774425281848659,3
2013-03-26T00:00:00+00:00,2013-03-25,windermere,south,water_temperature,2.0,month_1,2013-03-26,2013-04-24,7.8241747975694445,degC,expanding_prior_year_window_climatology,1.0,True,5,4,2008|2009|2011|2012,7323c7909737efaea908493b525264131b004c57ac216270710cca945ab7c95b,1.2051520402240907,observation_time_proxy,historical data_available_time is unknown; observation_time is a pseudo-operational proxy,4.591518634722222,30,3.2326561628472223,3
2013-03-26T00:00:00+00:00,2013-03-25,windermere,south,water_temperature,2.0,month_2,2013-04-25,2013-05-24,11.252018631597222,degC,expanding_prior_year_window_climatology,1.0,True,5,4,2008|2009|2011|2012,afc4527b852ac899ee9d8c13440ce83afdfc5224563932432a665e1fd6715d1e,1.5417599516642406,observation_time_proxy,historical data_available_time is unknown; observation_time is a pseudo-operational proxy,8.607206901388889,30,2.6448117302083336,3
2013-03-26T00:00:00+00:00,2013-03-25,windermere,south,water_temperature,2.0,month_3,2013-05-25,2013-06-23,15.385153496264369,degC,expanding_prior_year_window_climatology,1.0,True,5,5,2008|2009|2010|2011|2012,aa852ebdbd78fda626f411ba77b9832e995790c4de4e10fd7c38438c7a6399e4,0.7533064565854511,observation_time_proxy,historical data_available_time is unknown; observation_time is a pseudo-operational proxy,14.175504647222223,30,1.2096488490421464,3
2013-04-02T00:00:00+00:00,2013-04-01,windermere,south,water_temperature,2.0,month_1,2013-04-02,2013-05-01,8.511728094097222,degC,expanding_prior_year_window_climatology,1.0,True,5,4,2008|2009|2011|2012,808fb72c56e031d6ef6affb3464d7b0ab8ce777c4245cbd0c2905bc81fce26e4,1.5409338831856139,observation_time_proxy,historical data_available_time is unknown; observation_time is a pseudo-operational proxy,5.3541411638888885,30,3.1575869302083337,4
2013-04-02T00:00:00+00:00,2013-04-01,windermere,south,water_temperature,2.0,month_2,2013-05-02,2013-05-31,12.210491758055555,degC,expanding_prior_year_window_climatology,1.0,True,5,5,2008|2009|2010|2011|2012,b6814e6963f27103030cd9d78f17a2d8e1899ee0b7a9abddcf90fe782382cbbf,0.95933825836199,observation_time_proxy,historical data_available_time is unknown; observation_time is a pseudo-operational proxy,9.49325638888889,30,2.7172353691666657,4
2013-04-02T00:00:00+00:00,2013-04-01,windermere,south,water_temperature,2.0,month_3,2013-06-01,2013-06-30,15.919232653639847,degC,expanding_prior_year_window_climatology,1.0,True,5,5,2008|2009|2010|2011|2012,ed8b0443a4031b866b5a10b8acf361734d64049960d7db6ff89d002774d8ce72,0.9050546616181292,observation_time_proxy,historical data_available_time is unknown; observation_time is a pseudo-operational proxy,15.394147652777777,30,0.5250850008620702,4
2013-04-09T00:00:00+00:00,2013-04-08,windermere,south,water_temperature,2.0,month_1,2013-04-09,2013-05-08,9.3780105125,degC,expanding_prior_year_window_climatology,1.0,True,5,4,2008|2009|2011|2012,1ef694446c90d8b1dbff3adb4b51dc3141bc160390c9bf3a9081e8ddd349fa0f,1.9102333861352379,observation_time_proxy,historical data_available_time is unknown; observation_time is a pseudo-operational proxy,6.339244023611111,30,3.0387664888888883,4
2013-04-09T00:00:00+00:00,2013-04-08,windermere,south,water_temperature,2.0,month_2,2013-05-09,2013-06-07,13.33826603065134,degC,expanding_prior_year_window_climatology,1.0,True,5,5,2008|2009|2010|2011|2012,b8e42da61c7ae743b99209706ac97474d9f7782355417f454cd11bb91c2bbbc7,0.7652195745757631,observation_time_proxy,historical data_available_time is unknown; observation_time is a pseudo-operational proxy,10.789977152777778,30,2.5482888778735617,4
2013-04-09T00:00:00+00:00,2013-04-08,windermere,south,water_temperature,2.0,month_3,2013-06-08,2013-07-07,16.397234783091786,degC,expanding_prior_year_window_climatology,1.0,True,5,5,2008|2009|2010|2011|2012,e14f56811761c83aca398077a04b55078aeed1b3ffa228af82db797394b87693,1.3182399891878605,observation_time_proxy,historical data_available_time is unknown; observation_time is a pseudo-operational proxy,15.941767291666666,30,0.4554674914251198,4
2013-04-16T00:00:00+00:00,2013-04-15,windermere,south,water_temperature,2.0,month_1,2013-04-16,2013-05-15,10.263160491666667,degC,expanding_prior_year_window_climatology,1.0,True,5,4,2008|2009|2011|2012,ff57038e648e022eef33e05d0eb8590e61464569a8d7e6bf3f966b81d82f8df3,1.811736985529188,observation_time_proxy,historical data_available_time is unknown; observation_time is a pseudo-operational proxy,7.2781847,30,2.9849757916666677,4
2013-04-16T00:00:00+00:00,2013-04-15,windermere,south,water_temperature,2.0,month_2,2013-05-16,2013-06-14,14.34951263151341,degC,expanding_prior_year_window_climatology,1.0,True,5,5,2008|2009|2010|2011|2012,c650dbd90305ce7c03b9b9300a782ded842c5d621d1e478a367f4c749bc0c2d2,0.7700563629383301,observation_time_proxy,historical data_available_time is unknown; observation_time is a pseudo-operational proxy,12.512734401388888,30,1.836778230124521,4
2013-04-16T00:00:00+00:00,2013-04-15,windermere,south,water_temperature,2.0,month_3,2013-06-15,2013-07-14,16.851251342940273,degC,expanding_prior_year_window_climatology,1.0,True,5,5,2008|2009|2010|2011|2012,373314c5ea164da399b1aee6371544892d53bcc8f4ad4a3aa0e1853572bacf1a,1.6630695439050767,observation_time_proxy,historical data_available_time is unknown; observation_time is a pseudo-operational proxy,16.920524722222222,30,-0.06927337928194888,4
2013-04-23T00:00:00+00:00,2013-04-22,windermere,south,water_temperature,2.0,month_1,2013-04-23,2013-05-22,11.026892802083333,degC,expanding_prior_year_window_climatology,1.0,True,5,4,2008|2009|2011|2012,480610c12a2f3aaa71eb6feeba782bc1bd66bceb10e6bc43f56e41505c6fa551,1.6558713196421375,observation_time_proxy,historical data_available_time is unknown; observation_time is a pseudo-operational proxy,8.314741620833333,30,2.7121511812500003,4
2013-04-23T00:00:00+00:00,2013-04-22,windermere,south,water_temperature,2.0,month_2,2013-05-23,2013-06-21,15.237244574521073,degC,expanding_prior_year_window_climatology,1.0,True,5,5,2008|2009|2010|2011|2012,1f2ca2428fca0044790d9bd54e610cac59576af53e2023cd95f5e14b88a14da0,0.8090424162039207,observation_time_proxy,historical data_available_time is unknown; observation_time is a pseudo-operational proxy,13.841666870833333,30,1.3955777036877404,4
2013-04-23T00:00:00+00:00,2013-04-22,windermere,south,water_temperature,2.0,month_3,2013-06-22,2013-07-21,17.152620279051384,degC,expanding_prior_year_window_climatology,1.0,True,5,5,2008|2009|2010|2011|2012,f2c17752e8ff025398db4f412292d3a5f102c7d661faa8922fb2c70a99099080,1.76696463506091,observation_time_proxy,historical data_available_time is unknown; observation_time is a pseudo-operational proxy,18.3999355,30,-1.247315220948618,4
2013-04-30T00:00:00+00:00,2013-04-29,windermere,south,water_temperature,2.0,month_1,2013-04-30,2013-05-29,11.918407915852491,degC,expanding_prior_year_window_climatology,1.0,True,5,5,2008|2009|2010|2011|2012,48c1e2170778fa8daba6eb3d649733a438dd92644ecd1d090fe3b0b1d6a8e4c5,1.050753852417466,observation_time_proxy,historical data_available_time is unknown; observation_time is a pseudo-operational proxy,9.243221870833333,30,2.6751860450191582,4
2013-04-30T00:00:00+00:00,2013-04-29,windermere,south,water_temperature,2.0,month_2,2013-05-30,2013-06-28,15.755617001532567,degC,expanding_prior_year_window_climatology,1.0,True,5,5,2008|2009|2010|2011|2012,f9984a95bb23aef4efcf6d0e7e6b9c0f495e1e7cec9a5a41da00620412922829,0.7515052530941594,observation_time_proxy,historical data_available_time is unknown; observation_time is a pseudo-operational proxy,15.065040388888889,30,0.6905766126436781,4
2013-04-30T00:00:00+00:00,2013-04-29,windermere,south,water_temperature,2.0,month_3,2013-06-29,2013-07-28,17.45394140960694,degC,expanding_prior_year_window_climatology,1.0,True,5,5,2008|2009|2010|2011|2012,1319a9b1c6e039f4e25ae21f2275b4a489ceaafaed919ef79c6bd3a42984928d,1.4529530568368874,observation_time_proxy,historical data_available_time is unknown; observation_time is a pseudo-operational proxy,19.94031625,30,-2.486374840393058,4
2013-05-07T00:00:00+00:00,2013-05-06,windermere,south,water_temperature,2.0,month_1,2013-05-07,2013-06-05,13.019931378065134,degC,expanding_prior_year_window_climatology,1.0,True,5,5,2008|2009|2010|2011|2012,ca3eebb35971b7c388c76667344c91db84cd0e6eb8adcb572951f658f4bd633d,0.7839518713210751,observation_time_proxy,historical data_available_time is unknown; observation_time is a pseudo-operational proxy,10.3605812875,30,2.659350090565134,5
2013-05-07T00:00:00+00:00,2013-05-06,windermere,south,water_temperature,2.0,month_2,2013-06-06,2013-07-05,16.267407622222223,degC,expanding_prior_year_window_climatology,1.0,True,5,5,2008|2009|2010|2011|2012,0e3fc8d6e552de17f8c7593a4f3c002e92a7894f3de8dc2bcfd3b5944e70b01f,1.231225604812198,observation_time_proxy,historical data_available_time is unknown; observation_time is a pseudo-operational proxy,15.853813527777778,30,0.41359409444444495,5
2013-05-07T00:00:00+00:00,2013-05-06,windermere,south,water_temperature,2.0,month_3,2013-07-06,2013-08-04,17.548137326273604,degC,expanding_prior_year_window_climatology,1.0,True,5,5,2008|2009|2010|2011|2012,8e6e0c414adeafa5a4d5c78c318e8d8e587d71af20ba0afdbaae407ae0c46b21,1.0146252802297342,observation_time_proxy,historical data_available_time is unknown; observation_time is a pseudo-operational proxy,21.111436291666667,30,-3.563298965393063,5
2013-05-14T00:00:00+00:00,2013-05-13,windermere,south,water_temperature,2.0,month_1,2013-05-14,2013-06-12,14.068414672222222,degC,expanding_prior_year_window_climatology,1.0,True,5,5,2008|2009|2010|2011|2012,1803429c94b9c6f7098075dcf590dc97ce7cc79b32423f7c2e4bd4d34bb087dc,0.7695619098049845,observation_time_proxy,historical data_available_time is unknown; observation_time is a pseudo-operational proxy,12.108658502777779,30,1.959756169444443,5
2013-05-14T00:00:00+00:00,2013-05-13,windermere,south,water_temperature,2.0,month_2,2013-06-13,2013-07-12,16.72716464849583,degC,expanding_prior_year_window_climatology,1.0,True,5,5,2008|2009|2010|2011|2012,7badd5f458eb8f870f4f4e6eede933595da0bcb09c20fe52ee644a53efb6be67,1.5728841296810498,observation_time_proxy,historical data_available_time is unknown; observation_time is a pseudo-operational proxy,16.479773986111113,30,0.24739066238471707,5
2013-05-14T00:00:00+00:00,2013-05-13,windermere,south,water_temperature,2.0,month_3,2013-07-13,2013-08-11,17.623413596428573,degC,expanding_prior_year_window_climatology,1.0,True,5,5,2008|2009|2010|2011|2012,a93ba2faae177a84521b444694dd22ac4f5bae2fc81d8edf98144a2cff0eb07c,0.8586679611648617,observation_time_proxy,historical data_available_time is unknown; observation_time is a pseudo-operational proxy,21.23636863888889,30,-3.6129550424603174,5
2013-05-21T00:00:00+00:00,2013-05-20,windermere,south,water_temperature,2.0,month_1,2013-05-21,2013-06-19,15.013713834674329,degC,expanding_prior_year_window_climatology,1.0,True,5,5,2008|2009|2010|2011|2012,234669c3c4ab9a51c352992bf9f6d1b50bc38c2e8fd7bae841493251c95038c5,0.7949476110671163,observation_time_proxy,historical data_available_time is unknown; observation_time is a pseudo-operational proxy,13.454061991666666,30,1.5596518430076625,5
2013-05-21T00:00:00+00:00,2013-05-20,windermere,south,water_temperature,2.0,month_2,2013-06-20,2013-07-19,17.075157326273604,degC,expanding_prior_year_window_climatology,1.0,True,5,5,2008|2009|2010|2011|2012,5c3c658cc93870c2728b105050ae279a5d44eef6a3652871fde958559aea9a19,1.7535926596606937,observation_time_proxy,historical data_available_time is unknown; observation_time is a pseudo-operational proxy,18.008452430555554,30,-0.9332951042819495,5
2013-05-21T00:00:00+00:00,2013-05-20,windermere,south,water_temperature,2.0,month_3,2013-07-20,2013-08-18,17.69975509920635,degC,expanding_prior_year_window_climatology,1.0,True,5,5,2008|2009|2010|2011|2012,643b651c3f6d84030419f3d6dafe415e505d49a91ae88ebc2a9734d6de08c504,0.6952547477161847,observation_time_proxy,historical data_available_time is unknown; observation_time is a pseudo-operational proxy,20.493433694444445,30,-2.793678595238095,5
2013-05-28T00:00:00+00:00,2013-05-27,windermere,south,water_temperature,2.0,month_1,2013-05-28,2013-06-26,15.58293377729885,degC,expanding_prior_year_window_climatology,1.0,True,5,5,2008|2009|2010|2011|2012,015cd30ec83e8b5482a0056a4f84474eb2fcc657593b260795c46183515e85d4,0.679231364568613,observation_time_proxy,historical data_available_time is unknown; observation_time is a pseudo-operational proxy,14.686126191666666,30,0.8968075856321835,5
2013-05-28T00:00:00+00:00,2013-05-27,windermere,south,water_temperature,2.0,month_2,2013-06-27,2013-07-26,17.369701348495827,degC,expanding_prior_year_window_climatology,1.0,True,5,5,2008|2009|2010|2011|2012,e4e04cee6d0568018b45962af9e472c4e083d6d6d7dc9c78a33f26d826b77521,1.5936033483382592,observation_time_proxy,historical data_available_time is unknown; observation_time is a pseudo-operational proxy,19.546201430555556,30,-2.1765000820597287,5
2013-05-28T00:00:00+00:00,2013-05-27,windermere,south,water_temperature,2.0,month_3,2013-07-27,2013-08-25,17.71349923809524,degC,expanding_prior_year_window_climatology,1.0,True,5,5,2008|2009|2010|2011|2012,3e75d89e99a49810299910b5ac30da07a3c4c5af9bdf1174a6419fe93b1d465f,0.6020914768975788,observation_time_proxy,historical data_available_time is unknown; observation_time is a pseudo-operational proxy,19.360307652777777,30,-1.646808414682539,5
2013-06-04T00:00:00+00:00,2013-06-03,windermere,south,water_temperature,2.0,month_1,2013-06-04,2013-07-03,16.15383811111111,degC,expanding_prior_year_window_climatology,1.0,True,5,5,2008|2009|2010|2011|2012,7e7a50c575d0589d5cde6180f8eb14e0c9794f728ff14ff01e872cac5ef7d6ee,1.1336176234184154,observation_time_proxy,historical data_available_time is unknown; observation_time is a pseudo-operational proxy,15.737086930555556,30,0.41675118055555416,6
2013-06-04T00:00:00+00:00,2013-06-03,windermere,south,water_temperature,2.0,month_2,2013-07-04,2013-08-02,17.531071754051382,degC,expanding_prior_year_window_climatology,1.0,True,5,5,2008|2009|2010|2011|2012,0aa603fffc0d924d23c04ad50a8040ec14d7aa780e80f9be8c19685d2bbcc016,1.1058172046594248,observation_time_proxy,historical data_available_time is unknown; observation_time is a pseudo-operational proxy,20.817951819444446,30,-3.2868800653930634,6
2013-06-04T00:00:00+00:00,2013-06-03,windermere,south,water_temperature,2.0,month_3,2013-08-03,2013-09-01,17.46967384642857,degC,expanding_prior_year_window_climatology,1.0,True,5,5,2008|2009|2010|2011|2012,a778c1082675e4717a1193b47e7f3097c0162106590012a0e5f504b6b793f2ad,0.5176584722043629,observation_time_proxy,historical data_available_time is unknown; observation_time is a pseudo-operational proxy,18.654764916666668,30,-1.185091070238098,6
2013-06-11T00:00:00+00:00,2013-06-10,windermere,south,water_temperature,2.0,month_1,2013-06-11,2013-07-10,16.59873903309179,degC,expanding_prior_year_window_climatology,1.0,True,5,5,2008|2009|2010|2011|2012,0a97012cd597c9c8da477b40e370817f44d9759ac25f8c4472d675691d797d6c,1.4710293983496294,observation_time_proxy,historical data_available_time is unknown; observation_time is a pseudo-operational proxy,16.150027652777776,30,0.4487113803140126,6
2013-06-11T00:00:00+00:00,2013-06-10,windermere,south,water_temperature,2.0,month_2,2013-07-11,2013-08-09,17.60898008961039,degC,expanding_prior_year_window_climatology,1.0,True,5,5,2008|2009|2010|2011|2012,23632d2e7c617923f6c98aebff927aa3838343553b00ed4d6b9a1b566d3b4ea7,0.9111381340243025,observation_time_proxy,historical data_available_time is unknown; observation_time is a pseudo-operational proxy,21.355963652777778,30,-3.7469835631673867,6
2013-06-11T00:00:00+00:00,2013-06-10,windermere,south,water_temperature,2.0,month_3,2013-08-10,2013-09-08,17.089640252777777,degC,expanding_prior_year_window_climatology,1.0,True,5,5,2008|2009|2010|2011|2012,0ddacdb9d6e29e2b25a6a3bc88491b9d0279fea6b69d8daf2aa768fc4ffaa3e5,0.6333588900962882,observation_time_proxy,historical data_available_time is unknown; observation_time is a pseudo-operational proxy,18.079982583333333,30,-0.9903423305555563,6
2013-06-18T00:00:00+00:00,2013-06-17,windermere,south,water_temperature,2.0,month_1,2013-06-18,2013-07-17,16.992078565162494,degC,expanding_prior_year_window_climatology,1.0,True,5,5,2008|2009|2010|2011|2012,ebd3941a8f048eedf5003b87afd92576d5dedf35f626437d608162e32b6e7be8,1.736870318178032,observation_time_proxy,historical data_available_time is unknown; observation_time is a pseudo-operational proxy,17.58526573611111,30,-0.5931871709486174,6
2013-06-18T00:00:00+00:00,2013-06-17,windermere,south,water_temperature,2.0,month_2,2013-07-18,2013-08-16,17.666322696428573,degC,expanding_prior_year_window_climatology,1.0,True,5,5,2008|2009|2010|2011|2012,a32cb503a913add06506343294fbf05b8d9fa1a8295429102f5402b84b314f52,0.7269067296797177,observation_time_proxy,historical data_available_time is unknown; observation_time is a pseudo-operational proxy,20.785248694444444,30,-3.1189259980158717,6
2013-06-18T00:00:00+00:00,2013-06-17,windermere,south,water_temperature,2.0,month_3,2013-08-17,2013-09-15,16.63881058333333,degC,expanding_prior_year_window_climatology,1.0,True,5,5,2008|2009|2010|2011|2012,23c32520ca959c08c6adc0898ec74c0ba346b37bae995991399acc6da1a238fa,0.6982877392942161,observation_time_proxy,historical data_available_time is unknown; observation_time is a pseudo-operational proxy,17.488705652777778,30,-0.8498950694444467,6
2013-06-25T00:00:00+00:00,2013-06-24,windermere,south,water_temperature,2.0,month_1,2013-06-25,2013-07-24,17.274113676273608,degC,expanding_prior_year_window_climatology,1.0,True,5,5,2008|2009|2010|2011|2012,ef310b57483e1dc4d3849ad1f2a0f9ef0d4351989b2ae1649851bfeff6aa7121,1.696062812976922,observation_time_proxy,historical data_available_time is unknown; observation_time is a pseudo-operational proxy,19.11086913888889,30,-1.836755462615283,6
2013-06-25T00:00:00+00:00,2013-06-24,windermere,south,water_temperature,2.0,month_2,2013-07-25,2013-08-23,17.741682368650793,degC,expanding_prior_year_window_climatology,1.0,True,5,5,2008|2009|2010|2011|2012,016eab7c7397c64f9e9fb01331f828cfd4857e6cdd20b8f0f118dafb3714ad4b,0.6319212177805289,observation_time_proxy,historical data_available_time is unknown; observation_time is a pseudo-operational proxy,19.648044805555557,30,-1.9063624369047645,6
2013-06-25T00:00:00+00:00,2013-06-24,windermere,south,water_temperature,2.0,month_3,2013-08-24,2013-09-22,16.109141019444444,degC,expanding_prior_year_window_climatology,1.0,True,5,5,2008|2009|2010|2011|2012,f14c37da2f8f4b3f65aceb51e9f47f21e2ee7c4fd0c1532ba9bc8a6493ace2fd,0.6679165193613319,observation_time_proxy,historical data_available_time is unknown; observation_time is a pseudo-operational proxy,16.75462398611111,30,-0.6454829666666662,6
2013-07-02T00:00:00+00:00,2013-07-01,windermere,south,water_temperature,2.0,month_1,2013-07-02,2013-07-31,17.52549657349583,degC,expanding_prior_year_window_climatology,1.0,True,5,5,2008|2009|2010|2011|2012,04e0618885df700b876241f07963203b6972b59df1516d4b414d417a867145c5,1.228911063304879,observation_time_proxy,historical data_available_time is unknown; observation_time is a pseudo-operational proxy,20.474462625,30,-2.948966051504172,7
2013-07-02T00:00:00+00:00,2013-07-01,windermere,south,water_temperature,2.0,month_2,2013-08-01,2013-08-30,17.539287243650794,degC,expanding_prior_year_window_climatology,1.0,True,5,5,2008|2009|2010|2011|2012,48c1b63fad4650ad27d6fc528d127847663362760d41fda669a47e618699f0ac,0.5382687966376388,observation_time_proxy,historical data_available_time is unknown; observation_time is a pseudo-operational proxy,18.855339791666665,30,-1.3160525480158718,7
2013-07-02T00:00:00+00:00,2013-07-01,windermere,south,water_temperature,2.0,month_3,2013-08-31,2013-09-29,15.530631922222222,degC,expanding_prior_year_window_climatology,1.0,True,5,5,2008|2009|2010|2011|2012,30798313314fa65779c8328623f1b288494d35ed246e6a61fb8a8166b98c3bea,0.6092625380524817,observation_time_proxy,historical data_available_time is unknown; observation_time is a pseudo-operational proxy,15.875510777777778,30,-0.34487885555555664,7
2013-07-09T00:00:00+00:00,2013-07-08,windermere,south,water_temperature,2.0,month_1,2013-07-09,2013-08-07,17.589692472943725,degC,expanding_prior_year_window_climatology,1.0,True,5,5,2008|2009|2010|2011|2012,ecab13f22272f07d23962225e1315e9b8a993b4aaed545202f2a5d80b044564c,0.9399248311813416,observation_time_proxy,historical data_available_time is unknown; observation_time is a pseudo-operational proxy,21.347755125,30,-3.7580626520562745,7
2013-07-09T00:00:00+00:00,2013-07-08,windermere,south,water_temperature,2.0,month_2,2013-08-08,2013-09-06,17.221225769444445,degC,expanding_prior_year_window_climatology,1.0,True,5,5,2008|2009|2010|2011|2012,ef56c07202108925143f66e2be035d80045732b1b401239b8a03815bdaa12b76,0.5808260394044527,observation_time_proxy,historical data_available_time is unknown; observation_time is a pseudo-operational proxy,18.262593763888887,30,-1.0413679944444425,7
2013-07-09T00:00:00+00:00,2013-07-08,windermere,south,water_temperature,2.0,month_3,2013-09-07,2013-10-06,14.938764716666666,degC,expanding_prior_year_window_climatology,1.0,True,5,5,2008|2009|2010|2011|2012,14397f145fa742024778cf57f813147cc0e36bc17c5445071b71521a8c02eab2,0.4846652887965095,observation_time_proxy,historical data_available_time is unknown; observation_time is a pseudo-operational proxy,15.138707833333333,30,-0.19994311666666675,7
2013-07-16T00:00:00+00:00,2013-07-15,windermere,south,water_temperature,2.0,month_1,2013-07-16,2013-08-14,17.63892603531746,degC,expanding_prior_year_window_climatology,1.0,True,5,5,2008|2009|2010|2011|2012,e8dff0af7d5361213e1598744dfbe1abe7b481fce95f849c33331f2d75f5f902,0.7678979319993189,observation_time_proxy,historical data_available_time is unknown; observation_time is a pseudo-operational proxy,20.96906415277778,30,-3.3301381174603186,7
2013-07-16T00:00:00+00:00,2013-07-15,windermere,south,water_temperature,2.0,month_2,2013-08-15,2013-09-13,16.774960147222224,degC,expanding_prior_year_window_climatology,1.0,True,5,5,2008|2009|2010|2011|2012,0184c2d084ceb3ae6c8c3ea89e7c6d4e00ffaf96987baf5e66e63a662ab2302a,0.7049201703166526,observation_time_proxy,historical data_available_time is unknown; observation_time is a pseudo-operational proxy,17.661452819444445,30,-0.8864926722222215,7
2013-07-16T00:00:00+00:00,2013-07-15,windermere,south,water_temperature,2.0,month_3,2013-09-14,2013-10-13,14.320588158333333,degC,expanding_prior_year_window_climatology,1.0,True,5,5,2008|2009|2010|2011|2012,cdb9f023a1e13d523e42d1c643fc26eaad8b5e2c326f68b6a54a65ee6aee62e5,0.4843773526975909,observation_time_proxy,historical data_available_time is unknown; observation_time is a pseudo-operational proxy,14.498401902777777,30,-0.1778137444444443,7
2013-07-23T00:00:00+00:00,2013-07-22,windermere,south,water_temperature,2.0,month_1,2013-07-23,2013-08-21,17.727393932539684,degC,expanding_prior_year_window_climatology,1.0,True,5,5,2008|2009|2010|2011|2012,96cbb6313d62a1c24f5d336c85d14af117d1104018547defc1739b4b0632b601,0.6554521037489542,observation_time_proxy,historical data_available_time is unknown; observation_time is a pseudo-operational proxy,19.981014513888887,30,-2.253620581349203,7
2013-07-23T00:00:00+00:00,2013-07-22,windermere,south,water_temperature,2.0,month_2,2013-08-22,2013-09-20,16.271562763888888,degC,expanding_prior_year_window_climatology,1.0,True,5,5,2008|2009|2010|2011|2012,118d5b2e0bbf78d263078afb6711d16b138a9234ed3ea9859ed5242aa2aa22f8,0.6763268542697027,observation_time_proxy,historical data_available_time is unknown; observation_time is a pseudo-operational proxy,16.98240845833333,30,-0.7108456944444441,7
2013-07-23T00:00:00+00:00,2013-07-22,windermere,south,water_temperature,2.0,month_3,2013-09-21,2013-10-20,13.720935197222222,degC,expanding_prior_year_window_climatology,1.0,True,5,5,2008|2009|2010|2011|2012,e047be02c4021580dc3912179db0be853a2c2bb21072b8eec4cf0be71577eceb,0.614552012225807,observation_time_proxy,historical data_available_time is unknown; observation_time is a pseudo-operational proxy,13.85720751388889,30,-0.13627231666666795,7
2013-07-30T00:00:00+00:00,2013-07-29,windermere,south,water_temperature,2.0,month_1,2013-07-30,2013-08-28,17.616551604761906,degC,expanding_prior_year_window_climatology,1.0,True,5,5,2008|2009|2010|2011|2012,e6f8d564501f620e86c9f3c9c8083dc1fc072fe5fd80435dfad49b6878690d50,0.5602248846594693,observation_time_proxy,historical data_available_time is unknown; observation_time is a pseudo-operational proxy,19.04223490277778,30,-1.4256832980158727,7
2013-07-30T00:00:00+00:00,2013-07-29,windermere,south,water_temperature,2.0,month_2,2013-08-29,2013-09-27,15.687635705555556,degC,expanding_prior_year_window_climatology,1.0,True,5,5,2008|2009|2010|2011|2012,c72b598cc65f0b5e05598f871beccc70153af517e9c933f30d27cdb37b181694,0.6279569705434437,observation_time_proxy,historical data_available_time is unknown; observation_time is a pseudo-operational proxy,16.111230111111112,30,-0.4235944055555567,7
2013-07-30T00:00:00+00:00,2013-07-29,windermere,south,water_temperature,2.0,month_3,2013-09-28,2013-10-27,13.074418522222222,degC,expanding_prior_year_window_climatology,1.0,True,5,5,2008|2009|2010|2011|2012,b53a1f63174898b499ad593a8d6e385ac16e8d5eecd825c3687b251f6cee3c6e,0.7184303736420016,observation_time_proxy,historical data_available_time is unknown; observation_time is a pseudo-operational proxy,13.27498498611111,30,-0.20056646388888844,7
2013-08-06T00:00:00+00:00,2013-08-05,windermere,south,water_temperature,2.0,month_1,2013-08-06,2013-09-04,17.336774090873014,degC,expanding_prior_year_window_climatology,1.0,True,5,5,2008|2009|2010|2011|2012,5c761ad772a60ac00fd8be3860f601fe9fdd02703b74d6e3bcb5ca9e3e264f1f,0.5272712412141123,observation_time_proxy,historical data_available_time is unknown; observation_time is a pseudo-operational proxy,18.386320708333333,30,-1.0495466174603187,8
2013-08-06T00:00:00+00:00,2013-08-05,windermere,south,water_temperature,2.0,month_2,2013-09-05,2013-10-04,15.114501594444445,degC,expanding_prior_year_window_climatology,1.0,True,5,5,2008|2009|2010|2011|2012,7d23ed33a4c9e7dc069afc768f91c2c79db1ae6194c0c8991782490242afe8d0,0.5201510107441905,observation_time_proxy,historical data_available_time is unknown; observation_time is a pseudo-operational proxy,15.352137166666667,30,-0.23763557222222254,8
2013-08-06T00:00:00+00:00,2013-08-05,windermere,south,water_temperature,2.0,month_3,2013-10-05,2013-11-03,12.36066715120773,degC,expanding_prior_year_window_climatology,1.0,True,5,5,2008|2009|2010|2011|2012,cc12df5dd76b8ae0d278276a74c62c1c8039e304a52a054189db3edbdb39dda3,0.8119681210334828,observation_time_proxy,historical data_available_time is unknown; observation_time is a pseudo-operational proxy,12.574213125,30,-0.2135459737922698,8
2013-08-13T00:00:00+00:00,2013-08-12,windermere,south,water_temperature,2.0,month_1,2013-08-13,2013-09-11,16.900861213888888,degC,expanding_prior_year_window_climatology,1.0,True,5,5,2008|2009|2010|2011|2012,98d246f9ca8f9f5c74e2e6e396daa91337ebf1bbab82d2a13bb78ee47abf84db,0.6850728338141312,observation_time_proxy,historical data_available_time is unknown; observation_time is a pseudo-operational proxy,17.823351930555557,30,-0.9224907166666689,8
2013-08-13T00:00:00+00:00,2013-08-12,windermere,south,water_temperature,2.0,month_2,2013-09-12,2013-10-11,14.499357166666666,degC,expanding_prior_year_window_climatology,1.0,True,5,5,2008|2009|2010|2011|2012,e7617dd8db2b8a96b83f9939123582d576fb986930bfd5ee6e5e58bd5e36a353,0.46449771265490214,observation_time_proxy,historical data_available_time is unknown; observation_time is a pseudo-operational proxy,14.719348013888888,30,-0.21999084722222229,8
2013-08-13T00:00:00+00:00,2013-08-12,windermere,south,water_temperature,2.0,month_3,2013-10-12,2013-11-10,11.660733185652173,degC,expanding_prior_year_window_climatology,1.0,True,5,5,2008|2009|2010|2011|2012,1ad1fae2769d1f474b82ecce8c6ff96ebe8b08ca85aa2fab178f047fcadfc67a,0.880772016032865,observation_time_proxy,historical data_available_time is unknown; observation_time is a pseudo-operational proxy,11.731604125,30,-0.07087093934782729,8
2013-08-20T00:00:00+00:00,2013-08-19,windermere,south,water_temperature,2.0,month_1,2013-08-20,2013-09-18,16.421140758333333,degC,expanding_prior_year_window_climatology,1.0,True,5,5,2008|2009|2010|2011|2012,2f09ff1b9db3cd7ef05fd10021fa0efbad06f7286bacc5e55980031deba1634a,0.6857539188062628,observation_time_proxy,historical data_available_time is unknown; observation_time is a pseudo-operational proxy,17.193714597222222,30,-0.7725738388888885,8
2013-08-20T00:00:00+00:00,2013-08-19,windermere,south,water_temperature,2.0,month_2,2013-09-19,2013-10-18,13.897939011111111,degC,expanding_prior_year_window_climatology,1.0,True,5,5,2008|2009|2010|2011|2012,c6d056c13cad72f86b65c306d1d4abc98b452466fdab26bace24ac14caa88680,0.5802606494186924,observation_time_proxy,historical data_available_time is unknown; observation_time is a pseudo-operational proxy,14.009808541666667,30,-0.11186953055555549,8
2013-08-20T00:00:00+00:00,2013-08-19,windermere,south,water_temperature,2.0,month_3,2013-10-19,2013-11-17,10.922950067041063,degC,expanding_prior_year_window_climatology,1.0,True,5,5,2008|2009|2010|2011|2012,c1cf6094ea5d52678d82ce5a8c2260e562a89413c1444a994c9ecd45ad9eeaaf,0.9218054988153008,observation_time_proxy,historical data_available_time is unknown; observation_time is a pseudo-operational proxy,11.044644591666666,30,-0.12169452462560315,8
2013-08-27T00:00:00+00:00,2013-08-26,windermere,south,water_temperature,2.0,month_1,2013-08-27,2013-09-25,15.856400877777778,degC,expanding_prior_year_window_climatology,1.0,True,5,5,2008|2009|2010|2011|2012,6364be74216360e884597e39ef7553a231fe6e8a1abfaf7460ee474619ce0e9f,0.6538656175999239,observation_time_proxy,historical data_available_time is unknown; observation_time is a pseudo-operational proxy,16.39276048611111,30,-0.5363596083333331,8
2013-08-27T00:00:00+00:00,2013-08-26,windermere,south,water_temperature,2.0,month_2,2013-09-26,2013-10-25,13.262380411111112,degC,expanding_prior_year_window_climatology,1.0,True,5,5,2008|2009|2010|2011|2012,35543c8a9bd703c4285fdc64fe882b48d209d24cd81e7fa67eecb5a64e58bc65,0.6860400585426201,observation_time_proxy,historical data_available_time is unknown; observation_time is a pseudo-operational proxy,13.457433472222222,30,-0.19505306111111054,8
2013-08-27T00:00:00+00:00,2013-08-26,windermere,south,water_temperature,2.0,month_3,2013-10-26,2013-11-24,10.261617776763284,degC,expanding_prior_year_window_climatology,1.0,True,5,5,2008|2009|2010|2011|2012,e85813c7f2b4df54cdce12df2f178481a746036c35609c5f6a8d9b32cb92d9da,0.9662130928797424,observation_time_proxy,historical data_available_time is unknown; observation_time is a pseudo-operational proxy,10.306749005555556,30,-0.04513122879227183,8
2013-09-03T00:00:00+00:00,2013-09-02,windermere,south,water_temperature,2.0,month_1,2013-09-03,2013-10-02,15.297132858333333,degC,expanding_prior_year_window_climatology,1.0,True,5,5,2008|2009|2010|2011|2012,876042d6a6173161981e8e2bcb67e48021ed62d028b22494963bf0b7ac31b6ef,0.5677139173559375,observation_time_proxy,historical data_available_time is unknown; observation_time is a pseudo-operational proxy,15.555958458333333,30,-0.25882559999999977,9
2013-09-03T00:00:00+00:00,2013-09-02,windermere,south,water_temperature,2.0,month_2,2013-10-03,2013-11-01,12.558812792874397,degC,expanding_prior_year_window_climatology,1.0,True,5,5,2008|2009|2010|2011|2012,eecae42bab293005cca76a77b78110524911093b7fb24bcdd8993b84fbc6a6b4,0.780229205704675,observation_time_proxy,historical data_available_time is unknown; observation_time is a pseudo-operational proxy,12.789216527777779,30,-0.23040373490338162,9
2013-09-03T00:00:00+00:00,2013-09-02,windermere,south,water_temperature,2.0,month_3,2013-11-02,2013-12-01,9.621438695,degC,expanding_prior_year_window_climatology,1.0,True,5,5,2008|2009|2010|2011|2012,77e68605d0f7fec92b0932c4be918ce490d300d434971c62e93f00537e4e310f,0.9875722436435731,observation_time_proxy,historical data_available_time is unknown; observation_time is a pseudo-operational proxy,9.511411030555555,30,0.1100276644444449,9
2013-09-10T00:00:00+00:00,2013-09-09,windermere,south,water_temperature,2.0,month_1,2013-09-10,2013-10-09,14.679139822222222,degC,expanding_prior_year_window_climatology,1.0,True,5,5,2008|2009|2010|2011|2012,677b90a260db7aa9c54ca5ad4550db0a53156bd44f955af2cb47b7e772d9f7e5,0.4586197873619531,observation_time_proxy,historical data_available_time is unknown; observation_time is a pseudo-operational proxy,14.905364111111112,30,-0.2262242888888899,9
2013-09-10T00:00:00+00:00,2013-09-09,windermere,south,water_temperature,2.0,month_2,2013-10-10,2013-11-08,11.865076517596618,degC,expanding_prior_year_window_climatology,1.0,True,5,5,2008|2009|2010|2011|2012,31ae7431d0bc4b8fde659c1f58d74a5992e0be935909c96c25366135dcd31267,0.8666991944589116,observation_time_proxy,historical data_available_time is unknown; observation_time is a pseudo-operational proxy,11.954977777777778,30,-0.08990126018115951,9
2013-09-10T00:00:00+00:00,2013-09-09,windermere,south,water_temperature,2.0,month_3,2013-11-09,2013-12-08,8.913928588333334,degC,expanding_prior_year_window_climatology,1.0,True,5,5,2008|2009|2010|2011|2012,a4b085fc24ecc8c447049d7b245f4e004c4ac4be7cdd6c281004fa45c3decbfa,1.007402799294819,observation_time_proxy,historical data_available_time is unknown; observation_time is a pseudo-operational proxy,8.837286400966184,30,0.07664218736715078,9
2013-09-17T00:00:00+00:00,2013-09-16,windermere,south,water_temperature,2.0,month_1,2013-09-17,2013-10-16,14.06668475,degC,expanding_prior_year_window_climatology,1.0,True,5,5,2008|2009|2010|2011|2012,7b3c811d112aa0a262680d5d4691349883fc51c77b4e92a59173dccfc8a24d97,0.5372146596223559,observation_time_proxy,historical data_available_time is unknown; observation_time is a pseudo-operational proxy,14.182114361111111,30,-0.11542961111111083,9
2013-09-17T00:00:00+00:00,2013-09-16,windermere,south,water_temperature,2.0,month_2,2013-10-17,2013-11-15,11.127106935652174,degC,expanding_prior_year_window_climatology,1.0,True,5,5,2008|2009|2010|2011|2012,d60592cf20768639a10fff1f1664f7341d72e18cb3055c3c2bd5b1ea3e914d0c,0.9147542516988725,observation_time_proxy,historical data_available_time is unknown; observation_time is a pseudo-operational proxy,11.237471934722222,30,-0.1103649990700486,9
2013-09-17T00:00:00+00:00,2013-09-16,windermere,south,water_temperature,2.0,month_3,2013-11-16,2013-12-15,8.19050921,degC,expanding_prior_year_window_climatology,1.0,True,5,5,2008|2009|2010|2011|2012,505c6fd0ad8534b80723cfe4872b28ea96491429a1b1a5e3923c20cce302b31d,1.013433656514435,observation_time_proxy,historical data_available_time is unknown; observation_time is a pseudo-operational proxy,8.303838239855072,30,-0.11332902985507154,9
2013-09-24T00:00:00+00:00,2013-09-23,windermere,south,water_temperature,2.0,month_1,2013-09-24,2013-10-23,13.443498430555556,degC,expanding_prior_year_window_climatology,1.0,True,5,5,2008|2009|2010|2011|2012,65133b3c574f3a84ca3be014bdbaa7a833427ba7d729fcecde90ace12cd14a27,0.6594692149603562,observation_time_proxy,historical data_available_time is unknown; observation_time is a pseudo-operational proxy,13.628567930555555,30,-0.1850694999999991,9
2013-09-24T00:00:00+00:00,2013-09-23,windermere,south,water_temperature,2.0,month_2,2013-10-24,2013-11-22,10.444547905374396,degC,expanding_prior_year_window_climatology,1.0,True,5,5,2008|2009|2010|2011|2012,0a16ddd660b2d6391ec61d1737a31cbbbd33765dc981dace5370a004e613b299,0.9536412331755103,observation_time_proxy,historical data_available_time is unknown; observation_time is a pseudo-operational proxy,10.534382605555555,30,-0.08983470018115902,9
2013-09-24T00:00:00+00:00,2013-09-23,windermere,south,water_temperature,2.0,month_3,2013-11-23,2013-12-22,7.453927649444444,degC,expanding_prior_year_window_climatology,1.0,True,5,5,2008|2009|2010|2011|2012,7bb1d2885758595669b7e80bb7c04fc8337f6b0dcefe27cfae6fa68f186f7508,1.0040545830547314,observation_time_proxy,historical data_available_time is unknown; observation_time is a pseudo-operational proxy,7.833539053743961,30,-0.3796114042995171,9
2013-10-01T00:00:00+00:00,2013-09-30,windermere,south,water_temperature,2.0,month_1,2013-10-01,2013-10-30,12.773413319444444,degC,expanding_prior_year_window_climatology,1.0,True,5,5,2008|2009|2010|2011|2012,72fc84bcb82b97776b76c3ab8ec08f6c9b692d6476b8ecf89303547bbf38320f,0.7605737682192205,observation_time_proxy,historical data_available_time is unknown; observation_time is a pseudo-operational proxy,12.984224319444444,30,-0.21081099999999964,10
2013-10-01T00:00:00+00:00,2013-09-30,windermere,south,water_temperature,2.0,month_2,2013-10-31,2013-11-29,9.808581981763284,degC,expanding_prior_year_window_climatology,1.0,True,5,5,2008|2009|2010|2011|2012,ea234008be03f088a5f9346b7b470c61ac26b6c459a5257f59c20fc8a572ef14,0.9874922460036851,observation_time_proxy,historical data_available_time is unknown; observation_time is a pseudo-operational proxy,9.736287326388888,30,0.07229465537439594,10
2013-10-01T00:00:00+00:00,2013-09-30,windermere,south,water_temperature,2.0,month_3,2013-11-30,2013-12-29,6.760329479722222,degC,expanding_prior_year_window_climatology,1.0,True,5,5,2008|2009|2010|2011|2012,21de97b4834cb2a518378d93863ed27037d929facaac596479a8d181a1de09ba,0.9727495567541634,observation_time_proxy,historical data_available_time is unknown; observation_time is a pseudo-operational proxy,7.407536334299517,30,-0.6472068545772949,10
2013-10-08T00:00:00+00:00,2013-10-07,windermere,south,water_temperature,2.0,month_1,2013-10-08,2013-11-06,12.06584661870773,degC,expanding_prior_year_window_climatology,1.0,True,5,5,2008|2009|2010|2011|2012,b8d65bf8094fcb857414b5c0977527694d61ab6da27cd33dfcab65ac4a284898,0.8501372233015894,observation_time_proxy,historical data_available_time is unknown; observation_time is a pseudo-operational proxy,12.217261180555555,30,-0.15141456184782598,10
2013-10-08T00:00:00+00:00,2013-10-07,windermere,south,water_temperature,2.0,month_2,2013-11-07,2013-12-06,9.121211939722222,degC,expanding_prior_year_window_climatology,1.0,True,5,5,2008|2009|2010|2011|2012,ab5be20e16f9d5c9d8f468154963e1e95493763c8dddc0d4c8fb422089880b0b,0.9968727907044965,observation_time_proxy,historical data_available_time is unknown; observation_time is a pseudo-operational proxy,9.01556843013285,30,0.10564350958937219,10
2013-10-08T00:00:00+00:00,2013-10-07,windermere,south,water_temperature,2.0,month_3,2013-12-07,2014-01-05,6.210482289130435,degC,expanding_prior_year_window_climatology,1.0,True,5,4,2008|2009|2010|2011,9ec5be49f03ad1e70e659b0c138274f64f1a812b7dddb4585f54fa09e6d1ba9f,1.0743488778557917,observation_time_proxy,historical data_available_time is unknown; observation_time is a pseudo-operational proxy,7.020583198611111,30,-0.8101009094806759,10
2013-10-15T00:00:00+00:00,2013-10-14,windermere,south,water_temperature,2.0,month_1,2013-10-15,2013-11-13,11.341706010652175,degC,expanding_prior_year_window_climatology,1.0,True,5,5,2008|2009|2010|2011|2012,4aacbf305911206463f66033cc7cfca2db2d78be392cbe9004f319dc1941afda,0.9076920154273643,observation_time_proxy,historical data_available_time is unknown; observation_time is a pseudo-operational proxy,11.430864709722222,30,-0.08915869907004748,10
2013-10-15T00:00:00+00:00,2013-10-14,windermere,south,water_temperature,2.0,month_2,2013-11-14,2013-12-13,8.399765542777779,degC,expanding_prior_year_window_climatology,1.0,True,5,5,2008|2009|2010|2011|2012,998bda2f57921da832fb22889784bf8178ae1065a3be691c82961211625f0bbd,1.0141323421078756,observation_time_proxy,historical data_available_time is unknown; observation_time is a pseudo-operational proxy,8.444763460688407,30,-0.044997917910627905,10
2013-10-15T00:00:00+00:00,2013-10-14,windermere,south,water_temperature,2.0,month_3,2013-12-14,2014-01-12,5.679742534616546,degC,expanding_prior_year_window_climatology,1.0,True,5,4,2008|2009|2010|2011,7c218254fdeee724dbdeddd185609e610bce06af79d68499d1a836cd8be1f3b7,1.0447030901028007,observation_time_proxy,historical data_available_time is unknown; observation_time is a pseudo-operational proxy,6.695214166666666,30,-1.0154716320501205,10
2013-10-22T00:00:00+00:00,2013-10-21,windermere,south,water_temperature,2.0,month_1,2013-10-22,2013-11-20,10.629180637318841,degC,expanding_prior_year_window_climatology,1.0,True,5,5,2008|2009|2010|2011|2012,5dcffda3339976f9077c018cef1f2c58279254c94104dfdd44dde5db6675f16c,0.9396672641620069,observation_time_proxy,historical data_available_time is unknown; observation_time is a pseudo-operational proxy,10.750397006944445,30,-0.12121636962560345,10
2013-10-22T00:00:00+00:00,2013-10-21,windermere,south,water_temperature,2.0,month_2,2013-11-21,2013-12-20,7.666376284722222,degC,expanding_prior_year_window_climatology,1.0,True,5,5,2008|2009|2010|2011|2012,a22abdc474c01a4a3d79ca61bff822bd6015d0a68ad4840f9be5851b55694500,1.007429652866249,observation_time_proxy,historical data_available_time is unknown; observation_time is a pseudo-operational proxy,7.962462088466183,30,-0.2960858037439609,10
2013-10-22T00:00:00+00:00,2013-10-21,windermere,south,water_temperature,2.0,month_3,2013-12-21,2014-01-19,5.269446437741546,degC,expanding_prior_year_window_climatology,1.0,True,5,4,2008|2009|2010|2011,2e85c2c9c22be938328ef6347e26f89aa0e6c231f28c608db45e7e443d6652da,1.0629241435488266,observation_time_proxy,historical data_available_time is unknown; observation_time is a pseudo-operational proxy,6.382445922222222,30,-1.1129994844806754,10
2013-10-29T00:00:00+00:00,2013-10-28,windermere,south,water_temperature,2.0,month_1,2013-10-29,2013-11-27,9.992878974541062,degC,expanding_prior_year_window_climatology,1.0,True,5,5,2008|2009|2010|2011|2012,146101b49e9c03a8f80c2ca28a62b9f1fd9a01f511ceb3c2a7ebb1282717dcaa,0.9810869299557609,observation_time_proxy,historical data_available_time is unknown; observation_time is a pseudo-operational proxy,9.96339243611111,30,0.029486538429951636,10
2013-10-29T00:00:00+00:00,2013-10-28,windermere,south,water_temperature,2.0,month_2,2013-11-28,2013-12-27,6.94507873,degC,expanding_prior_year_window_climatology,1.0,True,5,5,2008|2009|2010|2011|2012,b3d33244236a9cbbb470e99ece6e73a1da99471aa6d1a5804bd315b725009c06,0.9782269939469024,observation_time_proxy,historical data_available_time is unknown; observation_time is a pseudo-operational proxy,7.530048228743961,30,-0.5849694987439618,10
2013-10-29T00:00:00+00:00,2013-10-28,windermere,south,water_temperature,2.0,month_3,2013-12-28,2014-01-26,4.939424218991546,degC,expanding_prior_year_window_climatology,1.0,True,5,4,2008|2009|2010|2011,2116101f885b5dfa8f6142dfe2b6b4e3f7e558649e4c09c0e4333a38d7365c16,1.0588563195693912,observation_time_proxy,historical data_available_time is unknown; observation_time is a pseudo-operational proxy,6.1641028944444445,30,-1.2246786754528989,10
2013-11-05T00:00:00+00:00,2013-11-04,windermere,south,water_temperature,2.0,month_1,2013-11-05,2013-12-04,9.325101908333334,degC,expanding_prior_year_window_climatology,1.0,True,5,5,2008|2009|2010|2011|2012,ed3aff5dcceb81f5a4afe6ac9c3ea4cfad7a006587598760db4c15e2982dfd9f,0.9876662686300205,observation_time_proxy,historical data_available_time is unknown; observation_time is a pseudo-operational proxy,9.203101478743962,30,0.12200042958937196,11
2013-11-05T00:00:00+00:00,2013-11-04,windermere,south,water_temperature,2.0,month_2,2013-12-05,2014-01-03,6.349834379884594,degC,expanding_prior_year_window_climatology,1.0,True,5,5,2008|2009|2010|2011|2012,5de8020df98ed8f4cdadbd3c6f986e6b13f123a6d5db0bc81cca639d6db82a6a,0.9412969298505061,observation_time_proxy,historical data_available_time is unknown; observation_time is a pseudo-operational proxy,7.1257575527777774,30,-0.775923172893183,11
2013-11-05T00:00:00+00:00,2013-11-04,windermere,south,water_temperature,2.0,month_3,2014-01-04,2014-02-02,4.857185950833333,degC,expanding_prior_year_window_climatology,1.0,True,5,5,2008|2009|2010|2011|2012,304548cbda2ed1d86081e3c0cf93d0492d1ec42d46455a79e96fdf04a34c7190,0.9625214118244291,observation_time_proxy,historical data_available_time is unknown; observation_time is a pseudo-operational proxy,6.002555833333333,30,-1.1453698824999998,11
2013-11-12T00:00:00+00:00,2013-11-11,windermere,south,water_temperature,2.0,month_1,2013-11-12,2013-12-11,8.604953990833334,degC,expanding_prior_year_window_climatology,1.0,True,5,5,2008|2009|2010|2011|2012,d044f5cfb2629a5d943512788041d34fb4385c660149612e643a6c364f14c773,1.016266655071058,observation_time_proxy,historical data_available_time is unknown; observation_time is a pseudo-operational proxy,8.591000099577295,30,0.01395389125603863,11
2013-11-12T00:00:00+00:00,2013-11-11,windermere,south,water_temperature,2.0,month_2,2013-12-12,2014-01-10,5.8245149505887674,degC,expanding_prior_year_window_climatology,1.0,True,5,4,2008|2009|2010|2011,893704467b27951ed32582e20344cffd1eed518a72fc282caa2cfdf3cee7c91a,1.0475316386267979,observation_time_proxy,historical data_available_time is unknown; observation_time is a pseudo-operational proxy,6.7874717,30,-0.9629567494112328,11
2013-11-12T00:00:00+00:00,2013-11-11,windermere,south,water_temperature,2.0,month_3,2014-01-11,2014-02-09,4.703757671111111,degC,expanding_prior_year_window_climatology,1.0,True,5,5,2008|2009|2010|2011|2012,65f6484862feb099245957a96d1e41e920d0de097169c94b5d00e8888d9725d8,0.9001621207127594,observation_time_proxy,historical data_available_time is unknown; observation_time is a pseudo-operational proxy,5.800890777777778,30,-1.097133106666667,11
2013-11-19T00:00:00+00:00,2013-11-18,windermere,south,water_temperature,2.0,month_1,2013-11-19,2013-12-18,7.877399938611111,degC,expanding_prior_year_window_climatology,1.0,True,5,5,2008|2009|2010|2011|2012,efdc8b122db204e770d8897be9fb2224219c58904d4404b7de356db52ca8d83b,1.0102252536602272,observation_time_proxy,historical data_available_time is unknown; observation_time is a pseudo-operational proxy,8.100317877355073,30,-0.22291793874396149,11
2013-11-19T00:00:00+00:00,2013-11-18,windermere,south,water_temperature,2.0,month_2,2013-12-19,2014-01-17,5.372300394685991,degC,expanding_prior_year_window_climatology,1.0,True,5,4,2008|2009|2010|2011,bf6b3d59c19ec7bd68bad43cce9a9703748f7c7491ed2c3190a07956ad04f0fd,1.057382831561139,observation_time_proxy,historical data_available_time is unknown; observation_time is a pseudo-operational proxy,6.461315836111111,30,-1.0890154414251203,11
2013-11-19T00:00:00+00:00,2013-11-18,windermere,south,water_temperature,2.0,month_3,2014-01-18,2014-02-16,4.5855633608333335,degC,expanding_prior_year_window_climatology,1.0,True,5,5,2008|2009|2010|2011|2012,2a9ba8dff7af37ef1b06c7b7587f32b23661652cec804add744619a6319fb7a7,0.8151844239784649,observation_time_proxy,historical data_available_time is unknown; observation_time is a pseudo-operational proxy,5.611944722222222,30,-1.0263813613888884,11
2013-11-26T00:00:00+00:00,2013-11-25,windermere,south,water_temperature,2.0,month_1,2013-11-26,2013-12-25,7.138449081111111,degC,expanding_prior_year_window_climatology,1.0,True,5,5,2008|2009|2010|2011|2012,e96b8724fd6fe4186433283ce486d35a1269ff4c68d3d902ee30c5090f184605,0.9836733325288504,observation_time_proxy,historical data_available_time is unknown; observation_time is a pseudo-operational proxy,7.647435581521739,30,-0.5089865004106278,11
2013-11-26T00:00:00+00:00,2013-11-25,windermere,south,water_temperature,2.0,month_2,2013-12-26,2014-01-24,5.02563299468599,degC,expanding_prior_year_window_climatology,1.0,True,5,4,2008|2009|2010|2011,cd9025fd6bce07234046e43304456c10af3c7dcc8fa2d46daae3a2099798861a,1.0732041626094575,observation_time_proxy,historical data_available_time is unknown; observation_time is a pseudo-operational proxy,6.218484288888889,30,-1.1928512942028986,11
2013-11-26T00:00:00+00:00,2013-11-25,windermere,south,water_temperature,2.0,month_3,2014-01-25,2014-02-23,4.486631984722222,degC,expanding_prior_year_window_climatology,1.0,True,5,5,2008|2009|2010|2011|2012,bba46130d77d570195bb1e0f3e5a3dbcaeebf4f65a6a08301d35c5ff896bbd8c,0.7614004275436018,observation_time_proxy,historical data_available_time is unknown; observation_time is a pseudo-operational proxy,5.461086263888889,30,-0.9744542791666673,11
2013-12-03T00:00:00+00:00,2013-12-02,windermere,south,water_temperature,2.0,month_1,2013-12-03,2014-01-01,6.505481376131934,degC,expanding_prior_year_window_climatology,1.0,True,5,5,2008|2009|2010|2011|2012,05ec9b85742d58a294ada3ff0e62427f9f2157e7b9549471b138192e2ff6d20d,0.9520369223903956,observation_time_proxy,historical data_available_time is unknown; observation_time is a pseudo-operational proxy,7.238409575966184,30,-0.7329281998342498,12
2013-12-03T00:00:00+00:00,2013-12-02,windermere,south,water_temperature,2.0,month_2,2014-01-02,2014-01-31,4.916398791944444,degC,expanding_prior_year_window_climatology,1.0,True,5,5,2008|2009|2010|2011|2012,8c6f36df5f8dadef00bb3092b7261fafba77c3b1c0c9b942540ff6c202c0fc74,0.9732066922648634,observation_time_proxy,historical data_available_time is unknown; observation_time is a pseudo-operational proxy,6.05069425,30,-1.134295458055556,12
2013-12-03T00:00:00+00:00,2013-12-02,windermere,south,water_temperature,2.0,month_3,2014-02-01,2014-03-02,4.451985911666666,degC,expanding_prior_year_window_climatology,1.0,True,5,5,2008|2009|2010|2011|2012,ae87098ba4ec7ac938e9c5ebbf7856ee8d94874ce98ce47c21eddefd05be842a,0.743498493650678,observation_time_proxy,historical data_available_time is unknown; observation_time is a pseudo-operational proxy,5.412983013888889,30,-0.9609971022222226,12
2013-12-10T00:00:00+00:00,2013-12-09,windermere,south,water_temperature,2.0,month_1,2013-12-10,2014-01-08,5.975465665172101,degC,expanding_prior_year_window_climatology,1.0,True,5,4,2008|2009|2010|2011,3367fb22b36de913d96d93eae8f9d310f61a24a289523b72ba85e2d1770038dc,1.056116479114872,observation_time_proxy,historical data_available_time is unknown; observation_time is a pseudo-operational proxy,6.877491927777778,30,-0.902026262605677,12
2013-12-10T00:00:00+00:00,2013-12-09,windermere,south,water_temperature,2.0,month_2,2014-01-09,2014-02-07,4.736390274444444,degC,expanding_prior_year_window_climatology,1.0,True,5,5,2008|2009|2010|2011|2012,cdf902b3a04280849493f697ea71e7f894a446cd68e6492590b78accddba1acd,0.9248864155441378,observation_time_proxy,historical data_available_time is unknown; observation_time is a pseudo-operational proxy,5.860183666666667,30,-1.1237933922222227,12
2013-12-10T00:00:00+00:00,2013-12-09,windermere,south,water_temperature,2.0,month_3,2014-02-08,2014-03-09,4.511197643611111,degC,expanding_prior_year_window_climatology,1.0,True,5,5,2008|2009|2010|2011|2012,e5cf577309bcb7deb5a5e1cc4a598ea8918dc24aabe7a51958ae24ae1f676f79,0.7727644314382575,observation_time_proxy,historical data_available_time is unknown; observation_time is a pseudo-operational proxy,5.480625069444445,30,-0.9694274258333335,12
2013-12-17T00:00:00+00:00,2013-12-16,windermere,south,water_temperature,2.0,month_1,2013-12-17,2014-01-15,5.487600663783213,degC,expanding_prior_year_window_climatology,1.0,True,5,4,2008|2009|2010|2011,2b7eec8d2be75d15187d2150481c5ecbeb7198026853068974e4784b4e80093c,1.049662383627832,observation_time_proxy,historical data_available_time is unknown; observation_time is a pseudo-operational proxy,6.553051056944445,30,-1.0654503931612318,12
2013-12-17T00:00:00+00:00,2013-12-16,windermere,south,water_temperature,2.0,month_2,2014-01-16,2014-02-14,4.621384890277778,degC,expanding_prior_year_window_climatology,1.0,True,5,5,2008|2009|2010|2011|2012,5fa1eb282cd8ea2f06cc4b8a3ce1d0cf7ad00ebef8ec9041ca80bb4346f2a897,0.8363843510982553,observation_time_proxy,historical data_available_time is unknown; observation_time is a pseudo-operational proxy,5.665389027777778,30,-1.0440041375,12
2013-12-17T00:00:00+00:00,2013-12-16,windermere,south,water_temperature,2.0,month_3,2014-02-15,2014-03-16,4.65374131,degC,expanding_prior_year_window_climatology,1.0,True,5,5,2008|2009|2010|2011|2012,895c71c9b4f443213a8623dbf0b4032d1237323f9e21b89a83bb27f1b0c4de61,0.7983062151526674,observation_time_proxy,historical data_available_time is unknown; observation_time is a pseudo-operational proxy,5.692887611111111,30,-1.0391463011111108,12
2013-12-24T00:00:00+00:00,2013-12-23,windermere,south,water_temperature,2.0,month_1,2013-12-24,2014-01-22,5.116804818297101,degC,expanding_prior_year_window_climatology,1.0,True,5,4,2008|2009|2010|2011,4cb7374ed0f481404c0a64de6d62e5954b7c96c2dbe901cac8484e5aaabd3533,1.0666645783685038,observation_time_proxy,historical data_available_time is unknown; observation_time is a pseudo-operational proxy,6.276808569444444,30,-1.160003751147343,12
2013-12-24T00:00:00+00:00,2013-12-23,windermere,south,water_temperature,2.0,month_2,2014-01-23,2014-02-21,4.511133668333334,degC,expanding_prior_year_window_climatology,1.0,True,5,5,2008|2009|2010|2011|2012,b4e5e77192e3a83312269de776f73e2622dee150a141e38507443854fcc262de,0.775529567094679,observation_time_proxy,historical data_available_time is unknown; observation_time is a pseudo-operational proxy,5.496332,30,-0.9851983316666661,12
2013-12-24T00:00:00+00:00,2013-12-23,windermere,south,water_temperature,2.0,month_3,2014-02-22,2014-03-23,4.941181584722222,degC,expanding_prior_year_window_climatology,1.0,True,5,5,2008|2009|2010|2011|2012,93702f995f5dc091850286cc0b9fe9a590eabd4765f77400e59fcfafab6f5a1e,0.7991808131841626,observation_time_proxy,historical data_available_time is unknown; observation_time is a pseudo-operational proxy,5.9624540277777776,30,-1.0212724430555555,12
2013-12-31T00:00:00+00:00,2013-12-30,windermere,south,water_temperature,2.0,month_1,2013-12-31,2014-01-29,4.826006669338768,degC,expanding_prior_year_window_climatology,1.0,True,5,4,2008|2009|2010|2011,4d79fee134d0b169c3622bf8799ddeefa86c612b569189e56111f4a19e12f5e9,1.045617108876801,observation_time_proxy,historical data_available_time is unknown; observation_time is a pseudo-operational proxy,6.097414672222222,30,-1.2714080028834545,12
2013-12-31T00:00:00+00:00,2013-12-30,windermere,south,water_temperature,2.0,month_2,2014-01-30,2014-02-28,4.447822265277778,degC,expanding_prior_year_window_climatology,1.0,True,5,5,2008|2009|2010|2011|2012,d68caa026cfb0613b6f1ee85259b6ef6e0e2bc7cb44c87f2de4aa1096fa9571e,0.7442000593310034,observation_time_proxy,historical data_available_time is unknown; observation_time is a pseudo-operational proxy,5.415755416666666,30,-0.9679331513888885,12
2013-12-31T00:00:00+00:00,2013-12-30,windermere,south,water_temperature,2.0,month_3,2014-03-01,2014-03-30,5.416930653333333,degC,expanding_prior_year_window_climatology,1.0,True,5,5,2008|2009|2010|2011|2012,0d0f9618f91847f7e9b37bb1f96350d28fcae631e23d60b458f0258b9c7059ed,0.969472072865009,observation_time_proxy,historical data_available_time is unknown; observation_time is a pseudo-operational proxy,6.234564069444445,30,-0.8176334161111116,12
2014-01-07T00:00:00+00:00,2014-01-06,windermere,south,water_temperature,2.0,month_1,2014-01-07,2014-02-05,4.8633135279265876,degC,expanding_prior_year_window_climatology,1.0,True,6,6,2008|2009|2010|2011|2012|2013,1fc4c41eba80a39b992c0c8609e40b582074437e77730303e9b25c2b3410e7d4,0.870602628369845,observation_time_proxy,historical data_available_time is unknown; observation_time is a pseudo-operational proxy,5.916236972222222,30,-1.0529234442956348,1
2014-01-07T00:00:00+00:00,2014-01-06,windermere,south,water_temperature,2.0,month_2,2014-02-06,2014-03-07,4.456190244907408,degC,expanding_prior_year_window_climatology,1.0,True,6,6,2008|2009|2010|2011|2012|2013,cc284485f21dd62f1d172e8e1f04ebd566867f89b8990b2d16701ca51b008e8d,0.6869854854756486,observation_time_proxy,historical data_available_time is unknown; observation_time is a pseudo-operational proxy,5.451742666666667,30,-0.9955524217592595,1
2014-01-07T00:00:00+00:00,2014-01-06,windermere,south,water_temperature,2.0,month_3,2014-03-08,2014-04-06,5.555689070833333,degC,expanding_prior_year_window_climatology,1.0,True,6,6,2008|2009|2010|2011|2012|2013,03b750d2478c14fc5dedc3cfb83e6523b0ae06fb6c6afbc0adcdbc3fcdacc558,1.2018170415380116,observation_time_proxy,historical data_available_time is unknown; observation_time is a pseudo-operational proxy,6.676888666666667,30,-1.1211995958333336,1
2014-01-14T00:00:00+00:00,2014-01-13,windermere,south,water_temperature,2.0,month_1,2014-01-14,2014-02-12,4.695041643154762,degC,expanding_prior_year_window_climatology,1.0,True,6,6,2008|2009|2010|2011|2012|2013,3d30817bc9b91c023390a41ec4e4eab194fe1c67ee6507f0c7d917afbd8f1e84,0.777084497588166,observation_time_proxy,historical data_available_time is unknown; observation_time is a pseudo-operational proxy,5.720376013888889,30,-1.025334370734127,1
2014-01-14T00:00:00+00:00,2014-01-13,windermere,south,water_temperature,2.0,month_2,2014-02-13,2014-03-14,4.532818556481481,degC,expanding_prior_year_window_climatology,1.0,True,6,6,2008|2009|2010|2011|2012|2013,cf38590b2558807fef264ffa3a4e024bf3f719bd1b4a92d98403b883794974eb,0.7251461518378945,observation_time_proxy,historical data_available_time is unknown; observation_time is a pseudo-operational proxy,5.627744847222222,30,-1.0949262907407409,1
2014-01-14T00:00:00+00:00,2014-01-13,windermere,south,water_temperature,2.0,month_3,2014-03-15,2014-04-13,6.066234590972222,degC,expanding_prior_year_window_climatology,1.0,True,6,6,2008|2009|2010|2011|2012|2013,07bb94ad261f107f03db8df4c67fd17acff5e389a02f4f7e1543b8c75371fdd6,1.3257478762813328,observation_time_proxy,historical data_available_time is unknown; observation_time is a pseudo-operational proxy,7.113312791666667,30,-1.047078200694445,1
2014-01-21T00:00:00+00:00,2014-01-20,windermere,south,water_temperature,2.0,month_1,2014-01-21,2014-02-19,4.552755759953704,degC,expanding_prior_year_window_climatology,1.0,True,6,6,2008|2009|2010|2011|2012|2013,bbea032e2ff43c871663e97009a23e358d1669cda16e1283e5562fee17ec9f11,0.7067803579447084,observation_time_proxy,historical data_available_time is unknown; observation_time is a pseudo-operational proxy,5.537049777777778,30,-0.984294017824074,1
2014-01-21T00:00:00+00:00,2014-01-20,windermere,south,water_temperature,2.0,month_2,2014-02-20,2014-03-21,4.72842092962963,degC,expanding_prior_year_window_climatology,1.0,True,6,6,2008|2009|2010|2011|2012|2013,79b60eeca43096c7ff9639eeec9631463f5f57b224f2122449506ebcd4661843,0.7692874306978632,observation_time_proxy,historical data_available_time is unknown; observation_time is a pseudo-operational proxy,5.88347825,30,-1.1550573203703696,1
2014-01-21T00:00:00+00:00,2014-01-20,windermere,south,water_temperature,2.0,month_3,2014-03-22,2014-04-20,6.708369950441919,degC,expanding_prior_year_window_climatology,1.0,True,6,6,2008|2009|2010|2011|2012|2013,69450e2e448be7ada1eb45325e79a98b78c60b4b4a49e53650bdab720dd2f3a2,1.4795671983259555,observation_time_proxy,historical data_available_time is unknown; observation_time is a pseudo-operational proxy,7.711817138888889,30,-1.0034471884469696,1
2014-01-28T00:00:00+00:00,2014-01-27,windermere,south,water_temperature,2.0,month_1,2014-01-28,2014-02-26,4.4541845171296295,degC,expanding_prior_year_window_climatology,1.0,True,6,6,2008|2009|2010|2011|2012|2013,28aa79f88cf79d0f3c1856377351d4b6184d57e33a5d2b5880af59a4e51292ea,0.6718716284621945,observation_time_proxy,historical data_available_time is unknown; observation_time is a pseudo-operational proxy,5.428633722222222,30,-0.9744492050925926,1
2014-01-28T00:00:00+00:00,2014-01-27,windermere,south,water_temperature,2.0,month_2,2014-02-27,2014-03-28,5.049700628935185,degC,expanding_prior_year_window_climatology,1.0,True,6,6,2008|2009|2010|2011|2012|2013,b52505e4a7cb80f183457373b10dcf5cd5ec3012fa72b816dbaba91a7132acf8,0.907085566184319,observation_time_proxy,historical data_available_time is unknown; observation_time is a pseudo-operational proxy,6.156747444444444,30,-1.1070468155092588,1
2014-01-28T00:00:00+00:00,2014-01-27,windermere,south,water_temperature,2.0,month_3,2014-03-29,2014-04-27,7.474577355277778,degC,expanding_prior_year_window_climatology,1.0,True,6,5,2008|2009|2011|2012|2013,83502149ce00c3e2ca5d6e3c551b591d2175f1edb633f00e1bbd3e7ac559dde7,1.829040245787057,observation_time_proxy,historical data_available_time is unknown; observation_time is a pseudo-operational proxy,8.455818208333334,30,-0.9812408530555556,1
2014-02-04T00:00:00+00:00,2014-02-03,windermere,south,water_temperature,2.0,month_1,2014-02-04,2014-03-05,4.446511775,degC,expanding_prior_year_window_climatology,1.0,True,6,6,2008|2009|2010|2011|2012|2013,68de928ed9a44dd122926a478416a0825a9aa63b5647726c2c8e51bccf88db86,0.6767045223899494,observation_time_proxy,historical data_available_time is unknown; observation_time is a pseudo-operational proxy,5.425955861111111,30,-0.9794440861111111,2
2014-02-04T00:00:00+00:00,2014-02-03,windermere,south,water_temperature,2.0,month_2,2014-03-06,2014-04-04,5.454525927546296,degC,expanding_prior_year_window_climatology,1.0,True,6,6,2008|2009|2010|2011|2012|2013,758f8454f886e77022e9349b838610a3af89a4b4c0ea042d200bec8c982e7edc,1.1708883365508336,observation_time_proxy,historical data_available_time is unknown; observation_time is a pseudo-operational proxy,6.546473375,30,-1.0919474474537036,2
2014-02-04T00:00:00+00:00,2014-02-03,windermere,south,water_temperature,2.0,month_3,2014-04-05,2014-05-04,8.220323781944444,degC,expanding_prior_year_window_climatology,1.0,True,6,5,2008|2009|2011|2012|2013,be0be440bbba93dbe06907e7f0c7c19d9ef8385e54aa8fbf89f58c209b9a4ff1,2.058016480749831,observation_time_proxy,historical data_available_time is unknown; observation_time is a pseudo-operational proxy,9.303007125,30,-1.0826833430555567,2
2014-02-11T00:00:00+00:00,2014-02-10,windermere,south,water_temperature,2.0,month_1,2014-02-11,2014-03-12,4.500709294675926,degC,expanding_prior_year_window_climatology,1.0,True,6,6,2008|2009|2010|2011|2012|2013,d7e5176a3cec0755041db5a928eb8fde4bd25fd5d09bc56999539bfb23c736b5,0.7130302021096231,observation_time_proxy,historical data_available_time is unknown; observation_time is a pseudo-operational proxy,5.560653722222222,30,-1.059944427546296,2
2014-02-11T00:00:00+00:00,2014-02-10,windermere,south,water_temperature,2.0,month_2,2014-03-13,2014-04-11,5.889810402314815,degC,expanding_prior_year_window_climatology,1.0,True,6,6,2008|2009|2010|2011|2012|2013,0b860f2101103d7962aba76e225aa78e5f4055d3a7c4026c4d2fe74cb1d06108,1.2879781733057634,observation_time_proxy,historical data_available_time is unknown; observation_time is a pseudo-operational proxy,6.99936475,30,-1.1095543476851848,2
2014-02-11T00:00:00+00:00,2014-02-10,windermere,south,water_temperature,2.0,month_3,2014-04-12,2014-05-11,9.161881624166666,degC,expanding_prior_year_window_climatology,1.0,True,6,5,2008|2009|2011|2012|2013,631a3018e2dbe442eb338b1917f577927c7e17258e54f350eeb8dad6a36e5fe3,2.113005387586705,observation_time_proxy,historical data_available_time is unknown; observation_time is a pseudo-operational proxy,10.007218902777778,30,-0.8453372786111117,2
2014-02-18T00:00:00+00:00,2014-02-17,windermere,south,water_temperature,2.0,month_1,2014-02-18,2014-03-19,4.660761311574074,degC,expanding_prior_year_window_climatology,1.0,True,6,6,2008|2009|2010|2011|2012|2013,864f4b23ebcfe3f6cf442dd850ced790b422f8d9f8cce3aad89c5bf2cdb54aa3,0.7565020919096646,observation_time_proxy,historical data_available_time is unknown; observation_time is a pseudo-operational proxy,5.803922125,30,-1.1431608134259257,2
2014-02-18T00:00:00+00:00,2014-02-17,windermere,south,water_temperature,2.0,month_2,2014-03-20,2014-04-18,6.508387087268519,degC,expanding_prior_year_window_climatology,1.0,True,6,6,2008|2009|2010|2011|2012|2013,17413d0802fc172351ed5a4b33b749660575072ed63a9e5c3ad435dc3b2275da,1.4318926977628625,observation_time_proxy,historical data_available_time is unknown; observation_time is a pseudo-operational proxy,7.510875111111111,30,-1.0024880238425924,2
2014-02-18T00:00:00+00:00,2014-02-17,windermere,south,water_temperature,2.0,month_3,2014-04-19,2014-05-18,10.031496157222222,degC,expanding_prior_year_window_climatology,1.0,True,6,5,2008|2009|2011|2012|2013,007595a4717b0ea268db2373c9844aaef38bcbc15f555bf35316980ef1742530,2.006165673546236,observation_time_proxy,historical data_available_time is unknown; observation_time is a pseudo-operational proxy,10.906632513888889,30,-0.8751363566666672,2
2014-02-25T00:00:00+00:00,2014-02-24,windermere,south,water_temperature,2.0,month_1,2014-02-25,2014-03-26,4.944773009953703,degC,expanding_prior_year_window_climatology,1.0,True,6,6,2008|2009|2010|2011|2012|2013,204b010a54a51dc05731b799232ef057114c2ea4a736e0bd7f6fdc859838a6ba,0.8482304963646902,observation_time_proxy,historical data_available_time is unknown; observation_time is a pseudo-operational proxy,6.088960569444445,30,-1.1441875594907414,2
2014-02-25T00:00:00+00:00,2014-02-24,windermere,south,water_temperature,2.0,month_2,2014-03-27,2014-04-25,7.279603837777778,degC,expanding_prior_year_window_climatology,1.0,True,6,5,2008|2009|2011|2012|2013,4c416fc5e60fbaa217bb2ec0efc315ac391618d6471dce947b87dc0107741ce9,1.8021361446200626,observation_time_proxy,historical data_available_time is unknown; observation_time is a pseudo-operational proxy,8.214481125,30,-0.9348772872222231,2
2014-02-25T00:00:00+00:00,2014-02-24,windermere,south,water_temperature,2.0,month_3,2014-04-26,2014-05-25,10.85117367111111,degC,expanding_prior_year_window_climatology,1.0,True,6,5,2008|2009|2011|2012|2013,6d5a4a57bfaf4d7773510994c94fb23a17154beacb141458c0ce8b65a6549ba1,1.7326850666547713,observation_time_proxy,historical data_available_time is unknown; observation_time is a pseudo-operational proxy,12.016912958333334,30,-1.1657392872222232,2
2014-03-04T00:00:00+00:00,2014-03-03,windermere,south,water_temperature,2.0,month_1,2014-03-04,2014-04-02,5.345591792361111,degC,expanding_prior_year_window_climatology,1.0,True,6,6,2008|2009|2010|2011|2012|2013,9d0c75c87bb32aaed337a4eb38d3fd346b67ae602cc93253379218f439479b61,1.1301438271677602,observation_time_proxy,historical data_available_time is unknown; observation_time is a pseudo-operational proxy,6.410047930555556,30,-1.064456138194445,3
2014-03-04T00:00:00+00:00,2014-03-03,windermere,south,water_temperature,2.0,month_2,2014-04-03,2014-05-02,7.985361868888889,degC,expanding_prior_year_window_climatology,1.0,True,6,5,2008|2009|2011|2012|2013,1ea8ae4b30d6bc244dd18e4e060ebb98d93cf16df2babcfa42b26587d7413803,1.977368116082563,observation_time_proxy,historical data_available_time is unknown; observation_time is a pseudo-operational proxy,9.079287625,30,-1.0939257561111102,3
2014-03-04T00:00:00+00:00,2014-03-03,windermere,south,water_temperature,2.0,month_3,2014-05-03,2014-06-01,11.88870238765166,degC,expanding_prior_year_window_climatology,1.0,True,6,6,2008|2009|2010|2011|2012|2013,d43934572d1ec59a6bf22a1f04fc2d6c637bc952c2cbd092468b7fe26cf687cd,1.3784618208933006,observation_time_proxy,historical data_available_time is unknown; observation_time is a pseudo-operational proxy,12.872590208333333,30,-0.983887820681673,3
2014-03-11T00:00:00+00:00,2014-03-10,windermere,south,water_temperature,2.0,month_1,2014-03-11,2014-04-09,5.737399773611111,degC,expanding_prior_year_window_climatology,1.0,True,6,6,2008|2009|2010|2011|2012|2013,963807b0b0c5d7ec314f36368e8ff99c2ca22dd9263bb3de2b8c632a718b1e2c,1.253527443320655,observation_time_proxy,historical data_available_time is unknown; observation_time is a pseudo-operational proxy,6.868272055555556,30,-1.1308722819444448,3
2014-03-11T00:00:00+00:00,2014-03-10,windermere,south,water_temperature,2.0,month_2,2014-04-10,2014-05-09,8.903821380555556,degC,expanding_prior_year_window_climatology,1.0,True,6,5,2008|2009|2011|2012|2013,8f861ec04ac9c6cbfea4aacd42e471099d0f7226cc692c1547e3fd95be1f6c12,2.1419789740053075,observation_time_proxy,historical data_available_time is unknown; observation_time is a pseudo-operational proxy,9.820372430555555,30,-0.9165510499999989,3
2014-03-11T00:00:00+00:00,2014-03-10,windermere,south,water_temperature,2.0,month_3,2014-05-10,2014-06-08,13.085951288210408,degC,expanding_prior_year_window_climatology,1.0,True,6,6,2008|2009|2010|2011|2012|2013,6309e6d2767b735bf1195dc79c397be49fbee04c8a24a549594f5063501c0686,1.205289463737425,observation_time_proxy,historical data_available_time is unknown; observation_time is a pseudo-operational proxy,13.894577180555556,30,-0.8086258923451481,3
2014-03-18T00:00:00+00:00,2014-03-17,windermere,south,water_temperature,2.0,month_1,2014-03-18,2014-04-16,6.328136742361111,degC,expanding_prior_year_window_climatology,1.0,True,6,6,2008|2009|2010|2011|2012|2013,b589135c47a6a5c254b48f20c0e297b403e42f03cb4f1cf063c39847abb854f7,1.392261526825138,observation_time_proxy,historical data_available_time is unknown; observation_time is a pseudo-operational proxy,7.343570986111111,30,-1.0154342437499997,3
2014-03-18T00:00:00+00:00,2014-03-17,windermere,south,water_temperature,2.0,month_2,2014-04-17,2014-05-16,9.791748162777779,degC,expanding_prior_year_window_climatology,1.0,True,6,5,2008|2009|2011|2012|2013,6bb5c39239518fad25e8893ea321608221cbe543406fff49dd1babd5bc292911,2.0442738041919157,observation_time_proxy,historical data_available_time is unknown; observation_time is a pseudo-operational proxy,10.627516875,30,-0.8357687122222206,3
2014-03-18T00:00:00+00:00,2014-03-17,windermere,south,water_temperature,2.0,month_3,2014-05-17,2014-06-15,14.1871542314735,degC,expanding_prior_year_window_climatology,1.0,True,6,6,2008|2009|2010|2011|2012|2013,1cf6f90d0d866b2df8322f8954f75b813d06929e4310955754b37fc4d47cb51f,1.0077396374495893,observation_time_proxy,historical data_available_time is unknown; observation_time is a pseudo-operational proxy,14.97796948611111,30,-0.7908152546376108,3
2014-03-25T00:00:00+00:00,2014-03-24,windermere,south,water_temperature,2.0,month_1,2014-03-25,2014-04-23,6.99289290347456,degC,expanding_prior_year_window_climatology,1.0,True,6,6,2008|2009|2010|2011|2012|2013,e9ba911c0566b196920242c38e5a4a5a1a0a8775b01ec37a171f31285958ff0c,1.5847969238729018,observation_time_proxy,historical data_available_time is unknown; observation_time is a pseudo-operational proxy,7.994870986111111,30,-1.0019780826365503,3
2014-03-25T00:00:00+00:00,2014-03-24,windermere,south,water_temperature,2.0,month_2,2014-04-24,2014-05-23,10.6056745425,degC,expanding_prior_year_window_climatology,1.0,True,6,5,2008|2009|2011|2012|2013,b86b85680f24ddbdff64de9dffc8a8ded2ffc49f81ed18dad3fa4baf8c126314,1.8264804107498227,observation_time_proxy,historical data_available_time is unknown; observation_time is a pseudo-operational proxy,11.74229075,30,-1.1366162075000013,3
2014-03-25T00:00:00+00:00,2014-03-24,windermere,south,water_temperature,2.0,month_3,2014-05-24,2014-06-22,15.094541743718072,degC,expanding_prior_year_window_climatology,1.0,True,6,6,2008|2009|2010|2011|2012|2013,de39f5c8994fc4afaa0655dc32076931f87c1508f5de18f45d122b5c9ced3c87,0.8946502309467068,observation_time_proxy,historical data_available_time is unknown; observation_time is a pseudo-operational proxy,16.09204751388889,30,-0.9975057701708181,3
2014-04-01T00:00:00+00:00,2014-03-31,windermere,south,water_temperature,2.0,month_1,2014-04-01,2014-04-30,7.776791178333333,degC,expanding_prior_year_window_climatology,1.0,True,6,5,2008|2009|2011|2012|2013,b2deecec017c936adf2293c52de9751772b80b46bceea1fa1d65e056e0cbb7d8,1.90699718711996,observation_time_proxy,historical data_available_time is unknown; observation_time is a pseudo-operational proxy,8.851160805555555,30,-1.0743696272222216,4
2014-04-01T00:00:00+00:00,2014-03-31,windermere,south,water_temperature,2.0,month_2,2014-05-01,2014-05-30,11.604149174305556,degC,expanding_prior_year_window_climatology,1.0,True,6,6,2008|2009|2010|2011|2012|2013,adf4074a7adcfff7d6554a0189441c3d650a651c96851b317657190df0c90cb3,1.420000511966857,observation_time_proxy,historical data_available_time is unknown; observation_time is a pseudo-operational proxy,12.638856777777779,30,-1.0347076034722225,4
2014-04-01T00:00:00+00:00,2014-03-31,windermere,south,water_temperature,2.0,month_3,2014-05-31,2014-06-29,15.739875880826947,degC,expanding_prior_year_window_climatology,1.0,True,6,6,2008|2009|2010|2011|2012|2013,6b5b7f8762028dc39799caa71ba320233d20c26363e636a71211734e90f1c920,0.768875973804131,observation_time_proxy,historical data_available_time is unknown; observation_time is a pseudo-operational proxy,17.339148680555557,30,-1.5992727997286096,4
2014-04-08T00:00:00+00:00,2014-04-07,windermere,south,water_temperature,2.0,month_1,2014-04-08,2014-05-07,8.628285440833334,degC,expanding_prior_year_window_climatology,1.0,True,6,5,2008|2009|2011|2012|2013,3facb01cfb8d01b7fdb242c4bce7d1f5d0d8bcff86c3529e0e2dd6818a6e9109,2.1350294073353386,observation_time_proxy,historical data_available_time is unknown; observation_time is a pseudo-operational proxy,9.615451986111111,30,-0.9871665452777769,4
2014-04-08T00:00:00+00:00,2014-04-07,windermere,south,water_temperature,2.0,month_2,2014-05-08,2014-06-06,12.744095421216475,degC,expanding_prior_year_window_climatology,1.0,True,6,6,2008|2009|2010|2011|2012|2013,0c609db686606f75557a867bcefc853784caa7cfd4657bd51e69e3c5b957359c,1.2731201043538969,observation_time_proxy,historical data_available_time is unknown; observation_time is a pseudo-operational proxy,13.569918069444444,30,-0.8258226482279696,4
2014-04-08T00:00:00+00:00,2014-04-07,windermere,south,water_temperature,2.0,month_3,2014-06-07,2014-07-06,16.26086483544686,degC,expanding_prior_year_window_climatology,1.0,True,6,6,2008|2009|2010|2011|2012|2013,0eb2fb24589a71933a0bd3fee43151c63a043be857e96842341dd74f855cec95,1.1569349101765902,observation_time_proxy,historical data_available_time is unknown; observation_time is a pseudo-operational proxy,18.110676263888887,30,-1.8498114284420275,4
2014-04-15T00:00:00+00:00,2014-04-14,windermere,south,water_temperature,2.0,month_1,2014-04-15,2014-05-14,9.537224497222223,degC,expanding_prior_year_window_climatology,1.0,True,6,5,2008|2009|2011|2012|2013,7b0386437856251e28bcd463f4db1f80568dc7eac43839cb7ab4312a9d907577,2.0759315766468247,observation_time_proxy,historical data_available_time is unknown; observation_time is a pseudo-operational proxy,10.363523319444445,30,-0.8262988222222223,4
2014-04-15T00:00:00+00:00,2014-04-14,windermere,south,water_temperature,2.0,month_2,2014-05-15,2014-06-13,13.898349281760856,degC,expanding_prior_year_window_climatology,1.0,True,6,6,2008|2009|2010|2011|2012|2013,8ebdd18415d9e2fd1dd8f7df972014fdfe395c27e69936c98689eb72ba4fb020,1.0325705331181176,observation_time_proxy,historical data_available_time is unknown; observation_time is a pseudo-operational proxy,14.671877166666667,30,-0.7735278849058105,4
2014-04-15T00:00:00+00:00,2014-04-14,windermere,south,water_temperature,2.0,month_3,2014-06-14,2014-07-13,16.770184480228004,degC,expanding_prior_year_window_climatology,1.0,True,6,6,2008|2009|2010|2011|2012|2013,59e73c2829d6673c0e499df86f3bbdd6a03e887e9d8d183eb414958a0bd7552d,1.4462917866662284,observation_time_proxy,historical data_available_time is unknown; observation_time is a pseudo-operational proxy,18.909613555555556,30,-2.139429075327552,4
2014-04-22T00:00:00+00:00,2014-04-21,windermere,south,water_temperature,2.0,month_1,2014-04-22,2014-05-21,10.367489455,degC,expanding_prior_year_window_climatology,1.0,True,6,5,2008|2009|2011|2012|2013,56bcff6ebc20c35dc871e2988d57d5d1983850a05c1fb8c58b4d1cf54f6bbeb1,1.930732411728887,observation_time_proxy,historical data_available_time is unknown; observation_time is a pseudo-operational proxy,11.411927597222222,30,-1.0444381422222229,4
2014-04-22T00:00:00+00:00,2014-04-21,windermere,south,water_temperature,2.0,month_2,2014-05-22,2014-06-20,14.882280988529693,degC,expanding_prior_year_window_climatology,1.0,True,6,6,2008|2009|2010|2011|2012|2013,6b88c0e8e69ddc57e11b86abcefd0f36de490d1f48ff835dd8593da26abc605a,0.9399623541057001,observation_time_proxy,historical data_available_time is unknown; observation_time is a pseudo-operational proxy,15.744293625000001,30,-0.8620126364703076,4
2014-04-22T00:00:00+00:00,2014-04-21,windermere,south,water_temperature,2.0,month_3,2014-06-21,2014-07-20,17.29711931819097,degC,expanding_prior_year_window_climatology,1.0,True,6,6,2008|2009|2010|2011|2012|2013,5e84015dd029719f9601a8241b7c4edb73ab7f209aeea8ee0659ec0bac4f61e2,1.6417200851487563,observation_time_proxy,historical data_available_time is unknown; observation_time is a pseudo-operational proxy,19.254718819444445,30,-1.9575995012534761,4
2014-04-29T00:00:00+00:00,2014-04-28,windermere,south,water_temperature,2.0,month_1,2014-04-29,2014-05-28,11.349126128091932,degC,expanding_prior_year_window_climatology,1.0,True,6,6,2008|2009|2010|2011|2012|2013,633d18eb95664806e0c2b4f5aed1145ef7dcb520c49ae7713594c2932bb54fdb,1.4693790783379468,observation_time_proxy,historical data_available_time is unknown; observation_time is a pseudo-operational proxy,12.43062586111111,30,-1.0814997330191787,4
2014-04-29T00:00:00+00:00,2014-04-28,windermere,south,water_temperature,2.0,month_2,2014-05-29,2014-06-27,15.534383110153257,degC,expanding_prior_year_window_climatology,1.0,True,6,6,2008|2009|2010|2011|2012|2013,044ac4c18822380b2822868787936f47ea90c15b94be0e5c485f16986a514651,0.7116633088076921,observation_time_proxy,historical data_available_time is unknown; observation_time is a pseudo-operational proxy,17.035077069444444,30,-1.500693959291187,4
2014-04-29T00:00:00+00:00,2014-04-28,windermere,south,water_temperature,2.0,month_3,2014-06-28,2014-07-27,17.80378735291319,degC,expanding_prior_year_window_climatology,1.0,True,6,6,2008|2009|2010|2011|2012|2013,8104f3265b35acacec926e1dc9659cb082e24066edbcee9787dc4751f49316f3,1.6627749715310665,observation_time_proxy,historical data_available_time is unknown; observation_time is a pseudo-operational proxy,19.68527138888889,30,-1.8814840359756992,4
2014-05-06T00:00:00+00:00,2014-05-05,windermere,south,water_temperature,2.0,month_1,2014-05-06,2014-06-04,12.402808539655172,degC,expanding_prior_year_window_climatology,1.0,True,6,6,2008|2009|2010|2011|2012|2013,8b02113086bb98932b9b1b6850c09032aac4006f2ebde00bb8c5f654dffd34f1,1.3201325276492104,observation_time_proxy,historical data_available_time is unknown; observation_time is a pseudo-operational proxy,13.275732722222223,30,-0.8729241825670506,5
2014-05-06T00:00:00+00:00,2014-05-05,windermere,south,water_temperature,2.0,month_2,2014-06-05,2014-07-04,16.141716159722222,degC,expanding_prior_year_window_climatology,1.0,True,6,6,2008|2009|2010|2011|2012|2013,c1e911a6ab0b5c82015e3d727b3a83ef7a0c367c2a174e3d33bed3bfff94f390,1.069076449247746,observation_time_proxy,historical data_available_time is unknown; observation_time is a pseudo-operational proxy,17.927322902777778,30,-1.7856067430555562,5
2014-05-06T00:00:00+00:00,2014-05-05,windermere,south,water_temperature,2.0,month_3,2014-07-05,2014-08-03,18.11258162143171,degC,expanding_prior_year_window_climatology,1.0,True,6,6,2008|2009|2010|2011|2012|2013,6163a5512d8c4899af26b3bc2dedac9e5d7889cee51dcec1f1162d24c727a341,1.6916128139827684,observation_time_proxy,historical data_available_time is unknown; observation_time is a pseudo-operational proxy,20.204250430555554,30,-2.0916688091238456,5
2014-05-13T00:00:00+00:00,2014-05-12,windermere,south,water_temperature,2.0,month_1,2014-05-13,2014-06-11,13.58525993471424,degC,expanding_prior_year_window_climatology,1.0,True,6,6,2008|2009|2010|2011|2012|2013,09930cb44c47b26e2bea7e80e9fc234575422044bc93b6970e9ac8f1c4b28767,1.079827803981184,observation_time_proxy,historical data_available_time is unknown; observation_time is a pseudo-operational proxy,14.370619611111112,30,-0.7853596763968707,5
2014-05-13T00:00:00+00:00,2014-05-12,windermere,south,water_temperature,2.0,month_2,2014-06-12,2014-07-11,16.6014509511876,degC,expanding_prior_year_window_climatology,1.0,True,6,6,2008|2009|2010|2011|2012|2013,f1ca6d6ae05d71368e65a4e13791db365a5ba14a70c61e05b3d033738efc357a,1.374909150789164,observation_time_proxy,historical data_available_time is unknown; observation_time is a pseudo-operational proxy,18.659799069444443,30,-2.0583481182568413,5
2014-05-13T00:00:00+00:00,2014-05-12,windermere,south,water_temperature,2.0,month_3,2014-07-12,2014-08-10,18.230434651064215,degC,expanding_prior_year_window_climatology,1.0,True,6,6,2008|2009|2010|2011|2012|2013,deede957905bfdceb270637e9231ad80a293d285b4f800f76dc7e84847bd72d3,1.7031469640219266,observation_time_proxy,historical data_available_time is unknown; observation_time is a pseudo-operational proxy,20.298396375,30,-2.0679617239357846,5
2014-05-20T00:00:00+00:00,2014-05-19,windermere,south,water_temperature,2.0,month_1,2014-05-20,2014-06-18,14.620927160863666,degC,expanding_prior_year_window_climatology,1.0,True,6,6,2008|2009|2010|2011|2012|2013,4ba4a1c46e563989fb01b95643a382654620712189dcb06168ae36f1310eb188,0.9712550129384683,observation_time_proxy,historical data_available_time is unknown; observation_time is a pseudo-operational proxy,15.437781416666667,30,-0.8168542558030012,5
2014-05-20T00:00:00+00:00,2014-05-19,windermere,south,water_temperature,2.0,month_2,2014-06-19,2014-07-18,17.15908366541319,degC,expanding_prior_year_window_climatology,1.0,True,6,6,2008|2009|2010|2011|2012|2013,e9db58ad4b624c34f053ef5bc1180186042743be9cba064c34fa0dd7cae527ca,1.5903140609812736,observation_time_proxy,historical data_available_time is unknown; observation_time is a pseudo-operational proxy,19.218912555555555,30,-2.0598288901423665,5
2014-05-20T00:00:00+00:00,2014-05-19,windermere,south,water_temperature,2.0,month_3,2014-07-19,2014-08-17,18.178264744708994,degC,expanding_prior_year_window_climatology,1.0,True,6,6,2008|2009|2010|2011|2012|2013,2ad38041c9421671ebd12d4ef0ca6d6b9c54098757055bfe2e40d1bfc3371406,1.3681287422968023,observation_time_proxy,historical data_available_time is unknown; observation_time is a pseudo-operational proxy,19.89252301388889,30,-1.714258269179897,5
2014-05-27T00:00:00+00:00,2014-05-26,windermere,south,water_temperature,2.0,month_1,2014-05-27,2014-06-25,15.344129424042146,degC,expanding_prior_year_window_climatology,1.0,True,6,6,2008|2009|2010|2011|2012|2013,2be52ba5daef61ade395578ccf00b1ceafb84cab8c4fe8eeeac5ac6f0a6dbb93,0.7350699335350143,observation_time_proxy,historical data_available_time is unknown; observation_time is a pseudo-operational proxy,16.69214611111111,30,-1.3480166870689647,5
2014-05-27T00:00:00+00:00,2014-05-26,windermere,south,water_temperature,2.0,month_2,2014-06-26,2014-07-25,17.65688816541319,degC,expanding_prior_year_window_climatology,1.0,True,6,6,2008|2009|2010|2011|2012|2013,24dea001075c7fa8e0f210cde8a6eff47201c4fe47596816db1d616c2fd356a2,1.6882113107563084,observation_time_proxy,historical data_available_time is unknown; observation_time is a pseudo-operational proxy,19.496126736111112,30,-1.8392385706979226,5
2014-05-27T00:00:00+00:00,2014-05-26,windermere,south,water_temperature,2.0,month_3,2014-07-26,2014-08-24,18.026087159060847,degC,expanding_prior_year_window_climatology,1.0,True,6,6,2008|2009|2010|2011|2012|2013,a9fa1bfc88c2bfd4d8128a3fce4cec750d145fddb182853dac0b3bad3c0e99c7,0.908738215655147,observation_time_proxy,historical data_available_time is unknown; observation_time is a pseudo-operational proxy,18.966038625,30,-0.9399514659391528,5
2014-06-03T00:00:00+00:00,2014-06-02,windermere,south,water_temperature,2.0,month_1,2014-06-03,2014-07-02,16.010443849537037,degC,expanding_prior_year_window_climatology,1.0,True,6,6,2008|2009|2010|2011|2012|2013,3cbfd1815ec1df491aacaed12744e872f79371b46e182fb151c702845f0db8a2,0.9688574667856095,observation_time_proxy,historical data_available_time is unknown; observation_time is a pseudo-operational proxy,17.74654263888889,30,-1.7360987893518534,6
2014-06-03T00:00:00+00:00,2014-06-02,windermere,south,water_temperature,2.0,month_2,2014-07-03,2014-08-01,18.049721350598375,degC,expanding_prior_year_window_climatology,1.0,True,6,6,2008|2009|2010|2011|2012|2013,f2f28fb62176b31bf4b99e5d1c9100edad374b6139b48351724c03eeec4b7c6a,1.6426861969846644,observation_time_proxy,historical data_available_time is unknown; observation_time is a pseudo-operational proxy,20.07570176388889,30,-2.0259804132905153,6
2014-06-03T00:00:00+00:00,2014-06-02,windermere,south,water_temperature,2.0,month_3,2014-08-02,2014-08-31,17.715761221560847,degC,expanding_prior_year_window_climatology,1.0,True,6,6,2008|2009|2010|2011|2012|2013,119feb858bdc350a87141a89ac31cdaf589aeb7d5b089408f6076222df554863,0.6968109838975282,observation_time_proxy,historical data_available_time is unknown; observation_time is a pseudo-operational proxy,17.801905777777776,30,-0.0861445562169294,6
2014-06-10T00:00:00+00:00,2014-06-09,windermere,south,water_temperature,2.0,month_1,2014-06-10,2014-07-09,16.452293421095007,degC,expanding_prior_year_window_climatology,1.0,True,6,6,2008|2009|2010|2011|2012|2013,f00bf5cd4954965002f785e98f8a586779f5b2b6481ce5fd0cdc0b1bbd5a2d1e,1.2789305174816965,observation_time_proxy,historical data_available_time is unknown; observation_time is a pseudo-operational proxy,18.407969125,30,-1.9556757039049941,6
2014-06-10T00:00:00+00:00,2014-06-09,windermere,south,water_temperature,2.0,month_2,2014-07-10,2014-08-08,18.226640199675323,degC,expanding_prior_year_window_climatology,1.0,True,6,6,2008|2009|2010|2011|2012|2013,8306b0576d7e12913019156e45141393187e587765c0e47e8033fead14205b7f,1.7464564253850683,observation_time_proxy,historical data_available_time is unknown; observation_time is a pseudo-operational proxy,20.343843291666666,30,-2.1172030919913425,6
2014-06-10T00:00:00+00:00,2014-06-09,windermere,south,water_temperature,2.0,month_3,2014-08-09,2014-09-07,17.324611108796297,degC,expanding_prior_year_window_climatology,1.0,True,6,6,2008|2009|2010|2011|2012|2013,da7179daec0c67c7862474a6ba739cf6aad0a7580a947728c920940670c889d1,0.6857291860979988,observation_time_proxy,historical data_available_time is unknown; observation_time is a pseudo-operational proxy,17.31646811111111,30,0.008142997685187225,6
2014-06-17T00:00:00+00:00,2014-06-16,windermere,south,water_temperature,2.0,month_1,2014-06-17,2014-07-16,17.02010685754282,degC,expanding_prior_year_window_climatology,1.0,True,6,6,2008|2009|2010|2011|2012|2013,accd306065f6568e915b7ce16bf6d5968c11b337c945cc245cda68083a47c220,1.553218965950296,observation_time_proxy,historical data_available_time is unknown; observation_time is a pseudo-operational proxy,19.127528388888887,30,-2.1074215313460662,6
2014-06-17T00:00:00+00:00,2014-06-16,windermere,south,water_temperature,2.0,month_2,2014-07-17,2014-08-15,18.190668557208994,degC,expanding_prior_year_window_climatology,1.0,True,6,6,2008|2009|2010|2011|2012|2013,b0a84a69aed31a559112985cf9682b76f5380792205e39818166ad72759efe4d,1.4792328404092288,observation_time_proxy,historical data_available_time is unknown; observation_time is a pseudo-operational proxy,20.02394511111111,30,-1.8332765539021167,6
2014-06-17T00:00:00+00:00,2014-06-16,windermere,south,water_temperature,2.0,month_3,2014-08-16,2014-09-14,16.853796002314816,degC,expanding_prior_year_window_climatology,1.0,True,6,6,2008|2009|2010|2011|2012|2013,3d1f44141d602a0f71b95ca945dbd4a529ed0a639f9b823743b718872501b2ed,0.7229276925607611,observation_time_proxy,historical data_available_time is unknown; observation_time is a pseudo-operational proxy,17.142469833333333,30,-0.2886738310185173,6
2014-06-24T00:00:00+00:00,2014-06-23,windermere,south,water_temperature,2.0,month_1,2014-06-24,2014-07-23,17.510354700135412,degC,expanding_prior_year_window_climatology,1.0,True,6,6,2008|2009|2010|2011|2012|2013,e8814d11a52e61c3e2a0d51391dc3309d57baa38ed473f48fdf037e15e5577ae,1.6912626166280094,observation_time_proxy,historical data_available_time is unknown; observation_time is a pseudo-operational proxy,19.355761986111112,30,-1.8454072859756998,6
2014-06-24T00:00:00+00:00,2014-06-23,windermere,south,water_temperature,2.0,month_2,2014-07-24,2014-08-22,18.083354057208993,degC,expanding_prior_year_window_climatology,1.0,True,6,6,2008|2009|2010|2011|2012|2013,b1f93b179306c174c1c0017d746540c7565ffea3347bbd6cf49ef45eb1a339b8,1.021344449118717,observation_time_proxy,historical data_available_time is unknown; observation_time is a pseudo-operational proxy,19.32368334722222,30,-1.2403292900132286,6
2014-06-24T00:00:00+00:00,2014-06-23,windermere,south,water_temperature,2.0,month_3,2014-08-23,2014-09-21,16.304171381944442,degC,expanding_prior_year_window_climatology,1.0,True,6,6,2008|2009|2010|2011|2012|2013,91d98a46133f997df70741d493f86f8afac79f97acce722b77694b5461bf0e9d,0.6622586765225059,observation_time_proxy,historical data_available_time is unknown; observation_time is a pseudo-operational proxy,17.160419458333333,30,-0.8562480763888907,6
2014-07-01T00:00:00+00:00,2014-06-30,windermere,south,water_temperature,2.0,month_1,2014-07-01,2014-07-30,17.975490801987263,degC,expanding_prior_year_window_climatology,1.0,True,6,6,2008|2009|2010|2011|2012|2013,dc4ea92c7d0b75da8cf88c411c5c023d94af20ba0b752b2985df9edc842988cc,1.6281818676648048,observation_time_proxy,historical data_available_time is unknown; observation_time is a pseudo-operational proxy,19.965414305555555,30,-1.989923503568292,7
2014-07-01T00:00:00+00:00,2014-06-30,windermere,south,water_temperature,2.0,month_2,2014-07-31,2014-08-29,17.805510788690476,degC,expanding_prior_year_window_climatology,1.0,True,6,6,2008|2009|2010|2011|2012|2013,ecdcf215f7485fbadf662b730dafa1b3b0e677478ae636795db9bda7e4f67cea,0.7445082560723415,observation_time_proxy,historical data_available_time is unknown; observation_time is a pseudo-operational proxy,18.07106715277778,30,-0.26555636408730265,7
2014-07-01T00:00:00+00:00,2014-06-30,windermere,south,water_temperature,2.0,month_3,2014-08-30,2014-09-28,15.673275474537038,degC,expanding_prior_year_window_climatology,1.0,True,6,6,2008|2009|2010|2011|2012|2013,89570561f1b0bd0dba69bdfacbfab27e6e921d8c5911e7bfc11fb87d7a2a8158,0.574435213299759,observation_time_proxy,historical data_available_time is unknown; observation_time is a pseudo-operational proxy,17.193899555555557,30,-1.5206240810185196,7
2014-07-08T00:00:00+00:00,2014-07-07,windermere,south,water_temperature,2.0,month_1,2014-07-08,2014-08-06,18.195823799873736,degC,expanding_prior_year_window_climatology,1.0,True,6,6,2008|2009|2010|2011|2012|2013,d6c94eec6a7bf93abb27738a5811fd428dd03d24b23b1c3c097422f2a471d773,1.7432565074822868,observation_time_proxy,historical data_available_time is unknown; observation_time is a pseudo-operational proxy,20.313493333333334,30,-2.1176695334595976,7
2014-07-08T00:00:00+00:00,2014-07-07,windermere,south,water_temperature,2.0,month_2,2014-08-07,2014-09-05,17.45733980952381,degC,expanding_prior_year_window_climatology,1.0,True,6,6,2008|2009|2010|2011|2012|2013,a97180a197919f736718cb00cae79688b314b5a56483c2940980627a30e4f07a,0.6504941870895287,observation_time_proxy,historical data_available_time is unknown; observation_time is a pseudo-operational proxy,17.41327151388889,30,0.04406829563491854,7
2014-07-08T00:00:00+00:00,2014-07-07,windermere,south,water_temperature,2.0,month_3,2014-09-06,2014-10-05,15.05955749074074,degC,expanding_prior_year_window_climatology,1.0,True,6,6,2008|2009|2010|2011|2012|2013,600b7f03b3b8522321289751fc149eecbaf5e836f1a36ebbfd260b12cf6a807d,0.4552758396428805,observation_time_proxy,historical data_available_time is unknown; observation_time is a pseudo-operational proxy,16.976412291666666,30,-1.9168548009259254,7
2014-07-15T00:00:00+00:00,2014-07-14,windermere,south,water_temperature,2.0,month_1,2014-07-15,2014-08-13,18.20466536276455,degC,expanding_prior_year_window_climatology,1.0,True,6,6,2008|2009|2010|2011|2012|2013,333d82f3b0a34571b3f64843de57f541d9462d883ece27d228fcec2bfcd9b9fc,1.5644840192570788,observation_time_proxy,historical data_available_time is unknown; observation_time is a pseudo-operational proxy,20.113695027777776,30,-1.9090296650132252,7
2014-07-15T00:00:00+00:00,2014-07-14,windermere,south,water_temperature,2.0,month_2,2014-08-14,2014-09-12,16.98949837037037,degC,expanding_prior_year_window_climatology,1.0,True,6,6,2008|2009|2010|2011|2012|2013,dd6d55d583050d680a89074c5eefab67da73451b678160d054e1ddedd4229106,0.7245792720176932,observation_time_proxy,historical data_available_time is unknown; observation_time is a pseudo-operational proxy,17.174467472222222,30,-0.184969101851852,7
2014-07-15T00:00:00+00:00,2014-07-14,windermere,south,water_temperature,2.0,month_3,2014-09-13,2014-10-12,14.442449949074074,degC,expanding_prior_year_window_climatology,1.0,True,6,6,2008|2009|2010|2011|2012|2013,b4d89b292668e7f78a43c6642b3ee93727263243bb7c1ff3b4f9ebb7b6f51948,0.4301062519256291,observation_time_proxy,historical data_available_time is unknown; observation_time is a pseudo-operational proxy,16.227606430555557,30,-1.7851564814814829,7
2014-07-22T00:00:00+00:00,2014-07-21,windermere,south,water_temperature,2.0,month_1,2014-07-22,2014-08-20,18.12378131415344,degC,expanding_prior_year_window_climatology,1.0,True,6,6,2008|2009|2010|2011|2012|2013,9a7c4f08d5719d28e75421aca315927d2b081fbd4348c47668ada6f391c2dbe9,1.1598052345626322,observation_time_proxy,historical data_available_time is unknown; observation_time is a pseudo-operational proxy,19.601946930555556,30,-1.4781656164021157,7
2014-07-22T00:00:00+00:00,2014-07-21,windermere,south,water_temperature,2.0,month_2,2014-08-21,2014-09-19,16.471087502314816,degC,expanding_prior_year_window_climatology,1.0,True,6,6,2008|2009|2010|2011|2012|2013,ec25018a1745ba324334e0671c97df593a7cec4e58961b076dc50996918e9f05,0.6806787240248232,observation_time_proxy,historical data_available_time is unknown; observation_time is a pseudo-operational proxy,17.127495763888888,30,-0.6564082615740716,7
2014-07-22T00:00:00+00:00,2014-07-21,windermere,south,water_temperature,2.0,month_3,2014-09-20,2014-10-19,13.830544199074074,degC,expanding_prior_year_window_climatology,1.0,True,6,6,2008|2009|2010|2011|2012|2013,915f7ccb7dda9a5cc08c9a0e31f97d3b3aa39b09b52ac4d39532ca1284f9a166,0.5374377007991189,observation_time_proxy,historical data_available_time is unknown; observation_time is a pseudo-operational proxy,15.329372263888889,30,-1.4988280648148145,7
2014-07-29T00:00:00+00:00,2014-07-28,windermere,south,water_temperature,2.0,month_1,2014-07-29,2014-08-27,17.898775513227513,degC,expanding_prior_year_window_climatology,1.0,True,6,6,2008|2009|2010|2011|2012|2013,b2840d3ccad6099e2ef7cb1beb1328afea314f00aa044aec7a473fe61c95d4db,0.7873841535000786,observation_time_proxy,historical data_available_time is unknown; observation_time is a pseudo-operational proxy,18.402762194444445,30,-0.5039866812169329,7
2014-07-29T00:00:00+00:00,2014-07-28,windermere,south,water_temperature,2.0,month_2,2014-08-28,2014-09-26,15.850125425925926,degC,expanding_prior_year_window_climatology,1.0,True,6,6,2008|2009|2010|2011|2012|2013,ad8ecef6e85952c86660bad60c6277345dcc366e4bb16869be56b87742a2681b,0.6054006477767555,observation_time_proxy,historical data_available_time is unknown; observation_time is a pseudo-operational proxy,17.19909009722222,30,-1.3489646712962955,7
2014-07-29T00:00:00+00:00,2014-07-28,windermere,south,water_temperature,2.0,month_3,2014-09-27,2014-10-26,13.203335224537037,degC,expanding_prior_year_window_climatology,1.0,True,6,6,2008|2009|2010|2011|2012|2013,42b1544413b0f95630c70f9e718d05000edd8f2849b6a3a6f920e426646fc78a,0.6319868074172772,observation_time_proxy,historical data_available_time is unknown; observation_time is a pseudo-operational proxy,14.300757875,30,-1.0974226504629634,7
2014-08-05T00:00:00+00:00,2014-08-04,windermere,south,water_temperature,2.0,month_1,2014-08-05,2014-09-03,17.564538089616402,degC,expanding_prior_year_window_climatology,1.0,True,6,6,2008|2009|2010|2011|2012|2013,deaf77887f375bdcb2739ab71efbc298194354f0745b3dfd964ad6dbfb6302a3,0.6371709599452892,observation_time_proxy,historical data_available_time is unknown; observation_time is a pseudo-operational proxy,17.514598625,30,0.04993946461640064,8
2014-08-05T00:00:00+00:00,2014-08-04,windermere,south,water_temperature,2.0,month_2,2014-09-04,2014-10-03,15.249064222222222,degC,expanding_prior_year_window_climatology,1.0,True,6,6,2008|2009|2010|2011|2012|2013,883752face3e0e5f5ddc5aec3ed2e26fbc32ba029735dc12c401d65b1b905801,0.49842524065648597,observation_time_proxy,historical data_available_time is unknown; observation_time is a pseudo-operational proxy,17.12002490277778,30,-1.870960680555557,8
2014-08-05T00:00:00+00:00,2014-08-04,windermere,south,water_temperature,2.0,month_3,2014-10-04,2014-11-02,12.497574878321256,degC,expanding_prior_year_window_climatology,1.0,True,6,6,2008|2009|2010|2011|2012|2013,870bf8d64b4bb70975e090a55ec309660082e89b9ea75c283149322c3ff7289c,0.7186882816225648,observation_time_proxy,historical data_available_time is unknown; observation_time is a pseudo-operational proxy,13.322702666666666,30,-0.8251277883454105,8
2014-08-12T00:00:00+00:00,2014-08-11,windermere,south,water_temperature,2.0,month_1,2014-08-12,2014-09-10,17.122641627314813,degC,expanding_prior_year_window_climatology,1.0,True,6,6,2008|2009|2010|2011|2012|2013,767e3119ea31f4f8cc6d27d796d58e8bf3c8192939490d1b808133b36a43f2b9,0.7152185942768052,observation_time_proxy,historical data_available_time is unknown; observation_time is a pseudo-operational proxy,17.194972944444444,30,-0.07233131712963115,8
2014-08-12T00:00:00+00:00,2014-08-11,windermere,south,water_temperature,2.0,month_2,2014-09-11,2014-10-10,14.627450518518518,degC,expanding_prior_year_window_climatology,1.0,True,6,6,2008|2009|2010|2011|2012|2013,8c120f15e722b803ea21a2040d442bacd5ebcaeb2d10fe3743db919479be4e69,0.4214083266265562,observation_time_proxy,historical data_available_time is unknown; observation_time is a pseudo-operational proxy,16.463740444444444,30,-1.836289925925925,8
2014-08-12T00:00:00+00:00,2014-08-11,windermere,south,water_temperature,2.0,month_3,2014-10-11,2014-11-09,11.776196226700886,degC,expanding_prior_year_window_climatology,1.0,True,6,6,2008|2009|2010|2011|2012|2013,a5672a4c04fea058c0560ac580bd1d60c697662bfc9746029ad5ea6b19c70de9,0.7821233974425214,observation_time_proxy,historical data_available_time is unknown; observation_time is a pseudo-operational proxy,12.481766972222223,30,-0.7055707455213369,8
2014-08-19T00:00:00+00:00,2014-08-18,windermere,south,water_temperature,2.0,month_1,2014-08-19,2014-09-17,16.62769512037037,degC,expanding_prior_year_window_climatology,1.0,True,6,6,2008|2009|2010|2011|2012|2013,803c3b7fe3899349c55addb05997c88cb68b1f8281386117c1980ec91502ef5c,0.6986288935741093,observation_time_proxy,historical data_available_time is unknown; observation_time is a pseudo-operational proxy,17.117457972222223,30,-0.48976285185185375,8
2014-08-19T00:00:00+00:00,2014-08-18,windermere,south,water_temperature,2.0,month_2,2014-09-18,2014-10-17,14.002078652777778,degC,expanding_prior_year_window_climatology,1.0,True,6,6,2008|2009|2010|2011|2012|2013,0d9e794bd3361e4d7bc98015bd4d0a6cc3651c371e2d7756883aaff35bedabe3,0.5025142228542527,observation_time_proxy,historical data_available_time is unknown; observation_time is a pseudo-operational proxy,15.599404430555555,30,-1.5973257777777778,8
2014-08-19T00:00:00+00:00,2014-08-18,windermere,south,water_temperature,2.0,month_3,2014-10-18,2014-11-16,11.043649539432367,degC,expanding_prior_year_window_climatology,1.0,True,6,6,2008|2009|2010|2011|2012|2013,181405a183d1f51da5a55c0dc7d7d31e9b8ee00706b2ec8269d4b579c4b6c4d6,0.8224723806329963,observation_time_proxy,historical data_available_time is unknown; observation_time is a pseudo-operational proxy,11.770116486111112,30,-0.7264669466787446,8
2014-08-26T00:00:00+00:00,2014-08-25,windermere,south,water_temperature,2.0,month_1,2014-08-26,2014-09-24,16.038092425925925,degC,expanding_prior_year_window_climatology,1.0,True,6,6,2008|2009|2010|2011|2012|2013,607986bd6b1b0bdd0a8720955c292603bacb20c09d79a50e030a7f2cddd532a6,0.6380002245745617,observation_time_proxy,historical data_available_time is unknown; observation_time is a pseudo-operational proxy,17.1903345,30,-1.1522420740740742,8
2014-08-26T00:00:00+00:00,2014-08-25,windermere,south,water_temperature,2.0,month_2,2014-09-25,2014-10-24,13.385158435185186,degC,expanding_prior_year_window_climatology,1.0,True,6,6,2008|2009|2010|2011|2012|2013,ca0240a88c61df893e02dd4c2db1234887a665b10a6eb2dc9c818b8a0a1ff054,0.6071800046704405,observation_time_proxy,historical data_available_time is unknown; observation_time is a pseudo-operational proxy,14.590573722222222,30,-1.2054152870370363,8
2014-08-26T00:00:00+00:00,2014-08-25,windermere,south,water_temperature,2.0,month_3,2014-10-25,2014-11-23,10.364877967441625,degC,expanding_prior_year_window_climatology,1.0,True,6,6,2008|2009|2010|2011|2012|2013,186bc79a11b9226a724c121e834033c07ab49648926f7937934feab88ac14e94,0.8589899462313445,observation_time_proxy,historical data_available_time is unknown; observation_time is a pseudo-operational proxy,11.12725513888889,30,-0.7623771714472642,8
2014-09-02T00:00:00+00:00,2014-09-01,windermere,south,water_temperature,2.0,month_1,2014-09-02,2014-10-01,15.422777921296296,degC,expanding_prior_year_window_climatology,1.0,True,6,6,2008|2009|2010|2011|2012|2013,e28e2eb67ec16d027a7ccfff4c771507165671494644ccc6b7f63328c4b6ebd0,0.5375233312216695,observation_time_proxy,historical data_available_time is unknown; observation_time is a pseudo-operational proxy,17.178285958333333,30,-1.7555080370370373,9
2014-09-02T00:00:00+00:00,2014-09-01,windermere,south,water_temperature,2.0,month_2,2014-10-02,2014-10-31,12.702355132950885,degC,expanding_prior_year_window_climatology,1.0,True,6,6,2008|2009|2010|2011|2012|2013,307a802c9034a4e2b67f5068434c64876c8f7cc577b5f3d27200b71adb03cae6,0.6948583578794402,observation_time_proxy,historical data_available_time is unknown; observation_time is a pseudo-operational proxy,13.595942180555555,30,-0.8935870476046706,9
2014-09-02T00:00:00+00:00,2014-09-01,windermere,south,water_temperature,2.0,month_3,2014-11-01,2014-11-30,9.700829167592593,degC,expanding_prior_year_window_climatology,1.0,True,6,6,2008|2009|2010|2011|2012|2013,0258a3b4d11dcd5f0e705149ba2816c5a0facf7a727264e6fef252e14cb5a5f9,0.8847927421722027,observation_time_proxy,historical data_available_time is unknown; observation_time is a pseudo-operational proxy,10.5626915,30,-0.8618623324074068,9
2014-09-09T00:00:00+00:00,2014-09-08,windermere,south,water_temperature,2.0,month_1,2014-09-09,2014-10-08,14.805270703703703,degC,expanding_prior_year_window_climatology,1.0,True,6,6,2008|2009|2010|2011|2012|2013,bf54258f8374846aab7039757a27b475b47aafebc1afd714d058a17fc9b1a0a1,0.4231056185631291,observation_time_proxy,historical data_available_time is unknown; observation_time is a pseudo-operational proxy,16.67892448611111,30,-1.8736537824074073,9
2014-09-09T00:00:00+00:00,2014-09-08,windermere,south,water_temperature,2.0,month_2,2014-10-09,2014-11-07,11.985312987811998,degC,expanding_prior_year_window_climatology,1.0,True,6,6,2008|2009|2010|2011|2012|2013,da54cf8eca7f116e0761e9064611d2904c0f39db42323f54f8d40d2f3a3374a7,0.7686789877822652,observation_time_proxy,historical data_available_time is unknown; observation_time is a pseudo-operational proxy,12.709478291666667,30,-0.7241653038546687,9
2014-09-09T00:00:00+00:00,2014-09-08,windermere,south,water_temperature,2.0,month_3,2014-11-08,2014-12-07,9.002830125623994,degC,expanding_prior_year_window_climatology,1.0,True,6,6,2008|2009|2010|2011|2012|2013,2f74c88391dea6764cb335955b646ba0d9e1943110af28a981868561fd1c4a1f,0.8978626133784297,observation_time_proxy,historical data_available_time is unknown; observation_time is a pseudo-operational proxy,10.00432873611111,30,-1.0014986104871166,9
2014-09-16T00:00:00+00:00,2014-09-15,windermere,south,water_temperature,2.0,month_1,2014-09-16,2014-10-15,14.170241293981482,degC,expanding_prior_year_window_climatology,1.0,True,6,6,2008|2009|2010|2011|2012|2013,9565f115103af25f1f149fa424eb87236ba877f5f547ed2015e622e61db66da8,0.4651676232454992,observation_time_proxy,historical data_available_time is unknown; observation_time is a pseudo-operational proxy,15.851240833333334,30,-1.680999539351852,9
2014-09-16T00:00:00+00:00,2014-09-15,windermere,south,water_temperature,2.0,month_2,2014-10-16,2014-11-14,11.249909131793478,degC,expanding_prior_year_window_climatology,1.0,True,6,6,2008|2009|2010|2011|2012|2013,038fb9336a582d42488b7fa319546de48856f335ff677272e443bcaeaaddbe5d,0.8168652189926646,observation_time_proxy,historical data_available_time is unknown; observation_time is a pseudo-operational proxy,11.964908958333334,30,-0.7149998265398558,9
2014-09-16T00:00:00+00:00,2014-09-15,windermere,south,water_temperature,2.0,month_3,2014-11-15,2014-12-14,8.309285704327698,degC,expanding_prior_year_window_climatology,1.0,True,6,6,2008|2009|2010|2011|2012|2013,88a498ec4fc7e1074c71ba71f45856d1d12762415f1f50a6f52b98d2d5c218dd,0.9064765019192625,observation_time_proxy,historical data_available_time is unknown; observation_time is a pseudo-operational proxy,9.42002225,30,-1.110736545672303,9
2014-09-23T00:00:00+00:00,2014-09-22,windermere,south,water_temperature,2.0,month_1,2014-09-23,2014-10-22,13.56586187962963,degC,expanding_prior_year_window_climatology,1.0,True,6,6,2008|2009|2010|2011|2012|2013,73680c084392adf7fb2ddff67c2328ad68ec4db7a37f1127d5e0b720242f6828,0.5820252050136628,observation_time_proxy,historical data_available_time is unknown; observation_time is a pseudo-operational proxy,14.889995222222222,30,-1.3241333425925923,9
2014-09-23T00:00:00+00:00,2014-09-22,windermere,south,water_temperature,2.0,month_2,2014-10-23,2014-11-21,10.553808596376811,degC,expanding_prior_year_window_climatology,1.0,True,6,6,2008|2009|2010|2011|2012|2013,0c1f9a999349da3db1f15e1ddd880e63cc9a7e6aab5cc10a7f581b1fbaeb04ad,0.847742249567111,observation_time_proxy,historical data_available_time is unknown; observation_time is a pseudo-operational proxy,11.291927263888889,30,-0.7381186675120777,9
2014-09-23T00:00:00+00:00,2014-09-22,windermere,south,water_temperature,2.0,month_3,2014-11-22,2014-12-21,7.61654010317029,degC,expanding_prior_year_window_climatology,1.0,True,6,6,2008|2009|2010|2011|2012|2013,a01372eb2421d13c2ba19a81a4f5c8c697c7ae892e545468c0751ed46474fa30,0.9101439973186749,observation_time_proxy,historical data_available_time is unknown; observation_time is a pseudo-operational proxy,8.804368763888888,30,-1.1878286607185986,9
2014-09-30T00:00:00+00:00,2014-09-29,windermere,south,water_temperature,2.0,month_1,2014-09-30,2014-10-29,12.910140395833333,degC,expanding_prior_year_window_climatology,1.0,True,6,6,2008|2009|2010|2011|2012|2013,8e7b44f379662ec553007c9ba9084dfa029eb73fd18e84bcd4b60e9ebceeb705,0.675302371785334,observation_time_proxy,historical data_available_time is unknown; observation_time is a pseudo-operational proxy,13.881135055555555,30,-0.9709946597222228,9
2014-09-30T00:00:00+00:00,2014-09-29,windermere,south,water_temperature,2.0,month_2,2014-10-30,2014-11-28,9.892060064895329,degC,expanding_prior_year_window_climatology,1.0,True,6,6,2008|2009|2010|2011|2012|2013,3774cf7a34cbca0117e79bb6b3fd6000f4938466d90123dedcb07523c6427205,0.881143508176503,observation_time_proxy,historical data_available_time is unknown; observation_time is a pseudo-operational proxy,10.721813347222222,30,-0.8297532823268927,9
2014-09-30T00:00:00+00:00,2014-09-29,windermere,south,water_temperature,2.0,month_3,2014-11-29,2014-12-28,6.954709623772142,degC,expanding_prior_year_window_climatology,1.0,True,6,6,2008|2009|2010|2011|2012|2013,150e338e7787e68861ba5923d45ed4f29eb0aa4b0ffe29f6fadf0b1f8f354ca1,0.9096758841292776,observation_time_proxy,historical data_available_time is unknown; observation_time is a pseudo-operational proxy,8.284428111111112,30,-1.3297184873389698,9
2014-10-07T00:00:00+00:00,2014-10-06,windermere,south,water_temperature,2.0,month_1,2014-10-07,2014-11-05,12.193930196608292,degC,expanding_prior_year_window_climatology,1.0,True,6,6,2008|2009|2010|2011|2012|2013,4faba352b12fafc3d6519f2a30ed30b6f4cb9db2afdfce2370ebd18b5588681d,0.7540074667034287,observation_time_proxy,historical data_available_time is unknown; observation_time is a pseudo-operational proxy,12.942660541666667,30,-0.7487303450583749,10
2014-10-07T00:00:00+00:00,2014-10-06,windermere,south,water_temperature,2.0,month_2,2014-11-06,2014-12-05,9.202767188123993,degC,expanding_prior_year_window_climatology,1.0,True,6,6,2008|2009|2010|2011|2012|2013,a21e7f46a15048f7da45bfd27f181296ffed11a68e38604ae946eeb22e6c3ac6,0.8865561416384651,observation_time_proxy,historical data_available_time is unknown; observation_time is a pseudo-operational proxy,10.160347027777778,30,-0.9575798396537856,10
2014-10-07T00:00:00+00:00,2014-10-06,windermere,south,water_temperature,2.0,month_3,2014-12-06,2015-01-04,6.269453112137681,degC,expanding_prior_year_window_climatology,1.0,True,6,5,2008|2009|2010|2011|2012,42a350c8fbb411602413bae5dbc64b77bc06be2e513562355a5343966c3301a2,0.9364389911937233,observation_time_proxy,historical data_available_time is unknown; observation_time is a pseudo-operational proxy,7.757254277777778,30,-1.4878011656400973,10
2014-10-14T00:00:00+00:00,2014-10-13,windermere,south,water_temperature,2.0,month_1,2014-10-14,2014-11-12,11.461908681099034,degC,expanding_prior_year_window_climatology,1.0,True,6,6,2008|2009|2010|2011|2012|2013,775b8eb310e6bb35c645014d5de9b1cf198b58f0dee7b2c4a9d69481f6a6d3e2,0.8054610218920519,observation_time_proxy,historical data_available_time is unknown; observation_time is a pseudo-operational proxy,12.154709194444445,30,-0.6928005133454107,10
2014-10-14T00:00:00+00:00,2014-10-13,windermere,south,water_temperature,2.0,month_2,2014-11-13,2014-12-12,8.505340780716587,degC,expanding_prior_year_window_climatology,1.0,True,6,6,2008|2009|2010|2011|2012|2013,c22444da2b295644382a9e3202d3ad9d6217dc300166a1e5aa1deae2831a60a0,0.9088994565068415,observation_time_proxy,historical data_available_time is unknown; observation_time is a pseudo-operational proxy,9.594950194444445,30,-1.0896094137278585,10
2014-10-14T00:00:00+00:00,2014-10-13,windermere,south,water_temperature,2.0,month_3,2014-12-13,2015-01-11,5.804032265471014,degC,expanding_prior_year_window_climatology,1.0,True,6,5,2008|2009|2010|2011|2012,639fa474021205ba8b94d674e417841f307e4235da16549396490b8748078e2a,0.9121900662824838,observation_time_proxy,historical data_available_time is unknown; observation_time is a pseudo-operational proxy,7.340199791666667,30,-1.5361675261956522,10
2014-10-21T00:00:00+00:00,2014-10-20,windermere,south,water_temperature,2.0,month_1,2014-10-21,2014-11-19,10.746122507487922,degC,expanding_prior_year_window_climatology,1.0,True,6,6,2008|2009|2010|2011|2012|2013,4129ffe28d333a04526a2763b3fb2df1b54b6af3853a5ff0cbfd0cef0dcf1c7b,0.8369563393361711,observation_time_proxy,historical data_available_time is unknown; observation_time is a pseudo-operational proxy,11.472634722222223,30,-0.726512214734301,10
2014-10-21T00:00:00+00:00,2014-10-20,windermere,south,water_temperature,2.0,month_2,2014-11-20,2014-12-19,7.815310976781401,degC,expanding_prior_year_window_climatology,1.0,True,6,6,2008|2009|2010|2011|2012|2013,9a5ac9cffbdd057e49e83c09e657f960221a1eadb57ca615cc39e8f27a03b540,0.909327464752141,observation_time_proxy,historical data_available_time is unknown; observation_time is a pseudo-operational proxy,8.97190475,30,-1.1565937732185994,10
2014-10-21T00:00:00+00:00,2014-10-20,windermere,south,water_temperature,2.0,month_3,2014-12-20,2015-01-18,5.450859372137681,degC,expanding_prior_year_window_climatology,1.0,True,6,5,2008|2009|2010|2011|2012,8da19a4ba208f37ed7681b15a9badb6c2232b4f95818aa1f571e55970b0ca691,0.9624804535637819,observation_time_proxy,historical data_available_time is unknown; observation_time is a pseudo-operational proxy,7.019312236111111,30,-1.5684528639734303,10
2014-10-28T00:00:00+00:00,2014-10-27,windermere,south,water_temperature,2.0,month_1,2014-10-28,2014-11-26,10.083331447997182,degC,expanding_prior_year_window_climatology,1.0,True,6,6,2008|2009|2010|2011|2012|2013,5e9becc8e2d76ca6d144aeed742b35ce5472f3fbbc88b70e7a768ff0ef749b0a,0.8731621778112392,observation_time_proxy,historical data_available_time is unknown; observation_time is a pseudo-operational proxy,10.887165,30,-0.8038335520028177,10
2014-10-28T00:00:00+00:00,2014-10-27,windermere,south,water_temperature,2.0,month_2,2014-11-27,2014-12-26,7.130786400623993,degC,expanding_prior_year_window_climatology,1.0,True,6,6,2008|2009|2010|2011|2012|2013,1afcd22449f73652b75d430c43dd1cf080aa941afc077ac48d5751283d33ca39,0.9043555263609055,observation_time_proxy,historical data_available_time is unknown; observation_time is a pseudo-operational proxy,8.427570666666666,30,-1.296784266042673,10
2014-10-28T00:00:00+00:00,2014-10-27,windermere,south,water_temperature,2.0,month_3,2014-12-27,2015-01-25,5.147673668824189,degC,expanding_prior_year_window_climatology,1.0,True,6,5,2008|2009|2010|2011|2012,c54ef62f6ab6a7dc2c9174370cd433b29de443eeef6d66cc5333a1be1f388955,0.9962083145918709,observation_time_proxy,historical data_available_time is unknown; observation_time is a pseudo-operational proxy,6.590291486111111,30,-1.442617817286922,10
2014-11-04T00:00:00+00:00,2014-11-03,windermere,south,water_temperature,2.0,month_1,2014-11-04,2014-12-03,9.404594740670289,degC,expanding_prior_year_window_climatology,1.0,True,6,6,2008|2009|2010|2011|2012|2013,dad8c30ca79b270c056500468af9ecac4e4a80c519e0bb5f2af4bcea40171789,0.8835971297168321,observation_time_proxy,historical data_available_time is unknown; observation_time is a pseudo-operational proxy,10.321351319444444,30,-0.9167565787741552,11
2014-11-04T00:00:00+00:00,2014-11-03,windermere,south,water_temperature,2.0,month_2,2014-12-04,2015-01-02,6.559356297995025,degC,expanding_prior_year_window_climatology,1.0,True,6,6,2008|2009|2010|2011|2012|2013,4f56187244acce37efdd073498148960f182bc105a95a94c88b6e91a5d994c31,0.9108158628119649,observation_time_proxy,historical data_available_time is unknown; observation_time is a pseudo-operational proxy,7.903130222222222,30,-1.3437739242271967,11
2014-11-04T00:00:00+00:00,2014-11-03,windermere,south,water_temperature,2.0,month_3,2015-01-03,2015-02-01,4.984961108217592,degC,expanding_prior_year_window_climatology,1.0,True,6,6,2008|2009|2010|2011|2012|2013,b07d9f2e9d20f773e621d70d81e89536118c2af78528fc5b2eaf1ab11da67b8d,0.901816753268452,observation_time_proxy,historical data_available_time is unknown; observation_time is a pseudo-operational proxy,6.158576472222222,30,-1.1736153640046298,11
2014-11-11T00:00:00+00:00,2014-11-10,windermere,south,water_temperature,2.0,month_1,2014-11-11,2014-12-10,8.701738933494363,degC,expanding_prior_year_window_climatology,1.0,True,6,6,2008|2009|2010|2011|2012|2013,264067051fd1ac362aabbec960c26dbceef5d6fb82f9722c00e317c9c0940055,0.9103183387418934,observation_time_proxy,historical data_available_time is unknown; observation_time is a pseudo-operational proxy,9.767886166666667,30,-1.0661472331723036,11
2014-11-11T00:00:00+00:00,2014-11-10,windermere,south,water_temperature,2.0,month_2,2014-12-11,2015-01-09,5.930203827971014,degC,expanding_prior_year_window_climatology,1.0,True,6,5,2008|2009|2010|2011|2012,741a484d5f3efeaabab6a0e813f105f8e24f6902d50064c1dc0e131208361016,0.9123725678330509,observation_time_proxy,historical data_available_time is unknown; observation_time is a pseudo-operational proxy,7.436323541666667,30,-1.5061197136956528,11
2014-11-11T00:00:00+00:00,2014-11-10,windermere,south,water_temperature,2.0,month_3,2015-01-10,2015-02-08,4.784489628852513,degC,expanding_prior_year_window_climatology,1.0,True,6,6,2008|2009|2010|2011|2012|2013,6f1d789b671a101f4f0b8a407be27bc703f6f3cdb8ffec0b8914befe53493aa4,0.8316623597161176,observation_time_proxy,historical data_available_time is unknown; observation_time is a pseudo-operational proxy,5.705795236111111,30,-0.9213056072585983,11
2014-11-18T00:00:00+00:00,2014-11-17,windermere,south,water_temperature,2.0,month_1,2014-11-18,2014-12-17,8.011819945994365,degC,expanding_prior_year_window_climatology,1.0,True,6,6,2008|2009|2010|2011|2012|2013,543fb8db04d836330e1262aca6d8aa5ce5fe06984602a021ec2676f9fe05abc9,0.9075618712685818,observation_time_proxy,historical data_available_time is unknown; observation_time is a pseudo-operational proxy,9.146957763888889,30,-1.135137817894524,11
2014-11-18T00:00:00+00:00,2014-11-17,windermere,south,water_temperature,2.0,month_2,2014-12-18,2015-01-16,5.538189104637681,degC,expanding_prior_year_window_climatology,1.0,True,6,5,2008|2009|2010|2011|2012,dbdca6bbe4a9745148bb8bf6ce635dfa1ebbadcce9665c9ada5f936a1bf07e22,0.9463655997781875,observation_time_proxy,historical data_available_time is unknown; observation_time is a pseudo-operational proxy,7.117582791666667,30,-1.5793936870289862,11
2014-11-18T00:00:00+00:00,2014-11-17,windermere,south,water_temperature,2.0,month_3,2015-01-17,2015-02-15,4.623070745006614,degC,expanding_prior_year_window_climatology,1.0,True,6,6,2008|2009|2010|2011|2012|2013,5eb52e24ef753e4a32b30aadf5e44c42f562dac89f2bab0b8d72a7dcdb4de7b3,0.7394519795525448,observation_time_proxy,historical data_available_time is unknown; observation_time is a pseudo-operational proxy,5.282385430555555,30,-0.6593146855489413,11
2014-11-25T00:00:00+00:00,2014-11-24,windermere,south,water_temperature,2.0,month_1,2014-11-25,2014-12-24,7.3196986809480675,degC,expanding_prior_year_window_climatology,1.0,True,6,6,2008|2009|2010|2011|2012|2013,04a88bc44109a104286a77accc4ddc7e0b10d6bc3ff4cef51a89d6f46ff1292f,0.9089504602805066,observation_time_proxy,historical data_available_time is unknown; observation_time is a pseudo-operational proxy,8.572504361111111,30,-1.2528056801630436,11
2014-11-25T00:00:00+00:00,2014-11-24,windermere,south,water_temperature,2.0,month_2,2014-12-25,2015-01-23,5.230277056423395,degC,expanding_prior_year_window_climatology,1.0,True,6,5,2008|2009|2010|2011|2012,ac57d897a9f95c7bebff7f19dedd4f76f5f2ac8e8343c99a6ad7c0831b783df5,0.9940492714804594,observation_time_proxy,historical data_available_time is unknown; observation_time is a pseudo-operational proxy,6.723091541666667,30,-1.4928144852432723,11
2014-11-25T00:00:00+00:00,2014-11-24,windermere,south,water_temperature,2.0,month_3,2015-01-24,2015-02-22,4.503461230324074,degC,expanding_prior_year_window_climatology,1.0,True,6,6,2008|2009|2010|2011|2012|2013,4992e1f23c85fcac6f735e974a6f0f11e6c2f2c3e469aa2f9170545fc2c1b389,0.6875408775499282,observation_time_proxy,historical data_available_time is unknown; observation_time is a pseudo-operational proxy,4.999646861111112,30,-0.49618563078703737,11
2014-12-02T00:00:00+00:00,2014-12-01,windermere,south,water_temperature,2.0,month_1,2014-12-02,2014-12-31,6.70308138708736,degC,expanding_prior_year_window_climatology,1.0,True,6,6,2008|2009|2010|2011|2012|2013,521bd48b9e1cc2e734fd35a0c0d37a0189316b107fe28654e54d8026e5e64c33,0.9051788673398563,observation_time_proxy,historical data_available_time is unknown; observation_time is a pseudo-operational proxy,8.053412777777778,30,-1.3503313906904184,12
2014-12-02T00:00:00+00:00,2014-12-01,windermere,south,water_temperature,2.0,month_2,2015-01-01,2015-01-30,5.0557160914402175,degC,expanding_prior_year_window_climatology,1.0,True,6,6,2008|2009|2010|2011|2012|2013,e317e7cca3bd5df7eaaaeb81b92e0361ad78c650feb0efd0fb4419b3c04f3ad6,0.908072607568924,observation_time_proxy,historical data_available_time is unknown; observation_time is a pseudo-operational proxy,6.282284930555556,30,-1.2265688391153384,12
2014-12-02T00:00:00+00:00,2014-12-01,windermere,south,water_temperature,2.0,month_3,2015-01-31,2015-03-01,4.435112518981482,degC,expanding_prior_year_window_climatology,1.0,True,6,6,2008|2009|2010|2011|2012|2013,88ed9a1c469f378b3b1ba0a197320ecb310a86b99b34b15779b3889676c4ed76,0.6655203664774479,observation_time_proxy,historical data_available_time is unknown; observation_time is a pseudo-operational proxy,4.817938597222223,30,-0.38282607824074066,12
2014-12-09T00:00:00+00:00,2014-12-08,windermere,south,water_temperature,2.0,month_1,2014-12-09,2015-01-07,6.059212141304347,degC,expanding_prior_year_window_climatology,1.0,True,6,5,2008|2009|2010|2011|2012,6805d26ab2c60dd805ba2aa1d2158e17e5133afeef22b8c0e0cef6d28143d93b,0.92087382337647,observation_time_proxy,historical data_available_time is unknown; observation_time is a pseudo-operational proxy,7.555504375,30,-1.4962922336956526,12
2014-12-09T00:00:00+00:00,2014-12-08,windermere,south,water_temperature,2.0,month_2,2015-01-08,2015-02-06,4.835803189517196,degC,expanding_prior_year_window_climatology,1.0,True,6,6,2008|2009|2010|2011|2012|2013,3a20b41c7c8b3bd09dd4a9eb8cb4374a6ca3344bdea228a0bbd2b94da7ac734e,0.8602939296502174,observation_time_proxy,historical data_available_time is unknown; observation_time is a pseudo-operational proxy,5.832898055555556,30,-0.9970948660383598,12
2014-12-09T00:00:00+00:00,2014-12-08,windermere,south,water_temperature,2.0,month_3,2015-02-07,2015-03-08,4.462162656944445,degC,expanding_prior_year_window_climatology,1.0,True,6,6,2008|2009|2010|2011|2012|2013,5283346dacdd4e4b778873fe5c65b176547e64732ce8304a0f14ebb47c9ff84b,0.6932560185491554,observation_time_proxy,historical data_available_time is unknown; observation_time is a pseudo-operational proxy,4.783031111111111,30,-0.320868454166666,12
2014-12-16T00:00:00+00:00,2014-12-15,windermere,south,water_temperature,2.0,month_1,2014-12-16,2015-01-14,5.639627506859903,degC,expanding_prior_year_window_climatology,1.0,True,6,5,2008|2009|2010|2011|2012,f40699d71449953487dd34d56ef3976a7d3e357965db7e73f02b06dc9d89fcb2,0.9287116843261383,observation_time_proxy,historical data_available_time is unknown; observation_time is a pseudo-operational proxy,7.207022388888889,30,-1.567394882028986,12
2014-12-16T00:00:00+00:00,2014-12-15,windermere,south,water_temperature,2.0,month_2,2015-01-15,2015-02-13,4.671270207060185,degC,expanding_prior_year_window_climatology,1.0,True,6,6,2008|2009|2010|2011|2012|2013,3490aa0ccdcf5a4b9d9ceddf3c06dc3332dbfe583b710d4f22691e11af04cb65,0.7633619581644128,observation_time_proxy,historical data_available_time is unknown; observation_time is a pseudo-operational proxy,5.387159083333334,30,-0.7158888762731488,12
2014-12-16T00:00:00+00:00,2014-12-15,windermere,south,water_temperature,2.0,month_3,2015-02-14,2015-03-15,4.554412205324074,degC,expanding_prior_year_window_climatology,1.0,True,6,6,2008|2009|2010|2011|2012|2013,18e22bd16ba53bf7f55ae9dea28cbb0a7e0ede8783f4c0d305b9065ace2fc680,0.7327020009751287,observation_time_proxy,historical data_available_time is unknown; observation_time is a pseudo-operational proxy,4.868689138888889,30,-0.31427693356481434,12
2014-12-23T00:00:00+00:00,2014-12-22,windermere,south,water_temperature,2.0,month_1,2014-12-23,2015-01-21,5.316240654062284,degC,expanding_prior_year_window_climatology,1.0,True,6,5,2008|2009|2010|2011|2012,957d62944c13b32e5210afe13645e41005b266bc8cdee1745dbcab4a2c206c0a,0.9807381375778437,observation_time_proxy,historical data_available_time is unknown; observation_time is a pseudo-operational proxy,6.849909305555555,30,-1.5336686514932714,12
2014-12-23T00:00:00+00:00,2014-12-22,windermere,south,water_temperature,2.0,month_2,2015-01-22,2015-02-20,4.534726504398148,degC,expanding_prior_year_window_climatology,1.0,True,6,6,2008|2009|2010|2011|2012|2013,11f15f68ce3294f5db04b90904501acd3a4009007126e02024e2b8d3288fc270,0.699820754715955,observation_time_proxy,historical data_available_time is unknown; observation_time is a pseudo-operational proxy,5.069379138888889,30,-0.5346526344907412,12
2014-12-23T00:00:00+00:00,2014-12-22,windermere,south,water_temperature,2.0,month_3,2015-02-21,2015-03-22,4.767804195138889,degC,expanding_prior_year_window_climatology,1.0,True,6,6,2008|2009|2010|2011|2012|2013,93bc0cf08d6310e9bdae39933a889b6cdd01690a45014b0478f762e95d1d3363,0.7764879579160601,observation_time_proxy,historical data_available_time is unknown; observation_time is a pseudo-operational proxy,5.042699805555555,30,-0.27489561041666644,12
2014-12-30T00:00:00+00:00,2014-12-29,windermere,south,water_temperature,2.0,month_1,2014-12-30,2015-01-28,5.027404578129745,degC,expanding_prior_year_window_climatology,1.0,True,6,5,2008|2009|2010|2011|2012,9dd4a31243b6b3affb3d29dce37fb89d667465746c6fb7eda6fbd466a176882d,0.9788615516193119,observation_time_proxy,historical data_available_time is unknown; observation_time is a pseudo-operational proxy,6.403398875,30,-1.375994296870255,12
2014-12-30T00:00:00+00:00,2014-12-29,windermere,south,water_temperature,2.0,month_2,2015-01-29,2015-02-27,4.445238079861111,degC,expanding_prior_year_window_climatology,1.0,True,6,6,2008|2009|2010|2011|2012|2013,1314417bc3ed67b3addb6ea273b25e6916e3ef09ace40ba8f829bd942f1a0695,0.6688436140774917,observation_time_proxy,historical data_available_time is unknown; observation_time is a pseudo-operational proxy,4.85740575,30,-0.41216767013888855,12
2014-12-30T00:00:00+00:00,2014-12-29,windermere,south,water_temperature,2.0,month_3,2015-02-28,2015-03-29,5.105579477083333,degC,expanding_prior_year_window_climatology,1.0,True,6,6,2008|2009|2010|2011|2012|2013,e5680cfc2725757fccc19a8da02b4f9670556fd8ef24a79dd02e6c67b3ed2741,0.9443212294522902,observation_time_proxy,historical data_available_time is unknown; observation_time is a pseudo-operational proxy,5.279928083333333,30,-0.1743486062499997,12
2015-01-06T00:00:00+00:00,2015-01-05,windermere,south,water_temperature,2.0,month_1,2015-01-06,2015-02-04,5.041879689087302,degC,expanding_prior_year_window_climatology,1.0,True,7,7,2008|2009|2010|2011|2012|2013|2014,7723185adff05ac6d8d1bf90c49f4d243be65ab33a1dc57ce8c52d8876b2ca65,0.8963590608184379,observation_time_proxy,historical data_available_time is unknown; observation_time is a pseudo-operational proxy,5.963864986111111,30,-0.9219852970238094,1
2015-01-06T00:00:00+00:00,2015-01-05,windermere,south,water_temperature,2.0,month_2,2015-02-05,2015-03-06,4.591985384126984,degC,expanding_prior_year_window_climatology,1.0,True,7,7,2008|2009|2010|2011|2012|2013|2014,6a8b3ca00dbe725be1fc8426f07f1fdc32df6981fec1f0fda137ac8912938e5d,0.7251553032468087,observation_time_proxy,historical data_available_time is unknown; observation_time is a pseudo-operational proxy,4.772624819444444,30,-0.18063943531746052,1
2015-01-06T00:00:00+00:00,2015-01-05,windermere,south,water_temperature,2.0,month_3,2015-03-07,2015-04-05,5.662219915674603,degC,expanding_prior_year_window_climatology,1.0,True,7,7,2008|2009|2010|2011|2012|2013|2014,27b52d8a93cb1d89d5ed995c9149914ce57906585aa97887efde3087e7314778,1.162082904710306,observation_time_proxy,historical data_available_time is unknown; observation_time is a pseudo-operational proxy,5.579026652777777,30,0.08319326289682571,1
2015-01-13T00:00:00+00:00,2015-01-12,windermere,south,water_temperature,2.0,month_1,2015-01-13,2015-02-11,4.864836916709184,degC,expanding_prior_year_window_climatology,1.0,True,7,7,2008|2009|2010|2011|2012|2013|2014,b1494a9021abd28a517093fb21161feca7077c26c6291d21a900e5dd5343c1b6,0.8199108065920239,observation_time_proxy,historical data_available_time is unknown; observation_time is a pseudo-operational proxy,5.5095711666666665,30,-0.6447342499574829,1
2015-01-13T00:00:00+00:00,2015-01-12,windermere,south,water_temperature,2.0,month_2,2015-02-12,2015-03-13,4.669669822619047,degC,expanding_prior_year_window_climatology,1.0,True,7,7,2008|2009|2010|2011|2012|2013|2014,cbfb595ed353a1808d1f11d7a8e84c27b1167d37abcdb8b5f1c1a7561256ba4a,0.7720576551249355,observation_time_proxy,historical data_available_time is unknown; observation_time is a pseudo-operational proxy,4.841382513888889,30,-0.17171269126984168,1
2015-01-13T00:00:00+00:00,2015-01-12,windermere,south,water_temperature,2.0,month_3,2015-03-14,2015-04-12,6.1366008744047615,degC,expanding_prior_year_window_climatology,1.0,True,7,7,2008|2009|2010|2011|2012|2013|2014,fc5f3612afef87174ba8da2a66bf1bfd469471b80d1924cac7126731fe14d336,1.2599619417809822,observation_time_proxy,historical data_available_time is unknown; observation_time is a pseudo-operational proxy,6.204862013888889,30,-0.06826113948412704,1
2015-01-20T00:00:00+00:00,2015-01-19,windermere,south,water_temperature,2.0,month_1,2015-01-20,2015-02-18,4.71130505734127,degC,expanding_prior_year_window_climatology,1.0,True,7,7,2008|2009|2010|2011|2012|2013|2014,710ad81e135c8a1f1168e045aaa29bf8666a0d909192983b8b1d22dadc84d0cf,0.7525630516379431,observation_time_proxy,historical data_available_time is unknown; observation_time is a pseudo-operational proxy,5.143198694444445,30,-0.4318936371031752,1
2015-01-20T00:00:00+00:00,2015-01-19,windermere,south,water_temperature,2.0,month_2,2015-02-19,2015-03-20,4.858619336706349,degC,expanding_prior_year_window_climatology,1.0,True,7,7,2008|2009|2010|2011|2012|2013|2014,149016f7233a492a2b1fab54dd7231bb7e3f8dfbc70ba458831f2ff5f15948b4,0.8222614520000116,observation_time_proxy,historical data_available_time is unknown; observation_time is a pseudo-operational proxy,4.98284925,30,-0.12422991329365107,1
2015-01-20T00:00:00+00:00,2015-01-19,windermere,south,water_temperature,2.0,month_3,2015-03-21,2015-04-19,6.749535617063492,degC,expanding_prior_year_window_climatology,1.0,True,7,7,2008|2009|2010|2011|2012|2013|2014,9c2c5f82c55184955caf6af6842d529f56ed040e42ffa15a5f65d054f64fa0c5,1.382838928884652,observation_time_proxy,historical data_available_time is unknown; observation_time is a pseudo-operational proxy,6.852479652777778,30,-0.10294403571428656,1
2015-01-27T00:00:00+00:00,2015-01-26,windermere,south,water_temperature,2.0,month_1,2015-01-27,2015-02-25,4.6033433,degC,expanding_prior_year_window_climatology,1.0,True,7,7,2008|2009|2010|2011|2012|2013|2014,2cea2996f459d3abd8d286d238c18913a2fa53253d609c792f1c1c71e491bd8d,0.7176981243489432,observation_time_proxy,historical data_available_time is unknown; observation_time is a pseudo-operational proxy,4.9103944861111115,30,-0.3070511861111118,1
2015-01-27T00:00:00+00:00,2015-01-26,windermere,south,water_temperature,2.0,month_2,2015-02-26,2015-03-27,5.1574670125,degC,expanding_prior_year_window_climatology,1.0,True,7,7,2008|2009|2010|2011|2012|2013|2014,551097b52180ed02f87b64f18f761e262b17c26eb8cf8bee11627cb60b36b9c4,0.90592475461159,observation_time_proxy,historical data_available_time is unknown; observation_time is a pseudo-operational proxy,5.2139575972222225,30,-0.05649058472222279,1
2015-01-27T00:00:00+00:00,2015-01-26,windermere,south,water_temperature,2.0,month_3,2015-03-28,2015-04-26,7.537551011574074,degC,expanding_prior_year_window_climatology,1.0,True,7,6,2008|2009|2011|2012|2013|2014,ef19d7c884bb7732d04b0f3ca7e99fc1a0deab2a0348204db9b152e678b863ca,1.6694352425373604,observation_time_proxy,historical data_available_time is unknown; observation_time is a pseudo-operational proxy,7.791644319444445,30,-0.2540933078703711,1
2015-02-03T00:00:00+00:00,2015-02-02,windermere,south,water_temperature,2.0,month_1,2015-02-03,2015-03-04,4.582935807738095,degC,expanding_prior_year_window_climatology,1.0,True,7,7,2008|2009|2010|2011|2012|2013|2014,a04459b7a62d905b04aa07efc60a65845fcd46f319e6e814a162623982c3dcf8,0.7182275685544129,observation_time_proxy,historical data_available_time is unknown; observation_time is a pseudo-operational proxy,4.778225916666667,30,-0.1952901089285719,2
2015-02-03T00:00:00+00:00,2015-02-02,windermere,south,water_temperature,2.0,month_2,2015-03-05,2015-04-03,5.5572915811507935,degC,expanding_prior_year_window_climatology,1.0,True,7,7,2008|2009|2010|2011|2012|2013|2014,7ae609b60c05da15c95a283a73871b09e07c19ac2ec8c5e9501f5f76861ced29,1.1316165949823915,observation_time_proxy,historical data_available_time is unknown; observation_time is a pseudo-operational proxy,5.470633152777777,30,0.08665842837301607,2
2015-02-03T00:00:00+00:00,2015-02-02,windermere,south,water_temperature,2.0,month_3,2015-04-04,2015-05-03,8.279874951620371,degC,expanding_prior_year_window_climatology,1.0,True,7,6,2008|2009|2011|2012|2013|2014,aa807ca203d3776ab7e22a7b0b83f4d00e2a3e1e5ed974c0643c2fd32833b2b5,1.8601218781542048,observation_time_proxy,historical data_available_time is unknown; observation_time is a pseudo-operational proxy,8.52976276388889,30,-0.24988781226851842,2
2015-02-10T00:00:00+00:00,2015-02-09,windermere,south,water_temperature,2.0,month_1,2015-02-10,2015-03-11,4.638632569642857,degC,expanding_prior_year_window_climatology,1.0,True,7,7,2008|2009|2010|2011|2012|2013|2014,13dcf470d54e699db34bcd03d2d3e68a9958fa1498a9a34bf505ba8612c8e4eb,0.7574285491079956,observation_time_proxy,historical data_available_time is unknown; observation_time is a pseudo-operational proxy,4.813784194444445,30,-0.17515162480158786,2
2015-02-10T00:00:00+00:00,2015-02-09,windermere,south,water_temperature,2.0,month_2,2015-03-12,2015-04-10,5.968566096825397,degC,expanding_prior_year_window_climatology,1.0,True,7,7,2008|2009|2010|2011|2012|2013|2014,dac062e2fbcac209c0305a76337a0b30e998351ed893f38ad1753a93082643db,1.2342196879041873,observation_time_proxy,historical data_available_time is unknown; observation_time is a pseudo-operational proxy,6.062277472222222,30,-0.0937113753968255,2
2015-02-10T00:00:00+00:00,2015-02-09,windermere,south,water_temperature,2.0,month_3,2015-04-11,2015-05-10,9.180342378009259,degC,expanding_prior_year_window_climatology,1.0,True,7,6,2008|2009|2011|2012|2013|2014,1923e11ba5615789ca74e9fc61e8a2fd2e8c7db8891d5d1e9ea7f8698601a573,1.938485718463994,observation_time_proxy,historical data_available_time is unknown; observation_time is a pseudo-operational proxy,8.94694673611111,30,0.23339564189814865,2
2015-02-17T00:00:00+00:00,2015-02-16,windermere,south,water_temperature,2.0,month_1,2015-02-17,2015-03-18,4.7906717202380955,degC,expanding_prior_year_window_climatology,1.0,True,7,7,2008|2009|2010|2011|2012|2013|2014,14b7833ddd0026feabdc607ccb1daebeb55793366533dffd3493703c38b9d12a,0.807593515393328,observation_time_proxy,historical data_available_time is unknown; observation_time is a pseudo-operational proxy,4.919310347222222,30,-0.12863862698412643,2
2015-02-17T00:00:00+00:00,2015-02-16,windermere,south,water_temperature,2.0,month_2,2015-03-19,2015-04-17,6.560611183928572,degC,expanding_prior_year_window_climatology,1.0,True,7,7,2008|2009|2010|2011|2012|2013|2014,b540cbda4eb79189f54c493523b0dfb07d187b2ae87e636df1e24c3bb3dabda3,1.3432359965844363,observation_time_proxy,historical data_available_time is unknown; observation_time is a pseudo-operational proxy,6.665436194444444,30,-0.10482501051587256,2
2015-02-17T00:00:00+00:00,2015-02-16,windermere,south,water_temperature,2.0,month_3,2015-04-18,2015-05-17,10.056530061111111,degC,expanding_prior_year_window_climatology,1.0,True,7,6,2008|2009|2011|2012|2013|2014,067c6ad46937c2526cb15c3451e7d3e0d68e2bc2cd1a34e725ec57bf021832c7,1.8451324837479868,observation_time_proxy,historical data_available_time is unknown; observation_time is a pseudo-operational proxy,9.475393805555555,30,0.5811362555555561,2
2015-02-24T00:00:00+00:00,2015-02-23,windermere,south,water_temperature,2.0,month_1,2015-02-24,2015-03-25,5.062003312103175,degC,expanding_prior_year_window_climatology,1.0,True,7,7,2008|2009|2010|2011|2012|2013|2014,79facc0fd5c6c65146ca287c42962fedc0ecde9e3cb6c468058c765cd0e75aa8,0.8693652955439519,observation_time_proxy,historical data_available_time is unknown; observation_time is a pseudo-operational proxy,5.1447029861111115,30,-0.08269967400793643,2
2015-02-24T00:00:00+00:00,2015-02-23,windermere,south,water_temperature,2.0,month_2,2015-03-26,2015-04-24,7.332190350462963,degC,expanding_prior_year_window_climatology,1.0,True,7,6,2008|2009|2011|2012|2013|2014,3090d1390d91b334d2a8f218cb190406e7e7d229984156a07b139add1a8ebf10,1.639131982534184,observation_time_proxy,historical data_available_time is unknown; observation_time is a pseudo-operational proxy,7.543929958333333,30,-0.21173960787036972,2
2015-02-24T00:00:00+00:00,2015-02-23,windermere,south,water_temperature,2.0,month_3,2015-04-25,2015-05-24,10.91546963611111,degC,expanding_prior_year_window_climatology,1.0,True,7,6,2008|2009|2011|2012|2013|2014,8efd4bf56f63fc43cc6247b4dadf87bab810f6f8c6b80590c0b479d27940a0c5,1.6635973936277788,observation_time_proxy,historical data_available_time is unknown; observation_time is a pseudo-operational proxy,9.839421722222221,30,1.076047913888889,2
2015-03-03T00:00:00+00:00,2015-03-02,windermere,south,water_temperature,2.0,month_1,2015-03-03,2015-04-01,5.441656266269841,degC,expanding_prior_year_window_climatology,1.0,True,7,7,2008|2009|2010|2011|2012|2013|2014,4b835b01cdddc01603a9eed11eafb7fcd640e2a848f54a301335562289af41c5,1.0780620995641925,observation_time_proxy,historical data_available_time is unknown; observation_time is a pseudo-operational proxy,5.381508444444444,30,0.0601478218253968,3
2015-03-03T00:00:00+00:00,2015-03-02,windermere,south,water_temperature,2.0,month_2,2015-04-02,2015-05-01,8.061293546064814,degC,expanding_prior_year_window_climatology,1.0,True,7,6,2008|2009|2011|2012|2013|2014,86c829c6f0ece5647bc75d3ffa2fb41b89752719efc638620ca44a5606e109a1,1.7935130722217278,observation_time_proxy,historical data_available_time is unknown; observation_time is a pseudo-operational proxy,8.3356595,30,-0.27436595393518637,3
2015-03-03T00:00:00+00:00,2015-03-02,windermere,south,water_temperature,2.0,month_3,2015-05-02,2015-05-31,11.899088462103174,degC,expanding_prior_year_window_climatology,1.0,True,7,7,2008|2009|2010|2011|2012|2013|2014,e9bf1c8e49a3326e5a4699209d656818468b8b4ed6856ac2624e053ea90effc4,1.333835042004355,observation_time_proxy,historical data_available_time is unknown; observation_time is a pseudo-operational proxy,10.555186222222222,30,1.3439022398809524,3
2015-03-10T00:00:00+00:00,2015-03-09,windermere,south,water_temperature,2.0,month_1,2015-03-10,2015-04-08,5.834254703769841,degC,expanding_prior_year_window_climatology,1.0,True,7,7,2008|2009|2010|2011|2012|2013|2014,ed545e1f17c3bb3ae85ae083d356d78f91d196d7c80871faaa14bea034428b33,1.2075104639219412,observation_time_proxy,historical data_available_time is unknown; observation_time is a pseudo-operational proxy,5.825369,30,0.00888570376984088,3
2015-03-10T00:00:00+00:00,2015-03-09,windermere,south,water_temperature,2.0,month_2,2015-04-09,2015-05-08,8.927903280787037,degC,expanding_prior_year_window_climatology,1.0,True,7,6,2008|2009|2011|2012|2013|2014,eb72e0651a99a96513439ed1a68dbfce549476902819ba09e85f50cee0f94c1a,1.9534494952306154,observation_time_proxy,historical data_available_time is unknown; observation_time is a pseudo-operational proxy,8.871885805555555,30,0.056017475231481484,3
2015-03-10T00:00:00+00:00,2015-03-09,windermere,south,water_temperature,2.0,month_3,2015-05-09,2015-06-07,13.030688513957307,degC,expanding_prior_year_window_climatology,1.0,True,7,7,2008|2009|2010|2011|2012|2013|2014,e2f035161928bfedd3003f01a42d72bbea13de6ad6ee147fd815b77a572908cf,1.17827644604076,observation_time_proxy,historical data_available_time is unknown; observation_time is a pseudo-operational proxy,11.270032847222222,30,1.7606556667350848,3
2015-03-17T00:00:00+00:00,2015-03-16,windermere,south,water_temperature,2.0,month_1,2015-03-17,2015-04-15,6.385740240277777,degC,expanding_prior_year_window_climatology,1.0,True,7,7,2008|2009|2010|2011|2012|2013|2014,f2843b1b188a3adbe37fd6400a8ea49ff426215db368c5047cfc414a42734590,1.3094550321945184,observation_time_proxy,historical data_available_time is unknown; observation_time is a pseudo-operational proxy,6.459014111111111,30,-0.07327387083333381,3
2015-03-17T00:00:00+00:00,2015-03-16,windermere,south,water_temperature,2.0,month_2,2015-04-16,2015-05-15,9.803143351851851,degC,expanding_prior_year_window_climatology,1.0,True,7,6,2008|2009|2011|2012|2013|2014,dcd8369188d570db9b63a4a37e92821aa70211925dbb092be886b703e2409888,1.872865527601477,observation_time_proxy,historical data_available_time is unknown; observation_time is a pseudo-operational proxy,9.347562819444445,30,0.4555805324074065,3
2015-03-17T00:00:00+00:00,2015-03-16,windermere,south,water_temperature,2.0,month_3,2015-05-16,2015-06-14,14.155294325882595,degC,expanding_prior_year_window_climatology,1.0,True,7,7,2008|2009|2010|2011|2012|2013|2014,3c249fa79a69ffcdab960f8984ad29fb9ca53379f1fa77b43c018c3e1db75608,0.9754848258219637,observation_time_proxy,historical data_available_time is unknown; observation_time is a pseudo-operational proxy,12.280973694444445,30,1.8743206314381506,3
2015-03-24T00:00:00+00:00,2015-03-23,windermere,south,water_temperature,2.0,month_1,2015-03-24,2015-04-22,7.039119782506184,degC,expanding_prior_year_window_climatology,1.0,True,7,7,2008|2009|2010|2011|2012|2013|2014,f0c7c32016556bd026a66f94708e9300491ba04a01cdab446452dbc6f402cdd5,1.4691252862942619,observation_time_proxy,historical data_available_time is unknown; observation_time is a pseudo-operational proxy,7.2174754722222225,30,-0.17835568971603877,3
2015-03-24T00:00:00+00:00,2015-03-23,windermere,south,water_temperature,2.0,month_2,2015-04-23,2015-05-22,10.668843716898149,degC,expanding_prior_year_window_climatology,1.0,True,7,6,2008|2009|2011|2012|2013|2014,e3b8e7987a34075a2e48c57839bc760c71ee1a9406cc01e42ccdbc0209b81259,1.7395535617878735,observation_time_proxy,historical data_available_time is unknown; observation_time is a pseudo-operational proxy,9.765840916666667,30,0.9030028002314818,3
2015-03-24T00:00:00+00:00,2015-03-23,windermere,south,water_temperature,2.0,month_3,2015-05-23,2015-06-21,15.133397582396004,degC,expanding_prior_year_window_climatology,1.0,True,7,7,2008|2009|2010|2011|2012|2013|2014,c30bc3d796e60c51566fe93ec0cb0b847efc0636ac29720935621cd8a6770457,0.9071417961695097,observation_time_proxy,historical data_available_time is unknown; observation_time is a pseudo-operational proxy,13.309884027777777,30,1.823513554618227,3
2015-03-31T00:00:00+00:00,2015-03-30,windermere,south,water_temperature,2.0,month_1,2015-03-31,2015-04-29,7.845602078935185,degC,expanding_prior_year_window_climatology,1.0,True,7,6,2008|2009|2011|2012|2013|2014,f004f9b20e335db2b18532562c3386c153e779a3e95d2bc0a41193b7879a4910,1.7271113021210025,observation_time_proxy,historical data_available_time is unknown; observation_time is a pseudo-operational proxy,8.128286875,30,-0.28268479606481556,3
2015-03-31T00:00:00+00:00,2015-03-30,windermere,south,water_temperature,2.0,month_2,2015-04-30,2015-05-29,11.624608109934318,degC,expanding_prior_year_window_climatology,1.0,True,7,7,2008|2009|2010|2011|2012|2013|2014,5943fa0d58e989981a94785d0c9274dbacc80dd94f81a5d21d6ac568f50344bf,1.3754621710008104,observation_time_proxy,historical data_available_time is unknown; observation_time is a pseudo-operational proxy,10.325316152777777,30,1.2992919571565409,3
2015-03-31T00:00:00+00:00,2015-03-30,windermere,south,water_temperature,2.0,month_3,2015-05-30,2015-06-28,15.86231142966612,degC,expanding_prior_year_window_climatology,1.0,True,7,7,2008|2009|2010|2011|2012|2013|2014,7c492e3532815edcc590fbf9fcb1a3735c8d4348f68a7747d54d8dd064c37335,0.8871750686035746,observation_time_proxy,historical data_available_time is unknown; observation_time is a pseudo-operational proxy,14.080565305555556,30,1.7817461241105637,3
2015-04-07T00:00:00+00:00,2015-04-06,windermere,south,water_temperature,2.0,month_1,2015-04-07,2015-05-06,8.656635921990741,degC,expanding_prior_year_window_climatology,1.0,True,7,6,2008|2009|2011|2012|2013|2014,57770770aea353237da1e1e6201ce77dc018fd4e4fbd1dba85f3cfaceb23aee0,1.9462091908808403,observation_time_proxy,historical data_available_time is unknown; observation_time is a pseudo-operational proxy,8.754373819444444,30,-0.09773789745370287,4
2015-04-07T00:00:00+00:00,2015-04-06,windermere,south,water_temperature,2.0,month_2,2015-05-07,2015-06-05,12.696933209927478,degC,expanding_prior_year_window_climatology,1.0,True,7,7,2008|2009|2010|2011|2012|2013|2014,8df9eee750f8be8834ea61d8989e176a5ac3b0e62fd6baa91b3500d52797c3c5,1.2219426708436565,observation_time_proxy,historical data_available_time is unknown; observation_time is a pseudo-operational proxy,11.087477222222223,30,1.609455987705255,4
2015-04-07T00:00:00+00:00,2015-04-06,windermere,south,water_temperature,2.0,month_3,2015-06-06,2015-07-05,16.45820360515873,degC,expanding_prior_year_window_climatology,1.0,True,7,7,2008|2009|2010|2011|2012|2013|2014,9809dfaed4ab57d23ba6541e6ded24e07642f7e41e2283246bdccf584d92eb2e,1.2274286057380768,observation_time_proxy,historical data_available_time is unknown; observation_time is a pseudo-operational proxy,15.256385819444445,30,1.2018177857142849,4
2015-04-14T00:00:00+00:00,2015-04-13,windermere,south,water_temperature,2.0,month_1,2015-04-14,2015-05-13,9.549736784027777,degC,expanding_prior_year_window_climatology,1.0,True,7,6,2008|2009|2011|2012|2013|2014,369a6b33b69e8d783dfa5c6742c48c84b33441d299dc34b491ccaf7bea6f4701,1.90136167593298,observation_time_proxy,historical data_available_time is unknown; observation_time is a pseudo-operational proxy,9.158802402777777,30,0.39093438125000013,4
2015-04-14T00:00:00+00:00,2015-04-13,windermere,south,water_temperature,2.0,month_2,2015-05-14,2015-06-12,13.85338703015873,degC,expanding_prior_year_window_climatology,1.0,True,7,7,2008|2009|2010|2011|2012|2013|2014,778564e7a5facf1ff2dba6c0ae17851e9fd8d61e7a438295086545a919ec32f1,1.0076801239571511,observation_time_proxy,historical data_available_time is unknown; observation_time is a pseudo-operational proxy,11.93849873611111,30,1.9148882940476195,4
2015-04-14T00:00:00+00:00,2015-04-13,windermere,south,water_temperature,2.0,month_3,2015-06-13,2015-07-12,16.98648939575099,degC,expanding_prior_year_window_climatology,1.0,True,7,7,2008|2009|2010|2011|2012|2013|2014,3f42cd6b083571fa53bd723e49f0751f9612a0e7392980221066c24b97d9a2a3,1.5133239984585372,observation_time_proxy,historical data_available_time is unknown; observation_time is a pseudo-operational proxy,16.154388402777776,30,0.8321009929732135,4
2015-04-21T00:00:00+00:00,2015-04-20,windermere,south,water_temperature,2.0,month_1,2015-04-21,2015-05-20,10.413740564814814,degC,expanding_prior_year_window_climatology,1.0,True,7,6,2008|2009|2011|2012|2013|2014,f10523067b6a2201de1254e5b4d5192bfba8639c1a23254112e2c78260f5157d,1.8094363374891178,observation_time_proxy,historical data_available_time is unknown; observation_time is a pseudo-operational proxy,9.66423151388889,30,0.7495090509259246,4
2015-04-21T00:00:00+00:00,2015-04-20,windermere,south,water_temperature,2.0,month_2,2015-05-21,2015-06-19,14.8734065969896,degC,expanding_prior_year_window_climatology,1.0,True,7,7,2008|2009|2010|2011|2012|2013|2014,011999addccc69167fd585558f817df94fb5ee47b1036a849f0a4da6ddcef6da,0.9270010296766695,observation_time_proxy,historical data_available_time is unknown; observation_time is a pseudo-operational proxy,13.049542013888889,30,1.8238645831007112,4
2015-04-21T00:00:00+00:00,2015-04-20,windermere,south,water_temperature,2.0,month_3,2015-06-20,2015-07-19,17.5174513818621,degC,expanding_prior_year_window_climatology,1.0,True,7,7,2008|2009|2010|2011|2012|2013|2014,07a2db4223d1bd223f0514cd9ba25042770c257b3ae74140fd99fce0defcc1e2,1.6572852007987244,observation_time_proxy,historical data_available_time is unknown; observation_time is a pseudo-operational proxy,16.729199083333334,30,0.7882522985287643,4
2015-04-28T00:00:00+00:00,2015-04-27,windermere,south,water_temperature,2.0,month_1,2015-04-28,2015-05-27,11.377970264351852,degC,expanding_prior_year_window_climatology,1.0,True,7,7,2008|2009|2010|2011|2012|2013|2014,c25ef0f99bfc30ed8cf06487ac68f29ab414ecc3009ad8e1455e89e950a5234a,1.4335714008328706,observation_time_proxy,historical data_available_time is unknown; observation_time is a pseudo-operational proxy,10.110490666666667,30,1.2674795976851847,4
2015-04-28T00:00:00+00:00,2015-04-27,windermere,south,water_temperature,2.0,month_2,2015-05-28,2015-06-26,15.638069991324576,degC,expanding_prior_year_window_climatology,1.0,True,7,7,2008|2009|2010|2011|2012|2013|2014,3fabee7cb4c926cb78ef21595d82d288ae6e1e4f360ed1d21f41b1b865950ec3,0.8439866523002564,observation_time_proxy,historical data_available_time is unknown; observation_time is a pseudo-operational proxy,13.844369569444444,30,1.793700421880132,4
2015-04-28T00:00:00+00:00,2015-04-27,windermere,south,water_temperature,2.0,month_3,2015-06-27,2015-07-26,17.99870549892559,degC,expanding_prior_year_window_climatology,1.0,True,7,7,2008|2009|2010|2011|2012|2013|2014,5a904c8df4bd803176d10675a77aaabaf0ec5c4cf00fa2f12c33228f937b5242,1.6873720615310894,observation_time_proxy,historical data_available_time is unknown; observation_time is a pseudo-operational proxy,17.114629916666665,30,0.8840755822589266,4
2015-05-05T00:00:00+00:00,2015-05-04,windermere,south,water_temperature,2.0,month_1,2015-05-05,2015-06-03,12.352510663724685,degC,expanding_prior_year_window_climatology,1.0,True,7,7,2008|2009|2010|2011|2012|2013|2014,91e978045247dafafecd7a646dc2b0f31d5fc118caaeb18404c3236cbe957e67,1.2727874668823567,observation_time_proxy,historical data_available_time is unknown; observation_time is a pseudo-operational proxy,10.84140273611111,30,1.5111079276135744,5
2015-05-05T00:00:00+00:00,2015-05-04,windermere,south,water_temperature,2.0,month_2,2015-06-04,2015-07-03,16.336373396825397,degC,expanding_prior_year_window_climatology,1.0,True,7,7,2008|2009|2010|2011|2012|2013|2014,2151fa93a3b31b264a62f1be24dde034e3f9c3b2192e85632b12ea1fd9601099,1.1512404455762943,observation_time_proxy,historical data_available_time is unknown; observation_time is a pseudo-operational proxy,14.91979575,30,1.416577646825397,5
2015-05-05T00:00:00+00:00,2015-05-04,windermere,south,water_temperature,2.0,month_3,2015-07-04,2015-08-02,18.373863810433527,degC,expanding_prior_year_window_climatology,1.0,True,7,7,2008|2009|2010|2011|2012|2013|2014,aaa86d38bf6a17293310a7277089cb249372ac12e730fe21e778979ae71b75c9,1.7102062775270626,observation_time_proxy,historical data_available_time is unknown; observation_time is a pseudo-operational proxy,17.146777142857143,28,1.2270866675763834,5
2015-05-12T00:00:00+00:00,2015-05-11,windermere,south,water_temperature,2.0,month_1,2015-05-12,2015-06-10,13.5383159829844,degC,expanding_prior_year_window_climatology,1.0,True,7,7,2008|2009|2010|2011|2012|2013|2014,dbf877fc48872a7ef513f19d53d183a87ec4b3b8500bf557d28fa0e6b8b79c80,1.0651158083988925,observation_time_proxy,historical data_available_time is unknown; observation_time is a pseudo-operational proxy,11.6129685,30,1.9253474829844013,5
2015-05-12T00:00:00+00:00,2015-05-11,windermere,south,water_temperature,2.0,month_2,2015-06-11,2015-07-10,16.809994329192545,degC,expanding_prior_year_window_climatology,1.0,True,7,7,2008|2009|2010|2011|2012|2013|2014,18b34ea45d9843b6a3cd4fab37dfac1fcc6560e4a19c027a1527b49fa5ec65e3,1.4294463118947107,observation_time_proxy,historical data_available_time is unknown; observation_time is a pseudo-operational proxy,15.975044819444445,30,0.8349495097480997,5
2015-05-12T00:00:00+00:00,2015-05-11,windermere,south,water_temperature,2.0,month_3,2015-07-11,2015-08-09,18.533317698928055,degC,expanding_prior_year_window_climatology,1.0,True,7,7,2008|2009|2010|2011|2012|2013|2014,bb5ff42a79bda56c7a90b216b716a8bf1efc08317926347e47b557adbb1086e3,1.769961087581597,observation_time_proxy,historical data_available_time is unknown; observation_time is a pseudo-operational proxy,16.988689910714285,28,1.54462778821377,5
2015-05-19T00:00:00+00:00,2015-05-18,windermere,south,water_temperature,2.0,month_1,2015-05-19,2015-06-17,14.594906674787904,degC,expanding_prior_year_window_climatology,1.0,True,7,7,2008|2009|2010|2011|2012|2013|2014,40f6ec973b58773a4b435dc0db7d7e26a7dded325d3a44ceb80397b1bfb1c082,0.9445009548288047,observation_time_proxy,historical data_available_time is unknown; observation_time is a pseudo-operational proxy,12.760271513888888,30,1.8346351608990155,5
2015-05-19T00:00:00+00:00,2015-05-18,windermere,south,water_temperature,2.0,month_2,2015-06-18,2015-07-17,17.389869596147815,degC,expanding_prior_year_window_climatology,1.0,True,7,7,2008|2009|2010|2011|2012|2013|2014,b7be6659cc3ddd65912df41dae7a4235065e36f38fa5ed67387fae06b9198e26,1.638754411232401,observation_time_proxy,historical data_available_time is unknown; observation_time is a pseudo-operational proxy,16.593796569444443,30,0.7960730267033718,5
2015-05-19T00:00:00+00:00,2015-05-18,windermere,south,water_temperature,2.0,month_3,2015-07-18,2015-08-16,18.44068770181406,degC,expanding_prior_year_window_climatology,1.0,True,7,7,2008|2009|2010|2011|2012|2013|2014,b0a417679a3831cb1622ba88c600455ddf8c0b788cdd16a0e098c1f4ba8499a1,1.4686320767449021,observation_time_proxy,historical data_available_time is unknown; observation_time is a pseudo-operational proxy,16.891816845238097,28,1.548870856575963,5
2015-05-26T00:00:00+00:00,2015-05-25,windermere,south,water_temperature,2.0,month_1,2015-05-26,2015-06-24,15.440282219512863,degC,expanding_prior_year_window_climatology,1.0,True,7,7,2008|2009|2010|2011|2012|2013|2014,766354d7118afa3ce9c1a7ad73ee711e7de1f0e6dde2ac075f19dad1350c65e9,0.8480450414233704,observation_time_proxy,historical data_available_time is unknown; observation_time is a pseudo-operational proxy,13.641737055555556,30,1.7985451639573071,5
2015-05-26T00:00:00+00:00,2015-05-25,windermere,south,water_temperature,2.0,month_2,2015-06-25,2015-07-24,17.84198838979861,degC,expanding_prior_year_window_climatology,1.0,True,7,7,2008|2009|2010|2011|2012|2013|2014,e950e12ae6751e379a2d0bebf34087cbbf469a464ac8c64bf996adf4da815818,1.6928984396609725,observation_time_proxy,historical data_available_time is unknown; observation_time is a pseudo-operational proxy,17.010520569444445,30,0.8314678203541632,5
2015-05-26T00:00:00+00:00,2015-05-25,windermere,south,water_temperature,2.0,month_3,2015-07-25,2015-08-23,18.216004263321995,degC,expanding_prior_year_window_climatology,1.0,True,7,7,2008|2009|2010|2011|2012|2013|2014,a0326fed678c6be7155505ee9e2a5be41f466db6c9b7098c4dda6a9216232c91,0.9708873854777108,observation_time_proxy,historical data_available_time is unknown; observation_time is a pseudo-operational proxy,17.042615178571427,28,1.1733890847505677,5
2015-06-02T00:00:00+00:00,2015-06-01,windermere,south,water_temperature,2.0,month_1,2015-06-02,2015-07-01,16.170366847222223,degC,expanding_prior_year_window_climatology,1.0,True,7,7,2008|2009|2010|2011|2012|2013|2014,63ff404198261b46614a86ea5343e14a240d424dc920177b7fc6ca5d9e971e8b,1.0393154670576261,observation_time_proxy,historical data_available_time is unknown; observation_time is a pseudo-operational proxy,14.534677722222222,30,1.6356891250000007,6
2015-06-02T00:00:00+00:00,2015-06-01,windermere,south,water_temperature,2.0,month_2,2015-07-02,2015-07-31,18.303710929481145,degC,expanding_prior_year_window_climatology,1.0,True,7,7,2008|2009|2010|2011|2012|2013|2014,f81b38a47321470b52c066608091e5e8353f0f15b0f308ca7caa080b8d7bef4a,1.6703613202824996,observation_time_proxy,historical data_available_time is unknown; observation_time is a pseudo-operational proxy,17.223236086309523,28,1.080474843171622,6
2015-06-02T00:00:00+00:00,2015-06-01,windermere,south,water_temperature,2.0,month_3,2015-08-01,2015-08-30,17.78324284665533,degC,expanding_prior_year_window_climatology,1.0,True,7,7,2008|2009|2010|2011|2012|2013|2014,2302294edf5563b582284f213d073377f6a977da0ef57fc347aea0a308fb6ec3,0.6617787179090144,observation_time_proxy,historical data_available_time is unknown; observation_time is a pseudo-operational proxy,17.122694708333334,30,0.660548138321996,6
2015-06-09T00:00:00+00:00,2015-06-08,windermere,south,water_temperature,2.0,month_1,2015-06-09,2015-07-08,16.655351672446514,degC,expanding_prior_year_window_climatology,1.0,True,7,7,2008|2009|2010|2011|2012|2013|2014,6913c55876bdc295e4d9525150c6b7c308d458a9fc9e9ec4f694e63f9f2c1d64,1.3375326982905265,observation_time_proxy,historical data_available_time is unknown; observation_time is a pseudo-operational proxy,15.701791888888888,30,0.9535597835576262,6
2015-06-09T00:00:00+00:00,2015-06-08,windermere,south,water_temperature,2.0,month_2,2015-07-09,2015-08-07,18.518645226705832,degC,expanding_prior_year_window_climatology,1.0,True,7,7,2008|2009|2010|2011|2012|2013|2014,8d07a114b75b71852957ec19b3a174f97cffee96e77c49992d0428dec511e5f2,1.7864799019693867,observation_time_proxy,historical data_available_time is unknown; observation_time is a pseudo-operational proxy,17.022097782738093,28,1.4965474439677386,6
2015-06-09T00:00:00+00:00,2015-06-08,windermere,south,water_temperature,2.0,month_3,2015-08-08,2015-09-06,17.39109013690476,degC,expanding_prior_year_window_climatology,1.0,True,7,7,2008|2009|2010|2011|2012|2013|2014,f3e7fe58bd188186d46b746a0c2d52a3794e9ca14cc2522001c6c81040e697fd,0.6128778660963,observation_time_proxy,historical data_available_time is unknown; observation_time is a pseudo-operational proxy,17.216728708333335,30,0.17436142857142656,6
2015-06-16T00:00:00+00:00,2015-06-15,windermere,south,water_temperature,2.0,month_1,2015-06-16,2015-07-15,17.252639167576383,degC,expanding_prior_year_window_climatology,1.0,True,7,7,2008|2009|2010|2011|2012|2013|2014,3967ec08536b89be2db67e88f477a95be497147874329b80a1b7b3875d811e5c,1.6070124132356298,observation_time_proxy,historical data_available_time is unknown; observation_time is a pseudo-operational proxy,16.398255666666667,30,0.8543835009097158,6
2015-06-16T00:00:00+00:00,2015-06-15,windermere,south,water_temperature,2.0,month_2,2015-07-16,2015-08-14,18.46138678713152,degC,expanding_prior_year_window_climatology,1.0,True,7,7,2008|2009|2010|2011|2012|2013|2014,79cdb6c483f5103178b568eec713263ffd73d768e3231ce657a93b620c91a6f8,1.5601361591164429,observation_time_proxy,historical data_available_time is unknown; observation_time is a pseudo-operational proxy,16.940246086309525,28,1.521140700821995,6
2015-06-16T00:00:00+00:00,2015-06-15,windermere,south,water_temperature,2.0,month_3,2015-08-15,2015-09-13,16.957120313492062,degC,expanding_prior_year_window_climatology,1.0,True,7,7,2008|2009|2010|2011|2012|2013|2014,f09ee9aec3cd741766dfc6b77840f2853f6137ea4ae37536a865145a92aabd4e,0.6698600432537688,observation_time_proxy,historical data_available_time is unknown; observation_time is a pseudo-operational proxy,17.140355708333335,30,-0.18323539484127238,6
2015-06-23T00:00:00+00:00,2015-06-22,windermere,south,water_temperature,2.0,month_1,2015-06-23,2015-07-22,17.706023687417655,degC,expanding_prior_year_window_climatology,1.0,True,7,7,2008|2009|2010|2011|2012|2013|2014,9ce9c3bb53dff71ed5a287c0d4c7f7e234be57924e4c42f2b013761a4d7a44c2,1.6887593179859088,observation_time_proxy,historical data_available_time is unknown; observation_time is a pseudo-operational proxy,16.91553036111111,30,0.7904933263065459,6
2015-06-23T00:00:00+00:00,2015-06-22,windermere,south,water_temperature,2.0,month_2,2015-07-23,2015-08-21,18.299130521258505,degC,expanding_prior_year_window_climatology,1.0,True,7,7,2008|2009|2010|2011|2012|2013|2014,b7f34ee141a234f2c874bdf2244c424e6179dde008214487e5205dd2598a5f10,1.1229776646109606,observation_time_proxy,historical data_available_time is unknown; observation_time is a pseudo-operational proxy,16.98550267857143,28,1.313627842687076,6
2015-06-23T00:00:00+00:00,2015-06-22,windermere,south,water_temperature,2.0,month_3,2015-08-22,2015-09-20,16.497694547619048,degC,expanding_prior_year_window_climatology,1.0,True,7,7,2008|2009|2010|2011|2012|2013|2014,de103cf9f9f4b395c7051a52402c23f0cfecb8890ed02195795d65b1a82b582a,0.6754680478266354,observation_time_proxy,historical data_available_time is unknown; observation_time is a pseudo-operational proxy,16.88246286111111,30,-0.38476831349206364,6
2015-06-30T00:00:00+00:00,2015-06-29,windermere,south,water_temperature,2.0,month_1,2015-06-30,2015-07-29,18.205803943370036,degC,expanding_prior_year_window_climatology,1.0,True,7,7,2008|2009|2010|2011|2012|2013|2014,137cf110944109fc17c9db1eb24accfb312cf3b8c260b4cea4a1b25f57f02a4c,1.6640381632492998,observation_time_proxy,historical data_available_time is unknown; observation_time is a pseudo-operational proxy,17.250167529761903,28,0.9556364136081328,6
2015-06-30T00:00:00+00:00,2015-06-29,windermere,south,water_temperature,2.0,month_2,2015-07-30,2015-08-28,17.90766302919501,degC,expanding_prior_year_window_climatology,1.0,True,7,7,2008|2009|2010|2011|2012|2013|2014,7cc22cecc2411da984a5fbedfe86dcc856a0444d55a42364fd8c26372a63b139,0.7152414346308845,observation_time_proxy,historical data_available_time is unknown; observation_time is a pseudo-operational proxy,17.113958097222223,30,0.7937049319727869,6
2015-06-30T00:00:00+00:00,2015-06-29,windermere,south,water_temperature,2.0,month_3,2015-08-29,2015-09-27,15.963679172619049,degC,expanding_prior_year_window_climatology,1.0,True,7,7,2008|2009|2010|2011|2012|2013|2014,ee1c1887fc6501747863453e84eec20c8f65adacf4abf221af19245f00d8d798,0.7637143370038045,observation_time_proxy,historical data_available_time is unknown; observation_time is a pseudo-operational proxy,16.489491166666667,30,-0.5258119940476185,6
2015-07-07T00:00:00+00:00,2015-07-06,windermere,south,water_temperature,2.0,month_1,2015-07-07,2015-08-05,18.47252185624098,degC,expanding_prior_year_window_climatology,1.0,True,7,7,2008|2009|2010|2011|2012|2013|2014,1e30db742c9b176f01a5bf42d4f54a31071fa0f9a26843844310e30ee4acc07a,1.7707844949942464,observation_time_proxy,historical data_available_time is unknown; observation_time is a pseudo-operational proxy,17.03690331845238,28,1.4356185377885993,7
2015-07-07T00:00:00+00:00,2015-07-06,windermere,south,water_temperature,2.0,month_2,2015-08-06,2015-09-04,17.504456737528344,degC,expanding_prior_year_window_climatology,1.0,True,7,7,2008|2009|2010|2011|2012|2013|2014,ec00cb4350f4ada623f47b65d55501a45e90a1c1304fbb9793588018f924692d,0.5819821341456368,observation_time_proxy,historical data_available_time is unknown; observation_time is a pseudo-operational proxy,17.207455833333334,30,0.29700090419500924,7
2015-07-07T00:00:00+00:00,2015-07-06,windermere,south,water_temperature,2.0,month_3,2015-09-05,2015-10-04,15.42554685515873,degC,expanding_prior_year_window_climatology,1.0,True,7,7,2008|2009|2010|2011|2012|2013|2014,23b3b59c30bbc167547ae618e46f6489e4227870be30562c6090e3a2db07f22d,0.8390290265127937,observation_time_proxy,historical data_available_time is unknown; observation_time is a pseudo-operational proxy,16.110726458333332,30,-0.6851796031746016,7
2015-07-14T00:00:00+00:00,2015-07-13,windermere,south,water_temperature,2.0,month_1,2015-07-14,2015-08-12,18.496878681972788,degC,expanding_prior_year_window_climatology,1.0,True,7,7,2008|2009|2010|2011|2012|2013|2014,0fa2abd521b1dd56ad25f7f2ef54734576ac1fc8f0aac701c43c456c7dbac88e,1.6500833289328185,observation_time_proxy,historical data_available_time is unknown; observation_time is a pseudo-operational proxy,16.93777930059524,28,1.5590993813775498,7
2015-07-14T00:00:00+00:00,2015-07-13,windermere,south,water_temperature,2.0,month_2,2015-08-13,2015-09-11,17.072713061507937,degC,expanding_prior_year_window_climatology,1.0,True,7,7,2008|2009|2010|2011|2012|2013|2014,ce6866ef94f54eac92f25a14011d5e18990ec55e15b7132235ad8bee052834c8,0.6583086325916377,observation_time_proxy,historical data_available_time is unknown; observation_time is a pseudo-operational proxy,17.232065513888887,30,-0.15935245238095064,7
2015-07-14T00:00:00+00:00,2015-07-13,windermere,south,water_temperature,2.0,month_3,2015-09-12,2015-10-11,14.794786089285715,degC,expanding_prior_year_window_climatology,1.0,True,7,7,2008|2009|2010|2011|2012|2013|2014,f06e576293d5c7c5deeb3af577fb46d02da6876cf0cfc979e80bd83faf0e8ab0,0.7869379104764895,observation_time_proxy,historical data_available_time is unknown; observation_time is a pseudo-operational proxy,15.633126069444444,30,-0.8383399801587288,7
2015-07-21T00:00:00+00:00,2015-07-20,windermere,south,water_temperature,2.0,month_1,2015-07-21,2015-08-19,18.371071604591837,degC,expanding_prior_year_window_climatology,1.0,True,7,7,2008|2009|2010|2011|2012|2013|2014,d100eaf80c4f43c66bc724b6ec9a1f54255f323579aec30423c3df75078cc4f6,1.2667086995051784,observation_time_proxy,historical data_available_time is unknown; observation_time is a pseudo-operational proxy,16.952461398809525,28,1.4186102057823113,7
2015-07-21T00:00:00+00:00,2015-07-20,windermere,south,water_temperature,2.0,month_2,2015-08-20,2015-09-18,16.631459853174604,degC,expanding_prior_year_window_climatology,1.0,True,7,7,2008|2009|2010|2011|2012|2013|2014,7c2e7b7ee84be3137da40715abcce85eecf9b9a078a085e9b931f83042c71104,0.6655560462629693,observation_time_proxy,historical data_available_time is unknown; observation_time is a pseudo-operational proxy,16.945774291666666,30,-0.31431443849206175,7
2015-07-21T00:00:00+00:00,2015-07-20,windermere,south,water_temperature,2.0,month_3,2015-09-19,2015-10-18,14.138100621031747,degC,expanding_prior_year_window_climatology,1.0,True,7,7,2008|2009|2010|2011|2012|2013|2014,7a925c0bd03e99a4cc6ee633c18f127d975b7c118b3e2b27f30694140a2d1d5c,0.7547807286341303,observation_time_proxy,historical data_available_time is unknown; observation_time is a pseudo-operational proxy,15.081412652777777,30,-0.9433120317460304,7
2015-08-04T00:00:00+00:00,2015-08-03,windermere,south,water_temperature,2.0,month_1,2015-08-04,2015-09-02,17.61210490419501,degC,expanding_prior_year_window_climatology,1.0,True,7,7,2008|2009|2010|2011|2012|2013|2014,3a7cc7254261f47f9a6b11d03e674f5e2a35689a3d9339c7956b4b792339c590,0.5927295107421816,observation_time_proxy,historical data_available_time is unknown; observation_time is a pseudo-operational proxy,17.166324375000002,30,0.44578052919500877,8
2015-08-04T00:00:00+00:00,2015-08-03,windermere,south,water_temperature,2.0,month_2,2015-09-03,2015-10-02,15.600211468253967,degC,expanding_prior_year_window_climatology,1.0,True,7,7,2008|2009|2010|2011|2012|2013|2014,f510a62ff5fe24a881e552d3ca49104374a303a6213fe05b727186ce64968d75,0.8349584567181374,observation_time_proxy,historical data_available_time is unknown; observation_time is a pseudo-operational proxy,16.22676484722222,30,-0.6265533789682536,8
2015-08-04T00:00:00+00:00,2015-08-03,windermere,south,water_temperature,2.0,month_3,2015-10-03,2015-11-01,12.719795721100759,degC,expanding_prior_year_window_climatology,1.0,True,7,7,2008|2009|2010|2011|2012|2013|2014,1f7b6ed35024882c54eef43e3a3701c2170d073273a326f2a2ebbdfa11997f51,0.7199974998290586,observation_time_proxy,historical data_available_time is unknown; observation_time is a pseudo-operational proxy,13.758001680555555,30,-1.038205959454796,8
2015-08-11T00:00:00+00:00,2015-08-10,windermere,south,water_temperature,2.0,month_1,2015-08-11,2015-09-09,17.19599750595238,degC,expanding_prior_year_window_climatology,1.0,True,7,7,2008|2009|2010|2011|2012|2013|2014,88027f708371aa57048471d2c138a186ce05b839e03c0c728519ebc5767c43ce,0.6454850978672807,observation_time_proxy,historical data_available_time is unknown; observation_time is a pseudo-operational proxy,17.243514694444446,30,-0.04751718849206554,8
2015-08-11T00:00:00+00:00,2015-08-10,windermere,south,water_temperature,2.0,month_2,2015-09-10,2015-10-09,14.982101543650794,degC,expanding_prior_year_window_climatology,1.0,True,7,7,2008|2009|2010|2011|2012|2013|2014,a438319f592e0fb05cab1b5ab697507fc5f4f285dee6d900ee50a7dc459449e2,0.7999130047153531,observation_time_proxy,historical data_available_time is unknown; observation_time is a pseudo-operational proxy,15.78374376388889,30,-0.8016422202380955,8
2015-08-11T00:00:00+00:00,2015-08-10,windermere,south,water_temperature,2.0,month_3,2015-10-10,2015-11-08,11.982034288362664,degC,expanding_prior_year_window_climatology,1.0,True,7,7,2008|2009|2010|2011|2012|2013|2014,4e0b243f8b4bf29a8b76591215f528076f2fd924c453b2288ae13e436e86b660,0.7580844698027844,observation_time_proxy,historical data_available_time is unknown; observation_time is a pseudo-operational proxy,13.0910725,30,-1.1090382116373352,8
2015-08-18T00:00:00+00:00,2015-08-17,windermere,south,water_temperature,2.0,month_1,2015-08-18,2015-09-16,16.764521589285714,degC,expanding_prior_year_window_climatology,1.0,True,7,7,2008|2009|2010|2011|2012|2013|2014,e04ddd186cdc514e2ecbedc94d7f843e997eaa06fe641c13677b836b59c916c2,0.6640645971690753,observation_time_proxy,historical data_available_time is unknown; observation_time is a pseudo-operational proxy,17.031372555555556,30,-0.2668509662698426,8
2015-08-18T00:00:00+00:00,2015-08-17,windermere,south,water_temperature,2.0,month_2,2015-09-17,2015-10-16,14.319961555555556,degC,expanding_prior_year_window_climatology,1.0,True,7,7,2008|2009|2010|2011|2012|2013|2014,d750c64ce1ad9d044710f06c6ef19706e9e31587c2bd852e8ab046f618c8e511,0.7600450905148887,observation_time_proxy,historical data_available_time is unknown; observation_time is a pseudo-operational proxy,15.254883527777778,30,-0.934921972222222,8
2015-08-18T00:00:00+00:00,2015-08-17,windermere,south,water_temperature,2.0,month_3,2015-10-17,2015-11-15,11.248888847489647,degC,expanding_prior_year_window_climatology,1.0,True,7,7,2008|2009|2010|2011|2012|2013|2014,bbc2b1e63195396263e196d09f145463e384ef63a0aa2e42d1e8924f006106a9,0.7964704233851199,observation_time_proxy,historical data_available_time is unknown; observation_time is a pseudo-operational proxy,12.432718541666667,30,-1.1838296941770192,8
2015-08-25T00:00:00+00:00,2015-08-24,windermere,south,water_temperature,2.0,month_1,2015-08-25,2015-09-23,16.279712,degC,expanding_prior_year_window_climatology,1.0,True,7,7,2008|2009|2010|2011|2012|2013|2014,b9012a083cbd95b690080e38a2500c4a0752c9cf3ccb24703a6b0223a209d648,0.7129863067411075,observation_time_proxy,historical data_available_time is unknown; observation_time is a pseudo-operational proxy,16.715123555555554,30,-0.4354115555555538,8
2015-08-25T00:00:00+00:00,2015-08-24,windermere,south,water_temperature,2.0,month_2,2015-09-24,2015-10-23,13.654829259920636,degC,expanding_prior_year_window_climatology,1.0,True,7,7,2008|2009|2010|2011|2012|2013|2014,1a491ddf2bf435fed022151f2dfb2a62f27bee1dc0a2b8bb97e13ad7829174a8,0.7229912130765308,observation_time_proxy,historical data_available_time is unknown; observation_time is a pseudo-operational proxy,14.624765083333333,30,-0.9699358234126976,8
2015-08-25T00:00:00+00:00,2015-08-24,windermere,south,water_temperature,2.0,month_3,2015-10-24,2015-11-22,10.566703227251553,degC,expanding_prior_year_window_climatology,1.0,True,7,7,2008|2009|2010|2011|2012|2013|2014,b698e17207b3799039e0da2285421ff062c66d5bd6ed588897e127cafabf971b,0.8293526281560878,observation_time_proxy,historical data_available_time is unknown; observation_time is a pseudo-operational proxy,11.779380222222223,30,-1.2126769949706695,8
2015-09-01T00:00:00+00:00,2015-08-31,windermere,south,water_temperature,2.0,month_1,2015-09-01,2015-09-30,15.743535253968254,degC,expanding_prior_year_window_climatology,1.0,True,7,7,2008|2009|2010|2011|2012|2013|2014,2e8a5dced9ac83a06b1d53773664d3afa23d90bf4e5f1daea8095d7f9cde9a4d,0.8117166826718253,observation_time_proxy,historical data_available_time is unknown; observation_time is a pseudo-operational proxy,16.340894305555555,30,-0.5973590515873006,9
2015-09-01T00:00:00+00:00,2015-08-31,windermere,south,water_temperature,2.0,month_2,2015-10-01,2015-10-30,12.940849301587301,degC,expanding_prior_year_window_climatology,1.0,True,7,7,2008|2009|2010|2011|2012|2013|2014,7c557b31b260345d69c29a2b0bcb41e5f59215265d7bd2d94d51c5ad95426bec,0.7171786700085625,observation_time_proxy,historical data_available_time is unknown; observation_time is a pseudo-operational proxy,13.951064208333333,30,-1.0102149067460324,9
2015-09-01T00:00:00+00:00,2015-08-31,windermere,south,water_temperature,2.0,month_3,2015-10-31,2015-11-29,9.917602495902345,degC,expanding_prior_year_window_climatology,1.0,True,7,7,2008|2009|2010|2011|2012|2013|2014,602c0ccd7519dff63b38094422b8283a0fd419b296eb599466cf42494221aab3,0.8680004829271927,observation_time_proxy,historical data_available_time is unknown; observation_time is a pseudo-operational proxy,11.090933,30,-1.1733305040976543,9
2015-09-08T00:00:00+00:00,2015-09-07,windermere,south,water_temperature,2.0,month_1,2015-09-08,2015-10-07,15.159643341269842,degC,expanding_prior_year_window_climatology,1.0,True,7,7,2008|2009|2010|2011|2012|2013|2014,84fdcd90bc74ab50231981fa485a57381a1b2850a5d2e9f5dcd9ea27f3dc05e3,0.816201943737524,observation_time_proxy,historical data_available_time is unknown; observation_time is a pseudo-operational proxy,15.93416273611111,30,-0.7745193948412687,9
2015-09-08T00:00:00+00:00,2015-09-07,windermere,south,water_temperature,2.0,month_2,2015-10-08,2015-11-06,12.19596661455314,degC,expanding_prior_year_window_climatology,1.0,True,7,7,2008|2009|2010|2011|2012|2013|2014,f3ba9468b48b33a2950b8b1fe0265df3190cdc90c280ce6ad756705fb75490af,0.7496741538851905,observation_time_proxy,historical data_available_time is unknown; observation_time is a pseudo-operational proxy,13.281619444444445,30,-1.0856528298913055,9
2015-09-08T00:00:00+00:00,2015-09-07,windermere,south,water_temperature,2.0,month_3,2015-11-07,2015-12-06,9.243296026328503,degC,expanding_prior_year_window_climatology,1.0,True,7,7,2008|2009|2010|2011|2012|2013|2014,7ffb1bc6508e5de25c669a6c5d22389c67576a4420488c2c7b6ecf60e833d630,0.8947901095942906,observation_time_proxy,historical data_available_time is unknown; observation_time is a pseudo-operational proxy,10.331974152777779,30,-1.0886781264492758,9
2015-09-15T00:00:00+00:00,2015-09-14,windermere,south,water_temperature,2.0,month_1,2015-09-15,2015-10-14,14.503549253968254,degC,expanding_prior_year_window_climatology,1.0,True,7,7,2008|2009|2010|2011|2012|2013|2014,dbf5ce49fb340ca0996064e84e962601fc62b40ee0ef3c837cb0399a2869bcb0,0.7688695148459496,observation_time_proxy,historical data_available_time is unknown; observation_time is a pseudo-operational proxy,15.416349444444444,30,-0.9128001904761902,9
2015-09-15T00:00:00+00:00,2015-09-14,windermere,south,water_temperature,2.0,month_2,2015-10-15,2015-11-13,11.456825503838854,degC,expanding_prior_year_window_climatology,1.0,True,7,7,2008|2009|2010|2011|2012|2013|2014,da00e215e07b86c0b104a4ff5f0e9bada5b599fb9aa36a0d3a1bb76df940f6b6,0.7878692754412313,observation_time_proxy,historical data_available_time is unknown; observation_time is a pseudo-operational proxy,12.620404194444445,30,-1.1635786906055916,9
2015-09-15T00:00:00+00:00,2015-09-14,windermere,south,water_temperature,2.0,month_3,2015-11-14,2015-12-13,8.564829130098344,degC,expanding_prior_year_window_climatology,1.0,True,7,7,2008|2009|2010|2011|2012|2013|2014,1eadf4647a5d1c76fcaac1e2d77644b0fa6c5d9b6bda0d826abdd22a3f08a099,0.9272048942944101,observation_time_proxy,historical data_available_time is unknown; observation_time is a pseudo-operational proxy,9.588908375,30,-1.0240792449016567,9
2015-09-22T00:00:00+00:00,2015-09-21,windermere,south,water_temperature,2.0,month_1,2015-09-22,2015-10-21,13.854320726190476,degC,expanding_prior_year_window_climatology,1.0,True,7,7,2008|2009|2010|2011|2012|2013|2014,3190f83e19b9b34464ba076665e053af2f2b78386f505d9e27f770a8f2497501,0.7368977008553734,observation_time_proxy,historical data_available_time is unknown; observation_time is a pseudo-operational proxy,14.814637930555556,30,-0.9603172043650794,9
2015-09-22T00:00:00+00:00,2015-09-21,windermere,south,water_temperature,2.0,month_2,2015-10-22,2015-11-20,10.753698642727743,degC,expanding_prior_year_window_climatology,1.0,True,7,7,2008|2009|2010|2011|2012|2013|2014,50cb1a8650e1eca23a0888250947314c97a35e91b223cc16ff8d9295af919a11,0.8166163126077133,observation_time_proxy,historical data_available_time is unknown; observation_time is a pseudo-operational proxy,11.970846416666667,30,-1.2171477739389243,9
2015-09-22T00:00:00+00:00,2015-09-21,windermere,south,water_temperature,2.0,month_3,2015-11-21,2015-12-20,7.882963870772947,degC,expanding_prior_year_window_climatology,1.0,True,7,7,2008|2009|2010|2011|2012|2013|2014,d07280888e14591dae1092dc6a7957df444d3326a1a93faa98b449e0075e616b,0.9405158298696976,observation_time_proxy,historical data_available_time is unknown; observation_time is a pseudo-operational proxy,8.977076805555555,30,-1.0941129347826077,9
2015-09-29T00:00:00+00:00,2015-09-28,windermere,south,water_temperature,2.0,month_1,2015-09-29,2015-10-28,13.153901869047619,degC,expanding_prior_year_window_climatology,1.0,True,7,7,2008|2009|2010|2011|2012|2013|2014,aaede0a39073c1590e1c8678a1063c1a6a443b055d53cc7c9619842bff8e3ba4,0.7160217716411144,observation_time_proxy,historical data_available_time is unknown; observation_time is a pseudo-operational proxy,14.153760791666667,30,-0.9998589226190475,9
2015-09-29T00:00:00+00:00,2015-09-28,windermere,south,water_temperature,2.0,month_2,2015-10-29,2015-11-27,10.104387173084886,degC,expanding_prior_year_window_climatology,1.0,True,7,7,2008|2009|2010|2011|2012|2013|2014,1e5d06f06e9d292f181c92a7ca0751dd4972d6242f4dd49db86ef7285169ef99,0.8583053390008718,observation_time_proxy,historical data_available_time is unknown; observation_time is a pseudo-operational proxy,11.290951486111112,30,-1.186564313026226,9
2015-09-29T00:00:00+00:00,2015-09-28,windermere,south,water_temperature,2.0,month_3,2015-11-28,2015-12-27,7.230451946963423,degC,expanding_prior_year_window_climatology,1.0,True,7,7,2008|2009|2010|2011|2012|2013|2014,92e919940d837501e15a6e742089bb59243a0021150376304a201e64f7d47e9d,0.9656946301704871,observation_time_proxy,historical data_available_time is unknown; observation_time is a pseudo-operational proxy,8.573177388888888,30,-1.3427254419254657,9
2015-10-06T00:00:00+00:00,2015-10-05,windermere,south,water_temperature,2.0,month_1,2015-10-06,2015-11-04,12.404744549473774,degC,expanding_prior_year_window_climatology,1.0,True,7,7,2008|2009|2010|2011|2012|2013|2014,484f16486264183fbfa9cd7921d3c36a116c2f285fccb45530e027f3aedb4a9e,0.7381417298461249,observation_time_proxy,historical data_available_time is unknown; observation_time is a pseudo-operational proxy,13.477893125,30,-1.0731485755262256,10
2015-10-06T00:00:00+00:00,2015-10-05,windermere,south,water_temperature,2.0,month_2,2015-11-05,2015-12-04,9.438223647757074,degC,expanding_prior_year_window_climatology,1.0,True,7,7,2008|2009|2010|2011|2012|2013|2014,3eaf66be20e1eccc957e431a58f038e8baf948d349ce9eacf63ece47a6a434ea,0.8815113562084808,observation_time_proxy,historical data_available_time is unknown; observation_time is a pseudo-operational proxy,10.549253416666666,30,-1.1110297689095923,10
2015-10-06T00:00:00+00:00,2015-10-05,windermere,south,water_temperature,2.0,month_3,2015-12-05,2016-01-03,6.679498927761483,degC,expanding_prior_year_window_climatology,1.0,True,7,7,2008|2009|2010|2011|2012|2013|2014,93dbdf3d7b8dbabbe11dea33239a9b6165c6a30bb9850e03ee765a5a605922cd,0.986023419350534,observation_time_proxy,historical data_available_time is unknown; observation_time is a pseudo-operational proxy,8.279057097222221,30,-1.599558169460738,10
2015-10-13T00:00:00+00:00,2015-10-12,windermere,south,water_temperature,2.0,month_1,2015-10-13,2015-11-11,11.66617661832298,degC,expanding_prior_year_window_climatology,1.0,True,7,7,2008|2009|2010|2011|2012|2013|2014,f47d2e95db0eb4a77a9faa761d757b1ef39e3495b0963befddbea330599d6e7d,0.7734978169625935,observation_time_proxy,historical data_available_time is unknown; observation_time is a pseudo-operational proxy,12.803341263888889,30,-1.1371646455659086,10
2015-10-13T00:00:00+00:00,2015-10-12,windermere,south,water_temperature,2.0,month_2,2015-11-12,2015-12-11,8.756771164423741,degC,expanding_prior_year_window_climatology,1.0,True,7,7,2008|2009|2010|2011|2012|2013|2014,9898592d317c4d6c008db3f22a9993ad7033bad3183a25d7a4694491622520a8,0.9245966976568674,observation_time_proxy,historical data_available_time is unknown; observation_time is a pseudo-operational proxy,9.805020819444444,30,-1.0482496550207028,10
2015-10-13T00:00:00+00:00,2015-10-12,windermere,south,water_temperature,2.0,month_3,2015-12-12,2016-01-10,6.0206317582628825,degC,expanding_prior_year_window_climatology,1.0,True,7,6,2008|2009|2010|2011|2012|2013,7f04c2889b278ba7677ce5b20426d4b9fd6ca253b879ffd8b184d19a0854b283,0.8982392808534948,observation_time_proxy,historical data_available_time is unknown; observation_time is a pseudo-operational proxy,8.020700097222223,30,-2.0000683389593403,10
2015-10-20T00:00:00+00:00,2015-10-19,windermere,south,water_temperature,2.0,month_1,2015-10-20,2015-11-18,10.947876270703933,degC,expanding_prior_year_window_climatology,1.0,True,7,7,2008|2009|2010|2011|2012|2013|2014,b02c37ea4f245f434773fd247d8b966917eb0371c951e99a570768b4e38aade8,0.8069260683276203,observation_time_proxy,historical data_available_time is unknown; observation_time is a pseudo-operational proxy,12.160088583333334,30,-1.2122123126294007,10
2015-10-20T00:00:00+00:00,2015-10-19,windermere,south,water_temperature,2.0,month_2,2015-11-19,2015-12-18,8.078083085455486,degC,expanding_prior_year_window_climatology,1.0,True,7,7,2008|2009|2010|2011|2012|2013|2014,502411e66c648918f1c0b09bc34e2718f2a0f623d8bd883811a267898d16b17d,0.9351291628446811,observation_time_proxy,historical data_available_time is unknown; observation_time is a pseudo-operational proxy,9.130032458333334,30,-1.0519493728778482,10
2015-10-20T00:00:00+00:00,2015-10-19,windermere,south,water_temperature,2.0,month_3,2015-12-19,2016-01-17,5.654383848357071,degC,expanding_prior_year_window_climatology,1.0,True,7,6,2008|2009|2010|2011|2012|2013,09d4982ef664afcaa60e92cddf0f4cb57f18e42c0584e064f7005a8f1d38d957,0.9409461221553108,observation_time_proxy,historical data_available_time is unknown; observation_time is a pseudo-operational proxy,7.749391583333333,30,-2.095007734976262,10
2015-10-27T00:00:00+00:00,2015-10-26,windermere,south,water_temperature,2.0,month_1,2015-10-27,2015-11-25,10.288994293719806,degC,expanding_prior_year_window_climatology,1.0,True,7,7,2008|2009|2010|2011|2012|2013|2014,070f383f1cad3a09e27a735b1661b8c158e0d376c1aba4a2ea9d570b87f0c502,0.8485538772465333,observation_time_proxy,historical data_available_time is unknown; observation_time is a pseudo-operational proxy,11.48951913888889,30,-1.2005248451690829,10
2015-10-27T00:00:00+00:00,2015-10-26,windermere,south,water_temperature,2.0,month_2,2015-11-26,2015-12-25,7.405436577518978,degC,expanding_prior_year_window_climatology,1.0,True,7,7,2008|2009|2010|2011|2012|2013|2014,b02ef4d4f1e1f1e9bbf1482dfbe50d3a9e91146f5e6df964f01faf2f0e9e2aa7,0.9556797364019323,observation_time_proxy,historical data_available_time is unknown; observation_time is a pseudo-operational proxy,8.679330472222222,30,-1.273893894703244,10
2015-10-27T00:00:00+00:00,2015-10-26,windermere,south,water_temperature,2.0,month_3,2015-12-26,2016-01-24,5.360584628682855,degC,expanding_prior_year_window_climatology,1.0,True,7,6,2008|2009|2010|2011|2012|2013,2ced645024193841f6cc89960d0e251f70aa81f3b62b1d3e1b66a4ae741d4992,0.9871472004014931,observation_time_proxy,historical data_available_time is unknown; observation_time is a pseudo-operational proxy,7.351441013888889,30,-1.9908563852060333,10
2015-11-03T00:00:00+00:00,2015-11-02,windermere,south,water_temperature,2.0,month_1,2015-11-03,2015-12-02,9.631477787103174,degC,expanding_prior_year_window_climatology,1.0,True,7,7,2008|2009|2010|2011|2012|2013|2014,e0f53a80328c9c20ee712a86dce40529752abac05367b482fe2883a41c20a4c1,0.8749717508849361,observation_time_proxy,historical data_available_time is unknown; observation_time is a pseudo-operational proxy,10.765132972222222,30,-1.1336551851190482,11
2015-11-03T00:00:00+00:00,2015-11-02,windermere,south,water_temperature,2.0,month_2,2015-12-03,2016-01-01,6.822874400659194,degC,expanding_prior_year_window_climatology,1.0,True,7,7,2008|2009|2010|2011|2012|2013|2014,d285f4b8c892e49afe5019168b79268fbbb2de8e2bd071b1048374bea3a239ae,0.9760449760285401,observation_time_proxy,historical data_available_time is unknown; observation_time is a pseudo-operational proxy,8.356170263888888,30,-1.5332958632296938,11
2015-11-03T00:00:00+00:00,2015-11-02,windermere,south,water_temperature,2.0,month_3,2016-01-02,2016-01-31,5.16697529654195,degC,expanding_prior_year_window_climatology,1.0,True,7,7,2008|2009|2010|2011|2012|2013|2014,343a020ecd7a242407f7414aeab8bf24f7d16c862fe383c277ccacab6310d0c8,0.9146683293710642,observation_time_proxy,historical data_available_time is unknown; observation_time is a pseudo-operational proxy,7.000421347222222,30,-1.8334460506802719,11
2015-11-10T00:00:00+00:00,2015-11-09,windermere,south,water_temperature,2.0,month_1,2015-11-10,2015-12-09,8.951641705495168,degC,expanding_prior_year_window_climatology,1.0,True,7,7,2008|2009|2010|2011|2012|2013|2014,f111d89f9953826df2b8fb3ade78bc63a62be4da562b306761027084fab3061f,0.9175608393220236,observation_time_proxy,historical data_available_time is unknown; observation_time is a pseudo-operational proxy,10.018830263888889,30,-1.0671885583937204,11
2015-11-10T00:00:00+00:00,2015-11-09,windermere,south,water_temperature,2.0,month_2,2015-12-10,2016-01-08,6.140750169836957,degC,expanding_prior_year_window_climatology,1.0,True,7,6,2008|2009|2010|2011|2012|2013,ab57d37a20439cca0a25cea5aa724621afe6b5193c967b227727ddb204a42ffb,0.894866053171118,observation_time_proxy,historical data_available_time is unknown; observation_time is a pseudo-operational proxy,8.09230811111111,30,-1.951557941274154,11
2015-11-10T00:00:00+00:00,2015-11-09,windermere,south,water_temperature,2.0,month_3,2016-01-09,2016-02-07,4.959748368013038,degC,expanding_prior_year_window_climatology,1.0,True,7,7,2008|2009|2010|2011|2012|2013|2014,5bf3ddf6d0ed6b9fdcb9c99a5121a37b822f9176b3dd2e4351fa9e7fa4426dc2,0.8687823857504743,observation_time_proxy,historical data_available_time is unknown; observation_time is a pseudo-operational proxy,6.707458638888889,30,-1.7477102708758512,11
2015-11-17T00:00:00+00:00,2015-11-16,windermere,south,water_temperature,2.0,month_1,2015-11-17,2015-12-16,8.270363646368185,degC,expanding_prior_year_window_climatology,1.0,True,7,7,2008|2009|2010|2011|2012|2013|2014,de8d3da2ba17b9eee122bbe21001e9acd1078c74c12ccd0f82054c5a8e230c82,0.9318765602962235,observation_time_proxy,historical data_available_time is unknown; observation_time is a pseudo-operational proxy,9.30236198611111,30,-1.031998339742925,11
2015-11-17T00:00:00+00:00,2015-11-16,windermere,south,water_temperature,2.0,month_2,2015-12-17,2016-01-15,5.748917937198067,degC,expanding_prior_year_window_climatology,1.0,True,7,6,2008|2009|2010|2011|2012|2013,087cd27fb8eba90a0bf733e61fcf507851f4e95e170d81f44ec3f028b7937ff4,0.9255589511789852,observation_time_proxy,historical data_available_time is unknown; observation_time is a pseudo-operational proxy,7.844474486111111,30,-2.095556548913044,11
2015-11-17T00:00:00+00:00,2015-11-16,windermere,south,water_temperature,2.0,month_3,2016-01-16,2016-02-14,4.792611642219388,degC,expanding_prior_year_window_climatology,1.0,True,7,7,2008|2009|2010|2011|2012|2013|2014,823d4bc8f8817d7fa644c2ad9ed363be8c20ab7a75659e5dd34de706d6d7f290,0.7859988877191187,observation_time_proxy,historical data_available_time is unknown; observation_time is a pseudo-operational proxy,6.483519347222222,30,-1.690907705002834,11
2015-11-24T00:00:00+00:00,2015-11-23,windermere,south,water_temperature,2.0,month_1,2015-11-24,2015-12-23,7.592447641209455,degC,expanding_prior_year_window_climatology,1.0,True,7,7,2008|2009|2010|2011|2012|2013|2014,5a4108b08ec80dbb33dc2d437f8a8c4f19fbc46d52a20f2dddb595e71bb3a2a8,0.9527227490555308,observation_time_proxy,historical data_available_time is unknown; observation_time is a pseudo-operational proxy,8.789488972222221,30,-1.197041331012766,11
2015-11-24T00:00:00+00:00,2015-11-23,windermere,south,water_temperature,2.0,month_2,2015-12-24,2016-01-22,5.4403356607761095,degC,expanding_prior_year_window_climatology,1.0,True,7,6,2008|2009|2010|2011|2012|2013,991db28d7fc0fe3547a69cf643a2a8fc937cdf508238b01eb13187e6a8356e2d,0.9737699588706952,observation_time_proxy,historical data_available_time is unknown; observation_time is a pseudo-operational proxy,7.468418680555556,30,-2.028083019779446,11
2015-11-24T00:00:00+00:00,2015-11-23,windermere,south,water_temperature,2.0,month_3,2016-01-23,2016-02-21,4.658342125595238,degC,expanding_prior_year_window_climatology,1.0,True,7,7,2008|2009|2010|2011|2012|2013|2014,18f771ad2828d7be86ac905690cbe137e0d3f074b1dfcbd6a21a6a6344b9d48a,0.7333435333596772,observation_time_proxy,historical data_available_time is unknown; observation_time is a pseudo-operational proxy,6.296877236111111,30,-1.638535110515873,11
2015-12-01T00:00:00+00:00,2015-11-30,windermere,south,water_temperature,2.0,month_1,2015-12-01,2015-12-30,6.97713588128882,degC,expanding_prior_year_window_climatology,1.0,True,7,7,2008|2009|2010|2011|2012|2013|2014,2a8ada66abdbe5983164148ecfbe555f8a7a6b92972a36d958985d4f35763508,0.9723066028570866,observation_time_proxy,historical data_available_time is unknown; observation_time is a pseudo-operational proxy,8.439812972222223,30,-1.4626770909334024,12
2015-12-01T00:00:00+00:00,2015-11-30,windermere,south,water_temperature,2.0,month_2,2015-12-31,2016-01-29,5.172793681278756,degC,expanding_prior_year_window_climatology,1.0,True,7,6,2008|2009|2010|2011|2012|2013,26e71eafb84932e372c220dfc0dec39aad33df4f308c2163c4e9bdf97b53755b,0.982837280215733,observation_time_proxy,historical data_available_time is unknown; observation_time is a pseudo-operational proxy,7.093656361111111,30,-1.9208626798323554,12
2015-12-01T00:00:00+00:00,2015-11-30,windermere,south,water_temperature,2.0,month_3,2016-01-30,2016-02-28,4.577699044246032,degC,expanding_prior_year_window_climatology,1.0,True,7,7,2008|2009|2010|2011|2012|2013|2014,f56f181f06331d7605b17898fedb1b0afead741ec0b85365c5a772500a21f279,0.7115254257532063,observation_time_proxy,historical data_available_time is unknown; observation_time is a pseudo-operational proxy,6.107745722222222,30,-1.5300466779761903,12
2015-12-08T00:00:00+00:00,2015-12-07,windermere,south,water_temperature,2.0,month_1,2015-12-08,2016-01-06,6.2663115865036225,degC,expanding_prior_year_window_climatology,1.0,True,7,6,2008|2009|2010|2011|2012|2013,9b15bef0f58b88db36d62307042db29e647f17feed998e9098053a835d428019,0.8964976064329022,observation_time_proxy,historical data_available_time is unknown; observation_time is a pseudo-operational proxy,8.169674125,30,-1.9033625384963777,12
2015-12-08T00:00:00+00:00,2015-12-07,windermere,south,water_temperature,2.0,month_2,2016-01-07,2016-02-05,5.013731162825963,degC,expanding_prior_year_window_climatology,1.0,True,7,7,2008|2009|2010|2011|2012|2013|2014,85c4ed1caf3207ff22c0305ac6e58105af6b05be5b30283f99107f4836cc68d2,0.8888207738298294,observation_time_proxy,historical data_available_time is unknown; observation_time is a pseudo-operational proxy,6.782442166666667,30,-1.7687110038407035,12
2015-12-08T00:00:00+00:00,2015-12-07,windermere,south,water_temperature,2.0,month_3,2016-02-06,2016-03-06,4.598412019444445,degC,expanding_prior_year_window_climatology,1.0,True,7,7,2008|2009|2010|2011|2012|2013|2014,8f66a6f5bd76a9c00ff80ffdf38b2e20056918258015cc74082c181a3b8b9ebe,0.7313549843355304,observation_time_proxy,historical data_available_time is unknown; observation_time is a pseudo-operational proxy,5.882755041666667,30,-1.284343022222222,12
2015-12-15T00:00:00+00:00,2015-12-14,windermere,south,water_temperature,2.0,month_1,2015-12-15,2016-01-13,5.85084777979066,degC,expanding_prior_year_window_climatology,1.0,True,7,6,2008|2009|2010|2011|2012|2013,ba72a126f457e94ed0cc8e674b1eaea516ca842f653d88d5f64f8183355aafcc,0.9128129227123769,observation_time_proxy,historical data_available_time is unknown; observation_time is a pseudo-operational proxy,7.923787944444444,30,-2.072940164653784,12
2015-12-15T00:00:00+00:00,2015-12-14,windermere,south,water_temperature,2.0,month_2,2016-01-14,2016-02-12,4.841517981831066,degC,expanding_prior_year_window_climatology,1.0,True,7,7,2008|2009|2010|2011|2012|2013|2014,fb5d0024b669683090ecf5735d294d0270ffc4de616756f9b5ffb538099260ed,0.808334185142909,observation_time_proxy,historical data_available_time is unknown; observation_time is a pseudo-operational proxy,6.539500194444445,30,-1.697982212613379,12
2015-12-15T00:00:00+00:00,2015-12-14,windermere,south,water_temperature,2.0,month_3,2016-02-13,2016-03-13,4.689236598015873,degC,expanding_prior_year_window_climatology,1.0,True,7,7,2008|2009|2010|2011|2012|2013|2014,cfc007961dd97a65b30184a37a184f40e8dbb4e516f5f6d6139c0ad816cff1f1,0.7806815466586049,observation_time_proxy,historical data_available_time is unknown; observation_time is a pseudo-operational proxy,5.6890593888888885,30,-0.999822790873016,12
2015-12-22T00:00:00+00:00,2015-12-21,windermere,south,water_temperature,2.0,month_1,2015-12-22,2016-01-20,5.525759876037354,degC,expanding_prior_year_window_climatology,1.0,True,7,6,2008|2009|2010|2011|2012|2013,c1df99c7899cb0a8dc2941ed4b0e5b3293e55f9861fc31c7bf954a642963fab9,0.961541159437295,observation_time_proxy,historical data_available_time is unknown; observation_time is a pseudo-operational proxy,7.588575402777778,30,-2.0628155267404242,12
2015-12-22T00:00:00+00:00,2015-12-21,windermere,south,water_temperature,2.0,month_2,2016-01-21,2016-02-19,4.693369191071429,degC,expanding_prior_year_window_climatology,1.0,True,7,7,2008|2009|2010|2011|2012|2013|2014,e8b939c21898ff415b1eb6d36ef915d53322fa60df1ea9db043467547d151b4c,0.7447731339510504,observation_time_proxy,historical data_available_time is unknown; observation_time is a pseudo-operational proxy,6.347017916666666,30,-1.6536487255952377,12
2015-12-22T00:00:00+00:00,2015-12-21,windermere,south,water_temperature,2.0,month_3,2016-02-20,2016-03-20,4.893429118253969,degC,expanding_prior_year_window_climatology,1.0,True,7,7,2008|2009|2010|2011|2012|2013|2014,5e02db31034c70d8d79fd151408bab5ea662779d7a44efa5d4c3362b96247094,0.8268997573565755,observation_time_proxy,historical data_available_time is unknown; observation_time is a pseudo-operational proxy,5.687352736111111,30,-0.7939236178571427,12
2015-12-29T00:00:00+00:00,2015-12-28,windermere,south,water_temperature,2.0,month_1,2015-12-29,2016-01-27,5.244990342389866,degC,expanding_prior_year_window_climatology,1.0,True,7,6,2008|2009|2010|2011|2012|2013,89152c6494626c7d59a24220f723661d0bd48b6e08df5f69cf19a70c4fec7e45,0.9827869262180889,observation_time_proxy,historical data_available_time is unknown; observation_time is a pseudo-operational proxy,7.1912515416666665,30,-1.9462611992768002,12
2015-12-29T00:00:00+00:00,2015-12-28,windermere,south,water_temperature,2.0,month_2,2016-01-28,2016-02-26,4.593391546428571,degC,expanding_prior_year_window_climatology,1.0,True,7,7,2008|2009|2010|2011|2012|2013|2014,41d496f929a258ec9ee86e09c2ea01a38b13e0a67760fc552830b376c3bdcf3d,0.715420447467098,observation_time_proxy,historical data_available_time is unknown; observation_time is a pseudo-operational proxy,6.172206888888889,30,-1.5788153424603175,12
2015-12-29T00:00:00+00:00,2015-12-28,windermere,south,water_temperature,2.0,month_3,2016-02-27,2016-03-27,5.207850174007937,degC,expanding_prior_year_window_climatology,1.0,True,7,7,2008|2009|2010|2011|2012|2013|2014,ba32d5466fd8328996924597ec7850f8c54a54d3a1127418137368d7d0212952,0.9277656693531505,observation_time_proxy,historical data_available_time is unknown; observation_time is a pseudo-operational proxy,5.843053513888889,30,-0.6352033398809525,12
2016-01-05T00:00:00+00:00,2016-01-04,windermere,south,water_temperature,2.0,month_1,2016-01-05,2016-02-03,5.192564004972718,degC,expanding_prior_year_window_climatology,1.0,True,8,8,2008|2009|2010|2011|2012|2013|2014|2015,1cb6e34462aec9c0a6cbff80d1c0605cc56e2640b9ca0c2c06ebefbffb3821be,0.9018654661109106,observation_time_proxy,historical data_available_time is unknown; observation_time is a pseudo-operational proxy,6.869167222222222,30,-1.6766032172495038,1
2016-01-05T00:00:00+00:00,2016-01-04,windermere,south,water_temperature,2.0,month_2,2016-02-04,2016-03-04,4.609708015277778,degC,expanding_prior_year_window_climatology,1.0,True,8,8,2008|2009|2010|2011|2012|2013|2014|2015,e0bf94136392496ec241c55fa686091b6e9caebbb6f9fa0aef44cfc429c09a19,0.6699946406167133,observation_time_proxy,historical data_available_time is unknown; observation_time is a pseudo-operational proxy,5.949753944444445,30,-1.340045929166667,1
2016-01-05T00:00:00+00:00,2016-01-04,windermere,south,water_temperature,2.0,month_3,2016-03-05,2016-04-03,5.546459277604167,degC,expanding_prior_year_window_climatology,1.0,True,8,8,2008|2009|2010|2011|2012|2013|2014|2015,5a460b8c23e7718b6fa918d6c39f53ff87c89d3418d72e8ce784b9cd2fb04cda,1.0481212907622806,observation_time_proxy,historical data_available_time is unknown; observation_time is a pseudo-operational proxy,6.0852947777777775,30,-0.5388355001736107,1
2016-01-12T00:00:00+00:00,2016-01-11,windermere,south,water_temperature,2.0,month_1,2016-01-12,2016-02-10,4.97481474016617,degC,expanding_prior_year_window_climatology,1.0,True,8,8,2008|2009|2010|2011|2012|2013|2014|2015,fdc17a129238a5471b4ff58a38d082e7b53861518247e98fac9277ab51994078,0.8070262231991052,observation_time_proxy,historical data_available_time is unknown; observation_time is a pseudo-operational proxy,6.602524388888889,30,-1.6277096487227185,1
2016-01-12T00:00:00+00:00,2016-01-11,windermere,south,water_temperature,2.0,month_2,2016-02-11,2016-03-11,4.6738232539930555,degC,expanding_prior_year_window_climatology,1.0,True,8,8,2008|2009|2010|2011|2012|2013|2014|2015,8acd80c03f80d51939f5464f07848e9b64886abc273d8eb64a1346ea731b306b,0.7102714474482891,observation_time_proxy,historical data_available_time is unknown; observation_time is a pseudo-operational proxy,5.725268166666667,30,-1.0514449126736114,1
2016-01-12T00:00:00+00:00,2016-01-11,windermere,south,water_temperature,2.0,month_3,2016-03-12,2016-04-10,5.98028001875,degC,expanding_prior_year_window_climatology,1.0,True,8,8,2008|2009|2010|2011|2012|2013|2014|2015,3bff288a4e675d5be766358d7b653bec3ac97123ccc0bff6ab17dfdee214871d,1.1431456301555294,observation_time_proxy,historical data_available_time is unknown; observation_time is a pseudo-operational proxy,6.496742125,30,-0.5164621062499997,1
2016-01-19T00:00:00+00:00,2016-01-18,windermere,south,water_temperature,2.0,month_1,2016-01-19,2016-02-17,4.789276841145833,degC,expanding_prior_year_window_climatology,1.0,True,8,8,2008|2009|2010|2011|2012|2013|2014|2015,930d6778467ed8975946db13f06adcff1190606b4d8cfd724db543b14ceff078,0.7220802553890956,observation_time_proxy,historical data_available_time is unknown; observation_time is a pseudo-operational proxy,6.401209680555556,30,-1.6119328394097225,1
2016-01-19T00:00:00+00:00,2016-01-18,windermere,south,water_temperature,2.0,month_2,2016-02-18,2016-03-18,4.8397674281250005,degC,expanding_prior_year_window_climatology,1.0,True,8,8,2008|2009|2010|2011|2012|2013|2014|2015,1640d34e7164ee08fb07134c63d02f0d5d39ef4e59efcaa83be35bbff3139aae,0.7554945918175179,observation_time_proxy,historical data_available_time is unknown; observation_time is a pseudo-operational proxy,5.651544791666667,30,-0.8117773635416663,1
2016-01-19T00:00:00+00:00,2016-01-18,windermere,south,water_temperature,2.0,month_3,2016-03-19,2016-04-17,6.573714310243056,degC,expanding_prior_year_window_climatology,1.0,True,8,8,2008|2009|2010|2011|2012|2013|2014|2015,6199fcc029135445d7bb0cd1bf93349d2a299aff1adebedb8fbfc2bc5e63e6f7,1.244147005702935,observation_time_proxy,historical data_available_time is unknown; observation_time is a pseudo-operational proxy,6.949160861111111,30,-0.37544655086805534,1
2016-01-26T00:00:00+00:00,2016-01-25,windermere,south,water_temperature,2.0,month_1,2016-01-26,2016-02-24,4.6554486942708335,degC,expanding_prior_year_window_climatology,1.0,True,8,8,2008|2009|2010|2011|2012|2013|2014|2015,556f638b0dbd89b30685f045e99e0ba0ccaab152d4a0d20e0c5b3e1626721778,0.6760928474475402,observation_time_proxy,historical data_available_time is unknown; observation_time is a pseudo-operational proxy,6.227411861111111,30,-1.5719631668402778,1
2016-01-26T00:00:00+00:00,2016-01-25,windermere,south,water_temperature,2.0,month_2,2016-02-25,2016-03-25,5.117260767881945,degC,expanding_prior_year_window_climatology,1.0,True,8,8,2008|2009|2010|2011|2012|2013|2014|2015,c1a940c053e8f6da60491a42432ac739058f411cf3e5d88350de11f23c32d22c,0.8215129909757397,observation_time_proxy,historical data_available_time is unknown; observation_time is a pseudo-operational proxy,5.811344430555556,30,-0.6940836626736111,1
2016-01-26T00:00:00+00:00,2016-01-25,windermere,south,water_temperature,2.0,month_3,2016-03-26,2016-04-24,7.362438865873016,degC,expanding_prior_year_window_climatology,1.0,True,8,7,2008|2009|2011|2012|2013|2014|2015,ba0bcdae20dc0a2545ca118331abd893d9cada4d37488afb78a00fb6744079a0,1.498454600223273,observation_time_proxy,historical data_available_time is unknown; observation_time is a pseudo-operational proxy,7.470030555555556,30,-0.10759168968253974,1
2016-02-02T00:00:00+00:00,2016-02-01,windermere,south,water_temperature,2.0,month_1,2016-02-02,2016-03-02,4.606345293402778,degC,expanding_prior_year_window_climatology,1.0,True,8,8,2008|2009|2010|2011|2012|2013|2014|2015,ff950986bcb20bb0615d23603ca3d1b8566cc6a289499450cbcd06ffba5808a1,0.6651274257634622,observation_time_proxy,historical data_available_time is unknown; observation_time is a pseudo-operational proxy,6.012581777777778,30,-1.4062364843750004,2
2016-02-02T00:00:00+00:00,2016-02-01,windermere,south,water_temperature,2.0,month_2,2016-03-03,2016-04-01,5.434137788541666,degC,expanding_prior_year_window_climatology,1.0,True,8,8,2008|2009|2010|2011|2012|2013|2014|2015,b5fc0afff1c7b93044ff4300a192cdff2dc5a770813d82b515e24a2d7ab3db02,0.9983180772473611,observation_time_proxy,historical data_available_time is unknown; observation_time is a pseudo-operational proxy,6.012613708333333,30,-0.5784759197916669,2
2016-02-02T00:00:00+00:00,2016-02-01,windermere,south,water_temperature,2.0,month_3,2016-04-02,2016-05-01,8.10048868234127,degC,expanding_prior_year_window_climatology,1.0,True,8,7,2008|2009|2011|2012|2013|2014|2015,eeb42b8b8d09eef1a7be619e13c32cb329e193b6c9af4dae9fed7f28e3985512,1.6405267734722568,observation_time_proxy,historical data_available_time is unknown; observation_time is a pseudo-operational proxy,7.981674388888889,30,0.11881429345238104,2
2016-02-09T00:00:00+00:00,2016-02-08,windermere,south,water_temperature,2.0,month_1,2016-02-09,2016-03-09,4.6477451003472225,degC,expanding_prior_year_window_climatology,1.0,True,8,8,2008|2009|2010|2011|2012|2013|2014|2015,1b7fcb37fb3f84a960b6c10d230132c09e9f15d320acf9bb503531a92055e6ca,0.69689875489947,observation_time_proxy,historical data_available_time is unknown; observation_time is a pseudo-operational proxy,5.781370930555555,30,-1.1336258302083326,2
2016-02-09T00:00:00+00:00,2016-02-08,windermere,south,water_temperature,2.0,month_2,2016-03-10,2016-04-08,5.833143990798611,degC,expanding_prior_year_window_climatology,1.0,True,8,8,2008|2009|2010|2011|2012|2013|2014|2015,52d967fc19d03c99b7b8afa6dacba2010a60b598fc3367c69d9282bca6a1d6a2,1.1179418723165822,observation_time_proxy,historical data_available_time is unknown; observation_time is a pseudo-operational proxy,6.366198902777778,30,-0.5330549119791668,2
2016-02-09T00:00:00+00:00,2016-02-08,windermere,south,water_temperature,2.0,month_3,2016-04-09,2016-05-08,8.919900784325396,degC,expanding_prior_year_window_climatology,1.0,True,8,7,2008|2009|2011|2012|2013|2014|2015,319220807c4c9fdc2406efc20285e98aad9f5e7ddbff07d7e38f03de6aec8121,1.7833729433280687,observation_time_proxy,historical data_available_time is unknown; observation_time is a pseudo-operational proxy,8.497722069444444,30,0.4221787148809515,2
2016-02-16T00:00:00+00:00,2016-02-15,windermere,south,water_temperature,2.0,month_1,2016-02-16,2016-03-16,4.778769093576389,degC,expanding_prior_year_window_climatology,1.0,True,8,8,2008|2009|2010|2011|2012|2013|2014|2015,ad4ec5ee44bd29713e6295c05d00104a901ee1f9b41b1306705b83dff1e482e2,0.7439990094035427,observation_time_proxy,historical data_available_time is unknown; observation_time is a pseudo-operational proxy,5.636137180555556,30,-0.8573680869791671,2
2016-02-16T00:00:00+00:00,2016-02-15,windermere,south,water_temperature,2.0,month_2,2016-03-17,2016-04-15,6.394899474131945,degC,expanding_prior_year_window_climatology,1.0,True,8,8,2008|2009|2010|2011|2012|2013|2014|2015,98d6b88a0dbf926d27dc9e6aa046529a0f13f675f1908c05f009e06173f8e5dc,1.2125965537795225,observation_time_proxy,historical data_available_time is unknown; observation_time is a pseudo-operational proxy,6.844048444444445,30,-0.4491489703124998,2
2016-02-16T00:00:00+00:00,2016-02-15,windermere,south,water_temperature,2.0,month_3,2016-04-16,2016-05-15,9.738060418650793,degC,expanding_prior_year_window_climatology,1.0,True,8,7,2008|2009|2011|2012|2013|2014|2015,21b44bc872ce71641e22796cad9af3659aa845e82229205a60e04b3e2bae5d5d,1.7183339569934224,observation_time_proxy,historical data_available_time is unknown; observation_time is a pseudo-operational proxy,9.647561430555555,30,0.09049898809523782,2
2016-02-23T00:00:00+00:00,2016-02-22,windermere,south,water_temperature,2.0,month_1,2016-02-23,2016-03-23,5.026228821006945,degC,expanding_prior_year_window_climatology,1.0,True,8,8,2008|2009|2010|2011|2012|2013|2014|2015,ba0108ccfb063f26fa9a64fc4086d87aa26eee5b50c6c87eadf9dc155390fb28,0.7911302939689218,observation_time_proxy,historical data_available_time is unknown; observation_time is a pseudo-operational proxy,5.770418347222222,30,-0.7441895262152771,2
2016-02-23T00:00:00+00:00,2016-02-22,windermere,south,water_temperature,2.0,month_2,2016-03-24,2016-04-22,7.061414243720689,degC,expanding_prior_year_window_climatology,1.0,True,8,8,2008|2009|2010|2011|2012|2013|2014|2015,e6c6776d9d66e7b655db0b1ac95cf0f8362d558dcd5bcb1242a75ad28d51ec59,1.3616066690821285,observation_time_proxy,historical data_available_time is unknown; observation_time is a pseudo-operational proxy,7.2843079444444445,30,-0.22289370072375547,2
2016-02-23T00:00:00+00:00,2016-02-22,windermere,south,water_temperature,2.0,month_3,2016-04-23,2016-05-22,10.53984331686508,degC,expanding_prior_year_window_climatology,1.0,True,8,7,2008|2009|2011|2012|2013|2014|2015,f29c8144bdd583f2466c82a1f3c00caa781caf0ec4c248589519b7d54ccc1a8f,1.6242515869577923,observation_time_proxy,historical data_available_time is unknown; observation_time is a pseudo-operational proxy,10.801426152777777,30,-0.26158283591269793,2
2016-03-01T00:00:00+00:00,2016-02-29,windermere,south,water_temperature,2.0,month_1,2016-03-01,2016-03-30,5.3367075671875,degC,expanding_prior_year_window_climatology,1.0,True,8,8,2008|2009|2010|2011|2012|2013|2014|2015,660efd635928db1c3538ad000f5ef7eb0d4b5f5a4cc61eab86d785130464f697,0.9431175092977864,observation_time_proxy,historical data_available_time is unknown; observation_time is a pseudo-operational proxy,5.937674458333333,30,-0.6009668911458332,3
2016-03-01T00:00:00+00:00,2016-02-29,windermere,south,water_temperature,2.0,month_2,2016-03-31,2016-04-29,7.885985621230159,degC,expanding_prior_year_window_climatology,1.0,True,8,7,2008|2009|2011|2012|2013|2014|2015,c6d79a1699306df08b6963fefca2a910ebeb8a208e097caf9d2513ec7b37c4cf,1.5802458738056504,observation_time_proxy,historical data_available_time is unknown; observation_time is a pseudo-operational proxy,7.866273972222222,30,0.019711649007936316,3
2016-03-01T00:00:00+00:00,2016-02-29,windermere,south,water_temperature,2.0,month_3,2016-04-30,2016-05-29,11.46219661528975,degC,expanding_prior_year_window_climatology,1.0,True,8,8,2008|2009|2010|2011|2012|2013|2014|2015,31b9d5ed78d2b199e9f4b384f03becbc37012137625d6b983fc75293b27d0161,1.3537522850167125,observation_time_proxy,historical data_available_time is unknown; observation_time is a pseudo-operational proxy,12.0729765,30,-0.610779884710249,3
2016-03-08T00:00:00+00:00,2016-03-07,windermere,south,water_temperature,2.0,month_1,2016-03-08,2016-04-06,5.7074368812500005,degC,expanding_prior_year_window_climatology,1.0,True,8,8,2008|2009|2010|2011|2012|2013|2014|2015,5df60d730b42e35eedff7a21ab06f9e13a522ca27f41c06c9a6de1af3a39ceed,1.0891214690772915,observation_time_proxy,historical data_available_time is unknown; observation_time is a pseudo-operational proxy,6.2326249166666665,30,-0.525188035416666,3
2016-03-08T00:00:00+00:00,2016-03-07,windermere,south,water_temperature,2.0,month_2,2016-04-07,2016-05-06,8.670598478769842,degC,expanding_prior_year_window_climatology,1.0,True,8,7,2008|2009|2011|2012|2013|2014|2015,91a086df47430418c1701b677bfabd4071a5ab58f357a64f3893e86491a27b8a,1.777021810924169,observation_time_proxy,historical data_available_time is unknown; observation_time is a pseudo-operational proxy,8.30488848611111,30,0.36570999265873105,3
2016-03-08T00:00:00+00:00,2016-03-07,windermere,south,water_temperature,2.0,month_3,2016-05-07,2016-06-05,12.49575121146432,degC,expanding_prior_year_window_climatology,1.0,True,8,8,2008|2009|2010|2011|2012|2013|2014|2015,6ed85b982e1b3597f2137b2a9b2d62641107f5d29f924f4e5f1297ba509a4853,1.2663456055734565,observation_time_proxy,historical data_available_time is unknown; observation_time is a pseudo-operational proxy,13.828640277777778,30,-1.3328890663134576,3
2016-03-15T00:00:00+00:00,2016-03-14,windermere,south,water_temperature,2.0,month_1,2016-03-15,2016-04-13,6.226480005729167,degC,expanding_prior_year_window_climatology,1.0,True,8,8,2008|2009|2010|2011|2012|2013|2014|2015,bcc789182dcf47dc1aabaeb94d77c87f61e418f617170dac62b963fccd52d4a0,1.1792341455637685,observation_time_proxy,historical data_available_time is unknown; observation_time is a pseudo-operational proxy,6.693650541666667,30,-0.4671705359375,3
2016-03-15T00:00:00+00:00,2016-03-14,windermere,south,water_temperature,2.0,month_2,2016-04-14,2016-05-13,9.493889015277778,degC,expanding_prior_year_window_climatology,1.0,True,8,7,2008|2009|2011|2012|2013|2014|2015,a9185aa86e41390f22cb05b387fb2c5174bb69ca92c5cc5565969db79d815767,1.7419757935103557,observation_time_proxy,historical data_available_time is unknown; observation_time is a pseudo-operational proxy,9.289177902777778,30,0.20471111250000007,3
2016-03-15T00:00:00+00:00,2016-03-14,windermere,south,water_temperature,2.0,month_3,2016-05-14,2016-06-12,13.614025993402779,degC,expanding_prior_year_window_climatology,1.0,True,8,8,2008|2009|2010|2011|2012|2013|2014|2015,6ca1666e497da9dc4cc985918e3e51ebeeaa73b2161b32a525877e7cc5782eb1,1.1526963994202788,observation_time_proxy,historical data_available_time is unknown; observation_time is a pseudo-operational proxy,15.824151444444444,30,-2.210125451041666,3
2016-03-22T00:00:00+00:00,2016-03-21,windermere,south,water_temperature,2.0,month_1,2016-03-22,2016-04-20,6.866050806581439,degC,expanding_prior_year_window_climatology,1.0,True,8,8,2008|2009|2010|2011|2012|2013|2014|2015,092cff3ad8a8cbcc244ccdd45aa09d337e25258f5b4b3f4c64873cbe55893851,1.2994592027661243,observation_time_proxy,historical data_available_time is unknown; observation_time is a pseudo-operational proxy,7.139847791666667,30,-0.27379698508522754,3
2016-03-22T00:00:00+00:00,2016-03-21,windermere,south,water_temperature,2.0,month_2,2016-04-21,2016-05-20,10.306667843253969,degC,expanding_prior_year_window_climatology,1.0,True,8,7,2008|2009|2011|2012|2013|2014|2015,e0769f6c43c1c545a0250a4a484a71d58ed03dbfc6294704feae806ec61d9df0,1.675898323319612,observation_time_proxy,historical data_available_time is unknown; observation_time is a pseudo-operational proxy,10.509973930555555,30,-0.20330608730158595,3
2016-03-22T00:00:00+00:00,2016-03-21,windermere,south,water_temperature,2.0,month_3,2016-05-21,2016-06-19,14.64542352410201,degC,expanding_prior_year_window_climatology,1.0,True,8,8,2008|2009|2010|2011|2012|2013|2014|2015,3574ff88947e1e3d68ad782ff9edb30613018838eb5994e044cc6aa85d088624,1.0734894516370848,observation_time_proxy,historical data_available_time is unknown; observation_time is a pseudo-operational proxy,17.268741847222223,30,-2.6233183231202126,3
2016-03-29T00:00:00+00:00,2016-03-28,windermere,south,water_temperature,2.0,month_1,2016-03-29,2016-04-27,7.678782184325397,degC,expanding_prior_year_window_climatology,1.0,True,8,7,2008|2009|2011|2012|2013|2014|2015,552c35199f36ba5fe8a79eee157078950c16f22859896c7d337beba521e6679e,1.5412855094462778,observation_time_proxy,historical data_available_time is unknown; observation_time is a pseudo-operational proxy,7.730632208333334,30,-0.05185002400793692,3
2016-03-29T00:00:00+00:00,2016-03-28,windermere,south,water_temperature,2.0,month_2,2016-04-28,2016-05-27,11.219535314641204,degC,expanding_prior_year_window_climatology,1.0,True,8,8,2008|2009|2010|2011|2012|2013|2014|2015,ef0f131a2fad1673a19feb0f770c64b70645ef17f1a6d0379d84db8e71399bc6,1.4008391990897653,observation_time_proxy,historical data_available_time is unknown; observation_time is a pseudo-operational proxy,11.657071569444444,30,-0.43753625480323954,3
2016-03-29T00:00:00+00:00,2016-03-28,windermere,south,water_temperature,2.0,month_3,2016-05-28,2016-06-26,15.41385743858956,degC,expanding_prior_year_window_climatology,1.0,True,8,8,2008|2009|2010|2011|2012|2013|2014|2015,8c257e6987101ed40e1e00fa8294ce809bc35b57875bcbe98792c5af4818fb68,1.0063421648004864,observation_time_proxy,historical data_available_time is unknown; observation_time is a pseudo-operational proxy,18.262734791666666,30,-2.848877353077107,3
2016-04-05T00:00:00+00:00,2016-04-04,windermere,south,water_temperature,2.0,month_1,2016-04-05,2016-05-04,8.432166330357143,degC,expanding_prior_year_window_climatology,1.0,True,8,7,2008|2009|2011|2012|2013|2014|2015,8a6f0a20a10371ed29e10d7d3dc8a0db9b5581ab3b4ed64f53f2ea70c12f4736,1.7301233745473594,observation_time_proxy,historical data_available_time is unknown; observation_time is a pseudo-operational proxy,8.145189625,30,0.2869767053571426,4
2016-04-05T00:00:00+00:00,2016-04-04,windermere,south,water_temperature,2.0,month_2,2016-05-05,2016-06-03,12.163622172772989,degC,expanding_prior_year_window_climatology,1.0,True,8,8,2008|2009|2010|2011|2012|2013|2014|2015,d10e9b41e05e09032b131fc33e31ddeb42c586ea90889d5365cfebc67a2b9389,1.2938284213858915,observation_time_proxy,historical data_available_time is unknown; observation_time is a pseudo-operational proxy,13.276756805555555,30,-1.1131346327825664,4
2016-04-05T00:00:00+00:00,2016-04-04,windermere,south,water_temperature,2.0,month_3,2016-06-04,2016-07-03,16.159301190972222,degC,expanding_prior_year_window_climatology,1.0,True,8,8,2008|2009|2010|2011|2012|2013|2014|2015,5a80cb50d640ddd72e46ed18822c64a37b44247fdd81ce90bade2fca28243323,1.1776479635263268,observation_time_proxy,historical data_available_time is unknown; observation_time is a pseudo-operational proxy,18.696490208333334,30,-2.5371890173611114,4
2016-04-12T00:00:00+00:00,2016-04-11,windermere,south,water_temperature,2.0,month_1,2016-04-12,2016-05-11,9.262069604563491,degC,expanding_prior_year_window_climatology,1.0,True,8,7,2008|2009|2011|2012|2013|2014|2015,0a02d1becb38bb992d9f71c5aa75607b7093ff79a341aa778e80faa9dd791be5,1.757092339387152,observation_time_proxy,historical data_available_time is unknown; observation_time is a pseudo-operational proxy,8.966069319444445,30,0.29600028511904597,4
2016-04-12T00:00:00+00:00,2016-04-11,windermere,south,water_temperature,2.0,month_2,2016-05-12,2016-06-10,13.297647547611351,degC,expanding_prior_year_window_climatology,1.0,True,8,8,2008|2009|2010|2011|2012|2013|2014|2015,650394b036516100279a07c23195399d9786da5648c9e8fffb81af8983313d23,1.1982381516067921,observation_time_proxy,historical data_available_time is unknown; observation_time is a pseudo-operational proxy,15.300795791666665,30,-2.003148244055314,4
2016-04-12T00:00:00+00:00,2016-04-11,windermere,south,water_temperature,2.0,month_3,2016-06-11,2016-07-10,16.705625640474032,degC,expanding_prior_year_window_climatology,1.0,True,8,8,2008|2009|2010|2011|2012|2013|2014|2015,c5b8fed3d71b7626669725d60a91a6f7adbcf10ae1d02846e08ab6ffb54814fc,1.3559339770002692,observation_time_proxy,historical data_available_time is unknown; observation_time is a pseudo-operational proxy,18.06237298611111,30,-1.3567473456370784,4
2016-04-19T00:00:00+00:00,2016-04-18,windermere,south,water_temperature,2.0,month_1,2016-04-19,2016-05-18,10.08662692579365,degC,expanding_prior_year_window_climatology,1.0,True,8,7,2008|2009|2011|2012|2013|2014|2015,530addc92dfbb8163e071eb15da4f87f84237b450a895440f39fa062bcc8cf80,1.6873414905371331,observation_time_proxy,historical data_available_time is unknown; observation_time is a pseudo-operational proxy,10.204435138888888,30,-0.11780821309523759,4
2016-04-19T00:00:00+00:00,2016-04-18,windermere,south,water_temperature,2.0,month_2,2016-05-19,2016-06-17,14.365577279675527,degC,expanding_prior_year_window_climatology,1.0,True,8,8,2008|2009|2010|2011|2012|2013|2014|2015,8a29d2e9882df50d252580867c4597b86881f9b0b7c1ac97b127a3c3ed943c0b,1.088750445231415,observation_time_proxy,historical data_available_time is unknown; observation_time is a pseudo-operational proxy,16.901639097222223,30,-2.5360618175466954,4
2016-04-19T00:00:00+00:00,2016-04-18,windermere,south,water_temperature,2.0,month_3,2016-06-18,2016-07-17,17.290360467809894,degC,expanding_prior_year_window_climatology,1.0,True,8,8,2008|2009|2010|2011|2012|2013|2014|2015,9fa4aa9fa25e476743ecba13eb16cd497c50ac84c76b7e4f313799f83620dbd4,1.5430772526196757,observation_time_proxy,historical data_available_time is unknown; observation_time is a pseudo-operational proxy,17.343846527777778,30,-0.05348605996788436,4
2016-04-26T00:00:00+00:00,2016-04-25,windermere,south,water_temperature,2.0,month_1,2016-04-26,2016-05-25,10.887971467460318,degC,expanding_prior_year_window_climatology,1.0,True,8,7,2008|2009|2011|2012|2013|2014|2015,cdfd0e78af4b767b2e7849fb112871a413a4256071f861b2b93ca54a2bad1c3d,1.5374765409719566,observation_time_proxy,historical data_available_time is unknown; observation_time is a pseudo-operational proxy,11.296150583333333,30,-0.4081791158730148,4
2016-04-26T00:00:00+00:00,2016-04-25,windermere,south,water_temperature,2.0,month_2,2016-05-26,2016-06-24,15.215464074018199,degC,expanding_prior_year_window_climatology,1.0,True,8,8,2008|2009|2010|2011|2012|2013|2014|2015,517646a62815387061fd847cd79fbb5f1320492fa81fbf9dc7436dbada8eab7e,1.010339509566783,observation_time_proxy,historical data_available_time is unknown; observation_time is a pseudo-operational proxy,17.98170615277778,30,-2.7662420787595803,4
2016-04-26T00:00:00+00:00,2016-04-25,windermere,south,water_temperature,2.0,month_3,2016-06-25,2016-07-24,17.738054912254338,degC,expanding_prior_year_window_climatology,1.0,True,8,8,2008|2009|2010|2011|2012|2013|2014|2015,ab815b45a220031bd20853844add5b4610d4b56ca2da959589d022cc3047d1fa,1.5946496326460946,observation_time_proxy,historical data_available_time is unknown; observation_time is a pseudo-operational proxy,17.478833944444446,30,0.2592209678098918,4
2016-05-03T00:00:00+00:00,2016-05-02,windermere,south,water_temperature,2.0,month_1,2016-05-03,2016-06-01,11.857142915738745,degC,expanding_prior_year_window_climatology,1.0,True,8,8,2008|2009|2010|2011|2012|2013|2014|2015,596b2ac813dc8d5a1e5119a46b30f0036cf262f40fa3a00bb1d8ca49318ed2db,1.3087315091517144,observation_time_proxy,historical data_available_time is unknown; observation_time is a pseudo-operational proxy,12.761833263888889,30,-0.9046903481501438,5
2016-05-03T00:00:00+00:00,2016-05-02,windermere,south,water_temperature,2.0,month_2,2016-06-02,2016-07-01,15.965905706597223,degC,expanding_prior_year_window_climatology,1.0,True,8,8,2008|2009|2010|2011|2012|2013|2014|2015,8ffc2d81ce5d68be657ffd4b8b659a9d32b5e2f154c8b0496a5c77e48a2bbc66,1.1226310861943363,observation_time_proxy,historical data_available_time is unknown; observation_time is a pseudo-operational proxy,18.65732048611111,30,-2.691414779513888,5
2016-05-03T00:00:00+00:00,2016-05-02,windermere,south,water_temperature,2.0,month_3,2016-07-02,2016-07-31,18.168651574084695,degC,expanding_prior_year_window_climatology,1.0,True,8,8,2008|2009|2010|2011|2012|2013|2014|2015,ecf199708565688ecd789ed06b02d820ee3622e2f550911613a375459d20372a,1.5929370578840152,observation_time_proxy,historical data_available_time is unknown; observation_time is a pseudo-operational proxy,17.755132569444445,30,0.41351900464024993,5
2016-05-10T00:00:00+00:00,2016-05-09,windermere,south,water_temperature,2.0,month_1,2016-05-10,2016-06-08,12.972609903657807,degC,expanding_prior_year_window_climatology,1.0,True,8,8,2008|2009|2010|2011|2012|2013|2014|2015,7b3d3b5b9dd26b9bb909823af231fc82ff59c7f75d4a867a4d9112e9cbf4578d,1.2396525242081107,observation_time_proxy,historical data_available_time is unknown; observation_time is a pseudo-operational proxy,14.718851944444443,30,-1.7462420407866368,5
2016-05-10T00:00:00+00:00,2016-05-09,windermere,south,water_temperature,2.0,month_2,2016-06-09,2016-07-08,16.53615669950181,degC,expanding_prior_year_window_climatology,1.0,True,8,8,2008|2009|2010|2011|2012|2013|2014|2015,ac4220b7b39d26efe0a1e6326029bf9f5b24fdf036213ebc76408d5b4a07579c,1.283387205917783,observation_time_proxy,historical data_available_time is unknown; observation_time is a pseudo-operational proxy,18.350065597222223,30,-1.8139088977204132,5
2016-05-10T00:00:00+00:00,2016-05-09,windermere,south,water_temperature,2.0,month_3,2016-07-09,2016-08-07,18.331576796209866,degC,expanding_prior_year_window_climatology,1.0,True,8,8,2008|2009|2010|2011|2012|2013|2014|2015,40ee24e24ec780b113c2fa0bde233d27cce9fe46cc6c9ad94b6c1938ff63ddff,1.736530206696424,observation_time_proxy,historical data_available_time is unknown; observation_time is a pseudo-operational proxy,18.110969569444446,30,0.22060722676542,5
2016-05-17T00:00:00+00:00,2016-05-16,windermere,south,water_temperature,2.0,month_1,2016-05-17,2016-06-15,14.06749708679957,degC,expanding_prior_year_window_climatology,1.0,True,8,8,2008|2009|2010|2011|2012|2013|2014|2015,43fd8235e3841a1a2a1afaacb837a1f06c346fc0855445e817b45fc7f628fe0a,1.1112604909308832,observation_time_proxy,historical data_available_time is unknown; observation_time is a pseudo-operational proxy,16.49118825,30,-2.4236911632004308,5
2016-05-17T00:00:00+00:00,2016-05-16,windermere,south,water_temperature,2.0,month_2,2016-06-16,2016-07-15,17.14584122996267,degC,expanding_prior_year_window_climatology,1.0,True,8,8,2008|2009|2010|2011|2012|2013|2014|2015,ff99dd8f5bfdbc15bb732545a0a416819578192b90e8b33b6050c6c46941703e,1.5181595130080943,observation_time_proxy,historical data_available_time is unknown; observation_time is a pseudo-operational proxy,17.502393541666667,30,-0.3565523117039966,5
2016-05-17T00:00:00+00:00,2016-05-16,windermere,south,water_temperature,2.0,month_3,2016-07-16,2016-08-14,18.27124419952877,degC,expanding_prior_year_window_climatology,1.0,True,8,8,2008|2009|2010|2011|2012|2013|2014|2015,3d2266a03051fce2e2364d944d7af75b4a6873c1671bee9047bb014b878b3d2c,1.541278894417171,observation_time_proxy,historical data_available_time is unknown; observation_time is a pseudo-operational proxy,18.274242277777777,30,-0.002998078249007108,5
2016-05-24T00:00:00+00:00,2016-05-23,windermere,south,water_temperature,2.0,month_1,2016-05-24,2016-06-22,15.009912686260776,degC,expanding_prior_year_window_climatology,1.0,True,8,8,2008|2009|2010|2011|2012|2013|2014|2015,e2450fdfe5ed13bdb8e1cb0a696a0d40fa46f0ef3677907516d14abc277db5a2,1.0517872275607585,observation_time_proxy,historical data_available_time is unknown; observation_time is a pseudo-operational proxy,17.708867125,30,-2.698954438739225,5
2016-05-24T00:00:00+00:00,2016-05-23,windermere,south,water_temperature,2.0,month_2,2016-06-23,2016-07-22,17.607212021629337,degC,expanding_prior_year_window_climatology,1.0,True,8,8,2008|2009|2010|2011|2012|2013|2014|2015,504c881b25988ef170b203eeeda92d44c1ebdabf068b4a345a26c4c6afff8ee9,1.5882703053984626,observation_time_proxy,historical data_available_time is unknown; observation_time is a pseudo-operational proxy,17.409904277777777,30,0.19730774385156025,5
2016-05-24T00:00:00+00:00,2016-05-23,windermere,south,water_temperature,2.0,month_3,2016-07-23,2016-08-21,18.13492704092262,degC,expanding_prior_year_window_climatology,1.0,True,8,8,2008|2009|2010|2011|2012|2013|2014|2015,fa5c1f49f5f30b62d17edad1f237019fd8457d9f748972bb8da17f9e86a36994,1.1386952970544768,observation_time_proxy,historical data_available_time is unknown; observation_time is a pseudo-operational proxy,18.28069813888889,30,-0.1457710979662714,5
2016-05-31T00:00:00+00:00,2016-05-30,windermere,south,water_temperature,2.0,month_1,2016-05-31,2016-06-29,15.74755870923132,degC,expanding_prior_year_window_climatology,1.0,True,8,8,2008|2009|2010|2011|2012|2013|2014|2015,b761f310be82537e82e983a980184ebe08ce72a0ff73280150192d6d88668de1,1.0608563066305412,observation_time_proxy,historical data_available_time is unknown; observation_time is a pseudo-operational proxy,18.524173194444444,30,-2.7766144852131234,5
2016-05-31T00:00:00+00:00,2016-05-30,windermere,south,water_temperature,2.0,month_2,2016-06-30,2016-07-29,18.086349391669017,degC,expanding_prior_year_window_climatology,1.0,True,8,8,2008|2009|2010|2011|2012|2013|2014|2015,276b7b1997048e5a02e6837282128f30bdf81968cc4b2c69c267fc6955a276a1,1.5772138132133833,observation_time_proxy,historical data_available_time is unknown; observation_time is a pseudo-operational proxy,17.629864736111113,30,0.4564846555579045,5
2016-05-31T00:00:00+00:00,2016-05-30,windermere,south,water_temperature,2.0,month_3,2016-07-30,2016-08-28,17.808449912698414,degC,expanding_prior_year_window_climatology,1.0,True,8,8,2008|2009|2010|2011|2012|2013|2014|2015,a0d63f41ba3b79becd8ebfccb2993fd201619a816657a5512b4c1c0a8a9d5642,0.7191903620476156,observation_time_proxy,historical data_available_time is unknown; observation_time is a pseudo-operational proxy,18.080965305555555,30,-0.2725153928571409,5
2016-06-07T00:00:00+00:00,2016-06-06,windermere,south,water_temperature,2.0,month_1,2016-06-07,2016-07-06,16.387765003321256,degC,expanding_prior_year_window_climatology,1.0,True,8,8,2008|2009|2010|2011|2012|2013|2014|2015,6d4601097025f0f0400d95e72af155fbc702df6a1b24bd87e23f37e3c531aa6a,1.2353159819367516,observation_time_proxy,historical data_available_time is unknown; observation_time is a pseudo-operational proxy,18.575704416666667,30,-2.1879394133454113,6
2016-06-07T00:00:00+00:00,2016-06-06,windermere,south,water_temperature,2.0,month_2,2016-07-07,2016-08-05,18.293069539017406,degC,expanding_prior_year_window_climatology,1.0,True,8,8,2008|2009|2010|2011|2012|2013|2014|2015,234a0d64e39bf650fd21986cae7672ac0174b1f8047f5516c4e57f6a40da5671,1.7162018645443764,observation_time_proxy,historical data_available_time is unknown; observation_time is a pseudo-operational proxy,18.028397694444443,30,0.26467184457296256,6
2016-06-07T00:00:00+00:00,2016-06-06,windermere,south,water_temperature,2.0,month_3,2016-08-06,2016-09-04,17.46733162450397,degC,expanding_prior_year_window_climatology,1.0,True,8,8,2008|2009|2010|2011|2012|2013|2014|2015,7646aaca06197a34cdd2221dcf14e1e254799a4569231d810d660be82dedfcfe,0.5489473786574671,observation_time_proxy,historical data_available_time is unknown; observation_time is a pseudo-operational proxy,17.911600347222222,30,-0.44426872271825246,6
2016-06-14T00:00:00+00:00,2016-06-13,windermere,south,water_temperature,2.0,month_1,2016-06-14,2016-07-13,16.968453318504338,degC,expanding_prior_year_window_climatology,1.0,True,8,8,2008|2009|2010|2011|2012|2013|2014|2015,e50ff6c067debb5cce76a81fb257f7a717db6b92932c1ff1ec9d9be4b5ddb781,1.4651957024394353,observation_time_proxy,historical data_available_time is unknown; observation_time is a pseudo-operational proxy,17.703625097222222,30,-0.7351717787178842,6
2016-06-14T00:00:00+00:00,2016-06-13,windermere,south,water_temperature,2.0,month_2,2016-07-14,2016-08-12,18.301991259300596,degC,expanding_prior_year_window_climatology,1.0,True,8,8,2008|2009|2010|2011|2012|2013|2014|2015,e3df332ded959a7e3cbc784650dc511a39ba48e35f841ff3e4dcd1c7c2d762d1,1.6240862035274504,observation_time_proxy,historical data_available_time is unknown; observation_time is a pseudo-operational proxy,18.243876930555555,30,0.05811432874504163,6
2016-06-14T00:00:00+00:00,2016-06-13,windermere,south,water_temperature,2.0,month_3,2016-08-13,2016-09-11,17.092632118055555,degC,expanding_prior_year_window_climatology,1.0,True,8,8,2008|2009|2010|2011|2012|2013|2014|2015,1d9974ab418e8db1493533a474de2329c57ddc246729a09385b7d757624b9c4f,0.612073827017376,observation_time_proxy,historical data_available_time is unknown; observation_time is a pseudo-operational proxy,17.890375305555555,30,-0.7977431875000001,6
2016-06-21T00:00:00+00:00,2016-06-20,windermere,south,water_temperature,2.0,month_1,2016-06-21,2016-07-20,17.479546834129337,degC,expanding_prior_year_window_climatology,1.0,True,8,8,2008|2009|2010|2011|2012|2013|2014|2015,521ecd0476b36feba7cf454cc599e45cd71882144f0350fdd8823884bf80ecbc,1.571639921368168,observation_time_proxy,historical data_available_time is unknown; observation_time is a pseudo-operational proxy,17.34302313888889,30,0.13652369524044872,6
2016-06-21T00:00:00+00:00,2016-06-20,windermere,south,water_temperature,2.0,month_2,2016-07-21,2016-08-19,18.19374532886905,degC,expanding_prior_year_window_climatology,1.0,True,8,8,2008|2009|2010|2011|2012|2013|2014|2015,1a18631d9cb485ccc2c306da8051709572202ea925e22cf8c00f0d292a6989f8,1.2754945051048476,observation_time_proxy,historical data_available_time is unknown; observation_time is a pseudo-operational proxy,18.376738333333332,30,-0.1829930044642829,6
2016-06-21T00:00:00+00:00,2016-06-20,windermere,south,water_temperature,2.0,month_3,2016-08-20,2016-09-18,16.670749157986112,degC,expanding_prior_year_window_climatology,1.0,True,8,8,2008|2009|2010|2011|2012|2013|2014|2015,0929f904be401aa61654e1f85b2e434b701ee21aaf19e52f9de03606ee6a6154,0.6261256691257506,observation_time_proxy,historical data_available_time is unknown; observation_time is a pseudo-operational proxy,17.755154847222222,30,-1.0844056892361102,6
2016-06-28T00:00:00+00:00,2016-06-27,windermere,south,water_temperature,2.0,month_1,2016-06-28,2016-07-27,17.959287548928188,degC,expanding_prior_year_window_climatology,1.0,True,8,8,2008|2009|2010|2011|2012|2013|2014|2015,0ed8e4c34f27be3a658c3e032944303e2dfb7725a232805010a59fecea61f5db,1.5846147173240521,observation_time_proxy,historical data_available_time is unknown; observation_time is a pseudo-operational proxy,17.54074276388889,30,0.41854478503929826,6
2016-06-28T00:00:00+00:00,2016-06-27,windermere,south,water_temperature,2.0,month_2,2016-07-28,2016-08-26,17.917397238129446,degC,expanding_prior_year_window_climatology,1.0,True,8,8,2008|2009|2010|2011|2012|2013|2014|2015,5719c8fe01b1aec31eb0299321a2b5abfa0d7b451ae91fcd37d1d8d855c5c7cf,0.7976643749688688,observation_time_proxy,historical data_available_time is unknown; observation_time is a pseudo-operational proxy,18.130567902777777,30,-0.2131706646483309,6
2016-06-28T00:00:00+00:00,2016-06-27,windermere,south,water_temperature,2.0,month_3,2016-08-27,2016-09-25,16.18283906597222,degC,expanding_prior_year_window_climatology,1.0,True,8,8,2008|2009|2010|2011|2012|2013|2014|2015,eb66e922dbe08f6628c9c1b98759fff3b1c65985f8755c8af90340de5d028906,0.7055385476019749,observation_time_proxy,historical data_available_time is unknown; observation_time is a pseudo-operational proxy,17.56345263888889,30,-1.380613572916669,6
2016-07-05T00:00:00+00:00,2016-07-04,windermere,south,water_temperature,2.0,month_1,2016-07-05,2016-08-03,18.24790452510156,degC,expanding_prior_year_window_climatology,1.0,True,8,8,2008|2009|2010|2011|2012|2013|2014|2015,73c400f5d13dd21452cbf99690b177cba09a4dd1c48417be2b1c1c44e31acca7,1.6713810957427522,observation_time_proxy,historical data_available_time is unknown; observation_time is a pseudo-operational proxy,17.94404548611111,30,0.3038590389904492,7
2016-07-05T00:00:00+00:00,2016-07-04,windermere,south,water_temperature,2.0,month_2,2016-08-04,2016-09-02,17.556382338045633,degC,expanding_prior_year_window_climatology,1.0,True,8,8,2008|2009|2010|2011|2012|2013|2014|2015,0fd345c6155e2614fbfef315095c55fcfb2c0aaaac7543d0a164586ff9567740,0.5709453166974432,observation_time_proxy,historical data_available_time is unknown; observation_time is a pseudo-operational proxy,17.95129123611111,30,-0.39490889806547713,7
2016-07-05T00:00:00+00:00,2016-07-04,windermere,south,water_temperature,2.0,month_3,2016-09-03,2016-10-02,15.678530640624999,degC,expanding_prior_year_window_climatology,1.0,True,8,8,2008|2009|2010|2011|2012|2013|2014|2015,2c576c3482df12e6f4dd0c4a71a762544c6f8961ba81ed3d2f5da3ca3100fffe,0.8041350047704561,observation_time_proxy,historical data_available_time is unknown; observation_time is a pseudo-operational proxy,17.04221652777778,30,-1.36368588715278,7
2016-07-12T00:00:00+00:00,2016-07-11,windermere,south,water_temperature,2.0,month_1,2016-07-12,2016-08-10,18.330045217092803,degC,expanding_prior_year_window_climatology,1.0,True,8,8,2008|2009|2010|2011|2012|2013|2014|2015,6e1ca0be07c0c2e8f2eac9335e18c65c6c20dca47516cf1309f5e56b620e1f91,1.703621047545461,observation_time_proxy,historical data_available_time is unknown; observation_time is a pseudo-operational proxy,18.215981791666668,30,0.11406342542613501,7
2016-07-12T00:00:00+00:00,2016-07-11,windermere,south,water_temperature,2.0,month_2,2016-08-11,2016-09-09,17.20193715451389,degC,expanding_prior_year_window_climatology,1.0,True,8,8,2008|2009|2010|2011|2012|2013|2014|2015,120eb36bb901cbef467dcb3ae79432ba6f8c0f4414eb051995dcbdbdd0940567,0.5978391705866715,observation_time_proxy,historical data_available_time is unknown; observation_time is a pseudo-operational proxy,17.888904666666665,30,-0.6869675121527763,7
2016-07-12T00:00:00+00:00,2016-07-11,windermere,south,water_temperature,2.0,month_3,2016-09-10,2016-10-09,15.082306821180556,degC,expanding_prior_year_window_climatology,1.0,True,8,8,2008|2009|2010|2011|2012|2013|2014|2015,ab5ffcfe838356bc7010494e5fa0494108e8bd79c41dbd825096d08b28f140a9,0.792957065923514,observation_time_proxy,historical data_available_time is unknown; observation_time is a pseudo-operational proxy,16.388445,30,-1.3061381788194453,7
2016-07-19T00:00:00+00:00,2016-07-18,windermere,south,water_temperature,2.0,month_1,2016-07-19,2016-08-17,18.233969590029762,degC,expanding_prior_year_window_climatology,1.0,True,8,8,2008|2009|2010|2011|2012|2013|2014|2015,a7f0cfd653170017cde21cbb0a5ad0a4e4e02dd6d518a9555ef920ce36ac03df,1.4082478426940972,observation_time_proxy,historical data_available_time is unknown; observation_time is a pseudo-operational proxy,18.371260680555555,30,-0.13729109052579247,7
2016-07-19T00:00:00+00:00,2016-07-18,windermere,south,water_temperature,2.0,month_2,2016-08-18,2016-09-16,16.797877960069446,degC,expanding_prior_year_window_climatology,1.0,True,8,8,2008|2009|2010|2011|2012|2013|2014|2015,b771ca3c6e4a40e258ca16cd30ef814e5f31352e2123e29f57dd335b8574a1f6,0.622001262481977,observation_time_proxy,historical data_available_time is unknown; observation_time is a pseudo-operational proxy,17.835806291666668,30,-1.0379283315972216,7
2016-07-19T00:00:00+00:00,2016-07-18,windermere,south,water_temperature,2.0,month_3,2016-09-17,2016-10-16,14.436826802083333,degC,expanding_prior_year_window_climatology,1.0,True,8,8,2008|2009|2010|2011|2012|2013|2014|2015,547f15716091d9f34a8ce19afe6e912cd56ccc108b8c9d826846795d5d57eb3e,0.7774344662386677,observation_time_proxy,historical data_available_time is unknown; observation_time is a pseudo-operational proxy,15.601197444444445,30,-1.1643706423611118,7
2016-07-26T00:00:00+00:00,2016-07-25,windermere,south,water_temperature,2.0,month_1,2016-07-26,2016-08-24,18.024789198536705,degC,expanding_prior_year_window_climatology,1.0,True,8,8,2008|2009|2010|2011|2012|2013|2014|2015,00332ac0263919581f2042dc4acf84cac79e0c9c1c7b37d3ceb4dbf4b872fc0b,0.9192899357070902,observation_time_proxy,historical data_available_time is unknown; observation_time is a pseudo-operational proxy,18.142430805555556,30,-0.11764160701885018,7
2016-07-26T00:00:00+00:00,2016-07-25,windermere,south,water_temperature,2.0,month_2,2016-08-25,2016-09-23,16.334138444444445,degC,expanding_prior_year_window_climatology,1.0,True,8,8,2008|2009|2010|2011|2012|2013|2014|2015,df369aafc483aecfbb88f03bcc77f842fbd2778134d7a3e49873d1cbe5277b16,0.6778097248253104,observation_time_proxy,historical data_available_time is unknown; observation_time is a pseudo-operational proxy,17.694362375,30,-1.3602239305555557,7
2016-07-26T00:00:00+00:00,2016-07-25,windermere,south,water_temperature,2.0,month_3,2016-09-24,2016-10-23,13.776071237847223,degC,expanding_prior_year_window_climatology,1.0,True,8,8,2008|2009|2010|2011|2012|2013|2014|2015,b38f361ece39f5becc36a8f3d742cc0f971443ad87312bec03ec559373814bfd,0.7520900714449131,observation_time_proxy,historical data_available_time is unknown; observation_time is a pseudo-operational proxy,14.621230027777777,30,-0.8451587899305544,7
2016-08-02T00:00:00+00:00,2016-08-01,windermere,south,water_temperature,2.0,month_1,2016-08-02,2016-08-31,17.654852775545635,degC,expanding_prior_year_window_climatology,1.0,True,8,8,2008|2009|2010|2011|2012|2013|2014|2015,f36774782ce3a8a4347e66746a440a5125968c4983a6e07af66011837cb87a8c,0.6249881570235263,observation_time_proxy,historical data_available_time is unknown; observation_time is a pseudo-operational proxy,18.006847319444443,30,-0.35199454389880813,8
2016-08-02T00:00:00+00:00,2016-08-01,windermere,south,water_temperature,2.0,month_2,2016-09-01,2016-09-30,15.818205135416667,degC,expanding_prior_year_window_climatology,1.0,True,8,8,2008|2009|2010|2011|2012|2013|2014|2015,9040ad8d9a7d75c5f050066f41226e80ee6dc9b9ef6f33a20c5c6ab6f2269923,0.7806166925227073,observation_time_proxy,historical data_available_time is unknown; observation_time is a pseudo-operational proxy,17.19945913888889,30,-1.3812540034722236,8
2016-08-02T00:00:00+00:00,2016-08-01,windermere,south,water_temperature,2.0,month_3,2016-10-01,2016-10-30,13.067126164930556,degC,expanding_prior_year_window_climatology,1.0,True,8,8,2008|2009|2010|2011|2012|2013|2014|2015,118632d4176d94300f20b0327fc6f7f83d04d8a772667e5147262c849a502e03,0.7539457025141524,observation_time_proxy,historical data_available_time is unknown; observation_time is a pseudo-operational proxy,13.745337527777778,30,-0.6782113628472217,8
2016-08-09T00:00:00+00:00,2016-08-08,windermere,south,water_temperature,2.0,month_1,2016-08-09,2016-09-07,17.3096995,degC,expanding_prior_year_window_climatology,1.0,True,8,8,2008|2009|2010|2011|2012|2013|2014|2015,f7997ea95d9a7f4c6d7c041f6dcecdbb63d15a1ae9996aaf5ff432760b533622,0.5808570438003292,observation_time_proxy,historical data_available_time is unknown; observation_time is a pseudo-operational proxy,17.891884291666667,30,-0.5821847916666663,8
2016-08-09T00:00:00+00:00,2016-08-08,windermere,south,water_temperature,2.0,month_2,2016-09-08,2016-10-07,15.256458265625,degC,expanding_prior_year_window_climatology,1.0,True,8,8,2008|2009|2010|2011|2012|2013|2014|2015,7c7eb1e414d53c4f39fbca86a21982f8053d9521b7fa3d7e497fd09ed8ea5d61,0.8037420458728924,observation_time_proxy,historical data_available_time is unknown; observation_time is a pseudo-operational proxy,16.590402013888887,30,-1.3339437482638878,8
2016-08-09T00:00:00+00:00,2016-08-08,windermere,south,water_temperature,2.0,month_3,2016-10-08,2016-11-06,12.331673218289554,degC,expanding_prior_year_window_climatology,1.0,True,8,8,2008|2009|2010|2011|2012|2013|2014|2015,8413109e20f2b474e09dccad8eb7e80e86c52a7ae88ea153f8670c401f3b0150,0.7931294103279815,observation_time_proxy,historical data_available_time is unknown; observation_time is a pseudo-operational proxy,12.976037680555555,30,-0.644364462266001,8
2016-08-16T00:00:00+00:00,2016-08-15,windermere,south,water_temperature,2.0,month_1,2016-08-16,2016-09-14,16.92060416840278,degC,expanding_prior_year_window_climatology,1.0,True,8,8,2008|2009|2010|2011|2012|2013|2014|2015,9becb1d0050c795d0d3d2d5603731f66332f42dd5e3af45ac6479fcd92adffd5,0.6234880725124545,observation_time_proxy,historical data_available_time is unknown; observation_time is a pseudo-operational proxy,17.86446252777778,30,-0.9438583593749996,8
2016-08-16T00:00:00+00:00,2016-08-15,windermere,south,water_temperature,2.0,month_2,2016-09-15,2016-10-14,14.617649277777778,degC,expanding_prior_year_window_climatology,1.0,True,8,8,2008|2009|2010|2011|2012|2013|2014|2015,0e948dadc253ca5e4ceb59c3db14cde2c637e158e837d9f72205de45dd5e3048,0.7815749346601728,observation_time_proxy,historical data_available_time is unknown; observation_time is a pseudo-operational proxy,15.879086277777779,30,-1.2614370000000008,8
2016-08-16T00:00:00+00:00,2016-08-15,windermere,south,water_temperature,2.0,month_3,2016-10-15,2016-11-13,11.602272840164552,degC,expanding_prior_year_window_climatology,1.0,True,8,8,2008|2009|2010|2011|2012|2013|2014|2015,c8b490cebcd6b96f62094b255b5d5cd249e9c3bc26174df5c609eb6f219c0988,0.8374368990457249,observation_time_proxy,historical data_available_time is unknown; observation_time is a pseudo-operational proxy,12.02229313888889,30,-0.4200202987243369,8
2016-08-23T00:00:00+00:00,2016-08-22,windermere,south,water_temperature,2.0,month_1,2016-08-23,2016-09-21,16.477823729166666,degC,expanding_prior_year_window_climatology,1.0,True,8,8,2008|2009|2010|2011|2012|2013|2014|2015,5f8e3ce5abdbdd7487e8d45d30159b348645786e765de93ae4854bb2025dd6f7,0.6512526620114552,observation_time_proxy,historical data_available_time is unknown; observation_time is a pseudo-operational proxy,17.757388958333333,30,-1.2795652291666677,8
2016-08-23T00:00:00+00:00,2016-08-22,windermere,south,water_temperature,2.0,month_2,2016-09-22,2016-10-21,13.974360376736112,degC,expanding_prior_year_window_climatology,1.0,True,8,8,2008|2009|2010|2011|2012|2013|2014|2015,883e6b7eb966eba5c309cb916afc4405de09b4b0f9ea499b2085a137ea520adc,0.7620500846429442,observation_time_proxy,historical data_available_time is unknown; observation_time is a pseudo-operational proxy,14.900473611111112,30,-0.9261132343750003,8
2016-08-23T00:00:00+00:00,2016-08-22,windermere,south,water_temperature,2.0,month_3,2016-10-22,2016-11-20,10.905842114470108,degC,expanding_prior_year_window_climatology,1.0,True,8,8,2008|2009|2010|2011|2012|2013|2014|2015,d615d0d477b035bddb75ac72805b467e3315c342442c5435ff781c6fee9448d3,0.8699294575469922,observation_time_proxy,historical data_available_time is unknown; observation_time is a pseudo-operational proxy,11.11723675,30,-0.21139463552989213,8
2016-08-30T00:00:00+00:00,2016-08-29,windermere,south,water_temperature,2.0,month_1,2016-08-30,2016-09-28,15.95973565625,degC,expanding_prior_year_window_climatology,1.0,True,8,8,2008|2009|2010|2011|2012|2013|2014|2015,d46c74945e6e364894f0b7b48b9b35b7e616acdca4a4d1bb7c057e04b94494ab,0.74644209932214,observation_time_proxy,historical data_available_time is unknown; observation_time is a pseudo-operational proxy,17.356842375,30,-1.397106718749999,8
2016-08-30T00:00:00+00:00,2016-08-29,windermere,south,water_temperature,2.0,month_2,2016-09-29,2016-10-28,13.278884234374999,degC,expanding_prior_year_window_climatology,1.0,True,8,8,2008|2009|2010|2011|2012|2013|2014|2015,94d62b30e580a6bc29f91394a751597f8f3aa5073964ea5db54f725e2bfe163f,0.7512728434162146,observation_time_proxy,historical data_available_time is unknown; observation_time is a pseudo-operational proxy,13.974720333333334,30,-0.6958360989583348,8
2016-08-30T00:00:00+00:00,2016-08-29,windermere,south,water_temperature,2.0,month_3,2016-10-29,2016-11-27,10.252707712213164,degC,expanding_prior_year_window_climatology,1.0,True,8,8,2008|2009|2010|2011|2012|2013|2014|2015,6bdb9d21e56f83c7d4c27f7595c0ccd4fa2dde3e9649fbbd424de6b70cb77a96,0.8985759638826459,observation_time_proxy,historical data_available_time is unknown; observation_time is a pseudo-operational proxy,10.197634305555555,30,0.05507340665760907,8
2016-09-06T00:00:00+00:00,2016-09-05,windermere,south,water_temperature,2.0,month_1,2016-09-06,2016-10-05,15.423245661458333,degC,expanding_prior_year_window_climatology,1.0,True,8,8,2008|2009|2010|2011|2012|2013|2014|2015,41dc950a002738bd2069064438ade1b164adf8d5bec7492f7409f2749de8a682,0.8139774688276364,observation_time_proxy,historical data_available_time is unknown; observation_time is a pseudo-operational proxy,16.789418652777776,30,-1.3661729913194431,9
2016-09-06T00:00:00+00:00,2016-09-05,windermere,south,water_temperature,2.0,month_2,2016-10-06,2016-11-04,12.538888121414553,degC,expanding_prior_year_window_climatology,1.0,True,8,8,2008|2009|2010|2011|2012|2013|2014|2015,d80b9872e86093aaf2dde2132889dfa50a0807ff0186378e13835d9fa9d0bc11,0.7816476336241011,observation_time_proxy,historical data_available_time is unknown; observation_time is a pseudo-operational proxy,13.215360041666667,30,-0.6764719202521139,9
2016-09-06T00:00:00+00:00,2016-09-05,windermere,south,water_temperature,2.0,month_3,2016-11-05,2016-12-04,9.577102368870772,degC,expanding_prior_year_window_climatology,1.0,True,8,8,2008|2009|2010|2011|2012|2013|2014|2015,e56fb91ec70e58376eeecc44f8269e93c453843f037d1a4c15efe9f5dae618e4,0.9057327247455493,observation_time_proxy,historical data_available_time is unknown; observation_time is a pseudo-operational proxy,9.238493861111111,30,0.3386085077596608,9
2016-09-13T00:00:00+00:00,2016-09-12,windermere,south,water_temperature,2.0,month_1,2016-09-13,2016-10-12,14.805519684027779,degC,expanding_prior_year_window_climatology,1.0,True,8,8,2008|2009|2010|2011|2012|2013|2014|2015,484616a42c2835fa24c400fca635e3403eaec5e522afcebec28ac446fec8ed53,0.7846967597890573,observation_time_proxy,historical data_available_time is unknown; observation_time is a pseudo-operational proxy,16.100457069444445,30,-1.2949373854166666,9
2016-09-13T00:00:00+00:00,2016-09-12,windermere,south,water_temperature,2.0,month_2,2016-10-13,2016-11-11,11.80832219901872,degC,expanding_prior_year_window_climatology,1.0,True,8,8,2008|2009|2010|2011|2012|2013|2014|2015,7e9f11f8c0edf713c181afd5edb6810883817e8d58d316bdf5869bd62a2a5937,0.8212615504132124,observation_time_proxy,historical data_available_time is unknown; observation_time is a pseudo-operational proxy,12.29918226388889,30,-0.4908600648701693,9
2016-09-13T00:00:00+00:00,2016-09-12,windermere,south,water_temperature,2.0,month_3,2016-11-12,2016-12-11,8.887802371301328,degC,expanding_prior_year_window_climatology,1.0,True,8,8,2008|2009|2010|2011|2012|2013|2014|2015,67bfdc57028588ab0958ce99cb4475ca05d02bc57a524ecee4d46b802221918b,0.9327952035033928,observation_time_proxy,historical data_available_time is unknown; observation_time is a pseudo-operational proxy,8.540049972222223,30,0.3477523990791056,9
2016-09-20T00:00:00+00:00,2016-09-19,windermere,south,water_temperature,2.0,month_1,2016-09-20,2016-10-19,14.16303557638889,degC,expanding_prior_year_window_climatology,1.0,True,8,8,2008|2009|2010|2011|2012|2013|2014|2015,4d62072e8b1f6eb6a12902e29384ff0fcc2aac31f8de98cc83e92870eef634b5,0.7703837559728255,observation_time_proxy,historical data_available_time is unknown; observation_time is a pseudo-operational proxy,15.18225651388889,30,-1.0192209375,9
2016-09-20T00:00:00+00:00,2016-09-19,windermere,south,water_temperature,2.0,month_2,2016-10-20,2016-11-18,11.099402809782609,degC,expanding_prior_year_window_climatology,1.0,True,8,8,2008|2009|2010|2011|2012|2013|2014|2015,34076dfeeb175deda657a1923f85d7905204aaed615958fb0ddb84ba5265089e,0.8612743409796121,observation_time_proxy,historical data_available_time is unknown; observation_time is a pseudo-operational proxy,11.376231680555556,30,-0.27682887077294716,9
2016-09-20T00:00:00+00:00,2016-09-19,windermere,south,water_temperature,2.0,month_3,2016-11-19,2016-12-18,8.209576757065218,degC,expanding_prior_year_window_climatology,1.0,True,8,8,2008|2009|2010|2011|2012|2013|2014|2015,d3c25d5af9f3b8a93c7cf77109990485f9bb05febdcae3d97dc9845bb84461a2,0.9422671826827644,observation_time_proxy,historical data_available_time is unknown; observation_time is a pseudo-operational proxy,8.041150388888889,30,0.16842636817632872,9
2016-09-27T00:00:00+00:00,2016-09-26,windermere,south,water_temperature,2.0,month_1,2016-09-27,2016-10-26,13.483554338541667,degC,expanding_prior_year_window_climatology,1.0,True,8,8,2008|2009|2010|2011|2012|2013|2014|2015,8e1f659ca62cbcf4f762858133d7e77d33b1d97fec150ac4ddbb55f32f3fa906,0.7447610192176164,observation_time_proxy,historical data_available_time is unknown; observation_time is a pseudo-operational proxy,14.225118944444445,30,-0.7415646059027772,9
2016-09-27T00:00:00+00:00,2016-09-26,windermere,south,water_temperature,2.0,month_2,2016-10-27,2016-11-25,10.439059899365942,degC,expanding_prior_year_window_climatology,1.0,True,8,8,2008|2009|2010|2011|2012|2013|2014|2015,a9704a759111d2e11095afb25743f55e0fe84e01b405b326154e97c6b996c83c,0.8929377287059246,observation_time_proxy,historical data_available_time is unknown; observation_time is a pseudo-operational proxy,10.467078652777777,30,-0.028018753411835462,9
2016-09-27T00:00:00+00:00,2016-09-26,windermere,south,water_temperature,2.0,month_3,2016-11-26,2016-12-25,7.5646733143568845,degC,expanding_prior_year_window_climatology,1.0,True,8,8,2008|2009|2010|2011|2012|2013|2014|2015,b3ecf2d5b22f9dd2cb0856563df792e8ff296367afeaa55988429327323873bb,0.9928240744395702,observation_time_proxy,historical data_available_time is unknown; observation_time is a pseudo-operational proxy,7.670812652777777,30,-0.10613933842089285,9
2016-10-04T00:00:00+00:00,2016-10-03,windermere,south,water_temperature,2.0,month_1,2016-10-04,2016-11-02,12.746537915685387,degC,expanding_prior_year_window_climatology,1.0,True,8,8,2008|2009|2010|2011|2012|2013|2014|2015,3282f884b84a4b25f64d9f916b97b7b4f6edd4c634d5a593214dcd7badc0d4f9,0.7679695028382435,observation_time_proxy,historical data_available_time is unknown; observation_time is a pseudo-operational proxy,13.427826541666667,30,-0.6812886259812796,10
2016-10-04T00:00:00+00:00,2016-10-03,windermere,south,water_temperature,2.0,month_2,2016-11-03,2016-12-02,9.773184685243056,degC,expanding_prior_year_window_climatology,1.0,True,8,8,2008|2009|2010|2011|2012|2013|2014|2015,97b2b4c4dc7304ff0c64951b68727498dbb35b18924bd98b5ca0adae644758c5,0.9037999705990412,observation_time_proxy,historical data_available_time is unknown; observation_time is a pseudo-operational proxy,9.507881,30,0.26530368524305636,10
2016-10-04T00:00:00+00:00,2016-10-03,windermere,south,water_temperature,2.0,month_3,2016-12-03,2017-01-01,7.013162071841163,degC,expanding_prior_year_window_climatology,1.0,True,8,8,2008|2009|2010|2011|2012|2013|2014|2015,cecf63ebe7a9102af16cf9e9cf043ae777404c3f194366174095e4666c4e05d2,1.0532059231730904,observation_time_proxy,historical data_available_time is unknown; observation_time is a pseudo-operational proxy,7.412564458333334,30,-0.39940238649217097,10
2016-10-11T00:00:00+00:00,2016-10-10,windermere,south,water_temperature,2.0,month_1,2016-10-11,2016-11-09,12.016237621414554,degC,expanding_prior_year_window_climatology,1.0,True,8,8,2008|2009|2010|2011|2012|2013|2014|2015,98ac500e174da9cec7925a3b93f81708107d654ed40e56ce118974c8b75e4bb7,0.8080929057868463,observation_time_proxy,historical data_available_time is unknown; observation_time is a pseudo-operational proxy,12.577595347222221,30,-0.5613577258076674,10
2016-10-11T00:00:00+00:00,2016-10-10,windermere,south,water_temperature,2.0,month_2,2016-11-10,2016-12-09,9.085040275294384,degC,expanding_prior_year_window_climatology,1.0,True,8,8,2008|2009|2010|2011|2012|2013|2014|2015,a0fdb18953c0c89adf5b27fc56bb9c6798a25645ce2ce801cbb5d008b42f2f25,0.9295188736203167,observation_time_proxy,historical data_available_time is unknown; observation_time is a pseudo-operational proxy,8.705938597222222,30,0.37910167807216233,10
2016-10-11T00:00:00+00:00,2016-10-10,windermere,south,water_temperature,2.0,month_3,2016-12-10,2017-01-08,6.333904369780883,degC,expanding_prior_year_window_climatology,1.0,True,8,7,2008|2009|2010|2011|2012|2013|2014,7c60ba41d96d091faa5bff510148d5fa23dce275919cb436d51664d6cc87797d,0.9635771162480429,observation_time_proxy,historical data_available_time is unknown; observation_time is a pseudo-operational proxy,7.173943569444444,30,-0.8400391996635612,10
2016-10-18T00:00:00+00:00,2016-10-17,windermere,south,water_temperature,2.0,month_1,2016-10-18,2016-11-16,11.296811944504832,degC,expanding_prior_year_window_climatology,1.0,True,8,8,2008|2009|2010|2011|2012|2013|2014|2015,82544eaccb8fe0be556463d4ac7c3ba92a9bda572f37db7375e7835e0b2fc0a3,0.8522486231879863,observation_time_proxy,historical data_available_time is unknown; observation_time is a pseudo-operational proxy,11.631049847222222,30,-0.3342379027173905,10
2016-10-18T00:00:00+00:00,2016-10-17,windermere,south,water_temperature,2.0,month_2,2016-11-17,2016-12-16,8.399363438836051,degC,expanding_prior_year_window_climatology,1.0,True,8,8,2008|2009|2010|2011|2012|2013|2014|2015,6ce376896911f1545319e46686b09c9984e31bf0db413463d22392286b42c83d,0.9367311356410243,observation_time_proxy,historical data_available_time is unknown; observation_time is a pseudo-operational proxy,8.173270652777777,30,0.226092786058274,10
2016-10-18T00:00:00+00:00,2016-10-17,windermere,south,water_temperature,2.0,month_3,2016-12-17,2017-01-15,5.95136828347136,degC,expanding_prior_year_window_climatology,1.0,True,8,7,2008|2009|2010|2011|2012|2013|2014,5f605db75f495ed8de53f613fe427be013e78600cdd6779f2f65e99f938c8291,1.0003928273597578,observation_time_proxy,historical data_available_time is unknown; observation_time is a pseudo-operational proxy,6.875934986111111,30,-0.9245667026397513,10
2016-10-25T00:00:00+00:00,2016-10-24,windermere,south,water_temperature,2.0,month_1,2016-10-25,2016-11-23,10.624725373150664,degC,expanding_prior_year_window_climatology,1.0,True,8,8,2008|2009|2010|2011|2012|2013|2014|2015,cc178468d703cbe38230704493bd2051d29b57de8fe64fd0260bfa4d32652f86,0.8834418581540545,observation_time_proxy,historical data_available_time is unknown; observation_time is a pseudo-operational proxy,10.729732694444444,30,-0.10500732129377965,10
2016-10-25T00:00:00+00:00,2016-10-24,windermere,south,water_temperature,2.0,month_2,2016-11-24,2016-12-23,7.742077807586051,degC,expanding_prior_year_window_climatology,1.0,True,8,8,2008|2009|2010|2011|2012|2013|2014|2015,24dd7723995529b04800755f697802014ac0a4f466c4a7e66a62394230df48c1,0.9783278937657778,observation_time_proxy,historical data_available_time is unknown; observation_time is a pseudo-operational proxy,7.765940375,30,-0.023862567413948987,10
2016-10-25T00:00:00+00:00,2016-10-24,windermere,south,water_temperature,2.0,month_3,2016-12-24,2017-01-22,5.632599572331904,degC,expanding_prior_year_window_climatology,1.0,True,8,7,2008|2009|2010|2011|2012|2013|2014,3d0ab420287d3a0d303cddd49ff9faab4e3d30d3e67c6e522342ede135077863,1.0241815394774185,observation_time_proxy,historical data_available_time is unknown; observation_time is a pseudo-operational proxy,6.571455763888889,30,-0.9388561915569857,10
2016-11-01T00:00:00+00:00,2016-10-31,windermere,south,water_temperature,2.0,month_1,2016-11-01,2016-11-30,9.968959117013888,degC,expanding_prior_year_window_climatology,1.0,True,8,8,2008|2009|2010|2011|2012|2013|2014|2015,be9fd55e4d37df0c3e877d45d8e39c328795fc1d4d1c59062433e1d9f67ed602,0.9046303264710281,observation_time_proxy,historical data_available_time is unknown; observation_time is a pseudo-operational proxy,9.781305805555556,30,0.18765331145833208,11
2016-11-01T00:00:00+00:00,2016-10-31,windermere,south,water_temperature,2.0,month_2,2016-12-01,2016-12-30,7.159970517655495,degC,expanding_prior_year_window_climatology,1.0,True,8,8,2008|2009|2010|2011|2012|2013|2014|2015,edb3653c54990a9546177895f3f77ad65230fbf4d14b683d01cea313f365ae2f,1.0381492473253722,observation_time_proxy,historical data_available_time is unknown; observation_time is a pseudo-operational proxy,7.4819564722222225,30,-0.32198595456672763,11
2016-11-01T00:00:00+00:00,2016-10-31,windermere,south,water_temperature,2.0,month_3,2016-12-31,2017-01-29,5.3396974649055995,degC,expanding_prior_year_window_climatology,1.0,True,8,7,2008|2009|2010|2011|2012|2013|2014,2546f8b97fcaba589597078dccc000fa7edc1f3944db16cd7f91b3d40e9c95dc,0.9999861884417429,observation_time_proxy,historical data_available_time is unknown; observation_time is a pseudo-operational proxy,6.2606272361111115,30,-0.920929771205512,11
2016-11-08T00:00:00+00:00,2016-11-07,windermere,south,water_temperature,2.0,month_1,2016-11-08,2016-12-07,9.280640995259661,degC,expanding_prior_year_window_climatology,1.0,True,8,8,2008|2009|2010|2011|2012|2013|2014|2015,d0c0105830f5bd650d51d0339b14c9e52f052cf5f8ca41261b0f14184a607ed7,0.9186299843904361,observation_time_proxy,historical data_available_time is unknown; observation_time is a pseudo-operational proxy,8.898932944444445,30,0.38170805081521664,11
2016-11-08T00:00:00+00:00,2016-11-07,windermere,south,water_temperature,2.0,month_2,2016-12-08,2017-01-06,6.4595961832729465,degC,expanding_prior_year_window_climatology,1.0,True,8,7,2008|2009|2010|2011|2012|2013|2014,ed95314b62490e7c603286f467093528bc0f2fab66ec8b26dea3f9f7b681bfca,0.9650228906030655,observation_time_proxy,historical data_available_time is unknown; observation_time is a pseudo-operational proxy,7.243451777777778,30,-0.7838555945048311,11
2016-11-08T00:00:00+00:00,2016-11-07,windermere,south,water_temperature,2.0,month_3,2017-01-07,2017-02-05,5.124129762264385,degC,expanding_prior_year_window_climatology,1.0,True,8,8,2008|2009|2010|2011|2012|2013|2014|2015,52a856524172d2040b308d6bc3498abcdd6befa01bf064ece6937f6481b551d7,0.8801407233582251,observation_time_proxy,historical data_available_time is unknown; observation_time is a pseudo-operational proxy,5.999257361111111,30,-0.875127598846726,11
2016-11-15T00:00:00+00:00,2016-11-14,windermere,south,water_temperature,2.0,month_1,2016-11-15,2016-12-14,8.595469398037439,degC,expanding_prior_year_window_climatology,1.0,True,8,8,2008|2009|2010|2011|2012|2013|2014|2015,4fc23931fb9d38bb059c1c47f6d9892df5d000a691b3f84f9359126078b1983d,0.9316986452496547,observation_time_proxy,historical data_available_time is unknown; observation_time is a pseudo-operational proxy,8.316527583333333,30,0.2789418147041065,11
2016-11-15T00:00:00+00:00,2016-11-14,windermere,south,water_temperature,2.0,month_2,2016-12-15,2017-01-13,6.050832073153899,degC,expanding_prior_year_window_climatology,1.0,True,8,7,2008|2009|2010|2011|2012|2013|2014,3517e77fe8656fc30b94ddbb2e27fa740556959da162c399e5d39c7297888d8c,0.9870725486860382,observation_time_proxy,historical data_available_time is unknown; observation_time is a pseudo-operational proxy,6.970196583333333,30,-0.9193645101794345,11
2016-11-15T00:00:00+00:00,2016-11-14,windermere,south,water_temperature,2.0,month_3,2017-01-14,2017-02-12,4.917141440699405,degC,expanding_prior_year_window_climatology,1.0,True,8,8,2008|2009|2010|2011|2012|2013|2014|2015,af4cb1f6aefe3ba1d3b2e705e3bd00b8fce19cc790bb39e1987bf08b446e4957,0.7783392347970994,observation_time_proxy,historical data_available_time is unknown; observation_time is a pseudo-operational proxy,5.7794227789855075,30,-0.8622813382861025,11
2016-11-22T00:00:00+00:00,2016-11-21,windermere,south,water_temperature,2.0,month_1,2016-11-22,2016-12-21,7.926513648558273,degC,expanding_prior_year_window_climatology,1.0,True,8,8,2008|2009|2010|2011|2012|2013|2014|2015,7aab474d0e52e6e0c9341e9496f34bdc2e5df2ae4f5c57ed18bb2362cc6f3a1c,0.9601516612616747,observation_time_proxy,historical data_available_time is unknown; observation_time is a pseudo-operational proxy,7.866451236111111,30,0.06006241244716204,11
2016-11-22T00:00:00+00:00,2016-11-21,windermere,south,water_temperature,2.0,month_2,2016-12-22,2017-01-20,5.723396137793922,degC,expanding_prior_year_window_climatology,1.0,True,8,7,2008|2009|2010|2011|2012|2013|2014,dccf9b6db97505201f0b725234d415b375d5f2e1894feb16feffbf9590a09580,1.021708607254432,observation_time_proxy,historical data_available_time is unknown; observation_time is a pseudo-operational proxy,6.665462013888889,30,-0.9420658760949667,11
2016-11-22T00:00:00+00:00,2016-11-21,windermere,south,water_temperature,2.0,month_3,2017-01-21,2017-02-19,4.744888344270834,degC,expanding_prior_year_window_climatology,1.0,True,8,8,2008|2009|2010|2011|2012|2013|2014|2015,bcf07abfd7e8766d8d4264cc0392a912d7d2d6923f1fb265353ba33917e99dc3,0.7047551370642455,observation_time_proxy,historical data_available_time is unknown; observation_time is a pseudo-operational proxy,5.577827140096618,30,-0.8329387958257843,11
2016-11-29T00:00:00+00:00,2016-11-28,windermere,south,water_temperature,2.0,month_1,2016-11-29,2016-12-28,7.317171450467995,degC,expanding_prior_year_window_climatology,1.0,True,8,8,2008|2009|2010|2011|2012|2013|2014|2015,aa3108970cb0a8524f0b74a99fc2440e672c52dc571ccc13bab9049eccdf981f,1.0225667115390722,observation_time_proxy,historical data_available_time is unknown; observation_time is a pseudo-operational proxy,7.553271916666667,30,-0.2361004661986712,11
2016-11-29T00:00:00+00:00,2016-11-28,windermere,south,water_temperature,2.0,month_2,2016-12-29,2017-01-27,5.419304936334171,degC,expanding_prior_year_window_climatology,1.0,True,8,7,2008|2009|2010|2011|2012|2013|2014,f33a39054e6d9c66eba33379387c2a0780f1e2f4f5b235d957826bad9798d3a2,1.008757071311741,observation_time_proxy,historical data_available_time is unknown; observation_time is a pseudo-operational proxy,6.349420055555556,30,-0.9301151192213846,11
2016-11-29T00:00:00+00:00,2016-11-28,windermere,south,water_temperature,2.0,month_3,2017-01-28,2017-02-26,4.629612481597222,degC,expanding_prior_year_window_climatology,1.0,True,8,8,2008|2009|2010|2011|2012|2013|2014|2015,4c22978238b80e3015c938489c11e5ad0adad392676d42d0132859b72ef5a50a,0.6702268319665755,observation_time_proxy,historical data_available_time is unknown; observation_time is a pseudo-operational proxy,5.512180348429951,30,-0.882567866832729,11
2016-12-06T00:00:00+00:00,2016-12-05,windermere,south,water_temperature,2.0,month_1,2016-12-06,2017-01-04,6.596667787836439,degC,expanding_prior_year_window_climatology,1.0,True,8,7,2008|2009|2010|2011|2012|2013|2014,0c97e231df30451c9d3bd6d5dddeaa8f5afbccb7c1d433d418ebf656f4393bf7,0.9674767816933677,observation_time_proxy,historical data_available_time is unknown; observation_time is a pseudo-operational proxy,7.309855555555556,30,-0.7131877677191172,12
2016-12-06T00:00:00+00:00,2016-12-05,windermere,south,water_temperature,2.0,month_2,2017-01-05,2017-02-03,5.192564004972718,degC,expanding_prior_year_window_climatology,1.0,True,8,8,2008|2009|2010|2011|2012|2013|2014|2015,1cb6e34462aec9c0a6cbff80d1c0605cc56e2640b9ca0c2c06ebefbffb3821be,0.9018654661109106,observation_time_proxy,historical data_available_time is unknown; observation_time is a pseudo-operational proxy,6.0610605416666665,30,-0.8684965366939483,12
2016-12-06T00:00:00+00:00,2016-12-05,windermere,south,water_temperature,2.0,month_3,2017-02-04,2017-03-05,4.609708015277778,degC,expanding_prior_year_window_climatology,1.0,True,8,8,2008|2009|2010|2011|2012|2013|2014|2015,e0bf94136392496ec241c55fa686091b6e9caebbb6f9fa0aef44cfc429c09a19,0.6699946406167133,observation_time_proxy,historical data_available_time is unknown; observation_time is a pseudo-operational proxy,5.535471278985507,30,-0.9257632637077293,12
2016-12-13T00:00:00+00:00,2016-12-12,windermere,south,water_temperature,2.0,month_1,2016-12-13,2017-01-11,6.157363447955486,degC,expanding_prior_year_window_climatology,1.0,True,8,7,2008|2009|2010|2011|2012|2013|2014,001b79ade17b0cd92c56df3642af5fe15a2409c8672c945d7cc5209305673289,0.9740400911916037,observation_time_proxy,historical data_available_time is unknown; observation_time is a pseudo-operational proxy,7.060085208333334,30,-0.9027217603778475,12
2016-12-13T00:00:00+00:00,2016-12-12,windermere,south,water_temperature,2.0,month_2,2017-01-12,2017-02-10,4.97481474016617,degC,expanding_prior_year_window_climatology,1.0,True,8,8,2008|2009|2010|2011|2012|2013|2014|2015,fdc17a129238a5471b4ff58a38d082e7b53861518247e98fac9277ab51994078,0.8070262231991052,observation_time_proxy,historical data_available_time is unknown; observation_time is a pseudo-operational proxy,5.838511390096619,30,-0.8636966499304481,12
2016-12-13T00:00:00+00:00,2016-12-12,windermere,south,water_temperature,2.0,month_3,2017-02-11,2017-03-12,4.6738232539930555,degC,expanding_prior_year_window_climatology,1.0,True,8,8,2008|2009|2010|2011|2012|2013|2014|2015,8acd80c03f80d51939f5464f07848e9b64886abc273d8eb64a1346ea731b306b,0.7102714474482891,observation_time_proxy,historical data_available_time is unknown; observation_time is a pseudo-operational proxy,5.678050694444445,30,-1.0042274404513893,12
2016-12-20T00:00:00+00:00,2016-12-19,windermere,south,water_temperature,2.0,month_1,2016-12-20,2017-01-18,5.813393213828502,degC,expanding_prior_year_window_climatology,1.0,True,8,7,2008|2009|2010|2011|2012|2013|2014,db63a3a2777857b7f84ea5afc799ab497e459b3581c63a30116cb2ffc14ee9dc,1.0153008505320882,observation_time_proxy,historical data_available_time is unknown; observation_time is a pseudo-operational proxy,6.747065277777778,30,-0.9336720639492757,12
2016-12-20T00:00:00+00:00,2016-12-19,windermere,south,water_temperature,2.0,month_2,2017-01-19,2017-02-17,4.789276841145833,degC,expanding_prior_year_window_climatology,1.0,True,8,8,2008|2009|2010|2011|2012|2013|2014|2015,930d6778467ed8975946db13f06adcff1190606b4d8cfd724db543b14ceff078,0.7220802553890956,observation_time_proxy,historical data_available_time is unknown; observation_time is a pseudo-operational proxy,5.634435306763285,30,-0.8451584656174518,12
2016-12-20T00:00:00+00:00,2016-12-19,windermere,south,water_temperature,2.0,month_3,2017-02-18,2017-03-19,4.8397674281250005,degC,expanding_prior_year_window_climatology,1.0,True,8,8,2008|2009|2010|2011|2012|2013|2014|2015,1640d34e7164ee08fb07134c63d02f0d5d39ef4e59efcaa83be35bbff3139aae,0.7554945918175179,observation_time_proxy,historical data_available_time is unknown; observation_time is a pseudo-operational proxy,5.9312000694444444,30,-1.091432641319444,12
2016-12-27T00:00:00+00:00,2016-12-26,windermere,south,water_temperature,2.0,month_1,2016-12-27,2017-01-25,5.502707200945849,degC,expanding_prior_year_window_climatology,1.0,True,8,7,2008|2009|2010|2011|2012|2013|2014,90c98dc7475e2a706ba33e5559926e0d05987959e80f402c053d64877b6649de,1.0210761108120108,observation_time_proxy,historical data_available_time is unknown; observation_time is a pseudo-operational proxy,6.437998347222222,30,-0.9352911462763727,12
2016-12-27T00:00:00+00:00,2016-12-26,windermere,south,water_temperature,2.0,month_2,2017-01-26,2017-02-24,4.6554486942708335,degC,expanding_prior_year_window_climatology,1.0,True,8,8,2008|2009|2010|2011|2012|2013|2014|2015,556f638b0dbd89b30685f045e99e0ba0ccaab152d4a0d20e0c5b3e1626721778,0.6760928474475402,observation_time_proxy,historical data_available_time is unknown; observation_time is a pseudo-operational proxy,5.5192921123188405,30,-0.863843418048007,12
2016-12-27T00:00:00+00:00,2016-12-26,windermere,south,water_temperature,2.0,month_3,2017-02-25,2017-03-26,5.117260767881945,degC,expanding_prior_year_window_climatology,1.0,True,8,8,2008|2009|2010|2011|2012|2013|2014|2015,c1a940c053e8f6da60491a42432ac739058f411cf3e5d88350de11f23c32d22c,0.8215129909757397,observation_time_proxy,historical data_available_time is unknown; observation_time is a pseudo-operational proxy,6.246471027777778,30,-1.1292102598958333,12
2017-01-03T00:00:00+00:00,2017-01-02,windermere,south,water_temperature,2.0,month_1,2017-01-03,2017-02-01,5.450334525848765,degC,expanding_prior_year_window_climatology,1.0,True,9,9,2008|2009|2010|2011|2012|2013|2014|2015|2016,415c6523fcdd519f4e26ea3910d58a9185bbeb566581336f34c6ccbd6489cef0,1.0291316106917885,observation_time_proxy,historical data_available_time is unknown; observation_time is a pseudo-operational proxy,6.132860472222222,30,-0.682525946373457,1
2017-01-03T00:00:00+00:00,2017-01-02,windermere,south,water_temperature,2.0,month_2,2017-02-02,2017-03-03,4.762593791666666,degC,expanding_prior_year_window_climatology,1.0,True,9,9,2008|2009|2010|2011|2012|2013|2014|2015|2016,066905f9bef99bf2aa47296bf6ced9746baac7091e11c1a314be8da60a725766,0.7789849291400786,observation_time_proxy,historical data_available_time is unknown; observation_time is a pseudo-operational proxy,5.520781751207729,30,-0.758187959541063,1
2017-01-03T00:00:00+00:00,2017-01-02,windermere,south,water_temperature,2.0,month_3,2017-03-04,2017-04-02,5.550046321450617,degC,expanding_prior_year_window_climatology,1.0,True,9,9,2008|2009|2010|2011|2012|2013|2014|2015|2016,d89e6b3d7503ba5c9234d65da12afff34f0ba6d388697783ee06dbc6284b2db7,0.9769474463810025,observation_time_proxy,historical data_available_time is unknown; observation_time is a pseudo-operational proxy,6.725220083333333,30,-1.175173761882716,1
2017-01-10T00:00:00+00:00,2017-01-09,windermere,south,water_temperature,2.0,month_1,2017-01-10,2017-02-08,5.212838038062169,degC,expanding_prior_year_window_climatology,1.0,True,9,9,2008|2009|2010|2011|2012|2013|2014|2015|2016,12c9dc3bd85d5f6048e3771a31f1a49895e6aba45b99bb900d4ce47095a72dd0,0.9561604347856517,observation_time_proxy,historical data_available_time is unknown; observation_time is a pseudo-operational proxy,5.904709708333334,30,-0.6918716702711647,1
2017-01-10T00:00:00+00:00,2017-01-09,windermere,south,water_temperature,2.0,month_2,2017-02-09,2017-03-10,4.773703525925926,degC,expanding_prior_year_window_climatology,1.0,True,9,9,2008|2009|2010|2011|2012|2013|2014|2015|2016,61d44e4d0023d07959283c721b18c330c4786f11dd940ef80efebcc592fc4169,0.753491283974984,observation_time_proxy,historical data_available_time is unknown; observation_time is a pseudo-operational proxy,5.602613848429952,30,-0.8289103225040257,1
2017-01-10T00:00:00+00:00,2017-01-09,windermere,south,water_temperature,2.0,month_3,2017-03-11,2017-04-09,5.9634630404320985,degC,expanding_prior_year_window_climatology,1.0,True,9,9,2008|2009|2010|2011|2012|2013|2014|2015|2016,45b498b1299bb8047eaad209c5d0aea926b1dd675e0f582ca0866e16d2c41f4a,1.072378090692074,observation_time_proxy,historical data_available_time is unknown; observation_time is a pseudo-operational proxy,7.402894472222222,30,-1.4394314317901236,1
2017-01-17T00:00:00+00:00,2017-01-16,windermere,south,water_temperature,2.0,month_1,2017-01-17,2017-02-15,5.012561018276014,degC,expanding_prior_year_window_climatology,1.0,True,9,9,2008|2009|2010|2011|2012|2013|2014|2015|2016,34af91f2e3977e33277f084a7287a82d7920965d24741d9ad14f1d6aaa335931,0.8794048794644815,observation_time_proxy,historical data_available_time is unknown; observation_time is a pseudo-operational proxy,5.694710890096618,30,-0.682149871820604,1
2017-01-17T00:00:00+00:00,2017-01-16,windermere,south,water_temperature,2.0,month_2,2017-02-16,2017-03-17,4.8740322143518515,degC,expanding_prior_year_window_climatology,1.0,True,9,9,2008|2009|2010|2011|2012|2013|2014|2015|2016,5753faf81bba3610570c94983d1ab4b43d1df274269df0bff0320f6c1555033c,0.7523418570458481,observation_time_proxy,historical data_available_time is unknown; observation_time is a pseudo-operational proxy,5.841557986111111,30,-0.9675257717592594,1
2017-01-17T00:00:00+00:00,2017-01-16,windermere,south,water_temperature,2.0,month_3,2017-03-18,2017-04-16,6.5310962834876545,degC,expanding_prior_year_window_climatology,1.0,True,9,9,2008|2009|2010|2011|2012|2013|2014|2015|2016,607d07f233c9da47597733f00639f8ec48c2e0494df6fd6c1a685109d1ecae95,1.1586211453689548,observation_time_proxy,historical data_available_time is unknown; observation_time is a pseudo-operational proxy,8.087721569444444,30,-1.5566252859567893,1
2017-01-24T00:00:00+00:00,2017-01-23,windermere,south,water_temperature,2.0,month_1,2017-01-24,2017-02-22,4.863609107253087,degC,expanding_prior_year_window_climatology,1.0,True,9,9,2008|2009|2010|2011|2012|2013|2014|2015|2016,bdea3f1e7c9e35c211d1f45e7a9d350859cbcdd33d85d5979ef0d37fc18871e7,0.8311811374118806,observation_time_proxy,historical data_available_time is unknown; observation_time is a pseudo-operational proxy,5.5348077373188405,30,-0.6711986300657538,1
2017-01-24T00:00:00+00:00,2017-01-23,windermere,south,water_temperature,2.0,month_2,2017-02-23,2017-03-24,5.108916546141975,degC,expanding_prior_year_window_climatology,1.0,True,9,9,2008|2009|2010|2011|2012|2013|2014|2015|2016,2563a7913843d5ab27b5f98e4f9ff6abc9912c154c6fb8b4bb5bdc352a2e21a6,0.7805040603821297,observation_time_proxy,historical data_available_time is unknown; observation_time is a pseudo-operational proxy,6.152530388888889,30,-1.0436138427469137,1
2017-01-24T00:00:00+00:00,2017-01-23,windermere,south,water_temperature,2.0,month_3,2017-03-25,2017-04-23,7.190877568365757,degC,expanding_prior_year_window_climatology,1.0,True,9,9,2008|2009|2010|2011|2012|2013|2014|2015|2016,3d9e7dc93cb0b31be18f63d5325609f60f9d934f9513ce215ff5939ed1c0aece,1.2996802159830192,observation_time_proxy,historical data_available_time is unknown; observation_time is a pseudo-operational proxy,8.809134791666667,30,-1.61825722330091,1
2017-01-31T00:00:00+00:00,2017-01-30,windermere,south,water_temperature,2.0,month_1,2017-01-31,2017-03-01,4.768566782716049,degC,expanding_prior_year_window_climatology,1.0,True,9,9,2008|2009|2010|2011|2012|2013|2014|2015|2016,1512dc0484dbf4e7dcf9dd4910d821624883ffb9f6eaf9bad3d01e4fabeb45f0,0.7911280272996967,observation_time_proxy,historical data_available_time is unknown; observation_time is a pseudo-operational proxy,5.513987584541063,30,-0.7454208018250137,1
2017-01-31T00:00:00+00:00,2017-01-30,windermere,south,water_temperature,2.0,month_2,2017-03-02,2017-03-31,5.450169199228395,degC,expanding_prior_year_window_climatology,1.0,True,9,9,2008|2009|2010|2011|2012|2013|2014|2015|2016,a92a2936adc3ffbb21db71b923eda5dbd681216f9c34eeac8d17db0dea03652a,0.9296894399990726,observation_time_proxy,historical data_available_time is unknown; observation_time is a pseudo-operational proxy,6.561632125,30,-1.1114629257716047,1
2017-01-31T00:00:00+00:00,2017-01-30,windermere,south,water_temperature,2.0,month_3,2017-04-01,2017-04-30,7.986219422222222,degC,expanding_prior_year_window_climatology,1.0,True,9,8,2008|2009|2011|2012|2013|2014|2015|2016,8da19613239f241292c22b8dfd3d409002d0def4da17b116a2933a4697490499,1.4917803701649537,observation_time_proxy,historical data_available_time is unknown; observation_time is a pseudo-operational proxy,9.435956583333333,30,-1.449737161111111,1
2017-02-07T00:00:00+00:00,2017-02-06,windermere,south,water_temperature,2.0,month_1,2017-02-07,2017-03-08,4.7632621061728395,degC,expanding_prior_year_window_climatology,1.0,True,9,9,2008|2009|2010|2011|2012|2013|2014|2015|2016,b1e23274c9af8e439cc132fb2e557848ee292c6d3b09c628841a03ede7e79f89,0.759700570507462,observation_time_proxy,historical data_available_time is unknown; observation_time is a pseudo-operational proxy,5.566960792874396,30,-0.8036986867015568,2
2017-02-07T00:00:00+00:00,2017-02-06,windermere,south,water_temperature,2.0,month_2,2017-03-09,2017-04-07,5.825357262654321,degC,expanding_prior_year_window_climatology,1.0,True,9,9,2008|2009|2010|2011|2012|2013|2014|2015|2016,2aa365e73b99c3abae6e887ef5f6495a1cbf9381bb5211714b155ab12d797dbd,1.0454753361401117,observation_time_proxy,historical data_available_time is unknown; observation_time is a pseudo-operational proxy,7.189078944444445,30,-1.3637216817901239,2
2017-02-07T00:00:00+00:00,2017-02-06,windermere,south,water_temperature,2.0,month_3,2017-04-08,2017-05-07,8.746068839756944,degC,expanding_prior_year_window_climatology,1.0,True,9,8,2008|2009|2011|2012|2013|2014|2015|2016,50066608f7c60e31b3a93204dcc3d010b6c152ad41ef993d60b4c5365c6dd482,1.6557031133904334,observation_time_proxy,historical data_available_time is unknown; observation_time is a pseudo-operational proxy,9.912448888888889,30,-1.166380049131945,2
2017-02-14T00:00:00+00:00,2017-02-13,windermere,south,water_temperature,2.0,month_1,2017-02-14,2017-03-15,4.8358353945987655,degC,expanding_prior_year_window_climatology,1.0,True,9,9,2008|2009|2010|2011|2012|2013|2014|2015|2016,753dbeb078cb61a4f780ddfb0b9b2720ce6d318f436b38f524a29049bbccd9aa,0.7525983540072564,observation_time_proxy,historical data_available_time is unknown; observation_time is a pseudo-operational proxy,5.772459847222223,30,-0.9366244526234571,2
2017-02-14T00:00:00+00:00,2017-02-13,windermere,south,water_temperature,2.0,month_2,2017-03-16,2017-04-14,6.359893049537037,degC,expanding_prior_year_window_climatology,1.0,True,9,9,2008|2009|2010|2011|2012|2013|2014|2015|2016,468ca76576f7aaaff98881258a438abb8ff7ae67468be6365f89a37353e62772,1.1285136527785957,observation_time_proxy,historical data_available_time is unknown; observation_time is a pseudo-operational proxy,7.895531625,30,-1.5356385754629631,2
2017-02-14T00:00:00+00:00,2017-02-13,windermere,south,water_temperature,2.0,month_3,2017-04-15,2017-05-14,9.596311494791667,degC,expanding_prior_year_window_climatology,1.0,True,9,8,2008|2009|2011|2012|2013|2014|2015|2016,94a8ac0a5f1121aa5ed62e1cfbd0b7672f8871fce2532e29920df1288b8fe128,1.602466483413888,observation_time_proxy,historical data_available_time is unknown; observation_time is a pseudo-operational proxy,10.550248791666666,30,-0.9539372968749991,2
2017-02-21T00:00:00+00:00,2017-02-20,windermere,south,water_temperature,2.0,month_1,2017-02-21,2017-03-22,5.031496602314815,degC,expanding_prior_year_window_climatology,1.0,True,9,9,2008|2009|2010|2011|2012|2013|2014|2015|2016,a139426fd1d8b930d1df1765b95d5244f97fa356119997b6b9eb36b322debc01,0.7654632249145739,observation_time_proxy,historical data_available_time is unknown; observation_time is a pseudo-operational proxy,6.071947777777778,30,-1.0404511754629633,2
2017-02-21T00:00:00+00:00,2017-02-20,windermere,south,water_temperature,2.0,month_2,2017-03-23,2017-04-21,6.991056997276887,degC,expanding_prior_year_window_climatology,1.0,True,9,9,2008|2009|2010|2011|2012|2013|2014|2015|2016,11843886a3f09eb6b4a11b622952402261c036aa740bf47e0d5e6dfc76840009,1.2474056388890922,observation_time_proxy,historical data_available_time is unknown; observation_time is a pseudo-operational proxy,8.571409694444444,30,-1.580352697167557,2
2017-02-21T00:00:00+00:00,2017-02-20,windermere,south,water_temperature,2.0,month_3,2017-04-22,2017-05-21,10.45021945625,degC,expanding_prior_year_window_climatology,1.0,True,9,8,2008|2009|2011|2012|2013|2014|2015|2016,d7e81a332f702d44d1657c0872e6546a5d5192cefb0eeb0d02a3b12c1115b0c2,1.5330889580179947,observation_time_proxy,historical data_available_time is unknown; observation_time is a pseudo-operational proxy,11.258143569444444,30,-0.8079241131944439,2
2017-02-28T00:00:00+00:00,2017-02-27,windermere,south,water_temperature,2.0,month_1,2017-02-28,2017-03-29,5.330831330401234,degC,expanding_prior_year_window_climatology,1.0,True,9,9,2008|2009|2010|2011|2012|2013|2014|2015|2016,ff5cadb88fe1066eee4bbcb559b035cf53480ab90f52ad67dcce50d167c0f917,0.8515619035149977,observation_time_proxy,historical data_available_time is unknown; observation_time is a pseudo-operational proxy,6.446182986111111,30,-1.115351655709877,2
2017-02-28T00:00:00+00:00,2017-02-27,windermere,south,water_temperature,2.0,month_2,2017-03-30,2017-04-28,7.7837950750000005,degC,expanding_prior_year_window_climatology,1.0,True,9,8,2008|2009|2011|2012|2013|2014|2015|2016,0050da3d77ac6f0406dac51e5e7aac6ccae83f81b1f922cf850389047e77b244,1.4438472265996571,observation_time_proxy,historical data_available_time is unknown; observation_time is a pseudo-operational proxy,9.249836083333333,30,-1.4660410083333328,2
2017-02-28T00:00:00+00:00,2017-02-27,windermere,south,water_temperature,2.0,month_3,2017-04-29,2017-05-28,11.398817048357584,degC,expanding_prior_year_window_climatology,1.0,True,9,9,2008|2009|2010|2011|2012|2013|2014|2015|2016,a73a1f2c724b1d575ba15a8ef4da176116d2563708d3ee5f594b4c979e45baee,1.298200695906172,observation_time_proxy,historical data_available_time is unknown; observation_time is a pseudo-operational proxy,12.360250666666667,30,-0.9614336183090835,2
2017-03-07T00:00:00+00:00,2017-03-06,windermere,south,water_temperature,2.0,month_1,2017-03-07,2017-04-05,5.711157891203704,degC,expanding_prior_year_window_climatology,1.0,True,9,9,2008|2009|2010|2011|2012|2013|2014|2015|2016,bfb44ec6ecb08514bddf120712b1dd7a00b0d0d79eb3011ae801aee4f496fb42,1.0223857217539831,observation_time_proxy,historical data_available_time is unknown; observation_time is a pseudo-operational proxy,6.986968347222222,30,-1.275810456018518,3
2017-03-07T00:00:00+00:00,2017-03-06,windermere,south,water_temperature,2.0,month_2,2017-04-06,2017-05-05,8.506598426388889,degC,expanding_prior_year_window_climatology,1.0,True,9,8,2008|2009|2011|2012|2013|2014|2015|2016,cd63f5c1b664661cc6ceb9cd21850ad98ece75d7244ecbd84c0d4a9c80ed3a3b,1.6309116227241853,observation_time_proxy,historical data_available_time is unknown; observation_time is a pseudo-operational proxy,9.779612847222221,30,-1.2730144208333325,3
2017-03-07T00:00:00+00:00,2017-03-06,windermere,south,water_temperature,2.0,month_3,2017-05-06,2017-06-04,12.46644554958493,degC,expanding_prior_year_window_climatology,1.0,True,9,9,2008|2009|2010|2011|2012|2013|2014|2015|2016,e32d06515c3ae4929ced357470e78604ade2f149c5cf309ab04303176f6f78c8,1.2672279377836941,observation_time_proxy,historical data_available_time is unknown; observation_time is a pseudo-operational proxy,13.864286694444445,30,-1.3978411448595143,3
2017-03-14T00:00:00+00:00,2017-03-13,windermere,south,water_temperature,2.0,month_1,2017-03-14,2017-04-12,6.197688266512346,degC,expanding_prior_year_window_climatology,1.0,True,9,9,2008|2009|2010|2011|2012|2013|2014|2015|2016,352c07989608008f881934249343076aa4ec14e50ded9065d835830c9e2691e5,1.1027219633156615,observation_time_proxy,historical data_available_time is unknown; observation_time is a pseudo-operational proxy,7.6938922638888885,30,-1.4962039973765426,3
2017-03-14T00:00:00+00:00,2017-03-13,windermere,south,water_temperature,2.0,month_2,2017-04-13,2017-05-12,9.345998041145833,degC,expanding_prior_year_window_climatology,1.0,True,9,8,2008|2009|2011|2012|2013|2014|2015|2016,6e75297ede934a8e73fba55a06dbf378b1fe09d50497f12195247c2a94e00b35,1.614296184813849,observation_time_proxy,historical data_available_time is unknown; observation_time is a pseudo-operational proxy,10.360107652777778,30,-1.0141096116319446,3
2017-03-14T00:00:00+00:00,2017-03-13,windermere,south,water_temperature,2.0,month_3,2017-05-13,2017-06-11,13.692755908636654,degC,expanding_prior_year_window_climatology,1.0,True,9,9,2008|2009|2010|2011|2012|2013|2014|2015|2016,7c23882d0af043dc932905bd899c6573caa4618944f9223bfe60f57c492e542d,1.3011531055925856,observation_time_proxy,historical data_available_time is unknown; observation_time is a pseudo-operational proxy,14.812927444444444,30,-1.1201715358077902,3
2017-03-21T00:00:00+00:00,2017-03-20,windermere,south,water_temperature,2.0,month_1,2017-03-21,2017-04-19,6.795641091049383,degC,expanding_prior_year_window_climatology,1.0,True,9,9,2008|2009|2010|2011|2012|2013|2014|2015|2016,f38ef33d3d8418865a12edb53e4e407eb61ff82b1c0fdebfcf62a03db19ed853,1.2021997715118673,observation_time_proxy,historical data_available_time is unknown; observation_time is a pseudo-operational proxy,8.37175625,30,-1.5761151589506177,3
2017-03-21T00:00:00+00:00,2017-03-20,windermere,south,water_temperature,2.0,month_2,2017-04-20,2017-05-19,10.219317582465278,degC,expanding_prior_year_window_climatology,1.0,True,9,8,2008|2009|2011|2012|2013|2014|2015|2016,ed0199195f71deb4b68feed564421120856682904a623d8503e6ea58f008b82e,1.5569076778368038,observation_time_proxy,historical data_available_time is unknown; observation_time is a pseudo-operational proxy,11.047888527777777,30,-0.8285709453124994,3
2017-03-21T00:00:00+00:00,2017-03-20,windermere,south,water_temperature,2.0,month_3,2017-05-20,2017-06-18,14.795773462180716,degC,expanding_prior_year_window_climatology,1.0,True,9,9,2008|2009|2010|2011|2012|2013|2014|2015|2016,ebfe94137057c4a8a9c6689caa3a716b9305abc65068ee1242e6330ca03d3142,1.3277803768062646,observation_time_proxy,historical data_available_time is unknown; observation_time is a pseudo-operational proxy,15.517283305555555,30,-0.7215098433748395,3
2017-03-28T00:00:00+00:00,2017-03-27,windermere,south,water_temperature,2.0,month_1,2017-03-28,2017-04-26,7.583702480902778,degC,expanding_prior_year_window_climatology,1.0,True,9,8,2008|2009|2011|2012|2013|2014|2015|2016,f91a24710d2bead40b55d42933e42547f153a44aa316df74c0bbebd2f02fdf0f,1.4140037455016095,observation_time_proxy,historical data_available_time is unknown; observation_time is a pseudo-operational proxy,9.095053277777778,30,-1.511350796875,3
2017-03-28T00:00:00+00:00,2017-03-27,windermere,south,water_temperature,2.0,month_2,2017-04-27,2017-05-26,11.069772435069444,degC,expanding_prior_year_window_climatology,1.0,True,9,8,2008|2009|2011|2012|2013|2014|2015|2016,036b33489ab3b21c97708eaa96639fd90e2d9e89970083375847c5b4833aa8bc,1.4084208633867472,observation_time_proxy,historical data_available_time is unknown; observation_time is a pseudo-operational proxy,11.945352513888889,30,-0.8755800788194446,3
2017-03-28T00:00:00+00:00,2017-03-27,windermere,south,water_temperature,2.0,month_3,2017-05-27,2017-06-25,15.625371089793529,degC,expanding_prior_year_window_climatology,1.0,True,9,9,2008|2009|2010|2011|2012|2013|2014|2015|2016,51c6f42935e66c188359d05d50266bf5f9f7d1f0ba13249a46bb2642e4878d13,1.3297946047002316,observation_time_proxy,historical data_available_time is unknown; observation_time is a pseudo-operational proxy,16.53497526388889,30,-0.9096041740953602,3
2017-04-04T00:00:00+00:00,2017-04-03,windermere,south,water_temperature,2.0,month_1,2017-04-04,2017-05-03,8.288091722395833,degC,expanding_prior_year_window_climatology,1.0,True,9,8,2008|2009|2011|2012|2013|2014|2015|2016,5043097dc3cc429deef37fd6c44d9b0e817774335a1683090072473c21d3e8fa,1.5764373654107875,observation_time_proxy,historical data_available_time is unknown; observation_time is a pseudo-operational proxy,9.650212819444445,30,-1.362121097048611,4
2017-04-04T00:00:00+00:00,2017-04-03,windermere,south,water_temperature,2.0,month_2,2017-05-04,2017-06-02,12.117285659998936,degC,expanding_prior_year_window_climatology,1.0,True,9,9,2008|2009|2010|2011|2012|2013|2014|2015|2016,fff66b665d558900ef6f64e3f2b49962525d91f2ba214c0d5d5374dc718ba441,1.2624059381416137,observation_time_proxy,historical data_available_time is unknown; observation_time is a pseudo-operational proxy,13.436803263888889,30,-1.3195176038899525,4
2017-04-04T00:00:00+00:00,2017-04-03,windermere,south,water_temperature,2.0,month_3,2017-06-03,2017-07-02,16.359062572530863,degC,expanding_prior_year_window_climatology,1.0,True,9,9,2008|2009|2010|2011|2012|2013|2014|2015|2016,454946d7c03d032570ffcbfdba7736c4719aec42a3cb84d0097ff65115607592,1.3884367768335404,observation_time_proxy,historical data_available_time is unknown; observation_time is a pseudo-operational proxy,16.547480083333333,30,-0.18841751080246993,4
2017-04-11T00:00:00+00:00,2017-04-10,windermere,south,water_temperature,2.0,month_1,2017-04-11,2017-05-10,9.104199405034722,degC,expanding_prior_year_window_climatology,1.0,True,9,8,2008|2009|2011|2012|2013|2014|2015|2016,4dbb66c354f8de7cf02d967df7c79aa2cd87fc65e61223f0df3f9fabf914f45e,1.6448149082397467,observation_time_proxy,historical data_available_time is unknown; observation_time is a pseudo-operational proxy,10.140283930555556,30,-1.0360845255208346,4
2017-04-11T00:00:00+00:00,2017-04-10,windermere,south,water_temperature,2.0,month_2,2017-05-11,2017-06-09,13.34307297070562,degC,expanding_prior_year_window_climatology,1.0,True,9,9,2008|2009|2010|2011|2012|2013|2014|2015|2016,38de7d87c9255ac51966eedf17d9572cbec8f9a6c390dc89d24c6c2e88bad1a4,1.3043680485071893,observation_time_proxy,historical data_available_time is unknown; observation_time is a pseudo-operational proxy,14.643771597222223,30,-1.3006986265166027,4
2017-04-11T00:00:00+00:00,2017-04-10,windermere,south,water_temperature,2.0,month_3,2017-06-10,2017-07-09,16.79718911560655,degC,expanding_prior_year_window_climatology,1.0,True,9,9,2008|2009|2010|2011|2012|2013|2014|2015|2016,1151c89b270238d2fc1282378ca5bd34d965f763ba1d502f9866f48ccc92c672,1.3416026041525404,observation_time_proxy,historical data_available_time is unknown; observation_time is a pseudo-operational proxy,16.668192652777776,30,0.12899646282877342,4
2017-04-18T00:00:00+00:00,2017-04-17,windermere,south,water_temperature,2.0,month_1,2017-04-18,2017-05-17,9.980473318402778,degC,expanding_prior_year_window_climatology,1.0,True,9,8,2008|2009|2011|2012|2013|2014|2015|2016,2ea43cc43ef5bb689abb0dbc1aa09956b11b6c28052ea08c58f58215930fcb61,1.5727481857979164,observation_time_proxy,historical data_available_time is unknown; observation_time is a pseudo-operational proxy,10.833061402777778,30,-0.8525880843750002,4
2017-04-18T00:00:00+00:00,2017-04-17,windermere,south,water_temperature,2.0,month_2,2017-05-18,2017-06-16,14.495759634669009,degC,expanding_prior_year_window_climatology,1.0,True,9,9,2008|2009|2010|2011|2012|2013|2014|2015|2016,e8e62f8b6cc33cbe0164999701e53c8cceb9d614237ba4f490752a123b24bd75,1.3183698309567486,observation_time_proxy,historical data_available_time is unknown; observation_time is a pseudo-operational proxy,15.309612569444445,30,-0.8138529347754364,4
2017-04-18T00:00:00+00:00,2017-04-17,windermere,south,water_temperature,2.0,month_3,2017-06-17,2017-07-16,17.24037820749768,degC,expanding_prior_year_window_climatology,1.0,True,9,9,2008|2009|2010|2011|2012|2013|2014|2015|2016,770c9aede4166af48246da7e8b2708d61e976ef49742544c09e7eaca6266f6bb,1.4356509725521254,observation_time_proxy,historical data_available_time is unknown; observation_time is a pseudo-operational proxy,17.264949875,30,-0.024571667502318206,4
2017-04-25T00:00:00+00:00,2017-04-24,windermere,south,water_temperature,2.0,month_1,2017-04-25,2017-05-24,10.809144846875,degC,expanding_prior_year_window_climatology,1.0,True,9,8,2008|2009|2011|2012|2013|2014|2015|2016,b592ab345ced6ab026ea44cf0e71a428daae68a77a217fb1067fede48499a357,1.461703917111888,observation_time_proxy,historical data_available_time is unknown; observation_time is a pseudo-operational proxy,11.569150791666667,30,-0.7600059447916667,4
2017-04-25T00:00:00+00:00,2017-04-24,windermere,south,water_temperature,2.0,month_2,2017-05-25,2017-06-23,15.418446151628354,degC,expanding_prior_year_window_climatology,1.0,True,9,9,2008|2009|2010|2011|2012|2013|2014|2015|2016,5740c25b4336fe8a371c5903e0f4891122bd1ff4a1fb3f06de27342bfc56322e,1.3220257705190075,observation_time_proxy,historical data_available_time is unknown; observation_time is a pseudo-operational proxy,16.40417822222222,30,-0.9857320705938672,4
2017-04-25T00:00:00+00:00,2017-04-24,windermere,south,water_temperature,2.0,month_3,2017-06-24,2017-07-23,17.64721162262114,degC,expanding_prior_year_window_climatology,1.0,True,9,9,2008|2009|2010|2011|2012|2013|2014|2015|2016,557066500c7bdd1fecdf340f5a4150774e6ed21db20609994faf9449687e0e50,1.4934867118684139,observation_time_proxy,historical data_available_time is unknown; observation_time is a pseudo-operational proxy,17.51571511111111,30,0.13149651151002928,4
2017-05-02T00:00:00+00:00,2017-05-01,windermere,south,water_temperature,2.0,month_1,2017-05-02,2017-05-31,11.82015923595679,degC,expanding_prior_year_window_climatology,1.0,True,9,9,2008|2009|2010|2011|2012|2013|2014|2015|2016,8e5f238ae79e96ac5c71749f0a294ac87b9c42949c833e3843441b192e8f6ef4,1.2661986546889048,observation_time_proxy,historical data_available_time is unknown; observation_time is a pseudo-operational proxy,13.005044930555556,30,-1.1848856945987656,5
2017-05-02T00:00:00+00:00,2017-05-01,windermere,south,water_temperature,2.0,month_2,2017-06-01,2017-06-30,16.156203366219668,degC,expanding_prior_year_window_climatology,1.0,True,9,9,2008|2009|2010|2011|2012|2013|2014|2015|2016,2a08a97b6cfb404f3cb3bf18d52492d61df4ba153a03f27455b50f80daa240a4,1.3749784764875794,observation_time_proxy,historical data_available_time is unknown; observation_time is a pseudo-operational proxy,16.581647277777776,30,-0.42544391155810857,5
2017-05-02T00:00:00+00:00,2017-05-01,windermere,south,water_temperature,2.0,month_3,2017-07-01,2017-07-30,18.085925227890097,degC,expanding_prior_year_window_climatology,1.0,True,9,9,2008|2009|2010|2011|2012|2013|2014|2015|2016,10afd6c914919b3467419915734896849526570082f4e50582b3dce61d3e8d4e,1.4871495425877874,observation_time_proxy,historical data_available_time is unknown; observation_time is a pseudo-operational proxy,17.76727836111111,30,0.31864686677898746,5
2017-05-09T00:00:00+00:00,2017-05-08,windermere,south,water_temperature,2.0,month_1,2017-05-09,2017-06-07,12.991255626596423,degC,expanding_prior_year_window_climatology,1.0,True,9,9,2008|2009|2010|2011|2012|2013|2014|2015|2016,066bcf9332a14c6b2b3642447178c1c652188a2226d8a79f06c23f1ed2d867de,1.293835691964294,observation_time_proxy,historical data_available_time is unknown; observation_time is a pseudo-operational proxy,14.39844838888889,30,-1.4071927622924658,5
2017-05-09T00:00:00+00:00,2017-05-08,windermere,south,water_temperature,2.0,month_2,2017-06-08,2017-07-07,16.684465334742352,degC,expanding_prior_year_window_climatology,1.0,True,9,9,2008|2009|2010|2011|2012|2013|2014|2015|2016,ab4350d5df4fa8ea78da33fc026e38431e8f7055c44d3ed658d1703914e5751d,1.3531415612902402,observation_time_proxy,historical data_available_time is unknown; observation_time is a pseudo-operational proxy,16.568796513888888,30,0.11566882085346464,5
2017-05-09T00:00:00+00:00,2017-05-08,windermere,south,water_temperature,2.0,month_3,2017-07-08,2017-08-06,18.288346693632757,degC,expanding_prior_year_window_climatology,1.0,True,9,9,2008|2009|2010|2011|2012|2013|2014|2015|2016,2310684f7abe3f78ad495d55e66c2c4d5a541770f72feebd7fe8d87e501fe710,1.6192931762439156,observation_time_proxy,historical data_available_time is unknown; observation_time is a pseudo-operational proxy,17.94904190277778,30,0.3393047908549782,5
2017-05-16T00:00:00+00:00,2017-05-15,windermere,south,water_temperature,2.0,month_1,2017-05-16,2017-06-14,14.182912279698808,degC,expanding_prior_year_window_climatology,1.0,True,9,9,2008|2009|2010|2011|2012|2013|2014|2015|2016,b0586f6a8946332c90c8715996ca06c15938574c83e6a0b2c01dc0183906dc5c,1.309688218700518,observation_time_proxy,historical data_available_time is unknown; observation_time is a pseudo-operational proxy,15.111672152777778,30,-0.9287598730789703,5
2017-05-16T00:00:00+00:00,2017-05-15,windermere,south,water_temperature,2.0,month_2,2017-06-15,2017-07-14,17.12042774299151,degC,expanding_prior_year_window_climatology,1.0,True,9,9,2008|2009|2010|2011|2012|2013|2014|2015|2016,979ab507a824e0be00767a26b10a5e378dd69e30b6d03d92c20f6b7b181c5346,1.4107226827613297,observation_time_proxy,historical data_available_time is unknown; observation_time is a pseudo-operational proxy,17.09803240277778,30,0.022395340213730464,5
2017-05-16T00:00:00+00:00,2017-05-15,windermere,south,water_temperature,2.0,month_3,2017-07-15,2017-08-13,18.281919322420634,degC,expanding_prior_year_window_climatology,1.0,True,9,9,2008|2009|2010|2011|2012|2013|2014|2015|2016,4601de8347a31bc1a97daa87dede50b8b43f6f8a6831c69e849f5041bfe9e887,1.4760282582098911,observation_time_proxy,historical data_available_time is unknown; observation_time is a pseudo-operational proxy,17.8683455,30,0.41357382242063423,5
2017-05-23T00:00:00+00:00,2017-05-22,windermere,south,water_temperature,2.0,month_1,2017-05-23,2017-06-21,15.202591760073435,degC,expanding_prior_year_window_climatology,1.0,True,9,9,2008|2009|2010|2011|2012|2013|2014|2015|2016,b8f745a7b55153a6fb86146428b54724860e30a4d528ad7b6e96fc20cd837e6a,1.3324668025028676,observation_time_proxy,historical data_available_time is unknown; observation_time is a pseudo-operational proxy,16.08714825,30,-0.8845564899265632,5
2017-05-23T00:00:00+00:00,2017-05-22,windermere,south,water_temperature,2.0,month_2,2017-06-22,2017-07-21,17.519508008423607,degC,expanding_prior_year_window_climatology,1.0,True,9,9,2008|2009|2010|2011|2012|2013|2014|2015|2016,8d914870773c4c5d2151b7b474b8eb37441edd3511ec3f82be8ddb1c50a8072d,1.4796663963335965,observation_time_proxy,historical data_available_time is unknown; observation_time is a pseudo-operational proxy,17.495163263888887,30,0.024344744534719354,5
2017-05-23T00:00:00+00:00,2017-05-22,windermere,south,water_temperature,2.0,month_3,2017-07-22,2017-08-20,18.183570213844796,degC,expanding_prior_year_window_climatology,1.0,True,9,9,2008|2009|2010|2011|2012|2013|2014|2015|2016,1d9423c91c7ef4baf7409c586c5551577ebf70f2811b3a28f51a6f03ae93454c,1.132677173925555,observation_time_proxy,historical data_available_time is unknown; observation_time is a pseudo-operational proxy,17.52161290277778,30,0.6619573110670167,5
2017-05-30T00:00:00+00:00,2017-05-29,windermere,south,water_temperature,2.0,month_1,2017-05-30,2017-06-28,15.953159102703278,degC,expanding_prior_year_window_climatology,1.0,True,9,9,2008|2009|2010|2011|2012|2013|2014|2015|2016,d7c3e7c08cc43a3ae896ed1a119c473c299d383af38973beee411963229db365,1.3499800230716077,observation_time_proxy,historical data_available_time is unknown; observation_time is a pseudo-operational proxy,16.60505211111111,30,-0.651893008407832,5
2017-05-30T00:00:00+00:00,2017-05-29,windermere,south,water_temperature,2.0,month_2,2017-06-29,2017-07-28,17.976828177074403,degC,expanding_prior_year_window_climatology,1.0,True,9,9,2008|2009|2010|2011|2012|2013|2014|2015|2016,d52ce11f1a280759f962f62c6292c798326716fbea6a41d0349dbdcbe57ca65b,1.485114457024094,observation_time_proxy,historical data_available_time is unknown; observation_time is a pseudo-operational proxy,17.67573009722222,30,0.3010980798521814,5
2017-05-30T00:00:00+00:00,2017-05-29,windermere,south,water_temperature,2.0,month_3,2017-07-29,2017-08-27,17.88943644863316,degC,expanding_prior_year_window_climatology,1.0,True,9,9,2008|2009|2010|2011|2012|2013|2014|2015|2016,2747abd8ac7890fcd71ac3891c44ea515bbc87d3228e9a86c4757e61d46047bb,0.7090912280355396,observation_time_proxy,historical data_available_time is unknown; observation_time is a pseudo-operational proxy,17.263153236111112,30,0.626283212522047,5
2017-06-06T00:00:00+00:00,2017-06-05,windermere,south,water_temperature,2.0,month_1,2017-06-06,2017-07-05,16.568057052469136,degC,expanding_prior_year_window_climatology,1.0,True,9,9,2008|2009|2010|2011|2012|2013|2014|2015|2016,2aeacc5900fd3dbc1c7f8e03a37edd55f399d3c7c28f79bd86d7083a8085d1f4,1.3772040021093352,observation_time_proxy,historical data_available_time is unknown; observation_time is a pseudo-operational proxy,16.51021684722222,30,0.05784020524691513,6
2017-06-06T00:00:00+00:00,2017-06-05,windermere,south,water_temperature,2.0,month_2,2017-07-06,2017-08-04,18.238952958599974,degC,expanding_prior_year_window_climatology,1.0,True,9,9,2008|2009|2010|2011|2012|2013|2014|2015|2016,fd97359bd85277e22f232f6bf03caabcafd8c7be052d491af77294db5946c704,1.590530345539356,observation_time_proxy,historical data_available_time is unknown; observation_time is a pseudo-operational proxy,17.936712458333332,30,0.30224050026664173,6
2017-06-06T00:00:00+00:00,2017-06-05,windermere,south,water_temperature,2.0,month_3,2017-08-05,2017-09-03,17.557744473324515,degC,expanding_prior_year_window_climatology,1.0,True,9,9,2008|2009|2010|2011|2012|2013|2014|2015|2016,840590249028030d5bcadaf83a1636403b1e27889d00200f7811ce4405650ac3,0.537446772797745,observation_time_proxy,historical data_available_time is unknown; observation_time is a pseudo-operational proxy,17.2005575,30,0.35718697332451654,6
2017-06-13T00:00:00+00:00,2017-06-12,windermere,south,water_temperature,2.0,month_1,2017-06-13,2017-07-12,16.98552484021373,degC,expanding_prior_year_window_climatology,1.0,True,9,9,2008|2009|2010|2011|2012|2013|2014|2015|2016,d6645a06b9e97ad811f932f728edf12598ab8e5dc603fb4e00d1e107534a1b89,1.3743771916836993,observation_time_proxy,historical data_available_time is unknown; observation_time is a pseudo-operational proxy,16.91725836111111,30,0.06826647910262196,6
2017-06-13T00:00:00+00:00,2017-06-12,windermere,south,water_temperature,2.0,month_2,2017-07-13,2017-08-11,18.308477382164902,degC,expanding_prior_year_window_climatology,1.0,True,9,9,2008|2009|2010|2011|2012|2013|2014|2015|2016,dc08dfa0368ff67fec098525ec5b23a1b169e9ee1e0385c4d88cf66463ff1bfa,1.5604895913673684,observation_time_proxy,historical data_available_time is unknown; observation_time is a pseudo-operational proxy,17.905703972222224,30,0.40277340994267874,6
2017-06-13T00:00:00+00:00,2017-06-12,windermere,south,water_temperature,2.0,month_3,2017-08-12,2017-09-10,17.22979402777778,degC,expanding_prior_year_window_climatology,1.0,True,9,9,2008|2009|2010|2011|2012|2013|2014|2015|2016,70982189ed7981074814ca316e165152aea3dfa7238a3391111f8935fb0103e1,0.6189172604270432,observation_time_proxy,historical data_available_time is unknown; observation_time is a pseudo-operational proxy,17.07392286111111,30,0.15587116666666745,6
2017-06-20T00:00:00+00:00,2017-06-19,windermere,south,water_temperature,2.0,month_1,2017-06-20,2017-07-19,17.404975388053238,degC,expanding_prior_year_window_climatology,1.0,True,9,9,2008|2009|2010|2011|2012|2013|2014|2015|2016,31b381581f914e9810b5d493bb4061490d1d046a40638c1df6653729bcea0ed8,1.459333736782944,observation_time_proxy,historical data_available_time is unknown; observation_time is a pseudo-operational proxy,17.520449222222222,30,-0.11547383416898427,6
2017-06-20T00:00:00+00:00,2017-06-19,windermere,south,water_temperature,2.0,month_2,2017-07-20,2017-08-18,18.235893366291887,degC,expanding_prior_year_window_climatology,1.0,True,9,9,2008|2009|2010|2011|2012|2013|2014|2015|2016,933fa01482f17b150377b4ff0496b7c78fab44dff978a8452a619a68020fe2f5,1.2573819861394393,observation_time_proxy,historical data_available_time is unknown; observation_time is a pseudo-operational proxy,17.647528569444443,30,0.5883647968474435,6
2017-06-20T00:00:00+00:00,2017-06-19,windermere,south,water_temperature,2.0,month_3,2017-08-19,2017-09-17,16.85203149537037,degC,expanding_prior_year_window_climatology,1.0,True,9,9,2008|2009|2010|2011|2012|2013|2014|2015|2016,4366f8ef1e92412bb9597fe743c6c9667ec0d453835624789951d28abdcf539c,0.6827353014459345,observation_time_proxy,historical data_available_time is unknown; observation_time is a pseudo-operational proxy,16.7159315,30,0.136099995370369,6
2017-06-27T00:00:00+00:00,2017-06-26,windermere,south,water_temperature,2.0,month_1,2017-06-27,2017-07-26,17.846178923547065,degC,expanding_prior_year_window_climatology,1.0,True,9,9,2008|2009|2010|2011|2012|2013|2014|2015|2016,5bca2b38f38c732545077273e692058c293a3026b7303675715ad88743d80ce4,1.4955914124431817,observation_time_proxy,historical data_available_time is unknown; observation_time is a pseudo-operational proxy,17.626099902777778,30,0.22007902076928687,6
2017-06-27T00:00:00+00:00,2017-06-26,windermere,south,water_temperature,2.0,month_2,2017-07-27,2017-08-25,17.99344687808642,degC,expanding_prior_year_window_climatology,1.0,True,9,9,2008|2009|2010|2011|2012|2013|2014|2015|2016,b3abeaa9db8198eec16d31010e6aa08de3f31431b56506564bc9867d8d7b6d1a,0.8004379340169405,observation_time_proxy,historical data_available_time is unknown; observation_time is a pseudo-operational proxy,17.297463597222222,30,0.6959832808641977,6
2017-06-27T00:00:00+00:00,2017-06-26,windermere,south,water_temperature,2.0,month_3,2017-08-26,2017-09-24,16.41005175154321,degC,expanding_prior_year_window_climatology,1.0,True,9,9,2008|2009|2010|2011|2012|2013|2014|2015|2016,56ccfc18215f110a726f95a52f578fc6ac8712363b0dc0970e130754cfa61d1c,0.7909093292471001,observation_time_proxy,historical data_available_time is unknown; observation_time is a pseudo-operational proxy,16.240090944444443,30,0.16996080709876793,6
2017-07-04T00:00:00+00:00,2017-07-03,windermere,south,water_temperature,2.0,month_1,2017-07-04,2017-08-02,18.18399682830897,degC,expanding_prior_year_window_climatology,1.0,True,9,9,2008|2009|2010|2011|2012|2013|2014|2015|2016,1a048a68281d8148758fb37979c95b23919369f21667f1b88ac8a818b927ad93,1.539568932839619,observation_time_proxy,historical data_available_time is unknown; observation_time is a pseudo-operational proxy,17.879691680555556,30,0.3043051477534142,7
2017-07-04T00:00:00+00:00,2017-07-03,windermere,south,water_temperature,2.0,month_2,2017-08-03,2017-09-01,17.64576541622575,degC,expanding_prior_year_window_climatology,1.0,True,9,9,2008|2009|2010|2011|2012|2013|2014|2015|2016,c62ed3950d732bab02bcf23c179d13be4f946ceb3bb616e2d50f3b38a0d89e74,0.56964170645152,observation_time_proxy,historical data_available_time is unknown; observation_time is a pseudo-operational proxy,17.206233722222223,30,0.4395316940035272,7
2017-07-04T00:00:00+00:00,2017-07-03,windermere,south,water_temperature,2.0,month_3,2017-09-02,2017-10-01,15.902046473765433,degC,expanding_prior_year_window_climatology,1.0,True,9,9,2008|2009|2010|2011|2012|2013|2014|2015|2016,9c443dfa60f04205fcd7981f173a06081c2e804e6d8fc72f0babff4bc085cf38,0.8716562346618917,observation_time_proxy,historical data_available_time is unknown; observation_time is a pseudo-operational proxy,15.700652736111111,30,0.20139373765432111,7
2017-07-11T00:00:00+00:00,2017-07-10,windermere,south,water_temperature,2.0,month_1,2017-07-11,2017-08-09,18.322764916406125,degC,expanding_prior_year_window_climatology,1.0,True,9,9,2008|2009|2010|2011|2012|2013|2014|2015|2016,be625c42b083dad095a81ac743b5c30e0f5b85515dfd6a27a01eede3a01ef90e,1.6165626899425753,observation_time_proxy,historical data_available_time is unknown; observation_time is a pseudo-operational proxy,17.936421680555554,30,0.3863432358505712,7
2017-07-11T00:00:00+00:00,2017-07-10,windermere,south,water_temperature,2.0,month_2,2017-08-10,2017-09-08,17.32527685339506,degC,expanding_prior_year_window_climatology,1.0,True,9,9,2008|2009|2010|2011|2012|2013|2014|2015|2016,7df388bb867a7588b7c7337686a00daab42006ca7834df288fbe602c333327fe,0.5906170945261947,observation_time_proxy,historical data_available_time is unknown; observation_time is a pseudo-operational proxy,17.13283158333333,30,0.19244527006172873,7
2017-07-11T00:00:00+00:00,2017-07-10,windermere,south,water_temperature,2.0,month_3,2017-09-09,2017-10-08,15.316720438271604,degC,expanding_prior_year_window_climatology,1.0,True,9,9,2008|2009|2010|2011|2012|2013|2014|2015|2016,14849aaf47d19cb1a45ffd75b7c734c25e4b9c5a0d8cfcd37ea2437353f4df16,0.8638668858896731,observation_time_proxy,historical data_available_time is unknown; observation_time is a pseudo-operational proxy,14.997191472222223,30,0.31952896604938097,7
2017-07-18T00:00:00+00:00,2017-07-17,windermere,south,water_temperature,2.0,month_1,2017-07-18,2017-08-16,18.256542968474427,degC,expanding_prior_year_window_climatology,1.0,True,9,9,2008|2009|2010|2011|2012|2013|2014|2015|2016,34f7b6af350f416e96995e658d85ffe3be765c2c3a58142c7311ba6000a568c8,1.3714433951615708,observation_time_proxy,historical data_available_time is unknown; observation_time is a pseudo-operational proxy,17.78753638888889,30,0.46900657958553893,7
2017-07-18T00:00:00+00:00,2017-07-17,windermere,south,water_temperature,2.0,month_2,2017-08-17,2017-09-15,16.970767552469134,degC,expanding_prior_year_window_climatology,1.0,True,9,9,2008|2009|2010|2011|2012|2013|2014|2015|2016,0016c621ea42e5d0d50eb313c43d30c24c62d6383e5bfb047f17fab7e1a243ec,0.6701682092959308,observation_time_proxy,historical data_available_time is unknown; observation_time is a pseudo-operational proxy,16.835168055555556,30,0.13559949691357787,7
2017-07-18T00:00:00+00:00,2017-07-17,windermere,south,water_temperature,2.0,month_3,2017-09-16,2017-10-15,14.661373908950617,degC,expanding_prior_year_window_climatology,1.0,True,9,9,2008|2009|2010|2011|2012|2013|2014|2015|2016,e57bce6ba3ae4f3ea35dcf2165a8dc6d800f2cbf38ac4d7b0c0ec8a310a91556,0.8343498366843655,observation_time_proxy,historical data_available_time is unknown; observation_time is a pseudo-operational proxy,14.387112333333333,30,0.2742615756172846,7
2017-07-25T00:00:00+00:00,2017-07-24,windermere,south,water_temperature,2.0,month_1,2017-07-25,2017-08-23,18.079280374338623,degC,expanding_prior_year_window_climatology,1.0,True,9,9,2008|2009|2010|2011|2012|2013|2014|2015|2016,799c650b04251dbe7fc6d1981550349180e54c0a975fa7abf0dadb0151fa7a37,0.9265256613966399,observation_time_proxy,historical data_available_time is unknown; observation_time is a pseudo-operational proxy,17.385755902777777,30,0.6935244715608455,7
2017-07-25T00:00:00+00:00,2017-07-24,windermere,south,water_temperature,2.0,month_2,2017-08-24,2017-09-22,16.55512585648148,degC,expanding_prior_year_window_climatology,1.0,True,9,9,2008|2009|2010|2011|2012|2013|2014|2015|2016,3cea423aef996219ecbab21d55fd54152cd93adf4f4f6431e84522d7dc66f1cb,0.7630971063444141,observation_time_proxy,historical data_available_time is unknown; observation_time is a pseudo-operational proxy,16.386656194444445,30,0.16846966203703673,7
2017-07-25T00:00:00+00:00,2017-07-24,windermere,south,water_temperature,2.0,month_3,2017-09-23,2017-10-22,13.97405674382716,degC,expanding_prior_year_window_climatology,1.0,True,9,9,2008|2009|2010|2011|2012|2013|2014|2015|2016,6efa23de4f185f48e2fa11970c3ae9263eb5e07470be7afee34b89a1725d63a7,0.7671974730742661,observation_time_proxy,historical data_available_time is unknown; observation_time is a pseudo-operational proxy,13.82329513888889,30,0.15076160493827118,7
2017-08-01T00:00:00+00:00,2017-07-31,windermere,south,water_temperature,2.0,month_1,2017-08-01,2017-08-30,17.737668845238094,degC,expanding_prior_year_window_climatology,1.0,True,9,9,2008|2009|2010|2011|2012|2013|2014|2015|2016,6209f1bf8be698eb1ef5df4751eafd22e5154f62044e97bea95519fbf3011070,0.6233005469134894,observation_time_proxy,historical data_available_time is unknown; observation_time is a pseudo-operational proxy,17.22055288888889,30,0.5171159563492047,8
2017-08-01T00:00:00+00:00,2017-07-31,windermere,south,water_temperature,2.0,month_2,2017-08-31,2017-09-29,16.043781449074075,degC,expanding_prior_year_window_climatology,1.0,True,9,9,2008|2009|2010|2011|2012|2013|2014|2015|2016,6b10e99aba77c59b1ba027939bf4a2857600b7c5454bd54d2ff6011fff9e180d,0.8511514184653951,observation_time_proxy,historical data_available_time is unknown; observation_time is a pseudo-operational proxy,15.875931111111111,30,0.1678503379629639,8
2017-08-01T00:00:00+00:00,2017-07-31,windermere,south,water_temperature,2.0,month_3,2017-09-30,2017-10-29,13.250232294753086,degC,expanding_prior_year_window_climatology,1.0,True,9,9,2008|2009|2010|2011|2012|2013|2014|2015|2016,e40e79d7600c02d90c4801f97cde6d290818c257bde2087c2a2e6579d6e75844,0.7403673756371785,observation_time_proxy,historical data_available_time is unknown; observation_time is a pseudo-operational proxy,13.208310138888889,30,0.04192215586419756,8
2017-08-08T00:00:00+00:00,2017-08-07,windermere,south,water_temperature,2.0,month_1,2017-08-08,2017-09-06,17.426506353395062,degC,expanding_prior_year_window_climatology,1.0,True,9,9,2008|2009|2010|2011|2012|2013|2014|2015|2016,40d1f95ea0d1bbfbab3e11deab71dadd472075c8b7f5e81472768becf23683a4,0.5608011780033734,observation_time_proxy,historical data_available_time is unknown; observation_time is a pseudo-operational proxy,17.169502291666667,30,0.2570040617283951,8
2017-08-08T00:00:00+00:00,2017-08-07,windermere,south,water_temperature,2.0,month_2,2017-09-07,2017-10-06,15.489765822530863,degC,expanding_prior_year_window_climatology,1.0,True,9,9,2008|2009|2010|2011|2012|2013|2014|2015|2016,9f072db53c032b3160ae2e508bbcf16c81fdb696f65f24e1901825d972f4d1fb,0.8827930835767819,observation_time_proxy,historical data_available_time is unknown; observation_time is a pseudo-operational proxy,15.193409875,30,0.2963559475308628,8
2017-08-08T00:00:00+00:00,2017-08-07,windermere,south,water_temperature,2.0,month_3,2017-10-07,2017-11-05,12.509868791566022,degC,expanding_prior_year_window_climatology,1.0,True,9,9,2008|2009|2010|2011|2012|2013|2014|2015|2016,1cfc2d2acb52c55f46e0844a3741b1759ae745c6af489a25da63d6a59d33291c,0.7695416672219637,observation_time_proxy,historical data_available_time is unknown; observation_time is a pseudo-operational proxy,12.650998333333334,30,-0.1411295417673113,8
2017-08-15T00:00:00+00:00,2017-08-14,windermere,south,water_temperature,2.0,month_1,2017-08-15,2017-09-13,17.07915636728395,degC,expanding_prior_year_window_climatology,1.0,True,9,9,2008|2009|2010|2011|2012|2013|2014|2015|2016,e86d96de44a99d5fd105ff3adc424da675a6ba94861239560ce2524e2eea9923,0.6547139576481255,observation_time_proxy,historical data_available_time is unknown; observation_time is a pseudo-operational proxy,16.936179208333332,30,0.14297715895061813,8
2017-08-15T00:00:00+00:00,2017-08-14,windermere,south,water_temperature,2.0,month_2,2017-09-14,2017-10-13,14.854316694444444,degC,expanding_prior_year_window_climatology,1.0,True,9,9,2008|2009|2010|2011|2012|2013|2014|2015|2016,be8058b7156ca9a07092357c3277b47fb0c8d75af974cbcc7c450b7d61a67ac1,0.8481553691978082,observation_time_proxy,historical data_available_time is unknown; observation_time is a pseudo-operational proxy,14.547660680555556,30,0.3066560138888885,8
2017-08-15T00:00:00+00:00,2017-08-14,windermere,south,water_temperature,2.0,month_3,2017-10-14,2017-11-12,11.755578713325281,degC,expanding_prior_year_window_climatology,1.0,True,9,9,2008|2009|2010|2011|2012|2013|2014|2015|2016,4ed38eaa7d205dfb4d24a18b742946f5a9799e02692bd02fabbff972a46296ae,0.7907867195364471,observation_time_proxy,historical data_available_time is unknown; observation_time is a pseudo-operational proxy,12.108012444444444,30,-0.352433731119163,8
2017-08-22T00:00:00+00:00,2017-08-21,windermere,south,water_temperature,2.0,month_1,2017-08-22,2017-09-20,16.680465686728393,degC,expanding_prior_year_window_climatology,1.0,True,9,9,2008|2009|2010|2011|2012|2013|2014|2015|2016,decc6421decdd75ea6e0615ad1280a3811a33550f4b6306bef671aea6aee8280,0.7222339361156445,observation_time_proxy,historical data_available_time is unknown; observation_time is a pseudo-operational proxy,16.542789819444444,30,0.13767586728394932,8
2017-08-22T00:00:00+00:00,2017-08-21,windermere,south,water_temperature,2.0,month_2,2017-09-21,2017-10-20,14.176825074074074,degC,expanding_prior_year_window_climatology,1.0,True,9,9,2008|2009|2010|2011|2012|2013|2014|2015|2016,b401e709ddc67227d5662c316d7ca21febd846ded5cde3773d2f89e0cacf5f48,0.7861919339162631,observation_time_proxy,historical data_available_time is unknown; observation_time is a pseudo-operational proxy,13.986778722222223,30,0.19004635185185137,8
2017-08-22T00:00:00+00:00,2017-08-21,windermere,south,water_temperature,2.0,month_3,2017-10-21,2017-11-19,11.029387850670961,degC,expanding_prior_year_window_climatology,1.0,True,9,9,2008|2009|2010|2011|2012|2013|2014|2015|2016,1f91f7069d0823e4c9039399a541193ff8b5ad2e40064c5c7fb4de57aded1cd8,0.8142390374932454,observation_time_proxy,historical data_available_time is unknown; observation_time is a pseudo-operational proxy,11.491671194444445,30,-0.4622833437734837,8
2017-08-29T00:00:00+00:00,2017-08-28,windermere,south,water_temperature,2.0,month_1,2017-08-29,2017-09-27,16.185540638888888,degC,expanding_prior_year_window_climatology,1.0,True,9,9,2008|2009|2010|2011|2012|2013|2014|2015|2016,befc5e1937935be3391542ab7fcdff08cb877aa3caf4d0b5ecf8e293c8351021,0.8289075048881047,observation_time_proxy,historical data_available_time is unknown; observation_time is a pseudo-operational proxy,16.01954325,30,0.16599738888888638,8
2017-08-29T00:00:00+00:00,2017-08-28,windermere,south,water_temperature,2.0,month_2,2017-09-28,2017-10-27,13.461363773148149,degC,expanding_prior_year_window_climatology,1.0,True,9,9,2008|2009|2010|2011|2012|2013|2014|2015|2016,002ee735e505010d090dd36cb3eda73d7849ce3f3d34b6068b55f46a62edfb34,0.7381752237746761,observation_time_proxy,historical data_available_time is unknown; observation_time is a pseudo-operational proxy,13.393674097222222,30,0.06768967592592645,8
2017-08-29T00:00:00+00:00,2017-08-28,windermere,south,water_temperature,2.0,month_3,2017-10-28,2017-11-26,10.345923394343801,degC,expanding_prior_year_window_climatology,1.0,True,9,9,2008|2009|2010|2011|2012|2013|2014|2015|2016,322f74eb9d35cfea7166a06e300dc0e5748a815fd90ca2df538c035d5ab68dfc,0.837708513865347,observation_time_proxy,historical data_available_time is unknown; observation_time is a pseudo-operational proxy,10.874771958333334,30,-0.5288485639895324,8
2017-09-05T00:00:00+00:00,2017-09-04,windermere,south,water_temperature,2.0,month_1,2017-09-05,2017-10-04,15.663230925925927,degC,expanding_prior_year_window_climatology,1.0,True,9,9,2008|2009|2010|2011|2012|2013|2014|2015|2016,250df209a18cc732484fbe84c7d61e8d719f416991010ffd6062afc619e078d7,0.8873341457519758,observation_time_proxy,historical data_available_time is unknown; observation_time is a pseudo-operational proxy,15.400415986111112,30,0.26281493981481496,9
2017-09-05T00:00:00+00:00,2017-09-04,windermere,south,water_temperature,2.0,month_2,2017-10-05,2017-11-03,12.71812627381911,degC,expanding_prior_year_window_climatology,1.0,True,9,9,2008|2009|2010|2011|2012|2013|2014|2015|2016,4756a12506cf2d0693b34882afd7fa63e5f6a048cab4400d4cc6969841e259cb,0.7594281021102713,observation_time_proxy,historical data_available_time is unknown; observation_time is a pseudo-operational proxy,12.793438333333333,30,-0.07531205951422315,9
2017-09-05T00:00:00+00:00,2017-09-04,windermere,south,water_temperature,2.0,month_3,2017-11-04,2017-12-03,9.642043469088835,degC,expanding_prior_year_window_climatology,1.0,True,9,9,2008|2009|2010|2011|2012|2013|2014|2015|2016,7760a3b8b5bf04819ec18768ccddc5780b7f86b336c83b725068e353386e7e76,0.8519084459480986,observation_time_proxy,historical data_available_time is unknown; observation_time is a pseudo-operational proxy,10.13874348611111,30,-0.49670001702227573,9
2017-09-12T00:00:00+00:00,2017-09-11,windermere,south,water_temperature,2.0,month_1,2017-09-12,2017-10-11,15.043430401234568,degC,expanding_prior_year_window_climatology,1.0,True,9,9,2008|2009|2010|2011|2012|2013|2014|2015|2016,8daea9018e9925ac63357c43dc0ab70628890878e135d33a74ef87c99dc88ad5,0.8529735222119265,observation_time_proxy,historical data_available_time is unknown; observation_time is a pseudo-operational proxy,14.717835791666667,30,0.32559460956790076,9
2017-09-12T00:00:00+00:00,2017-09-11,windermere,south,water_temperature,2.0,month_2,2017-10-12,2017-11-10,11.971334627831455,degC,expanding_prior_year_window_climatology,1.0,True,9,9,2008|2009|2010|2011|2012|2013|2014|2015|2016,eeaab54f00416a685a040b052db41972e65047328f53a1832a3e0d633a61b03e,0.7807761032899058,observation_time_proxy,historical data_available_time is unknown; observation_time is a pseudo-operational proxy,12.271027930555556,30,-0.29969330272410133,9
2017-09-12T00:00:00+00:00,2017-09-11,windermere,south,water_temperature,2.0,month_3,2017-11-11,2017-12-10,8.94587532757649,degC,expanding_prior_year_window_climatology,1.0,True,9,9,2008|2009|2010|2011|2012|2013|2014|2015|2016,51ee73830d60622bbefb211df5e29f2ee0db6165a1df39979cdac56c9804504f,0.88172142699341,observation_time_proxy,historical data_available_time is unknown; observation_time is a pseudo-operational proxy,9.350451402777777,30,-0.40457607520128747,9
2017-09-19T00:00:00+00:00,2017-09-18,windermere,south,water_temperature,2.0,month_1,2017-09-19,2017-10-18,14.37435037654321,degC,expanding_prior_year_window_climatology,1.0,True,9,9,2008|2009|2010|2011|2012|2013|2014|2015|2016,dc6188603c840a1ed873f855eaf14b2ddebd4e18b3b0b40fd107a9d9bb45f370,0.8066142810541763,observation_time_proxy,historical data_available_time is unknown; observation_time is a pseudo-operational proxy,14.147747055555556,30,0.226603320987655,9
2017-09-19T00:00:00+00:00,2017-09-18,windermere,south,water_temperature,2.0,month_2,2017-10-19,2017-11-17,11.231921274282072,degC,expanding_prior_year_window_climatology,1.0,True,9,9,2008|2009|2010|2011|2012|2013|2014|2015|2016,5440028fc445d9c803f8ff62267e38f981437415d257dfa10ea96bce117641af,0.8078587910752941,observation_time_proxy,historical data_available_time is unknown; observation_time is a pseudo-operational proxy,11.675968152777777,30,-0.4440468784957048,9
2017-09-19T00:00:00+00:00,2017-09-18,windermere,south,water_temperature,2.0,month_3,2017-11-18,2017-12-17,8.281665647638217,degC,expanding_prior_year_window_climatology,1.0,True,9,9,2008|2009|2010|2011|2012|2013|2014|2015|2016,adf59c58e2d90536daffd14e8b713d7622c87f07822a02d89db27c9ff7336aaf,0.8804716993058477,observation_time_proxy,historical data_available_time is unknown; observation_time is a pseudo-operational proxy,8.54313513888889,30,-0.2614694912506721,9
2017-09-26T00:00:00+00:00,2017-09-25,windermere,south,water_temperature,2.0,month_1,2017-09-26,2017-10-25,13.668154549382717,degC,expanding_prior_year_window_climatology,1.0,True,9,9,2008|2009|2010|2011|2012|2013|2014|2015|2016,7a1f3d82ce821c171240cad7c4a9c09ec9369fe599db9da2e4e708d0d0a505df,0.7439552724969954,observation_time_proxy,historical data_available_time is unknown; observation_time is a pseudo-operational proxy,13.574931319444444,30,0.09322322993827292,9
2017-09-26T00:00:00+00:00,2017-09-25,windermere,south,water_temperature,2.0,month_2,2017-10-26,2017-11-24,10.538181797893182,degC,expanding_prior_year_window_climatology,1.0,True,9,9,2008|2009|2010|2011|2012|2013|2014|2015|2016,463dd73e230fdc01d31ed460f2587755c36ed35badfe48aa9ced6e530b41880d,0.8311628763210029,observation_time_proxy,historical data_available_time is unknown; observation_time is a pseudo-operational proxy,11.062483916666666,30,-0.524302118773484,9
2017-09-26T00:00:00+00:00,2017-09-25,windermere,south,water_temperature,2.0,month_3,2017-11-25,2017-12-24,7.6603817039653785,degC,expanding_prior_year_window_climatology,1.0,True,9,9,2008|2009|2010|2011|2012|2013|2014|2015|2016,f4a0efc907fbc5396de4e5ee5813ec2b2813e9b6ad4588451eb1e16e3b3471f0,0.9232891280096366,observation_time_proxy,historical data_available_time is unknown; observation_time is a pseudo-operational proxy,7.777244152777778,30,-0.11686244881239904,9
2017-10-03T00:00:00+00:00,2017-10-02,windermere,south,water_temperature,2.0,month_1,2017-10-03,2017-11-01,12.925503810856146,degC,expanding_prior_year_window_climatology,1.0,True,9,9,2008|2009|2010|2011|2012|2013|2014|2015|2016,abc4e5e371290b8c25942d599428d748d9c9001da2ff358d32f1af4ff6f62583,0.7473827644132502,observation_time_proxy,historical data_available_time is unknown; observation_time is a pseudo-operational proxy,12.945572347222223,30,-0.020068536366077083,10
2017-10-03T00:00:00+00:00,2017-10-02,windermere,south,water_temperature,2.0,month_2,2017-11-02,2017-12-01,9.846567306172838,degC,expanding_prior_year_window_climatology,1.0,True,9,9,2008|2009|2010|2011|2012|2013|2014|2015|2016,ca7d72b5b405366c26669f5993afdd695fef48511fd9de9d9a629fd38b7a6e36,0.8491007665592288,observation_time_proxy,historical data_available_time is unknown; observation_time is a pseudo-operational proxy,10.360631027777778,30,-0.5140637216049395,10
2017-10-03T00:00:00+00:00,2017-10-02,windermere,south,water_temperature,2.0,month_3,2017-12-02,2017-12-31,7.12438375497182,degC,expanding_prior_year_window_climatology,1.0,True,9,9,2008|2009|2010|2011|2012|2013|2014|2015|2016,a2b0361ae99618aa533743129eb6096037bae0af2085ea6ab81fe2cf73a50a6e,0.984640588112561,observation_time_proxy,historical data_available_time is unknown; observation_time is a pseudo-operational proxy,7.1635971666666665,30,-0.03921341169484638,10
2017-10-10T00:00:00+00:00,2017-10-09,windermere,south,water_temperature,2.0,month_1,2017-10-10,2017-11-08,12.186541923356145,degC,expanding_prior_year_window_climatology,1.0,True,9,9,2008|2009|2010|2011|2012|2013|2014|2015|2016,dd3ef82c493a51e0a7a824ddd79e54bcbb5ebbb6264e70b09cf561af16c65d64,0.7775638765832452,observation_time_proxy,historical data_available_time is unknown; observation_time is a pseudo-operational proxy,12.429538388888888,30,-0.2429964655327428,10
2017-10-10T00:00:00+00:00,2017-10-09,windermere,south,water_temperature,2.0,month_2,2017-11-09,2017-12-08,9.139448664613527,degC,expanding_prior_year_window_climatology,1.0,True,9,9,2008|2009|2010|2011|2012|2013|2014|2015|2016,dde0ae34ac82491c4df6509522339c12954de1191dd836cae8e731e57154c906,0.8736838194351757,observation_time_proxy,historical data_available_time is unknown; observation_time is a pseudo-operational proxy,9.573739930555556,30,-0.43429126594202927,10
2017-10-10T00:00:00+00:00,2017-10-09,windermere,south,water_temperature,2.0,month_3,2017-12-09,2018-01-07,6.6130700803291065,degC,expanding_prior_year_window_climatology,1.0,True,9,8,2008|2009|2010|2011|2012|2013|2014|2015,52b6339497113c28e2f20ae07be265be2d7666cffc0424659b34c9b5b79a538c,1.0830527237774195,observation_time_proxy,historical data_available_time is unknown; observation_time is a pseudo-operational proxy,6.661803930555555,30,-0.048733850226448716,10
2017-10-17T00:00:00+00:00,2017-10-16,windermere,south,water_temperature,2.0,month_1,2017-10-17,2017-11-15,11.437394571195652,degC,expanding_prior_year_window_climatology,1.0,True,9,9,2008|2009|2010|2011|2012|2013|2014|2015|2016,2735cebe35fcfdb354c3da6e9979479a422bb31c81ee6245e7fd8d81227b49dd,0.8023962199102259,observation_time_proxy,historical data_available_time is unknown; observation_time is a pseudo-operational proxy,11.844482305555555,30,-0.4070877343599033,10
2017-10-17T00:00:00+00:00,2017-10-16,windermere,south,water_temperature,2.0,month_2,2017-11-16,2017-12-15,8.469016373255501,degC,expanding_prior_year_window_climatology,1.0,True,9,9,2008|2009|2010|2011|2012|2013|2014|2015|2016,f1249e2b7e8aeb389bafa1ede4f55aedf6945d8dbd8f9328f96bb4282d584f89,0.8781845670191427,observation_time_proxy,historical data_available_time is unknown; observation_time is a pseudo-operational proxy,8.782041555555555,30,-0.31302518230005383,10
2017-10-17T00:00:00+00:00,2017-10-16,windermere,south,water_temperature,2.0,month_3,2017-12-16,2018-01-14,6.236397003766607,degC,expanding_prior_year_window_climatology,1.0,True,9,8,2008|2009|2010|2011|2012|2013|2014|2015,77c58a104fd4d334d606377139ac4c7901671957031853a0e5b92f88565ce85f,1.1356460684071563,observation_time_proxy,historical data_available_time is unknown; observation_time is a pseudo-operational proxy,6.268409930555555,30,-0.032012926788948626,10
2017-10-24T00:00:00+00:00,2017-10-23,windermere,south,water_temperature,2.0,month_1,2017-10-24,2017-11-22,10.733836128911701,degC,expanding_prior_year_window_climatology,1.0,True,9,9,2008|2009|2010|2011|2012|2013|2014|2015|2016,1825e1bfab6275cf445fb2c8b28e1bf49e9bf9c544a3ca637bc9717e4492fd8e,0.8239480354564206,observation_time_proxy,historical data_available_time is unknown; observation_time is a pseudo-operational proxy,11.238661597222222,30,-0.5048254683105213,10
2017-10-24T00:00:00+00:00,2017-10-23,windermere,south,water_temperature,2.0,month_2,2017-11-23,2017-12-22,7.831961422329576,degC,expanding_prior_year_window_climatology,1.0,True,9,9,2008|2009|2010|2011|2012|2013|2014|2015|2016,0cd508303d82111ba4c96f1346f34e42fe5233a42ebdbf291c886ffdd4916c9d,0.9062673647726219,observation_time_proxy,historical data_available_time is unknown; observation_time is a pseudo-operational proxy,7.985491625,30,-0.1535302026704235,10
2017-10-24T00:00:00+00:00,2017-10-23,windermere,south,water_temperature,2.0,month_3,2017-12-23,2018-01-21,5.908508809483372,degC,expanding_prior_year_window_climatology,1.0,True,9,8,2008|2009|2010|2011|2012|2013|2014|2015,45e6d4a0caecd5dbe413df9ce800ecdc432404c9ae1a4ba66dd5d0b01bc10159,1.150814995015031,observation_time_proxy,historical data_available_time is unknown; observation_time is a pseudo-operational proxy,5.936489083333333,30,-0.027980273849960824,10
2017-10-31T00:00:00+00:00,2017-10-30,windermere,south,water_temperature,2.0,month_1,2017-10-31,2017-11-29,10.048600857924047,degC,expanding_prior_year_window_climatology,1.0,True,9,9,2008|2009|2010|2011|2012|2013|2014|2015|2016,886dca3fa307c5309de19cebff7018661023914812891b978fa6ef11be6bafc4,0.8472632663899161,observation_time_proxy,historical data_available_time is unknown; observation_time is a pseudo-operational proxy,10.577200388888889,30,-0.5285995309648417,10
2017-10-31T00:00:00+00:00,2017-10-30,windermere,south,water_temperature,2.0,month_2,2017-11-30,2017-12-29,7.268287538224638,degC,expanding_prior_year_window_climatology,1.0,True,9,9,2008|2009|2010|2011|2012|2013|2014|2015|2016,00c40b21d0330c62d17d80164cbce17e7b18fc808585896faf493d05265549ef,0.9689040765916586,observation_time_proxy,historical data_available_time is unknown; observation_time is a pseudo-operational proxy,7.319696722222222,30,-0.051409183997583874,10
2017-10-31T00:00:00+00:00,2017-10-30,windermere,south,water_temperature,2.0,month_3,2017-12-30,2018-01-28,5.600032456296368,degC,expanding_prior_year_window_climatology,1.0,True,9,8,2008|2009|2010|2011|2012|2013|2014|2015,e7f5b048807a874f0104f36967272727ba6f75968ace291e6db54131bb5f3246,1.1186236640617044,observation_time_proxy,historical data_available_time is unknown; observation_time is a pseudo-operational proxy,5.573348819444444,30,0.02668363685192432,10
2017-11-07T00:00:00+00:00,2017-11-06,windermere,south,water_temperature,2.0,month_1,2017-11-07,2017-12-06,9.337300048255502,degC,expanding_prior_year_window_climatology,1.0,True,9,9,2008|2009|2010|2011|2012|2013|2014|2015|2016,76ef0372a3bda7ca473679ed6daca6d241376a8e49637d4fc4f58f306bfdaac7,0.8637462304469143,observation_time_proxy,historical data_available_time is unknown; observation_time is a pseudo-operational proxy,9.797365361111112,30,-0.46006531285561003,11
2017-11-07T00:00:00+00:00,2017-11-06,windermere,south,water_temperature,2.0,month_2,2017-12-07,2018-01-05,6.736895909842995,degC,expanding_prior_year_window_climatology,1.0,True,9,8,2008|2009|2010|2011|2012|2013|2014|2015,a9274a30c4d9fff0277304808dd14b360cf6b081f9b0dff544d1512081073730,1.0733750655747973,observation_time_proxy,historical data_available_time is unknown; observation_time is a pseudo-operational proxy,6.798697430555555,30,-0.061801520712560176,11
2017-11-07T00:00:00+00:00,2017-11-06,windermere,south,water_temperature,2.0,month_3,2018-01-06,2018-02-04,5.34240453287037,degC,expanding_prior_year_window_climatology,1.0,True,9,9,2008|2009|2010|2011|2012|2013|2014|2015|2016,e97d46b7673fcb073d750f53e1ae4a2a599eb7a36c2c44cce872abda441c0277,1.002255798405138,observation_time_proxy,historical data_available_time is unknown; observation_time is a pseudo-operational proxy,5.343649680555556,30,-0.001245147685185799,11
2017-11-14T00:00:00+00:00,2017-11-13,windermere,south,water_temperature,2.0,month_1,2017-11-14,2017-12-13,8.659223801804885,degC,expanding_prior_year_window_climatology,1.0,True,9,9,2008|2009|2010|2011|2012|2013|2014|2015|2016,8275fb7572ee2e623d48a039900e678ab0c898b1e71708f3fcbf836633de3c45,0.8773011421983599,observation_time_proxy,historical data_available_time is unknown; observation_time is a pseudo-operational proxy,9.014993430555556,30,-0.35576962875067153,11
2017-11-14T00:00:00+00:00,2017-11-13,windermere,south,water_temperature,2.0,month_2,2017-12-14,2018-01-12,6.334378995086051,degC,expanding_prior_year_window_climatology,1.0,True,9,8,2008|2009|2010|2011|2012|2013|2014|2015,ed58ff947d51a6d623db9b7f729678ef0150ad989362475b3322bf44635144a5,1.1197754639402706,observation_time_proxy,historical data_available_time is unknown; observation_time is a pseudo-operational proxy,6.365477680555555,30,-0.03109868546950434,11
2017-11-14T00:00:00+00:00,2017-11-13,windermere,south,water_temperature,2.0,month_3,2018-01-13,2018-02-11,5.125871302502205,degC,expanding_prior_year_window_climatology,1.0,True,9,9,2008|2009|2010|2011|2012|2013|2014|2015|2016,40eb6c166fccf38e74fcb914b208bb7dcfcd840e4d856623c4172cfe4c3bb3dc,0.9179822146042965,observation_time_proxy,historical data_available_time is unknown; observation_time is a pseudo-operational proxy,5.136376430555556,30,-0.010505128053351243,11
2017-11-21T00:00:00+00:00,2017-11-20,windermere,south,water_temperature,2.0,month_1,2017-11-21,2017-12-20,8.008892816156736,degC,expanding_prior_year_window_climatology,1.0,True,9,9,2008|2009|2010|2011|2012|2013|2014|2015|2016,75d304ffb748a6c5e8d305ebd50e7a539fd3dd2175effd6b1f44925f49f904bf,0.8918604676420359,observation_time_proxy,historical data_available_time is unknown; observation_time is a pseudo-operational proxy,8.205828208333333,30,-0.19693539217659684,11
2017-11-21T00:00:00+00:00,2017-11-20,windermere,south,water_temperature,2.0,month_2,2017-12-21,2018-01-19,6.004075835326626,degC,expanding_prior_year_window_climatology,1.0,True,9,8,2008|2009|2010|2011|2012|2013|2014|2015,6a556820ac269f754e2bbddfec912d84780e904266be51453020f131ce43e2e6,1.153419737399975,observation_time_proxy,historical data_available_time is unknown; observation_time is a pseudo-operational proxy,6.044954402777778,30,-0.04087856745115204,11
2017-11-21T00:00:00+00:00,2017-11-20,windermere,south,water_temperature,2.0,month_3,2018-01-20,2018-02-18,4.943896580092592,degC,expanding_prior_year_window_climatology,1.0,True,9,9,2008|2009|2010|2011|2012|2013|2014|2015|2016,3cf8d0e63f00fb7995cf52097ac1b12d21e05ae93c7b13538949ad065dfa227e,0.8557233428167929,observation_time_proxy,historical data_available_time is unknown; observation_time is a pseudo-operational proxy,4.946279236111111,30,-0.002382656018518503,11
2017-11-28T00:00:00+00:00,2017-11-27,windermere,south,water_temperature,2.0,month_1,2017-11-28,2017-12-27,7.419869398564144,degC,expanding_prior_year_window_climatology,1.0,True,9,9,2008|2009|2010|2011|2012|2013|2014|2015|2016,e911a4c372477b74f5327682a688e8a6f2ebd8076f456fd91eca5afdd5e32eae,0.9491090876298584,observation_time_proxy,historical data_available_time is unknown; observation_time is a pseudo-operational proxy,7.496739,30,-0.07686960143585608,11
2017-11-28T00:00:00+00:00,2017-11-27,windermere,south,water_temperature,2.0,month_2,2017-12-28,2018-01-26,5.682594461070674,degC,expanding_prior_year_window_climatology,1.0,True,9,8,2008|2009|2010|2011|2012|2013|2014|2015,b4ae5bd256e3db7fbf975461408e9aa4164aebd4c75f979ba5f1a7825e3686f2,1.13097651854101,observation_time_proxy,historical data_available_time is unknown; observation_time is a pseudo-operational proxy,5.663661930555556,30,0.01893253051511845,11
2017-11-28T00:00:00+00:00,2017-11-27,windermere,south,water_temperature,2.0,month_3,2018-01-27,2018-02-25,4.8150645327160495,degC,expanding_prior_year_window_climatology,1.0,True,9,9,2008|2009|2010|2011|2012|2013|2014|2015|2016,9880b78a532cd7bbac2d70d47c5ad890f6e588bd4b9c03efd115d2d354baee59,0.8167313844039874,observation_time_proxy,historical data_available_time is unknown; observation_time is a pseudo-operational proxy,4.844493403985507,30,-0.0294288712694577,11
2017-12-05T00:00:00+00:00,2017-12-04,windermere,south,water_temperature,2.0,month_1,2017-12-05,2018-01-03,6.928545754685543,degC,expanding_prior_year_window_climatology,1.0,True,9,9,2008|2009|2010|2011|2012|2013|2014|2015|2016,b3ede439ccb9b45e09c15b9d9489368c2a9c602255482f4d28d8cd5a15cc7b99,1.0100489066244418,observation_time_proxy,historical data_available_time is unknown; observation_time is a pseudo-operational proxy,6.935559347222222,30,-0.007013592536678992,12
2017-12-05T00:00:00+00:00,2017-12-04,windermere,south,water_temperature,2.0,month_2,2018-01-04,2018-02-02,5.415317926223545,degC,expanding_prior_year_window_climatology,1.0,True,9,9,2008|2009|2010|2011|2012|2013|2014|2015|2016,140f51bf5fffccf9d2c4895b414e7c703e653e7cbb0497e75c2224a123af9ef0,1.0194786397578477,observation_time_proxy,historical data_available_time is unknown; observation_time is a pseudo-operational proxy,5.40946925,30,0.005848676223545013,12
2017-12-05T00:00:00+00:00,2017-12-04,windermere,south,water_temperature,2.0,month_3,2018-02-03,2018-03-04,4.7600930788580245,degC,expanding_prior_year_window_climatology,1.0,True,9,9,2008|2009|2010|2011|2012|2013|2014|2015|2016,e9f2b3b1da605da15c294428c8e78377a5d296cd33b0dae163f362b6d7bef187,0.7752687172770091,observation_time_proxy,historical data_available_time is unknown; observation_time is a pseudo-operational proxy,4.615423862318841,30,0.1446692165391834,12
2017-12-12T00:00:00+00:00,2017-12-11,windermere,south,water_temperature,2.0,month_1,2017-12-12,2018-01-10,6.441486398558273,degC,expanding_prior_year_window_climatology,1.0,True,9,8,2008|2009|2010|2011|2012|2013|2014|2015,91a55055bb0603b08e7b7ebfb5519b70de8d20d78cb2d20bc97aec5dfe202658,1.1010092947622685,observation_time_proxy,historical data_available_time is unknown; observation_time is a pseudo-operational proxy,6.47228125,30,-0.03079485144172711,12
2017-12-12T00:00:00+00:00,2017-12-11,windermere,south,water_temperature,2.0,month_2,2018-01-11,2018-02-09,5.183970048048942,degC,expanding_prior_year_window_climatology,1.0,True,9,9,2008|2009|2010|2011|2012|2013|2014|2015|2016,499999050d2b904a1001aedeedc3b5d50822af95069b423cd28b4731aed6788b,0.9429305245880001,observation_time_proxy,historical data_available_time is unknown; observation_time is a pseudo-operational proxy,5.193329180555556,30,-0.009359132506613577,12
2017-12-12T00:00:00+00:00,2017-12-11,windermere,south,water_temperature,2.0,month_3,2018-02-10,2018-03-11,4.781709583487654,degC,expanding_prior_year_window_climatology,1.0,True,9,9,2008|2009|2010|2011|2012|2013|2014|2015|2016,594629e38503c3e9b611954323e5170b28d0d1cd8ba9c30e303a3d7d122ff3f1,0.7521947416940777,observation_time_proxy,historical data_available_time is unknown; observation_time is a pseudo-operational proxy,4.374987153985507,30,0.406722429502147,12
2017-12-19T00:00:00+00:00,2017-12-18,windermere,south,water_temperature,2.0,month_1,2017-12-19,2018-01-17,6.093082863698359,degC,expanding_prior_year_window_climatology,1.0,True,9,8,2008|2009|2010|2011|2012|2013|2014|2015,55afbbd9aa24dc1d9449e949fe02c7d07bd7857ea8d2767b2950484713c6f3fc,1.1512322475871606,observation_time_proxy,historical data_available_time is unknown; observation_time is a pseudo-operational proxy,6.137875763888889,30,-0.04479290019053028,12
2017-12-19T00:00:00+00:00,2017-12-18,windermere,south,water_temperature,2.0,month_2,2018-01-18,2018-02-16,4.990125930773734,degC,expanding_prior_year_window_climatology,1.0,True,9,9,2008|2009|2010|2011|2012|2013|2014|2015|2016,dbfbacdae568167fd6edf6b1d7f74525295d25568932ebf078746d2cf3f23efa,0.8709186034593425,observation_time_proxy,historical data_available_time is unknown; observation_time is a pseudo-operational proxy,4.996959930555556,30,-0.0068339997818220866,12
2017-12-19T00:00:00+00:00,2017-12-18,windermere,south,water_temperature,2.0,month_3,2018-02-17,2018-03-18,4.898675421296296,degC,expanding_prior_year_window_climatology,1.0,True,9,9,2008|2009|2010|2011|2012|2013|2014|2015|2016,472aa9c2488d07316ef46c7f4f0acd5eebf86ab16d9829d4f10c122cca5f45e6,0.7530042337646807,observation_time_proxy,historical data_available_time is unknown; observation_time is a pseudo-operational proxy,4.2411259317632855,30,0.657549489533011,12
2017-12-26T00:00:00+00:00,2017-12-25,windermere,south,water_temperature,2.0,month_1,2017-12-26,2018-01-24,5.771491132970475,degC,expanding_prior_year_window_climatology,1.0,True,9,8,2008|2009|2010|2011|2012|2013|2014|2015,60d0ca8cc2c23ce253e05c198073e443fc6b5a646364d8281df67c0d3e0ad91e,1.1442836536256105,observation_time_proxy,historical data_available_time is unknown; observation_time is a pseudo-operational proxy,5.774288597222222,30,-0.002797464251747428,12
2017-12-26T00:00:00+00:00,2017-12-25,windermere,south,water_temperature,2.0,month_2,2018-01-25,2018-02-23,4.8454258300925925,degC,expanding_prior_year_window_climatology,1.0,True,9,9,2008|2009|2010|2011|2012|2013|2014|2015|2016,aaf4055e228b41af267aea02946680d884f7f830212ac4547184903e0faa5687,0.8253998403569054,observation_time_proxy,historical data_available_time is unknown; observation_time is a pseudo-operational proxy,4.8727608345410625,30,-0.027335004448469924,12
2017-12-26T00:00:00+00:00,2017-12-25,windermere,south,water_temperature,2.0,month_3,2018-02-24,2018-03-25,5.152297611574074,degC,expanding_prior_year_window_climatology,1.0,True,9,9,2008|2009|2010|2011|2012|2013|2014|2015|2016,9a96cc3daf0b2fde0085f2a665c652f74cc06035d7d258a15bd51111364a3286,0.7906534771630963,observation_time_proxy,historical data_available_time is unknown; observation_time is a pseudo-operational proxy,4.155383430555555,30,0.9969141810185187,12
2018-01-02T00:00:00+00:00,2018-01-01,windermere,south,water_temperature,2.0,month_1,2018-01-02,2018-01-31,5.55611830063492,degC,expanding_prior_year_window_climatology,1.0,True,10,10,2008|2009|2010|2011|2012|2013|2014|2015|2016|2017,e2ef62bee2dfbe32fae6981b19a13291ca4501c972b0d65c29aaa08153a220ba,0.9992191729994953,observation_time_proxy,historical data_available_time is unknown; observation_time is a pseudo-operational proxy,5.472064666666666,30,0.08405363396825383,1
2018-01-02T00:00:00+00:00,2018-01-01,windermere,south,water_temperature,2.0,month_2,2018-02-01,2018-03-02,4.83943880428744,degC,expanding_prior_year_window_climatology,1.0,True,10,10,2008|2009|2010|2011|2012|2013|2014|2015|2016|2017,1f06c3d34ca63b09c2a6ee7980597ed8e0eac9671d042d24b6fe11e1d7ca1f53,0.7770609392913949,observation_time_proxy,historical data_available_time is unknown; observation_time is a pseudo-operational proxy,4.700706834541063,30,0.13873196974637647,1
2018-01-02T00:00:00+00:00,2018-01-01,windermere,south,water_temperature,2.0,month_3,2018-03-03,2018-04-01,5.612278950277778,degC,expanding_prior_year_window_climatology,1.0,True,10,10,2008|2009|2010|2011|2012|2013|2014|2015|2016|2017,a982d23b61d7a3a3fc11a1486fbf2be3354a989cb77cf4aaccf997ae9ac8b43a,0.9684362441431528,observation_time_proxy,historical data_available_time is unknown; observation_time is a pseudo-operational proxy,4.240572,30,1.371706950277778,1
2018-01-09T00:00:00+00:00,2018-01-08,windermere,south,water_temperature,2.0,month_1,2018-01-09,2018-02-07,5.313057661775794,degC,expanding_prior_year_window_climatology,1.0,True,10,10,2008|2009|2010|2011|2012|2013|2014|2015|2016|2017,4c30c4434b430d3b8a5401aa4a0999d14f5cf5c93bed8780c78c2e5cc240ade1,0.9393983484240573,observation_time_proxy,historical data_available_time is unknown; observation_time is a pseudo-operational proxy,5.249792125,30,0.06326553677579394,1
2018-01-09T00:00:00+00:00,2018-01-08,windermere,south,water_temperature,2.0,month_2,2018-02-08,2018-03-09,4.848497059565218,degC,expanding_prior_year_window_climatology,1.0,True,10,10,2008|2009|2010|2011|2012|2013|2014|2015|2016|2017,c6dc3d57ce64b110d33c1145d972e260521aa9b136fe996b101cc4f50af6341d,0.7579312939698437,observation_time_proxy,historical data_available_time is unknown; observation_time is a pseudo-operational proxy,4.432810265096618,30,0.41568679446859935,1
2018-01-09T00:00:00+00:00,2018-01-08,windermere,south,water_temperature,2.0,month_3,2018-03-10,2018-04-08,6.0327373981944445,degC,expanding_prior_year_window_climatology,1.0,True,10,10,2008|2009|2010|2011|2012|2013|2014|2015|2016|2017,33fd63d0b9eb93e0132cd9c1f6f11ae2f0dcd3a7dae2ce2656de159c79150b8e,1.0941432928770312,observation_time_proxy,historical data_available_time is unknown; observation_time is a pseudo-operational proxy,4.540616527777778,30,1.4921208704166666,1
2018-01-16T00:00:00+00:00,2018-01-15,windermere,south,water_temperature,2.0,month_1,2018-01-16,2018-02-14,5.1086579927299,degC,expanding_prior_year_window_climatology,1.0,True,10,10,2008|2009|2010|2011|2012|2013|2014|2015|2016|2017,fc94dde5bbd960933f448343459d34e9bd50e750e4c0cdccbf93d67d62064cc1,0.8643057078168573,observation_time_proxy,historical data_available_time is unknown; observation_time is a pseudo-operational proxy,5.048198347222222,30,0.06045964550767824,1
2018-01-16T00:00:00+00:00,2018-01-15,windermere,south,water_temperature,2.0,month_2,2018-02-15,2018-03-16,4.949024192361112,degC,expanding_prior_year_window_climatology,1.0,True,10,10,2008|2009|2010|2011|2012|2013|2014|2015|2016|2017,5c11565c78783f191bb286e9180ab28cd6686d1f51937a6b5b8c422b29c3ec9d,0.7706898106672134,observation_time_proxy,historical data_available_time is unknown; observation_time is a pseudo-operational proxy,4.274897473429951,30,0.6741267189311602,1
2018-01-16T00:00:00+00:00,2018-01-15,windermere,south,water_temperature,2.0,month_3,2018-03-17,2018-04-15,6.599579794583334,degC,expanding_prior_year_window_climatology,1.0,True,10,10,2008|2009|2010|2011|2012|2013|2014|2015|2016|2017,615974d06d9ac6b91739a69dfccf5cb236cd1ce6b6d87bb0e18ad36d8d28afb2,1.1845311463218684,observation_time_proxy,historical data_available_time is unknown; observation_time is a pseudo-operational proxy,4.968308222222222,30,1.6312715723611113,1
2018-01-23T00:00:00+00:00,2018-01-22,windermere,south,water_temperature,2.0,month_1,2018-01-23,2018-02-21,4.9481763755374395,degC,expanding_prior_year_window_climatology,1.0,True,10,10,2008|2009|2010|2011|2012|2013|2014|2015|2016|2017,8656bd1fafb01264f9ec1433b9323ed9971edfcfd89a17b5dadb43554f73e128,0.8161227701713554,observation_time_proxy,historical data_available_time is unknown; observation_time is a pseudo-operational proxy,4.904722445652174,30,0.0434539298852652,1
2018-01-23T00:00:00+00:00,2018-01-22,windermere,south,water_temperature,2.0,month_2,2018-02-22,2018-03-23,5.173000510833333,degC,expanding_prior_year_window_climatology,1.0,True,10,10,2008|2009|2010|2011|2012|2013|2014|2015|2016|2017,c052a8b721d5198c52aa8f2bc2f03970291786de573a8c6f4e3b9741a2723432,0.7980947651085112,observation_time_proxy,historical data_available_time is unknown; observation_time is a pseudo-operational proxy,4.161511305555556,30,1.011489205277777,1
2018-01-23T00:00:00+00:00,2018-01-22,windermere,south,water_temperature,2.0,month_3,2018-03-24,2018-04-22,7.2461685158098845,degC,expanding_prior_year_window_climatology,1.0,True,10,10,2008|2009|2010|2011|2012|2013|2014|2015|2016|2017,da177221a7e1a7226456f03783a3ca445502c6798aa27e655c377121428b179a,1.304932253627931,observation_time_proxy,historical data_available_time is unknown; observation_time is a pseudo-operational proxy,5.692388513888889,30,1.5537800019209955,1
2018-01-30T00:00:00+00:00,2018-01-29,windermere,south,water_temperature,2.0,month_1,2018-01-30,2018-02-28,4.8500676783152175,degC,expanding_prior_year_window_climatology,1.0,True,10,10,2008|2009|2010|2011|2012|2013|2014|2015|2016|2017,fe779c9526486b8ce3161e303f414cd3c44c1f748844bcbbfe56a230971d0ca7,0.787179713404144,observation_time_proxy,historical data_available_time is unknown; observation_time is a pseudo-operational proxy,4.776111417874397,30,0.07395626044082082,1
2018-01-30T00:00:00+00:00,2018-01-29,windermere,south,water_temperature,2.0,month_2,2018-03-01,2018-03-30,5.512950989861111,degC,expanding_prior_year_window_climatology,1.0,True,10,10,2008|2009|2010|2011|2012|2013|2014|2015|2016|2017,73865fb94c59ca6ddd3f28d170ae9d736af2101b7391d74f935656adfaa766c7,0.9204977270747481,observation_time_proxy,historical data_available_time is unknown; observation_time is a pseudo-operational proxy,4.188024013888889,30,1.3249269759722226,1
2018-01-30T00:00:00+00:00,2018-01-29,windermere,south,water_temperature,2.0,month_3,2018-03-31,2018-04-29,8.046546790277779,degC,expanding_prior_year_window_climatology,1.0,True,10,9,2008|2009|2011|2012|2013|2014|2015|2016|2017,e7157849a5daf524049411f6592a8d94115839107a91dd7bec72ccd4390236f2,1.4533134509661765,observation_time_proxy,historical data_available_time is unknown; observation_time is a pseudo-operational proxy,6.602979027777778,30,1.4435677625000007,1
2018-02-06T00:00:00+00:00,2018-02-05,windermere,south,water_temperature,2.0,month_1,2018-02-06,2018-03-07,4.840466823454107,degC,expanding_prior_year_window_climatology,1.0,True,10,10,2008|2009|2010|2011|2012|2013|2014|2015|2016|2017,9be450f63b3b8bb3e3c43ac57a949f0f84415541efb8c73e44f5f58c4fba48e1,0.7619387806781032,observation_time_proxy,historical data_available_time is unknown; observation_time is a pseudo-operational proxy,4.502474917874396,30,0.3379919055797105,2
2018-02-06T00:00:00+00:00,2018-02-05,windermere,south,water_temperature,2.0,month_2,2018-03-08,2018-04-06,5.897597324444445,degC,expanding_prior_year_window_climatology,1.0,True,10,10,2008|2009|2010|2011|2012|2013|2014|2015|2016|2017,101071d1db63a630e10e7dfda52e28b901ed859834ae7f50c253fd5a6b4e7d72,1.0599807990112,observation_time_proxy,historical data_available_time is unknown; observation_time is a pseudo-operational proxy,4.435290416666667,30,1.4623069077777782,2
2018-02-06T00:00:00+00:00,2018-02-05,windermere,south,water_temperature,2.0,month_3,2018-04-07,2018-05-06,8.76015540632716,degC,expanding_prior_year_window_climatology,1.0,True,10,9,2008|2009|2011|2012|2013|2014|2015|2016|2017,18d1ccb15027e2f4d324fefdcbc3ea7ef69a853770b47878b8ad9c3e2f6284be,1.596141133793709,observation_time_proxy,historical data_available_time is unknown; observation_time is a pseudo-operational proxy,7.517183222222222,30,1.2429721841049375,2
2018-02-13T00:00:00+00:00,2018-02-12,windermere,south,water_temperature,2.0,month_1,2018-02-13,2018-03-14,4.910386206111111,degC,expanding_prior_year_window_climatology,1.0,True,10,10,2008|2009|2010|2011|2012|2013|2014|2015|2016|2017,ac6c9ea615261bc9b256215a78c873cd274e67373b7c9c20361d32d9abf4c1c9,0.7665259201308341,observation_time_proxy,historical data_available_time is unknown; observation_time is a pseudo-operational proxy,4.301908251207729,30,0.6084779549033819,2
2018-02-13T00:00:00+00:00,2018-02-12,windermere,south,water_temperature,2.0,month_2,2018-03-15,2018-04-13,6.430806825416667,degC,expanding_prior_year_window_climatology,1.0,True,10,10,2008|2009|2010|2011|2012|2013|2014|2015|2016|2017,d0144bf525dee2a08807aba109c55a3acf4886f673c5b0f07b547a451b3ed083,1.1556138265234381,observation_time_proxy,historical data_available_time is unknown; observation_time is a pseudo-operational proxy,4.822303236111111,30,1.6085035893055561,2
2018-02-13T00:00:00+00:00,2018-02-12,windermere,south,water_temperature,2.0,month_3,2018-04-14,2018-05-13,9.5781882125,degC,expanding_prior_year_window_climatology,1.0,True,10,9,2008|2009|2011|2012|2013|2014|2015|2016|2017,dd0b2c9739fdb236e23a85b5b4279201bc1774bd186c5154f5053a44cd9beb05,1.545678430706744,observation_time_proxy,historical data_available_time is unknown; observation_time is a pseudo-operational proxy,8.770748777777778,30,0.8074394347222231,2
2018-02-20T00:00:00+00:00,2018-02-19,windermere,south,water_temperature,2.0,month_1,2018-02-20,2018-03-21,5.098045964722222,degC,expanding_prior_year_window_climatology,1.0,True,10,10,2008|2009|2010|2011|2012|2013|2014|2015|2016|2017,a8387d20a8bd57f6f52f60914d8de1cb57ad20600487330dc1fb8e2a85e6314f,0.7898775499329483,observation_time_proxy,historical data_available_time is unknown; observation_time is a pseudo-operational proxy,4.189094638888889,30,0.9089513258333328,2
2018-02-20T00:00:00+00:00,2018-02-19,windermere,south,water_temperature,2.0,month_2,2018-03-22,2018-04-20,7.053887664709596,degC,expanding_prior_year_window_climatology,1.0,True,10,10,2008|2009|2010|2011|2012|2013|2014|2015|2016|2017,61cb03d88483e913a5665c8a2248456f950ea78bff14f970a603883523092420,1.2524175502346675,observation_time_proxy,historical data_available_time is unknown; observation_time is a pseudo-operational proxy,5.416691444444444,30,1.6371962202651522,2
2018-02-20T00:00:00+00:00,2018-02-19,windermere,south,water_temperature,2.0,month_3,2018-04-21,2018-05-20,10.423664825617283,degC,expanding_prior_year_window_climatology,1.0,True,10,9,2008|2009|2011|2012|2013|2014|2015|2016|2017,3a901e42552dbb57086e60b6a02c4926856ad0dbe68afaaac3e680649aa70ac3,1.4786769193110887,observation_time_proxy,historical data_available_time is unknown; observation_time is a pseudo-operational proxy,10.431943236111112,30,-0.008278410493828048,2
2018-02-27T00:00:00+00:00,2018-02-26,windermere,south,water_temperature,2.0,month_1,2018-02-27,2018-03-28,5.3926361329166665,degC,expanding_prior_year_window_climatology,1.0,True,10,10,2008|2009|2010|2011|2012|2013|2014|2015|2016|2017,9f156ca5225e93a21d4370da15dcd34848bd23b02bd29f1f8d86d632c9b409d5,0.856836065097475,observation_time_proxy,historical data_available_time is unknown; observation_time is a pseudo-operational proxy,4.166848444444445,30,1.2257876884722219,2
2018-02-27T00:00:00+00:00,2018-02-26,windermere,south,water_temperature,2.0,month_2,2018-03-29,2018-04-27,7.849519774537037,degC,expanding_prior_year_window_climatology,1.0,True,10,9,2008|2009|2011|2012|2013|2014|2015|2016|2017,f1a8093884350fdcc9b4d43f927c0fecac54ec9e8cae7144e72f2d3e7fedde29,1.4229497923432743,observation_time_proxy,historical data_available_time is unknown; observation_time is a pseudo-operational proxy,6.316817513888889,30,1.532702260648148,2
2018-02-27T00:00:00+00:00,2018-02-26,windermere,south,water_temperature,2.0,month_3,2018-04-28,2018-05-27,11.35746840449074,degC,expanding_prior_year_window_climatology,1.0,True,10,10,2008|2009|2010|2011|2012|2013|2014|2015|2016|2017,ba4ea450ee14f6929d8733db5d4e1979c39d088ec07d4f73081225dfd9ad6d07,1.274738011616732,observation_time_proxy,historical data_available_time is unknown; observation_time is a pseudo-operational proxy,12.184301055555556,30,-0.8268326510648158,2
2018-03-06T00:00:00+00:00,2018-03-05,windermere,south,water_temperature,2.0,month_1,2018-03-06,2018-04-04,5.781987864861112,degC,expanding_prior_year_window_climatology,1.0,True,10,10,2008|2009|2010|2011|2012|2013|2014|2015|2016|2017,1e5875d431dff586038fb04e4debf3c1be97e08a38e1d570b02733604a7919cb,1.0277887005524835,observation_time_proxy,historical data_available_time is unknown; observation_time is a pseudo-operational proxy,4.3498402361111115,30,1.4321476287500001,3
2018-03-06T00:00:00+00:00,2018-03-05,windermere,south,water_temperature,2.0,month_2,2018-04-05,2018-05-04,8.543363772376543,degC,expanding_prior_year_window_climatology,1.0,True,10,9,2008|2009|2011|2012|2013|2014|2015|2016|2017,5178b77dd69f53c7f32f0690af332c747aa27ecb29247b45c0cc0713e2b2e2ee,1.564821982119418,observation_time_proxy,historical data_available_time is unknown; observation_time is a pseudo-operational proxy,7.228632638888889,30,1.314731133487654,3
2018-03-06T00:00:00+00:00,2018-03-05,windermere,south,water_temperature,2.0,month_3,2018-05-05,2018-06-03,12.423939454885057,degC,expanding_prior_year_window_climatology,1.0,True,10,10,2008|2009|2010|2011|2012|2013|2014|2015|2016|2017,6fe6e5a552a28b1f1a9ce4ee4387ffe256b5042153db86e6a5730e5f3eba3db2,1.2692769388577605,observation_time_proxy,historical data_available_time is unknown; observation_time is a pseudo-operational proxy,14.358557347222222,30,-1.9346178923371653,3
2018-03-13T00:00:00+00:00,2018-03-12,windermere,south,water_temperature,2.0,month_1,2018-03-13,2018-04-11,6.261098958055555,degC,expanding_prior_year_window_climatology,1.0,True,10,10,2008|2009|2010|2011|2012|2013|2014|2015|2016|2017,715b383ef1ee51de7d0d0cd9764dd957ebdcaffae60d40ec2ddf29f2609a3152,1.1315699290967176,observation_time_proxy,historical data_available_time is unknown; observation_time is a pseudo-operational proxy,4.700322388888889,30,1.5607765691666664,3
2018-03-13T00:00:00+00:00,2018-03-12,windermere,south,water_temperature,2.0,month_2,2018-04-12,2018-05-11,9.338295178549382,degC,expanding_prior_year_window_climatology,1.0,True,10,9,2008|2009|2011|2012|2013|2014|2015|2016|2017,ccfba126ed3c5b7c6f666ada42cb81d30b36d006d64e9e18cf6cc3c1698d0788,1.5622078873784297,observation_time_proxy,historical data_available_time is unknown; observation_time is a pseudo-operational proxy,8.386030597222222,30,0.9522645813271602,3
2018-03-13T00:00:00+00:00,2018-03-12,windermere,south,water_temperature,2.0,month_3,2018-05-12,2018-06-10,13.642642732533524,degC,expanding_prior_year_window_climatology,1.0,True,10,10,2008|2009|2010|2011|2012|2013|2014|2015|2016|2017,ca934c458bdc3bf78f87bf5d31d4f93f611aa1df4b3dd7b3946da7b48166f5a3,1.289532622445135,observation_time_proxy,historical data_available_time is unknown; observation_time is a pseudo-operational proxy,16.597715944444445,30,-2.9550732119109213,3
2018-03-20T00:00:00+00:00,2018-03-19,windermere,south,water_temperature,2.0,month_1,2018-03-20,2018-04-18,6.86008639125,degC,expanding_prior_year_window_climatology,1.0,True,10,10,2008|2009|2010|2011|2012|2013|2014|2015|2016|2017,2666aebc11a11074efbb6e5f9c4157430b1641b944e6fda12af3aafa73ca1e93,1.2227322807456953,observation_time_proxy,historical data_available_time is unknown; observation_time is a pseudo-operational proxy,5.194944027777778,30,1.6651423634722224,3
2018-03-20T00:00:00+00:00,2018-03-19,windermere,south,water_temperature,2.0,month_2,2018-04-19,2018-05-18,10.194341635185186,degC,expanding_prior_year_window_climatology,1.0,True,10,9,2008|2009|2011|2012|2013|2014|2015|2016|2017,bf58db8e855f382a00c58c7ed91516e89bd5418f3081e2e03badf2bf2f574a7c,1.4881804414699187,observation_time_proxy,historical data_available_time is unknown; observation_time is a pseudo-operational proxy,9.959336666666667,30,0.2350049685185187,3
2018-03-20T00:00:00+00:00,2018-03-19,windermere,south,water_temperature,2.0,month_3,2018-05-19,2018-06-17,14.723118243184866,degC,expanding_prior_year_window_climatology,1.0,True,10,10,2008|2009|2010|2011|2012|2013|2014|2015|2016|2017,c2853b15b66806aba8b53833084829217741384e92cb02ef5f8f750a55af5537,1.2706577800636563,observation_time_proxy,historical data_available_time is unknown; observation_time is a pseudo-operational proxy,18.034453763888887,30,-3.311335520704022,3
2018-03-27T00:00:00+00:00,2018-03-26,windermere,south,water_temperature,2.0,month_1,2018-03-27,2018-04-25,7.65136644537037,degC,expanding_prior_year_window_climatology,1.0,True,10,9,2008|2009|2011|2012|2013|2014|2015|2016|2017,c829cba94be14fd4c9700b9fb8b19db3cb7131cbd249ceb47114bf33ea9d8347,1.4096661064589897,observation_time_proxy,historical data_available_time is unknown; observation_time is a pseudo-operational proxy,6.072236111111111,30,1.5791303342592595,3
2018-03-27T00:00:00+00:00,2018-03-26,windermere,south,water_temperature,2.0,month_2,2018-04-26,2018-05-25,11.026993491666667,degC,expanding_prior_year_window_climatology,1.0,True,10,9,2008|2009|2011|2012|2013|2014|2015|2016|2017,a7f6b0fd1a76d2272c0c4cad8f26a8fc37d2510a4eb3cde8b44a0d54820146f0,1.3641092318913504,observation_time_proxy,historical data_available_time is unknown; observation_time is a pseudo-operational proxy,11.647528333333334,30,-0.6205348416666663,3
2018-03-27T00:00:00+00:00,2018-03-26,windermere,south,water_temperature,2.0,month_3,2018-05-26,2018-06-24,15.619478463381226,degC,expanding_prior_year_window_climatology,1.0,True,10,10,2008|2009|2010|2011|2012|2013|2014|2015|2016|2017,e09d3324da87f81f5440ab4a72b1737859c9a26d36f3b52213e57c42d2192e30,1.281845296448691,observation_time_proxy,historical data_available_time is unknown; observation_time is a pseudo-operational proxy,18.48525248611111,30,-2.8657740227298856,3
2018-04-03T00:00:00+00:00,2018-04-02,windermere,south,water_temperature,2.0,month_1,2018-04-03,2018-05-02,8.339926319135802,degC,expanding_prior_year_window_climatology,1.0,True,10,9,2008|2009|2011|2012|2013|2014|2015|2016|2017,e1e552fc35400ae72be7c68c398adfd1ee1b4fbeb6b5ae8ac1a76d4dd7f915c4,1.5182958270380873,observation_time_proxy,historical data_available_time is unknown; observation_time is a pseudo-operational proxy,6.988439847222223,30,1.3514864719135797,4
2018-04-03T00:00:00+00:00,2018-04-02,windermere,south,water_temperature,2.0,month_2,2018-05-03,2018-06-01,12.08379691453544,degC,expanding_prior_year_window_climatology,1.0,True,10,10,2008|2009|2010|2011|2012|2013|2014|2015|2016|2017,72b7d2bbcc913ce869177689539645cc6a44c3c46a49fdb31a6786695cff141d,1.2538308346435092,observation_time_proxy,historical data_available_time is unknown; observation_time is a pseudo-operational proxy,13.668608013888889,30,-1.5848110993534483,4
2018-04-03T00:00:00+00:00,2018-04-02,windermere,south,water_temperature,2.0,month_3,2018-06-02,2018-07-01,16.29546620138889,degC,expanding_prior_year_window_climatology,1.0,True,10,10,2008|2009|2010|2011|2012|2013|2014|2015|2016|2017,da896ccfbfea30f5f78799cb82cc1af66612821b9d3ced7ac7dbc9d4a5f6e2cb,1.305746358198432,observation_time_proxy,historical data_available_time is unknown; observation_time is a pseudo-operational proxy,19.363825458333334,30,-3.0683592569444436,4
2018-04-10T00:00:00+00:00,2018-04-09,windermere,south,water_temperature,2.0,month_1,2018-04-10,2018-05-09,9.104811581790123,degC,expanding_prior_year_window_climatology,1.0,True,10,9,2008|2009|2011|2012|2013|2014|2015|2016|2017,2ed13ea03f3bb0c4d9e9c8f80e0d16f795d55cdafe39edb52bc2de7d0eb7abf2,1.5890885338239813,observation_time_proxy,historical data_available_time is unknown; observation_time is a pseudo-operational proxy,8.051501111111111,30,1.053310470679012,4
2018-04-10T00:00:00+00:00,2018-04-09,windermere,south,water_temperature,2.0,month_2,2018-05-10,2018-06-08,13.302849988204024,degC,expanding_prior_year_window_climatology,1.0,True,10,10,2008|2009|2010|2011|2012|2013|2014|2015|2016|2017,729638640ff3a180ad73778a9a833d6ec66a9e39c2cd33cfc96019af9c48ce9d,1.296901222204413,observation_time_proxy,historical data_available_time is unknown; observation_time is a pseudo-operational proxy,15.916233972222223,30,-2.613383984018199,4
2018-04-10T00:00:00+00:00,2018-04-09,windermere,south,water_temperature,2.0,month_3,2018-06-09,2018-07-08,16.725505138768117,degC,expanding_prior_year_window_climatology,1.0,True,10,10,2008|2009|2010|2011|2012|2013|2014|2015|2016|2017,aa1066820c347f584059790d97a7accbb344c20bb0bcd70785d8069b05cbaf48,1.2678787392199167,observation_time_proxy,historical data_available_time is unknown; observation_time is a pseudo-operational proxy,20.099982583333333,30,-3.3744774445652155,4
2018-04-17T00:00:00+00:00,2018-04-16,windermere,south,water_temperature,2.0,month_1,2018-04-17,2018-05-16,9.952605903703704,degC,expanding_prior_year_window_climatology,1.0,True,10,9,2008|2009|2011|2012|2013|2014|2015|2016|2017,deab859ccc8cd8481e3d4d9f852849dc090d07432f95c1c09c96d7acb23856d2,1.5086671080741767,observation_time_proxy,historical data_available_time is unknown; observation_time is a pseudo-operational proxy,9.447604305555556,30,0.5050015981481479,4
2018-04-17T00:00:00+00:00,2018-04-16,windermere,south,water_temperature,2.0,month_2,2018-05-17,2018-06-15,14.425370124995212,degC,expanding_prior_year_window_climatology,1.0,True,10,10,2008|2009|2010|2011|2012|2013|2014|2015|2016|2017,47b88248f2c40ddd5d43275f5f331b35d06cd234a9ee5ebe67a9450c674ad3f1,1.2724413318802272,observation_time_proxy,historical data_available_time is unknown; observation_time is a pseudo-operational proxy,17.806390430555556,30,-3.3810203055603445,4
2018-04-17T00:00:00+00:00,2018-04-16,windermere,south,water_temperature,2.0,month_3,2018-06-16,2018-07-15,17.184047011747914,degC,expanding_prior_year_window_climatology,1.0,True,10,10,2008|2009|2010|2011|2012|2013|2014|2015|2016|2017,9d491579244e496392e9d308fad8b946628ad9243785f63fcbcc66dc68c49596,1.3435790268601395,observation_time_proxy,historical data_available_time is unknown; observation_time is a pseudo-operational proxy,20.674337875,30,-3.490290863252085,4
2018-04-24T00:00:00+00:00,2018-04-23,windermere,south,water_temperature,2.0,month_1,2018-04-24,2018-05-23,10.775705057561728,degC,expanding_prior_year_window_climatology,1.0,True,10,9,2008|2009|2011|2012|2013|2014|2015|2016|2017,ff30468f1f3718e7cb919ec840fabfa4652fa757e0526562b768c8e7f9fdaa69,1.4093957645474176,observation_time_proxy,historical data_available_time is unknown; observation_time is a pseudo-operational proxy,11.131869930555556,30,-0.35616487299382804,4
2018-04-24T00:00:00+00:00,2018-04-23,windermere,south,water_temperature,2.0,month_2,2018-05-24,2018-06-22,15.406880014286399,degC,expanding_prior_year_window_climatology,1.0,True,10,10,2008|2009|2010|2011|2012|2013|2014|2015|2016|2017,a839ee0dbf200ab177998485d4df7c1765685fbfeb6c3841130187a18b05e130,1.2938764085662244,observation_time_proxy,historical data_available_time is unknown; observation_time is a pseudo-operational proxy,18.376537041666666,30,-2.9696570273802667,4
2018-04-24T00:00:00+00:00,2018-04-23,windermere,south,water_temperature,2.0,month_3,2018-06-23,2018-07-22,17.574344011747915,degC,expanding_prior_year_window_climatology,1.0,True,10,10,2008|2009|2010|2011|2012|2013|2014|2015|2016|2017,4e5921d3709e301cb2874825c0b4e08630d7df2bfbb315d7e0c5d1fce226f47a,1.4025216940992098,observation_time_proxy,historical data_available_time is unknown; observation_time is a pseudo-operational proxy,21.611247458333334,30,-4.03690344658542,4
2018-05-01T00:00:00+00:00,2018-04-30,windermere,south,water_temperature,2.0,month_1,2018-05-01,2018-05-30,11.780229592083334,degC,expanding_prior_year_window_climatology,1.0,True,10,10,2008|2009|2010|2011|2012|2013|2014|2015|2016|2017,aadf4a680363be9ddb98d2a4ff103ad5fcbf090fcf5d64bd875a994df170f3d0,1.2518825481076765,observation_time_proxy,historical data_available_time is unknown; observation_time is a pseudo-operational proxy,13.028160208333333,30,-1.2479306162499988,5
2018-05-01T00:00:00+00:00,2018-04-30,windermere,south,water_temperature,2.0,month_2,2018-05-31,2018-06-29,16.109814217385058,degC,expanding_prior_year_window_climatology,1.0,True,10,10,2008|2009|2010|2011|2012|2013|2014|2015|2016|2017,22f569996f5b338493cfcde1cb67714d7749002909b0f6309e3fe3238a083728,1.2905995886215949,observation_time_proxy,historical data_available_time is unknown; observation_time is a pseudo-operational proxy,19.08533909722222,30,-2.975524879837163,5
2018-05-01T00:00:00+00:00,2018-04-30,windermere,south,water_temperature,2.0,month_3,2018-06-30,2018-07-29,18.004266475835216,degC,expanding_prior_year_window_climatology,1.0,True,10,10,2008|2009|2010|2011|2012|2013|2014|2015|2016|2017,0dc21fdac9991d2bab785047ff6ec3aa8633ac945e0280cb836e59d2b36fa9e2,1.4018627684812737,observation_time_proxy,historical data_available_time is unknown; observation_time is a pseudo-operational proxy,21.868661833333334,30,-3.8643953574981182,5
2018-05-08T00:00:00+00:00,2018-05-07,windermere,south,water_temperature,2.0,month_1,2018-05-08,2018-06-06,12.957412390229885,degC,expanding_prior_year_window_climatology,1.0,True,10,10,2008|2009|2010|2011|2012|2013|2014|2015|2016|2017,3933ffdaa82006a5f83af01c6fb299b948551d466ffdabbc859783f913659cc7,1.2887624160755116,observation_time_proxy,historical data_available_time is unknown; observation_time is a pseudo-operational proxy,15.304593916666667,30,-2.3471815264367812,5
2018-05-08T00:00:00+00:00,2018-05-07,windermere,south,water_temperature,2.0,month_2,2018-06-07,2018-07-06,16.621066276268117,degC,expanding_prior_year_window_climatology,1.0,True,10,10,2008|2009|2010|2011|2012|2013|2014|2015|2016|2017,2a9c981790171dbfa151091591bd7802d6977cf87dc2ac45e388293f87a0f2d9,1.2886629302641779,observation_time_proxy,historical data_available_time is unknown; observation_time is a pseudo-operational proxy,19.922360930555556,30,-3.301294654287439,5
2018-05-08T00:00:00+00:00,2018-05-07,windermere,south,water_temperature,2.0,month_3,2018-07-07,2018-08-05,18.23188778676948,degC,expanding_prior_year_window_climatology,1.0,True,10,10,2008|2009|2010|2011|2012|2013|2014|2015|2016|2017,ffb131f887f688950180fcd7c3b550d8a0044ca6d76a88341a09a64f32a5e1ad,1.519158067921416,observation_time_proxy,historical data_available_time is unknown; observation_time is a pseudo-operational proxy,21.091992,30,-2.860104213230521,5
2018-05-15T00:00:00+00:00,2018-05-14,windermere,south,water_temperature,2.0,month_1,2018-05-15,2018-06-13,14.123951887112069,degC,expanding_prior_year_window_climatology,1.0,True,10,10,2008|2009|2010|2011|2012|2013|2014|2015|2016|2017,fa799d4312807847aa89b7d8a75274ea6ddfd3af517f0f77c838a33a966a95b6,1.2684316523811365,observation_time_proxy,historical data_available_time is unknown; observation_time is a pseudo-operational proxy,17.476946625,30,-3.352994737887931,5
2018-05-15T00:00:00+00:00,2018-05-14,windermere,south,water_temperature,2.0,month_2,2018-06-14,2018-07-13,17.046996074247915,degC,expanding_prior_year_window_climatology,1.0,True,10,10,2008|2009|2010|2011|2012|2013|2014|2015|2016|2017,42e7826b8ded51d1d341d25b69cb739104fe6f131194c82e558e8f0f952e5db8,1.312711471549917,observation_time_proxy,historical data_available_time is unknown; observation_time is a pseudo-operational proxy,20.433718458333335,30,-3.38672238408542,5
2018-05-15T00:00:00+00:00,2018-05-14,windermere,south,water_temperature,2.0,month_3,2018-07-14,2018-08-12,18.253684222718253,degC,expanding_prior_year_window_climatology,1.0,True,10,10,2008|2009|2010|2011|2012|2013|2014|2015|2016|2017,d58b5a5e489a45fa994cde015709f189676d611a6ae47c4a48e713561298d316,1.4385262978416726,observation_time_proxy,historical data_available_time is unknown; observation_time is a pseudo-operational proxy,20.254996944444443,30,-2.0013127217261903,5
2018-05-22T00:00:00+00:00,2018-05-21,windermere,south,water_temperature,2.0,month_1,2018-05-22,2018-06-20,15.152004043117817,degC,expanding_prior_year_window_climatology,1.0,True,10,10,2008|2009|2010|2011|2012|2013|2014|2015|2016|2017,840870ab99202f61186fc7876db9b8cc7669b766494e3543155463dd60445c7d,1.2809179985340162,observation_time_proxy,historical data_available_time is unknown; observation_time is a pseudo-operational proxy,18.266129930555554,30,-3.114125887437737,5
2018-05-22T00:00:00+00:00,2018-05-21,windermere,south,water_temperature,2.0,month_2,2018-06-21,2018-07-20,17.47079275480347,degC,expanding_prior_year_window_climatology,1.0,True,10,10,2008|2009|2010|2011|2012|2013|2014|2015|2016|2017,51c70777ce614d4b807985134a8e3b331892377da181695db104225ec77191e1,1.3868684148936736,observation_time_proxy,historical data_available_time is unknown; observation_time is a pseudo-operational proxy,21.371430680555555,30,-3.9006379257520862,5
2018-05-22T00:00:00+00:00,2018-05-21,windermere,south,water_temperature,2.0,month_3,2018-07-21,2018-08-19,18.150240106150793,degC,expanding_prior_year_window_climatology,1.0,True,10,10,2008|2009|2010|2011|2012|2013|2014|2015|2016|2017,954566b854746310843f8e9950ea5714566751af5137d5ea4bf63a669ece2981,1.1442971123442847,observation_time_proxy,historical data_available_time is unknown; observation_time is a pseudo-operational proxy,19.56643586111111,30,-1.4161957549603166,5
2018-05-29T00:00:00+00:00,2018-05-28,windermere,south,water_temperature,2.0,month_1,2018-05-29,2018-06-27,15.918339521647509,degC,expanding_prior_year_window_climatology,1.0,True,10,10,2008|2009|2010|2011|2012|2013|2014|2015|2016|2017,4e39d66d2687d33a0266f0481370e7bee6006640c3a1bc0b03056f4e25bb0b80,1.2901183515688865,observation_time_proxy,historical data_available_time is unknown; observation_time is a pseudo-operational proxy,18.782978319444446,30,-2.864638797796937,5
2018-05-29T00:00:00+00:00,2018-05-28,windermere,south,water_temperature,2.0,month_2,2018-06-28,2018-07-27,17.886159000253663,degC,expanding_prior_year_window_climatology,1.0,True,10,10,2008|2009|2010|2011|2012|2013|2014|2015|2016|2017,ac5078562f7ac77e20aa564d105d0ee192e1ef3057adbfb0906fc2ee62c3e5d6,1.4061979967192308,observation_time_proxy,historical data_available_time is unknown; observation_time is a pseudo-operational proxy,21.972246291666668,30,-4.086087291413005,5
2018-05-29T00:00:00+00:00,2018-05-28,windermere,south,water_temperature,2.0,month_3,2018-07-28,2018-08-26,17.874680247448,degC,expanding_prior_year_window_climatology,1.0,True,10,10,2008|2009|2010|2011|2012|2013|2014|2015|2016|2017,352e2c47ab79db0d856d2c5a5f0cb521e6f4c0134866bb0fddddd91a55d89b80,0.737195101001118,observation_time_proxy,historical data_available_time is unknown; observation_time is a pseudo-operational proxy,18.87698539673913,30,-1.0023051492911286,5
2018-06-05T00:00:00+00:00,2018-06-04,windermere,south,water_temperature,2.0,month_1,2018-06-05,2018-07-04,16.507332070833332,degC,expanding_prior_year_window_climatology,1.0,True,10,10,2008|2009|2010|2011|2012|2013|2014|2015|2016|2017,97cced299b18f163464f6b63d1fe297430167df77fd18aa303f3b50dd756464c,1.3016766946918943,observation_time_proxy,historical data_available_time is unknown; observation_time is a pseudo-operational proxy,19.70290976388889,30,-3.195577693055558,6
2018-06-05T00:00:00+00:00,2018-06-04,windermere,south,water_temperature,2.0,month_2,2018-07-05,2018-08-03,18.18342149230347,degC,expanding_prior_year_window_climatology,1.0,True,10,10,2008|2009|2010|2011|2012|2013|2014|2015|2016|2017,d5b3c18eb782151088ee26fcb9490555957ac91bf8c8c71a7eaa831c534b2622,1.480300813676708,observation_time_proxy,historical data_available_time is unknown; observation_time is a pseudo-operational proxy,21.319318541666668,30,-3.135897049363198,6
2018-06-05T00:00:00+00:00,2018-06-04,windermere,south,water_temperature,2.0,month_3,2018-08-04,2018-09-02,17.56081988015873,degC,expanding_prior_year_window_climatology,1.0,True,10,10,2008|2009|2010|2011|2012|2013|2014|2015|2016|2017,78e6863efa042d48c7e28c86840092104da57096f6473fd977f1b7b6410a533b,0.5333833019335934,observation_time_proxy,historical data_available_time is unknown; observation_time is a pseudo-operational proxy,18.338267175779535,30,-0.7774472956208065,6
2018-06-12T00:00:00+00:00,2018-06-11,windermere,south,water_temperature,2.0,month_1,2018-06-12,2018-07-11,16.90885172210145,degC,expanding_prior_year_window_climatology,1.0,True,10,10,2008|2009|2010|2011|2012|2013|2014|2015|2016|2017,33f16aa9fe1a317f4a3962729b70f86019a9bf35f02aea54802d81798e8d6ea1,1.2836212057468888,observation_time_proxy,historical data_available_time is unknown; observation_time is a pseudo-operational proxy,20.306371194444445,30,-3.397519472342996,6
2018-06-12T00:00:00+00:00,2018-06-11,windermere,south,water_temperature,2.0,month_2,2018-07-12,2018-08-10,18.278828370896463,degC,expanding_prior_year_window_climatology,1.0,True,10,10,2008|2009|2010|2011|2012|2013|2014|2015|2016|2017,38e53cc1665d0761d7ea02d1024c9e7b09fb7f02e8b18b0f5a0aa6728961df17,1.507814428136615,observation_time_proxy,historical data_available_time is unknown; observation_time is a pseudo-operational proxy,20.485018069444443,30,-2.2061896985479805,6
2018-06-12T00:00:00+00:00,2018-06-11,windermere,south,water_temperature,2.0,month_3,2018-08-11,2018-09-09,17.260610845833334,degC,expanding_prior_year_window_climatology,1.0,True,10,10,2008|2009|2010|2011|2012|2013|2014|2015|2016|2017,8de16b637d5deb9c6520a6292aa416daf762fcd26faca9b45b6e18df11f3ec39,0.5724631218015261,observation_time_proxy,historical data_available_time is unknown; observation_time is a pseudo-operational proxy,17.851385550779533,30,-0.5907747049461989,6
2018-06-19T00:00:00+00:00,2018-06-18,windermere,south,water_temperature,2.0,month_1,2018-06-19,2018-07-18,17.357605636747913,degC,expanding_prior_year_window_climatology,1.0,True,10,10,2008|2009|2010|2011|2012|2013|2014|2015|2016|2017,463462c59214d778d19b32945c1530ba1af841ec13c67cf365af5056fdaec3ac,1.3681750291940475,observation_time_proxy,historical data_available_time is unknown; observation_time is a pseudo-operational proxy,21.09535976388889,30,-3.7377541271409775,6
2018-06-19T00:00:00+00:00,2018-06-18,windermere,south,water_temperature,2.0,month_2,2018-07-19,2018-08-17,18.19686638452381,degC,expanding_prior_year_window_climatology,1.0,True,10,10,2008|2009|2010|2011|2012|2013|2014|2015|2016|2017,9e40319246f3022c4de30b02487cbfe14a85e1639a3501f7f2d3622def14bc08,1.2536882782173122,observation_time_proxy,historical data_available_time is unknown; observation_time is a pseudo-operational proxy,19.773636625,30,-1.5767702404761934,6
2018-06-19T00:00:00+00:00,2018-06-18,windermere,south,water_temperature,2.0,month_3,2018-08-18,2018-09-16,16.8993465625,degC,expanding_prior_year_window_climatology,1.0,True,10,10,2008|2009|2010|2011|2012|2013|2014|2015|2016|2017,3b9186b0562400c22add216c33f149ec32ec6b502216d25f40bfefaec313a6be,0.6397113626292326,observation_time_proxy,historical data_available_time is unknown; observation_time is a pseudo-operational proxy,17.1840697174462,30,-0.2847231549461995,6
2018-06-26T00:00:00+00:00,2018-06-25,windermere,south,water_temperature,2.0,month_1,2018-06-26,2018-07-25,17.75909211591458,degC,expanding_prior_year_window_climatology,1.0,True,10,10,2008|2009|2010|2011|2012|2013|2014|2015|2016|2017,f1665f512edc4a185bddc0b8171a441d649b527283eea7f118e28bc454012135,1.4106542644091704,observation_time_proxy,historical data_available_time is unknown; observation_time is a pseudo-operational proxy,21.893058416666666,30,-4.1339663007520855,6
2018-06-26T00:00:00+00:00,2018-06-25,windermere,south,water_temperature,2.0,month_2,2018-07-26,2018-08-24,17.967669858829364,degC,expanding_prior_year_window_climatology,1.0,True,10,10,2008|2009|2010|2011|2012|2013|2014|2015|2016|2017,71c5d0af2c39e92fbf76436ae2c14409f6857ebda690e5511904b146419c1701,0.8413854264198332,observation_time_proxy,historical data_available_time is unknown; observation_time is a pseudo-operational proxy,19.118160652777778,30,-1.1504907939484141,6
2018-06-26T00:00:00+00:00,2018-06-25,windermere,south,water_temperature,2.0,month_3,2018-08-25,2018-09-23,16.46815874861111,degC,expanding_prior_year_window_climatology,1.0,True,10,10,2008|2009|2010|2011|2012|2013|2014|2015|2016|2017,e4a0e3e9f0b44e5a5e3d59746c64e05fa9a5db72f862dc9db8e6552f79209a36,0.7368836572902424,observation_time_proxy,historical data_available_time is unknown; observation_time is a pseudo-operational proxy,16.474274826141855,30,-0.0061160775307449455,6
2018-07-03T00:00:00+00:00,2018-07-02,windermere,south,water_temperature,2.0,month_1,2018-07-03,2018-08-01,18.12207220262093,degC,expanding_prior_year_window_climatology,1.0,True,10,10,2008|2009|2010|2011|2012|2013|2014|2015|2016|2017,924da434b1914ffe1d5098c51f120cb720f1d4dc92d244397b5f6c4ac93ed057,1.4295518178164155,observation_time_proxy,historical data_available_time is unknown; observation_time is a pseudo-operational proxy,21.55278226388889,30,-3.430710061267959,7
2018-07-03T00:00:00+00:00,2018-07-02,windermere,south,water_temperature,2.0,month_2,2018-08-02,2018-08-31,17.645842670436508,degC,expanding_prior_year_window_climatology,1.0,True,10,10,2008|2009|2010|2011|2012|2013|2014|2015|2016|2017,68936519ea35c44487b9d25c348206b4def4ed40f748c594c3b4814875e6daaa,0.5824095761042161,observation_time_proxy,historical data_available_time is unknown; observation_time is a pseudo-operational proxy,18.455374634112868,30,-0.8095319636763598,7
2018-07-03T00:00:00+00:00,2018-07-02,windermere,south,water_temperature,2.0,month_3,2018-09-01,2018-09-30,15.953640577777778,degC,expanding_prior_year_window_climatology,1.0,True,10,10,2008|2009|2010|2011|2012|2013|2014|2015|2016|2017,feb70a9df0137ebc7ea3768da249216ae67cd3efbe6d50c9d547c60d52b6eb90,0.8158632485863525,observation_time_proxy,historical data_available_time is unknown; observation_time is a pseudo-operational proxy,15.673718378897671,30,0.27992219888010617,7
2018-07-10T00:00:00+00:00,2018-07-09,windermere,south,water_temperature,2.0,month_1,2018-07-10,2018-08-08,18.28131537288059,degC,expanding_prior_year_window_climatology,1.0,True,10,10,2008|2009|2010|2011|2012|2013|2014|2015|2016|2017,09d92f16615f10edc49b8c221b7ff058ae99a20b81cc6f8f149bb24edff28d24,1.536585204056707,observation_time_proxy,historical data_available_time is unknown; observation_time is a pseudo-operational proxy,20.733285708333334,30,-2.4519703354527422,7
2018-07-10T00:00:00+00:00,2018-07-09,windermere,south,water_temperature,2.0,month_2,2018-08-09,2018-09-07,17.35206704722222,degC,expanding_prior_year_window_climatology,1.0,True,10,10,2008|2009|2010|2011|2012|2013|2014|2015|2016|2017,779d9a882710c58d522a3b630ee0a8333b853b0dc37d56ec0197b63b7a7c1041,0.5485211008551015,observation_time_proxy,historical data_available_time is unknown; observation_time is a pseudo-operational proxy,18.006680814668425,30,-0.6546137674462038,7
2018-07-10T00:00:00+00:00,2018-07-09,windermere,south,water_temperature,2.0,month_3,2018-09-08,2018-10-07,15.373563168055556,degC,expanding_prior_year_window_climatology,1.0,True,10,10,2008|2009|2010|2011|2012|2013|2014|2015|2016|2017,52058678069b2ff93a9e2b27c2ca83dbf8e180a7d46ad13128e7ee17f3d8b41e,0.8293782120105714,observation_time_proxy,historical data_available_time is unknown; observation_time is a pseudo-operational proxy,14.720093809453228,30,0.6534693586023277,7
2018-07-17T00:00:00+00:00,2018-07-16,windermere,south,water_temperature,2.0,month_1,2018-07-17,2018-08-15,18.22103479126984,degC,expanding_prior_year_window_climatology,1.0,True,10,10,2008|2009|2010|2011|2012|2013|2014|2015|2016|2017,f7cc3d32cf78d68b72902e3bde9399a4f91973f64b23378725942201a3a1bb0b,1.3362100433028254,observation_time_proxy,historical data_available_time is unknown; observation_time is a pseudo-operational proxy,19.964953625,30,-1.7439188337301594,7
2018-07-17T00:00:00+00:00,2018-07-16,windermere,south,water_temperature,2.0,month_2,2018-08-16,2018-09-14,17.011770044444443,degC,expanding_prior_year_window_climatology,1.0,True,10,10,2008|2009|2010|2011|2012|2013|2014|2015|2016|2017,f1a9a623aa2867481a2e125787b8710a15c9955880aa3d6ae3f8f6620360b0bf,0.6262724720428332,observation_time_proxy,historical data_available_time is unknown; observation_time is a pseudo-operational proxy,17.36820723133509,30,-0.3564371868906484,7
2018-07-17T00:00:00+00:00,2018-07-16,windermere,south,water_temperature,2.0,month_3,2018-09-15,2018-10-14,14.7285762125,degC,expanding_prior_year_window_climatology,1.0,True,10,10,2008|2009|2010|2011|2012|2013|2014|2015|2016|2017,247cf8b6a20bfa5b8c29ac1c8bb62ce39f0a6435c72d46a92d070d3ba86cb012,0.8005099833144974,observation_time_proxy,historical data_available_time is unknown; observation_time is a pseudo-operational proxy,13.884152476119894,30,0.8444237363801061,7
2018-07-24T00:00:00+00:00,2018-07-23,windermere,south,water_temperature,2.0,month_1,2018-07-24,2018-08-22,18.046525549305557,degC,expanding_prior_year_window_climatology,1.0,True,10,10,2008|2009|2010|2011|2012|2013|2014|2015|2016|2017,92283d946dd29fabf0b0110db7acc4ff69c9ea2f989c6de2235ad369f619a4fe,0.9635472209324218,observation_time_proxy,historical data_available_time is unknown; observation_time is a pseudo-operational proxy,19.313146430555555,30,-1.2666208812499988,7
2018-07-24T00:00:00+00:00,2018-07-23,windermere,south,water_temperature,2.0,month_2,2018-08-23,2018-09-21,16.60495919583333,degC,expanding_prior_year_window_climatology,1.0,True,10,10,2008|2009|2010|2011|2012|2013|2014|2015|2016|2017,a841c04b66b177e00a4483af2d9b5fbe09434fcb5c0321ee66878fded9a0643e,0.702743080018299,observation_time_proxy,historical data_available_time is unknown; observation_time is a pseudo-operational proxy,16.70087735391963,30,-0.09591815808629889,7
2018-07-24T00:00:00+00:00,2018-07-23,windermere,south,water_temperature,2.0,month_3,2018-09-22,2018-10-21,14.060129044444444,degC,expanding_prior_year_window_climatology,1.0,True,10,10,2008|2009|2010|2011|2012|2013|2014|2015|2016|2017,be240a513382e1e7a963b08cccbf8348f7d9439a620ef5f74255516265e57a29,0.7343816441630725,observation_time_proxy,historical data_available_time is unknown; observation_time is a pseudo-operational proxy,13.199368381313132,30,0.8607606631313125,7
2018-07-31T00:00:00+00:00,2018-07-30,windermere,south,water_temperature,2.0,month_1,2018-07-31,2018-08-29,17.73042269126984,degC,expanding_prior_year_window_climatology,1.0,True,10,10,2008|2009|2010|2011|2012|2013|2014|2015|2016|2017,a0b59f3cac263608f6719fd870330477f80c3ab128d69307b8fe6edd7030da94,0.6377971303017058,observation_time_proxy,historical data_available_time is unknown; observation_time is a pseudo-operational proxy,18.579432259112867,30,-0.8490095678430265,7
2018-07-31T00:00:00+00:00,2018-07-30,windermere,south,water_temperature,2.0,month_2,2018-08-30,2018-09-28,16.098570225,degC,expanding_prior_year_window_climatology,1.0,True,10,10,2008|2009|2010|2011|2012|2013|2014|2015|2016|2017,3bda08defe0295f28eb4818af28f93efe00772ec1ede4069aee4558ff1dab314,0.7929876150026328,observation_time_proxy,historical data_available_time is unknown; observation_time is a pseudo-operational proxy,15.914605837231006,30,0.18396438776899338,7
2018-07-31T00:00:00+00:00,2018-07-30,windermere,south,water_temperature,2.0,month_3,2018-09-29,2018-10-28,13.350720123611111,degC,expanding_prior_year_window_climatology,1.0,True,10,10,2008|2009|2010|2011|2012|2013|2014|2015|2016|2017,0c78457252414153ddd7ebe551656fed2de5a62b68a785bb6aa0b3a7cf0a9dd9,0.6979308625259204,observation_time_proxy,historical data_available_time is unknown; observation_time is a pseudo-operational proxy,12.643134777777778,30,0.7075853458333334,7
2018-08-07T00:00:00+00:00,2018-08-06,windermere,south,water_temperature,2.0,month_1,2018-08-07,2018-09-05,17.44438269404762,degC,expanding_prior_year_window_climatology,1.0,True,10,10,2008|2009|2010|2011|2012|2013|2014|2015|2016|2017,25fed446c3b406059477dd4e6c3241c16550250bb17987309d90a0bfa446e028,0.5209123210115579,observation_time_proxy,historical data_available_time is unknown; observation_time is a pseudo-operational proxy,18.13448499522398,30,-0.6901023011763598,8
2018-08-07T00:00:00+00:00,2018-08-06,windermere,south,water_temperature,2.0,month_2,2018-09-06,2018-10-05,15.547285597222222,degC,expanding_prior_year_window_climatology,1.0,True,10,10,2008|2009|2010|2011|2012|2013|2014|2015|2016|2017,b978015cf1e89b8a5949c0fcc59ae32e3f960fc3e38c531e3224f67e39c1dfdf,0.8410511829325484,observation_time_proxy,historical data_available_time is unknown; observation_time is a pseudo-operational proxy,15.008931087231005,30,0.5383545099912173,8
2018-08-07T00:00:00+00:00,2018-08-06,windermere,south,water_temperature,2.0,month_3,2018-10-06,2018-11-04,12.624638265187198,degC,expanding_prior_year_window_climatology,1.0,True,10,10,2008|2009|2010|2011|2012|2013|2014|2015|2016|2017,914ee5a61031ccebabfc4e0365343865f24b4cc95af4d8b82ddafcf36d3b9a8b,0.7221623575198293,observation_time_proxy,historical data_available_time is unknown; observation_time is a pseudo-operational proxy,11.978288222222222,30,0.6463500429649756,8
2018-08-14T00:00:00+00:00,2018-08-13,windermere,south,water_temperature,2.0,month_1,2018-08-14,2018-09-12,17.117365030555554,degC,expanding_prior_year_window_climatology,1.0,True,10,10,2008|2009|2010|2011|2012|2013|2014|2015|2016|2017,879681f7432e7845ae59a58adfb5939e63bd9f844a22631df1f24aefbf2d5840,0.6083036195924232,observation_time_proxy,historical data_available_time is unknown; observation_time is a pseudo-operational proxy,17.57084798133509,30,-0.4534829507795344,8
2018-08-14T00:00:00+00:00,2018-08-13,windermere,south,water_temperature,2.0,month_2,2018-09-13,2018-10-12,14.91751900138889,degC,expanding_prior_year_window_climatology,1.0,True,10,10,2008|2009|2010|2011|2012|2013|2014|2015|2016|2017,51ba6b1d3e0b0c272f586f669e58aaae5c24891899d45becc9c47f9a7f06dff5,0.8091334783626103,observation_time_proxy,historical data_available_time is unknown; observation_time is a pseudo-operational proxy,14.102009976119895,30,0.8155090252689945,8
2018-08-14T00:00:00+00:00,2018-08-13,windermere,south,water_temperature,2.0,month_3,2018-10-13,2018-11-11,11.895715450881642,degC,expanding_prior_year_window_climatology,1.0,True,10,10,2008|2009|2010|2011|2012|2013|2014|2015|2016|2017,d2944211096aaf6c84e9106afd87ae5cbebc01beaa2360ea5625bce4af3aac8e,0.7477823541580474,observation_time_proxy,historical data_available_time is unknown; observation_time is a pseudo-operational proxy,11.335699388888889,30,0.5600160619927532,8
2018-08-21T00:00:00+00:00,2018-08-20,windermere,south,water_temperature,2.0,month_1,2018-08-21,2018-09-19,16.7225196,degC,expanding_prior_year_window_climatology,1.0,True,10,10,2008|2009|2010|2011|2012|2013|2014|2015|2016|2017,bff2e59178d82a309799671b8f300fc1efeb27f5ab695cfd83ebed2a3c719935,0.6642182721090111,observation_time_proxy,historical data_available_time is unknown; observation_time is a pseudo-operational proxy,16.922381536890647,30,-0.1998619368906489,8
2018-08-21T00:00:00+00:00,2018-08-20,windermere,south,water_temperature,2.0,month_2,2018-09-20,2018-10-19,14.255147652777778,degC,expanding_prior_year_window_climatology,1.0,True,10,10,2008|2009|2010|2011|2012|2013|2014|2015|2016|2017,31b042432996ea6d00dbe995267887ab06a6e0985e33797aa7c7714865d2b372,0.7541018600222955,observation_time_proxy,historical data_available_time is unknown; observation_time is a pseudo-operational proxy,13.375311990008782,30,0.8798356627689952,8
2018-08-21T00:00:00+00:00,2018-08-20,windermere,south,water_temperature,2.0,month_3,2018-10-20,2018-11-18,11.175642782548309,degC,expanding_prior_year_window_climatology,1.0,True,10,10,2008|2009|2010|2011|2012|2013|2014|2015|2016|2017,4788ad53f1848ed69155263f9e9d27440c1e6e7f7a42d509248b1a3c1fd6c7ed,0.7779490399823008,observation_time_proxy,historical data_available_time is unknown; observation_time is a pseudo-operational proxy,10.673781694444445,30,0.5018610881038637,8
2018-08-28T00:00:00+00:00,2018-08-27,windermere,south,water_temperature,2.0,month_1,2018-08-28,2018-09-26,16.24337950416667,degC,expanding_prior_year_window_climatology,1.0,True,10,10,2008|2009|2010|2011|2012|2013|2014|2015|2016|2017,53b3a85afd26550cfa710365064d5bdb0a130daca767ab7409fd5ef43eb2ae97,0.7726918503878716,observation_time_proxy,historical data_available_time is unknown; observation_time is a pseudo-operational proxy,16.131125762736055,30,0.11225374143061373,8
2018-08-28T00:00:00+00:00,2018-08-27,windermere,south,water_temperature,2.0,month_2,2018-09-27,2018-10-26,13.557686579166667,degC,expanding_prior_year_window_climatology,1.0,True,10,10,2008|2009|2010|2011|2012|2013|2014|2015|2016|2017,c62e2f36bfe9b8c32e3f87eab39d713d84bfbd5b7cad009302c6036bf381fe2f,0.6974274205655162,observation_time_proxy,historical data_available_time is unknown; observation_time is a pseudo-operational proxy,12.819681131313132,30,0.738005447853535,8
2018-08-28T00:00:00+00:00,2018-08-27,windermere,south,water_temperature,2.0,month_3,2018-10-27,2018-11-25,10.495105691714976,degC,expanding_prior_year_window_climatology,1.0,True,10,10,2008|2009|2010|2011|2012|2013|2014|2015|2016|2017,4806172ea1f58634e474f82b5184045d210f91e5d2ac7c5e2499cc4fe4d797ab,0.8051383403146591,observation_time_proxy,historical data_available_time is unknown; observation_time is a pseudo-operational proxy,9.972219708333334,30,0.5228859833816415,8
2018-09-04T00:00:00+00:00,2018-09-03,windermere,south,water_temperature,2.0,month_1,2018-09-04,2018-10-03,15.725159343055555,degC,expanding_prior_year_window_climatology,1.0,True,10,10,2008|2009|2010|2011|2012|2013|2014|2015|2016|2017,bf8ee80ef72652ff0f8cf39a8b722772d68ba757c82d0dd5e9d2ee78048cfae0,0.8390193418781732,observation_time_proxy,historical data_available_time is unknown; observation_time is a pseudo-operational proxy,15.288503878897671,30,0.4366554641578837,9
2018-09-04T00:00:00+00:00,2018-09-03,windermere,south,water_temperature,2.0,month_2,2018-10-04,2018-11-02,12.826852571437199,degC,expanding_prior_year_window_climatology,1.0,True,10,10,2008|2009|2010|2011|2012|2013|2014|2015|2016|2017,6336b2abb9ab040338607bc1c398cd85173df9b4acb29166b6ad00ad1907f793,0.7104723944212447,observation_time_proxy,historical data_available_time is unknown; observation_time is a pseudo-operational proxy,12.174029791666666,30,0.652822779770533,9
2018-09-04T00:00:00+00:00,2018-09-03,windermere,south,water_temperature,2.0,month_3,2018-11-03,2018-12-02,9.79420645513889,degC,expanding_prior_year_window_climatology,1.0,True,10,10,2008|2009|2010|2011|2012|2013|2014|2015|2016|2017,8dd96fa66704d837e4c76903ea8fd50ac790e560f38523888b32f26f603bee9a,0.8171813474869042,observation_time_proxy,historical data_available_time is unknown; observation_time is a pseudo-operational proxy,9.410146319444445,30,0.38406013569444397,9
2018-09-11T00:00:00+00:00,2018-09-10,windermere,south,water_temperature,2.0,month_1,2018-09-11,2018-10-10,15.104099111111111,degC,expanding_prior_year_window_climatology,1.0,True,10,10,2008|2009|2010|2011|2012|2013|2014|2015|2016|2017,1ca9514dd4347b5273164d49f5be98bc16d6a7a19646f3616a5a97e799b6431e,0.8141503761141031,observation_time_proxy,historical data_available_time is unknown; observation_time is a pseudo-operational proxy,14.33029301778656,30,0.7738060933245503,9
2018-09-11T00:00:00+00:00,2018-09-10,windermere,south,water_temperature,2.0,month_2,2018-10-11,2018-11-09,12.105835365187199,degC,expanding_prior_year_window_climatology,1.0,True,10,10,2008|2009|2010|2011|2012|2013|2014|2015|2016|2017,5c311d7424965e7ba0b2e5e9f4fa1827deeb1ac1b9747cba8b2c30acdafaecfb,0.739212366247442,observation_time_proxy,historical data_available_time is unknown; observation_time is a pseudo-operational proxy,11.525968138888889,30,0.57986722629831,9
2018-09-11T00:00:00+00:00,2018-09-10,windermere,south,water_temperature,2.0,month_3,2018-11-10,2018-12-09,9.084797335513285,degC,expanding_prior_year_window_climatology,1.0,True,10,10,2008|2009|2010|2011|2012|2013|2014|2015|2016|2017,d9721e90eabdccc1f220145283988603dd318750fc95b918bdf1e3d4d78dc793,0.838890593697784,observation_time_proxy,historical data_available_time is unknown; observation_time is a pseudo-operational proxy,8.92479311111111,30,0.160004224402174,9
2018-09-18T00:00:00+00:00,2018-09-17,windermere,south,water_temperature,2.0,month_1,2018-09-18,2018-10-17,14.446916180555556,degC,expanding_prior_year_window_climatology,1.0,True,10,10,2008|2009|2010|2011|2012|2013|2014|2015|2016|2017,609bdb5b43c18199a1bd7cf3bbb67d512f64ca66b49de057934dd5f1827e1279,0.7725444345543013,observation_time_proxy,historical data_available_time is unknown; observation_time is a pseudo-operational proxy,13.574920378897673,30,0.8719958016578833,9
2018-09-18T00:00:00+00:00,2018-09-17,windermere,south,water_temperature,2.0,month_2,2018-10-18,2018-11-16,11.376798894492754,degC,expanding_prior_year_window_climatology,1.0,True,10,10,2008|2009|2010|2011|2012|2013|2014|2015|2016|2017,5f090501b203fb74ed93bce250a02155256988553f54438d96f4c13e4791f5d2,0.7709188347741232,observation_time_proxy,historical data_available_time is unknown; observation_time is a pseudo-operational proxy,10.862039347222222,30,0.5147595472705326,9
2018-09-18T00:00:00+00:00,2018-09-17,windermere,south,water_temperature,2.0,month_3,2018-11-17,2018-12-16,8.402878983013284,degC,expanding_prior_year_window_climatology,1.0,True,10,10,2008|2009|2010|2011|2012|2013|2014|2015|2016|2017,252ad8b310e7f0178c3b00f780c46f6cb17f910bd184c7c73a144b153b7f3c59,0.8340997500498413,observation_time_proxy,historical data_available_time is unknown; observation_time is a pseudo-operational proxy,8.434947583333333,30,-0.032068600320048546,9
2018-09-25T00:00:00+00:00,2018-09-24,windermere,south,water_temperature,2.0,month_1,2018-09-25,2018-10-24,13.758269909722223,degC,expanding_prior_year_window_climatology,1.0,True,10,10,2008|2009|2010|2011|2012|2013|2014|2015|2016|2017,cb190ce8b4cc2b010155ff320355309605d8bfeabfc2fb46b72c58c08145884a,0.7082931602686632,observation_time_proxy,historical data_available_time is unknown; observation_time is a pseudo-operational proxy,12.96520788131313,30,0.7930620284090928,9
2018-09-25T00:00:00+00:00,2018-09-24,windermere,south,water_temperature,2.0,month_2,2018-10-25,2018-11-23,10.687837009631643,degC,expanding_prior_year_window_climatology,1.0,True,10,10,2008|2009|2010|2011|2012|2013|2014|2015|2016|2017,ad4743fe59ec117e1ba83aadd6627355d181d5cb42a78fa725fa67f985357c4d,0.7966090002680366,observation_time_proxy,historical data_available_time is unknown; observation_time is a pseudo-operational proxy,10.172468875,30,0.5153681346316432,9
2018-09-25T00:00:00+00:00,2018-09-24,windermere,south,water_temperature,2.0,month_3,2018-11-24,2018-12-23,7.758384618291063,degC,expanding_prior_year_window_climatology,1.0,True,10,10,2008|2009|2010|2011|2012|2013|2014|2015|2016|2017,7d2ae9ff3d17249fdf5f9676b531d1e219ea348a095aca78bd4b67703c213521,0.8639165827578862,observation_time_proxy,historical data_available_time is unknown; observation_time is a pseudo-operational proxy,7.947523263888889,30,-0.18913864559782567,9
2018-10-02T00:00:00+00:00,2018-10-01,windermere,south,water_temperature,2.0,month_1,2018-10-02,2018-10-31,13.033201039492754,degC,expanding_prior_year_window_climatology,1.0,True,10,10,2008|2009|2010|2011|2012|2013|2014|2015|2016|2017,d4547eb5b893c36d14eeb3e246dd68c7c19203642d38a6144ec5843d29e6c86d,0.7014135571335561,observation_time_proxy,historical data_available_time is unknown; observation_time is a pseudo-operational proxy,12.364212916666666,30,0.6689881228260877,10
2018-10-02T00:00:00+00:00,2018-10-01,windermere,south,water_temperature,2.0,month_2,2018-11-01,2018-11-30,10.000482946388889,degC,expanding_prior_year_window_climatology,1.0,True,10,10,2008|2009|2010|2011|2012|2013|2014|2015|2016|2017,baa1e74686fe956884c55f5750fda5fd33e585f843be8851eb9992dc7e74dd52,0.8169501825355083,observation_time_proxy,historical data_available_time is unknown; observation_time is a pseudo-operational proxy,9.554490166666668,30,0.4459927797222214,10
2018-10-02T00:00:00+00:00,2018-10-01,windermere,south,water_temperature,2.0,month_3,2018-12-01,2018-12-30,7.200010248846619,degC,expanding_prior_year_window_climatology,1.0,True,10,10,2008|2009|2010|2011|2012|2013|2014|2015|2016|2017,fa5a154df75de59a946c675ac29e4fd49e50812e715e3560aefbb8585a97e8ef,0.9212351921448806,observation_time_proxy,historical data_available_time is unknown; observation_time is a pseudo-operational proxy,7.565715430555556,30,-0.36570518170893695,10
2018-10-09T00:00:00+00:00,2018-10-08,windermere,south,water_temperature,2.0,month_1,2018-10-09,2018-11-07,12.316127106576086,degC,expanding_prior_year_window_climatology,1.0,True,10,10,2008|2009|2010|2011|2012|2013|2014|2015|2016|2017,ba8d319099adcb374feb3a996fbf82004e7c33dfcf0fc2ffd39c4299eaf3d27d,0.7334884067037116,observation_time_proxy,historical data_available_time is unknown; observation_time is a pseudo-operational proxy,11.706008291666667,30,0.6101188149094199,10
2018-10-09T00:00:00+00:00,2018-10-08,windermere,south,water_temperature,2.0,month_2,2018-11-08,2018-12-07,9.283010293429951,degC,expanding_prior_year_window_climatology,1.0,True,10,10,2008|2009|2010|2011|2012|2013|2014|2015|2016|2017,798990d8ae209fd46c837f78ad4540015e99ffb8427de98357b50e516d924c14,0.831141265906499,observation_time_proxy,historical data_available_time is unknown; observation_time is a pseudo-operational proxy,9.059856180555556,30,0.22315411287439524,10
2018-10-16T00:00:00+00:00,2018-10-15,windermere,south,water_temperature,2.0,month_1,2018-10-16,2018-11-14,11.581122291576087,degC,expanding_prior_year_window_climatology,1.0,True,10,10,2008|2009|2010|2011|2012|2013|2014|2015|2016|2017,1fa7bf0633a12d566704ddb9446a4dac249743febf45bd2d8ca8fffe858bcf8e,0.7639014741790293,observation_time_proxy,historical data_available_time is unknown; observation_time is a pseudo-operational proxy,11.049232736111112,30,0.531889555464975,10
2018-10-16T00:00:00+00:00,2018-10-15,windermere,south,water_temperature,2.0,month_2,2018-11-15,2018-12-14,8.59814537120773,degC,expanding_prior_year_window_climatology,1.0,True,10,10,2008|2009|2010|2011|2012|2013|2014|2015|2016|2017,441f0599ead19d5954e9d5aec69f8d0d6875da3cd659360340f53a041a93b7ae,0.8331751131173024,observation_time_proxy,historical data_available_time is unknown; observation_time is a pseudo-operational proxy,8.587852375,30,0.010292996207729388,10
2018-10-23T00:00:00+00:00,2018-10-22,windermere,south,water_temperature,2.0,month_1,2018-10-23,2018-11-21,10.87983001754831,degC,expanding_prior_year_window_climatology,1.0,True,10,10,2008|2009|2010|2011|2012|2013|2014|2015|2016|2017,c40078835fde5da59d90c00424af0aabdd5c751b22d99b439789792ab4e0b63e,0.7887304651042473,observation_time_proxy,historical data_available_time is unknown; observation_time is a pseudo-operational proxy,10.377211888888889,30,0.5026181286594209,10
2018-10-23T00:00:00+00:00,2018-10-22,windermere,south,water_temperature,2.0,month_2,2018-11-22,2018-12-21,7.937312302179952,degC,expanding_prior_year_window_climatology,1.0,True,10,10,2008|2009|2010|2011|2012|2013|2014|2015|2016|2017,2c19185c31cbd54a596408f540d3efa77166d03526ebd09744da2daa22be3f2d,0.8487847732494118,observation_time_proxy,historical data_available_time is unknown; observation_time is a pseudo-operational proxy,8.069841888888888,30,-0.13252958670893644,10
2018-10-30T00:00:00+00:00,2018-10-29,windermere,south,water_temperature,2.0,month_1,2018-10-30,2018-11-28,10.20059658615942,degC,expanding_prior_year_window_climatology,1.0,True,10,10,2008|2009|2010|2011|2012|2013|2014|2015|2016|2017,a67388f88a86f963ea95e605fc672852a74f01a41033d02ff29e36b54b7685f1,0.81336309908263,observation_time_proxy,historical data_available_time is unknown; observation_time is a pseudo-operational proxy,9.705150416666667,30,0.49544616949275344,10
2018-10-30T00:00:00+00:00,2018-10-29,windermere,south,water_temperature,2.0,month_2,2018-11-29,2018-12-28,7.349693236763285,degC,expanding_prior_year_window_climatology,1.0,True,10,10,2008|2009|2010|2011|2012|2013|2014|2015|2016|2017,441bdb31ba78b8d444ae36a8d49156af1f7246c63c948ab2c6729fe0896d69de,0.9050848598360475,observation_time_proxy,historical data_available_time is unknown; observation_time is a pseudo-operational proxy,7.665779347222222,30,-0.3160861104589374,10
2018-11-06T00:00:00+00:00,2018-11-05,windermere,south,water_temperature,2.0,month_1,2018-11-06,2018-12-05,9.48432085870773,degC,expanding_prior_year_window_climatology,1.0,True,10,10,2008|2009|2010|2011|2012|2013|2014|2015|2016|2017,d3b7549fe6c396eb06938f6b197144f33d106342d767cabf4847b8d793e4c7a0,0.8231982687864638,observation_time_proxy,historical data_available_time is unknown; observation_time is a pseudo-operational proxy,9.201132680555556,30,0.283188178152173,11
2018-11-13T00:00:00+00:00,2018-11-12,windermere,south,water_temperature,2.0,month_1,2018-11-13,2018-12-12,8.791323161485508,degC,expanding_prior_year_window_climatology,1.0,True,10,10,2008|2009|2010|2011|2012|2013|2014|2015|2016|2017,54c6f48138d3b37f3bf21c5dc9d085806677135c3f626d40283b423722d2f3ba,0.8368966935886794,observation_time_proxy,historical data_available_time is unknown; observation_time is a pseudo-operational proxy,8.727092805555555,30,0.06423035592995241,11
2018-11-20T00:00:00+00:00,2018-11-19,windermere,south,water_temperature,2.0,month_1,2018-11-20,2018-12-19,8.120909451346618,degC,expanding_prior_year_window_climatology,1.0,True,10,10,2008|2009|2010|2011|2012|2013|2014|2015|2016|2017,2027a9debb1ab35a53183e5c6c1c96aec6eb7c28331c56db66141c6bd519ee56,0.8393519876823666,observation_time_proxy,historical data_available_time is unknown; observation_time is a pseudo-operational proxy,8.206438805555555,30,-0.08552935420893704,11
2018-11-27T00:00:00+00:00,2018-11-26,windermere,south,water_temperature,2.0,month_1,2018-11-27,2018-12-26,7.505921890374396,degC,expanding_prior_year_window_climatology,1.0,True,10,10,2008|2009|2010|2011|2012|2013|2014|2015|2016|2017,edfe5d73619767519800e486311d84dac1d2d008f07c917d7faf94faddc5a5da,0.8858452631098936,observation_time_proxy,historical data_available_time is unknown; observation_time is a pseudo-operational proxy,7.7639745,30,-0.2580526096256035,11
2018-12-04T00:00:00+00:00,2018-12-03,windermere,south,water_temperature,2.0,month_1,2018-12-04,2019-01-02,6.995963090096619,degC,expanding_prior_year_window_climatology,1.0,True,10,10,2008|2009|2010|2011|2012|2013|2014|2015|2016|2017,b529f51180cb4d91b47ffc95343044f384ad04f508aa778ada2de1fa9f1867aa,0.9416538745897381,observation_time_proxy,historical data_available_time is unknown; observation_time is a pseudo-operational proxy,7.463768407738096,28,-0.4678053176414769,12
