date,temperature_1m,temperature_2m,n_hours_1m,n_hours_2m,difference_1m_minus_2m
2008-01-01,6.09245652173913,6.0946043478260865,23,23,-0.002147826086956073
2008-01-02,6.0653625,6.088754166666667,24,24,-0.02339166666666692
2008-01-03,5.985908333333334,6.009875,24,24,-0.02396666666666647
2008-01-04,5.8827,5.9034458333333335,24,24,-0.020745833333333685
2008-01-05,5.818576,5.834604,25,25,-0.016027999999999487
2008-01-06,5.756379166666667,5.773104166666666,24,24,-0.016724999999999213
2008-01-07,5.630879166666666,5.649970833333334,24,24,-0.019091666666667173
2008-01-08,5.563154166666667,5.576708333333333,24,24,-0.013554166666666312
2008-01-09,5.501795833333333,5.521170833333334,24,24,-0.019375000000000142
2008-01-10,5.47695,5.488825,24,24,-0.011874999999999858
2008-01-11,5.444695833333333,5.467670833333333,24,24,-0.022974999999999746
2008-01-12,5.390325,5.4150583333333335,24,24,-0.024733333333333718
2008-01-13,5.368345833333334,5.375583333333333,24,24,-0.007237499999999564
2008-01-14,5.3723374999999995,5.380545833333334,24,24,-0.00820833333333404
2008-01-15,5.3640375,5.374616666666666,24,24,-0.01057916666666614
2008-01-16,5.367283333333333,5.383091666666667,24,24,-0.01580833333333409
2008-01-17,5.337795833333333,5.355108333333333,24,24,-0.017312500000000064
2008-01-18,5.370745833333333,5.378895833333333,24,24,-0.008149999999999658
2008-01-19,5.4371625,5.446525,24,24,-0.00936249999999994
2008-01-20,5.4817833333333335,5.489741666666666,24,24,-0.007958333333332845
2008-01-21,5.4637,5.479541666666667,24,24,-0.015841666666666754
2008-01-22,5.422420833333334,5.4487375,24,24,-0.026316666666666322
2008-01-23,5.4663375,5.4781375,24,24,-0.011800000000000033
2008-01-24,5.5097708333333335,5.526254166666667,24,24,-0.016483333333333405
2008-01-25,5.519145833333333,5.528941666666666,24,24,-0.009795833333333448
2008-01-26,5.585258333333333,5.590833333333333,24,24,-0.00557500000000033
2008-01-27,5.622866666666667,5.631308333333333,24,24,-0.008441666666666237
2008-01-28,5.640420833333334,5.646066666666667,24,24,-0.00564583333333335
2008-01-29,5.677691666666667,5.688608333333333,24,24,-0.010916666666665797
2008-01-30,5.661029166666666,5.677683333333333,24,24,-0.01665416666666708
2008-01-31,5.6560041666666665,5.6736375,24,24,-0.01763333333333339
2008-02-01,5.583433333333334,5.614316666666666,24,24,-0.030883333333332708
2008-02-02,5.5115875,5.5337125,24,24,-0.02212499999999995
2008-02-03,5.461879166666667,5.4804208333333335,24,24,-0.01854166666666668
2008-02-04,5.398854166666666,5.417008333333333,24,24,-0.018154166666667138
2008-02-05,5.375875,5.392783333333333,24,24,-0.016908333333333303
2008-02-06,5.3576500000000005,5.38005,24,24,-0.02239999999999931
2008-02-07,5.333945833333333,5.345670833333333,24,24,-0.011725000000000207
2008-02-08,5.324425,5.3352916666666665,24,24,-0.010866666666666802
2008-02-09,5.386779166666667,5.371370833333334,24,24,0.015408333333333246
2008-02-10,5.369695833333333,5.386141666666667,24,24,-0.016445833333333937
2008-02-11,5.35855,5.367516666666667,24,24,-0.00896666666666679
2008-02-12,5.377245833333333,5.353604166666667,24,24,0.02364166666666634
2008-02-13,5.354016666666666,5.3352208333333335,24,24,0.0187958333333329
2008-02-14,5.249745833333333,5.270975,24,24,-0.021229166666667076
2008-02-15,5.24415,5.262254166666667,24,24,-0.018104166666666366
2008-02-16,5.210008333333334,5.2229833333333335,24,24,-0.012974999999999959
2008-02-17,5.227445833333333,5.203941666666666,24,24,0.023504166666667103
2008-02-18,5.131058333333334,5.144825,24,24,-0.01376666666666626
2008-02-19,5.103275,5.115966666666667,24,24,-0.01269166666666699
2008-02-20,5.0109916666666665,5.037425,24,24,-0.02643333333333331
2008-02-21,4.966783333333333,4.9795625,24,24,-0.01277916666666723
2008-02-22,4.984083333333333,4.99515,24,24,-0.011066666666666336
2008-02-23,5.008145833333334,5.017545833333333,24,24,-0.009399999999999409
2008-02-24,5.103083333333333,5.1112416666666665,24,24,-0.008158333333333267
2008-02-25,5.070608333333333,5.087875,24,24,-0.017266666666666985
2008-02-26,5.105483333333334,5.1210875,24,24,-0.015604166666665975
2008-02-27,5.165983333333333,5.183491666666667,24,24,-0.01750833333333368
2008-02-28,5.178233333333333,5.199883333333333,24,24,-0.02165000000000017
2008-02-29,5.2053125,5.221575,24,24,-0.016262499999999847
2008-03-01,5.266854166666667,5.280733333333333,24,24,-0.013879166666666443
2008-03-02,5.3337,5.3447708333333335,24,24,-0.011070833333333141
2008-03-03,5.305720833333333,5.331325,24,24,-0.02560416666666665
2008-03-04,5.3197875,5.339979166666667,24,24,-0.020191666666666386
2008-03-05,5.322175,5.339425,24,24,-0.017250000000000654
2008-03-06,5.327658333333333,5.337154166666667,24,24,-0.009495833333334147
2008-03-07,5.3838,5.3965250000000005,24,24,-0.012725000000000541
2008-03-08,5.42355,5.4395875,24,24,-0.01603750000000037
2008-03-09,5.4445041666666665,5.4610666666666665,24,24,-0.016562500000000036
2008-03-10,5.4444333333333335,5.462066666666667,24,24,-0.01763333333333339
2008-03-11,5.425779166666667,5.443016666666667,24,24,-0.01723750000000024
2008-03-12,5.442004166666667,5.461320833333334,24,24,-0.01931666666666665
2008-03-13,5.437483333333334,5.456441666666667,24,24,-0.018958333333332966
2008-03-14,5.520795833333334,5.533704166666666,24,24,-0.012908333333332855
2008-03-15,5.547441666666667,5.559675,24,24,-0.01223333333333354
2008-03-16,5.46485,5.481766666666667,24,24,-0.016916666666666913
2008-03-17,5.533004166666666,5.551195833333334,24,24,-0.018191666666667494
2008-03-18,5.575479166666667,5.588829166666667,24,24,-0.013349999999999973
2008-03-19,5.652958333333333,5.660270833333334,24,24,-0.007312500000000277
2008-03-20,5.6410625,5.650066666666667,24,24,-0.009004166666666258
2008-03-21,5.566225,5.582258333333333,24,24,-0.016033333333332678
2008-03-22,5.481379166666667,5.503325,24,24,-0.021945833333333553
2008-03-23,5.463166666666667,5.485308333333333,24,24,-0.022141666666666282
2008-03-24,5.452791666666666,5.476866666666667,24,24,-0.024075000000000735
2008-03-25,5.480441666666667,5.501620833333334,24,24,-0.021179166666667193
2008-03-26,5.5720833333333335,5.574633333333334,24,24,-0.0025500000000002743
2008-03-27,5.5794875,5.586675,24,24,-0.00718749999999968
2008-03-28,5.468670833333333,5.489504166666666,24,24,-0.020833333333333037
2008-03-29,5.45775,5.477475,24,24,-0.019725000000000215
2008-03-30,5.5411875,5.558979166666666,24,24,-0.017791666666665762
2008-03-31,5.751220833333333,5.7312875,24,24,0.01993333333333336
2008-04-01,5.687683333333333,5.709291666666666,24,24,-0.021608333333333007
2008-04-02,6.04925,6.0457625,24,24,0.0034874999999994216
2008-04-03,6.507991666666666,6.499370833333334,24,24,0.008620833333332634
2008-04-04,6.52705,6.530766666666667,24,24,-0.0037166666666665904
2008-04-05,6.437175,6.455275,24,24,-0.01810000000000045
2008-04-06,6.386079166666667,6.402666666666667,24,24,-0.016587499999999977
2008-04-07,6.1742333333333335,6.1869,24,24,-0.01266666666666616
2008-04-08,6.2517,6.267158333333334,24,24,-0.015458333333334018
2008-04-09,6.4530916666666664,6.4592625,24,24,-0.006170833333333903
2008-04-10,6.435779166666666,6.4505083333333335,24,24,-0.014729166666667126
2008-04-11,6.397504166666667,6.416308333333333,24,24,-0.01880416666666651
2008-04-12,6.4375333333333336,6.462541666666667,24,24,-0.025008333333333077
2008-04-13,6.521529166666666,6.523795833333334,24,24,-0.002266666666667305
2008-04-14,6.596470833333333,6.608616666666666,24,24,-0.0121458333333333
2008-04-15,6.703258333333333,6.70885,24,24,-0.0055916666666666615
2008-04-16,6.8006,6.814279166666666,24,24,-0.01367916666666602
2008-04-17,6.6606708333333335,6.68325,24,24,-0.022579166666666595
2008-04-18,6.646808333333333,6.66075,24,24,-0.013941666666666741
2008-04-19,6.645725,6.6614125,24,24,-0.0156875000000003
2008-04-20,6.6187708333333335,6.632225,24,24,-0.013454166666666545
2008-04-21,6.684833333333334,6.697429166666667,24,24,-0.01259583333333314
2008-04-22,7.023295833333333,6.9999,24,24,0.02339583333333284
2008-04-23,7.3756208333333335,7.329641666666666,24,24,0.045979166666667126
2008-04-24,7.293895833333333,7.307183333333334,24,24,-0.013287500000000563
2008-04-25,7.3179375,7.325025,24,24,-0.007087499999999913
2008-04-26,7.3630708333333335,7.368441666666667,24,24,-0.005370833333333103
2008-04-27,7.861679166666667,7.682154166666667,24,24,0.17952499999999993
2008-04-28,7.899454166666667,7.891591666666667,24,24,0.007862499999999883
2008-04-29,8.334670833333334,8.196245833333332,24,24,0.13842500000000157
2008-04-30,8.087616666666667,8.0630375,24,24,0.024579166666667263
2008-05-01,8.1526125,8.164945833333334,24,24,-0.012333333333334195
2008-05-02,8.374741666666667,8.367691666666666,24,24,0.007050000000001333
2008-05-03,8.638841666666666,8.633545833333333,24,24,0.0052958333333332774
2008-05-04,9.075116666666666,8.958545833333334,24,24,0.1165708333333324
2008-05-05,10.255579166666667,9.840445833333334,24,24,0.41513333333333335
2008-05-06,10.824875,10.707833333333333,24,24,0.11704166666666715
2008-05-07,11.448166666666667,11.36525,24,24,0.08291666666666764
2008-05-08,12.274166666666668,12.191541666666666,24,24,0.08262500000000195
2008-05-09,13.420541666666667,12.935666666666666,24,24,0.4848750000000006
2008-05-10,14.15875,13.035958333333333,24,24,1.1227916666666662
2008-05-11,14.659833333333333,13.8535,24,24,0.8063333333333329
2008-05-12,14.779708333333334,14.460916666666666,24,24,0.3187916666666677
2008-05-13,14.48025,14.440291666666667,24,24,0.039958333333332874
2008-05-14,14.7075,14.564791666666666,24,24,0.14270833333333321
2008-05-15,14.962916666666667,14.71825,24,24,0.24466666666666725
2008-05-16,15.03425,14.967958333333334,24,24,0.06629166666666642
2008-05-17,14.565708333333333,14.550125,24,24,0.015583333333333727
2008-05-18,14.282875,14.220458333333333,24,24,0.06241666666666745
2008-05-19,14.597666666666667,14.513791666666666,24,24,0.08387500000000081
2008-05-20,14.712875,14.580791666666666,24,24,0.132083333333334
2008-05-21,14.429708333333334,14.37275,24,24,0.05695833333333411
2008-05-22,14.389125,14.347791666666666,24,24,0.04133333333333411
2008-05-23,14.569833333333333,14.543625,24,24,0.026208333333332945
2008-05-24,14.296375,14.28375,24,24,0.012624999999999886
2008-05-25,13.819,13.813208333333334,24,24,0.0057916666666670835
2008-05-26,13.32,13.313375,24,24,0.006624999999999659
2008-05-27,13.134125000000001,13.122708333333334,24,24,0.011416666666667297
2008-05-28,12.997875,12.957541666666666,24,24,0.040333333333334664
2008-05-29,13.734041666666666,13.213916666666666,24,24,0.5201250000000002
2008-05-30,13.946166666666667,13.404458333333334,24,24,0.5417083333333323
2008-05-31,14.490791666666667,14.241083333333334,24,24,0.24970833333333253
2008-06-01,14.454791666666667,14.32525,24,24,0.12954166666666644
2008-06-02,14.64725,14.528791666666667,24,24,0.11845833333333289
2008-06-03,14.890375,14.84825,24,24,0.04212500000000041
2008-06-04,15.296541666666666,15.273041666666668,24,24,0.023499999999998522
2008-06-05,15.900125,15.744375,24,24,0.1557499999999994
2008-06-06,15.9375,15.855958333333334,24,24,0.0815416666666664
2008-06-07,16.437,16.183125,24,24,0.25387500000000074
2008-06-08,16.793416666666666,16.727291666666666,24,24,0.06612499999999955
2008-06-09,17.017375,16.945958333333333,24,24,0.0714166666666678
2008-06-10,17.08375,17.068041666666666,24,24,0.015708333333332547
2008-06-11,16.96120833333333,16.969083333333334,24,24,-0.007875000000002075
2008-06-12,16.848875,16.849375,24,24,-0.0004999999999988347
2008-06-13,16.759416666666667,16.742291666666667,24,24,0.017125000000000057
2008-06-14,16.39125,16.405166666666666,24,24,-0.0139166666666668
2008-06-15,16.217041666666667,16.179041666666667,24,24,0.038000000000000256
2008-06-16,16.167583333333333,16.165958333333332,24,24,0.0016250000000006537
2008-06-17,15.522874999999999,15.530458333333334,24,24,-0.007583333333334608
2008-06-18,14.897499999999999,14.884666666666666,24,24,0.01283333333333303
2008-06-19,14.765458333333333,14.740083333333333,24,24,0.02537500000000037
2008-06-20,14.962666666666667,14.969625,24,24,-0.0069583333333334
2008-06-21,14.872291666666666,14.884208333333333,24,24,-0.011916666666667908
2008-06-22,13.896791666666667,13.904083333333332,24,24,-0.007291666666665364
2008-06-23,14.170833333333334,14.166916666666667,24,24,0.0039166666666670125
2008-06-24,14.513041666666666,14.4735,24,24,0.039541666666666586
2008-06-25,14.1295,14.136166666666666,24,24,-0.0066666666666659324
2008-06-26,13.905416666666667,13.91025,24,24,-0.004833333333332135
2008-06-27,13.905291666666667,13.909625,24,24,-0.0043333333333333
2008-06-28,14.009208333333333,14.010208333333333,24,24,-0.0009999999999994458
2008-06-29,14.170333333333334,14.175333333333333,24,24,-0.004999999999999005
2008-06-30,14.26225,14.26575,24,24,-0.0035000000000007248
2008-07-01,14.571541666666667,14.567125,24,24,0.004416666666665847
2008-07-02,14.869041666666666,14.862416666666666,24,24,0.006624999999999659
2008-07-03,15.106166666666667,15.058625,24,24,0.04754166666666748
2008-07-04,15.627916666666666,15.349625,24,24,0.27829166666666616
2008-07-05,15.640333333333334,15.590833333333334,24,24,0.0495000000000001
2008-07-06,15.89375,15.821375,24,24,0.07237500000000097
2008-07-07,15.996458333333333,15.961166666666667,24,24,0.03529166666666583
2008-07-08,15.752708333333333,15.758291666666667,24,24,-0.00558333333333394
2008-07-09,15.873916666666666,15.81425,24,24,0.05966666666666676
2008-07-10,15.63075,15.633916666666666,24,24,-0.0031666666666652077
2008-07-11,15.6655,15.613541666666666,24,24,0.05195833333333333
2008-07-12,15.880833333333333,15.873541666666666,24,24,0.00729166666666714
2008-07-13,15.933375,15.927708333333333,24,24,0.005666666666666487
2008-07-14,15.845583333333334,15.837666666666667,24,24,0.007916666666666572
2008-07-15,15.891416666666666,15.894,24,24,-0.002583333333333826
2008-07-16,15.860458333333334,15.868541666666667,24,24,-0.008083333333333442
2008-07-17,15.729958333333334,15.742041666666667,24,24,-0.012083333333333002
2008-07-18,15.637583333333334,15.646666666666667,24,24,-0.009083333333332888
2008-07-19,15.843166666666667,15.812875,24,24,0.030291666666666828
2008-07-20,15.919958333333334,15.923458333333333,24,24,-0.0034999999999989484
2008-07-21,16.216041666666666,16.119208333333333,24,24,0.09683333333333266
2008-07-22,16.124416666666665,16.071333333333335,24,24,0.05308333333332982
2008-07-23,16.605666666666668,16.205750000000002,24,24,0.39991666666666603
2008-07-24,17.128041666666668,16.98725,24,24,0.14079166666666865
2008-07-25,17.767083333333332,17.679333333333332,24,24,0.08774999999999977
2008-07-26,18.153375,17.984750000000002,24,24,0.1686249999999987
2008-07-27,18.730125,18.419416666666667,24,24,0.31070833333333425
2008-07-28,19.425333333333334,19.167833333333334,24,24,0.2575000000000003
2008-07-29,19.469958333333334,19.406041666666667,24,24,0.06391666666666751
2008-07-30,18.878333333333334,18.848666666666666,24,24,0.029666666666667396
2008-07-31,18.893958333333334,18.850666666666665,24,24,0.043291666666668505
2008-08-01,18.278125,18.274291666666667,24,24,0.003833333333332689
2008-08-02,17.934083333333334,17.926625,24,24,0.007458333333332234
2008-08-03,18.143291666666666,18.14225,24,24,0.0010416666666657193
2008-08-04,18.332791666666665,18.246458333333333,24,24,0.08633333333333226
2008-08-05,18.478041666666666,18.397583333333333,24,24,0.08045833333333263
2008-08-06,18.398291666666665,18.355333333333334,24,24,0.04295833333333121
2008-08-07,18.510916666666667,18.46270833333333,24,24,0.04820833333333496
2008-08-08,18.135625,18.100458333333332,24,24,0.03516666666666879
2008-08-09,17.867625,17.878083333333333,24,24,-0.010458333333332348
2008-08-10,17.344666666666665,17.3565,24,24,-0.01183333333333536
2008-08-11,17.086291666666668,17.093416666666666,24,24,-0.007124999999998494
2008-08-12,16.9795,16.975708333333333,24,24,0.003791666666668192
2008-08-13,16.893875,16.90275,24,24,-0.008874999999999744
2008-08-14,16.745416666666667,16.758375,24,24,-0.012958333333333627
2008-08-15,16.69675,16.702583333333333,24,24,-0.005833333333331581
2008-08-16,16.672291666666666,16.683166666666665,24,24,-0.010874999999998636
2008-08-17,16.645458333333334,16.653666666666666,24,24,-0.008208333333332263
2008-08-18,16.652958333333334,16.646333333333335,24,24,0.006624999999999659
2008-08-19,16.65275,16.652875,24,24,-0.00012500000000059686
2008-08-20,16.568791666666666,16.578041666666667,24,24,-0.009250000000001535
2008-08-21,16.781291666666668,16.76075,24,24,0.020541666666666458
2008-08-22,16.836875,16.805041666666668,24,24,0.03183333333333138
2008-08-23,16.749958333333332,16.748166666666666,24,24,0.0017916666666657477
2008-08-24,16.634208333333333,16.64270833333333,24,24,-0.008499999999997954
2008-08-25,16.413541666666667,16.423875,24,24,-0.010333333333331751
2008-08-26,16.255499999999998,16.269166666666667,24,24,-0.013666666666669158
2008-08-27,16.238708333333335,16.24025,24,24,-0.001541666666664554
2008-08-28,16.149208333333334,16.156458333333333,24,24,-0.0072499999999990905
2008-08-29,16.327749999999998,16.254083333333334,24,24,0.07366666666666433
2008-08-30,16.560375,16.456083333333332,24,24,0.10429166666666845
2008-08-31,16.5195,16.517416666666666,24,24,0.0020833333333349913
2008-09-01,16.280375,16.290416666666665,24,24,-0.01004166666666606
2008-09-02,16.150875,16.1625,24,24,-0.011625000000002217
2008-09-03,15.918625,15.937125,24,24,-0.018499999999999517
2008-09-04,15.726125,15.734,24,24,-0.007875000000000298
2008-09-05,15.547958333333334,15.567291666666666,24,24,-0.019333333333332092
2008-09-06,15.219958333333333,15.22975,24,24,-0.009791666666666643
2008-09-07,14.896875,14.905708333333333,24,24,-0.00883333333333347
2008-09-08,15.144958333333333,15.093916666666667,24,24,0.05104166666666643
2008-09-09,14.949625,14.951625,24,24,-0.002000000000000668
2008-09-10,14.709416666666666,14.726666666666667,24,24,-0.017250000000000654
2008-09-11,14.722041666666666,14.731458333333332,24,24,-0.009416666666666629
2008-09-12,14.958208333333333,14.823416666666667,24,24,0.13479166666666664
2008-09-13,14.961375,14.945916666666667,24,24,0.01545833333333313
2008-09-14,14.984791666666666,14.964166666666667,24,24,0.020624999999999005
2008-09-15,14.921375,14.908416666666666,24,24,0.012958333333333627
2008-09-16,14.750125,14.76575,24,24,-0.015625
2008-09-17,14.719,14.714125,24,24,0.004875000000000185
2008-09-18,14.763875,14.751916666666666,24,24,0.011958333333334181
2008-09-19,14.6945,14.702083333333334,24,24,-0.007583333333334608
2008-09-20,14.742958333333334,14.730916666666667,24,24,0.012041666666666728
2008-09-21,14.97525,14.847166666666666,24,24,0.12808333333333444
2008-09-22,14.748958333333334,14.761333333333333,24,24,-0.012374999999998693
2008-09-23,14.535916666666667,14.548875,24,24,-0.012958333333333627
2008-09-24,14.501166666666666,14.507791666666666,24,24,-0.006624999999999659
2008-09-25,14.567833333333333,14.507291666666667,24,24,0.060541666666665606
2008-09-26,14.504625,14.498583333333334,24,24,0.006041666666666501
2008-09-27,14.464083333333333,14.471625,24,24,-0.007541666666666558
2008-09-28,14.455083333333333,14.457458333333333,24,24,-0.002375000000000682
2008-09-29,14.261125,14.272208333333333,24,24,-0.011083333333333556
2008-09-30,14.114583333333334,14.126291666666667,24,24,-0.011708333333332988
2008-10-01,13.999333333333333,14.019625,24,24,-0.02029166666666704
2008-10-02,13.864791666666667,13.88025,24,24,-0.01545833333333313
2008-10-03,13.635083333333334,13.654458333333332,24,24,-0.019374999999998366
2008-10-04,13.348916666666668,13.362791666666666,24,24,-0.01387499999999875
2008-10-05,13.147333333333334,13.156083333333333,24,24,-0.008749999999999147
2008-10-06,13.002708333333333,13.014208333333332,24,24,-0.011499999999999844
2008-10-07,12.917791666666666,12.924875,24,24,-0.0070833333333339965
2008-10-08,12.824083333333334,12.836833333333333,24,24,-0.012749999999998707
2008-10-09,12.723916666666668,12.733541666666667,24,24,-0.009624999999999773
2008-10-10,12.594375,12.6005,24,24,-0.006125000000000824
2008-10-11,12.581208333333333,12.588041666666667,24,24,-0.006833333333334579
2008-10-12,12.618625,12.602416666666667,24,24,0.016208333333333158
2008-10-13,12.490583333333333,12.49925,24,24,-0.0086666666666666
2008-10-14,12.371333333333332,12.382541666666667,24,24,-0.011208333333334153
2008-10-15,12.268041666666667,12.280958333333334,24,24,-0.012916666666667354
2008-10-16,12.115875,12.135791666666666,24,24,-0.01991666666666525
2008-10-17,11.998416666666667,12.007708333333333,24,24,-0.009291666666666032
2008-10-18,11.83425,11.84425,24,24,-0.009999999999999787
2008-10-19,11.703875,11.71075,24,24,-0.006875000000000853
2008-10-20,11.581916666666666,11.593333333333334,24,24,-0.011416666666667297
2008-10-21,11.463083333333334,11.481041666666666,24,24,-0.017958333333332632
2008-10-22,11.308916666666667,11.322625,24,24,-0.013708333333333655
2008-10-23,11.1075,11.115791666666667,24,24,-0.008291666666666586
2008-10-24,10.9915,11.000875,24,24,-0.009375000000000355
2008-10-25,10.777125,10.786375,24,24,-0.009249999999999758
2008-10-26,10.658166666666666,10.6735,24,24,-0.01533333333333431
2008-10-27,10.51175,10.529833333333332,24,24,-0.01808333333333323
2008-10-28,10.365666666666666,10.387666666666666,24,24,-0.02200000000000024
2008-10-29,10.169875,10.191208333333334,24,24,-0.021333333333334537
2008-10-30,9.981679166666666,10.000775,24,24,-0.019095833333334866
2008-10-31,9.717421739130435,9.735204347826087,23,23,-0.017782608695652513
2008-11-01,9.543070833333333,9.563883333333333,24,24,-0.0208124999999999
2008-11-02,9.438075,9.454483333333334,24,24,-0.01640833333333447
2008-11-03,9.365525,9.381225,24,24,-0.015700000000000713
2008-11-04,9.291095833333333,9.304558333333333,24,24,-0.013462499999999267
2008-11-05,9.2999625,9.3057625,24,24,-0.0058000000000006935
2008-11-06,9.300216666666667,9.298783333333333,24,24,0.0014333333333347298
2008-11-07,9.222245833333334,9.234333333333334,24,24,-0.012087499999999807
2008-11-08,9.123025,9.134329166666667,24,24,-0.011304166666667115
2008-11-09,9.03735,9.055370833333333,24,24,-0.01802083333333293
2008-11-10,8.907983333333334,8.923604166666667,24,24,-0.015620833333333195
2008-11-11,8.7932125,8.808954166666666,24,24,-0.015741666666666987
2008-11-12,8.737270833333334,8.750895833333333,24,24,-0.013624999999999332
2008-11-13,8.67065,8.678933333333333,24,24,-0.008283333333332976
2008-11-14,8.641691666666667,8.651595833333333,24,24,-0.009904166666666825
2008-11-15,8.633704166666666,8.640991666666666,24,24,-0.007287500000000335
2008-11-16,8.608733333333333,8.626658333333333,24,24,-0.01792499999999997
2008-11-17,8.582370833333334,8.596154166666667,24,24,-0.013783333333332592
2008-11-18,8.5539625,8.5690625,24,24,-0.015099999999998559
2008-11-19,8.540841666666667,8.550504166666666,24,24,-0.009662499999999241
2008-11-20,8.519358333333333,8.534870833333333,24,24,-0.015512499999999818
2008-11-21,8.461566666666666,8.481595833333333,24,24,-0.02002916666666721
2008-11-22,8.3676625,8.3908,24,24,-0.0231375000000007
2008-11-23,8.252766666666666,8.277195833333334,24,24,-0.024429166666667612
2008-11-24,8.126975,8.144845833333333,24,24,-0.01787083333333328
2008-11-25,7.943404166666666,7.964916666666666,24,24,-0.021512500000000045
2008-11-26,7.898954166666667,7.906875,24,24,-0.007920833333333377
2008-11-27,7.718929166666666,7.7321,24,24,-0.013170833333333576
2008-11-28,7.621925,7.641875,24,24,-0.01994999999999969
2008-11-29,7.574883333333333,7.5967875,24,24,-0.02190416666666639
2008-11-30,7.522325,7.5419833333333335,24,24,-0.01965833333333311
2008-12-01,7.387766666666667,7.4126625,24,24,-0.024895833333332895
2008-12-02,7.262183333333334,7.285558333333333,24,24,-0.0233749999999997
2008-12-03,7.142629166666667,7.170283333333334,24,24,-0.0276541666666672
2008-12-04,6.9386833333333335,6.9621125,24,24,-0.02342916666666639
2008-12-05,6.8542708333333335,6.873529166666667,24,24,-0.019258333333333155
2008-12-06,6.7350125,6.7576875,24,24,-0.022675000000000445
2008-12-07,6.662941666666667,6.678095833333333,24,24,-0.015154166666666136
2008-12-08,6.543891666666666,6.555391666666667,24,24,-0.011500000000000732
2008-12-09,6.420379166666667,6.447854166666667,24,24,-0.027474999999999916
2008-12-10,6.2659125,6.295454166666667,24,24,-0.0295416666666668
2008-12-11,6.19055,6.2199,24,24,-0.029349999999999987
2008-12-12,6.126745833333334,6.145079166666667,24,24,-0.018333333333333535
2008-12-13,6.026416666666667,6.0371041666666665,24,24,-0.010687499999999517
2008-12-14,5.982891666666666,6.002004166666667,24,24,-0.01911250000000031
2008-12-15,5.956616666666667,5.977525,24,24,-0.020908333333332862
2008-12-16,5.924216666666667,5.9396625,24,24,-0.015445833333332715
2008-12-17,5.826466666666667,5.8438625,24,24,-0.0173958333333335
2008-12-18,5.766495833333334,5.7784458333333335,24,24,-0.011949999999999683
2008-12-19,5.710725,5.7252875,24,24,-0.014562500000000256
2008-12-20,5.7392666666666665,5.749720833333333,24,24,-0.010454166666666431
2008-12-21,5.789291666666666,5.794654166666667,24,24,-0.005362500000000381
2008-12-22,5.8539916666666665,5.8567374999999995,24,24,-0.002745833333333003
2008-12-23,5.8486375,5.8613875,24,24,-0.012750000000000483
2008-12-24,5.855208333333334,5.8654,24,24,-0.010191666666666599
2008-12-25,5.8405875,5.856183333333333,24,24,-0.015595833333333253
2008-12-26,5.796295833333334,5.8233125,24,24,-0.027016666666666467
2008-12-27,5.741270833333333,5.770841666666667,24,24,-0.029570833333333546
2008-12-28,5.655116666666666,5.686391666666667,24,24,-0.03127500000000083
2008-12-29,5.591270833333334,5.623520833333333,24,24,-0.032249999999999446
2008-12-30,5.5176375,5.548866666666667,24,24,-0.031229166666666863
2008-12-31,5.433452173913043,5.470356521739131,23,23,-0.03690434782608776
2009-01-01,5.337345833333333,5.3751125,24,24,-0.03776666666666717
2009-01-02,5.2324875,5.2554541666666665,24,24,-0.022966666666666136
2009-01-03,5.161154166666667,5.186329166666667,24,24,-0.025174999999999947
2009-01-04,5.099233333333333,5.126566666666667,24,24,-0.027333333333333876
2009-01-05,4.993864,5.019672,25,25,-0.02580799999999961
2009-01-06,4.854033333333334,4.8878125,24,24,-0.03377916666666625
2009-01-07,4.775883333333334,4.800008333333333,24,24,-0.02412499999999973
2009-01-08,4.743808333333333,4.765475,24,24,-0.02166666666666739
2009-01-09,4.694558333333333,4.721233333333333,24,24,-0.026675000000000004
2009-01-10,4.5839125,4.607625,24,24,-0.02371249999999936
2009-01-11,4.546891666666666,4.558320833333333,24,24,-0.011429166666666823
2009-01-12,4.545545833333334,4.5519375,24,24,-0.006391666666666573
2009-01-13,4.552604166666667,4.556008333333334,24,24,-0.0034041666666668746
2009-01-14,4.564933333333333,4.5767625,24,24,-0.01182916666666678
2009-01-15,4.524883333333333,4.533145833333333,24,24,-0.00826249999999984
2009-01-16,4.5765416666666665,4.586908333333334,24,24,-0.01036666666666708
2009-01-17,4.61735,4.629491666666667,24,24,-0.012141666666666495
2009-01-18,4.604445833333333,4.623408333333333,24,24,-0.01896249999999977
2009-01-19,4.594058333333333,4.610983333333333,24,24,-0.016925000000000523
2009-01-20,4.5562458333333336,4.569641666666667,24,24,-0.013395833333333051
2009-01-21,4.513625,4.533554166666667,24,24,-0.019929166666666553
2009-01-22,4.512204166666667,4.527625,24,24,-0.015420833333332773
2009-01-23,4.485204166666667,4.5066375,24,24,-0.021433333333333415
2009-01-24,4.452233333333333,4.4772375,24,24,-0.02500416666666716
2009-01-25,4.414175,4.433,24,24,-0.018824999999999648
2009-01-26,4.429175,4.4433,24,24,-0.014124999999999943
2009-01-27,4.397866666666666,4.413491666666666,24,24,-0.015625
2009-01-28,4.414279166666667,4.420283333333334,24,24,-0.006004166666667032
2009-01-29,4.375783333333334,4.393925,24,24,-0.018141666666666723
2009-01-30,4.335329166666667,4.3584125,24,24,-0.023083333333333123
2009-01-31,4.296208333333333,4.328320833333334,24,24,-0.03211250000000021
2009-02-01,4.253216666666667,4.276591666666667,24,24,-0.0233749999999997
2009-02-02,4.182754166666666,4.203579166666667,24,24,-0.020825000000000315
2009-02-03,4.081295833333333,4.1126708333333335,24,24,-0.0313750000000006
2009-02-04,4.0495,4.0863625,24,24,-0.0368624999999998
2009-02-05,4.009479166666667,4.033995833333333,24,24,-0.024516666666666076
2009-02-06,3.951779166666667,3.98865,24,24,-0.036870833333332964
2009-02-07,3.873083333333333,3.9098625,24,24,-0.03677916666666681
2009-02-08,3.7603916666666666,3.8054916666666667,24,24,-0.04510000000000014
2009-02-09,3.729075,3.7628208333333335,24,24,-0.033745833333333586
2009-02-10,3.7140375,3.740670833333333,24,24,-0.026633333333333287
2009-02-11,3.6552041666666666,3.6900333333333335,24,24,-0.03482916666666691
2009-02-12,3.5969625,3.6488708333333335,24,24,-0.051908333333333445
2009-02-13,3.649075,3.645954166666667,24,24,0.0031208333333330174
2009-02-14,3.6381833333333335,3.6525541666666665,24,24,-0.014370833333333
2009-02-15,3.6486541666666668,3.65345,24,24,-0.0047958333333331105
2009-02-16,3.6737083333333334,3.6786791666666665,24,24,-0.004970833333333147
2009-02-17,3.7682416666666665,3.7514166666666666,24,24,0.016824999999999868
2009-02-18,3.8685875,3.8236541666666666,24,24,0.04493333333333327
2009-02-19,3.8638291666666666,3.8698625,24,24,-0.006033333333333335
2009-02-20,3.8068916666666666,3.8280875,24,24,-0.021195833333333525
2009-02-21,3.726754166666667,3.7385458333333332,24,24,-0.011791666666666423
2009-02-22,3.7727,3.7789458333333332,24,24,-0.006245833333333284
2009-02-23,3.9272958333333334,3.915958333333333,24,24,0.011337500000000222
2009-02-24,4.015475,4.0086,24,24,0.0068749999999999645
2009-02-25,3.8855666666666666,3.8895458333333335,24,24,-0.003979166666666867
2009-02-26,3.9309208333333334,3.9355875,24,24,-0.004666666666666597
2009-02-27,4.006329166666666,4.004320833333334,24,24,0.0020083333333325015
2009-02-28,4.0475,4.052054166666666,24,24,-0.004554166666665971
2009-03-01,4.0929166666666665,4.101933333333333,24,24,-0.009016666666666673
2009-03-02,4.133425,4.141754166666667,24,24,-0.008329166666666943
2009-03-03,4.160166666666667,4.171258333333333,24,24,-0.011091666666666278
2009-03-04,4.173595833333334,4.1986375,24,24,-0.02504166666666663
2009-03-05,4.1807,4.211720833333334,24,24,-0.03102083333333372
2009-03-06,4.183620833333333,4.1992375,24,24,-0.01561666666666639
2009-03-07,4.2074625,4.224329166666667,24,24,-0.01686666666666703
2009-03-08,4.258258333333333,4.270216666666666,24,24,-0.011958333333333293
2009-03-09,4.2866583333333335,4.295516666666667,24,24,-0.008858333333333412
2009-03-10,4.398595833333333,4.400966666666666,24,24,-0.002370833333332989
2009-03-11,4.42185,4.432016666666667,24,24,-0.010166666666666657
2009-03-12,4.533241666666667,4.535995833333334,24,24,-0.002754166666666613
2009-03-13,4.564475,4.574025,24,24,-0.009549999999999947
2009-03-14,4.5513125,4.559308333333333,24,24,-0.007995833333333202
2009-03-15,4.653108333333333,4.659895833333334,24,24,-0.0067875000000006125
2009-03-16,4.711804166666667,4.716641666666667,24,24,-0.004837499999999828
2009-03-17,4.9811958333333335,4.9669083333333335,24,24,0.014287500000000009
2009-03-18,5.4983458333333335,5.3875166666666665,24,24,0.11082916666666698
2009-03-19,5.7242,5.687191666666667,24,24,0.037008333333332644
2009-03-20,6.0143,5.964645833333333,24,24,0.04965416666666744
2009-03-21,6.275379166666666,6.201625,24,24,0.07375416666666634
2009-03-22,6.1679125,6.1657625,24,24,0.0021500000000003183
2009-03-23,5.870470833333333,5.8809,24,24,-0.01042916666666649
2009-03-24,5.554075,5.5613,24,24,-0.007225000000000037
2009-03-25,5.6839,5.6930625,24,24,-0.009162499999999518
2009-03-26,5.638466666666667,5.650233333333333,24,24,-0.011766666666666481
2009-03-27,5.608033333333333,5.6169875000000005,24,24,-0.008954166666667263
2009-03-28,5.579641666666666,5.589120833333333,24,24,-0.009479166666666927
2009-03-29,5.702554166666666,5.712658333333334,24,24,-0.010104166666667247
2009-03-30,5.761975,5.76415,24,24,-0.00217500000000026
2009-03-31,5.968875,5.962,24,24,0.0068749999999999645
2009-04-01,6.602475,6.312895833333333,24,24,0.28957916666666694
2009-04-02,6.871804166666666,6.7527125,24,24,0.11909166666666593
2009-04-03,7.1845791666666665,7.102425,24,24,0.0821541666666663
2009-04-04,6.630208333333333,6.627366666666667,24,24,0.002841666666665965
2009-04-05,6.735125,6.7170625,24,24,0.018062500000000092
2009-04-06,7.013466666666667,7.011008333333333,24,24,0.0024583333333341173
2009-04-07,6.475675,6.486325,24,24,-0.010650000000000048
2009-04-08,6.27775,6.286266666666666,24,24,-0.008516666666666062
2009-04-09,6.826704166666667,6.811420833333333,24,24,0.015283333333333537
2009-04-10,6.798116666666667,6.784883333333333,24,24,0.013233333333333874
2009-04-11,7.298520833333333,7.255608333333333,24,24,0.04291249999999991
2009-04-12,7.8412875,7.710295833333333,24,24,0.13099166666666662
2009-04-13,8.075904166666668,8.0598625,24,24,0.016041666666668064
2009-04-14,8.180195833333332,8.154066666666667,24,24,0.026129166666665427
2009-04-15,7.958995833333333,7.9504166666666665,24,24,0.00857916666666636
2009-04-16,8.091375,8.0777,24,24,0.013674999999999216
2009-04-17,8.093316666666666,8.094804166666666,24,24,-0.0014874999999996419
2009-04-18,8.611408333333333,8.577633333333333,24,24,0.03377500000000033
2009-04-19,9.505929166666666,9.149575,24,24,0.35635416666666586
2009-04-20,10.1537875,9.664170833333333,24,24,0.4896166666666666
2009-04-21,9.347245833333334,9.3041,24,24,0.04314583333333388
2009-04-22,9.250595833333334,9.219104166666666,24,24,0.031491666666667584
2009-04-23,9.312891666666667,9.210133333333333,24,24,0.10275833333333395
2009-04-24,9.426041666666666,9.401925,24,24,0.02411666666666612
2009-04-25,9.503579166666666,9.472366666666666,24,24,0.03121250000000053
2009-04-26,9.605920833333334,9.596075,24,24,0.009845833333333331
2009-04-27,9.552720833333334,9.540841666666667,24,24,0.011879166666666663
2009-04-28,9.882841666666666,9.853458333333334,24,24,0.029383333333331763
2009-04-29,9.948216666666667,9.939391666666667,24,24,0.00882499999999986
2009-04-30,9.920616666666668,9.9042625,24,24,0.01635416666666778
2009-05-01,9.769833333333333,9.746658333333334,24,24,0.02317499999999839
2009-05-02,9.9754875,9.957479166666667,24,24,0.018008333333332516
2009-05-03,10.297345833333333,10.288983333333334,24,24,0.008362499999998718
2009-05-04,9.926966666666667,9.9017625,24,24,0.025204166666666694
2009-05-05,9.8414875,9.840558333333334,24,24,0.0009291666666655374
2009-05-06,9.743341666666666,9.731775,24,24,0.01156666666666517
2009-05-07,9.286720833333334,9.292275,24,24,-0.005554166666666305
2009-05-08,9.294570833333333,9.301995833333333,24,24,-0.007424999999999571
2009-05-09,9.439716666666667,9.4468875,24,24,-0.0071708333333333485
2009-05-10,9.775925,9.690508333333334,24,24,0.08541666666666714
2009-05-11,9.617375,9.617933333333333,24,24,-0.0005583333333341045
2009-05-12,9.73145,9.729483333333334,24,24,0.001966666666666228
2009-05-13,9.863783333333334,9.862129166666666,24,24,0.0016541666666682886
2009-05-14,9.908291666666667,9.873358333333334,24,24,0.03493333333333304
2009-05-15,9.967916666666667,9.9668875,24,24,0.0010291666666670807
2009-05-16,10.137916666666667,10.122166666666667,24,24,0.015750000000000597
2009-05-17,10.133083333333333,10.119958333333333,24,24,0.013125000000000497
2009-05-18,9.992775,9.998141666666667,24,24,-0.005366666666667186
2009-05-19,10.089929166666666,10.0943875,24,24,-0.004458333333333897
2009-05-20,10.209583333333333,10.211208333333333,24,24,-0.0016250000000006537
2009-05-21,10.625541666666667,10.610541666666666,24,24,0.015000000000000568
2009-05-22,10.8275,10.810333333333334,24,24,0.01716666666666633
2009-05-23,11.097875,11.076,24,24,0.021874999999999645
2009-05-24,11.468625,11.437875,24,24,0.03074999999999939
2009-05-25,12.151333333333334,12.08575,24,24,0.06558333333333266
2009-05-26,12.504541666666666,12.466041666666667,24,24,0.03849999999999909
2009-05-27,12.055958333333333,12.015333333333333,24,24,0.040625000000000355
2009-05-28,12.479166666666666,12.459916666666667,24,24,0.019249999999999545
2009-05-29,13.445333333333334,13.029208333333333,24,24,0.41612500000000097
2009-05-30,14.07175,13.998958333333333,24,24,0.07279166666666725
2009-05-31,15.115375,15.005791666666667,24,24,0.10958333333333314
2009-06-01,16.24625,15.69025,24,24,0.5559999999999992
2009-06-02,17.761125,16.409958333333332,24,24,1.3511666666666677
2009-06-03,17.34166666666667,17.147333333333332,24,24,0.19433333333333636
2009-06-04,17.18016666666667,17.126166666666666,24,24,0.054000000000002046
2009-06-05,16.245958333333334,16.186833333333333,24,24,0.05912500000000165
2009-06-06,14.923125,14.874791666666667,24,24,0.04833333333333378
2009-06-07,14.446541666666667,14.441375,24,24,0.005166666666665876
2009-06-08,14.576583333333334,14.577083333333334,24,24,-0.0005000000000006111
2009-06-09,14.353541666666667,14.356291666666667,24,24,-0.0027500000000006963
2009-06-10,14.661375,14.567916666666667,24,24,0.09345833333333253
2009-06-11,14.730541666666667,14.736666666666666,24,24,-0.006124999999999048
2009-06-12,15.149208333333334,14.975083333333334,24,24,0.17412500000000009
2009-06-13,15.141416666666666,15.1095,24,24,0.031916666666665705
2009-06-14,15.335875,15.333416666666666,24,24,0.002458333333333229
2009-06-15,15.942,15.773125,24,24,0.1688749999999999
2009-06-16,16.461375,16.388041666666666,24,24,0.07333333333333414
2009-06-17,15.903791666666667,15.840708333333334,24,24,0.06308333333333316
2009-06-18,15.148833333333334,15.148916666666667,24,24,-8.3333333332547e-05
2009-06-19,14.984916666666667,14.994125,24,24,-0.009208333333333485
2009-06-20,14.99775,14.990958333333333,24,24,0.006791666666666529
2009-06-21,15.240625,15.205333333333334,24,24,0.03529166666666583
2009-06-22,16.127833333333335,15.793875,24,24,0.33395833333333513
2009-06-23,17.546458333333334,16.533875,24,24,1.0125833333333354
2009-06-24,18.871833333333335,17.670208333333335,24,24,1.201625
2009-06-25,18.164875,18.00883333333333,24,24,0.15604166666666686
2009-06-26,18.199833333333334,18.017666666666667,24,24,0.18216666666666725
2009-06-27,18.915833333333335,18.559416666666667,24,24,0.35641666666666794
2009-06-28,19.282916666666665,18.9305,24,24,0.3524166666666666
2009-06-29,19.894791666666666,19.322958333333332,24,24,0.5718333333333341
2009-06-30,20.583125,20.041666666666668,24,24,0.5414583333333312
2009-07-01,21.121208333333332,20.64,24,24,0.48120833333333124
2009-07-02,21.633541666666666,21.3035,24,24,0.33004166666666634
2009-07-03,21.457958333333334,21.394125,24,24,0.06383333333333496
2009-07-04,20.273291666666665,20.257041666666666,24,24,0.01624999999999943
2009-07-05,20.42425,20.389666666666667,24,24,0.034583333333333854
2009-07-06,20.455333333333332,20.451208333333334,24,24,0.00412499999999838
2009-07-07,20.503583333333335,20.484625,24,24,0.018958333333333854
2009-07-08,20.158625,20.158083333333334,24,24,0.0005416666666668846
2009-07-09,19.939875,19.940791666666666,24,24,-0.0009166666666651224
2009-07-10,19.69354166666667,19.704,24,24,-0.010458333333332348
2009-07-11,19.586375,19.526833333333332,24,24,0.059541666666667936
2009-07-12,18.904791666666668,18.905666666666665,24,24,-0.0008749999999970726
2009-07-13,18.737291666666668,18.737625,24,24,-0.0003333333333337407
2009-07-14,18.677958333333333,18.67825,24,24,-0.00029166666666569085
2009-07-15,18.836375,18.806916666666666,24,24,0.029458333333334252
2009-07-16,18.813541666666666,18.787416666666665,24,24,0.026125000000000398
2009-07-17,18.470041666666667,18.479958333333332,24,24,-0.009916666666665463
2009-07-18,18.077125,18.07525,24,24,0.0018749999999982947
2009-07-19,17.930208333333333,17.933958333333333,24,24,-0.003750000000000142
2009-07-20,17.903291666666668,17.912416666666665,24,24,-0.009124999999997385
2009-07-21,17.740583333333333,17.75208333333333,24,24,-0.011499999999998067
2009-07-22,17.411333333333335,17.416541666666667,24,24,-0.005208333333332149
2009-07-23,17.258708333333335,17.259416666666667,24,24,-0.0007083333333319786
2009-07-24,17.241583333333335,17.238458333333334,24,24,0.0031250000000007105
2009-07-25,17.397791666666667,17.379375,24,24,0.01841666666666697
2009-07-26,17.191708333333334,17.187625,24,24,0.004083333333333883
2009-07-27,16.882291666666667,16.887333333333334,24,24,-0.005041666666667055
2009-07-28,16.779833333333332,16.789125,24,24,-0.009291666666666032
2009-07-29,16.591666666666665,16.590875,24,24,0.0007916666666645256
2009-07-30,16.678083333333333,16.67791666666667,24,24,0.000166666666665094
2009-07-31,16.545833333333334,16.550041666666665,24,24,-0.004208333333330927
2009-08-01,16.43775,16.43841666666667,24,24,-0.0006666666666674814
2009-08-02,16.47854166666667,16.481291666666667,24,24,-0.00274999999999892
2009-08-03,16.628291666666666,16.613916666666668,24,24,0.014374999999997584
2009-08-04,16.565375,16.564875,24,24,0.0004999999999988347
2009-08-05,16.79625,16.785,24,24,0.011250000000000426
2009-08-06,17.280333333333335,17.22025,24,24,0.06008333333333482
2009-08-07,17.573916666666666,17.515375,24,24,0.058541666666666714
2009-08-08,17.496291666666668,17.486333333333334,24,24,0.009958333333333513
2009-08-09,17.536916666666666,17.529,24,24,0.007916666666666572
2009-08-10,17.623875,17.579666666666668,24,24,0.04420833333333363
2009-08-11,17.674875,17.66133333333333,24,24,0.013541666666668561
2009-08-12,17.605375,17.595041666666667,24,24,0.010333333333331751
2009-08-13,17.905166666666666,17.818583333333333,24,24,0.08658333333333346
2009-08-14,17.684708333333333,17.68025,24,24,0.004458333333332121
2009-08-15,17.118458333333333,17.122375,24,24,-0.003916666666668789
2009-08-16,16.98725,16.995541666666668,24,24,-0.008291666666668362
2009-08-17,16.886,16.886875,24,24,-0.0008750000000006253
2009-08-18,16.900875,16.900833333333335,24,24,4.166666666449714e-05
2009-08-19,16.922583333333332,16.918625,24,24,0.003958333333333286
2009-08-20,16.857375,16.863041666666668,24,24,-0.005666666666666487
2009-08-21,16.67925,16.688416666666665,24,24,-0.009166666666665435
2009-08-22,16.761041666666667,16.759125,24,24,0.0019166666666663446
2009-08-23,16.609083333333334,16.613333333333333,24,24,-0.004249999999998977
2009-08-24,16.72975,16.698958333333334,24,24,0.030791666666665662
2009-08-25,16.656333333333333,16.659458333333333,24,24,-0.0031250000000007105
2009-08-26,16.502791666666667,16.50925,24,24,-0.006458333333334565
2009-08-27,16.445333333333334,16.4475,24,24,-0.0021666666666675383
2009-08-28,16.27070833333333,16.282083333333333,24,24,-0.011375000000001023
2009-08-29,16.077375,16.088875,24,24,-0.01150000000000162
2009-08-30,15.953208333333333,15.95875,24,24,-0.005541666666667666
2009-08-31,15.884458333333333,15.890083333333333,24,24,-0.005625000000000213
2009-09-01,15.746333333333332,15.75675,24,24,-0.010416666666667851
2009-09-02,15.6235,15.632333333333333,24,24,-0.00883333333333347
2009-09-03,15.563708333333333,15.576916666666667,24,24,-0.01320833333333482
2009-09-04,15.395833333333334,15.408416666666668,24,24,-0.012583333333333613
2009-09-05,15.212583333333333,15.222291666666667,24,24,-0.009708333333334096
2009-09-06,15.009333333333334,15.014375,24,24,-0.005041666666665279
2009-09-07,15.019875,15.016791666666666,24,24,0.003083333333334437
2009-09-08,15.008041666666667,15.008833333333333,24,24,-0.0007916666666663019
2009-09-09,15.188958333333334,15.049833333333334,24,24,0.13912499999999994
2009-09-10,15.440958333333333,15.079083333333333,24,24,0.3618749999999995
2009-09-11,15.654375,15.409083333333333,24,24,0.24529166666666669
2009-09-12,15.852791666666667,15.622041666666666,24,24,0.23075000000000045
2009-09-13,15.614833333333333,15.566958333333334,24,24,0.047874999999999446
2009-09-14,15.392458333333334,15.3845,24,24,0.007958333333334622
2009-09-15,15.261541666666666,15.244916666666667,24,24,0.016624999999999446
2009-09-16,15.098916666666666,15.10925,24,24,-0.010333333333333528
2009-09-17,15.176375,15.133625,24,24,0.042749999999999844
2009-09-18,15.08675,15.075583333333334,24,24,0.011166666666666103
2009-09-19,14.9525,14.954916666666668,24,24,-0.0024166666666669556
2009-09-20,14.886791666666667,14.87725,24,24,0.009541666666667226
2009-09-21,14.665333333333333,14.670583333333333,24,24,-0.005250000000000199
2009-09-22,14.598416666666667,14.603291666666667,24,24,-0.004875000000000185
2009-09-23,14.582458333333333,14.590291666666666,24,24,-0.007833333333332249
2009-09-24,14.494083333333334,14.504041666666666,24,24,-0.009958333333331737
2009-09-25,14.414416666666666,14.422166666666667,24,24,-0.007750000000001478
2009-09-26,14.514708333333333,14.488583333333333,24,24,0.026125000000000398
2009-09-27,14.401416666666666,14.404875,24,24,-0.0034583333333344513
2009-09-28,14.3015,14.307541666666667,24,24,-0.006041666666666501
2009-09-29,14.260208333333333,14.269666666666666,24,24,-0.009458333333332902
2009-09-30,14.278125,14.280375,24,24,-0.0022500000000000853
2009-10-01,14.324416666666666,14.30625,24,24,0.018166666666665776
2009-10-02,14.220166666666668,14.228291666666667,24,24,-0.008124999999999716
2009-10-03,14.009875000000001,14.027,24,24,-0.01712499999999828
2009-10-04,14.077833333333333,14.090875,24,24,-0.01304166666666795
2009-10-05,14.34075,14.308958333333333,24,24,0.031791666666666885
2009-10-06,14.167833333333332,14.1725,24,24,-0.004666666666667041
2009-10-07,14.018291666666666,14.03275,24,24,-0.014458333333333684
2009-10-08,13.971791666666666,13.974791666666667,24,24,-0.0030000000000001137
2009-10-09,13.779583333333333,13.794625,24,24,-0.015041666666666842
2009-10-10,13.793916666666666,13.779875,24,24,0.01404166666666562
2009-10-11,13.712166666666667,13.71975,24,24,-0.007583333333332831
2009-10-12,13.657458333333333,13.629041666666666,24,24,0.028416666666666757
2009-10-13,13.53875,13.540291666666667,24,24,-0.0015416666666663303
2009-10-14,13.524125,13.502916666666668,24,24,0.021208333333332163
2009-10-15,13.632,13.528375,24,24,0.10362499999999919
2009-10-16,13.453916666666666,13.456916666666666,24,24,-0.0030000000000001137
2009-10-17,13.418041666666667,13.395583333333333,24,24,0.02245833333333458
2009-10-18,13.21325,13.222583333333333,24,24,-0.009333333333332305
2009-10-19,13.060375,13.070958333333333,24,24,-0.010583333333332945
2009-10-20,12.894375,12.90925,24,24,-0.014874999999999972
2009-10-21,12.786166666666666,12.791833333333333,24,24,-0.005666666666666487
2009-10-22,12.7335,12.740458333333333,24,24,-0.0069583333333334
2009-10-23,12.683958333333333,12.690583333333333,24,24,-0.006624999999999659
2009-10-24,12.600833333333334,12.609541666666667,24,24,-0.008708333333332874
2009-10-25,12.439125,12.4435,24,24,-0.004374999999999574
2009-10-26,12.429791666666667,12.417375,24,24,0.012416666666666742
2009-10-27,12.38575,12.385,24,24,0.0007500000000000284
2009-10-28,12.370541666666666,12.373541666666666,24,24,-0.0030000000000001137
2009-10-29,12.411458333333334,12.400583333333334,24,24,0.010875000000000412
2009-10-30,12.382083333333334,12.380958333333334,24,24,0.0011250000000000426
2009-10-31,12.361791666666667,12.367750000000001,24,24,-0.005958333333333954
2009-11-01,12.302208333333333,12.316166666666666,24,24,-0.013958333333333073
2009-11-02,12.14175,12.157208333333333,24,24,-0.01545833333333313
2009-11-03,11.994875,12.011041666666667,24,24,-0.016166666666666885
2009-11-04,11.866249999999999,11.88325,24,24,-0.017000000000001236
2009-11-05,11.724875,11.744916666666667,24,24,-0.020041666666665847
2009-11-06,11.550541666666668,11.567,24,24,-0.016458333333332575
2009-11-07,11.364916666666666,11.386333333333333,24,24,-0.021416666666667084
2009-11-08,11.210791666666667,11.228083333333334,24,24,-0.017291666666666927
2009-11-09,11.085541666666666,11.094583333333333,24,24,-0.009041666666666615
2009-11-10,10.943166666666666,10.957916666666666,24,24,-0.014749999999999375
2009-11-11,10.8475,10.863583333333333,24,24,-0.01608333333333256
2009-11-12,10.692083333333333,10.703083333333334,24,24,-0.011000000000001009
2009-11-13,10.587416666666666,10.597375,24,24,-0.009958333333333513
2009-11-14,10.503125,10.515708333333333,24,24,-0.012583333333331836
2009-11-15,10.414250000000001,10.424583333333333,24,24,-0.010333333333331751
2009-11-16,10.266083333333333,10.27675,24,24,-0.010666666666667268
2009-11-17,10.121166666666667,10.133375000000001,24,24,-0.012208333333333599
2009-11-18,10.029383333333334,10.037441666666666,24,24,-0.008058333333332612
2009-11-19,9.993029166666666,9.998325,24,24,-0.0052958333333332774
2009-11-20,9.984145833333333,9.9897375,24,24,-0.00559166666666755
2009-11-21,9.8935625,9.905270833333333,24,24,-0.011708333333332988
2009-11-22,9.7418875,9.754091666666667,24,24,-0.012204166666666794
2009-11-23,9.598420833333334,9.613970833333333,24,24,-0.015549999999999287
2009-11-24,9.518333333333333,9.531208333333334,24,24,-0.01287500000000108
2009-11-25,9.414554166666667,9.430925,24,24,-0.016370833333333223
2009-11-26,9.326091666666667,9.344141666666667,24,24,-0.018050000000000566
2009-11-27,9.240933333333334,9.261266666666666,24,24,-0.020333333333331538
2009-11-28,9.141583333333333,9.166525,24,24,-0.024941666666666862
2009-11-29,9.013904166666666,9.029733333333333,24,24,-0.01582916666666634
2009-11-30,8.837825,8.859008333333334,24,24,-0.02118333333333311
2009-12-01,8.670616666666668,8.692158333333333,24,24,-0.021541666666665904
2009-12-02,8.5298375,8.538775,24,24,-0.008937500000000043
2009-12-03,8.458970833333334,8.480975,24,24,-0.022004166666667047
2009-12-04,8.360583333333333,8.379704166666667,24,24,-0.01912083333333392
2009-12-05,8.287066666666666,8.300541666666668,24,24,-0.013475000000001458
2009-12-06,8.222525,8.233166666666667,24,24,-0.010641666666668215
2009-12-07,8.124991666666666,8.137008333333334,24,24,-0.012016666666667675
2009-12-08,8.070083333333333,8.0837125,24,24,-0.013629166666667913
2009-12-09,8.020841666666668,8.031008333333334,24,24,-0.010166666666666657
2009-12-10,8.013125,8.033362499999999,24,24,-0.020237499999998576
2009-12-11,7.9292875,7.945291666666667,24,24,-0.01600416666666682
2009-12-12,7.854591666666667,7.8802875,24,24,-0.025695833333332807
2009-12-13,7.794716666666667,7.817058333333334,24,24,-0.022341666666666704
2009-12-14,7.728133333333333,7.7431375000000005,24,24,-0.015004166666667373
2009-12-15,7.66835,7.6784083333333335,24,24,-0.01005833333333328
2009-12-16,7.591325,7.5986,24,24,-0.00727499999999992
2009-12-17,7.508566666666667,7.5284625,24,24,-0.019895833333333002
2009-12-18,7.303608333333333,7.325691666666667,24,24,-0.022083333333333677
2009-12-19,7.1619875,7.185083333333333,24,24,-0.02309583333333265
2009-12-20,6.949504166666666,6.983429166666666,24,24,-0.03392499999999998
2009-12-21,6.7856708333333335,6.8038541666666665,24,24,-0.018183333333332996
2009-12-22,6.6119916666666665,6.635720833333333,24,24,-0.02372916666666658
2009-12-23,6.455008333333334,6.476475,24,24,-0.02146666666666608
2009-12-24,6.316891666666667,6.336358333333333,24,24,-0.0194666666666663
2009-12-25,6.210933333333333,6.2333625,24,24,-0.022429166666666944
2009-12-26,6.142045833333333,6.166558333333334,24,24,-0.02451250000000016
2009-12-27,6.091854166666667,6.110604166666667,24,24,-0.018749999999999822
2009-12-28,6.0100625,6.044366666666667,24,24,-0.0343041666666668
2009-12-29,5.9190875,5.9403958333333335,24,24,-0.021308333333333707
2009-12-30,5.837275,5.855020833333334,24,24,-0.01774583333333357
2009-12-31,5.7182375,5.739845833333333,24,24,-0.021608333333333007
2010-01-01,5.637130434782609,5.661752173913044,23,23,-0.02462173913043486
2010-01-02,5.531925,5.5516375,24,24,-0.0197124999999998
2010-01-03,5.399720833333333,5.434504166666667,24,24,-0.03478333333333339
2010-01-04,5.328504166666667,5.356108333333333,24,24,-0.02760416666666643
2010-01-05,5.205041666666666,5.225975,24,24,-0.020933333333333692
2010-01-06,4.982829166666667,5.002154166666666,24,24,-0.01932499999999937
2010-01-07,4.878825,4.922083333333333,24,24,-0.04325833333333318
2010-01-08,4.772358333333333,4.806345833333333,24,24,-0.03398750000000028
2010-01-09,4.6479333333333335,4.682495833333333,24,24,-0.03456249999999983
2010-01-10,4.494533333333333,4.512975,24,24,-0.01844166666666691
2010-01-11,4.4019125,4.421008333333333,24,24,-0.01909583333333309
2010-01-12,4.35945,4.382833333333333,24,24,-0.02338333333333331
2010-01-13,4.226445833333333,4.2587875,24,24,-0.03234166666666738
2010-01-14,4.072466666666667,4.124891666666667,24,24,-0.0524249999999995
2010-01-15,4.072229166666666,4.107970833333333,24,24,-0.03574166666666656
2010-01-16,4.066891666666667,4.0804583333333335,24,24,-0.013566666666666727
2010-01-17,4.091304166666666,4.101520833333334,24,24,-0.010216666666667429
2010-01-18,4.102991666666667,4.110191666666666,24,24,-0.007199999999999207
2010-01-19,4.1391125,4.149891666666667,24,24,-0.010779166666666562
2010-01-20,4.060029166666666,4.073204166666667,24,24,-0.01317500000000038
2010-01-21,4.0373833333333335,4.053016666666666,24,24,-0.015633333333332722
2010-01-22,4.075066666666666,4.0809041666666666,24,24,-0.005837500000000162
2010-01-23,4.001225,4.0432500000000005,24,24,-0.042025000000000645
2010-01-24,3.9484125,3.9695125,24,24,-0.02110000000000012
2010-01-25,3.9526416666666666,3.979625,24,24,-0.02698333333333336
2010-01-26,3.86575,3.9204833333333333,24,24,-0.05473333333333352
2010-01-27,3.908733333333333,3.921870833333333,24,24,-0.013137500000000024
2010-01-28,3.9084708333333333,3.9295875000000002,24,24,-0.021116666666666895
2010-01-29,3.914225,3.9436541666666667,24,24,-0.029429166666666617
2010-01-30,3.847875,3.8931583333333335,24,24,-0.04528333333333334
2010-01-31,3.5171833333333336,3.6797,24,24,-0.16251666666666642
2010-02-01,3.5408666666666666,3.6687625,24,24,-0.12789583333333354
2010-02-02,3.7756958333333333,3.8061833333333333,24,24,-0.0304875
2010-02-03,3.42585,3.5787291666666667,24,24,-0.15287916666666668
2010-02-04,3.7415583333333333,3.7566333333333333,24,24,-0.01507499999999995
2010-02-05,3.71525,3.7286208333333333,24,24,-0.01337083333333311
2010-02-06,3.6720375,3.703725,24,24,-0.03168749999999987
2010-02-07,3.659120833333333,3.6867125,24,24,-0.027591666666666903
2010-02-08,3.7001708333333334,3.7248125,24,24,-0.024641666666666673
2010-02-09,3.6980375,3.7180208333333336,24,24,-0.019983333333333686
2010-02-10,3.6321416666666666,3.655266666666667,24,24,-0.023125000000000284
2010-02-11,3.2942875,3.4346083333333333,24,24,-0.14032083333333345
2010-02-12,3.5545666666666667,3.5696416666666666,24,24,-0.01507499999999995
2010-02-13,3.4915541666666665,3.5314166666666664,24,24,-0.03986249999999991
2010-02-14,3.34285,3.484525,24,24,-0.14167500000000022
2010-02-15,3.53105,3.5521041666666666,24,24,-0.021054166666666596
2010-02-16,3.494883333333333,3.5383875,24,24,-0.04350416666666668
2010-02-17,3.487808333333333,3.5307208333333335,24,24,-0.04291250000000035
2010-02-18,3.495325,3.5369875,24,24,-0.04166250000000016
2010-02-19,3.3980875,3.5413916666666667,24,24,-0.1433041666666668
2010-02-20,2.9660041666666666,3.3644083333333334,24,24,-0.3984041666666669
2010-02-21,3.362966666666667,3.4507083333333335,24,24,-0.0877416666666666
2010-02-22,3.4600041666666668,3.5100625,24,24,-0.050058333333333316
2010-02-23,3.3608375,3.452170833333333,24,24,-0.09133333333333304
2010-02-24,3.438275,3.4572666666666665,24,24,-0.018991666666666518
2010-02-25,3.4201166666666665,3.4294708333333332,24,24,-0.009354166666666774
2010-02-26,3.4256083333333334,3.451954166666667,24,24,-0.026345833333333513
2010-02-27,3.4004083333333335,3.4380875,24,24,-0.037679166666666486
2010-02-28,3.421725,3.442833333333333,24,24,-0.021108333333333285
2010-03-01,3.3940208333333333,3.4736416666666665,24,24,-0.07962083333333325
2010-03-02,3.414258333333333,3.4727208333333333,24,24,-0.058462500000000084
2010-03-03,3.4770916666666665,3.5238958333333334,24,24,-0.04680416666666698
2010-03-04,3.3105375,3.4595833333333332,24,24,-0.1490458333333331
2010-03-05,3.131875,3.4391375,24,24,-0.3072625000000002
2010-03-06,3.5328958333333333,3.5659958333333335,24,24,-0.03310000000000013
2010-03-07,3.4366666666666665,3.57505,24,24,-0.13838333333333352
2010-03-08,3.2105625,3.4895,24,24,-0.27893750000000006
2010-03-09,3.588416666666667,3.647491666666667,24,24,-0.05907499999999999
2010-03-10,3.6186583333333333,3.6761958333333333,24,24,-0.05753750000000002
2010-03-11,3.5693333333333332,3.7437791666666667,24,24,-0.1744458333333334
2010-03-12,3.7644416666666665,3.778375,24,24,-0.013933333333333575
2010-03-13,3.70245,3.7628125,24,24,-0.0603625000000001
2010-03-14,3.913125,3.9249416666666668,24,24,-0.011816666666666809
2010-03-15,4.014929166666667,4.022433333333334,24,24,-0.007504166666667089
2010-03-16,4.06455,4.0766124999999995,24,24,-0.012062499999999865
2010-03-17,4.098283333333334,4.106204166666666,24,24,-0.007920833333332489
2010-03-18,4.18675,4.189829166666667,24,24,-0.003079166666666744
2010-03-19,4.355125,4.360595833333333,24,24,-0.00547083333333287
2010-03-20,4.402745833333333,4.411591666666666,24,24,-0.008845833333332997
2010-03-21,4.595125,4.599941666666666,24,24,-0.004816666666665803
2010-03-22,4.639608333333333,4.648945833333333,24,24,-0.009337499999999999
2010-03-23,4.5951125,4.603183333333334,24,24,-0.008070833333333916
2010-03-24,4.7009125,4.7019125,24,24,-0.0009999999999994458
2010-03-25,4.918675,4.864320833333333,24,24,0.05435416666666715
2010-03-26,4.916758333333333,4.915091666666667,24,24,0.001666666666666039
2010-03-27,5.0208125,5.021604166666666,24,24,-0.0007916666666663019
2010-03-28,5.131825,5.133875,24,24,-0.002049999999999663
2010-03-29,5.195779166666667,5.198504166666667,24,24,-0.0027249999999998664
2010-03-30,5.6253625,5.5956,24,24,0.02976249999999947
2010-03-31,5.172008333333333,5.183104166666666,24,24,-0.011095833333333083
2010-04-01,5.2954083333333335,5.304575,24,24,-0.009166666666666323
2010-04-02,5.393395833333333,5.3875166666666665,24,24,0.0058791666666664355
2010-04-03,5.57805,5.551841666666666,24,24,0.026208333333333833
2010-04-04,5.6820625,5.685370833333334,24,24,-0.0033083333333339127
2010-04-05,5.498754166666667,5.506570833333333,24,24,-0.007816666666665917
2010-04-06,5.614691666666666,5.619929166666667,24,24,-0.005237500000000672
2010-04-07,5.972470833333333,5.9307125,24,24,0.04175833333333312
2010-04-08,6.389620833333333,6.3762875,24,24,0.013333333333332753
2010-04-09,6.814066666666666,6.5988291666666665,24,24,0.21523749999999975
2010-04-10,7.3711125,6.884008333333333,24,24,0.48710416666666667
2010-04-11,8.038995833333333,7.603608333333333,24,24,0.43538750000000004
2010-04-12,8.867470833333334,8.523166666666667,24,24,0.3443041666666673
2010-04-13,7.5890875,7.5172875,24,24,0.07179999999999964
2010-04-14,8.012583333333334,7.931654166666666,24,24,0.08092916666666738
2010-04-15,8.1737625,8.15805,24,24,0.01571250000000113
2010-04-16,8.368441666666667,8.170591666666667,24,24,0.19785000000000075
2010-04-17,8.898225,8.8697375,24,24,0.028487500000000665
2010-04-18,8.928162500000001,8.78455,24,24,0.14361250000000148
2010-04-19,8.584091666666666,8.544345833333333,24,24,0.039745833333332925
2010-04-20,8.460208318181818,8.466525454545454,22,22,-0.006317136363636067
2010-05-01,10.468551249999999,10.350805,24,24,0.11774624999999972
2010-05-02,9.996653041666667,9.979398833333333,24,24,0.01725420833333402
2010-05-03,9.93433975,9.955888916666666,24,24,-0.021549166666666508
2010-05-04,10.219931291666667,10.200675625,24,24,0.019255666666666116
2010-05-05,10.719191666666667,10.50059875,24,24,0.21859291666666714
2010-05-06,10.711456666666667,10.508425833333334,24,24,0.20303083333333305
2010-05-07,10.127579166666667,10.114266666666666,24,24,0.013312500000001393
2010-05-08,10.029018458333333,10.042245833333332,24,24,-0.013227374999999597
2010-05-09,10.370854583333333,10.31945625,24,24,0.05139833333333321
2010-05-10,10.406095,10.384987083333334,24,24,0.02110791666666678
2010-05-11,10.35990625,10.29532375,24,24,0.06458250000000021
2010-05-12,10.26853875,10.273261666666667,24,24,-0.004722916666667132
2010-05-13,10.321115,10.333724583333334,24,24,-0.012609583333333063
2010-05-14,10.3697225,10.3497625,24,24,0.01995999999999931
2010-05-15,10.457233333333333,10.442642083333332,24,24,0.0145912500000005
2010-05-16,10.5238525,10.526145416666667,24,24,-0.0022929166666667555
2010-05-17,11.03308,10.870897083333334,24,24,0.16218291666666573
2010-05-18,11.763868333333333,11.578764583333333,24,24,0.18510374999999968
2010-05-19,12.248482916666667,11.97180625,24,24,0.2766766666666669
2010-05-20,12.6608525,12.41258125,24,24,0.24827125000000017
2010-05-21,13.961366666666667,13.005459583333334,24,24,0.955907083333333
2010-05-22,15.337667916666666,13.856662083333333,24,24,1.4810058333333327
2010-05-23,15.88551625,15.156451666666667,24,24,0.7290645833333329
2010-05-24,16.479587916666667,16.076053333333334,24,24,0.40353458333333236
2010-05-25,16.9375375,16.830489166666666,24,24,0.10704833333333497
2010-05-26,16.420911666666665,16.409447916666668,24,24,0.01146374999999722
2010-05-27,15.7161575,15.751002916666666,24,24,-0.034845416666666296
2010-05-28,14.594986666666667,14.606344166666666,24,24,-0.011357499999999021
2010-05-29,14.6442125,14.697589166666667,24,24,-0.05337666666666685
2010-05-30,14.582460833333332,14.6222925,24,24,-0.03983166666666804
2010-05-31,14.580412083333334,14.467025833333333,24,24,0.11338625000000135
2010-06-01,14.589727083333333,14.6533675,24,24,-0.06364041666666687
2010-06-02,14.99492375,14.966785,24,24,0.0281387500000001
2010-06-03,15.849872083333333,15.47484125,24,24,0.37503083333333187
2010-06-04,16.813135833333334,16.456905833333334,24,24,0.35623000000000005
2010-06-05,16.923180416666668,16.786469583333332,24,24,0.13671083333333556
2010-06-06,17.08001,17.040709166666666,24,24,0.03930083333333556
2010-06-07,17.484357916666667,17.43696875,24,24,0.047389166666668814
2010-06-08,17.570424583333335,17.514512083333333,24,24,0.055912500000001586
2010-06-09,16.89353875,16.90456208333333,24,24,-0.011023333333330498
2010-06-10,16.363592916666665,16.372550416666666,24,24,-0.008957500000001062
2010-06-11,16.47706375,16.423225,24,24,0.0538387500000006
2010-06-12,16.806049583333333,16.6604325,24,24,0.14561708333333456
2010-06-13,16.792981666666666,16.785446666666665,24,24,0.0075350000000007356
2010-06-14,16.235389166666668,16.236560833333332,24,24,-0.0011716666666643505
2010-06-15,16.564522916666668,16.462422083333333,24,24,0.10210083333333486
2010-06-16,17.557009583333333,16.931742083333333,24,24,0.6252674999999996
2010-06-17,18.288101666666666,17.78391125,24,24,0.5041904166666669
2010-06-18,18.422919583333332,18.30451125,24,24,0.11840833333333123
2010-06-19,17.558286250000002,17.592687083333335,24,24,-0.03440083333333277
2010-06-20,17.7505525,17.77875625,24,24,-0.028203749999999417
2010-06-21,18.159428333333334,18.111680833333335,24,24,0.04774749999999983
2010-06-22,18.089520833333335,18.100725416666666,24,24,-0.011204583333331186
2010-06-23,17.80383625,17.84621,24,24,-0.04237374999999943
2010-06-24,17.943427083333333,17.98902125,24,24,-0.04559416666666749
2010-06-25,18.349487083333333,18.348641666666666,24,24,0.0008454166666673757
2010-06-26,18.75291625,18.716485833333333,24,24,0.03643041666666491
2010-06-27,18.88839958333333,18.884916666666665,24,24,0.0034829166666661138
2010-06-28,18.949007916666666,18.95529375,24,24,-0.006285833333333102
2010-06-29,19.243590416666667,19.2005375,24,24,0.04305291666666733
2010-06-30,20.0087175,19.824734166666666,24,24,0.18398333333333383
2010-07-01,19.77609,19.689004166666667,24,24,0.08708583333333308
2010-07-02,19.255329166666666,19.251594166666667,24,24,0.0037349999999989336
2010-07-03,19.135621666666665,19.151287083333333,24,24,-0.015665416666667653
2010-07-04,18.684944583333333,18.70357625,24,24,-0.018631666666667712
2010-07-05,18.724459583333335,18.75841375,24,24,-0.033954166666664065
2010-07-06,18.408872916666667,18.440507083333333,24,24,-0.03163416666666663
2010-07-07,18.002045416666668,18.0356325,24,24,-0.03358708333333027
2010-07-08,18.096689583333333,18.11331,24,24,-0.01662041666666525
2010-07-09,18.252971666666667,18.293844583333332,24,24,-0.040872916666664594
2010-07-10,18.12393416666667,18.149001666666667,24,24,-0.025067499999998688
2010-07-11,17.986821666666668,18.032895833333335,24,24,-0.04607416666666708
2010-07-12,18.05234625,18.060464166666666,24,24,-0.008117916666666503
2010-07-13,18.04683,18.061942083333335,24,24,-0.015112083333335136
2010-07-14,18.0796575,18.076924166666668,24,24,0.0027333333333317
2010-07-15,17.809140833333334,17.861288333333334,24,24,-0.052147500000000235
2010-07-16,17.066165416666667,17.071347916666667,24,24,-0.00518250000000009
2010-07-17,16.937480416666666,16.964962916666668,24,24,-0.02748250000000141
2010-07-18,16.677340416666667,16.679682083333333,24,24,-0.0023416666666662422
2010-07-19,16.558265833333333,16.536012916666667,24,24,0.022252916666666067
2010-07-20,16.700040416666667,16.609797083333333,24,24,0.09024333333333345
2010-07-21,16.847962916666667,16.818411666666666,24,24,0.029551250000000806
2010-07-22,16.973912916666666,16.978961666666667,24,24,-0.005048750000000268
2010-07-23,17.39797666666667,17.207021666666666,24,24,0.19095500000000243
2010-07-24,17.273284166666667,17.095951666666668,24,24,0.17733249999999856
2010-07-25,16.96587,16.976250416666666,24,24,-0.010380416666667003
2010-07-26,17.2638525,17.196360833333333,24,24,0.0674916666666654
2010-07-27,17.472119166666666,17.4689575,24,24,0.0031616666666671733
2010-07-28,17.495957916666665,17.49663,24,24,-0.0006720833333346832
2010-07-29,17.653735416666667,17.651680416666668,24,24,0.0020549999999985857
2010-07-30,17.483715833333335,17.512950833333335,24,24,-0.0292349999999999
2010-07-31,17.313806666666668,17.329370416666666,24,24,-0.015563749999998322
2010-08-01,17.3291575,17.317975416666666,24,24,0.011182083333334703
2010-08-02,17.649797083333333,17.594612916666666,24,24,0.05518416666666681
2010-08-03,17.63394375,17.6110925,24,24,0.022851249999998657
2010-08-04,17.709425833333334,17.702423333333332,24,24,0.007002500000002243
2010-08-05,17.793701249999998,17.826593333333335,24,24,-0.03289208333333704
2010-08-06,17.630719166666665,17.660324583333335,24,24,-0.02960541666666927
2010-08-07,17.78471,17.709262083333332,24,24,0.07544791666666839
2010-08-08,18.071317083333334,18.08755875,24,24,-0.01624166666666582
2010-08-09,17.799236666666665,17.81664333333333,24,24,-0.017406666666666126
2010-08-10,17.5692325,17.596791666666668,24,24,-0.02755916666666991
2010-08-11,17.417449583333333,17.464574583333334,24,24,-0.047125000000001194
2010-08-12,17.605577916666668,17.606515833333333,24,24,-0.000937916666664762
2010-08-13,17.419694583333335,17.46467375,24,24,-0.04497916666666413
2010-08-14,17.251810416666668,17.267910416666666,24,24,-0.016099999999998005
2010-08-15,17.781648333333333,17.688865,24,24,0.09278333333333322
2010-08-16,18.2885825,18.199168333333333,24,24,0.08941416666666768
2010-08-17,18.026924166666667,17.99219625,24,24,0.03472791666666808
2010-08-18,17.904282083333335,17.946623333333335,24,24,-0.042341249999999775
2010-08-19,17.73673125,17.719517083333333,24,24,0.01721416666666542
2010-08-20,17.43993375,17.483130833333334,24,24,-0.04319708333333239
2010-08-21,17.599295833333333,17.614824166666665,24,24,-0.015528333333332256
2010-08-22,17.72024625,17.762849166666665,24,24,-0.0426029166666666
2010-08-23,17.822970416666667,17.872954583333332,24,24,-0.04998416666666472
2010-08-24,17.405376666666665,17.463222916666666,24,24,-0.057846250000000765
2010-08-25,17.426384166666665,17.411092083333333,24,24,0.015292083333331874
2010-08-26,17.380085833333332,17.397197916666666,24,24,-0.017112083333334027
2010-08-27,17.491334583333334,17.48295166666667,24,24,0.008382916666665352
2010-08-28,17.17089875,17.184975833333333,24,24,-0.014077083333333462
2010-08-29,16.965041666666668,16.99417875,24,24,-0.02913708333333176
2010-08-30,17.04338875,17.034229583333335,24,24,0.009159166666663054
2010-08-31,17.223592916666668,17.197730416666666,24,24,0.025862500000002342
2010-09-01,17.403909583333334,17.189029583333333,24,24,0.21488000000000085
2010-09-02,17.728899583333334,17.492973333333335,24,24,0.23592624999999856
2010-09-03,18.154155416666665,17.78732625,24,24,0.36682916666666543
2010-09-04,18.163166666666665,18.091019166666666,24,24,0.07214749999999981
2010-09-05,17.7868625,17.824575833333334,24,24,-0.0377133333333326
2010-09-06,17.398881666666668,17.447850416666668,24,24,-0.04896875000000023
2010-09-07,17.3961525,17.460275,24,24,-0.06412249999999986
2010-09-08,17.551775833333334,17.482095833333332,24,24,0.06968000000000174
2010-09-09,17.510920833333333,17.528029166666666,24,24,-0.017108333333332837
2010-09-10,17.173458749999998,17.203862083333334,24,24,-0.03040333333333578
2010-09-11,17.040755833333332,17.057544583333332,24,24,-0.016788749999999908
2010-09-12,17.128782916666665,17.16910625,24,24,-0.04032333333333327
2010-09-13,16.91434041666667,16.953217916666667,24,24,-0.03887749999999812
2010-09-14,16.8217875,16.831762083333334,24,24,-0.009974583333335119
2010-09-15,16.489717916666667,16.52913,24,24,-0.03941208333333179
2010-09-16,16.411506666666668,16.4179625,24,24,-0.006455833333333771
2010-09-17,16.224325416666666,16.23025,24,24,-0.005924583333335676
2010-09-18,16.029609583333333,16.077626666666667,24,24,-0.048017083333334654
2010-09-19,15.887812083333333,15.907474166666667,24,24,-0.019662083333333413
2010-09-20,15.7879025,15.772082916666667,24,24,0.015819583333332332
2010-09-21,15.910103750000001,15.89687375,24,24,0.013230000000001851
2010-09-22,15.980703333333333,15.975460416666667,24,24,0.005242916666665209
2010-09-23,15.913390833333334,15.904844583333333,24,24,0.008546250000001976
2010-09-24,15.292767083333333,15.308364166666667,24,24,-0.015597083333334538
2010-09-25,15.1107075,15.167662083333333,24,24,-0.05695458333333292
2010-09-26,14.884495833333334,14.936989166666667,24,24,-0.052493333333332615
2010-09-27,14.676202083333333,14.696155416666667,24,24,-0.01995333333333349
2010-09-28,14.648049583333334,14.674379583333334,24,24,-0.026329999999999742
2010-09-29,14.611817083333333,14.664445,24,24,-0.05262791666666722
2010-09-30,14.655096666666667,14.675478333333333,24,24,-0.02038166666666541
2010-10-01,14.536182083333333,14.573744583333333,24,24,-0.03756249999999994
2010-10-02,14.248384583333333,14.267452083333334,24,24,-0.019067500000000237
2010-10-03,14.18511875,14.222002083333333,24,24,-0.03688333333333205
2010-10-04,14.134142916666667,14.207640416666667,24,24,-0.07349750000000022
2010-10-05,14.119074166666666,14.206015833333334,24,24,-0.08694166666666803
2010-10-06,14.131795416666666,14.203794166666666,24,24,-0.07199875000000056
2010-10-07,14.077007916666666,14.117034583333334,24,24,-0.040026666666667765
2010-10-08,14.117674166666667,14.16498125,24,24,-0.04730708333333311
2010-10-09,13.97942625,14.0149,24,24,-0.0354737500000013
2010-10-10,13.814465833333333,13.849759583333334,24,24,-0.03529375000000101
2010-10-11,13.814403333333333,13.784602083333333,24,24,0.029801250000000223
2010-10-12,13.839405,13.816523333333333,24,24,0.02288166666666669
2010-10-13,13.697520833333334,13.72630125,24,24,-0.028780416666666753
2010-10-14,13.528726666666666,13.518603333333333,24,24,0.010123333333332596
2010-10-15,13.358185416666666,13.37158125,24,24,-0.01339583333333394
2010-10-16,13.254769166666666,13.302727916666667,24,24,-0.04795875000000116
2010-10-17,13.24271875,13.283782083333334,24,24,-0.041063333333333674
2010-10-18,13.065153333333333,13.102176666666667,24,24,-0.03702333333333385
2010-10-19,12.8317175,12.862484166666666,24,24,-0.03076666666666661
2010-10-20,12.646667083333334,12.666105416666667,24,24,-0.019438333333333446
2010-10-21,12.33093375,12.38122,24,24,-0.050286250000000976
2010-10-22,12.285274166666667,12.33375625,24,24,-0.04848208333333304
2010-10-23,12.116858333333333,12.168705833333334,24,24,-0.051847500000000935
2010-10-24,11.8848,11.921145833333334,24,24,-0.036345833333333744
2010-10-25,11.751298333333333,11.783659583333334,24,24,-0.03236125000000101
2010-10-26,11.41232375,11.466068333333332,24,24,-0.053744583333331875
2010-10-27,11.289319583333333,11.39057,24,24,-0.10125041666666768
2010-10-28,11.3043875,11.391293333333333,24,24,-0.0869058333333328
2010-10-29,11.27539375,11.365467916666667,24,24,-0.09007416666666757
2010-10-30,11.12602,11.177845,24,24,-0.05182499999999912
2010-10-31,11.008794583333334,11.034570833333333,24,24,-0.025776249999999834
2010-11-01,10.903334583333333,10.96649375,24,24,-0.06315916666666688
2010-11-02,10.81667625,10.92194875,24,24,-0.10527249999999988
2010-11-03,10.83066,10.92776875,24,24,-0.0971087500000003
2010-11-04,10.777645833333333,10.864543333333334,24,24,-0.08689750000000096
2010-11-05,10.80733375,10.8983925,24,24,-0.09105875000000019
2010-11-06,10.733057916666667,10.770731666666666,24,24,-0.03767374999999973
2010-11-07,10.517017083333332,10.55686875,24,24,-0.039851666666667285
2010-11-08,10.372072083333334,10.435831666666667,24,24,-0.06375958333333287
2010-11-09,10.0117995,10.088407083333333,24,24,-0.07660758333333284
2010-11-10,9.92177525,9.978867166666667,24,24,-0.057091916666667686
2010-11-11,9.533214749999999,9.612695958333333,24,24,-0.07948120833333405
2010-11-12,9.411828083333333,9.518908583333333,24,24,-0.10708050000000036
2010-11-13,9.278971833333333,9.370654041666667,24,24,-0.09168220833333329
2010-11-14,9.143296625,9.201314,24,24,-0.05801737500000037
2010-11-15,9.096971458333334,9.176348541666666,24,24,-0.07937708333333227
2010-11-16,9.060728833333334,9.116441666666667,24,24,-0.05571283333333277
2010-11-17,8.964286583333333,9.05219225,24,24,-0.087905666666666
2010-11-18,8.738783708333333,8.788299791666667,24,24,-0.04951608333333368
2010-11-19,8.678491916666667,8.69944925,24,24,-0.020957333333333494
2010-11-20,8.641908041666667,8.702463791666666,24,24,-0.06055574999999891
2010-11-21,8.573766333333333,8.667449958333334,24,24,-0.0936836250000006
2010-11-22,8.534305916666666,8.615324,24,24,-0.08101808333333338
2010-11-23,8.480950166666666,8.538578124999999,24,24,-0.057627958333332785
2010-11-24,8.278391083333332,8.336531958333333,24,24,-0.0581408750000012
2010-11-25,8.16951925,8.237514958333334,24,24,-0.06799570833333313
2010-11-26,8.0870385,8.137539041666667,24,24,-0.05050054166666662
2010-11-27,7.782403875,7.844164125,24,24,-0.06176024999999985
2010-11-28,7.726477458333333,7.78143575,24,24,-0.05495829166666688
2010-11-29,7.463135875,7.535011666666667,24,24,-0.0718757916666668
2010-11-30,7.222654375,7.312688791666667,24,24,-0.09003441666666667
2010-12-01,7.064776125,7.12109375,24,24,-0.05631762500000015
2010-12-02,6.802750416666667,6.885217083333333,24,24,-0.08246666666666602
2010-12-03,6.752078083333333,6.799718666666667,24,24,-0.047640583333333986
2010-12-04,6.497095333333333,6.600051458333334,24,24,-0.1029561250000004
2010-12-05,6.399000708333333,6.475150041666667,24,24,-0.0761493333333334
2010-12-06,6.431555458333333,6.490543041666666,24,24,-0.05898758333333287
2010-12-07,6.130186791666667,6.226055208333333,24,24,-0.09586841666666679
2010-12-08,5.984040833333333,6.03486675,24,24,-0.05082591666666669
2010-12-09,5.865681208333333,5.915724541666666,24,24,-0.050043333333332995
2010-12-10,5.780339083333334,5.783652166666666,24,24,-0.003313083333332578
2010-12-11,5.781072375,5.808362541666667,24,24,-0.02729016666666695
2010-12-12,5.716283416666666,5.766982166666667,24,24,-0.05069875000000046
2010-12-13,5.54332525,5.6110442916666665,24,24,-0.06771904166666687
2010-12-14,5.4568955416666665,5.498069833333333,24,24,-0.04117429166666664
2010-12-15,5.331710666666667,5.3410317916666665,24,24,-0.009321124999999597
2010-12-16,5.367468833333334,5.397989916666667,24,24,-0.030521083333333365
2010-12-17,5.448592166666667,5.542941333333333,24,24,-0.09434916666666648
2010-12-18,5.192566125,5.2929380833333335,24,24,-0.10037195833333357
2010-12-19,5.074143791666667,5.121133208333333,24,24,-0.04698941666666645
2010-12-20,5.0457599166666665,5.126773833333333,24,24,-0.08101391666666657
2010-12-21,4.934242458333333,4.981302875,24,24,-0.047060416666666605
2010-12-22,4.7057369583333335,4.791630416666667,24,24,-0.0858934583333335
2010-12-23,4.5642985,4.634953666666666,24,24,-0.0706551666666666
2010-12-24,4.553491833333333,4.626460125,24,24,-0.07296829166666718
2010-12-25,4.515879625,4.627316916666667,24,24,-0.11143729166666638
2010-12-26,4.35679875,4.473214625,24,24,-0.1164158749999995
2010-12-27,4.251082541666666,4.285213958333333,24,24,-0.03413141666666686
2010-12-28,4.220463625,4.209937666666667,24,24,0.01052595833333303
2010-12-29,4.2027385,4.181354875,24,24,0.021383624999999462
2010-12-30,4.194440375,4.150492625,24,24,0.04394775000000006
2010-12-31,4.1440515,4.083804041666666,24,24,0.06024745833333345
2011-01-01,4.004855333333333,4.007126583333333,24,24,-0.002271249999999725
2011-01-02,3.919920041666667,4.031553791666667,24,24,-0.1116337500000002
2011-01-03,3.5146210416666666,3.7238827916666666,24,24,-0.20926175000000002
2011-01-04,3.91959075,3.9047734166666666,24,24,0.014817333333333238
2011-01-05,3.94017875,3.910919041666667,24,24,0.029259708333333023
2011-01-06,3.813833,3.8203811666666665,24,24,-0.006548166666666688
2011-01-07,3.703007041666667,3.8063325416666665,24,24,-0.10332549999999951
2011-01-08,3.7530457083333335,3.7063315833333332,24,24,0.04671412500000027
2011-01-09,3.6447295,3.62802425,24,24,0.016705249999999783
2011-01-10,3.653832208333333,3.608738541666667,24,24,0.045093666666666365
2011-01-11,3.6450025833333335,3.628851625,24,24,0.016150958333333687
2011-01-12,3.6287058333333335,3.602775041666667,24,24,0.025930791666666675
2011-01-13,3.750216,3.7138200833333332,24,24,0.03639591666666675
2011-01-14,3.800266166666667,3.74802725,24,24,0.052238916666667023
2011-01-15,3.851490375,3.8213592916666665,24,24,0.030131083333333475
2011-01-16,3.9836304166666667,3.982290875,24,24,0.0013395416666668325
2011-01-17,3.976568625,3.9904023333333334,24,24,-0.013833708333333306
2011-01-18,3.893481416666667,3.984259166666667,24,24,-0.09077774999999999
2011-01-19,3.835247416666667,3.942724,24,24,-0.10747658333333332
2011-01-20,3.614775208333333,3.7895325416666665,24,24,-0.17475733333333343
2011-01-21,3.5915702916666667,3.727172583333333,24,24,-0.13560229166666637
2011-01-22,3.30319325,3.548705375,24,24,-0.24551212499999986
2011-01-23,3.522295375,3.5910719166666665,24,24,-0.06877654166666636
2011-01-24,3.8159345416666666,3.8069444166666666,24,24,0.00899012499999996
2011-01-25,3.9807347916666664,3.979241458333333,24,24,0.0014933333333333465
2011-01-26,3.977484375,3.977382625,24,24,0.00010174999999978951
2011-01-27,3.9805691249999997,3.9827520416666666,24,24,-0.002182916666666923
2011-01-28,3.836383875,3.911825583333333,24,24,-0.07544170833333297
2011-01-29,3.464678166666667,3.7427900833333334,24,24,-0.27811191666666657
2011-01-30,3.527373708333333,3.5986319583333333,24,24,-0.07125825000000008
2011-01-31,3.6050807916666665,3.617575875,24,24,-0.01249508333333349
2011-02-01,3.8481477083333333,3.818335,24,24,0.029812708333333493
2011-02-02,3.9737360833333333,3.957351625,24,24,0.016384458333333463
2011-02-03,3.9805595416666666,3.9800997916666665,24,24,0.00045975000000009203
2011-02-04,3.982610583333333,3.9847950416666666,24,24,-0.002184458333333694
2011-02-05,4.042596625,3.9958310833333335,24,24,0.046765541666666355
2011-02-06,4.132681291666667,4.076257125,24,24,0.05642416666666694
2011-02-07,4.372817208333333,4.3329043333333335,24,24,0.03991287499999974
2011-02-08,4.3863405,4.369965875,24,24,0.016374625000000087
2011-02-09,4.418059791666667,4.3957245,24,24,0.022335291666666812
2011-02-10,4.516204500000001,4.456880875,24,24,0.05932362500000021
2011-02-11,4.428494916666667,4.435544541666666,24,24,-0.007049624999999615
2011-02-12,4.485764083333334,4.467518041666667,24,24,0.01824604166666699
2011-02-13,4.439207541666667,4.450654708333333,24,24,-0.011447166666666675
2011-02-14,4.433972791666667,4.450147083333333,24,24,-0.016174291666666285
2011-02-15,4.4332728333333336,4.500536,24,24,-0.06726316666666676
2011-02-16,4.557349250000001,4.507296083333333,24,24,0.05005316666666726
2011-02-17,4.497287541666667,4.468776208333333,24,24,0.02851133333333422
2011-02-18,4.5630315,4.523615416666667,24,24,0.03941608333333324
2011-02-19,4.539394041666666,4.531275208333334,24,24,0.008118833333332631
2011-02-20,4.4439845,4.446264833333333,24,24,-0.0022803333333332176
2011-02-21,4.439036458333333,4.459600666666667,24,24,-0.020564208333333944
2011-02-22,4.500330208333334,4.459534333333333,24,24,0.04079587500000059
2011-02-23,4.604783208333333,4.518934875,24,24,0.08584833333333286
2011-02-24,4.652337583333333,4.593473833333333,24,24,0.05886374999999955
2011-02-25,4.758238666666666,4.721643833333333,24,24,0.03659483333333302
2011-02-26,4.869226708333334,4.851644875,24,24,0.01758183333333374
2011-02-27,4.842681375,4.84046,24,24,0.002221374999999526
2011-02-28,4.755646375,4.7058501249999996,24,24,0.049796250000000875
2011-03-01,4.868157458333333,4.814321708333333,24,24,0.05383575000000018
2011-03-02,4.914815916666667,4.9691310416666665,24,24,-0.054315124999999576
2011-03-03,5.02235625,5.041110125,24,24,-0.018753875000000697
2011-03-04,5.100430083333333,5.015621375,24,24,0.0848087083333331
2011-03-05,4.975107708333334,4.90935125,24,24,0.06575645833333343
2011-03-06,4.999483833333334,5.027567833333333,24,24,-0.028083999999999776
2011-03-07,4.9015791250000005,5.002384833333333,24,24,-0.10080570833333269
2011-03-08,4.920868208333333,5.012753458333333,24,24,-0.09188524999999981
2011-03-09,4.884049375,4.883692708333333,24,24,0.0003566666666667828
2011-03-10,4.896641875,4.891963708333333,24,24,0.004678166666667316
2011-03-11,4.892658625,4.896603291666667,24,24,-0.003944666666666485
2011-03-12,4.954857375,4.9038237916666665,24,24,0.05103358333333308
2011-03-13,4.983816,4.951927333333333,24,24,0.03188866666666712
2011-03-14,5.341103833333333,5.192701875,24,24,0.14840195833333336
2011-03-15,5.409292333333333,5.397002416666667,24,24,0.012289916666666123
2011-03-16,5.250814583333334,5.198905833333333,24,24,0.051908750000000836
2011-03-17,5.562692666666667,5.493825166666666,24,24,0.06886750000000053
2011-03-18,5.577162541666667,5.618411083333333,24,24,-0.04124854166666658
2011-03-19,5.571007833333334,5.591130458333334,24,24,-0.02012262499999995
2011-03-20,5.335520125,5.332722041666667,24,24,0.002798083333333423
2011-03-21,5.4952607916666665,5.446616875,24,24,0.04864391666666634
2011-03-22,5.743033875,5.673557166666667,24,24,0.06947670833333319
2011-03-23,6.133349666666667,6.051990458333333,24,24,0.08135920833333365
2011-03-24,6.720533541666667,6.611499833333333,24,24,0.10903370833333348
2011-03-25,7.213175916666667,7.091149541666667,24,24,0.12202637499999991
2011-03-26,7.112452291666667,7.068037208333333,24,24,0.04441508333333388
2011-03-27,7.364169833333333,7.233388125,24,24,0.13078170833333314
2011-03-28,7.327372416666667,7.331871208333333,24,24,-0.004498791666666335
2011-03-29,7.263912458333333,7.2710065833333335,24,24,-0.007094125000000062
2011-03-30,7.353703208333333,7.296191416666667,24,24,0.05751179166666631
2011-03-31,6.174820625,6.154269333333334,24,24,0.02055129166666614
2011-04-01,6.216982750000001,6.204106666666667,24,24,0.012876083333333455
2011-04-02,6.553259916666667,6.525372875,24,24,0.027887041666666335
2011-04-03,6.83736875,6.806871708333333,24,24,0.030497041666667002
2011-04-04,6.83528175,6.860607166666667,24,24,-0.02532541666666699
2011-04-05,6.680747375,6.665052458333333,24,24,0.01569491666666689
2011-04-06,6.934938083333333,6.91804325,24,24,0.01689483333333275
2011-04-07,7.770532666666667,7.751200291666667,24,24,0.01933237500000029
2011-04-08,8.608808541666667,8.428885375,24,24,0.17992316666666675
2011-04-09,8.913279541666666,8.847862833333334,24,24,0.06541670833333235
2011-04-10,9.465377583333334,9.3752405,24,24,0.09013708333333348
2011-04-11,9.719828958333334,9.745668625,24,24,-0.02583966666666626
2011-04-12,9.89195,9.976413666666666,24,24,-0.08446366666666627
2011-04-13,8.926614875,8.952626291666666,24,24,-0.026011416666666065
2011-04-14,9.836874041666666,9.868605375,24,24,-0.03173133333333311
2011-04-15,9.851998541666667,9.92155525,24,24,-0.06955670833333372
2011-04-16,10.07807475,10.078681416666667,24,24,-0.0006066666666662002
2011-04-17,10.665765416666666,10.663725,24,24,0.0020404166666665446
2011-04-18,11.0154225,10.926975,24,24,0.08844749999999912
2011-04-19,11.706809166666666,11.248227083333333,24,24,0.45858208333333295
2011-04-20,12.400564583333333,11.76605375,24,24,0.6345108333333336
2011-04-21,13.590318333333334,12.809670833333334,24,24,0.7806475000000006
2011-04-22,13.33028,13.12142125,24,24,0.20885875000000098
2011-04-23,13.307196666666666,13.2126725,24,24,0.09452416666666608
2011-04-24,13.4318425,13.45784875,24,24,-0.02600625000000001
2011-04-25,13.58393125,13.59681625,24,24,-0.012885000000000701
2011-04-26,13.303235416666666,13.359437916666666,24,24,-0.05620249999999949
2011-04-27,13.702375416666667,13.456423333333333,24,24,0.24595208333333396
2011-04-28,13.570039583333333,13.5643775,24,24,0.005662083333332291
2011-04-29,13.412333333333333,13.445469583333333,24,24,-0.03313625000000009
2011-04-30,13.259194166666667,13.356515833333333,24,24,-0.09732166666666586
2011-05-01,13.216727916666667,13.322077916666666,24,24,-0.10534999999999961
2011-05-02,13.382699166666667,13.446795833333333,24,24,-0.06409666666666602
2011-05-03,13.540799166666666,13.544042916666667,24,24,-0.0032437500000011
2011-05-04,13.638544583333333,13.588345416666666,24,24,0.05019916666666724
2011-05-05,13.589902083333333,13.550412083333333,24,24,0.03949000000000069
2011-05-06,13.686805,13.766467083333334,24,24,-0.07966208333333391
2011-05-07,13.91102625,13.899967916666666,24,24,0.011058333333334502
2011-05-08,14.024205,14.068623333333333,24,24,-0.04441833333333278
2011-05-09,13.529159166666666,13.59348625,24,24,-0.06432708333333359
2011-05-10,12.994198749999999,13.088475416666666,24,24,-0.09427666666666745
2011-05-11,13.135422916666666,13.22020375,24,24,-0.0847808333333333
2011-05-12,13.011127916666666,13.054113333333333,24,24,-0.04298541666666722
2011-05-13,12.91724625,13.017044166666667,24,24,-0.09979791666666671
2011-05-14,12.7897225,12.89613625,24,24,-0.10641374999999975
2011-05-15,12.740186666666666,12.851040416666667,24,24,-0.11085375000000042
2011-05-16,12.470335833333333,12.595419166666666,24,24,-0.12508333333333255
2011-05-17,12.6313425,12.7538325,24,24,-0.1224899999999991
2011-05-18,12.681210416666667,12.85675375,24,24,-0.17554333333333183
2011-05-19,12.966587083333334,13.04133625,24,24,-0.07474916666666687
2011-05-20,12.788299583333334,12.886364166666667,24,24,-0.09806458333333268
2011-05-21,12.663525416666667,12.744569583333334,24,24,-0.08104416666666658
2011-05-22,12.51697625,12.650529166666667,24,24,-0.13355291666666602
2011-05-23,12.301669166666667,12.427495833333333,24,24,-0.12582666666666675
2011-05-24,12.354246666666667,12.439325833333333,24,24,-0.0850791666666666
2011-05-25,12.324742083333334,12.4100475,24,24,-0.08530541666666558
2011-05-26,12.65708,12.671579166666668,24,24,-0.014499166666666952
2011-05-27,12.844005,12.90911875,24,24,-0.06511375000000008
2011-05-28,12.487977083333334,12.566677916666666,24,24,-0.07870083333333255
2011-05-29,12.471842916666667,12.573431666666666,24,24,-0.10158874999999945
2011-05-30,12.8613325,12.955115833333334,24,24,-0.09378333333333444
2011-05-31,13.007649583333334,13.09386875,24,24,-0.08621916666666607
2011-06-01,12.9989775,13.132407083333334,24,24,-0.1334295833333332
2011-06-02,13.621986666666666,13.638626666666667,24,24,-0.016640000000000654
2011-06-03,15.4714025,14.560194166666667,24,24,0.9112083333333327
2011-06-04,15.601150416666666,15.034772916666666,24,24,0.5663774999999998
2011-06-05,15.060012083333334,15.020168333333334,24,24,0.03984374999999929
2011-06-06,15.46841,15.447284166666666,24,24,0.0211258333333344
2011-06-07,15.361684583333334,15.310881666666667,24,24,0.05080291666666703
2011-06-08,14.88952875,14.89554,24,24,-0.0060112500000002456
2011-06-09,14.913186666666666,14.966157083333334,24,24,-0.052970416666667575
2011-06-10,15.053438333333332,15.020183750000001,24,24,0.03325458333333131
2011-06-11,15.121475833333333,15.078484166666668,24,24,0.04299166666666565
2011-06-12,15.137990416666666,15.172877916666668,24,24,-0.03488750000000174
2011-06-13,15.003109583333334,15.030614166666666,24,24,-0.027504583333332278
2011-06-14,15.426580416666667,15.243632916666668,24,24,0.18294749999999915
2011-06-15,15.635304583333333,15.666662083333334,24,24,-0.03135750000000037
2011-06-16,15.715887500000001,15.643904166666667,24,24,0.07198333333333373
2011-06-17,15.548716666666667,15.53721125,24,24,0.011505416666667045
2011-06-18,15.606011666666667,15.66826,24,24,-0.062248333333332795
2011-06-19,15.660157083333333,15.693217916666667,24,24,-0.03306083333333376
2011-06-20,16.1608725,16.06828,24,24,0.09259249999999852
2011-06-21,16.169939583333335,16.184214166666667,24,24,-0.014274583333332203
2011-06-22,15.91246875,15.937302083333334,24,24,-0.024833333333333485
2011-06-23,16.15160125,16.097467083333335,24,24,0.05413416666666393
2011-06-24,16.10757875,16.123582916666667,24,24,-0.016004166666668596
2011-06-25,16.03191375,16.031652083333334,24,24,0.0002616666666668266
2011-06-26,16.294637083333335,16.11478333333333,24,24,0.17985375000000303
2011-06-27,17.58685625,16.988144583333334,24,24,0.5987116666666665
2011-06-28,17.9146825,17.614295833333333,24,24,0.30038666666666813
2011-06-29,17.823228333333333,17.723739583333334,24,24,0.09948874999999902
2011-06-30,17.689472083333335,17.643613333333334,24,24,0.045858750000000725
2011-07-01,17.82544125,17.719309583333335,24,24,0.10613166666666629
2011-07-02,18.120510416666665,17.94024375,24,24,0.18026666666666458
2011-07-03,18.470585416666665,18.34035125,24,24,0.1302341666666642
2011-07-04,19.118979583333335,18.89329,24,24,0.22568958333333455
2011-07-05,18.9987275,18.852950833333335,24,24,0.14577666666666644
2011-07-06,18.832753750000002,18.8069925,24,24,0.025761250000002178
2011-07-07,18.248157083333332,18.151355833333334,24,24,0.09680124999999862
2011-07-08,18.46730125,18.399702083333334,24,24,0.06759916666666399
2011-07-09,18.74851,18.650847083333332,24,24,0.0976629166666676
2011-07-10,18.76755125,18.648517916666666,24,24,0.11903333333333421
2011-07-11,19.09275125,18.934830833333333,24,24,0.15792041666666634
2011-07-12,19.051025833333334,18.963527916666667,24,24,0.08749791666666695
2011-07-13,18.987884166666667,18.89005166666667,24,24,0.0978324999999991
2011-07-14,19.587175833333333,19.304085833333332,24,24,0.2830900000000014
2011-07-15,19.46509375,19.301175833333332,24,24,0.16391791666666933
2011-07-16,18.861206666666668,18.72893875,24,24,0.1322679166666667
2011-07-17,18.517634583333333,18.413961666666665,24,24,0.10367291666666745
2011-07-18,18.382995,18.382089583333332,24,24,0.0009054166666686569
2011-07-19,18.388365,18.365102083333333,24,24,0.02326291666666691
2011-07-20,18.43929375,18.38182,24,24,0.05747374999999977
2011-07-21,18.2674825,18.192441666666667,24,24,0.07504083333333256
2011-07-22,18.356940833333333,18.238194166666666,24,24,0.11874666666666656
2011-07-23,18.43912375,18.326155,24,24,0.11296875000000028
2011-07-24,18.671408333333332,18.5553525,24,24,0.11605583333333058
2011-07-25,19.193584583333333,18.959427083333335,24,24,0.23415749999999846
2011-07-26,19.666545,19.383035416666665,24,24,0.2835095833333341
2011-07-27,19.878325833333335,19.5930825,24,24,0.28524333333333374
2011-07-28,19.969939166666666,19.7267325,24,24,0.24320666666666568
2011-07-29,19.561985416666666,19.468810416666667,24,24,0.09317499999999868
2011-07-30,20.055650833333335,19.84711125,24,24,0.20853958333333367
2011-07-31,19.797567083333334,19.770199166666668,24,24,0.027367916666666048
2011-08-01,19.751514583333336,19.738947083333336,24,24,0.012567499999999399
2011-08-02,19.75489041666667,19.73977,24,24,0.015120416666668746
2011-08-03,19.952995,19.87068,24,24,0.08231500000000125
2011-08-04,20.00536041666667,19.906285416666666,24,24,0.09907500000000269
2011-08-05,19.914305,19.857411666666668,24,24,0.05689333333333124
2011-08-06,19.69318375,19.65775208333333,24,24,0.03543166666666764
2011-08-07,19.25427375,19.222996666666667,24,24,0.031277083333332456
2011-08-08,19.073249999999998,19.0416675,24,24,0.03158249999999896
2011-08-09,19.216158333333333,19.100009166666666,24,24,0.1161491666666663
2011-08-10,18.559534583333335,18.537715833333333,24,24,0.02181875000000133
2011-08-11,18.382601666666666,18.367694583333332,24,24,0.014907083333334015
2011-08-12,18.358400833333334,18.2872825,24,24,0.0711183333333345
2011-08-13,18.064353333333333,17.994817083333334,24,24,0.06953624999999874
2011-08-14,18.104467916666668,18.052854583333335,24,24,0.05161333333333218
2011-08-15,18.069260416666665,17.990773333333333,24,24,0.07848708333333221
2011-08-16,17.92749625,17.910212916666666,24,24,0.017283333333335094
2011-08-17,17.85308625,17.765533333333334,24,24,0.08755291666666665
2011-08-18,17.921685,17.813409583333332,24,24,0.10827541666666818
2011-08-19,17.583052083333335,17.513660833333333,24,24,0.06939125000000246
2011-08-20,17.411135416666667,17.365943333333334,24,24,0.045192083333333244
2011-08-21,17.45543625,17.443504166666667,24,24,0.011932083333334731
2011-08-22,17.693296666666665,17.51347125,24,24,0.17982541666666663
2011-08-23,17.70965,17.58801791666667,24,24,0.12163208333333131
2011-08-24,17.568374166666665,17.49916125,24,24,0.06921291666666463
2011-08-25,17.6570625,17.564035416666666,24,24,0.09302708333333243
2011-08-26,17.492440833333333,17.471127916666667,24,24,0.021312916666666126
2011-08-27,17.47416666666667,17.40635375,24,24,0.06781291666666789
2011-08-28,17.392712500000002,17.30759375,24,24,0.08511875000000302
2011-08-29,17.030270833333333,17.027727916666667,24,24,0.002542916666666173
2011-08-30,17.02656375,17.023056666666665,24,24,0.0035070833333357143
2011-08-31,17.045068333333333,16.956941666666665,24,24,0.08812666666666757
2011-09-01,17.036562916666668,16.97209125,24,24,0.06447166666666959
2011-09-02,17.02619,17.02561125,24,24,0.000578749999998962
2011-09-03,16.927679166666667,16.836233749999998,24,24,0.09144541666666939
2011-09-04,17.041008333333334,16.899205833333333,24,24,0.14180250000000072
2011-09-05,16.801320416666666,16.692679583333334,24,24,0.10864083333333241
2011-09-06,16.413492916666666,16.314972916666665,24,24,0.09852000000000061
2011-09-07,16.116365833333333,16.12317708333333,24,24,-0.006811249999998381
2011-09-08,16.10559,16.118857916666666,24,24,-0.013267916666666935
2011-09-09,16.101067083333334,16.112383333333334,24,24,-0.011316250000000139
2011-09-10,16.098879999999998,16.123174166666665,24,24,-0.024294166666667394
2011-09-11,15.951180833333334,15.90134625,24,24,0.04983458333333424
2011-09-12,15.622209166666666,15.651174583333333,24,24,-0.028965416666666854
2011-09-13,15.194367083333333,15.217754166666667,24,24,-0.023387083333334502
2011-09-14,15.154544166666668,15.157642916666667,24,24,-0.003098749999999484
2011-09-15,15.331389999999999,15.058819166666666,24,24,0.272570833333333
2011-09-16,15.005025,14.873324166666666,24,24,0.13170083333333338
2011-09-17,14.751285416666667,14.76844125,24,24,-0.017155833333333703
2011-09-18,14.886304166666667,14.851912083333334,24,24,0.034392083333333545
2011-09-19,14.711224583333333,14.766641666666667,24,24,-0.055417083333333395
2011-09-20,14.685914166666667,14.756869166666666,24,24,-0.07095499999999966
2011-09-21,14.46221125,14.393894583333333,24,24,0.06831666666666614
2011-09-22,14.218670416666667,14.314300833333334,24,24,-0.09563041666666727
2011-09-23,14.20885125,14.3114175,24,24,-0.10256624999999886
2011-09-24,14.216804166666666,14.300520833333334,24,24,-0.08371666666666755
2011-09-25,14.203814583333333,14.297301666666666,24,24,-0.09348708333333278
2011-09-26,14.232075,14.30607375,24,24,-0.07399874999999945
2011-09-27,14.3465375,14.349709166666667,24,24,-0.0031716666666667948
2011-09-28,14.495245416666666,14.49993625,24,24,-0.004690833333333089
2011-09-29,15.002205833333333,14.86203125,24,24,0.14017458333333366
2011-09-30,15.223349166666667,15.065567916666666,24,24,0.1577812500000011
2011-10-01,15.788440833333333,15.484996666666667,24,24,0.3034441666666652
2011-10-02,15.8200275,15.690953333333333,24,24,0.12907416666666727
2011-10-03,14.733380416666666,14.761389583333333,24,24,-0.028009166666667085
2011-10-04,14.650664166666667,14.621146666666666,24,24,0.02951750000000075
2011-10-05,14.335240416666666,14.368877083333333,24,24,-0.033636666666666315
2011-10-06,14.2634775,14.286450416666666,24,24,-0.022972916666665455
2011-10-07,14.130852083333334,14.178372083333333,24,24,-0.047519999999998674
2011-10-08,14.215930416666668,14.241715833333334,24,24,-0.02578541666666645
2011-10-09,14.030994583333333,14.052445833333334,24,24,-0.021451250000000144
2011-10-10,13.959820416666666,13.993055,24,24,-0.033234583333333845
2011-10-11,14.010581666666667,14.034530416666666,24,24,-0.023948749999998853
2011-10-12,14.001246666666667,13.953535416666666,24,24,0.04771125000000076
2011-10-13,13.975950833333334,13.942372916666667,24,24,0.03357791666666721
2011-10-14,13.871266666666667,13.903659583333333,24,24,-0.03239291666666588
2011-10-15,13.827859583333334,13.892569583333334,24,24,-0.06470999999999982
2011-10-16,13.762857916666666,13.85720625,24,24,-0.09434833333333437
2011-10-17,13.55472375,13.598670833333333,24,24,-0.043947083333332415
2011-10-18,13.321460416666667,13.3843225,24,24,-0.06286208333333221
2011-10-19,13.08915625,13.09245625,24,24,-0.0032999999999994145
2011-10-20,12.85583625,12.951574166666667,24,24,-0.09573791666666764
2011-10-21,12.668651666666667,12.87754375,24,24,-0.20889208333333187
2011-10-22,12.394995416666667,12.560580833333333,24,24,-0.1655854166666657
2011-10-23,12.204849583333333,12.417722916666667,24,24,-0.21287333333333436
2011-10-24,12.197325833333334,12.40796625,24,24,-0.21064041666666533
2011-10-25,12.22164375,12.437351666666666,24,24,-0.21570791666666622
2011-10-26,12.30395625,12.461775,24,24,-0.1578187499999988
2011-10-27,12.226550833333333,12.3005,24,24,-0.07394916666666695
2011-10-28,11.98303625,12.069457916666666,24,24,-0.0864216666666664
2011-10-29,11.85032,12.027762083333334,24,24,-0.1774420833333341
2011-10-30,11.734724166666666,11.9681575,24,24,-0.23343333333333405
2011-10-31,11.735862083333332,11.94722125,24,24,-0.21135916666666787
2011-11-01,11.764108333333333,11.997482916666666,24,24,-0.23337458333333316
2011-11-02,11.825620833333334,11.999528333333334,24,24,-0.17390750000000033
2011-11-03,11.733274583333333,11.90662125,24,24,-0.1733466666666672
2011-11-04,11.73952875,11.956949999999999,24,24,-0.21742124999999923
2011-11-05,11.837447916666667,11.943507916666666,24,24,-0.10605999999999938
2011-11-06,11.638194166666667,11.639677083333334,24,24,-0.0014829166666672222
2011-11-07,11.4354625,11.566315,24,24,-0.1308524999999996
2011-11-08,11.28717625,11.540519166666666,24,24,-0.2533429166666661
2011-11-09,11.285767083333333,11.462027916666667,24,24,-0.17626083333333398
2011-11-10,11.280553333333334,11.391265,24,24,-0.11071166666666699
2011-11-11,11.288187083333334,11.4805425,24,24,-0.19235541666666656
2011-11-12,11.285420416666668,11.435255,24,24,-0.1498345833333321
2011-11-13,11.234552916666667,11.313385,24,24,-0.07883208333333336
2011-11-14,10.918176666666668,11.062798333333333,24,24,-0.14462166666666576
2011-11-15,10.847084583333332,11.019140416666668,24,24,-0.17205583333333507
2011-11-16,10.953465416666667,11.092707916666667,24,24,-0.13924249999999994
2011-11-17,10.843035416666666,10.983164583333334,24,24,-0.14012916666666797
2011-11-18,10.819421666666667,10.83259,24,24,-0.013168333333332782
2011-11-19,10.695667916666666,10.699532083333333,24,24,-0.0038641666666663355
2011-11-20,10.459850416666667,10.51534,24,24,-0.055489583333333314
2011-11-21,10.47034375,10.456727083333334,24,24,0.013616666666665722
2011-11-22,10.412622083333334,10.521157083333334,24,24,-0.10853499999999983
2011-11-23,10.392872916666667,10.462695,24,24,-0.0698220833333334
2011-11-24,10.373200416666666,10.391524583333332,24,24,-0.01832416666666603
2011-11-25,10.377413333333333,10.5519025,24,24,-0.17448916666666747
2011-11-26,10.3101475,10.290205833333333,24,24,0.01994166666666608
2011-11-27,10.036141833333334,10.086633333333333,24,24,-0.05049149999999969
2011-11-28,9.930814791666666,10.017884541666666,24,24,-0.0870697499999995
2011-11-29,9.916817083333333,10.005958041666666,24,24,-0.08914095833333313
2011-11-30,9.924621333333333,9.995331458333334,24,24,-0.07071012500000151
2011-12-01,9.8175405,9.889138625,24,24,-0.07159812499999951
2011-12-02,9.565229541666668,9.6438295,24,24,-0.07859995833333322
2011-12-03,9.471111708333334,9.549416,24,24,-0.07830429166666697
2011-12-04,9.369404791666666,9.4899105,24,24,-0.12050570833333474
2011-12-05,9.133362916666666,9.288456958333333,24,24,-0.15509404166666663
2011-12-06,9.043421125,9.246857666666667,24,24,-0.20343654166666703
2011-12-07,8.819736375,8.944991958333333,24,24,-0.12525558333333286
2011-12-08,8.53650025,8.64043725,24,24,-0.10393700000000017
2011-12-09,8.526497708333334,8.665879083333333,24,24,-0.13938137499999925
2011-12-10,8.36650925,8.385378958333334,24,24,-0.01886970833333379
2011-12-11,8.072540125,8.15097575,24,24,-0.0784356250000009
2011-12-12,8.087042208333333,8.173,24,24,-0.08595779166666695
2011-12-13,7.817605166666667,7.834476791666667,24,24,-0.01687162500000028
2011-12-14,7.590286291666667,7.612340666666666,24,24,-0.022054374999999737
2011-12-15,7.568048708333333,7.564821416666667,24,24,0.0032272916666666873
2011-12-16,7.481080208333333,7.545347,24,24,-0.06426679166666638
2011-12-17,7.217239083333333,7.35929225,24,24,-0.1420531666666669
2011-12-18,7.240592458333333,7.366597125,24,24,-0.12600466666666676
2011-12-19,7.157743208333334,7.221091,24,24,-0.06334779166666671
2011-12-20,6.962312791666666,7.00119925,24,24,-0.03888645833333371
2011-12-21,7.021597083333333,7.000385541666667,24,24,0.021211541666666278
2011-12-22,7.105941125,7.064099125,24,24,0.041841999999999935
2011-12-23,6.696086583333334,6.749274375,24,24,-0.05318779166666587
2011-12-24,6.68280725,6.751047833333334,24,24,-0.06824058333333394
2011-12-25,6.754794416666667,6.731627791666667,24,24,0.023166624999999996
2011-12-26,7.03780925,6.944964125,24,24,0.0928451249999993
2011-12-27,7.127195875,7.145396625,24,24,-0.0182007500000001
2011-12-28,7.091702916666667,7.080393166666667,24,24,0.011309749999999674
2011-12-29,6.83964025,6.871979916666667,24,24,-0.03233966666666621
2011-12-30,6.692728291666667,6.781403458333333,24,24,-0.08867516666666653
2011-12-31,6.8201175,6.735947958333333,24,24,0.08416954166666724
2012-01-01,6.755714291666667,6.751609208333333,24,24,0.004105083333334036
2012-01-02,6.690402875,6.7778387916666665,24,24,-0.08743591666666628
2012-01-03,6.6821526250000005,6.761661083333333,24,24,-0.07950845833333275
2012-01-04,6.684625291666666,6.760307291666667,24,24,-0.07568200000000047
2012-01-05,6.66805675,6.733351125,24,24,-0.06529437500000057
2012-01-06,6.566141,6.596411083333333,24,24,-0.03027008333333292
2012-01-07,6.570380041666667,6.572854958333333,24,24,-0.002474916666666438
2012-01-08,6.508156583333333,6.47284025,24,24,0.03531633333333328
2012-01-09,6.475094041666667,6.435923125,24,24,0.0391709166666665
2012-01-10,6.346816166666667,6.3112769166666665,24,24,0.035539250000000244
2012-01-11,6.389884,6.305078458333333,24,24,0.08480554166666732
2012-01-12,6.487135041666667,6.441537375,24,24,0.04559766666666665
2012-01-13,6.373284458333333,6.460559791666666,24,24,-0.08727533333333337
2012-01-14,6.361512708333334,6.479113125,24,24,-0.11760041666666599
2012-01-15,6.326377875,6.461467416666666,24,24,-0.13508954166666598
2012-01-16,6.3035892916666665,6.4318898749999995,24,24,-0.12830058333333305
2012-01-17,6.336361583333334,6.39923675,24,24,-0.06287516666666626
2012-01-18,6.217295166666667,6.232683708333333,24,24,-0.015388541666665922
2012-01-19,6.138919125,6.117101416666666,24,24,0.02181770833333374
2012-01-20,5.843597458333333,5.844218583333333,24,24,-0.0006211250000003332
2012-01-21,5.8063628750000005,5.797909875,24,24,0.008453000000000266
2012-01-22,5.7817922500000005,5.787996041666667,24,24,-0.006203791666666625
2012-01-23,5.782227166666667,5.838213125,24,24,-0.05598595833333331
2012-01-24,5.782297291666667,5.854271041666666,24,24,-0.07197374999999973
2012-01-25,5.780955458333334,5.786282166666667,24,24,-0.005326708333333485
2012-01-26,5.782470625,5.855738333333333,24,24,-0.07326770833333285
2012-01-27,5.780999125,5.866499583333333,24,24,-0.08550045833333275
2012-01-28,5.826497541666667,5.941929541666667,24,24,-0.1154320000000002
2012-01-29,5.804263958333333,5.895408916666667,24,24,-0.09114495833333347
2012-01-30,5.722196083333333,5.790311125,24,24,-0.06811504166666627
2012-01-31,5.558607,5.615417,24,24,-0.05680999999999958
2012-02-01,5.416648125,5.4742642083333335,24,24,-0.05761608333333346
2012-02-02,5.502319125,5.586467791666666,24,24,-0.08414866666666665
2012-02-03,5.493871541666667,5.591742208333334,24,24,-0.0978706666666671
2012-02-04,5.36472125,5.459674833333334,24,24,-0.09495358333333392
2012-02-05,5.332153083333333,5.388731083333333,24,24,-0.05657800000000002
2012-02-06,5.272498541666667,5.287265041666666,24,24,-0.01476649999999946
2012-02-07,5.042249708333333,5.115988958333333,24,24,-0.07373925000000003
2012-02-08,4.9866499583333335,5.064374791666666,24,24,-0.07772483333333291
2012-02-09,4.965279375,5.0755238333333335,24,24,-0.11024445833333374
2012-02-10,4.880327208333333,4.973095333333333,24,24,-0.09276812500000009
2012-02-11,4.858109916666667,4.9242999166666666,24,24,-0.06618999999999975
2012-02-12,4.8210218750000005,4.835717041666666,24,24,-0.014695166666665926
2012-02-13,4.827740333333333,4.827496083333333,24,24,0.00024424999999972385
2012-02-14,4.8291757083333335,4.803460375,24,24,0.025715333333333312
2012-02-15,4.832609166666667,4.809518791666667,24,24,0.023090374999999774
2012-02-16,4.84340825,4.841960375,24,24,0.0014478750000002094
2012-02-17,4.8595815,4.850035583333334,24,24,0.009545916666666265
2012-02-18,4.795464458333333,4.750394541666667,24,24,0.04506991666666593
2012-02-19,4.696662625,4.70997025,24,24,-0.01330762499999949
2012-02-20,4.70608975,4.675199166666666,24,24,0.030890583333333943
2012-02-21,4.873054833333334,4.851075875,24,24,0.02197895833333341
2012-02-22,4.880858083333333,4.88121325,24,24,-0.00035516666666701724
2012-02-23,4.911694041666666,4.886761333333333,24,24,0.024932708333333053
2012-02-24,5.253319291666667,5.185404833333333,24,24,0.06791445833333398
2012-02-25,5.313416916666666,5.296474875,24,24,0.016942041666665908
2012-02-26,5.330487041666667,5.330617458333333,24,24,-0.00013041666666602225
2012-02-27,5.330421916666666,5.330127125,24,24,0.00029479166666668277
2012-02-28,5.375179208333334,5.334374625,24,24,0.04080458333333414
2012-02-29,5.686541208333334,5.621366583333334,24,24,0.06517462500000004
2012-03-01,5.774491708333334,5.76021775,24,24,0.01427395833333378
2012-03-02,6.101957625,6.0562635,24,24,0.04569412499999981
2012-03-03,5.9295907083333335,5.89549625,24,24,0.03409445833333358
2012-03-04,5.72372,5.734275875,24,24,-0.01055587499999966
2012-03-05,5.796403,5.82829925,24,24,-0.03189624999999996
2012-03-06,5.777636458333333,5.865560416666667,24,24,-0.08792395833333355
2012-03-07,5.772571541666667,5.775636333333334,24,24,-0.003064791666666622
2012-03-08,5.779955583333334,5.788158875000001,24,24,-0.008203291666666779
2012-03-09,5.7817490000000005,5.781242041666667,24,24,0.0005069583333332517
2012-03-10,5.938876958333333,5.896920458333334,24,24,0.04195649999999951
2012-03-11,6.0108145833333335,6.0064795,24,24,0.004335083333333323
2012-03-12,6.171717958333334,6.1352485833333334,24,24,0.03646937500000025
2012-03-13,6.359104,6.292941291666667,24,24,0.0661627083333336
2012-03-14,6.387286083333334,6.360114416666667,24,24,0.027171666666666816
2012-03-15,6.231314375,6.249595083333333,24,24,-0.018280708333333173
2012-03-16,6.231683375,6.234871875,24,24,-0.0031884999999993724
2012-03-17,6.282441875,6.2703905833333335,24,24,0.012051291666666408
2012-03-18,6.655943,6.645286708333334,24,24,0.010656291666665929
2012-03-19,6.644928833333333,6.678377875,24,24,-0.033449041666666623
2012-03-20,6.342249083333334,6.300852791666666,24,24,0.04139629166666747
2012-03-21,6.629628,6.598949041666667,24,24,0.03067895833333356
2012-03-22,6.802004291666667,6.737386416666666,24,24,0.0646178750000006
2012-03-23,7.262914416666667,7.139509458333333,24,24,0.12340495833333343
2012-03-24,7.76535075,7.61835825,24,24,0.14699249999999964
2012-03-25,8.446910083333334,8.121540166666668,24,24,0.32536991666666637
2012-03-26,9.090956458333332,8.562341541666667,24,24,0.5286149166666654
2012-03-27,9.770386916666666,8.954408208333334,24,24,0.8159787083333327
2012-03-28,10.248153875,9.509055916666666,24,24,0.7390979583333337
2012-03-29,9.7905295,9.777721333333334,24,24,0.012808166666665954
2012-03-30,9.933664333333333,9.869388458333333,24,24,0.06427587499999987
2012-03-31,9.760285875,9.810517208333334,24,24,-0.050231333333334405
2012-04-01,9.691508875,9.657669583333334,24,24,0.03383929166666633
2012-04-02,9.59025575,9.535558916666666,24,24,0.05469683333333464
2012-04-03,8.797492375,8.8739505,24,24,-0.07645812500000027
2012-04-04,7.23146725,7.347462416666667,24,24,-0.11599516666666698
2012-04-05,7.648263833333333,7.652402875,24,24,-0.004139041666666898
2012-04-06,7.602414625,7.6370275,24,24,-0.03461287500000054
2012-04-07,7.665305041666667,7.671241083333333,24,24,-0.005936041666666725
2012-04-08,7.643995166666667,7.691417125,24,24,-0.047421958333333514
2012-04-09,7.52845,7.547657875,24,24,-0.01920787499999932
2012-04-10,7.547674833333334,7.603375458333334,24,24,-0.05570062500000006
2012-04-11,7.997383541666666,8.008731458333333,24,24,-0.01134791666666679
2012-04-12,8.708639041666666,8.612375875,24,24,0.09626316666666668
2012-04-13,8.677230666666667,8.59268425,24,24,0.08454641666666696
2012-04-14,8.141615916666666,8.227336583333333,24,24,-0.085720666666667
2012-04-15,8.036198541666668,8.116764208333333,24,24,-0.08056566666666498
2012-04-16,8.31230825,8.32343525,24,24,-0.011127000000000109
2012-04-17,8.127311416666666,8.20823475,24,24,-0.08092333333333457
2012-04-18,8.058091375,8.131845791666667,24,24,-0.0737544166666666
2012-04-19,7.840868583333333,7.8459947083333335,24,24,-0.0051261250000003145
2012-04-20,8.283682875,8.296381083333333,24,24,-0.012698208333333127
2012-04-21,8.222841166666667,8.275946,24,24,-0.05310483333333238
2012-04-22,8.671206958333332,8.6408425,24,24,0.030364458333332678
2012-04-23,8.625952541666667,8.705550333333333,24,24,-0.07959779166666614
2012-04-24,8.81870525,8.776892625,24,24,0.04181262500000038
2012-04-25,8.545727958333334,8.621654708333333,24,24,-0.07592674999999893
2012-04-26,8.449688666666667,8.44303425,24,24,0.006654416666666663
2012-04-27,8.469158166666666,8.496031583333334,24,24,-0.026873416666667538
2012-04-28,8.588801083333333,8.701612041666667,24,24,-0.1128109583333341
2012-04-29,8.529262958333334,8.631013416666667,24,24,-0.10175045833333307
2012-04-30,8.586371583333333,8.605463875,24,24,-0.019092291666666483
2012-05-01,8.569172291666666,8.597836000000001,24,24,-0.02866370833333498
2012-05-02,8.949628625,8.921062791666667,24,24,0.0285658333333334
2012-05-03,9.679820666666666,9.632115583333334,24,24,0.0477050833333319
2012-05-04,9.888239375,9.878061833333334,24,24,0.010177541666665846
2012-05-05,9.484888791666666,9.518492708333333,24,24,-0.03360391666666729
2012-05-06,9.856539375,9.948577625,24,24,-0.09203824999999988
2012-05-07,9.874930333333333,9.899879333333333,24,24,-0.024948999999999444
2012-05-08,9.487436166666667,9.647522625,24,24,-0.16008645833333368
2012-05-09,10.145283875,9.814726958333333,24,24,0.33055691666666753
2012-05-10,9.706516583333332,9.865229541666666,24,24,-0.158712958333334
2012-05-11,9.81037725,9.932013625,24,24,-0.12163637499999957
2012-05-12,10.132057708333333,10.125282416666666,24,24,0.006775291666667016
2012-05-13,9.829600916666667,9.9838835,24,24,-0.1542825833333321
2012-05-14,9.955086041666666,10.110318875,24,24,-0.1552328333333346
2012-05-15,10.155452041666667,10.22281625,24,24,-0.06736420833333234
2012-05-16,10.342157916666666,10.408979583333334,24,24,-0.06682166666666767
2012-05-17,10.605601666666667,10.5464875,24,24,0.059114166666667245
2012-05-18,10.399350083333333,10.5743325,24,24,-0.17498241666666736
2012-05-19,10.232719166666666,10.387640416666667,24,24,-0.154921250000001
2012-05-20,10.9636975,10.767542916666667,24,24,0.19615458333333358
2012-05-21,12.184765416666666,11.477688333333333,24,24,0.7070770833333331
2012-05-22,13.022269166666666,12.009765,24,24,1.012504166666666
2012-05-23,14.014117916666667,13.60350125,24,24,0.41061666666666596
2012-05-24,15.089894166666667,14.605374166666667,24,24,0.48451999999999984
2012-05-25,16.516305,15.82089625,24,24,0.6954087499999986
2012-05-26,16.2726,15.958299166666666,24,24,0.31430083333333414
2012-05-27,17.057020416666667,16.86810291666667,24,24,0.18891749999999874
2012-05-28,17.855127916666667,17.526688333333333,24,24,0.3284395833333349
2012-05-29,17.255670000000002,17.124270833333334,24,24,0.13139916666666807
2012-05-30,17.32115875,17.173859166666666,24,24,0.14729958333333215
2012-05-31,17.010477083333335,16.95486875,24,24,0.05560833333333548
2012-06-02,16.963572916666667,16.945285,24,24,0.018287916666668735
2012-06-03,16.106804583333332,16.116367083333333,24,24,-0.00956250000000125
2012-06-04,15.957092916666667,15.857964166666667,24,24,0.09912875000000021
2012-06-05,15.679550416666666,15.6932175,24,24,-0.013667083333332997
2012-06-06,15.327119583333333,15.3327425,24,24,-0.005622916666666811
2012-06-07,15.334537083333334,15.268754166666668,24,24,0.06578291666666658
2012-06-08,15.157555,15.151486666666667,24,24,0.006068333333333342
2012-06-09,15.120428333333333,15.112854583333334,24,24,0.0075737499999988245
2012-06-10,15.41836,15.34431875,24,24,0.0740412500000005
2012-06-11,15.301414583333333,15.2873425,24,24,0.014072083333333651
2012-06-12,15.352342083333333,15.30632,24,24,0.046022083333333796
2012-06-13,15.452008333333334,15.409367083333333,24,24,0.04264125000000085
2012-06-14,15.535561666666666,15.500003333333334,24,24,0.03555833333333247
2012-06-15,15.460244583333333,15.4473375,24,24,0.012907083333333347
2012-06-16,15.051987916666667,15.041585,24,24,0.01040291666666704
2012-06-17,14.7345625,14.736446666666666,24,24,-0.0018841666666666868
2012-06-18,15.002975416666667,14.9396375,24,24,0.06333791666666677
2012-06-19,15.314260833333334,15.30761,24,24,0.006650833333333495
2012-06-20,15.796280416666667,15.5180875,24,24,0.2781929166666668
2012-06-21,15.50544625,15.446717916666667,24,24,0.05872833333333283
2012-06-22,15.10565375,15.100260833333333,24,24,0.005392916666666636
2012-06-23,14.311326666666666,14.31352625,24,24,-0.002199583333334587
2012-06-24,14.159811666666666,14.1713325,24,24,-0.011520833333333869
2012-06-25,14.23645,14.224552916666667,24,24,0.011897083333332503
2012-06-26,14.409424166666666,14.378286666666666,24,24,0.031137499999999818
2012-06-27,14.405272083333333,14.412012916666667,24,24,-0.00674083333333364
2012-06-28,14.608247500000001,14.588498333333334,24,24,0.01974916666666715
2012-06-29,14.215414583333333,14.235047083333333,24,24,-0.019632500000000164
2012-06-30,14.209954583333333,14.22187,24,24,-0.011915416666665735
2012-07-01,14.209280416666667,14.211694583333333,24,24,-0.002414166666666162
2012-07-02,14.204844583333333,14.199615833333333,24,24,0.005228750000000559
2012-07-03,14.468557916666667,14.417179583333333,24,24,0.05137833333333397
2012-07-04,14.800879166666666,14.59186875,24,24,0.20901041666666664
2012-07-05,15.777813333333333,14.828075416666668,24,24,0.9497379166666651
2012-07-06,15.61615043478261,15.010659130434783,23,23,0.6054913043478258
2012-07-07,15.652918333333332,15.5031425,24,24,0.149775833333333
2012-07-08,16.018375,15.792537083333334,24,24,0.22583791666666464
2012-07-09,16.435951666666668,16.220592916666668,24,24,0.21535875000000004
2012-07-10,16.48866208333333,16.472699583333334,24,24,0.015962499999996993
2012-07-11,16.378440416666667,16.326722916666668,24,24,0.05171749999999875
2012-07-12,16.582546818181818,16.484707727272728,22,22,0.09783909090909049
2012-07-13,16.503519583333333,16.49749625,24,24,0.006023333333331493
2012-07-14,16.414760833333332,16.397254166666666,24,24,0.017506666666665893
2012-07-15,16.199389166666666,16.1969,24,24,0.0024891666666668755
2012-07-16,16.016552916666665,16.014972083333333,24,24,0.0015808333333318103
2012-07-17,16.111802916666665,16.12021625,24,24,-0.008413333333333384
2012-07-18,16.038072083333333,16.05823375,24,24,-0.020161666666666633
2012-07-19,16.295584166666668,16.245659166666666,24,24,0.049925000000001774
2012-07-20,16.499065,16.31432875,24,24,0.18473625000000027
2012-07-21,16.810377916666667,16.75333875,24,24,0.057039166666665864
2012-07-22,16.40571,16.421015,24,24,-0.015305000000001456
2012-07-23,16.036376666666666,16.068687083333334,24,24,-0.03231041666666812
2012-07-24,16.375892083333333,16.3758075,24,24,8.458333333294377e-05
2012-07-25,16.695887916666667,16.63882625,24,24,0.0570616666666659
2012-07-26,17.03466583333333,16.840486666666667,24,24,0.19417916666666457
2012-07-27,17.345207083333335,17.259908333333332,24,24,0.08529875000000331
2012-07-28,16.708869583333332,16.67990208333333,24,24,0.028967500000000257
2012-07-29,16.564154583333334,16.544429166666667,24,24,0.019725416666666717
2012-07-30,16.602879583333333,16.587091666666666,24,24,0.015787916666667456
2012-07-31,16.600557083333335,16.57980625,24,24,0.020750833333334384
2012-08-01,16.563866666666666,16.57304625,24,24,-0.009179583333335017
2012-08-02,16.678779583333334,16.67023875,24,24,0.008540833333334774
2012-08-03,16.926065416666667,16.898182916666666,24,24,0.027882500000000476
2012-08-04,17.351622916666667,17.219013333333333,24,24,0.13260958333333406
2012-08-05,17.632321666666666,17.52161458333333,24,24,0.11070708333333457
2012-08-06,17.609807083333333,17.585063333333334,24,24,0.024743749999998954
2012-08-07,17.352296190476192,17.34459238095238,21,21,0.0077038095238108895
2012-08-08,17.591425833333332,17.519425416666667,24,24,0.07200041666666479
2012-08-09,17.918695,17.862425416666667,24,24,0.05626958333333221
2012-08-10,18.7906975,18.2846,24,24,0.5060974999999992
2012-08-11,19.11246166666667,18.945465416666668,24,24,0.1669962500000004
2012-08-12,18.920558333333332,18.9075025,24,24,0.0130558333333326
2012-08-13,18.827182083333334,18.806984583333332,24,24,0.020197500000001867
2012-08-14,18.729964583333334,18.67690125,24,24,0.05306333333333413
2012-08-15,18.84055791666667,18.817475833333333,24,24,0.02308208333333539
2012-08-16,18.231729583333333,18.191695,24,24,0.040034583333333984
2012-08-17,18.098015833333335,18.107947083333332,24,24,-0.009931249999997505
2012-08-18,18.016747083333332,18.036972083333332,24,24,-0.020224999999999937
2012-08-19,18.196434583333332,18.2023325,24,24,-0.005897916666668834
2012-08-20,18.176107083333335,18.186459166666666,24,24,-0.010352083333330597
2012-08-21,18.06571125,18.058053333333334,24,24,0.0076579166666661536
2012-08-22,17.928732083333333,17.926639166666668,24,24,0.0020929166666654453
2012-08-23,17.872977916666667,17.873517083333333,24,24,-0.000539166666666091
2012-08-24,17.933176666666668,17.84028375,24,24,0.09289291666666699
2012-08-25,17.812667916666665,17.795205,24,24,0.017462916666666217
2012-08-26,17.732885416666665,17.721957916666668,24,24,0.010927499999997536
2012-08-27,17.488879583333333,17.512190416666666,24,24,-0.02331083333333339
2012-08-28,17.192675,17.219555416666665,24,24,-0.026880416666664075
2012-08-29,17.121844166666666,17.1150825,24,24,0.006761666666665889
2012-08-30,17.00616541666667,17.0121,24,24,-0.005934583333331744
2012-08-31,16.824023750000002,16.811170833333332,24,24,0.012852916666670211
2012-09-01,16.70716375,16.731575416666665,24,24,-0.02441166666666561
2012-09-02,16.768692083333335,16.7697925,24,24,-0.0011004166666666038
2012-09-03,16.89892625,16.87437,24,24,0.024556249999999835
2012-09-04,16.99410125,17.000593333333335,24,24,-0.0064920833333346195
2012-09-05,17.195922083333333,17.13004625,24,24,0.06587583333333313
2012-09-06,16.952116666666665,16.95757625,24,24,-0.00545958333333374
2012-09-07,16.652638333333332,16.680755416666667,24,24,-0.028117083333334847
2012-09-08,16.7805425,16.793365833333333,24,24,-0.012823333333333409
2012-09-09,16.863425416666665,16.853972083333332,24,24,0.009453333333333092
2012-09-10,16.647870833333332,16.686922083333332,24,24,-0.03905124999999998
2012-09-11,16.527732083333333,16.52797,24,24,-0.00023791666666639344
2012-09-12,16.409679999999998,16.407112916666666,24,24,0.0025670833333322207
2012-09-13,16.17228666666667,16.18224083333333,24,24,-0.009954166666663156
2012-09-14,15.998152916666667,16.004189166666666,24,24,-0.006036249999999299
2012-09-15,15.7773975,15.795879166666667,24,24,-0.018481666666668062
2012-09-16,15.60740125,15.628397083333333,24,24,-0.020995833333332214
2012-09-17,15.426568333333334,15.435770416666667,24,24,-0.009202083333333277
2012-09-18,15.277697916666666,15.272992499999999,24,24,0.004705416666666906
2012-09-19,15.127199583333333,15.1361925,24,24,-0.008992916666667128
2012-09-20,14.982780416666667,15.00103875,24,24,-0.018258333333331933
2012-09-21,14.833660416666667,14.837517916666666,24,24,-0.003857499999998737
2012-09-22,14.823439166666667,14.799431666666667,24,24,0.024007499999999737
2012-09-23,14.600014583333333,14.6089425,24,24,-0.008927916666666036
2012-09-24,14.371519166666667,14.365217083333333,24,24,0.006302083333334707
2012-09-25,14.108317083333333,14.110950833333334,24,24,-0.0026337500000011005
2012-09-26,13.899887083333333,13.917114166666666,24,24,-0.017227083333333226
2012-09-27,13.858360833333332,13.855428333333332,24,24,0.0029325000000000045
2012-09-28,13.784662916666667,13.80961875,24,24,-0.024955833333333288
2012-09-29,13.588841666666667,13.59631375,24,24,-0.007472083333333046
2012-09-30,13.327435416666667,13.376008333333333,24,24,-0.04857291666666619
2012-10-01,13.257214166666667,13.306314583333334,24,24,-0.049100416666666646
2012-10-02,13.06543125,13.0899575,24,24,-0.02452625000000097
2012-10-03,12.9401675,12.941191666666667,24,24,-0.00102416666666727
2012-10-04,12.846918333333333,12.862021666666667,24,24,-0.015103333333334135
2012-10-05,12.679923333333333,12.69628375,24,24,-0.01636041666666621
2012-10-06,12.636087083333333,12.627706666666667,24,24,0.008380416666666335
2012-10-07,12.594744166666667,12.555307916666667,24,24,0.03943624999999962
2012-10-08,12.387863333333334,12.381741666666667,24,24,0.006121666666667025
2012-10-09,12.25576625,12.23197,24,24,0.023796250000000185
2012-10-10,12.066789583333334,12.0865175,24,24,-0.019727916666665735
2012-10-11,12.011307916666667,12.04308125,24,24,-0.03177333333333365
2012-10-12,12.003952916666666,12.028546666666667,24,24,-0.02459375000000108
2012-10-13,11.966330416666667,11.985309166666667,24,24,-0.01897875000000049
2012-10-14,11.878659166666667,11.883420000000001,24,24,-0.004760833333333991
2012-10-15,11.8317425,11.839922916666668,24,24,-0.008180416666666801
2012-10-16,11.715088333333334,11.731404166666668,24,24,-0.01631583333333353
2012-10-17,11.581309166666667,11.589510833333334,24,24,-0.00820166666666644
2012-10-18,11.5491125,11.571794166666667,24,24,-0.022681666666667155
2012-10-19,11.647612083333334,11.593666666666667,24,24,0.05394541666666619
2012-10-20,11.56812625,11.604315416666667,24,24,-0.036189166666666495
2012-10-21,11.60117,11.576957083333333,24,24,0.024212916666666473
2012-10-22,11.514174583333332,11.538397083333333,24,24,-0.02422250000000048
2012-10-23,11.429450416666667,11.451493333333334,24,24,-0.022042916666666912
2012-10-24,11.41973125,11.47023375,24,24,-0.05050250000000034
2012-10-25,11.420085416666666,11.462956666666667,24,24,-0.04287125000000103
2012-10-26,11.193672916666667,11.206921666666666,24,24,-0.013248749999998921
2012-10-27,10.88599,10.89931,24,24,-0.01332000000000022
2012-10-28,10.768532916666667,10.794622916666667,24,24,-0.026089999999999947
2012-10-29,10.694685,10.72114375,24,24,-0.026458749999999753
2012-10-30,10.506298333333334,10.536056666666667,24,24,-0.029758333333333553
2012-10-31,10.376812083333332,10.42943375,24,24,-0.05262166666666701
2012-11-01,10.294662083333334,10.299549583333333,24,24,-0.004887499999998823
2012-11-02,10.209781666666666,10.227069583333334,24,24,-0.017287916666667513
2012-11-03,10.04011125,10.041775833333334,24,24,-0.0016645833333335247
2012-11-04,9.886610541666666,9.896352291666666,24,24,-0.009741749999999882
2012-11-05,9.812253875,9.813069166666667,24,24,-0.0008152916666670507
2012-11-06,9.705373291666666,9.738642833333333,24,24,-0.033269541666667735
2012-11-07,9.626750333333334,9.686638333333333,24,24,-0.05988799999999905
2012-11-08,9.476366333333333,9.542779,24,24,-0.06641266666666645
2012-11-09,9.407482416666667,9.4530915,24,24,-0.04560908333333202
2012-11-10,9.41907025,9.423079041666666,24,24,-0.004008791666665346
2012-11-11,9.352800125,9.357584916666667,24,24,-0.004784791666667232
2012-11-12,9.289693416666667,9.326601375,24,24,-0.03690795833333205
2012-11-13,9.170131833333333,9.242201375,24,24,-0.0720695416666679
2012-11-14,9.176115916666667,9.24877025,24,24,-0.07265433333333249
2012-11-15,9.206575375,9.266341791666667,24,24,-0.059766416666667155
2012-11-16,9.259464625,9.280932708333333,24,24,-0.02146808333333361
2012-11-17,9.180832041666667,9.218475166666666,24,24,-0.03764312499999889
2012-11-18,9.113931333333333,9.134552458333333,24,24,-0.020621124999999907
2012-11-19,9.0220485,9.069604041666667,24,24,-0.0475555416666662
2012-11-20,8.920920666666667,8.976302041666667,24,24,-0.05538137499999962
2012-11-21,8.933032041666667,8.977831291666666,24,24,-0.044799249999998736
2012-11-22,8.835037,8.874957041666667,24,24,-0.03992004166666696
2012-11-23,8.838374208333333,8.881515208333333,24,24,-0.04314100000000032
2012-11-24,8.703242458333333,8.706020416666668,24,24,-0.002777958333334496
2012-11-25,8.671639,8.677016625,24,24,-0.005377624999999497
2012-11-26,8.514373625,8.539363916666666,24,24,-0.024990291666666664
2012-11-27,8.370950041666667,8.432050166666667,24,24,-0.061100124999999395
2012-11-28,8.223916083333334,8.246987208333334,24,24,-0.023071124999999526
2012-11-29,8.085186291666666,8.103210958333333,24,24,-0.018024666666667244
2012-11-30,7.928812333333333,7.951107833333333,24,24,-0.022295500000000246
2012-12-01,7.789841166666666,7.811090458333333,24,24,-0.021249291666666892
2012-12-02,7.614367208333333,7.642505791666666,24,24,-0.028138583333332967
2012-12-03,7.554982208333334,7.5750659166666665,24,24,-0.02008370833333295
2012-12-04,7.457657458333333,7.480683541666666,24,24,-0.023026083333332892
2012-12-05,7.320834458333334,7.329629541666667,24,24,-0.008795083333333231
2012-12-06,7.1007675416666665,7.141426125,24,24,-0.040658583333333276
2012-12-07,6.988852125,7.0349875,24,24,-0.046135374999999534
2012-12-08,6.848469791666667,6.883981375,24,24,-0.03551158333333326
2012-12-09,6.716547,6.778188416666667,24,24,-0.06164141666666634
2012-12-10,6.623437291666667,6.668065875,24,24,-0.04462858333333308
2012-12-11,6.460583,6.476285791666666,24,24,-0.01570279166666655
2012-12-12,6.464223333333333,6.466808583333333,24,24,-0.0025852500000000944
2012-12-13,6.405066375,6.427184666666666,24,24,-0.02211829166666668
2012-12-14,6.260318666666667,6.275346916666667,24,24,-0.015028250000000298
2012-12-15,6.062421583333333,6.126456958333334,24,24,-0.06403537500000045
2012-12-16,6.00023225,6.047240666666667,24,24,-0.04700841666666733
2012-12-17,6.037839541666667,6.0938235,24,24,-0.05598395833333303
2012-12-18,6.078696916666667,6.111512625,24,24,-0.032815708333332694
2012-12-19,5.92886775,5.993201333333333,24,24,-0.06433358333333317
2012-12-20,5.905884291666666,5.975661166666667,24,24,-0.06977687500000052
2012-12-21,5.873769583333333,5.937788958333333,24,24,-0.06401937499999999
2012-12-22,5.849717208333334,5.911735916666666,24,24,-0.06201870833333256
2012-12-23,5.819959375,5.862796583333333,24,24,-0.042837208333333265
2012-12-24,5.842539541666667,5.897631583333333,24,24,-0.0550920416666667
2012-12-25,5.856455125,5.914301083333333,24,24,-0.05784595833333306
2012-12-26,5.865106458333333,5.9142855,24,24,-0.04917904166666709
2012-12-27,5.880042125,5.934395583333333,24,24,-0.05435345833333294
2012-12-28,5.844094666666667,5.8831045416666665,24,24,-0.03900987499999964
2012-12-29,5.8472090833333334,5.8915762916666665,24,24,-0.044367208333333075
2012-12-30,5.929378375,5.971050583333334,24,24,-0.04167220833333385
2012-12-31,5.82974575,5.881652541666667,24,24,-0.05190679166666712
2013-01-01,5.920066875,5.963850083333333,24,24,-0.04378320833333316
2013-01-02,5.843793375,5.883085958333333,24,24,-0.0392925833333333
2013-01-03,6.016274,5.991727375,24,24,0.024546625000000155
2013-01-04,6.022085125,5.982600333333333,24,24,0.039484791666667185
2013-01-05,6.037927916666667,6.051959416666667,24,24,-0.014031499999999753
2013-01-06,6.056584541666667,6.059609541666666,24,24,-0.0030249999999991672
2013-01-07,6.112542458333333,6.143539541666667,24,24,-0.030997083333333286
2013-01-08,6.213229708333333,6.2161134166666665,24,24,-0.002883708333333068
2013-01-09,6.1971975,6.218538583333333,24,24,-0.02134108333333362
2013-01-10,6.078314541666667,6.1191915833333335,24,24,-0.040877041666666614
2013-01-11,6.0224150000000005,6.0341725,24,24,-0.011757499999999865
2013-01-12,6.007789458333334,6.01770525,24,24,-0.009915791666665896
2013-01-13,5.9802713333333335,6.004514875,24,24,-0.024243541666666424
2013-01-14,5.944782291666667,5.966023416666666,24,24,-0.021241124999999528
2013-01-15,5.856455,5.874467666666667,24,24,-0.018012666666666455
2013-01-16,5.763448166666667,5.801503375,24,24,-0.038055208333333645
2013-01-19,5.487374125,5.566907125,24,24,-0.07953300000000052
2013-01-20,5.3695532083333335,5.446603041666666,24,24,-0.0770498333333327
2013-01-21,5.217219625,5.306908583333334,24,24,-0.08968895833333335
2013-01-22,5.15006875,5.206592041666667,24,24,-0.05652329166666714
2013-01-23,5.128856291666667,5.137422583333334,24,24,-0.008566291666666892
2013-01-24,5.093048625,5.120660791666666,24,24,-0.02761216666666666
2013-01-25,4.930095416666667,5.0091825,24,24,-0.07908708333333259
2013-01-26,4.828611916666667,4.852294166666667,24,24,-0.023682250000000238
2013-01-27,4.801843625,4.772028583333333,24,24,0.02981504166666671
2013-01-28,4.666102833333333,4.654650125,24,24,0.011452708333333561
2013-01-29,4.542507958333333,4.505475666666666,24,24,0.03703229166666677
2013-01-30,4.587443958333333,4.5132943333333335,24,24,0.07414962499999955
2013-01-31,4.633183708333333,4.555115875,24,24,0.07806783333333289
2013-02-01,4.610526,4.578270166666667,24,24,0.03225583333333315
2013-02-02,4.634871791666667,4.650366041666667,24,24,-0.01549424999999971
2013-02-03,4.567679083333333,4.606044333333333,24,24,-0.03836525000000002
2013-02-04,4.597715791666666,4.5612687916666665,24,24,0.036446999999999896
2013-02-05,4.660796166666667,4.668105583333333,24,24,-0.007309416666666735
2013-02-06,4.601801333333333,4.616085333333333,24,24,-0.014283999999999963
2013-02-07,4.459201875,4.567506125,24,24,-0.10830425000000066
2013-02-08,4.4499715,4.4969089166666665,24,24,-0.04693741666666629
2013-02-09,4.464582375,4.5221099166666665,24,24,-0.057527541666666515
2013-02-10,4.461654375,4.4848350833333335,24,24,-0.0231807083333333
2013-02-11,4.437443041666667,4.454069666666666,24,24,-0.016626624999999784
2013-02-12,4.4088420416666665,4.466615,24,24,-0.05777295833333351
2013-02-13,4.247028125,4.323113541666666,24,24,-0.07608541666666646
2013-02-14,4.240847875,4.283167166666667,24,24,-0.042319291666666814
2013-02-15,4.192582708333333,4.264057,24,24,-0.07147429166666708
2013-02-16,4.363147166666667,4.393117791666667,24,24,-0.029970624999999806
2013-02-17,4.287248708333333,4.364834208333333,24,24,-0.07758549999999964
2013-02-18,4.321210166666667,4.374969,24,24,-0.0537588333333332
2013-02-19,4.36842425,4.362632625,24,24,0.005791625000000522
2013-02-20,4.240839333333334,4.301452708333334,24,24,-0.06061337499999997
2013-02-21,4.211104541666667,4.2321825,24,24,-0.02107795833333359
2013-02-22,4.165805708333333,4.230961791666667,24,24,-0.065156083333334
2013-02-23,4.183636291666667,4.212276041666667,24,24,-0.028639749999999964
2013-02-24,4.1442008333333336,4.179959125,24,24,-0.03575829166666633
2013-02-25,4.073053458333333,4.095584041666667,24,24,-0.022530583333334242
2013-02-26,4.049197541666667,4.078248375,24,24,-0.029050833333333692
2013-02-27,4.16613075,4.097496916666667,24,24,0.06863383333333317
2013-02-28,4.162618208333333,4.136149,24,24,0.026469208333333327
2013-03-01,4.043379083333333,4.074769916666667,24,24,-0.03139083333333392
2013-03-02,4.082072208333334,4.129498625,24,24,-0.04742641666666625
2013-03-03,4.135757625,4.168510333333334,24,24,-0.03275270833333366
2013-03-04,4.169346666666667,4.176169958333333,24,24,-0.00682329166666662
2013-03-05,4.305509625,4.26837825,24,24,0.03713137500000041
2013-03-06,4.132345333333333,4.140171916666667,24,24,-0.007826583333333303
2013-03-07,4.0924444583333335,4.11075925,24,24,-0.018314791666666608
2013-03-08,4.140678125,4.182435208333334,24,24,-0.04175708333333361
2013-03-09,4.24643625,4.3099628333333335,24,24,-0.06352658333333316
2013-03-10,4.2303733333333335,4.2733405,24,24,-0.04296716666666622
2013-03-11,4.179039666666666,4.221900041666666,24,24,-0.04286037500000006
2013-03-12,4.034866041666667,4.066183916666667,24,24,-0.03131787500000005
2013-03-13,4.005113208333333,4.056519583333333,24,24,-0.051406375000000004
2013-03-14,4.006286875,4.059517666666666,24,24,-0.053230791666666555
2013-03-15,4.041679041666667,4.027562625,24,24,0.014116416666666964
2013-03-16,4.1065465,4.117886541666667,24,24,-0.011340041666666245
2013-03-17,4.104709125,4.117184916666667,24,24,-0.01247579166666668
2013-03-18,4.106284791666667,4.159059291666667,24,24,-0.052774499999999946
2013-03-19,4.112496541666666,4.1122232499999996,24,24,0.00027329166666678617
2013-03-20,4.103007916666667,4.150099916666667,24,24,-0.047092000000000134
2013-03-21,4.037123333333334,4.067464625,24,24,-0.03034129166666677
2013-03-22,4.0384765,4.0723524583333335,24,24,-0.03387595833333368
2013-03-23,3.9996070416666667,4.015623625,24,24,-0.016016583333333223
2013-03-24,3.9247519166666667,3.941027625,24,24,-0.01627570833333314
2013-03-25,3.869573625,3.9112154583333334,24,24,-0.04164183333333327
2013-03-26,3.7878249999999998,3.8170604166666666,24,24,-0.029235416666666847
2013-03-27,3.787217458333333,3.794083083333333,24,24,-0.006865625000000097
2013-03-28,3.754821,3.7777177083333333,24,24,-0.022896708333333127
2013-03-29,3.718348625,3.771447541666667,24,24,-0.053098916666666884
2013-03-30,3.654441041666667,3.7339572916666666,24,24,-0.07951624999999973
2013-03-31,3.6160285,3.7173809166666665,24,24,-0.10135241666666639
2013-04-01,3.7571324583333334,3.8002402916666664,24,24,-0.04310783333333301
2013-04-02,3.7765428333333335,3.799931208333333,24,24,-0.023388374999999684
2013-04-03,3.7802429166666665,3.8199210833333335,24,24,-0.039678166666667014
2013-04-04,3.80182925,3.822769083333333,24,24,-0.02093983333333327
2013-04-05,3.7923698333333333,3.850996416666667,24,24,-0.05862658333333348
2013-04-06,3.9862974583333335,3.9937030416666666,24,24,-0.007405583333333077
2013-04-07,4.225119708333334,4.213056,24,24,0.0120637083333337
2013-04-08,4.0879455,4.141787791666666,24,24,-0.05384229166666632
2013-04-09,4.153711583333333,4.17473375,24,24,-0.021022166666666564
2013-04-10,4.502773833333333,4.450592958333333,24,24,0.05218087500000035
2013-04-11,4.470237624999999,4.480122458333334,24,24,-0.009884833333334342
2013-04-12,4.816027958333334,4.7360132083333335,24,24,0.08001475000000013
2013-04-13,4.810127583333333,4.814246166666667,24,24,-0.004118583333333703
2013-04-14,4.573517375,4.562467666666667,24,24,0.011049708333333186
2013-04-15,4.729766375,4.712987708333333,24,24,0.016778666666666275
2013-04-16,5.0074125,5.004887166666666,24,24,0.0025253333333337125
2013-04-17,5.136961791666667,5.139551083333333,24,24,-0.002589291666666327
2013-04-18,5.385206375,5.382727458333333,24,24,0.002478916666666997
2013-04-19,5.838830916666667,5.749125583333333,24,24,0.08970533333333375
2013-04-20,6.2905727916666665,6.279713,24,24,0.010859791666666396
2013-04-21,5.857035791666666,5.877316875,24,24,-0.020281083333333783
2013-04-22,5.809374916666666,5.850697125,24,24,-0.041322208333333776
2013-04-23,6.1579855,6.1454865,24,24,0.012499000000000038
2013-04-24,6.339343125,6.330838458333334,24,24,0.00850466666666616
2013-04-25,6.9797179583333335,6.950484125,24,24,0.029233833333333514
2013-04-26,7.154788166666666,7.1930328333333335,24,24,-0.03824466666666737
2013-04-27,6.992722916666667,6.9933669583333335,24,24,-0.0006440416666668725
2013-04-28,6.799059708333333,6.865803958333333,24,24,-0.06674425000000017
2013-04-29,6.754410208333334,6.804204125,24,24,-0.04979391666666633
2013-04-30,7.180910833333333,7.118055708333333,24,24,0.06285512499999957
2013-05-01,7.3925500416666665,7.3656154166666665,24,24,0.02693462499999999
2013-05-02,7.841729833333333,7.738982666666667,24,24,0.10274716666666617
2013-05-03,7.5145060416666665,7.509231166666667,24,24,0.005274874999999568
2013-05-04,7.613935583333333,7.601163666666666,24,24,0.012771916666666883
2013-05-05,7.75695125,7.741850333333334,24,24,0.015100916666666464
2013-05-06,8.416681583333332,8.366735625,24,24,0.04994595833333193
2013-05-07,9.484725208333334,9.335689041666667,24,24,0.14903616666666686
2013-05-08,8.93705125,8.901597916666667,24,24,0.03545333333333289
2013-05-09,8.027172583333334,8.084795291666667,24,24,-0.057622708333333605
2013-05-10,8.426046375,8.457227,24,24,-0.031180624999999296
2013-05-11,8.48289,8.519027,24,24,-0.036137000000000086
2013-05-12,8.750555541666667,8.799189083333333,24,24,-0.04863354166666589
2013-05-13,8.458814166666667,8.508368625,24,24,-0.04955445833333272
2013-05-14,8.706045208333332,8.738072125,24,24,-0.032026916666668015
2013-05-15,8.949593625,8.992705083333334,24,24,-0.04311145833333363
2013-05-16,9.132182208333333,9.041883666666667,24,24,0.09029854166666595
2013-05-17,9.26261825,9.166124083333333,24,24,0.0964941666666661
2013-05-18,9.659097958333334,9.645482083333333,24,24,0.013615875000001054
2013-05-19,10.040706416666668,9.778639416666667,24,24,0.26206700000000005
2013-05-20,11.214792916666667,10.211746791666666,24,24,1.003046125000001
2013-05-21,11.73438125,10.977337375,24,24,0.7570438750000008
2013-05-22,11.63590875,11.5595125,24,24,0.07639625000000017
2013-05-23,11.138089583333333,11.13465875,24,24,0.003430833333332828
2013-05-24,10.083011083333334,10.115624625,24,24,-0.032613541666666634
2013-05-25,11.27725625,11.0540525,24,24,0.22320375000000148
2013-05-26,11.2741625,11.153540416666667,24,24,0.12062208333333224
2013-05-27,10.518626708333333,10.52744075,24,24,-0.00881404166666755
2013-05-28,10.907719708333333,10.759290333333334,24,24,0.1484293749999992
2013-05-29,10.374458333333333,10.393017083333334,24,24,-0.0185587500000004
2013-05-30,10.5897225,10.5748025,24,24,0.014920000000000044
2013-05-31,11.538458333333333,11.409904166666667,24,24,0.12855416666666564
2013-06-01,12.167280833333333,12.122792916666667,24,24,0.044487916666666294
2013-06-02,12.182812916666666,12.1576425,24,24,0.02517041666666664
2013-06-03,13.08020875,12.570142083333334,24,24,0.5100666666666669
2013-06-04,13.9901325,13.424865,24,24,0.5652674999999991
2013-06-05,15.12730375,14.702267916666667,24,24,0.4250358333333324
2013-06-06,16.24289458333333,15.2985325,24,24,0.9443620833333313
2013-06-07,16.658709583333334,15.820630416666667,24,24,0.8380791666666667
2013-06-08,16.909883333333333,16.177091666666666,24,24,0.7327916666666674
2013-06-09,17.341625,16.892459583333334,24,24,0.4491654166666663
2013-06-10,17.21192458333333,17.092660833333333,24,24,0.11926374999999823
2013-06-11,16.627680833333333,16.593847083333333,24,24,0.03383374999999944
2013-06-12,15.290192083333332,15.172988333333333,24,24,0.11720374999999983
2013-06-13,15.48367125,15.453409166666667,24,24,0.030262083333333578
2013-06-14,14.514500833333333,14.399645,24,24,0.11485583333333338
2013-06-15,13.8403375,13.839062916666666,24,24,0.0012745833333340784
2013-06-16,14.788642083333334,14.75285125,24,24,0.03579083333333344
2013-06-17,15.483315,15.158119583333333,24,24,0.3251954166666664
2013-06-18,16.458670416666667,15.83566625,24,24,0.6230041666666679
2013-06-19,16.852285000000002,16.49800375,24,24,0.3542812500000032
2013-06-20,16.953540833333335,16.854958333333332,24,24,0.09858250000000268
2013-06-21,17.34774625,17.310037916666666,24,24,0.037708333333334565
2013-06-22,15.269622916666666,15.234695,24,24,0.03492791666666584
2013-06-23,16.035819166666666,16.03072166666667,24,24,0.005097499999997979
2013-06-24,16.038370416666666,16.048105416666665,24,24,-0.009734999999999161
2013-06-25,15.84975875,15.782928333333333,24,24,0.06683041666666689
2013-06-26,16.271473333333333,16.22264625,24,24,0.04882708333333241
2013-06-27,16.367030833333335,16.394853333333334,24,24,-0.027822499999999195
2013-06-28,16.081191666666665,16.12488,24,24,-0.04368833333333555
2013-06-29,16.043548333333334,16.057105833333335,24,24,-0.013557500000001
2013-06-30,15.773330833333333,15.80081875,24,24,-0.027487916666666834
2013-07-01,15.778155416666667,15.802696666666666,24,24,-0.024541249999998627
2013-07-02,15.66351875,15.6720675,24,24,-0.008548750000000993
2013-07-03,15.65196,15.663991666666666,24,24,-0.01203166666666533
2013-07-04,15.7234825,15.69889875,24,24,0.024583749999999682
2013-07-05,15.92428125,15.930032083333334,24,24,-0.005750833333333816
2013-07-06,16.557062916666666,16.5493975,24,24,0.0076654166666649814
2013-07-07,17.614837083333335,17.208378333333332,24,24,0.4064587500000023
2013-07-08,19.02974083333333,17.76840125,24,24,1.2613395833333314
2013-07-09,20.498864583333333,18.88521666666667,24,24,1.6136479166666646
2013-07-10,20.772459166666668,19.756405,24,24,1.0160541666666667
2013-07-11,21.1025225,20.60331083333333,24,24,0.4992116666666675
2013-07-12,21.367699166666668,21.055914583333333,24,24,0.3117845833333348
2013-07-13,21.759550833333332,21.581095,24,24,0.17845583333333082
2013-07-14,21.579238333333333,21.49448125,24,24,0.08475708333333287
2013-07-15,21.02313125,21.015582083333335,24,24,0.007549166666663609
2013-07-16,21.22854875,21.060445,24,24,0.16810375000000022
2013-07-17,22.123310416666666,21.616237083333335,24,24,0.5070733333333308
2013-07-18,22.84718875,22.205039166666666,24,24,0.6421495833333353
2013-07-19,23.40624125,22.824231666666666,24,24,0.5820095833333347
2013-07-20,23.062155416666666,22.99315,24,24,0.06900541666666626
2013-07-21,22.951913333333334,22.916338333333332,24,24,0.03557500000000147
2013-07-22,22.98755875,22.8530775,24,24,0.13448125000000033
2013-07-23,22.99456875,22.98624375,24,24,0.00832499999999925
2013-07-24,22.810324583333333,22.80221,24,24,0.00811458333333448
2013-07-25,22.689120833333334,22.696307083333334,24,24,-0.007186250000000172
2013-07-26,22.36597375,22.36923625,24,24,-0.0032625000000017224
2013-07-27,22.392342083333332,22.36074916666667,24,24,0.031592916666664195
2013-07-28,21.985835833333333,21.98242875,24,24,0.0034070833333323947
2013-07-29,21.467545416666667,21.469262083333334,24,24,-0.0017166666666668107
2013-07-30,21.194668333333333,21.195984166666666,24,24,-0.0013158333333329608
2013-07-31,21.021716666666666,21.01976625,24,24,0.0019504166666663991
2013-08-01,20.79150125,20.778239166666665,24,24,0.013262083333334118
2013-08-02,20.846448333333335,20.862495833333334,24,24,-0.016047499999999104
2013-08-03,20.407805833333335,20.4235525,24,24,-0.01574666666666502
2013-08-04,19.995755833333334,20.0099125,24,24,-0.014156666666664819
2013-08-05,19.732975,19.77315875,24,24,-0.04018375000000063
2013-08-06,19.467093333333334,19.468951666666666,24,24,-0.0018583333333310748
2013-08-07,19.515359166666666,19.373631666666668,24,24,0.14172749999999823
2013-08-08,19.527425,19.478810833333334,24,24,0.04861416666666685
2013-08-09,19.400815833333333,19.409066666666668,24,24,-0.008250833333335095
2013-08-10,19.125047083333335,19.135175416666666,24,24,-0.01012833333333063
2013-08-11,18.928538333333332,18.936199583333334,24,24,-0.007661250000001729
2013-08-12,18.737418333333334,18.74475125,24,24,-0.007332916666666023
2013-08-13,18.640763333333332,18.61663625,24,24,0.024127083333333132
2013-08-14,18.717008333333332,18.71063625,24,24,0.006372083333332057
2013-08-15,18.610200833333334,18.6191,24,24,-0.008899166666665792
2013-08-16,18.568477083333335,18.543118333333332,24,24,0.025358750000002317
2013-08-17,18.20326,18.222531666666665,24,24,-0.0192716666666648
2013-08-18,18.025104583333334,18.052289166666668,24,24,-0.027184583333333734
2013-08-19,17.875775833333332,17.889782083333333,24,24,-0.01400625000000133
2013-08-20,17.80050375,17.827744583333335,24,24,-0.027240833333333825
2013-08-21,17.65102875,17.67246375,24,24,-0.021435000000000315
2013-08-22,18.136857083333332,17.750352916666667,24,24,0.3865041666666649
2013-08-23,18.241800833333333,18.049009583333333,24,24,0.19279124999999908
2013-08-24,18.202529166666668,18.18717375,24,24,0.01535541666666873
2013-08-25,18.27650583333333,18.246255,24,24,0.030250833333330007
2013-08-26,18.735558333333334,18.504441666666665,24,24,0.23111666666666864
2013-08-27,19.00055375,18.81518833333333,24,24,0.18536541666667006
2013-08-28,18.951382083333332,18.9506275,24,24,0.0007545833333324481
2013-08-29,18.4128325,18.431927916666666,24,24,-0.0190954166666657
2013-08-30,18.162942083333334,18.176969166666666,24,24,-0.014027083333331802
2013-08-31,18.024887083333333,18.031312916666668,24,24,-0.006425833333334907
2013-09-01,17.562177916666666,17.592175833333332,24,24,-0.029997916666665958
2013-09-02,17.237980833333335,17.268951666666666,24,24,-0.03097083333333117
2013-09-03,17.361254166666665,17.367340416666668,24,24,-0.006086250000002735
2013-09-04,17.601419166666666,17.517005416666667,24,24,0.08441374999999951
2013-09-05,17.786969166666665,17.726220833333333,24,24,0.06074833333333274
2013-09-06,17.379875833333333,17.404554166666667,24,24,-0.024678333333334024
2013-09-07,16.86710625,16.895867916666667,24,24,-0.028761666666667907
2013-09-08,16.509247083333335,16.513674166666664,24,24,-0.004427083333329307
2013-09-09,16.595094166666666,16.536230416666665,24,24,0.05886375000000044
2013-09-10,16.324350416666668,16.337329583333332,24,24,-0.0129791666666641
2013-09-11,16.219586666666668,16.243646666666667,24,24,-0.024059999999998638
2013-09-12,16.18891,16.211559583333333,24,24,-0.022649583333333112
2013-09-13,16.25088375,16.258739583333334,24,24,-0.007855833333334061
2013-09-14,16.206585416666666,16.194585416666666,24,24,0.012000000000000455
2013-09-15,15.762170833333332,15.785217916666667,24,24,-0.02304708333333494
2013-09-16,15.320805416666667,15.3511475,24,24,-0.030342083333332326
2013-09-17,15.052242083333333,15.0995325,24,24,-0.04729041666666767
2013-09-18,14.834666666666667,14.86419125,24,24,-0.02952458333333219
2013-09-19,14.639505416666667,14.650251666666666,24,24,-0.010746249999998625
2013-09-20,14.469345,14.5107725,24,24,-0.041427499999999284
2013-09-21,14.3943075,14.415623333333333,24,24,-0.021315833333332534
2013-09-22,14.576650833333334,14.550205,24,24,0.026445833333333724
2013-09-23,14.795031666666667,14.629394166666668,24,24,0.165637499999999
2013-09-24,14.979172916666666,14.6984925,24,24,0.2806804166666659
2013-09-25,14.922909166666667,14.75407875,24,24,0.1688304166666672
2013-09-26,14.532831666666667,14.536720833333334,24,24,-0.0038891666666671654
2013-09-27,14.916807499999999,14.783183750000001,24,24,0.13362374999999815
2013-09-28,14.90200875,14.870267083333333,24,24,0.031741666666667
2013-09-29,14.651684166666668,14.66705,24,24,-0.01536583333333219
2013-09-30,14.490525,14.505587083333333,24,24,-0.015062083333333476
2013-10-01,14.434607083333333,14.456369583333334,24,24,-0.02176250000000124
2013-10-02,14.303261666666666,14.343914166666666,24,24,-0.0406525000000002
2013-10-03,14.375092083333334,14.356147916666666,24,24,0.018944166666667428
2013-10-04,14.435076666666667,14.413559166666667,24,24,0.021517499999999856
2013-10-05,14.35372,14.407881666666666,24,24,-0.05416166666666733
2013-10-06,14.278124583333334,14.320013333333334,24,24,-0.04188875000000003
2013-10-07,14.276362916666667,14.281529166666667,24,24,-0.005166250000000261
2013-10-08,14.35922375,14.376170833333333,24,24,-0.01694708333333317
2013-10-09,14.25291,14.287760833333333,24,24,-0.0348508333333335
2013-10-10,13.722074166666667,13.7565275,24,24,-0.03445333333333345
2013-10-11,13.2193725,13.243965833333334,24,24,-0.02459333333333369
2013-10-12,12.964675833333333,13.011323333333333,24,24,-0.04664750000000062
2013-10-13,12.782884166666667,12.8305925,24,24,-0.047708333333332575
2013-10-14,12.68852375,12.74758,24,24,-0.059056249999999366
2013-10-15,12.568104583333334,12.610249583333333,24,24,-0.042144999999999655
2013-10-16,12.440433333333333,12.484495,24,24,-0.044061666666667776
2013-10-17,12.37878,12.414502916666667,24,24,-0.03572291666666594
2013-10-18,12.342641666666667,12.38004625,24,24,-0.0374045833333323
2013-10-19,12.30033875,12.3000925,24,24,0.0002462500000000034
2013-10-20,12.273753333333334,12.282900833333333,24,24,-0.009147499999999198
2013-10-21,12.217149583333333,12.23254625,24,24,-0.015396666666667613
2013-10-22,12.222941666666667,12.22735625,24,24,-0.004414583333332445
2013-10-23,12.237457083333334,12.2761325,24,24,-0.038675416666665186
2013-10-24,12.1814825,12.22138125,24,24,-0.03989875000000076
2013-10-25,12.062048333333333,12.09715625,24,24,-0.03510791666666613
2013-10-26,11.964652083333334,11.978699166666667,24,24,-0.014047083333332822
2013-10-27,11.834494166666667,11.867750833333334,24,24,-0.03325666666666649
2013-10-28,11.814342083333333,11.875105833333333,24,24,-0.06076374999999956
2013-10-29,11.6971925,11.76600625,24,24,-0.06881375000000034
2013-10-30,11.631558333333333,11.678972083333333,24,24,-0.047413750000000476
2013-10-31,11.485009583333333,11.518316666666667,24,24,-0.033307083333333765
2013-11-01,11.400059166666667,11.431733333333334,24,24,-0.03167416666666689
2013-11-02,11.21558875,11.267014583333333,24,24,-0.05142583333333306
2013-11-03,11.014989583333334,11.052590416666666,24,24,-0.03760083333333242
2013-11-04,10.919248333333334,10.93607125,24,24,-0.016822916666665577
2013-11-05,10.770471666666667,10.802367916666666,24,24,-0.03189624999999907
2013-11-06,10.527515,10.562426666666667,24,24,-0.034911666666667784
2013-11-07,10.456814583333333,10.507255416666666,24,24,-0.050440833333333046
2013-11-08,10.22399875,10.288174166666666,24,24,-0.06417541666666615
2013-11-09,10.194244166666667,10.21726375,24,24,-0.023019583333333316
2013-11-10,10.055796458333333,10.08202,24,24,-0.02622354166666696
2013-11-11,9.910121458333334,9.940521541666667,24,24,-0.030400083333333328
2013-11-12,9.835543458333333,9.852339041666667,24,24,-0.016795583333333752
2013-11-13,9.7431055,9.774452791666667,24,24,-0.031347291666666166
2013-11-14,9.615211875,9.64527075,24,24,-0.03005887499999993
2013-11-15,9.589598625,9.647690583333333,24,24,-0.05809195833333192
2013-11-16,9.559934791666667,9.562986416666666,24,24,-0.003051624999999447
2013-11-17,9.408409166666667,9.446742458333333,24,24,-0.03833329166666566
2013-11-18,9.391122833333334,9.412039708333333,24,24,-0.02091687499999928
2013-11-19,9.347119958333334,9.366689958333334,24,24,-0.019569999999999865
2013-11-20,9.183507541666666,9.209382375,24,24,-0.025874833333334735
2013-11-21,8.973536625,9.030840291666667,24,24,-0.05730366666666775
2013-11-22,8.9490835,8.992216416666666,24,24,-0.04313291666666608
2013-11-23,8.769685916666667,8.821558916666667,24,24,-0.0518730000000005
2013-11-24,8.599675791666666,8.667970583333334,24,24,-0.06829479166666808
2013-11-25,8.545782291666667,8.57920925,24,24,-0.03342695833333309
2013-11-26,8.443194583333334,8.472216833333333,24,24,-0.029022249999998806
2013-11-27,8.355292500000001,8.369432666666667,24,24,-0.014140166666665621
2013-11-28,8.319172,8.354656583333334,24,24,-0.03548458333333393
2013-11-29,8.265259041666667,8.277168458333334,24,24,-0.011909416666666672
2013-11-30,8.094360708333333,8.145710208333334,24,24,-0.0513495000000006
2013-12-01,8.055011583333332,8.058050916666666,24,24,-0.003039333333333616
2013-12-02,8.038240708333333,8.042365666666667,24,24,-0.004124958333333595
2013-12-03,7.981517347826087,8.003483695652173,23,23,-0.021966347826086086
2013-12-04,7.9272198750000005,7.960540333333333,24,24,-0.03332045833333286
2013-12-05,7.855535791666667,7.880472541666666,24,24,-0.024936749999999286
2013-12-06,7.782142875,7.858330583333333,24,24,-0.07618770833333333
2013-12-07,7.738337416666667,7.777184083333333,24,24,-0.03884666666666625
2013-12-08,7.661252416666667,7.669784625,24,24,-0.008532208333333458
2013-12-09,7.620539625,7.626991083333333,24,24,-0.006451458333333271
2013-12-10,7.597920625,7.601064916666667,24,24,-0.003144291666666632
2013-12-11,7.605432,7.62316025,24,24,-0.017728249999999335
2013-12-12,7.616611125,7.643164666666666,24,24,-0.026553541666666014
2013-12-13,7.59602575,7.596528,24,24,-0.0005022500000002594
2013-12-14,7.5338484999999995,7.558249958333334,24,24,-0.02440145833333407
2013-12-15,7.498064333333334,7.50695475,24,24,-0.008890416666666567
2013-12-16,7.443196833333333,7.4553865,24,24,-0.012189666666666987
2013-12-17,7.430799541666667,7.470033583333334,24,24,-0.039234041666667
2013-12-18,7.374545791666667,7.390737625,24,24,-0.016191833333333072
2013-12-19,7.236039208333334,7.274756833333333,24,24,-0.03871762499999942
2013-12-20,7.151461916666666,7.165641833333333,24,24,-0.014179916666666514
2013-12-21,7.147022833333333,7.148642791666667,24,24,-0.0016199583333342815
2013-12-22,6.982519666666667,7.006722875,24,24,-0.02420320833333367
2013-12-23,6.928425291666667,6.933481166666667,24,24,-0.005055875000000043
2013-12-24,6.813284375,6.828793,24,24,-0.015508624999999832
2013-12-25,6.708931416666666,6.723360416666667,24,24,-0.014429000000000691
2013-12-26,6.668927916666667,6.719129708333333,24,24,-0.05020179166666594
2013-12-27,6.5982891666666665,6.600899208333333,24,24,-0.0026100416666663406
2013-12-28,6.4912296666666665,6.489646291666666,24,24,0.0015833750000000535
2013-12-29,6.434143916666667,6.4668219166666665,24,24,-0.03267799999999976
2013-12-30,6.453326875,6.464113041666667,24,24,-0.010786166666666652
2013-12-31,6.379192375,6.386608125,24,24,-0.00741575000000072
2014-01-01,6.302734958333334,6.321602875,24,24,-0.018867916666666318
2014-01-02,6.284106666666666,6.3182583333333335,24,24,-0.034151666666667246
2014-01-03,6.2644416666666665,6.266205,24,24,-0.001763333333333783
2014-01-04,6.261845,6.27238625,24,24,-0.010541250000000169
2014-01-05,6.26938625,6.3111862499999996,24,24,-0.04179999999999939
2014-01-06,6.26042,6.2603816666666665,24,24,3.833333333336242e-05
2014-01-07,6.2603816666666665,6.26042,24,24,-3.833333333336242e-05
2014-01-08,6.26042,6.26042,24,24,0.0
2014-01-09,6.246665416666667,6.263506666666666,24,24,-0.016841249999999697
2014-01-10,6.2569929166666665,6.260111666666667,24,24,-0.003118750000000503
2014-01-11,6.201112916666666,6.254504166666667,24,24,-0.05339125000000067
2014-01-12,6.1610595833333335,6.2174625,24,24,-0.056402916666666414
2014-01-13,6.120562083333334,6.11687375,24,24,0.0036883333333337376
2014-01-14,6.060267916666667,6.073377916666667,24,24,-0.013110000000000177
2014-01-15,6.05411125,6.06544625,24,24,-0.011334999999999873
2014-01-16,6.049282916666667,6.069716666666666,24,24,-0.020433749999999584
2014-01-17,6.03840625,6.038997916666666,24,24,-0.0005916666666658799
2014-01-18,6.007325833333334,6.03958375,24,24,-0.03225791666666655
2014-01-19,6.016662083333333,6.0347175,24,24,-0.01805541666666688
2014-01-20,5.97250125,5.991380833333333,24,24,-0.018879583333333727
2014-01-21,5.92765625,5.9595537499999995,24,24,-0.03189749999999947
2014-01-22,5.954486666666667,5.968791666666666,24,24,-0.014304999999999346
2014-01-23,5.877031666666666,5.91406625,24,24,-0.03703458333333387
2014-01-24,5.8407875,5.88835875,24,24,-0.04757124999999984
2014-01-25,5.82439625,5.873318333333334,24,24,-0.048922083333333255
2014-01-26,5.81512,5.81526875,24,24,-0.00014875000000014182
2014-01-27,5.81512,5.815230833333334,24,24,-0.00011083333333328227
2014-01-28,5.808971666666666,5.814113333333333,24,24,-0.005141666666666822
2014-01-29,5.7646162499999996,5.790590416666666,24,24,-0.025974166666666854
2014-01-30,5.66605375,5.703516666666666,24,24,-0.03746291666666668
2014-01-31,5.59519875,5.603081666666666,24,24,-0.007882916666666517
2014-02-01,5.581132083333333,5.593086666666667,24,24,-0.011954583333333879
2014-02-02,5.54875625,5.547224166666667,24,24,0.0015320833333332118
2014-02-03,5.4550020833333335,5.473787083333333,24,24,-0.018784999999999386
2014-02-04,5.385947083333333,5.400612083333334,24,24,-0.014665000000000816
2014-02-05,5.373767083333333,5.379989166666666,24,24,-0.006222083333333295
2014-02-06,5.4049575,5.437347083333333,24,24,-0.03238958333333297
2014-02-07,5.395712916666667,5.40189375,24,24,-0.006180833333333524
2014-02-08,5.370019583333334,5.370019583333334,24,24,0.0
2014-02-09,5.370445416666667,5.3748120833333335,24,24,-0.004366666666666852
2014-02-10,5.421015,5.439531666666666,24,24,-0.018516666666666737
2014-02-11,5.36913,5.37681125,24,24,-0.007681250000000084
2014-02-12,5.350917083333333,5.357054583333333,24,24,-0.006137500000000351
2014-02-13,5.263365833333333,5.264030833333333,24,24,-0.0006649999999996936
2014-02-14,5.23281,5.22518375,24,24,0.0076262499999995015
2014-02-15,5.249041666666667,5.243525,24,24,0.005516666666666836
2014-02-16,5.2514975,5.261860416666667,24,24,-0.010362916666666777
2014-02-17,5.2422941666666665,5.24405,24,24,-0.0017558333333331788
2014-02-18,5.25753625,5.268092083333333,24,24,-0.010555833333333098
2014-02-19,5.307810833333333,5.306691666666667,24,24,0.001119166666666338
2014-02-20,5.34371,5.352422916666667,24,24,-0.00871291666666707
2014-02-21,5.353678333333334,5.3543891666666665,24,24,-0.0007108333333327721
2014-02-22,5.36625375,5.369393333333334,24,24,-0.00313958333333364
2014-02-23,5.370365416666667,5.375659583333333,24,24,-0.005294166666666378
2014-02-24,5.438533333333333,5.46786625,24,24,-0.029332916666667153
2014-02-25,5.5111679166666665,5.518201666666666,24,24,-0.007033749999999728
2014-02-26,5.54459375,5.54417375,24,24,0.00042000000000008697
2014-02-27,5.5646375,5.571552916666667,24,24,-0.006915416666666729
2014-02-28,5.607687083333333,5.646801666666667,24,24,-0.039114583333333286
2014-03-01,5.6017616666666665,5.6308645833333335,24,24,-0.029102916666666978
2014-03-02,5.58793375,5.592561666666667,24,24,-0.004627916666666287
2014-03-03,5.675445,5.679337083333333,24,24,-0.0038920833333335736
2014-03-04,5.640806666666666,5.669019166666667,24,24,-0.028212500000000418
2014-03-05,5.643962916666666,5.654927083333333,24,24,-0.010964166666666664
2014-03-06,5.7219375,5.731792916666667,24,24,-0.00985541666666645
2014-03-07,5.796229583333333,5.8224125,24,24,-0.02618291666666739
2014-03-08,5.783047083333334,5.837881250000001,24,24,-0.05483416666666674
2014-03-09,5.868910416666667,5.867831666666667,24,24,0.0010787500000004613
2014-03-10,6.286237916666667,6.046115416666667,24,24,0.24012250000000002
2014-03-11,6.480365,6.302115,24,24,0.17825000000000024
2014-03-12,6.207665416666667,6.2369924999999995,24,24,-0.02932708333333256
2014-03-13,6.4184616666666665,6.4244079166666666,24,24,-0.005946250000000042
2014-03-14,6.29821125,6.322191666666667,24,24,-0.02398041666666728
2014-03-15,6.17110375,6.1880991666666665,24,24,-0.016995416666666152
2014-03-16,6.2446575,6.255398333333333,24,24,-0.0107408333333332
2014-03-17,6.276278333333333,6.286167916666667,24,24,-0.009889583333333896
2014-03-18,6.349245,6.35214625,24,24,-0.0029012499999998553
2014-03-19,6.42988625,6.4421566666666665,24,24,-0.012270416666666506
2014-03-20,6.473454583333333,6.480190416666667,24,24,-0.006735833333333829
2014-03-21,6.472641666666667,6.4812770833333335,24,24,-0.008635416666666451
2014-03-22,6.417189166666667,6.470045416666666,24,24,-0.052856249999999605
2014-03-23,6.579658333333334,6.60604,24,24,-0.026381666666666526
2014-03-24,6.6723675,6.71730625,24,24,-0.04493875000000003
2014-03-25,6.69783875,6.6533170833333335,24,24,0.04452166666666635
2014-03-26,6.59294375,6.637492083333333,24,24,-0.04454833333333319
2014-03-27,6.56072375,6.5758720833333335,24,24,-0.01514833333333332
2014-03-28,6.519182916666667,6.520109583333333,24,24,-0.0009266666666665202
2014-03-29,6.647705416666667,6.674329583333334,24,24,-0.026624166666667115
2014-03-30,6.91387875,6.87852375,24,24,0.035355000000000025
2014-03-31,6.958329166666667,6.967325833333334,24,24,-0.008996666666666542
2014-04-01,7.7683816666666665,7.675730416666667,24,24,0.09265124999999941
2014-04-02,7.510660833333334,7.524222916666667,24,24,-0.013562083333333419
2014-04-03,7.500740833333333,7.462177083333334,24,24,0.038563749999999786
2014-04-04,8.026659583333334,7.9545325,24,24,0.07212708333333406
2014-04-05,7.8941558333333335,7.877434583333334,24,24,0.0167212499999998
2014-04-06,7.57643,7.589229583333333,24,24,-0.012799583333332976
2014-04-07,7.7768525,7.74818625,24,24,0.02866625000000056
2014-04-08,7.9223,7.950708333333333,24,24,-0.028408333333333147
2014-04-09,7.7796191666666665,7.7944354166666665,24,24,-0.014816249999999975
2014-04-10,8.1174425,8.116060833333334,24,24,0.0013816666666652822
2014-04-11,8.362528333333334,8.3558275,24,24,0.006700833333333378
2014-04-12,8.032900416666667,8.037637083333333,24,24,-0.004736666666666167
2014-04-13,8.120101666666667,8.127403750000001,24,24,-0.007302083333334153
2014-04-14,8.291415,8.297445833333333,24,24,-0.006030833333332097
2014-04-15,8.622039166666667,8.651370416666666,24,24,-0.029331249999998477
2014-04-16,8.681106250000001,8.688595,24,24,-0.00748874999999849
2014-04-17,8.639760833333334,8.63838125,24,24,0.001379583333333656
2014-04-18,9.294953333333334,9.175045416666666,24,24,0.11990791666666745
2014-04-19,9.68532125,9.658039166666667,24,24,0.027282083333332707
2014-04-20,9.304135833333333,9.331689166666667,24,24,-0.02755333333333354
2014-04-21,9.192385833333333,9.207519166666666,24,24,-0.015133333333332999
2014-04-22,9.412170416666667,9.401948333333333,24,24,0.010222083333333742
2014-04-23,9.707669166666667,9.675539583333332,24,24,0.03212958333333482
2014-04-24,10.350853333333333,9.954915833333333,24,24,0.3959375000000005
2014-04-25,10.146965833333333,9.9241975,24,24,0.2227683333333328
2014-04-26,10.241079166666667,10.185565,24,24,0.05551416666666675
2014-04-27,10.141489583333334,10.150529166666667,24,24,-0.009039583333333212
2014-04-28,10.522065416666667,10.282910416666667,24,24,0.23915500000000023
2014-04-29,11.357292916666667,10.956974583333333,24,24,0.40031833333333466
2014-04-30,11.790946666666667,11.140572083333334,24,24,0.650374583333333
2014-05-01,11.221999166666667,11.142138333333333,24,24,0.07986083333333305
2014-05-02,10.90470375,10.901619583333334,24,24,0.0030841666666656664
2014-05-03,11.156352083333333,11.151379583333334,24,24,0.004972499999999158
2014-05-04,10.972443333333333,10.976915,24,24,-0.004471666666667318
2014-05-05,10.896121666666666,10.899850833333334,24,24,-0.0037291666666678935
2014-05-06,10.907327916666667,10.912588333333334,24,24,-0.005260416666667211
2014-05-07,10.762439583333332,10.775757083333334,24,24,-0.013317500000001203
2014-05-08,10.99348375,10.971157083333333,24,24,0.022326666666666384
2014-05-09,10.92416375,10.9216,24,24,0.002563750000000198
2014-05-10,10.920113333333333,10.920510833333333,24,24,-0.0003975000000000506
2014-05-11,11.172357916666666,11.156771666666666,24,24,0.015586250000000135
2014-05-12,11.449445416666666,11.415158333333334,24,24,0.03428708333333219
2014-05-13,11.698862916666666,11.66384625,24,24,0.035016666666665586
2014-05-14,12.135620416666667,12.072614583333333,24,24,0.06300583333333343
2014-05-15,12.48438875,12.386674166666667,24,24,0.0977145833333335
2014-05-16,12.9162175,12.873097916666666,24,24,0.04311958333333443
2014-05-17,12.918245833333334,12.879099166666666,24,24,0.03914666666666733
2014-05-18,13.337363333333334,13.307796666666666,24,24,0.02956666666666763
2014-05-19,13.851969166666667,13.777889166666666,24,24,0.07408000000000037
2014-05-20,14.708010416666667,14.58117125,24,24,0.12683916666666661
2014-05-21,15.017128333333334,14.997039583333333,24,24,0.0200887500000011
2014-05-22,14.732357083333333,14.766604583333333,24,24,-0.03424749999999932
2014-05-23,14.189419583333333,14.221777916666667,24,24,-0.0323583333333346
2014-05-24,13.991044166666667,14.012285,24,24,-0.021240833333333597
2014-05-25,14.21704875,14.105494583333334,24,24,0.11155416666666618
2014-05-26,14.33004125,14.248706666666667,24,24,0.08133458333333365
2014-05-27,14.572744583333334,14.515198333333334,24,24,0.05754624999999969
2014-05-28,14.263892083333333,14.266486666666667,24,24,-0.002594583333333844
2014-05-29,14.11821875,14.148058333333333,24,24,-0.029839583333332698
2014-05-30,14.270800833333332,14.196415833333333,24,24,0.07438499999999948
2014-05-31,14.42829125,14.413556666666667,24,24,0.014734583333332552
2014-06-01,14.718695416666668,14.642204166666668,24,24,0.07649125000000012
2014-06-02,14.877724583333334,14.816072916666666,24,24,0.06165166666666799
2014-06-03,15.071623333333333,15.056178333333333,24,24,0.015444999999999709
2014-06-04,15.29707375,15.250169583333333,24,24,0.04690416666666586
2014-06-05,15.151493333333333,15.189435416666667,24,24,-0.03794208333333415
2014-06-06,15.71829875,15.324470416666667,24,24,0.39382833333333345
2014-06-07,15.95877875,15.87898375,24,24,0.07979500000000073
2014-06-08,15.757749583333334,15.753546666666667,24,24,0.004202916666667278
2014-06-09,15.799520833333332,15.757310833333333,24,24,0.04220999999999897
2014-06-10,16.021630416666667,16.00662875,24,24,0.01500166666666658
2014-06-11,16.010655416666665,16.009774166666666,24,24,0.0008812499999990564
2014-06-12,16.243674166666665,16.234578333333335,24,24,0.00909583333332975
2014-06-13,16.657436666666666,16.539609166666665,24,24,0.11782750000000064
2014-06-14,17.348005416666666,17.033240833333334,24,24,0.3147645833333321
2014-06-15,17.67984583333333,17.409300833333333,24,24,0.2705449999999985
2014-06-16,17.491247083333334,17.48627375,24,24,0.004973333333335717
2014-06-17,17.911739166666667,17.6760725,24,24,0.2356666666666669
2014-06-18,19.149005833333334,18.596796666666666,24,24,0.5522091666666675
2014-06-19,19.470775833333335,19.184179166666667,24,24,0.28659666666666794
2014-06-20,19.705464583333335,19.589397916666666,24,24,0.11606666666666854
2014-06-21,19.739175416666665,19.614595833333333,24,24,0.12457958333333252
2014-06-22,19.97400916666667,19.806403333333332,24,24,0.16760583333333656
2014-06-23,20.220504166666668,20.173430416666665,24,24,0.04707375000000269
2014-06-24,20.194744583333332,20.199600833333335,24,24,-0.004856250000003115
2014-06-25,19.973612083333332,19.996412916666667,24,24,-0.022800833333334936
2014-06-26,19.7261375,19.721660833333335,24,24,0.004476666666665352
2014-06-27,19.31156125,19.347952916666667,24,24,-0.03639166666666682
2014-06-28,18.849334583333334,18.887384583333333,24,24,-0.03804999999999836
2014-06-29,18.5693,18.579237916666667,24,24,-0.009937916666668656
2014-06-30,19.089671666666668,18.593212916666666,24,24,0.49645875000000217
2014-07-01,19.2650325,18.76758125,24,24,0.497451250000001
2014-07-02,18.809676666666668,18.732858333333333,24,24,0.07681833333333543
2014-07-03,18.105304583333332,18.109987916666668,24,24,-0.004683333333336037
2014-07-04,17.61345625,17.619767916666667,24,24,-0.006311666666668714
2014-07-05,17.87945,17.86695625,24,24,0.012493749999997306
2014-07-06,18.199582916666667,18.147550416666668,24,24,0.05203249999999926
2014-07-07,18.454079583333332,18.42894875,24,24,0.025130833333331992
2014-07-08,18.791285,18.72158875,24,24,0.0696962499999998
2014-07-09,19.29055125,19.158089583333332,24,24,0.1324616666666678
2014-07-10,19.807974166666668,19.554679583333332,24,24,0.25329458333333577
2014-07-11,20.405130833333335,20.016621666666666,24,24,0.3885091666666689
2014-07-12,20.381967916666667,20.1354625,24,24,0.24650541666666825
2014-07-13,20.137451666666667,20.133159583333335,24,24,0.004292083333332641
2014-07-14,19.837269583333335,19.85224875,24,24,-0.014979166666666544
2014-07-15,19.35742375,19.344456666666666,24,24,0.012967083333332852
2014-07-16,19.235576666666667,19.269555,24,24,-0.033978333333333666
2014-07-17,19.560153333333332,19.353079166666667,24,24,0.2070741666666649
2014-07-18,19.6761825,19.661315,24,24,0.014867500000001144
2014-07-19,19.808040833333333,19.754420833333334,24,24,0.05361999999999867
2014-07-20,20.222912916666665,20.093344166666668,24,24,0.12956874999999712
2014-07-21,20.604889166666666,20.54180375,24,24,0.06308541666666656
2014-07-22,21.264967916666667,20.703316666666666,24,24,0.5616512500000006
2014-07-23,21.992274166666668,21.380604166666668,24,24,0.6116700000000002
2014-07-24,22.08243,21.9011775,24,24,0.18125249999999937
2014-07-25,22.841755,22.50577875,24,24,0.3359762499999981
2014-07-26,22.773717083333334,22.724768333333333,24,24,0.048948750000000985
2014-07-27,22.004648333333332,22.019185,24,24,-0.014536666666668197
2014-07-28,21.867767083333334,21.718929166666666,24,24,0.14883791666666824
2014-07-29,21.670929583333333,21.69130375,24,24,-0.020374166666666582
2014-07-30,20.995261666666668,21.05389,24,24,-0.058628333333331284
2014-07-31,20.501749583333332,20.5260825,24,24,-0.024332916666669036
2014-08-01,20.258069583333334,20.282980833333333,24,24,-0.02491124999999883
2014-08-02,20.12570875,20.151017500000002,24,24,-0.025308750000000657
2014-08-03,19.390026666666667,19.435198333333332,24,24,-0.045171666666664834
2014-08-04,19.204939166666666,19.22228541666667,24,24,-0.017346250000002783
2014-08-05,19.2966825,19.249388333333332,24,24,0.04729416666666708
2014-08-06,19.245985,19.24906875,24,24,-0.0030837499999982754
2014-08-07,19.378935416666668,19.345761666666668,24,24,0.03317374999999956
2014-08-08,19.505219166666667,19.444415416666665,24,24,0.0608037500000016
2014-08-09,19.19525708333333,19.210174583333334,24,24,-0.014917500000002804
2014-08-10,18.963676666666668,18.997719166666666,24,24,-0.0340424999999982
2014-08-11,18.487658333333332,18.522980833333335,24,24,-0.03532250000000303
2014-08-12,18.073867916666668,18.114290833333335,24,24,-0.04042291666666742
2014-08-13,17.92954375,17.94255875,24,24,-0.013014999999999333
2014-08-14,17.9798025,17.914001250000002,24,24,0.06580124999999981
2014-08-15,18.023791666666668,18.007512916666666,24,24,0.016278750000001452
2014-08-16,17.6420925,17.673277916666667,24,24,-0.0311854166666663
2014-08-17,17.355403333333335,17.398453333333332,24,24,-0.04304999999999737
2014-08-18,17.189735,17.210455833333334,24,24,-0.02072083333333552
2014-08-19,17.298646666666667,17.258558333333333,24,24,0.04008833333333328
2014-08-20,17.222966666666668,17.20327208333333,24,24,0.019694583333336624
2014-08-21,16.8765975,16.922792916666666,24,24,-0.04619541666666649
2014-08-22,16.808442083333333,16.813220416666667,24,24,-0.004778333333334217
2014-08-23,16.915880416666667,16.857872916666665,24,24,0.05800750000000221
2014-08-24,16.850086666666666,16.819741666666665,24,24,0.03034500000000051
2014-08-25,16.650045416666668,16.657504166666666,24,24,-0.007458749999997849
2014-08-26,16.405193333333333,16.393987083333332,24,24,0.01120625000000075
2014-08-27,16.520139583333332,16.513098333333332,24,24,0.007041250000000332
2014-08-28,16.49858,16.46788625,24,24,0.030693750000001074
2014-08-29,16.344687916666665,16.32645625,24,24,0.01823166666666509
2014-08-30,16.346950833333334,16.321785416666668,24,24,0.02516541666666683
2014-08-31,16.436209583333333,16.412436666666668,24,24,0.023772916666665367
2014-09-01,16.5278,16.49445083333333,24,24,0.03334916666666743
2014-09-02,17.111627083333335,16.690109583333335,24,24,0.4215175000000002
2014-09-03,17.475892916666666,17.00472625,24,24,0.4711666666666652
2014-09-04,17.85946875,17.641609583333334,24,24,0.21785916666666694
2014-09-05,18.035197916666668,17.817034166666666,24,24,0.2181637500000022
2014-09-06,18.140425416666666,18.014866666666666,24,24,0.12555874999999972
2014-09-07,17.96118,17.871208333333332,24,24,0.089971666666667
2014-09-08,17.939895833333335,17.854161666666666,24,24,0.08573416666666844
2014-09-09,17.69061375,17.632025833333334,24,24,0.058587916666667184
2014-09-10,17.805575,17.599832083333332,24,24,0.20574291666666866
2014-09-11,17.801622083333335,17.705105416666665,24,24,0.09651666666666969
2014-09-12,17.8257025,17.73658,24,24,0.08912249999999844
2014-09-13,17.641655833333335,17.58763625,24,24,0.054019583333335675
2014-09-14,17.364507916666668,17.37394875,24,24,-0.009440833333332677
2014-09-15,17.212189583333334,17.151795833333335,24,24,0.06039374999999936
2014-09-16,17.291243333333334,17.195535833333334,24,24,0.09570749999999961
2014-09-17,17.289735416666666,17.184499583333334,24,24,0.10523583333333164
2014-09-18,17.53357625,17.358836666666665,24,24,0.17473958333333428
2014-09-19,17.4717175,17.4041275,24,24,0.06758999999999915
2014-09-20,17.418044583333334,17.407106666666667,24,24,0.010937916666666325
2014-09-21,17.326525833333335,17.3166175,24,24,0.009908333333335406
2014-09-22,17.243179166666668,17.2537025,24,24,-0.010523333333331664
2014-09-23,17.05579375,17.07871875,24,24,-0.02292500000000075
2014-09-24,16.87352625,16.90014875,24,24,-0.02662249999999844
2014-09-25,16.65134958333333,16.652669166666666,24,24,-0.0013195833333341511
2014-09-26,16.5278775,16.517084166666667,24,24,0.0107933333333321
2014-09-27,16.342592083333333,16.385550416666668,24,24,-0.042958333333334764
2014-09-28,16.23686375,16.253075833333334,24,24,-0.016212083333332572
2014-09-29,16.505516666666665,16.244897083333335,24,24,0.26061958333333024
2014-09-30,16.34886625,16.3299775,24,24,0.01888875000000212
2014-10-01,16.196285833333334,16.185390416666667,24,24,0.010895416666667046
2014-10-02,16.1286,16.137256666666666,24,24,-0.008656666666666979
2014-10-03,15.815915,15.8097475,24,24,0.0061675000000001035
2014-10-04,15.658491666666666,15.666347916666666,24,24,-0.007856249999999676
2014-10-05,15.463159166666667,15.4839175,24,24,-0.020758333333333212
2014-10-06,15.156398333333334,15.192317916666667,24,24,-0.03591958333333345
2014-10-07,14.900024166666666,14.943254166666668,24,24,-0.04323000000000121
2014-10-08,14.668870833333333,14.680030416666666,24,24,-0.01115958333333289
2014-10-09,14.454294166666667,14.47371875,24,24,-0.019424583333332635
2014-10-10,14.271124166666667,14.302617916666666,24,24,-0.03149374999999921
2014-10-11,14.20073,14.213955416666666,24,24,-0.013225416666665879
2014-10-12,14.108135,14.143709583333333,24,24,-0.0355745833333323
2014-10-13,13.860175,13.897296666666666,24,24,-0.03712166666666583
2014-10-14,13.538382916666666,13.539282916666666,24,24,-0.0008999999999996788
2014-10-15,13.388935833333333,13.385833333333334,24,24,0.003102499999998898
2014-10-16,13.475365,13.384094166666667,24,24,0.09127083333333275
2014-10-17,13.457295833333333,13.440849166666666,24,24,0.016446666666666943
2014-10-18,13.396311666666668,13.39272625,24,24,0.0035854166666666742
2014-10-19,13.276054583333334,13.269272916666667,24,24,0.006781666666666908
2014-10-20,13.16917875,13.16914,24,24,3.874999999986528e-05
2014-10-21,12.929284166666667,12.94478125,24,24,-0.015497083333332995
2014-10-22,12.67077375,12.682194166666667,24,24,-0.01142041666666671
2014-10-23,12.525311666666667,12.511204166666667,24,24,0.014107499999999717
2014-10-24,12.48575625,12.485018333333333,24,24,0.0007379166666670045
2014-10-25,12.329160833333333,12.325845,24,24,0.0033158333333336287
2014-10-26,12.157173333333333,12.149432916666667,24,24,0.007740416666665695
2014-10-27,12.139414166666667,12.108935416666666,24,24,0.030478750000000332
2014-10-28,12.146251666666666,12.1415325,24,24,0.0047191666666659415
2014-10-29,12.02441125,12.044370833333334,24,24,-0.019959583333333697
2014-10-30,11.956162083333334,11.935551666666667,24,24,0.020610416666666964
2014-10-31,12.037009166666666,12.02403,24,24,0.012979166666665876
2014-11-01,11.934008333333333,11.917677916666667,24,24,0.01633041666666557
2014-11-02,11.836405833333334,11.832140833333334,24,24,0.004265000000000185
2014-11-03,11.72031125,11.745722083333334,24,24,-0.025410833333333827
2014-11-04,11.660282916666667,11.695727083333333,24,24,-0.03544416666666628
2014-11-05,11.4795175,11.499870416666667,24,24,-0.020352916666666943
2014-11-06,11.392178333333334,11.42159875,24,24,-0.029420416666665616
2014-11-07,11.20786625,11.206218333333334,24,24,0.0016479166666663048
2014-11-08,11.013347083333333,11.005759583333333,24,24,0.007587499999999636
2014-11-09,10.938980833333334,10.939237499999999,24,24,-0.0002566666666652395
2014-11-10,10.88063375,10.91368,24,24,-0.033046249999999944
2014-11-11,10.80924625,10.80746875,24,24,0.0017774999999993213
2014-11-12,10.726764583333333,10.722079583333333,24,24,0.004685000000000272
2014-11-13,10.656346666666666,10.64952,24,24,0.006826666666665204
2014-11-14,10.587625416666667,10.581589166666667,24,24,0.006036249999999299
2014-11-15,10.493398333333333,10.513285,24,24,-0.019886666666666386
2014-11-16,10.46179875,10.467884166666668,24,24,-0.006085416666667953
2014-11-17,10.378852916666666,10.380312083333333,24,24,-0.001459166666666789
2014-11-18,10.297765,10.306783333333334,24,24,-0.009018333333333572
2014-11-19,10.218755,10.219590833333333,24,24,-0.000835833333333369
2014-11-20,10.156865416666667,10.15344875,24,24,0.0034166666666664014
2014-11-21,10.048134166666667,10.052302916666667,24,24,-0.004168749999999832
2014-11-22,10.0474,10.0474,24,24,0.0
2014-11-23,9.99587875,10.00865875,24,24,-0.012780000000001124
2014-11-24,9.830477083333333,9.84374375,24,24,-0.013266666666666538
2014-11-25,9.81332875,9.820399166666666,24,24,-0.0070704166666661905
2014-11-26,9.713135833333334,9.71736625,24,24,-0.004230416666665349
2014-11-27,9.624371666666667,9.614269583333334,24,24,0.010102083333332956
2014-11-28,9.613320833333333,9.611084166666666,24,24,0.0022366666666666646
2014-11-29,9.600529583333334,9.601758333333333,24,24,-0.0012287499999992235
2014-11-30,9.576410416666667,9.584167916666667,24,24,-0.007757500000000306
2014-12-01,9.506562083333334,9.507192083333333,24,24,-0.0006299999999992423
2014-12-02,9.389729166666667,9.403083333333333,24,24,-0.01335416666666589
2014-12-03,9.310090416666666,9.34506,24,24,-0.03496958333333389
2014-12-04,9.180471666666666,9.223822916666666,24,24,-0.04335125000000062
2014-12-05,9.0645475,9.141645833333333,24,24,-0.07709833333333371
2014-12-06,9.01780375,9.054509583333333,24,24,-0.03670583333333255
2014-12-07,8.886220416666667,8.89275875,24,24,-0.006538333333333313
2014-12-08,8.700364166666667,8.73078375,24,24,-0.030419583333333833
2014-12-09,8.612791666666666,8.626327916666666,24,24,-0.013536249999999583
2014-12-10,8.405116666666666,8.408288333333333,24,24,-0.0031716666666667948
2014-12-11,8.20731625,8.219726666666666,24,24,-0.012410416666666535
2014-12-12,8.068025416666666,8.1217425,24,24,-0.053717083333333804
2014-12-13,8.07741875,8.10739625,24,24,-0.0299775000000011
2014-12-14,7.88159375,7.875874583333333,24,24,0.005719166666667164
2014-12-15,7.789552916666667,7.795427916666666,24,24,-0.0058749999999996305
2014-12-16,7.63202125,7.64216125,24,24,-0.010139999999999816
2014-12-17,7.741525,7.7319575,24,24,0.009567500000000173
2014-12-18,7.676924166666667,7.67597125,24,24,0.0009529166666668587
2014-12-19,7.597689999999999,7.598812499999999,24,24,-0.0011225000000001373
2014-12-20,7.5818812499999995,7.58841375,24,24,-0.006532500000000496
2014-12-21,7.592112916666666,7.591258333333333,24,24,0.0008545833333331032
2014-12-22,7.5964970833333325,7.596761666666667,24,24,-0.000264583333334123
2014-12-23,7.725974166666667,7.724065416666667,24,24,0.0019087500000001256
2014-12-24,7.611948333333333,7.623043333333333,24,24,-0.011095000000000077
2014-12-25,7.595254166666666,7.59652,24,24,-0.0012658333333339655
2014-12-26,7.540735416666666,7.5932345833333335,24,24,-0.05249916666666721
2014-12-27,7.47151625,7.518802083333333,24,24,-0.04728583333333347
2014-12-28,7.378859583333333,7.412275,24,24,-0.03341541666666714
2014-12-29,7.303841666666667,7.3694733333333335,24,24,-0.06563166666666653
2014-12-30,7.19922625,7.241515416666667,24,24,-0.04228916666666738
2014-12-31,7.151070833333334,7.151669583333334,24,24,-0.0005987499999999812
2015-01-01,7.148951666666667,7.148755,24,24,0.0001966666666666228
2015-01-02,7.075115,7.090911666666667,24,24,-0.01579666666666668
2015-01-03,7.00096375,7.01017625,24,24,-0.009212499999999402
2015-01-04,6.91274875,6.9790141666666665,24,24,-0.06626541666666608
2015-01-05,6.875059583333334,6.902190833333333,24,24,-0.027131249999999163
2015-01-06,6.887978333333334,6.906562083333333,24,24,-0.018583749999999455
2015-01-07,6.80163625,6.816802083333333,24,24,-0.015165833333333545
2015-01-08,6.7302425,6.74608375,24,24,-0.01584125000000025
2015-01-09,6.708055833333334,6.7131075000000004,24,24,-0.0050516666666666765
2015-01-10,6.746067916666667,6.752036666666667,24,24,-0.005968750000000078
2015-01-11,6.705681666666667,6.70572,24,24,-3.833333333336242e-05
2015-01-12,6.689334166666667,6.70096875,24,24,-0.011634583333333559
2015-01-13,6.570527083333333,6.598443333333333,24,24,-0.027916249999999643
2015-01-14,6.4813925,6.483964583333333,24,24,-0.0025720833333329196
2015-01-15,6.397422916666667,6.413600416666666,24,24,-0.01617749999999951
2015-01-16,6.2680291666666665,6.277330416666667,24,24,-0.009301250000000039
2015-01-17,6.195937083333333,6.217534583333333,24,24,-0.02159750000000038
2015-01-18,6.087338333333333,6.1091325,24,24,-0.021794166666667003
2015-01-19,5.96189875,6.014457083333333,24,24,-0.05255833333333371
2015-01-20,5.8787545833333334,5.862259166666667,24,24,0.01649541666666643
2015-01-21,5.811874583333333,5.817629583333334,24,24,-0.005755000000000621
2015-01-22,5.791505416666666,5.8122775,24,24,-0.020772083333334024
2015-01-23,5.708569583333333,5.730298333333334,24,24,-0.021728750000000296
2015-01-24,5.60129875,5.613182083333333,24,24,-0.011883333333333468
2015-01-25,5.591727083333334,5.592570833333333,24,24,-0.0008437499999995879
2015-01-26,5.5755670833333335,5.591334583333333,24,24,-0.015767499999999934
2015-01-27,5.57688875,5.586772916666667,24,24,-0.009884166666666694
2015-01-28,5.480384166666667,5.515664583333334,24,24,-0.0352804166666667
2015-01-29,5.370093333333333,5.373154166666667,24,24,-0.0030608333333335125
2015-01-30,5.377983333333334,5.3866125,24,24,-0.008629166666666244
2015-01-31,5.345089166666667,5.3503925,24,24,-0.0053033333333329935
2015-02-01,5.153199166666667,5.178020416666667,24,24,-0.024821249999999573
2015-02-02,5.0423175,5.07437,24,24,-0.03205249999999982
2015-02-03,5.02953375,5.050362916666667,24,24,-0.02082916666666712
2015-02-04,4.902603333333333,4.92530375,24,24,-0.02270041666666689
2015-02-05,4.84743625,4.89821125,24,24,-0.05077499999999979
2015-02-06,4.857864166666666,4.896145,24,24,-0.03828083333333332
2015-02-07,4.824915416666666,4.86629875,24,24,-0.041383333333333994
2015-02-08,4.7245920833333335,4.779807916666667,24,24,-0.055215833333333464
2015-02-09,4.80055875,4.79850375,24,24,0.002055000000000362
2015-02-10,4.744370833333333,4.767067083333333,24,24,-0.022696250000000084
2015-02-11,4.704634166666667,4.7064325,24,24,-0.0017983333333333462
2015-02-12,4.704885833333333,4.706477916666667,24,24,-0.0015920833333336049
2015-02-13,4.703802916666667,4.7035675,24,24,0.00023541666666648808
2015-02-14,4.757220416666667,4.759345416666667,24,24,-0.0021250000000003766
2015-02-15,4.765904166666667,4.788375833333333,24,24,-0.022471666666666223
2015-02-16,4.738190833333333,4.760927083333334,24,24,-0.022736250000000346
2015-02-17,4.6647375,4.700244583333333,24,24,-0.03550708333333308
2015-02-18,4.703479583333333,4.704350416666666,24,24,-0.0008708333333329321
2015-02-19,4.719040833333334,4.7319708333333335,24,24,-0.012929999999999886
2015-02-20,4.716945833333334,4.73333125,24,24,-0.016385416666666153
2015-02-21,4.72428125,4.746380416666667,24,24,-0.022099166666667003
2015-02-22,4.7025250000000005,4.7042270833333335,24,24,-0.0017020833333329932
2015-02-23,4.70237,4.70237,24,24,0.0
2015-02-24,4.701790833333334,4.70306625,24,24,-0.001275416666666196
2015-02-25,4.717880833333333,4.71408,24,24,0.0038008333333330313
2015-02-26,4.752747083333333,4.769709166666667,24,24,-0.01696208333333349
2015-02-27,4.730883333333333,4.74306625,24,24,-0.012182916666667154
2015-02-28,4.7626816666666665,4.7646575,24,24,-0.001975833333333732
2015-03-01,4.786109583333333,4.811094583333333,24,24,-0.024985000000000035
2015-03-02,4.757241666666666,4.78602375,24,24,-0.028782083333333652
2015-03-03,4.750050833333333,4.7715499999999995,24,24,-0.021499166666666625
2015-03-04,4.8170158333333335,4.85382875,24,24,-0.03681291666666642
2015-03-05,4.848581666666667,4.88271375,24,24,-0.03413208333333273
2015-03-06,4.9236325,4.92492,24,24,-0.001287500000000108
2015-03-07,4.96263625,4.9695475,24,24,-0.006911249999999924
2015-03-08,5.12530125,5.1369975,24,24,-0.011696249999999964
2015-03-09,5.03193125,5.0809725,24,24,-0.04904124999999926
2015-03-10,5.122357083333333,5.15520375,24,24,-0.03284666666666691
2015-03-11,5.082535,5.131026666666667,24,24,-0.048491666666667044
2015-03-12,5.102529583333333,5.1238375,24,24,-0.021307916666666316
2015-03-13,5.172436666666667,5.1776116666666665,24,24,-0.005174999999999486
2015-03-14,5.0943233333333335,5.126994166666667,24,24,-0.03267083333333343
2015-03-15,5.0657024999999996,5.10225,24,24,-0.03654750000000018
2015-03-16,5.132245416666667,5.1562025,24,24,-0.02395708333333335
2015-03-17,5.258686666666667,5.27863,24,24,-0.01994333333333298
2015-03-18,5.558074583333333,5.392452083333334,24,24,0.16562249999999956
2015-03-19,5.6725825,5.610417083333333,24,24,0.06216541666666675
2015-03-20,5.753995833333334,5.700345,24,24,0.0536508333333332
2015-03-21,5.5638175,5.581839583333333,24,24,-0.018022083333333327
2015-03-22,5.6291633333333335,5.678979166666667,24,24,-0.049815833333333615
2015-03-23,5.605472083333334,5.669744166666667,24,24,-0.06427208333333301
2015-03-24,5.684355,5.703074166666667,24,24,-0.018719166666667064
2015-03-25,5.853917916666667,5.8402545833333335,24,24,0.013663333333333583
2015-03-26,5.7209779166666666,5.776602083333334,24,24,-0.05562416666666703
2015-03-27,5.663996666666667,5.7181825,24,24,-0.05418583333333338
2015-03-28,5.69516625,5.730030416666667,24,24,-0.03486416666666692
2015-03-29,5.7275025,5.761859583333333,24,24,-0.034357083333333094
2015-03-30,5.737571666666667,5.776026666666667,24,24,-0.038454999999999906
2015-03-31,5.788864583333333,5.8224425,24,24,-0.03357791666666721
2015-04-01,5.7774975,5.8107175,24,24,-0.03322000000000003
2015-04-02,6.132513333333334,6.042403333333334,24,24,0.09011000000000013
2015-04-03,6.311935,6.256716666666667,24,24,0.05521833333333337
2015-04-04,6.423325,6.336474583333334,24,24,0.0868504166666666
2015-04-05,6.820519583333334,6.722964166666666,24,24,0.09755541666666723
2015-04-06,7.191824166666667,7.052906666666667,24,24,0.1389174999999998
2015-04-07,7.540158333333333,7.466060833333334,24,24,0.0740974999999997
2015-04-08,8.416110416666667,8.058820416666666,24,24,0.3572900000000008
2015-04-09,9.048969583333333,8.845445416666667,24,24,0.20352416666666606
2015-04-10,8.60212875,8.548039166666667,24,24,0.054089583333333024
2015-04-11,7.221529583333333,7.208882083333333,24,24,0.012647499999999923
2015-04-12,7.380257083333333,7.370103333333334,24,24,0.01015374999999974
2015-04-13,8.009094166666667,8.014725,24,24,-0.00563083333333303
2015-04-14,7.26254875,7.262994583333334,24,24,-0.0004458333333339226
2015-04-15,7.74722375,7.73229,24,24,0.014933749999999968
2015-04-16,8.669240833333333,8.417452916666667,24,24,0.25178791666666633
2015-04-17,8.541035416666666,8.446291666666667,24,24,0.09474374999999924
2015-04-18,8.409094583333333,8.399317916666666,24,24,0.00977666666666721
2015-04-19,8.513335833333333,8.522747916666667,24,24,-0.009412083333334209
2015-04-20,9.346644583333333,8.998538333333332,24,24,0.3481062500000007
2015-04-21,10.151885,9.375605833333333,24,24,0.7762791666666669
2015-04-22,10.977323333333333,9.506293333333334,24,24,1.471029999999999
2015-04-23,11.6554925,10.927685833333333,24,24,0.727806666666666
2015-04-24,10.6771375,10.4092775,24,24,0.26786000000000065
2015-04-25,9.07427,8.952473333333334,24,24,0.12179666666666655
2015-04-26,10.025244166666667,9.973742083333333,24,24,0.05150208333333417
2015-04-27,9.646482916666667,9.66381,24,24,-0.017327083333332993
2015-04-28,8.842858333333334,8.8637125,24,24,-0.020854166666666174
2015-04-29,8.824265833333333,8.839670833333333,24,24,-0.015404999999999447
2015-04-30,8.90104625,8.906236666666667,24,24,-0.005190416666666309
2015-05-01,8.934862083333334,8.948102083333334,24,24,-0.013239999999999696
2015-05-02,9.048444583333334,9.06105375,24,24,-0.012609166666665672
2015-05-03,9.052061666666667,9.061164166666666,24,24,-0.009102499999999125
2015-05-04,9.101181666666667,9.05974,24,24,0.04144166666666749
2015-05-05,9.007077916666667,9.011287916666666,24,24,-0.004209999999998715
2015-05-06,8.779290833333333,8.779649166666667,24,24,-0.0003583333333345706
2015-05-07,9.442045833333333,9.42827125,24,24,0.013774583333333368
2015-05-08,9.69936375,9.621969583333334,24,24,0.07739416666666621
2015-05-09,9.884312916666667,9.813090416666666,24,24,0.07122250000000108
2015-05-10,9.850787083333334,9.832222083333333,24,24,0.01856500000000061
2015-05-11,9.342666666666666,9.33628625,24,24,0.006380416666665667
2015-05-12,9.506199583333334,9.516345833333334,24,24,-0.010146250000000023
2015-05-13,10.358986250000001,10.096748333333334,24,24,0.26223791666666685
2015-05-14,10.321415,10.31408125,24,24,0.007333750000000805
2015-05-15,10.37397875,10.344015833333334,24,24,0.029962916666665507
2015-05-16,10.398202083333333,10.3935525,24,24,0.00464958333333243
2015-05-17,10.303395416666667,10.305121666666667,24,24,-0.001726249999999041
2015-05-18,10.40510375,10.405759166666666,24,24,-0.0006554166666656869
2015-05-19,10.503617083333333,10.48692625,24,24,0.016690833333333543
2015-05-20,10.695965416666667,10.69305,24,24,0.00291541666666717
2015-05-21,10.793368333333333,10.786242916666666,24,24,0.007125416666667661
2015-05-22,11.160742083333334,11.143938333333333,24,24,0.016803750000001116
2015-05-23,11.771367916666666,11.664686249999999,24,24,0.10668166666666679
2015-05-24,11.905339166666666,11.87970125,24,24,0.025637916666665816
2015-05-25,12.077529583333334,12.060390416666667,24,24,0.017139166666666483
2015-05-26,12.37052125,12.362110416666667,24,24,0.00841083333333259
2015-05-27,12.296653333333333,12.299592916666667,24,24,-0.0029395833333332178
2015-05-28,11.992089583333334,11.964864166666667,24,24,0.027225416666667
2015-05-29,12.247277083333334,12.18328375,24,24,0.06399333333333423
2015-05-30,12.313218333333333,12.31493625,24,24,-0.0017179166666672074
2015-05-31,12.442994166666667,12.435504583333334,24,24,0.007489583333333272
2015-06-01,11.955835,11.975630833333334,24,24,-0.019795833333333235
2015-06-02,11.716289166666666,11.714684166666666,24,24,0.0016049999999996345
2015-06-03,12.092945,12.078138333333333,24,24,0.014806666666666857
2015-06-04,12.6104525,12.451244166666667,24,24,0.15920833333333206
2015-06-05,12.859104583333334,12.7219275,24,24,0.13717708333333434
2015-06-06,12.000660833333333,11.986737916666666,24,24,0.013922916666667007
2015-06-07,12.546184166666666,12.540171666666668,24,24,0.006012499999998866
2015-06-08,12.922809583333333,12.829934583333333,24,24,0.09287499999999937
2015-06-09,13.37181125,13.01851,24,24,0.35330125000000123
2015-06-10,14.286877083333334,13.42122375,24,24,0.8656533333333343
2015-06-11,15.6634,14.55702375,24,24,1.1063762499999985
2015-06-12,16.47244375,14.8219775,24,24,1.650466250000001
2015-06-13,16.74293833333333,15.691283333333333,24,24,1.0516549999999985
2015-06-14,15.369370833333333,15.2410625,24,24,0.12830833333333302
2015-06-15,15.183896666666666,15.13679625,24,24,0.04710041666666598
2015-06-16,15.33551375,15.284354166666667,24,24,0.051159583333333813
2015-06-17,15.087842916666666,15.0622175,24,24,0.025625416666667178
2015-06-18,15.047442083333333,15.056184166666666,24,24,-0.008742083333332928
2015-06-19,14.797577083333334,14.801907083333333,24,24,-0.004329999999999501
2015-06-20,14.953685,14.844999166666666,24,24,0.10868583333333426
2015-06-21,14.897910416666667,14.8954425,24,24,0.002467916666667236
2015-06-22,14.96383375,14.968270833333333,24,24,-0.004437083333334257
2015-06-23,15.394134583333333,15.27754125,24,24,0.11659333333333244
2015-06-24,15.31686875,15.314556666666666,24,24,0.0023120833333329927
2015-06-25,15.361120416666667,15.31782375,24,24,0.04329666666666654
2015-06-26,15.456879583333333,15.422855,24,24,0.03402458333333236
2015-06-27,15.629707916666666,15.616055833333334,24,24,0.013652083333331788
2015-06-28,15.648085833333333,15.617964166666667,24,24,0.030121666666666158
2015-06-29,15.975746666666666,15.959948333333333,24,24,0.015798333333332693
2015-06-30,17.167974166666667,16.637643333333333,24,24,0.5303308333333341
2015-07-01,18.200443333333332,17.7518525,24,24,0.44859083333333416
2015-07-02,17.788011666666666,17.66448541666667,24,24,0.12352624999999762
2015-07-03,18.10115625,17.681877916666668,24,24,0.419278333333331
2015-07-04,17.978491666666667,17.925343333333334,24,24,0.05314833333333269
2015-07-05,17.387286666666668,17.345530416666666,24,24,0.04175625000000238
2015-07-06,17.065182916666668,17.08280583333333,24,24,-0.017622916666663713
2015-07-07,16.701301666666666,16.691714166666667,24,24,0.009587499999998528
2015-07-08,16.985551666666666,16.94450625,24,24,0.04104541666666606
2015-07-09,17.233785833333332,17.216116666666668,24,24,0.017669166666664182
2015-07-10,17.534435416666668,17.421205,24,24,0.11323041666666711
2015-07-11,17.541921249999998,17.509407083333333,24,24,0.03251416666666529
2015-07-12,17.29195125,17.249901666666666,24,24,0.042049583333334084
2015-07-13,17.570995833333335,17.566814583333333,24,24,0.004181250000002024
2015-07-14,17.723931666666665,17.699928333333332,24,24,0.024003333333332932
2015-07-15,18.169594583333332,18.118417083333334,24,24,0.05117749999999788
2015-07-16,18.437949583333335,18.41695125,24,24,0.020998333333334784
2015-07-17,17.804645416666666,17.7958475,24,24,0.008797916666665628
2015-07-18,17.009784166666666,17.010242083333335,24,24,-0.0004579166666687229
2015-07-19,16.90697,16.909924583333332,24,24,-0.0029545833333308735
2015-07-20,16.9393425,16.937224999999998,24,24,0.0021175000000006605
2015-07-21,16.712165,16.696223333333332,24,24,0.01594166666666652
2015-07-22,16.6715475,16.6652025,24,24,0.006344999999999601
2015-07-23,16.655123333333332,16.663797916666667,24,24,-0.008674583333334596
2015-07-24,16.800539999999998,16.77800625,24,24,0.022533749999997355
2015-07-25,16.9677075,16.939626666666665,24,24,0.028080833333334
2015-07-26,16.911245416666667,16.9243325,24,24,-0.013087083333331861
